solid OpenSCAD_Model
  facet normal 0.9951847266721973 0 -0.09801714032955659
    outer loop
      vertex -34.4 -45 23
      vertex -34.315455233774216 -46.3 23.858397416870964
      vertex -34.4 -46.3 23
    endloop
  endfacet
  facet normal 0.9951847266721973 0 0.09801714032955659
    outer loop
      vertex -34.4 -45 23
      vertex -34.4 -46.3 23
      vertex -34.315455233774216 -41.699999999999996 22.141602583129036
    endloop
  endfacet
  facet normal 0.9951847266721973 0 0.0980171403295566
    outer loop
      vertex -34.4 -45 23
      vertex -34.315455233774216 -41.699999999999996 22.141602583129036
      vertex -34.4 -41.7 23
    endloop
  endfacet
  facet normal 0.4713967368259965 0 0.8819212643483557
    outer loop
      vertex -31.683807102406394 -41.699999999999996 18.93493005695034
      vertex -32.44450902528625 -46.3 19.3415337058688
      vertex -31.683807102406394 -46.3 18.93493005695034
    endloop
  endfacet
  facet normal 0.6343932841636447 0 0.7730104533627377
    outer loop
      vertex -32.44450902528625 -41.699999999999996 19.3415337058688
      vertex -33.11126983722081 -46.3 19.88873016277919
      vertex -32.44450902528625 -46.3 19.3415337058688
    endloop
  endfacet
  facet normal 0.7730104533627357 0 0.634393284163647
    outer loop
      vertex -33.11126983722081 -41.699999999999996 19.88873016277919
      vertex -33.6584662941312 -46.3 20.55549097471375
      vertex -33.11126983722081 -46.3 19.88873016277919
    endloop
  endfacet
  facet normal 0.8819212643483557 0 0.4713967368259965
    outer loop
      vertex -33.6584662941312 -41.699999999999996 20.55549097471375
      vertex -34.065069943049664 -46.3 21.316192897593606
      vertex -33.6584662941312 -46.3 20.55549097471375
    endloop
  endfacet
  facet normal 0.6343932841636447 0 0.7730104533627377
    outer loop
      vertex -33.11126983722081 -41.699999999999996 19.88873016277919
      vertex -33.11126983722081 -46.3 19.88873016277919
      vertex -32.44450902528625 -41.699999999999996 19.3415337058688
    endloop
  endfacet
  facet normal 0.4713967368259965 0 0.8819212643483557
    outer loop
      vertex -32.44450902528625 -41.699999999999996 19.3415337058688
      vertex -32.44450902528625 -46.3 19.3415337058688
      vertex -31.683807102406394 -41.699999999999996 18.93493005695034
    endloop
  endfacet
  facet normal 0.7730104533627357 0 0.634393284163647
    outer loop
      vertex -33.11126983722081 -41.699999999999996 19.88873016277919
      vertex -33.6584662941312 -41.699999999999996 20.55549097471375
      vertex -33.6584662941312 -46.3 20.55549097471375
    endloop
  endfacet
  facet normal 0.2902846772544657 0 0.9569403357322077
    outer loop
      vertex -30.858397416870964 -41.699999999999996 18.684544766225784
      vertex -31.683807102406394 -46.3 18.93493005695034
      vertex -30.858397416870964 -46.3 18.684544766225784
    endloop
  endfacet
  facet normal 0.09801714032955659 0 0.9951847266721972
    outer loop
      vertex -30 -41.699999999999996 18.6
      vertex -30.858397416870964 -46.3 18.684544766225784
      vertex -30 -46.3 18.6
    endloop
  endfacet
  facet normal -0.09801714032955659 0 0.9951847266721972
    outer loop
      vertex -29.141602583129036 -41.699999999999996 18.684544766225784
      vertex -30 -46.3 18.6
      vertex -29.141602583129036 -46.3 18.684544766225784
    endloop
  endfacet
  facet normal 0.2902846772544657 0 0.9569403357322077
    outer loop
      vertex -31.683807102406394 -41.699999999999996 18.93493005695034
      vertex -31.683807102406394 -46.3 18.93493005695034
      vertex -30.858397416870964 -41.699999999999996 18.684544766225784
    endloop
  endfacet
  facet normal 0.09801714032955659 0 0.9951847266721972
    outer loop
      vertex -30.858397416870964 -41.699999999999996 18.684544766225784
      vertex -30.858397416870964 -46.3 18.684544766225784
      vertex -30 -41.699999999999996 18.6
    endloop
  endfacet
  facet normal 0 -1 0
    outer loop
      vertex -32.44450902528625 -41.699999999999996 19.3415337058688
      vertex -31.683807102406394 -41.699999999999996 18.93493005695034
      vertex -28.316192897593606 -41.699999999999996 18.93493005695034
    endloop
  endfacet
  facet normal 0 -1 0
    outer loop
      vertex -31.683807102406394 -41.699999999999996 18.93493005695034
      vertex -30.858397416870964 -41.699999999999996 18.684544766225784
      vertex -29.141602583129036 -41.699999999999996 18.684544766225784
    endloop
  endfacet
  facet normal 0 -1 0
    outer loop
      vertex -33.11126983722081 -41.699999999999996 19.88873016277919
      vertex -32.44450902528625 -41.699999999999996 19.3415337058688
      vertex -27.55549097471375 -41.699999999999996 19.3415337058688
    endloop
  endfacet
  facet normal -0.09801714032955659 0 0.9951847266721972
    outer loop
      vertex -30 -41.699999999999996 18.6
      vertex -30 -46.3 18.6
      vertex -29.141602583129036 -41.699999999999996 18.684544766225784
    endloop
  endfacet
  facet normal -0.2902846772544657 0 0.9569403357322077
    outer loop
      vertex -29.141602583129036 -41.699999999999996 18.684544766225784
      vertex -29.141602583129036 -46.3 18.684544766225784
      vertex -28.316192897593606 -41.699999999999996 18.93493005695034
    endloop
  endfacet
  facet normal 0 -1 0
    outer loop
      vertex -30.858397416870964 -41.699999999999996 18.684544766225784
      vertex -30 -41.699999999999996 18.6
      vertex -29.141602583129036 -41.699999999999996 18.684544766225784
    endloop
  endfacet
  facet normal 0 -1 0
    outer loop
      vertex -31.683807102406394 -41.699999999999996 18.93493005695034
      vertex -29.141602583129036 -41.699999999999996 18.684544766225784
      vertex -28.316192897593606 -41.699999999999996 18.93493005695034
    endloop
  endfacet
  facet normal 0 -1 0
    outer loop
      vertex -32.44450902528625 -41.699999999999996 19.3415337058688
      vertex -28.316192897593606 -41.699999999999996 18.93493005695034
      vertex -27.55549097471375 -41.699999999999996 19.3415337058688
    endloop
  endfacet
  facet normal 0 -1 0
    outer loop
      vertex -33.11126983722081 -41.699999999999996 19.88873016277919
      vertex -27.55549097471375 -41.699999999999996 19.3415337058688
      vertex -26.88873016277919 -41.699999999999996 19.88873016277919
    endloop
  endfacet
  facet normal 0 -1 0
    outer loop
      vertex -33.11126983722081 -41.699999999999996 19.88873016277919
      vertex -26.88873016277919 -41.699999999999996 19.88873016277919
      vertex -33.6584662941312 -41.699999999999996 20.55549097471375
    endloop
  endfacet
  facet normal 0 -1 0
    outer loop
      vertex -33.6584662941312 -41.699999999999996 20.55549097471375
      vertex -26.3415337058688 -41.699999999999996 20.55549097471375
      vertex -34.065069943049664 -41.699999999999996 21.316192897593606
    endloop
  endfacet
  facet normal 0 -1 0
    outer loop
      vertex -33.6584662941312 -41.699999999999996 20.55549097471375
      vertex -26.88873016277919 -41.699999999999996 19.88873016277919
      vertex -26.3415337058688 -41.699999999999996 20.55549097471375
    endloop
  endfacet
  facet normal -0.2902846772544657 0 0.9569403357322077
    outer loop
      vertex -28.316192897593606 -41.699999999999996 18.93493005695034
      vertex -29.141602583129036 -46.3 18.684544766225784
      vertex -28.316192897593606 -46.3 18.93493005695034
    endloop
  endfacet
  facet normal -0.4713967368259965 0 0.8819212643483557
    outer loop
      vertex -27.55549097471375 -41.699999999999996 19.3415337058688
      vertex -28.316192897593606 -46.3 18.93493005695034
      vertex -27.55549097471375 -46.3 19.3415337058688
    endloop
  endfacet
  facet normal -0.6343932841636447 0 0.7730104533627377
    outer loop
      vertex -26.88873016277919 -41.699999999999996 19.88873016277919
      vertex -27.55549097471375 -46.3 19.3415337058688
      vertex -26.88873016277919 -46.3 19.88873016277919
    endloop
  endfacet
  facet normal -0.7730104533627377 0 0.6343932841636447
    outer loop
      vertex -26.3415337058688 -41.699999999999996 20.55549097471375
      vertex -26.88873016277919 -46.3 19.88873016277919
      vertex -26.3415337058688 -46.3 20.55549097471375
    endloop
  endfacet
  facet normal -0.4713967368259965 0 0.8819212643483557
    outer loop
      vertex -28.316192897593606 -41.699999999999996 18.93493005695034
      vertex -28.316192897593606 -46.3 18.93493005695034
      vertex -27.55549097471375 -41.699999999999996 19.3415337058688
    endloop
  endfacet
  facet normal -0.6343932841636447 0 0.7730104533627377
    outer loop
      vertex -27.55549097471375 -41.699999999999996 19.3415337058688
      vertex -27.55549097471375 -46.3 19.3415337058688
      vertex -26.88873016277919 -41.699999999999996 19.88873016277919
    endloop
  endfacet
  facet normal -0.7730104533627377 0 0.6343932841636447
    outer loop
      vertex -26.88873016277919 -41.699999999999996 19.88873016277919
      vertex -26.88873016277919 -46.3 19.88873016277919
      vertex -26.3415337058688 -41.699999999999996 20.55549097471375
    endloop
  endfacet
  facet normal -0.8819212643483557 0 0.4713967368259965
    outer loop
      vertex -26.3415337058688 -41.699999999999996 20.55549097471375
      vertex -26.3415337058688 -46.3 20.55549097471375
      vertex -25.93493005695034 -41.699999999999996 21.316192897593606
    endloop
  endfacet
  facet normal 0.9569403357322089 0 0.29028467725446194
    outer loop
      vertex -34.065069943049664 -41.699999999999996 21.316192897593606
      vertex -34.315455233774216 -46.3 22.141602583129036
      vertex -34.065069943049664 -46.3 21.316192897593606
    endloop
  endfacet
  facet normal 0.9951847266721972 0 0.09801714032955659
    outer loop
      vertex -34.315455233774216 -41.699999999999996 22.141602583129036
      vertex -34.4 -46.3 23
      vertex -34.315455233774216 -46.3 22.141602583129036
    endloop
  endfacet
  facet normal 0.8819212643483557 0 0.4713967368259965
    outer loop
      vertex -33.6584662941312 -41.699999999999996 20.55549097471375
      vertex -34.065069943049664 -41.699999999999996 21.316192897593606
      vertex -34.065069943049664 -46.3 21.316192897593606
    endloop
  endfacet
  facet normal 0.9569403357322089 0 0.29028467725446194
    outer loop
      vertex -34.065069943049664 -41.699999999999996 21.316192897593606
      vertex -34.315455233774216 -41.699999999999996 22.141602583129036
      vertex -34.315455233774216 -46.3 22.141602583129036
    endloop
  endfacet
  facet normal 0 -1 0
    outer loop
      vertex -34.065069943049664 -41.699999999999996 21.316192897593606
      vertex -25.93493005695034 -41.699999999999996 21.316192897593606
      vertex -34.315455233774216 -41.699999999999996 22.141602583129036
    endloop
  endfacet
  facet normal 0 -1 0
    outer loop
      vertex -34.065069943049664 -41.699999999999996 21.316192897593606
      vertex -26.3415337058688 -41.699999999999996 20.55549097471375
      vertex -25.93493005695034 -41.699999999999996 21.316192897593606
    endloop
  endfacet
  facet normal 0 -1 0
    outer loop
      vertex -34.315455233774216 -41.699999999999996 22.141602583129036
      vertex -25.93493005695034 -41.699999999999996 21.316192897593606
      vertex -25.684544766225784 -41.699999999999996 22.141602583129036
    endloop
  endfacet
  facet normal 0 -1 -8.277549789818507e-15
    outer loop
      vertex -34.4 -41.7 23
      vertex -34.315455233774216 -41.699999999999996 22.141602583129036
      vertex -25.684544766225784 -41.699999999999996 22.141602583129036
    endloop
  endfacet
  facet normal 0 -1 0
    outer loop
      vertex -34.4 -41.7 23
      vertex -25.6 -41.7 23
      vertex -34.315455233774216 -41.7 23.858397416870964
    endloop
  endfacet
  facet normal 0.9951847266721973 0 -0.09801714032955659
    outer loop
      vertex -34.4 -45 23
      vertex -34.315455233774216 -45 23.858397416870964
      vertex -34.315455233774216 -46.3 23.858397416870964
    endloop
  endfacet
  facet normal 0.9569403357322089 0 -0.29028467725446194
    outer loop
      vertex -34.315455233774216 -45 23.858397416870964
      vertex -34.065069943049664 -46.3 24.683807102406394
      vertex -34.315455233774216 -46.3 23.858397416870964
    endloop
  endfacet
  facet normal 0.9569403357322089 0 -0.29028467725446194
    outer loop
      vertex -34.315455233774216 -45 23.858397416870964
      vertex -34.065069943049664 -45 24.683807102406394
      vertex -34.065069943049664 -46.3 24.683807102406394
    endloop
  endfacet
  facet normal 0.8819212643483557 0 -0.4713967368259965
    outer loop
      vertex -34.065069943049664 -45 24.683807102406394
      vertex -33.6584662941312 -46.3 25.44450902528625
      vertex -34.065069943049664 -46.3 24.683807102406394
    endloop
  endfacet
  facet normal 0.8819212643483557 0 -0.4713967368259965
    outer loop
      vertex -34.065069943049664 -45 24.683807102406394
      vertex -33.6584662941312 -45 25.44450902528625
      vertex -33.6584662941312 -46.3 25.44450902528625
    endloop
  endfacet
  facet normal 0.7730104533627357 0 -0.6343932841636472
    outer loop
      vertex -33.6584662941312 -45 25.44450902528625
      vertex -33.11126983722081 -46.3 26.11126983722081
      vertex -33.6584662941312 -46.3 25.44450902528625
    endloop
  endfacet
  facet normal 0.7730104533627357 0 -0.6343932841636472
    outer loop
      vertex -33.6584662941312 -45 25.44450902528625
      vertex -33.11126983722081 -45 26.11126983722081
      vertex -33.11126983722081 -46.3 26.11126983722081
    endloop
  endfacet
  facet normal 0 -1 0
    outer loop
      vertex -34.315455233774216 -41.7 23.858397416870964
      vertex -25.684544766225784 -41.7 23.858397416870964
      vertex -34.065069943049664 -41.7 24.683807102406394
    endloop
  endfacet
  facet normal 0 -1 0
    outer loop
      vertex -34.065069943049664 -41.7 24.683807102406394
      vertex -25.93493005695034 -41.7 24.683807102406394
      vertex -33.6584662941312 -41.7 25.44450902528625
    endloop
  endfacet
  facet normal 0 -1 0
    outer loop
      vertex -33.6584662941312 -41.7 25.44450902528625
      vertex -26.3415337058688 -41.7 25.44450902528625
      vertex -33.11126983722081 -41.7 26.11126983722081
    endloop
  endfacet
  facet normal 0 -1 0
    outer loop
      vertex -33.6584662941312 -41.7 25.44450902528625
      vertex -25.93493005695034 -41.7 24.683807102406394
      vertex -26.3415337058688 -41.7 25.44450902528625
    endloop
  endfacet
  facet normal 0 -1 0
    outer loop
      vertex -33.11126983722081 -41.7 26.11126983722081
      vertex -26.3415337058688 -41.7 25.44450902528625
      vertex -26.88873016277919 -41.7 26.11126983722081
    endloop
  endfacet
  facet normal -0.8819212643483557 0 0.4713967368259965
    outer loop
      vertex -25.93493005695034 -41.699999999999996 21.316192897593606
      vertex -26.3415337058688 -46.3 20.55549097471375
      vertex -25.93493005695034 -46.3 21.316192897593606
    endloop
  endfacet
  facet normal -0.9569403357322077 0 0.2902846772544657
    outer loop
      vertex -25.684544766225784 -41.699999999999996 22.141602583129036
      vertex -25.93493005695034 -46.3 21.316192897593606
      vertex -25.684544766225784 -46.3 22.141602583129036
    endloop
  endfacet
  facet normal -0.9569403357322077 0 0.2902846772544657
    outer loop
      vertex -25.93493005695034 -41.699999999999996 21.316192897593606
      vertex -25.93493005695034 -46.3 21.316192897593606
      vertex -25.684544766225784 -41.699999999999996 22.141602583129036
    endloop
  endfacet
  facet normal 0 -1 -8.277549789818507e-15
    outer loop
      vertex -34.4 -41.7 23
      vertex -25.684544766225784 -41.699999999999996 22.141602583129036
      vertex -25.6 -41.7 23
    endloop
  endfacet
  facet normal -0.9951847266721973 0 0.09801714032955659
    outer loop
      vertex -25.6 -45 23
      vertex -25.684544766225784 -46.3 22.141602583129036
      vertex -25.6 -46.3 23
    endloop
  endfacet
  facet normal -0.9951847266721973 0 -0.09801714032955659
    outer loop
      vertex -25.6 -45 23
      vertex -25.6 -46.3 23
      vertex -25.684544766225784 -45 23.858397416870964
    endloop
  endfacet
  facet normal -0.9951847266721972 0 0.09801714032955659
    outer loop
      vertex -25.6 -45 23
      vertex -25.684544766225784 -41.699999999999996 22.141602583129036
      vertex -25.684544766225784 -46.3 22.141602583129036
    endloop
  endfacet
  facet normal -0.9951847266721973 0 0.0980171403295566
    outer loop
      vertex -25.6 -45 23
      vertex -25.6 -41.7 23
      vertex -25.684544766225784 -41.699999999999996 22.141602583129036
    endloop
  endfacet
  facet normal -0.9569403357322078 0 -0.2902846772544657
    outer loop
      vertex -25.93493005695034 -45 24.683807102406394
      vertex -25.684544766225784 -46.3 23.858397416870964
      vertex -25.93493005695034 -46.3 24.683807102406394
    endloop
  endfacet
  facet normal -0.9569403357322078 0 -0.2902846772544657
    outer loop
      vertex -25.93493005695034 -45 24.683807102406394
      vertex -25.684544766225784 -45 23.858397416870964
      vertex -25.684544766225784 -46.3 23.858397416870964
    endloop
  endfacet
  facet normal -0.8819212643483557 0 -0.4713967368259965
    outer loop
      vertex -26.3415337058688 -45 25.44450902528625
      vertex -25.93493005695034 -46.3 24.683807102406394
      vertex -26.3415337058688 -46.3 25.44450902528625
    endloop
  endfacet
  facet normal -0.8819212643483557 0 -0.4713967368259965
    outer loop
      vertex -26.3415337058688 -45 25.44450902528625
      vertex -25.93493005695034 -45 24.683807102406394
      vertex -25.93493005695034 -46.3 24.683807102406394
    endloop
  endfacet
  facet normal -0.7730104533627377 0 -0.6343932841636446
    outer loop
      vertex -26.88873016277919 -45 26.11126983722081
      vertex -26.3415337058688 -46.3 25.44450902528625
      vertex -26.88873016277919 -46.3 26.11126983722081
    endloop
  endfacet
  facet normal -0.7730104533627377 0 -0.6343932841636446
    outer loop
      vertex -26.3415337058688 -45 25.44450902528625
      vertex -26.3415337058688 -46.3 25.44450902528625
      vertex -26.88873016277919 -45 26.11126983722081
    endloop
  endfacet
  facet normal 0 -1 0
    outer loop
      vertex -34.315455233774216 -41.7 23.858397416870964
      vertex -25.6 -41.7 23
      vertex -25.684544766225784 -41.7 23.858397416870964
    endloop
  endfacet
  facet normal 0 -1 0
    outer loop
      vertex -34.065069943049664 -41.7 24.683807102406394
      vertex -25.684544766225784 -41.7 23.858397416870964
      vertex -25.93493005695034 -41.7 24.683807102406394
    endloop
  endfacet
  facet normal -0.9951847266721973 0 -0.09801714032955659
    outer loop
      vertex -25.684544766225784 -45 23.858397416870964
      vertex -25.6 -46.3 23
      vertex -25.684544766225784 -46.3 23.858397416870964
    endloop
  endfacet
  facet normal 0.6343932841636446 0 -0.7730104533627377
    outer loop
      vertex -33.11126983722081 -45 26.11126983722081
      vertex -32.44450902528625 -46.3 26.6584662941312
      vertex -33.11126983722081 -46.3 26.11126983722081
    endloop
  endfacet
  facet normal 0.6343932841636446 0 -0.7730104533627377
    outer loop
      vertex -33.11126983722081 -45 26.11126983722081
      vertex -32.44450902528625 -45 26.6584662941312
      vertex -32.44450902528625 -46.3 26.6584662941312
    endloop
  endfacet
  facet normal 0.4713967368260012 0 -0.8819212643483533
    outer loop
      vertex -32.44450902528625 -45 26.6584662941312
      vertex -32.2 -46.3 26.789159090987173
      vertex -32.44450902528625 -46.3 26.6584662941312
    endloop
  endfacet
  facet normal 0.4713967368260012 0 -0.8819212643483533
    outer loop
      vertex -32.44450902528625 -45 26.6584662941312
      vertex -32.2 -45 26.789159090987173
      vertex -32.2 -46.3 26.789159090987173
    endloop
  endfacet
  facet normal 0 -1 0
    outer loop
      vertex -32.44450902528625 -41.699999999999996 26.6584662941312
      vertex -32.2 -41.699999999999996 26.711898834640202
      vertex -32.34283522318685 -41.699999999999996 26.71281207358778
    endloop
  endfacet
  facet normal -6.9623906345812e-15 -1 3.1860123653238896e-14
    outer loop
      vertex -32.44450902528625 -41.699999999999996 26.6584662941312
      vertex -31.02976779011549 -41.7 26.744610145874496
      vertex -32.2 -41.699999999999996 26.711898834640202
    endloop
  endfacet
  facet normal 0 -1 1.2985148693615581e-14
    outer loop
      vertex -33.11126983722081 -41.7 26.11126983722081
      vertex -26.88873016277919 -41.7 26.11126983722081
      vertex -32.44450902528625 -41.699999999999996 26.6584662941312
    endloop
  endfacet
  facet normal -1.453344472059979e-15 -1 -5.861498994863677e-14
    outer loop
      vertex -32.44450902528625 -41.699999999999996 26.6584662941312
      vertex -27.55549097471375 -41.7 26.6584662941312
      vertex -31.02976779011549 -41.7 26.744610145874496
    endloop
  endfacet
  facet normal -1.4533444720599792e-15 -1 -1.7709053630988847e-15
    outer loop
      vertex -32.44450902528625 -41.699999999999996 26.6584662941312
      vertex -26.88873016277919 -41.7 26.11126983722081
      vertex -27.55549097471375 -41.7 26.6584662941312
    endloop
  endfacet
  facet normal 0 -1 0
    outer loop
      vertex -31.02976779011549 -41.7 26.744610145874496
      vertex -27.55549097471375 -41.7 26.6584662941312
      vertex -30.836858055485976 -41.7 26.981652742846457
    endloop
  endfacet
  facet normal 0 -1 0
    outer loop
      vertex -30.836858055485976 -41.7 26.981652742846457
      vertex -27.55549097471375 -41.7 26.6584662941312
      vertex -29.965541288422735 -41.7 26.93734779713224
    endloop
  endfacet
  facet normal -0.6343932841636446 0 -0.7730104533627377
    outer loop
      vertex -27.55549097471375 -45 26.6584662941312
      vertex -26.88873016277919 -46.3 26.11126983722081
      vertex -27.55549097471375 -46.3 26.6584662941312
    endloop
  endfacet
  facet normal -0.4713967368260005 -2.410164414981104e-15 -0.8819212643483535
    outer loop
      vertex -27.800000000000004 -45 26.789159090987173
      vertex -27.55549097471375 -46.3 26.6584662941312
      vertex -27.800000000000004 -46.3 26.789159090987177
    endloop
  endfacet
  facet normal -0.47139673682599054 0 -0.8819212643483588
    outer loop
      vertex -27.800000000000004 -45 26.789159090987173
      vertex -27.55549097471375 -45 26.6584662941312
      vertex -27.55549097471375 -46.3 26.6584662941312
    endloop
  endfacet
  facet normal -0.6343932841636446 0 -0.7730104533627377
    outer loop
      vertex -27.55549097471375 -45 26.6584662941312
      vertex -26.88873016277919 -45 26.11126983722081
      vertex -26.88873016277919 -46.3 26.11126983722081
    endloop
  endfacet
  facet normal 0 -1 0
    outer loop
      vertex -29.965541288422735 -41.7 26.93734779713224
      vertex -27.55549097471375 -41.7 26.6584662941312
      vertex -27.800000000000004 -41.7 26.776378767672888
    endloop
  endfacet
  facet normal 0 -1 0
    outer loop
      vertex -27.800000000000004 -41.7 26.776378767672888
      vertex -27.55549097471375 -41.7 26.6584662941312
      vertex -27.77222750337722 -41.7 26.77431438226914
    endloop
  endfacet
  facet normal 1 0 0
    outer loop
      vertex -32.2 -45 26.789159090987173
      vertex -32.2 -46.3 31
      vertex -32.2 -46.3 26.789159090987173
    endloop
  endfacet
  facet normal -1.2512783165095613e-16 -1 -2.837589575687395e-15
    outer loop
      vertex -32.2 -41.699999999999996 26.711898834640202
      vertex -31.22489830945548 -41.7 29.17293656090556
      vertex -32.2 -41.7 29.215935154226603
    endloop
  endfacet
  facet normal -1.9676679899448407e-16 -1 -2.8092050948563976e-15
    outer loop
      vertex -32.2 -41.699999999999996 26.711898834640202
      vertex -31.193921769113924 -41.7 29.1707668529344
      vertex -31.22489830945548 -41.7 29.17293656090556
    endloop
  endfacet
  facet normal 0 -1 0
    outer loop
      vertex -30.836858055485976 -41.7 26.981652742846457
      vertex -29.965541288422735 -41.7 26.93734779713224
      vertex -30.293398807853585 -41.7 27.533452377915605
    endloop
  endfacet
  facet normal -6.072109675833752e-15 -1 1.0729224779576145e-17
    outer loop
      vertex -32.2 -41.699999999999996 26.711898834640202
      vertex -31.02976779011549 -41.7 26.744610145874496
      vertex -31.026020260387995 -41.7 28.86549138252362
    endloop
  endfacet
  facet normal 0 -1 0
    outer loop
      vertex -31.02976779011549 -41.7 26.744610145874496
      vertex -30.836858055485976 -41.7 26.981652742846457
      vertex -31.026020260387995 -41.7 28.86549138252362
    endloop
  endfacet
  facet normal 0 -1 0
    outer loop
      vertex -30.836858055485976 -41.7 26.981652742846457
      vertex -30.293398807853585 -41.7 27.533452377915605
      vertex -31.026020260387995 -41.7 28.86549138252362
    endloop
  endfacet
  facet normal -3.012745813080145e-15 -1 -1.6570101971940816e-15
    outer loop
      vertex -32.2 -41.699999999999996 26.711898834640202
      vertex -31.026020260387995 -41.7 28.86549138252362
      vertex -31.193921769113924 -41.7 29.1707668529344
    endloop
  endfacet
  facet normal 0 -1 0
    outer loop
      vertex -29.965541288422735 -41.7 26.93734779713224
      vertex -27.800000000000004 -41.7 27.533452377915605
      vertex -30.293398807853585 -41.7 27.533452377915605
    endloop
  endfacet
  facet normal 1 0 0
    outer loop
      vertex -32.2 -45 26.789159090987173
      vertex -32.2 -45 30.56239279176475
      vertex -32.2 -46.3 31
    endloop
  endfacet
  facet normal 1 0 0
    outer loop
      vertex -32.2 -45 30.56239279176475
      vertex -32.2 -45 31
      vertex -32.2 -46.3 31
    endloop
  endfacet
  facet normal 0 -1 0
    outer loop
      vertex -32.2 -41.7 29.6376835378639
      vertex -31.807786132508923 -41.7 29.75161222450623
      vertex -32.2 -41.7 31
    endloop
  endfacet
  facet normal 0 -1 0
    outer loop
      vertex -32.2 -41.7 31
      vertex -31.807786132508923 -41.7 29.75161222450623
      vertex -31.510493822168453 -41.7 29.746352403942637
    endloop
  endfacet
  facet normal 0 -1 0
    outer loop
      vertex -31.026020260387995 -41.7 28.86549138252362
      vertex -28.777745487356874 -41.7 29.1707668529344
      vertex -31.193921769113924 -41.7 29.1707668529344
    endloop
  endfacet
  facet normal 0 -1 0
    outer loop
      vertex -31.026020260387995 -41.7 28.86549138252362
      vertex -27.800000000000004 -41.7 28.539509810386516
      vertex -28.777745487356874 -41.7 29.1707668529344
    endloop
  endfacet
  facet normal 0 -1 0
    outer loop
      vertex -32.2 -41.7 31
      vertex -31.510493822168453 -41.7 29.746352403942637
      vertex -27.800000000000004 -41.7 30.999999999999964
    endloop
  endfacet
  facet normal 0 -1 0
    outer loop
      vertex -31.510493822168453 -41.7 29.746352403942637
      vertex -28.444365081389595 -41.7 29.444365081389595
      vertex -27.800000000000004 -41.7 30.999999999999964
    endloop
  endfacet
  facet normal -1 2.3057288329860014e-30 8.437064604355678e-16
    outer loop
      vertex -27.800000000000004 -45 26.789159090987173
      vertex -27.800000000000004 -46.3 26.789159090987177
      vertex -27.8 -45 31
    endloop
  endfacet
  facet normal 0 -1 0
    outer loop
      vertex -29.965541288422735 -41.7 26.93734779713224
      vertex -27.800000000000004 -41.7 26.776378767672888
      vertex -27.800000000000004 -41.7 27.533452377915605
    endloop
  endfacet
  facet normal -1 2.7328566760003914e-15 0
    outer loop
      vertex -27.8 -45 31
      vertex -27.800000000000004 -46.3 26.789159090987177
      vertex -27.800000000000004 -46.3 30.999999999999968
    endloop
  endfacet
  facet normal 0 -1 0
    outer loop
      vertex -28.777745487356874 -41.7 29.1707668529344
      vertex -27.800000000000004 -41.7 28.539509810386516
      vertex -28.444365081389595 -41.7 29.444365081389595
    endloop
  endfacet
  facet normal 0 -1 0
    outer loop
      vertex -27.800000000000004 -41.7 28.539509810386516
      vertex -27.800000000000004 -41.7 30.999999999999964
      vertex -28.444365081389595 -41.7 29.444365081389595
    endloop
  endfacet
  facet normal -4.1518504091360166e-16 -1 -2.3466830957392672e-14
    outer loop
      vertex -31.807786132508923 -41.7 29.75161222450623
      vertex -31.555634918610405 -41.699999999999996 29.444365081389595
      vertex -31.510493822168453 -41.7 29.746352403942637
    endloop
  endfacet
  facet normal 2.0046907133346362e-15 -1 2.8620617880096914e-14
    outer loop
      vertex -31.22489830945548 -41.7 29.17293656090556
      vertex -31.193921769113924 -41.7 29.1707668529344
      vertex -31.555634918610405 -41.699999999999996 29.444365081389595
    endloop
  endfacet
  facet normal 0 -1 2.5970297387230995e-14
    outer loop
      vertex -31.193921769113924 -41.7 29.1707668529344
      vertex -28.777745487356874 -41.7 29.1707668529344
      vertex -31.555634918610405 -41.699999999999996 29.444365081389595
    endloop
  endfacet
  facet normal -2.2837708489945813e-15 -1 -2.318751455609629e-14
    outer loop
      vertex -31.555634918610405 -41.699999999999996 29.444365081389595
      vertex -28.444365081389595 -41.7 29.444365081389595
      vertex -31.510493822168453 -41.7 29.746352403942637
    endloop
  endfacet
  facet normal -2.2837708489945813e-15 -1 2.782782831134931e-15
    outer loop
      vertex -28.777745487356874 -41.7 29.1707668529344
      vertex -28.444365081389595 -41.7 29.444365081389595
      vertex -31.555634918610405 -41.699999999999996 29.444365081389595
    endloop
  endfacet
  facet normal 0.9951847266721965 0 -0.09801714032956475
    outer loop
      vertex -32.2 -45 31
      vertex -32.15772761688711 -46.3 31.429198708435482
      vertex -32.2 -46.3 31
    endloop
  endfacet
  facet normal 0.9569403357322093 0 -0.29028467725446083
    outer loop
      vertex -32.15772761688711 -45 31.429198708435482
      vertex -32.03253497152483 -46.3 31.8419035512032
      vertex -32.15772761688711 -46.3 31.429198708435482
    endloop
  endfacet
  facet normal 0.9951847266721965 0 -0.09801714032956475
    outer loop
      vertex -32.2 -45 31
      vertex -32.15772761688711 -45 31.429198708435482
      vertex -32.15772761688711 -46.3 31.429198708435482
    endloop
  endfacet
  facet normal 0.8819212643483546 0 -0.47139673682599814
    outer loop
      vertex -32.03253497152483 -45 31.8419035512032
      vertex -31.8292331470656 -46.3 32.222254512643126
      vertex -32.03253497152483 -46.3 31.8419035512032
    endloop
  endfacet
  facet normal 0.9569403357322093 0 -0.29028467725446083
    outer loop
      vertex -32.15772761688711 -45 31.429198708435482
      vertex -32.03253497152483 -45 31.8419035512032
      vertex -32.03253497152483 -46.3 31.8419035512032
    endloop
  endfacet
  facet normal 0.8819212643483546 0 -0.47139673682599814
    outer loop
      vertex -32.03253497152483 -45 31.8419035512032
      vertex -31.8292331470656 -45 32.222254512643126
      vertex -31.8292331470656 -46.3 32.222254512643126
    endloop
  endfacet
  facet normal 0.7730104533627323 0 -0.6343932841636511
    outer loop
      vertex -31.8292331470656 -45 32.222254512643126
      vertex -31.555634918610405 -46.3 32.5556349186104
      vertex -31.8292331470656 -46.3 32.222254512643126
    endloop
  endfacet
  facet normal 0.7730104533627323 0 -0.6343932841636511
    outer loop
      vertex -31.8292331470656 -45 32.222254512643126
      vertex -31.555634918610405 -45 32.5556349186104
      vertex -31.555634918610405 -46.3 32.5556349186104
    endloop
  endfacet
  facet normal 0.634393284163652 0 -0.7730104533627317
    outer loop
      vertex -31.555634918610405 -45 32.5556349186104
      vertex -31.222254512643126 -46.3 32.8292331470656
      vertex -31.555634918610405 -46.3 32.5556349186104
    endloop
  endfacet
  facet normal 0.634393284163652 0 -0.7730104533627317
    outer loop
      vertex -31.555634918610405 -45 32.5556349186104
      vertex -31.222254512643126 -45 32.8292331470656
      vertex -31.222254512643126 -46.3 32.8292331470656
    endloop
  endfacet
  facet normal 0.47139673682599814 0 -0.8819212643483546
    outer loop
      vertex -31.222254512643126 -45 32.8292331470656
      vertex -30.8419035512032 -46.3 33.03253497152483
      vertex -31.222254512643126 -46.3 32.8292331470656
    endloop
  endfacet
  facet normal 0.47139673682599814 0 -0.8819212643483546
    outer loop
      vertex -31.222254512643126 -45 32.8292331470656
      vertex -30.8419035512032 -45 33.03253497152483
      vertex -30.8419035512032 -46.3 33.03253497152483
    endloop
  endfacet
  facet normal 0.29028467725446083 0 -0.9569403357322093
    outer loop
      vertex -30.8419035512032 -45 33.03253497152483
      vertex -30.429198708435482 -46.3 33.15772761688711
      vertex -30.8419035512032 -46.3 33.03253497152483
    endloop
  endfacet
  facet normal 0.09801714032956475 0 -0.9951847266721965
    outer loop
      vertex -30.429198708435482 -45 33.15772761688711
      vertex -30 -46.3 33.2
      vertex -30.429198708435482 -46.3 33.15772761688711
    endloop
  endfacet
  facet normal 0.29028467725446083 0 -0.9569403357322093
    outer loop
      vertex -30.8419035512032 -45 33.03253497152483
      vertex -30.429198708435482 -45 33.15772761688711
      vertex -30.429198708435482 -46.3 33.15772761688711
    endloop
  endfacet
  facet normal 0.09801714032956475 0 -0.9951847266721965
    outer loop
      vertex -30.429198708435482 -45 33.15772761688711
      vertex -30 -45 33.2
      vertex -30 -46.3 33.2
    endloop
  endfacet
  facet normal -0.634393284163652 0 -0.7730104533627317
    outer loop
      vertex -28.777745487356874 -45 32.8292331470656
      vertex -28.444365081389595 -46.3 32.5556349186104
      vertex -28.777745487356874 -46.3 32.8292331470656
    endloop
  endfacet
  facet normal -0.09801714032956475 0 -0.9951847266721965
    outer loop
      vertex -30 -45 33.2
      vertex -29.570801291564518 -46.3 33.15772761688711
      vertex -30 -46.3 33.2
    endloop
  endfacet
  facet normal -0.29028467725446083 0 -0.9569403357322093
    outer loop
      vertex -29.570801291564518 -45 33.15772761688711
      vertex -29.1580964487968 -46.3 33.03253497152483
      vertex -29.570801291564518 -46.3 33.15772761688711
    endloop
  endfacet
  facet normal -0.09801714032956475 0 -0.9951847266721965
    outer loop
      vertex -30 -45 33.2
      vertex -29.570801291564518 -45 33.15772761688711
      vertex -29.570801291564518 -46.3 33.15772761688711
    endloop
  endfacet
  facet normal -0.47139673682599814 0 -0.8819212643483546
    outer loop
      vertex -29.1580964487968 -45 33.03253497152483
      vertex -28.777745487356874 -46.3 32.8292331470656
      vertex -29.1580964487968 -46.3 33.03253497152483
    endloop
  endfacet
  facet normal -0.29028467725446083 0 -0.9569403357322093
    outer loop
      vertex -29.570801291564518 -45 33.15772761688711
      vertex -29.1580964487968 -45 33.03253497152483
      vertex -29.1580964487968 -46.3 33.03253497152483
    endloop
  endfacet
  facet normal -0.47139673682599814 0 -0.8819212643483546
    outer loop
      vertex -28.777745487356874 -45 32.8292331470656
      vertex -28.777745487356874 -46.3 32.8292331470656
      vertex -29.1580964487968 -45 33.03253497152483
    endloop
  endfacet
  facet normal 0 -1 0
    outer loop
      vertex -32.2 -41.7 31
      vertex -27.800000000000004 -41.7 30.999999999999964
      vertex -32.15772761688711 -41.7 31.429198708435482
    endloop
  endfacet
  facet normal 0 -1 0
    outer loop
      vertex -32.15772761688711 -41.7 31.429198708435482
      vertex -27.842272383112892 -41.7 31.429198708435482
      vertex -32.03253497152483 -41.7 31.8419035512032
    endloop
  endfacet
  facet normal 0 -1 0
    outer loop
      vertex -32.03253497152483 -41.7 31.8419035512032
      vertex -27.967465028475168 -41.7 31.8419035512032
      vertex -31.8292331470656 -41.7 32.222254512643126
    endloop
  endfacet
  facet normal 0 -1 0
    outer loop
      vertex -32.15772761688711 -41.7 31.429198708435482
      vertex -27.800000000000004 -41.7 30.999999999999964
      vertex -27.842272383112892 -41.7 31.429198708435482
    endloop
  endfacet
  facet normal 0 -1 0
    outer loop
      vertex -32.03253497152483 -41.7 31.8419035512032
      vertex -27.842272383112892 -41.7 31.429198708435482
      vertex -27.967465028475168 -41.7 31.8419035512032
    endloop
  endfacet
  facet normal 0 -1 0
    outer loop
      vertex -31.8292331470656 -41.7 32.222254512643126
      vertex -27.967465028475168 -41.7 31.8419035512032
      vertex -28.1707668529344 -41.7 32.222254512643126
    endloop
  endfacet
  facet normal 0 -1 0
    outer loop
      vertex -31.8292331470656 -41.7 32.222254512643126
      vertex -28.1707668529344 -41.7 32.222254512643126
      vertex -31.555634918610405 -41.7 32.5556349186104
    endloop
  endfacet
  facet normal 0 -1 0
    outer loop
      vertex -31.555634918610405 -41.7 32.5556349186104
      vertex -28.444365081389595 -41.7 32.5556349186104
      vertex -31.222254512643126 -41.7 32.8292331470656
    endloop
  endfacet
  facet normal 0 -1 0
    outer loop
      vertex -31.222254512643126 -41.7 32.8292331470656
      vertex -28.777745487356874 -41.7 32.8292331470656
      vertex -30.8419035512032 -41.7 33.03253497152483
    endloop
  endfacet
  facet normal 0 -1 0
    outer loop
      vertex -30.8419035512032 -41.7 33.03253497152483
      vertex -29.1580964487968 -41.7 33.03253497152483
      vertex -30.429198708435482 -41.7 33.15772761688711
    endloop
  endfacet
  facet normal 0 -1 0
    outer loop
      vertex -31.555634918610405 -41.7 32.5556349186104
      vertex -28.1707668529344 -41.7 32.222254512643126
      vertex -28.444365081389595 -41.7 32.5556349186104
    endloop
  endfacet
  facet normal 0 -1 0
    outer loop
      vertex -31.222254512643126 -41.7 32.8292331470656
      vertex -28.444365081389595 -41.7 32.5556349186104
      vertex -28.777745487356874 -41.7 32.8292331470656
    endloop
  endfacet
  facet normal 0 -1 0
    outer loop
      vertex -30.429198708435482 -41.7 33.15772761688711
      vertex -29.570801291564518 -41.7 33.15772761688711
      vertex -30 -41.7 33.2
    endloop
  endfacet
  facet normal 0 -1 0
    outer loop
      vertex -30.429198708435482 -41.7 33.15772761688711
      vertex -29.1580964487968 -41.7 33.03253497152483
      vertex -29.570801291564518 -41.7 33.15772761688711
    endloop
  endfacet
  facet normal 0 -1 0
    outer loop
      vertex -28.777745487356874 -41.7 32.8292331470656
      vertex -29.1580964487968 -41.7 33.03253497152483
      vertex -30.8419035512032 -41.7 33.03253497152483
    endloop
  endfacet
  facet normal -0.9951847266721988 0 -0.0980171403295412
    outer loop
      vertex -27.842272383112892 -45 31.429198708435482
      vertex -27.800000000000004 -46.3 30.999999999999968
      vertex -27.842272383112892 -46.3 31.429198708435482
    endloop
  endfacet
  facet normal -0.9951847266721973 5.130498390948602e-15 -0.09801714032955659
    outer loop
      vertex -27.8 -45 31
      vertex -27.800000000000004 -46.3 30.999999999999968
      vertex -27.842272383112892 -45 31.429198708435482
    endloop
  endfacet
  facet normal -0.9569403357322093 0 -0.29028467725446083
    outer loop
      vertex -27.842272383112892 -45 31.429198708435482
      vertex -27.842272383112892 -46.3 31.429198708435482
      vertex -27.967465028475168 -45 31.8419035512032
    endloop
  endfacet
  facet normal -0.9569403357322093 0 -0.29028467725446083
    outer loop
      vertex -27.967465028475168 -45 31.8419035512032
      vertex -27.842272383112892 -46.3 31.429198708435482
      vertex -27.967465028475168 -46.3 31.8419035512032
    endloop
  endfacet
  facet normal -0.8819212643483546 0 -0.47139673682599814
    outer loop
      vertex -28.1707668529344 -45 32.222254512643126
      vertex -27.967465028475168 -46.3 31.8419035512032
      vertex -28.1707668529344 -46.3 32.222254512643126
    endloop
  endfacet
  facet normal -0.8819212643483546 0 -0.47139673682599814
    outer loop
      vertex -28.1707668529344 -45 32.222254512643126
      vertex -27.967465028475168 -45 31.8419035512032
      vertex -27.967465028475168 -46.3 31.8419035512032
    endloop
  endfacet
  facet normal -0.7730104533627323 0 -0.6343932841636511
    outer loop
      vertex -28.444365081389595 -45 32.5556349186104
      vertex -28.1707668529344 -46.3 32.222254512643126
      vertex -28.444365081389595 -46.3 32.5556349186104
    endloop
  endfacet
  facet normal -0.7730104533627323 0 -0.6343932841636511
    outer loop
      vertex -28.1707668529344 -45 32.222254512643126
      vertex -28.1707668529344 -46.3 32.222254512643126
      vertex -28.444365081389595 -45 32.5556349186104
    endloop
  endfacet
  facet normal -0.634393284163652 0 -0.7730104533627317
    outer loop
      vertex -28.777745487356874 -45 32.8292331470656
      vertex -28.444365081389595 -45 32.5556349186104
      vertex -28.444365081389595 -46.3 32.5556349186104
    endloop
  endfacet
  facet normal 0 1 0
    outer loop
      vertex -34.8 -45 23
      vertex -34.315455233774216 -45 23.858397416870964
      vertex -34.4 -45 23
    endloop
  endfacet
  facet normal 0 0 1
    outer loop
      vertex -34.8 -45 23
      vertex -34.4 -45 23
      vertex -34.4 -41.7 23
    endloop
  endfacet
  facet normal 0 0 1
    outer loop
      vertex -34.8 -45 23
      vertex -34.4 -41.7 23
      vertex -34.8 -41.7 23
    endloop
  endfacet
  facet normal 0 -1 0
    outer loop
      vertex -34.8 -41.7 23
      vertex -34.4 -41.7 23
      vertex -34.315455233774216 -41.7 23.858397416870964
    endloop
  endfacet
  facet normal 0 1 0
    outer loop
      vertex -34.8 -45 23
      vertex -34.8 -45 31
      vertex -34.315455233774216 -45 23.858397416870964
    endloop
  endfacet
  facet normal 1 0 0
    outer loop
      vertex -34.8 -45 23
      vertex -34.8 -41.7 23
      vertex -34.8 -41.7 31
    endloop
  endfacet
  facet normal 0 -1 0
    outer loop
      vertex -34.8 -41.7 23
      vertex -34.315455233774216 -41.7 23.858397416870964
      vertex -32.795718148463266 -41.7 29.167021081651498
    endloop
  endfacet
  facet normal 0 -1 0
    outer loop
      vertex -34.315455233774216 -41.7 23.858397416870964
      vertex -34.065069943049664 -41.7 24.683807102406394
      vertex -32.795718148463266 -41.7 29.167021081651498
    endloop
  endfacet
  facet normal 0 1 0
    outer loop
      vertex -25.6 -45 23
      vertex -25.684544766225784 -45 23.858397416870964
      vertex -25.199999999999996 -45 23
    endloop
  endfacet
  facet normal 0 0 1
    outer loop
      vertex -25.6 -45 23
      vertex -25.199999999999996 -45 23
      vertex -25.199999999999996 -41.7 23
    endloop
  endfacet
  facet normal 0 0 1
    outer loop
      vertex -25.6 -45 23
      vertex -25.199999999999996 -41.7 23
      vertex -25.6 -41.7 23
    endloop
  endfacet
  facet normal 0 -1 0
    outer loop
      vertex -25.6 -41.7 23
      vertex -25.199999999999996 -41.7 23
      vertex -25.684544766225784 -41.7 23.858397416870964
    endloop
  endfacet
  facet normal 0 1 0
    outer loop
      vertex -25.199999999999996 -45 23
      vertex -25.684544766225784 -45 23.858397416870964
      vertex -27.8 -45 31
    endloop
  endfacet
  facet normal -1 0 -4.440892098500626e-16
    outer loop
      vertex -25.199999999999996 -45 23
      vertex -25.2 -44.99999999999999 31
      vertex -25.199999999999996 -41.7 23
    endloop
  endfacet
  facet normal 0 -1 0
    outer loop
      vertex -25.199999999999996 -41.7 23
      vertex -25.2 -41.7 31
      vertex -25.684544766225784 -41.7 23.858397416870964
    endloop
  endfacet
  facet normal 0 1 0
    outer loop
      vertex -34.315455233774216 -45 23.858397416870964
      vertex -34.8 -45 31
      vertex -34.065069943049664 -45 24.683807102406394
    endloop
  endfacet
  facet normal 1 0 0
    outer loop
      vertex -34.8 -45 23
      vertex -34.8 -41.7 31
      vertex -34.8 -45 31
    endloop
  endfacet
  facet normal 0 -1 0
    outer loop
      vertex -34.8 -41.7 23
      vertex -34.43462175605418 -41.7 29.16311952464757
      vertex -34.8 -41.7 31
    endloop
  endfacet
  facet normal 0 1 0
    outer loop
      vertex -34.065069943049664 -45 24.683807102406394
      vertex -34.8 -45 31
      vertex -33.6584662941312 -45 25.44450902528625
    endloop
  endfacet
  facet normal 0 1 0
    outer loop
      vertex -33.6584662941312 -45 25.44450902528625
      vertex -34.8 -45 31
      vertex -33.11126983722081 -45 26.11126983722081
    endloop
  endfacet
  facet normal 0 1 0
    outer loop
      vertex -33.11126983722081 -45 26.11126983722081
      vertex -34.8 -45 31
      vertex -32.44450902528625 -45 26.6584662941312
    endloop
  endfacet
  facet normal 0 1 0
    outer loop
      vertex -32.44450902528625 -45 26.6584662941312
      vertex -34.8 -45 31
      vertex -32.2 -45 26.789159090987173
    endloop
  endfacet
  facet normal 0 -1 0
    outer loop
      vertex -34.065069943049664 -41.7 24.683807102406394
      vertex -33.6584662941312 -41.7 25.44450902528625
      vertex -32.795718148463266 -41.7 29.167021081651498
    endloop
  endfacet
  facet normal 0 -1 0
    outer loop
      vertex -34.8 -41.7 23
      vertex -32.795718148463266 -41.7 29.167021081651498
      vertex -34.43462175605418 -41.7 29.16311952464757
    endloop
  endfacet
  facet normal 0 -1 0
    outer loop
      vertex -33.6584662941312 -41.7 25.44450902528625
      vertex -33.11126983722081 -41.7 26.11126983722081
      vertex -32.795718148463266 -41.7 29.167021081651498
    endloop
  endfacet
  facet normal 1.1643380881854814e-14 -1 -1.2023519606881833e-15
    outer loop
      vertex -33.11126983722081 -41.7 26.11126983722081
      vertex -32.44450902528625 -41.699999999999996 26.6584662941312
      vertex -32.795718148463266 -41.7 29.167021081651498
    endloop
  endfacet
  facet normal 1.4085814839979526e-15 -1 -2.635270603843333e-15
    outer loop
      vertex -32.44450902528625 -41.699999999999996 26.6584662941312
      vertex -32.34283522318685 -41.699999999999996 26.71281207358778
      vertex -32.795718148463266 -41.7 29.167021081651498
    endloop
  endfacet
  facet normal -1.8142564977626852e-17 -1 -2.837589575687395e-15
    outer loop
      vertex -32.34283522318685 -41.699999999999996 26.71281207358778
      vertex -32.2 -41.699999999999996 26.711898834640202
      vertex -32.2 -41.7 29.215935154226603
    endloop
  endfacet
  facet normal 2.34175046035627e-16 -1 -2.8519875262164007e-15
    outer loop
      vertex -32.34283522318685 -41.699999999999996 26.71281207358778
      vertex -32.2 -41.7 29.215935154226603
      vertex -32.795718148463266 -41.7 29.167021081651498
    endloop
  endfacet
  facet normal 0 1 0
    outer loop
      vertex -32.2 -45 26.789159090987173
      vertex -34.8 -45 31
      vertex -32.2 -45 30.56239279176475
    endloop
  endfacet
  facet normal 0 -1 0
    outer loop
      vertex -34.43462175605418 -41.7 29.16311952464757
      vertex -32.66100404658853 -41.7 29.581526010496823
      vertex -34.8 -41.7 31
    endloop
  endfacet
  facet normal 0 -1 0
    outer loop
      vertex -34.8 -41.7 31
      vertex -32.66100404658853 -41.7 29.581526010496823
      vertex -32.2 -41.7 31
    endloop
  endfacet
  facet normal 0 -1 0
    outer loop
      vertex -32.66100404658853 -41.7 29.581526010496823
      vertex -32.2 -41.7 29.6376835378639
      vertex -32.2 -41.7 31
    endloop
  endfacet
  facet normal 0 1 0
    outer loop
      vertex -25.93493005695034 -45 24.683807102406394
      vertex -27.8 -45 31
      vertex -25.684544766225784 -45 23.858397416870964
    endloop
  endfacet
  facet normal 0 1 0
    outer loop
      vertex -26.3415337058688 -45 25.44450902528625
      vertex -27.8 -45 31
      vertex -25.93493005695034 -45 24.683807102406394
    endloop
  endfacet
  facet normal 0 1 0
    outer loop
      vertex -27.800000000000004 -45 26.789159090987173
      vertex -27.8 -45 31
      vertex -27.55549097471375 -45 26.6584662941312
    endloop
  endfacet
  facet normal 0 1 0
    outer loop
      vertex -27.55549097471375 -45 26.6584662941312
      vertex -27.8 -45 31
      vertex -26.88873016277919 -45 26.11126983722081
    endloop
  endfacet
  facet normal 0 1 0
    outer loop
      vertex -26.3415337058688 -45 25.44450902528625
      vertex -26.88873016277919 -45 26.11126983722081
      vertex -27.8 -45 31
    endloop
  endfacet
  facet normal -2.732856676000384e-15 1 -8.881784197001264e-16
    outer loop
      vertex -25.199999999999996 -45 23
      vertex -27.8 -45 31
      vertex -25.2 -44.99999999999999 31
    endloop
  endfacet
  facet normal 0 -1 0
    outer loop
      vertex -27.800000000000004 -41.7 26.776378767672888
      vertex -27.77222750337722 -41.7 26.77431438226914
      vertex -27.800000000000004 -41.7 27.533452377915605
    endloop
  endfacet
  facet normal 0 -1 0
    outer loop
      vertex -27.77222750337722 -41.7 26.77431438226914
      vertex -27.55549097471375 -41.7 26.6584662941312
      vertex -27.800000000000004 -41.7 27.533452377915605
    endloop
  endfacet
  facet normal 0 -1 0
    outer loop
      vertex -26.3415337058688 -41.7 25.44450902528625
      vertex -25.93493005695034 -41.7 24.683807102406394
      vertex -25.2 -41.7 31
    endloop
  endfacet
  facet normal 0 -1 0
    outer loop
      vertex -26.3415337058688 -41.7 25.44450902528625
      vertex -25.2 -41.7 31
      vertex -26.88873016277919 -41.7 26.11126983722081
    endloop
  endfacet
  facet normal 0 -1 0
    outer loop
      vertex -27.55549097471375 -41.7 26.6584662941312
      vertex -26.88873016277919 -41.7 26.11126983722081
      vertex -25.2 -41.7 31
    endloop
  endfacet
  facet normal 0 -1 0
    outer loop
      vertex -27.55549097471375 -41.7 26.6584662941312
      vertex -25.2 -41.7 31
      vertex -27.800000000000004 -41.7 27.533452377915605
    endloop
  endfacet
  facet normal 0 -1 0
    outer loop
      vertex -25.93493005695034 -41.7 24.683807102406394
      vertex -25.684544766225784 -41.7 23.858397416870964
      vertex -25.2 -41.7 31
    endloop
  endfacet
  facet normal -1 0 -4.440892098500626e-16
    outer loop
      vertex -25.199999999999996 -41.7 23
      vertex -25.2 -44.99999999999999 31
      vertex -25.2 -41.7 31
    endloop
  endfacet
  facet normal 0 -1 0
    outer loop
      vertex -27.800000000000004 -41.7 27.533452377915605
      vertex -25.2 -41.7 31
      vertex -27.800000000000004 -41.7 28.539509810386516
    endloop
  endfacet
  facet normal 0 -1 0
    outer loop
      vertex -27.800000000000004 -41.7 28.539509810386516
      vertex -25.2 -41.7 31
      vertex -27.800000000000004 -41.7 30.999999999999964
    endloop
  endfacet
  facet normal 0.9951847266721969 0 -0.09801714032956056
    outer loop
      vertex -34.8 -45 31
      vertex -34.7077693459355 -41.7 31.936433545677417
      vertex -34.7077693459355 -45 31.936433545677417
    endloop
  endfacet
  facet normal 0.9569403357322099 0 -0.2902846772544592
    outer loop
      vertex -34.7077693459355 -45 31.936433545677417
      vertex -34.43462175605418 -41.7 32.83688047535243
      vertex -34.43462175605418 -45 32.83688047535243
    endloop
  endfacet
  facet normal 0.9951847266721969 0 -0.09801714032956056
    outer loop
      vertex -34.8 -45 31
      vertex -34.8 -41.7 31
      vertex -34.7077693459355 -41.7 31.936433545677417
    endloop
  endfacet
  facet normal 0.9569403357322099 0 -0.2902846772544592
    outer loop
      vertex -34.7077693459355 -45 31.936433545677417
      vertex -34.7077693459355 -41.7 31.936433545677417
      vertex -34.43462175605418 -41.7 32.83688047535243
    endloop
  endfacet
  facet normal 0 -1 0
    outer loop
      vertex -31.026020260387995 -41.7 28.86549138252362
      vertex -30.293398807853585 -41.7 27.533452377915605
      vertex -27.800000000000004 -41.7 27.533452377915605
    endloop
  endfacet
  facet normal 0 -1 0
    outer loop
      vertex -31.026020260387995 -41.7 28.86549138252362
      vertex -27.800000000000004 -41.7 27.533452377915605
      vertex -27.800000000000004 -41.7 28.539509810386516
    endloop
  endfacet
  facet normal 0 1 0
    outer loop
      vertex -34.8 -45 31
      vertex -32.2 -45 31
      vertex -32.2 -45 30.56239279176475
    endloop
  endfacet
  facet normal 0 -1 0
    outer loop
      vertex -34.43462175605418 -41.7 29.16311952464757
      vertex -32.795718148463266 -41.7 29.167021081651498
      vertex -32.2 -41.7 29.215935154226603
    endloop
  endfacet
  facet normal 0 -1 0
    outer loop
      vertex -34.43462175605418 -41.7 29.16311952464757
      vertex -32.2 -41.7 29.6376835378639
      vertex -32.66100404658853 -41.7 29.581526010496823
    endloop
  endfacet
  facet normal -7.877001241238267e-16 -1 3.332747992674593e-14
    outer loop
      vertex -34.43462175605418 -41.7 29.16311952464757
      vertex -32.2 -41.7 29.215935154226603
      vertex -31.555634918610405 -41.699999999999996 29.444365081389595
    endloop
  endfacet
  facet normal 4.570403382927172e-15 -1 -2.152106470150108e-14
    outer loop
      vertex -34.43462175605418 -41.7 29.16311952464757
      vertex -31.555634918610405 -41.699999999999996 29.444365081389595
      vertex -32.2 -41.7 29.6376835378639
    endloop
  endfacet
  facet normal 1.219901604948322e-15 -1 2.766434958468515e-14
    outer loop
      vertex -32.2 -41.7 29.215935154226603
      vertex -31.22489830945548 -41.7 29.17293656090556
      vertex -31.555634918610405 -41.699999999999996 29.444365081389595
    endloop
  endfacet
  facet normal 5.424453122627277e-15 -1 -1.867436377046107e-14
    outer loop
      vertex -32.2 -41.7 29.6376835378639
      vertex -31.555634918610405 -41.699999999999996 29.444365081389595
      vertex -31.807786132508923 -41.7 29.75161222450623
    endloop
  endfacet
  facet normal 0 1 0
    outer loop
      vertex -34.8 -45 31
      vertex -34.7077693459355 -45 31.936433545677417
      vertex -32.2 -45 31
    endloop
  endfacet
  facet normal 0 1 0
    outer loop
      vertex -34.7077693459355 -45 31.936433545677417
      vertex -32.15772761688711 -45 31.429198708435482
      vertex -32.2 -45 31
    endloop
  endfacet
  facet normal 0 1 0
    outer loop
      vertex -34.7077693459355 -45 31.936433545677417
      vertex -34.43462175605418 -45 32.83688047535243
      vertex -32.03253497152483 -45 31.8419035512032
    endloop
  endfacet
  facet normal 0 1 0
    outer loop
      vertex -34.7077693459355 -45 31.936433545677417
      vertex -32.03253497152483 -45 31.8419035512032
      vertex -32.15772761688711 -45 31.429198708435482
    endloop
  endfacet
  facet normal 0.8819212643483546 0 -0.4713967368259984
    outer loop
      vertex -34.43462175605418 -45 32.83688047535243
      vertex -33.99105413905222 -41.7 33.66673711849409
      vertex -33.99105413905222 -45 33.66673711849409
    endloop
  endfacet
  facet normal 0 1 0
    outer loop
      vertex -34.43462175605418 -45 32.83688047535243
      vertex -31.8292331470656 -45 32.222254512643126
      vertex -32.03253497152483 -45 31.8419035512032
    endloop
  endfacet
  facet normal 0 1 0
    outer loop
      vertex -34.43462175605418 -45 32.83688047535243
      vertex -31.555634918610405 -45 32.5556349186104
      vertex -31.8292331470656 -45 32.222254512643126
    endloop
  endfacet
  facet normal 0 1 0
    outer loop
      vertex -34.43462175605418 -45 32.83688047535243
      vertex -31.222254512643126 -45 32.8292331470656
      vertex -31.555634918610405 -45 32.5556349186104
    endloop
  endfacet
  facet normal 0 1 0
    outer loop
      vertex -34.43462175605418 -45 32.83688047535243
      vertex -30.8419035512032 -45 33.03253497152483
      vertex -31.222254512643126 -45 32.8292331470656
    endloop
  endfacet
  facet normal 0 1 0
    outer loop
      vertex -34.43462175605418 -45 32.83688047535243
      vertex -30.429198708435482 -45 33.15772761688711
      vertex -30.8419035512032 -45 33.03253497152483
    endloop
  endfacet
  facet normal 0 1 0
    outer loop
      vertex -34.43462175605418 -45 32.83688047535243
      vertex -30 -45 33.2
      vertex -30.429198708435482 -45 33.15772761688711
    endloop
  endfacet
  facet normal 0 -1 0
    outer loop
      vertex -34.8 -41.7 31
      vertex -32.2 -41.7 31
      vertex -34.7077693459355 -41.7 31.936433545677417
    endloop
  endfacet
  facet normal 0 -1 0
    outer loop
      vertex -34.7077693459355 -41.7 31.936433545677417
      vertex -32.2 -41.7 31
      vertex -32.15772761688711 -41.7 31.429198708435482
    endloop
  endfacet
  facet normal 0 -1 0
    outer loop
      vertex -34.7077693459355 -41.7 31.936433545677417
      vertex -32.15772761688711 -41.7 31.429198708435482
      vertex -32.03253497152483 -41.7 31.8419035512032
    endloop
  endfacet
  facet normal 0 -1 0
    outer loop
      vertex -34.7077693459355 -41.7 31.936433545677417
      vertex -32.03253497152483 -41.7 31.8419035512032
      vertex -31.8292331470656 -41.7 32.222254512643126
    endloop
  endfacet
  facet normal 0.8819212643483546 0 -0.4713967368259984
    outer loop
      vertex -34.43462175605418 -45 32.83688047535243
      vertex -34.43462175605418 -41.7 32.83688047535243
      vertex -33.99105413905222 -41.7 33.66673711849409
    endloop
  endfacet
  facet normal 0 -1 0
    outer loop
      vertex -34.7077693459355 -41.7 31.936433545677417
      vertex -31.8292331470656 -41.7 32.222254512643126
      vertex -34.43462175605418 -41.7 32.83688047535243
    endloop
  endfacet
  facet normal 0 -1 0
    outer loop
      vertex -34.43462175605418 -41.7 32.83688047535243
      vertex -30.8419035512032 -41.7 33.03253497152483
      vertex -33.99105413905222 -41.7 33.66673711849409
    endloop
  endfacet
  facet normal 0 -1 0
    outer loop
      vertex -34.43462175605418 -41.7 32.83688047535243
      vertex -31.8292331470656 -41.7 32.222254512643126
      vertex -31.555634918610405 -41.7 32.5556349186104
    endloop
  endfacet
  facet normal 0 -1 0
    outer loop
      vertex -34.43462175605418 -41.7 32.83688047535243
      vertex -31.555634918610405 -41.7 32.5556349186104
      vertex -31.222254512643126 -41.7 32.8292331470656
    endloop
  endfacet
  facet normal 0 -1 0
    outer loop
      vertex -34.43462175605418 -41.7 32.83688047535243
      vertex -31.222254512643126 -41.7 32.8292331470656
      vertex -30.8419035512032 -41.7 33.03253497152483
    endloop
  endfacet
  facet normal 0 -1 0
    outer loop
      vertex -33.99105413905222 -41.7 33.66673711849409
      vertex -30.8419035512032 -41.7 33.03253497152483
      vertex -30.429198708435482 -41.7 33.15772761688711
    endloop
  endfacet
  facet normal 0 1 0
    outer loop
      vertex -34.43462175605418 -45 32.83688047535243
      vertex -33.99105413905222 -45 33.66673711849409
      vertex -26.008945860947783 -45 33.66673711849409
    endloop
  endfacet
  facet normal 0 1 0
    outer loop
      vertex -34.43462175605418 -45 32.83688047535243
      vertex -26.008945860947783 -45 33.66673711849409
      vertex -30 -45 33.2
    endloop
  endfacet
  facet normal 0 -1 0
    outer loop
      vertex -33.99105413905222 -41.7 33.66673711849409
      vertex -30.429198708435482 -41.7 33.15772761688711
      vertex -30 -41.7 33.2
    endloop
  endfacet
  facet normal 0 -1 0
    outer loop
      vertex -33.99105413905222 -41.7 33.66673711849409
      vertex -30 -41.7 33.2
      vertex -25.565378243945823 -41.7 32.83688047535243
    endloop
  endfacet
  facet normal 0.7730104533627374 0 -0.6343932841636448
    outer loop
      vertex -33.99105413905222 -45 33.66673711849409
      vertex -33.39411254969543 -41.7 34.39411254969543
      vertex -33.39411254969543 -45 34.39411254969543
    endloop
  endfacet
  facet normal 0.6343932841636448 0 -0.7730104533627374
    outer loop
      vertex -33.39411254969543 -45 34.39411254969543
      vertex -33.39411254969543 -41.7 34.39411254969543
      vertex -32.66673711849409 -45 34.99105413905222
    endloop
  endfacet
  facet normal 0.4713967368259984 0 -0.8819212643483546
    outer loop
      vertex -32.66673711849409 -45 34.99105413905222
      vertex -32.66673711849409 -41.7 34.99105413905222
      vertex -31.83688047535243 -45 35.43462175605418
    endloop
  endfacet
  facet normal 0.2902846772544592 0 -0.9569403357322099
    outer loop
      vertex -31.83688047535243 -45 35.43462175605418
      vertex -31.83688047535243 -41.7 35.43462175605418
      vertex -30.936433545677417 -45 35.7077693459355
    endloop
  endfacet
  facet normal 0.7730104533627374 0 -0.6343932841636448
    outer loop
      vertex -33.99105413905222 -45 33.66673711849409
      vertex -33.99105413905222 -41.7 33.66673711849409
      vertex -33.39411254969543 -41.7 34.39411254969543
    endloop
  endfacet
  facet normal 0.6343932841636448 0 -0.7730104533627374
    outer loop
      vertex -32.66673711849409 -45 34.99105413905222
      vertex -33.39411254969543 -41.7 34.39411254969543
      vertex -32.66673711849409 -41.7 34.99105413905222
    endloop
  endfacet
  facet normal 0.4713967368259984 0 -0.8819212643483546
    outer loop
      vertex -31.83688047535243 -45 35.43462175605418
      vertex -32.66673711849409 -41.7 34.99105413905222
      vertex -31.83688047535243 -41.7 35.43462175605418
    endloop
  endfacet
  facet normal 0 1 0
    outer loop
      vertex -33.99105413905222 -45 33.66673711849409
      vertex -33.39411254969543 -45 34.39411254969543
      vertex -26.60588745030457 -45 34.39411254969543
    endloop
  endfacet
  facet normal 0 1 0
    outer loop
      vertex -33.99105413905222 -45 33.66673711849409
      vertex -26.60588745030457 -45 34.39411254969543
      vertex -26.008945860947783 -45 33.66673711849409
    endloop
  endfacet
  facet normal 0 1 0
    outer loop
      vertex -33.39411254969543 -45 34.39411254969543
      vertex -27.33326288150591 -45 34.99105413905222
      vertex -26.60588745030457 -45 34.39411254969543
    endloop
  endfacet
  facet normal 0 1 0
    outer loop
      vertex -33.39411254969543 -45 34.39411254969543
      vertex -32.66673711849409 -45 34.99105413905222
      vertex -27.33326288150591 -45 34.99105413905222
    endloop
  endfacet
  facet normal 0 1 0
    outer loop
      vertex -32.66673711849409 -45 34.99105413905222
      vertex -31.83688047535243 -45 35.43462175605418
      vertex -28.16311952464757 -45 35.43462175605418
    endloop
  endfacet
  facet normal 0 1 0
    outer loop
      vertex -31.83688047535243 -45 35.43462175605418
      vertex -30.936433545677417 -45 35.7077693459355
      vertex -29.063566454322583 -45 35.7077693459355
    endloop
  endfacet
  facet normal 0.09801714032956056 0 -0.9951847266721969
    outer loop
      vertex -30.936433545677417 -45 35.7077693459355
      vertex -30.936433545677417 -41.7 35.7077693459355
      vertex -30 -45 35.8
    endloop
  endfacet
  facet normal 0 1 0
    outer loop
      vertex -32.66673711849409 -45 34.99105413905222
      vertex -28.16311952464757 -45 35.43462175605418
      vertex -27.33326288150591 -45 34.99105413905222
    endloop
  endfacet
  facet normal 0 1 0
    outer loop
      vertex -31.83688047535243 -45 35.43462175605418
      vertex -29.063566454322583 -45 35.7077693459355
      vertex -28.16311952464757 -45 35.43462175605418
    endloop
  endfacet
  facet normal 0 1 0
    outer loop
      vertex -30.936433545677417 -45 35.7077693459355
      vertex -30 -45 35.8
      vertex -29.063566454322583 -45 35.7077693459355
    endloop
  endfacet
  facet normal -0.09801714032956056 0 -0.9951847266721969
    outer loop
      vertex -30 -45 35.8
      vertex -30 -41.7 35.8
      vertex -29.063566454322583 -45 35.7077693459355
    endloop
  endfacet
  facet normal -0.2902846772544592 0 -0.9569403357322099
    outer loop
      vertex -29.063566454322583 -45 35.7077693459355
      vertex -29.063566454322583 -41.7 35.7077693459355
      vertex -28.16311952464757 -45 35.43462175605418
    endloop
  endfacet
  facet normal 0 -1 0
    outer loop
      vertex -33.99105413905222 -41.7 33.66673711849409
      vertex -26.008945860947783 -41.7 33.66673711849409
      vertex -33.39411254969543 -41.7 34.39411254969543
    endloop
  endfacet
  facet normal 0 -1 0
    outer loop
      vertex -33.39411254969543 -41.7 34.39411254969543
      vertex -26.60588745030457 -41.7 34.39411254969543
      vertex -32.66673711849409 -41.7 34.99105413905222
    endloop
  endfacet
  facet normal 0 -1 0
    outer loop
      vertex -33.39411254969543 -41.7 34.39411254969543
      vertex -26.008945860947783 -41.7 33.66673711849409
      vertex -26.60588745030457 -41.7 34.39411254969543
    endloop
  endfacet
  facet normal 0.2902846772544592 0 -0.9569403357322099
    outer loop
      vertex -31.83688047535243 -41.7 35.43462175605418
      vertex -30.936433545677417 -41.7 35.7077693459355
      vertex -30.936433545677417 -45 35.7077693459355
    endloop
  endfacet
  facet normal 0.09801714032956056 0 -0.9951847266721969
    outer loop
      vertex -30 -45 35.8
      vertex -30.936433545677417 -41.7 35.7077693459355
      vertex -30 -41.7 35.8
    endloop
  endfacet
  facet normal 0 -1 0
    outer loop
      vertex -32.66673711849409 -41.7 34.99105413905222
      vertex -27.33326288150591 -41.7 34.99105413905222
      vertex -31.83688047535243 -41.7 35.43462175605418
    endloop
  endfacet
  facet normal 0 -1 0
    outer loop
      vertex -31.83688047535243 -41.7 35.43462175605418
      vertex -28.16311952464757 -41.7 35.43462175605418
      vertex -30.936433545677417 -41.7 35.7077693459355
    endloop
  endfacet
  facet normal -0.09801714032956056 0 -0.9951847266721969
    outer loop
      vertex -29.063566454322583 -45 35.7077693459355
      vertex -30 -41.7 35.8
      vertex -29.063566454322583 -41.7 35.7077693459355
    endloop
  endfacet
  facet normal 0 -1 0
    outer loop
      vertex -32.66673711849409 -41.7 34.99105413905222
      vertex -26.60588745030457 -41.7 34.39411254969543
      vertex -27.33326288150591 -41.7 34.99105413905222
    endloop
  endfacet
  facet normal 0 -1 0
    outer loop
      vertex -31.83688047535243 -41.7 35.43462175605418
      vertex -27.33326288150591 -41.7 34.99105413905222
      vertex -28.16311952464757 -41.7 35.43462175605418
    endloop
  endfacet
  facet normal 0 -1 0
    outer loop
      vertex -30.936433545677417 -41.7 35.7077693459355
      vertex -28.16311952464757 -41.7 35.43462175605418
      vertex -29.063566454322583 -41.7 35.7077693459355
    endloop
  endfacet
  facet normal 0 -1 0
    outer loop
      vertex -30.936433545677417 -41.7 35.7077693459355
      vertex -29.063566454322583 -41.7 35.7077693459355
      vertex -30 -41.7 35.8
    endloop
  endfacet
  facet normal -2.732856676000384e-15 1 -2.6916288919326187e-16
    outer loop
      vertex -27.8 -45 31
      vertex -27.842272383112892 -45 31.429198708435482
      vertex -25.2 -44.99999999999999 31
    endloop
  endfacet
  facet normal -1.4802973661668772e-15 1 7.441957409020598e-15
    outer loop
      vertex -27.842272383112892 -45 31.429198708435482
      vertex -25.292230654064493 -45 31.936433545677417
      vertex -25.2 -44.99999999999999 31
    endloop
  endfacet
  facet normal 0 1 0
    outer loop
      vertex -27.842272383112892 -45 31.429198708435482
      vertex -27.967465028475168 -45 31.8419035512032
      vertex -25.292230654064493 -45 31.936433545677417
    endloop
  endfacet
  facet normal 0 1 0
    outer loop
      vertex -28.1707668529344 -45 32.222254512643126
      vertex -25.292230654064493 -45 31.936433545677417
      vertex -27.967465028475168 -45 31.8419035512032
    endloop
  endfacet
  facet normal 0 1 0
    outer loop
      vertex -28.1707668529344 -45 32.222254512643126
      vertex -28.444365081389595 -45 32.5556349186104
      vertex -25.565378243945823 -45 32.83688047535243
    endloop
  endfacet
  facet normal 0 1 0
    outer loop
      vertex -28.777745487356874 -45 32.8292331470656
      vertex -25.565378243945823 -45 32.83688047535243
      vertex -28.444365081389595 -45 32.5556349186104
    endloop
  endfacet
  facet normal 0 1 0
    outer loop
      vertex -30 -45 33.2
      vertex -26.008945860947783 -45 33.66673711849409
      vertex -29.570801291564518 -45 33.15772761688711
    endloop
  endfacet
  facet normal 0 1 0
    outer loop
      vertex -29.570801291564518 -45 33.15772761688711
      vertex -26.008945860947783 -45 33.66673711849409
      vertex -29.1580964487968 -45 33.03253497152483
    endloop
  endfacet
  facet normal 0 1 0
    outer loop
      vertex -28.777745487356874 -45 32.8292331470656
      vertex -29.1580964487968 -45 33.03253497152483
      vertex -25.565378243945823 -45 32.83688047535243
    endloop
  endfacet
  facet normal 0 1 0
    outer loop
      vertex -28.1707668529344 -45 32.222254512643126
      vertex -25.565378243945823 -45 32.83688047535243
      vertex -25.292230654064493 -45 31.936433545677417
    endloop
  endfacet
  facet normal 0 1 0
    outer loop
      vertex -29.1580964487968 -45 33.03253497152483
      vertex -26.008945860947783 -45 33.66673711849409
      vertex -25.565378243945823 -45 32.83688047535243
    endloop
  endfacet
  facet normal 0 -1 0
    outer loop
      vertex -27.800000000000004 -41.7 30.999999999999964
      vertex -25.292230654064493 -41.7 31.936433545677417
      vertex -27.842272383112892 -41.7 31.429198708435482
    endloop
  endfacet
  facet normal 0 -1 0
    outer loop
      vertex -27.800000000000004 -41.7 30.999999999999964
      vertex -25.2 -41.7 31
      vertex -25.292230654064493 -41.7 31.936433545677417
    endloop
  endfacet
  facet normal 0 -1 0
    outer loop
      vertex -27.842272383112892 -41.7 31.429198708435482
      vertex -25.292230654064493 -41.7 31.936433545677417
      vertex -27.967465028475168 -41.7 31.8419035512032
    endloop
  endfacet
  facet normal 0 -1 0
    outer loop
      vertex -27.967465028475168 -41.7 31.8419035512032
      vertex -25.292230654064493 -41.7 31.936433545677417
      vertex -25.565378243945823 -41.7 32.83688047535243
    endloop
  endfacet
  facet normal 0 -1 0
    outer loop
      vertex -28.1707668529344 -41.7 32.222254512643126
      vertex -27.967465028475168 -41.7 31.8419035512032
      vertex -25.565378243945823 -41.7 32.83688047535243
    endloop
  endfacet
  facet normal 0 -1 0
    outer loop
      vertex -28.1707668529344 -41.7 32.222254512643126
      vertex -25.565378243945823 -41.7 32.83688047535243
      vertex -28.444365081389595 -41.7 32.5556349186104
    endloop
  endfacet
  facet normal 0 -1 0
    outer loop
      vertex -28.777745487356874 -41.7 32.8292331470656
      vertex -28.444365081389595 -41.7 32.5556349186104
      vertex -25.565378243945823 -41.7 32.83688047535243
    endloop
  endfacet
  facet normal 0 -1 0
    outer loop
      vertex -30 -41.7 33.2
      vertex -29.570801291564518 -41.7 33.15772761688711
      vertex -25.565378243945823 -41.7 32.83688047535243
    endloop
  endfacet
  facet normal 0 -1 0
    outer loop
      vertex -29.570801291564518 -41.7 33.15772761688711
      vertex -29.1580964487968 -41.7 33.03253497152483
      vertex -25.565378243945823 -41.7 32.83688047535243
    endloop
  endfacet
  facet normal 0 -1 0
    outer loop
      vertex -33.99105413905222 -41.7 33.66673711849409
      vertex -25.565378243945823 -41.7 32.83688047535243
      vertex -26.008945860947783 -41.7 33.66673711849409
    endloop
  endfacet
  facet normal 0 -1 0
    outer loop
      vertex -28.777745487356874 -41.7 32.8292331470656
      vertex -25.565378243945823 -41.7 32.83688047535243
      vertex -29.1580964487968 -41.7 33.03253497152483
    endloop
  endfacet
  facet normal -0.8819212643483546 0 -0.4713967368259984
    outer loop
      vertex -26.008945860947783 -45 33.66673711849409
      vertex -26.008945860947783 -41.7 33.66673711849409
      vertex -25.565378243945823 -41.7 32.83688047535243
    endloop
  endfacet
  facet normal -0.9951847266721969 0 -0.09801714032956056
    outer loop
      vertex -25.2 -44.99999999999999 31
      vertex -25.292230654064493 -45 31.936433545677417
      vertex -25.2 -41.7 31
    endloop
  endfacet
  facet normal -0.9569403357322088 0 -0.2902846772544626
    outer loop
      vertex -25.292230654064493 -45 31.936433545677417
      vertex -25.565378243945823 -45 32.83688047535243
      vertex -25.292230654064493 -41.7 31.936433545677417
    endloop
  endfacet
  facet normal -0.8819212643483546 0 -0.4713967368259984
    outer loop
      vertex -25.565378243945823 -45 32.83688047535243
      vertex -26.008945860947783 -45 33.66673711849409
      vertex -25.565378243945823 -41.7 32.83688047535243
    endloop
  endfacet
  facet normal -0.9951847266721969 0 -0.09801714032956056
    outer loop
      vertex -25.292230654064493 -45 31.936433545677417
      vertex -25.292230654064493 -41.7 31.936433545677417
      vertex -25.2 -41.7 31
    endloop
  endfacet
  facet normal -0.9569403357322088 0 -0.2902846772544626
    outer loop
      vertex -25.565378243945823 -45 32.83688047535243
      vertex -25.565378243945823 -41.7 32.83688047535243
      vertex -25.292230654064493 -41.7 31.936433545677417
    endloop
  endfacet
  facet normal -0.7730104533627374 0 -0.6343932841636448
    outer loop
      vertex -26.60588745030457 -45 34.39411254969543
      vertex -26.008945860947783 -41.7 33.66673711849409
      vertex -26.008945860947783 -45 33.66673711849409
    endloop
  endfacet
  facet normal -0.4713967368259984 0 -0.8819212643483546
    outer loop
      vertex -28.16311952464757 -45 35.43462175605418
      vertex -28.16311952464757 -41.7 35.43462175605418
      vertex -27.33326288150591 -45 34.99105413905222
    endloop
  endfacet
  facet normal -0.6343932841636448 0 -0.7730104533627374
    outer loop
      vertex -26.60588745030457 -45 34.39411254969543
      vertex -27.33326288150591 -45 34.99105413905222
      vertex -27.33326288150591 -41.7 34.99105413905222
    endloop
  endfacet
  facet normal -0.6343932841636448 0 -0.7730104533627374
    outer loop
      vertex -26.60588745030457 -45 34.39411254969543
      vertex -27.33326288150591 -41.7 34.99105413905222
      vertex -26.60588745030457 -41.7 34.39411254969543
    endloop
  endfacet
  facet normal -0.7730104533627374 0 -0.6343932841636448
    outer loop
      vertex -26.60588745030457 -45 34.39411254969543
      vertex -26.60588745030457 -41.7 34.39411254969543
      vertex -26.008945860947783 -41.7 33.66673711849409
    endloop
  endfacet
  facet normal -0.4713967368259984 0 -0.8819212643483546
    outer loop
      vertex -28.16311952464757 -41.7 35.43462175605418
      vertex -27.33326288150591 -41.7 34.99105413905222
      vertex -27.33326288150591 -45 34.99105413905222
    endloop
  endfacet
  facet normal -0.2902846772544592 0 -0.9569403357322099
    outer loop
      vertex -28.16311952464757 -45 35.43462175605418
      vertex -29.063566454322583 -41.7 35.7077693459355
      vertex -28.16311952464757 -41.7 35.43462175605418
    endloop
  endfacet
  facet normal 0.4713967368259965 0 0.8819212643483557
    outer loop
      vertex 28.316192897593606 -41.699999999999996 18.93493005695034
      vertex 27.55549097471375 -46.3 19.3415337058688
      vertex 28.316192897593606 -46.3 18.93493005695034
    endloop
  endfacet
  facet normal 0.6343932841636447 0 0.7730104533627377
    outer loop
      vertex 27.55549097471375 -41.699999999999996 19.3415337058688
      vertex 26.88873016277919 -46.3 19.88873016277919
      vertex 27.55549097471375 -46.3 19.3415337058688
    endloop
  endfacet
  facet normal 0.7730104533627377 0 0.6343932841636447
    outer loop
      vertex 26.88873016277919 -41.699999999999996 19.88873016277919
      vertex 26.3415337058688 -46.3 20.55549097471375
      vertex 26.88873016277919 -46.3 19.88873016277919
    endloop
  endfacet
  facet normal 0.8819212643483557 0 0.4713967368259965
    outer loop
      vertex 26.3415337058688 -41.699999999999996 20.55549097471375
      vertex 25.93493005695034 -46.3 21.316192897593606
      vertex 26.3415337058688 -46.3 20.55549097471375
    endloop
  endfacet
  facet normal 0.6343932841636447 0 0.7730104533627377
    outer loop
      vertex 26.88873016277919 -41.699999999999996 19.88873016277919
      vertex 26.88873016277919 -46.3 19.88873016277919
      vertex 27.55549097471375 -41.699999999999996 19.3415337058688
    endloop
  endfacet
  facet normal 0.2902846772544657 0 0.9569403357322077
    outer loop
      vertex 28.316192897593606 -41.699999999999996 18.93493005695034
      vertex 28.316192897593606 -46.3 18.93493005695034
      vertex 29.141602583129036 -41.699999999999996 18.684544766225784
    endloop
  endfacet
  facet normal 0.4713967368259965 0 0.8819212643483557
    outer loop
      vertex 27.55549097471375 -41.699999999999996 19.3415337058688
      vertex 27.55549097471375 -46.3 19.3415337058688
      vertex 28.316192897593606 -41.699999999999996 18.93493005695034
    endloop
  endfacet
  facet normal 0.7730104533627377 0 0.6343932841636447
    outer loop
      vertex 26.3415337058688 -41.699999999999996 20.55549097471375
      vertex 26.3415337058688 -46.3 20.55549097471375
      vertex 26.88873016277919 -41.699999999999996 19.88873016277919
    endloop
  endfacet
  facet normal 0.2902846772544657 0 0.9569403357322077
    outer loop
      vertex 29.141602583129036 -41.699999999999996 18.684544766225784
      vertex 28.316192897593606 -46.3 18.93493005695034
      vertex 29.141602583129036 -46.3 18.684544766225784
    endloop
  endfacet
  facet normal 0.09801714032955659 0 0.9951847266721972
    outer loop
      vertex 30 -41.699999999999996 18.6
      vertex 29.141602583129036 -46.3 18.684544766225784
      vertex 30 -46.3 18.6
    endloop
  endfacet
  facet normal -0.09801714032955659 0 0.9951847266721972
    outer loop
      vertex 30.858397416870964 -41.699999999999996 18.684544766225784
      vertex 30 -46.3 18.6
      vertex 30.858397416870964 -46.3 18.684544766225784
    endloop
  endfacet
  facet normal -0.2902846772544657 0 0.9569403357322077
    outer loop
      vertex 31.683807102406394 -41.699999999999996 18.93493005695034
      vertex 30.858397416870964 -46.3 18.684544766225784
      vertex 31.683807102406394 -46.3 18.93493005695034
    endloop
  endfacet
  facet normal 0.09801714032955659 0 0.9951847266721972
    outer loop
      vertex 29.141602583129036 -41.699999999999996 18.684544766225784
      vertex 29.141602583129036 -46.3 18.684544766225784
      vertex 30 -41.699999999999996 18.6
    endloop
  endfacet
  facet normal 0 -1 0
    outer loop
      vertex 27.55549097471375 -41.699999999999996 19.3415337058688
      vertex 28.316192897593606 -41.699999999999996 18.93493005695034
      vertex 31.683807102406394 -41.699999999999996 18.93493005695034
    endloop
  endfacet
  facet normal 0 -1 0
    outer loop
      vertex 28.316192897593606 -41.699999999999996 18.93493005695034
      vertex 29.141602583129036 -41.699999999999996 18.684544766225784
      vertex 30.858397416870964 -41.699999999999996 18.684544766225784
    endloop
  endfacet
  facet normal 0 -1 0
    outer loop
      vertex 29.141602583129036 -41.699999999999996 18.684544766225784
      vertex 30 -41.699999999999996 18.6
      vertex 30.858397416870964 -41.699999999999996 18.684544766225784
    endloop
  endfacet
  facet normal 0 -1 0
    outer loop
      vertex 26.88873016277919 -41.699999999999996 19.88873016277919
      vertex 27.55549097471375 -41.699999999999996 19.3415337058688
      vertex 32.44450902528625 -41.699999999999996 19.3415337058688
    endloop
  endfacet
  facet normal -0.09801714032955659 0 0.9951847266721972
    outer loop
      vertex 30 -41.699999999999996 18.6
      vertex 30 -46.3 18.6
      vertex 30.858397416870964 -41.699999999999996 18.684544766225784
    endloop
  endfacet
  facet normal -0.2902846772544657 0 0.9569403357322077
    outer loop
      vertex 30.858397416870964 -41.699999999999996 18.684544766225784
      vertex 30.858397416870964 -46.3 18.684544766225784
      vertex 31.683807102406394 -41.699999999999996 18.93493005695034
    endloop
  endfacet
  facet normal 0 -1 0
    outer loop
      vertex 28.316192897593606 -41.699999999999996 18.93493005695034
      vertex 30.858397416870964 -41.699999999999996 18.684544766225784
      vertex 31.683807102406394 -41.699999999999996 18.93493005695034
    endloop
  endfacet
  facet normal 0 -1 0
    outer loop
      vertex 27.55549097471375 -41.699999999999996 19.3415337058688
      vertex 31.683807102406394 -41.699999999999996 18.93493005695034
      vertex 32.44450902528625 -41.699999999999996 19.3415337058688
    endloop
  endfacet
  facet normal 0 -1 0
    outer loop
      vertex 26.88873016277919 -41.699999999999996 19.88873016277919
      vertex 32.44450902528625 -41.699999999999996 19.3415337058688
      vertex 33.11126983722081 -41.699999999999996 19.88873016277919
    endloop
  endfacet
  facet normal 0 -1 0
    outer loop
      vertex 26.3415337058688 -41.699999999999996 20.55549097471375
      vertex 26.88873016277919 -41.699999999999996 19.88873016277919
      vertex 33.11126983722081 -41.699999999999996 19.88873016277919
    endloop
  endfacet
  facet normal 0 -1 0
    outer loop
      vertex 26.3415337058688 -41.699999999999996 20.55549097471375
      vertex 33.6584662941312 -41.699999999999996 20.55549097471375
      vertex 25.93493005695034 -41.699999999999996 21.316192897593606
    endloop
  endfacet
  facet normal 0 -1 0
    outer loop
      vertex 26.3415337058688 -41.699999999999996 20.55549097471375
      vertex 33.11126983722081 -41.699999999999996 19.88873016277919
      vertex 33.6584662941312 -41.699999999999996 20.55549097471375
    endloop
  endfacet
  facet normal -0.4713967368259965 0 0.8819212643483557
    outer loop
      vertex 32.44450902528625 -41.699999999999996 19.3415337058688
      vertex 31.683807102406394 -46.3 18.93493005695034
      vertex 32.44450902528625 -46.3 19.3415337058688
    endloop
  endfacet
  facet normal -0.6343932841636447 0 0.7730104533627377
    outer loop
      vertex 33.11126983722081 -41.699999999999996 19.88873016277919
      vertex 32.44450902528625 -46.3 19.3415337058688
      vertex 33.11126983722081 -46.3 19.88873016277919
    endloop
  endfacet
  facet normal -0.7730104533627357 0 0.634393284163647
    outer loop
      vertex 33.6584662941312 -41.699999999999996 20.55549097471375
      vertex 33.11126983722081 -46.3 19.88873016277919
      vertex 33.6584662941312 -46.3 20.55549097471375
    endloop
  endfacet
  facet normal -0.4713967368259965 0 0.8819212643483557
    outer loop
      vertex 31.683807102406394 -41.699999999999996 18.93493005695034
      vertex 31.683807102406394 -46.3 18.93493005695034
      vertex 32.44450902528625 -41.699999999999996 19.3415337058688
    endloop
  endfacet
  facet normal -0.6343932841636447 0 0.7730104533627377
    outer loop
      vertex 32.44450902528625 -41.699999999999996 19.3415337058688
      vertex 32.44450902528625 -46.3 19.3415337058688
      vertex 33.11126983722081 -41.699999999999996 19.88873016277919
    endloop
  endfacet
  facet normal -0.7730104533627357 0 0.634393284163647
    outer loop
      vertex 33.11126983722081 -41.699999999999996 19.88873016277919
      vertex 33.11126983722081 -46.3 19.88873016277919
      vertex 33.6584662941312 -41.699999999999996 20.55549097471375
    endloop
  endfacet
  facet normal -0.8819212643483557 0 0.4713967368259965
    outer loop
      vertex 33.6584662941312 -41.699999999999996 20.55549097471375
      vertex 33.6584662941312 -46.3 20.55549097471375
      vertex 34.065069943049664 -41.699999999999996 21.316192897593606
    endloop
  endfacet
  facet normal 0.9951847266721973 0 -0.09801714032955659
    outer loop
      vertex 25.6 -45 23
      vertex 25.684544766225784 -46.3 23.858397416870964
      vertex 25.6 -46.3 23
    endloop
  endfacet
  facet normal 0.9951847266721972 0 0.09801714032955659
    outer loop
      vertex 25.684544766225784 -41.699999999999996 22.141602583129036
      vertex 25.6 -46.3 23
      vertex 25.684544766225784 -46.3 22.141602583129036
    endloop
  endfacet
  facet normal 0.9951847266721973 0 0.09801714032955662
    outer loop
      vertex 25.684544766225784 -41.699999999999996 22.141602583129036
      vertex 25.6 -45 23
      vertex 25.6 -46.3 23
    endloop
  endfacet
  facet normal 0.9951847266721973 0 0.0980171403295566
    outer loop
      vertex 25.6 -45 23
      vertex 25.684544766225784 -41.699999999999996 22.141602583129036
      vertex 25.6 -41.7 23
    endloop
  endfacet
  facet normal 0.9569403357322077 0 0.2902846772544657
    outer loop
      vertex 25.93493005695034 -41.699999999999996 21.316192897593606
      vertex 25.684544766225784 -46.3 22.141602583129036
      vertex 25.93493005695034 -46.3 21.316192897593606
    endloop
  endfacet
  facet normal 0.8819212643483557 0 0.4713967368259965
    outer loop
      vertex 26.3415337058688 -41.699999999999996 20.55549097471375
      vertex 25.93493005695034 -41.699999999999996 21.316192897593606
      vertex 25.93493005695034 -46.3 21.316192897593606
    endloop
  endfacet
  facet normal 0.9569403357322077 0 0.2902846772544657
    outer loop
      vertex 25.93493005695034 -41.699999999999996 21.316192897593606
      vertex 25.684544766225784 -41.699999999999996 22.141602583129036
      vertex 25.684544766225784 -46.3 22.141602583129036
    endloop
  endfacet
  facet normal 0 -1 0
    outer loop
      vertex 25.93493005695034 -41.699999999999996 21.316192897593606
      vertex 34.065069943049664 -41.699999999999996 21.316192897593606
      vertex 25.684544766225784 -41.699999999999996 22.141602583129036
    endloop
  endfacet
  facet normal 0 -1 -8.277549789818507e-15
    outer loop
      vertex 25.684544766225784 -41.699999999999996 22.141602583129036
      vertex 34.315455233774216 -41.699999999999996 22.141602583129036
      vertex 25.6 -41.7 23
    endloop
  endfacet
  facet normal 0 -1 0
    outer loop
      vertex 25.6 -41.7 23
      vertex 34.4 -41.7 23
      vertex 25.684544766225784 -41.7 23.858397416870964
    endloop
  endfacet
  facet normal 0.9951847266721973 0 -0.09801714032955659
    outer loop
      vertex 25.6 -45 23
      vertex 25.684544766225784 -45 23.858397416870964
      vertex 25.684544766225784 -46.3 23.858397416870964
    endloop
  endfacet
  facet normal 0.9569403357322078 0 -0.2902846772544657
    outer loop
      vertex 25.684544766225784 -45 23.858397416870964
      vertex 25.93493005695034 -46.3 24.683807102406394
      vertex 25.684544766225784 -46.3 23.858397416870964
    endloop
  endfacet
  facet normal 0.9569403357322078 0 -0.2902846772544657
    outer loop
      vertex 25.684544766225784 -45 23.858397416870964
      vertex 25.93493005695034 -45 24.683807102406394
      vertex 25.93493005695034 -46.3 24.683807102406394
    endloop
  endfacet
  facet normal 0.8819212643483557 0 -0.4713967368259965
    outer loop
      vertex 25.93493005695034 -45 24.683807102406394
      vertex 26.3415337058688 -46.3 25.44450902528625
      vertex 25.93493005695034 -46.3 24.683807102406394
    endloop
  endfacet
  facet normal 0.8819212643483557 0 -0.4713967368259965
    outer loop
      vertex 25.93493005695034 -45 24.683807102406394
      vertex 26.3415337058688 -45 25.44450902528625
      vertex 26.3415337058688 -46.3 25.44450902528625
    endloop
  endfacet
  facet normal 0.7730104533627377 0 -0.6343932841636446
    outer loop
      vertex 26.3415337058688 -45 25.44450902528625
      vertex 26.88873016277919 -46.3 26.11126983722081
      vertex 26.3415337058688 -46.3 25.44450902528625
    endloop
  endfacet
  facet normal 0.7730104533627377 0 -0.6343932841636446
    outer loop
      vertex 26.3415337058688 -45 25.44450902528625
      vertex 26.88873016277919 -45 26.11126983722081
      vertex 26.88873016277919 -46.3 26.11126983722081
    endloop
  endfacet
  facet normal 0 -1 0
    outer loop
      vertex 25.93493005695034 -41.699999999999996 21.316192897593606
      vertex 33.6584662941312 -41.699999999999996 20.55549097471375
      vertex 34.065069943049664 -41.699999999999996 21.316192897593606
    endloop
  endfacet
  facet normal 0 -1 0
    outer loop
      vertex 25.684544766225784 -41.699999999999996 22.141602583129036
      vertex 34.065069943049664 -41.699999999999996 21.316192897593606
      vertex 34.315455233774216 -41.699999999999996 22.141602583129036
    endloop
  endfacet
  facet normal 0 -1 -8.277549789818507e-15
    outer loop
      vertex 25.6 -41.7 23
      vertex 34.315455233774216 -41.699999999999996 22.141602583129036
      vertex 34.4 -41.7 23
    endloop
  endfacet
  facet normal -0.8819212643483557 0 0.4713967368259965
    outer loop
      vertex 34.065069943049664 -41.699999999999996 21.316192897593606
      vertex 33.6584662941312 -46.3 20.55549097471375
      vertex 34.065069943049664 -46.3 21.316192897593606
    endloop
  endfacet
  facet normal -0.9569403357322089 0 0.29028467725446194
    outer loop
      vertex 34.315455233774216 -41.699999999999996 22.141602583129036
      vertex 34.065069943049664 -46.3 21.316192897593606
      vertex 34.315455233774216 -46.3 22.141602583129036
    endloop
  endfacet
  facet normal -0.9951847266721972 0 0.09801714032955659
    outer loop
      vertex 34.315455233774216 -41.699999999999996 22.141602583129036
      vertex 34.315455233774216 -46.3 22.141602583129036
      vertex 34.4 -45 23
    endloop
  endfacet
  facet normal -0.9569403357322089 0 0.29028467725446194
    outer loop
      vertex 34.065069943049664 -41.699999999999996 21.316192897593606
      vertex 34.065069943049664 -46.3 21.316192897593606
      vertex 34.315455233774216 -41.699999999999996 22.141602583129036
    endloop
  endfacet
  facet normal 0 -1 0
    outer loop
      vertex 25.684544766225784 -41.7 23.858397416870964
      vertex 34.315455233774216 -41.7 23.858397416870964
      vertex 25.93493005695034 -41.7 24.683807102406394
    endloop
  endfacet
  facet normal 0 -1 0
    outer loop
      vertex 25.684544766225784 -41.7 23.858397416870964
      vertex 34.4 -41.7 23
      vertex 34.315455233774216 -41.7 23.858397416870964
    endloop
  endfacet
  facet normal 0 -1 0
    outer loop
      vertex 25.93493005695034 -41.7 24.683807102406394
      vertex 34.315455233774216 -41.7 23.858397416870964
      vertex 34.065069943049664 -41.7 24.683807102406394
    endloop
  endfacet
  facet normal 0 -1 0
    outer loop
      vertex 25.93493005695034 -41.7 24.683807102406394
      vertex 34.065069943049664 -41.7 24.683807102406394
      vertex 26.3415337058688 -41.7 25.44450902528625
    endloop
  endfacet
  facet normal 0 -1 0
    outer loop
      vertex 26.3415337058688 -41.7 25.44450902528625
      vertex 33.6584662941312 -41.7 25.44450902528625
      vertex 26.88873016277919 -41.7 26.11126983722081
    endloop
  endfacet
  facet normal 0 -1 0
    outer loop
      vertex 26.3415337058688 -41.7 25.44450902528625
      vertex 34.065069943049664 -41.7 24.683807102406394
      vertex 33.6584662941312 -41.7 25.44450902528625
    endloop
  endfacet
  facet normal 0 -1 0
    outer loop
      vertex 26.88873016277919 -41.7 26.11126983722081
      vertex 33.6584662941312 -41.7 25.44450902528625
      vertex 33.11126983722081 -41.7 26.11126983722081
    endloop
  endfacet
  facet normal -0.9951847266721973 0 -0.09801714032955659
    outer loop
      vertex 34.315455233774216 -45 23.858397416870964
      vertex 34.4 -46.3 23
      vertex 34.315455233774216 -46.3 23.858397416870964
    endloop
  endfacet
  facet normal -0.9569403357322089 0 -0.29028467725446194
    outer loop
      vertex 34.065069943049664 -45 24.683807102406394
      vertex 34.315455233774216 -46.3 23.858397416870964
      vertex 34.065069943049664 -46.3 24.683807102406394
    endloop
  endfacet
  facet normal -0.9569403357322089 0 -0.29028467725446194
    outer loop
      vertex 34.315455233774216 -45 23.858397416870964
      vertex 34.315455233774216 -46.3 23.858397416870964
      vertex 34.065069943049664 -45 24.683807102406394
    endloop
  endfacet
  facet normal -0.8819212643483557 0 -0.4713967368259965
    outer loop
      vertex 33.6584662941312 -45 25.44450902528625
      vertex 34.065069943049664 -46.3 24.683807102406394
      vertex 33.6584662941312 -46.3 25.44450902528625
    endloop
  endfacet
  facet normal -0.8819212643483557 0 -0.4713967368259965
    outer loop
      vertex 33.6584662941312 -45 25.44450902528625
      vertex 34.065069943049664 -45 24.683807102406394
      vertex 34.065069943049664 -46.3 24.683807102406394
    endloop
  endfacet
  facet normal -0.7730104533627357 0 -0.6343932841636472
    outer loop
      vertex 33.11126983722081 -45 26.11126983722081
      vertex 33.6584662941312 -46.3 25.44450902528625
      vertex 33.11126983722081 -46.3 26.11126983722081
    endloop
  endfacet
  facet normal -0.7730104533627357 0 -0.6343932841636472
    outer loop
      vertex 33.6584662941312 -45 25.44450902528625
      vertex 33.6584662941312 -46.3 25.44450902528625
      vertex 33.11126983722081 -45 26.11126983722081
    endloop
  endfacet
  facet normal -0.9951847266721973 0 0.09801714032955659
    outer loop
      vertex 34.4 -45 23
      vertex 34.315455233774216 -46.3 22.141602583129036
      vertex 34.4 -46.3 23
    endloop
  endfacet
  facet normal -0.9951847266721973 0 -0.09801714032955659
    outer loop
      vertex 34.315455233774216 -45 23.858397416870964
      vertex 34.4 -45 23
      vertex 34.4 -46.3 23
    endloop
  endfacet
  facet normal -0.9951847266721973 0 0.09801714032955659
    outer loop
      vertex 34.315455233774216 -41.699999999999996 22.141602583129036
      vertex 34.4 -45 23
      vertex 34.4 -41.7 23
    endloop
  endfacet
  facet normal 0.6343932841636446 0 -0.7730104533627377
    outer loop
      vertex 26.88873016277919 -45 26.11126983722081
      vertex 27.55549097471375 -46.3 26.6584662941312
      vertex 26.88873016277919 -46.3 26.11126983722081
    endloop
  endfacet
  facet normal 0.6343932841636446 0 -0.7730104533627377
    outer loop
      vertex 26.88873016277919 -45 26.11126983722081
      vertex 27.55549097471375 -45 26.6584662941312
      vertex 27.55549097471375 -46.3 26.6584662941312
    endloop
  endfacet
  facet normal 0.47139673682599587 0 -0.8819212643483559
    outer loop
      vertex 27.55549097471375 -45 26.6584662941312
      vertex 27.8 -46.3 26.789159090987173
      vertex 27.55549097471375 -46.3 26.6584662941312
    endloop
  endfacet
  facet normal 0.47139673682599587 0 -0.8819212643483559
    outer loop
      vertex 27.55549097471375 -45 26.6584662941312
      vertex 27.8 -45 26.789159090987173
      vertex 27.8 -46.3 26.789159090987173
    endloop
  endfacet
  facet normal 0 -1 0
    outer loop
      vertex 27.55549097471375 -41.699999999999996 26.6584662941312
      vertex 27.8 -41.699999999999996 26.711898834640202
      vertex 27.657164776813147 -41.699999999999996 26.71281207358778
    endloop
  endfacet
  facet normal -6.962390634581216e-15 -1 3.186012365323943e-14
    outer loop
      vertex 27.55549097471375 -41.699999999999996 26.6584662941312
      vertex 28.970232209884514 -41.7 26.744610145874496
      vertex 27.8 -41.699999999999996 26.711898834640202
    endloop
  endfacet
  facet normal 0 -1 1.2985148693615581e-14
    outer loop
      vertex 26.88873016277919 -41.7 26.11126983722081
      vertex 33.11126983722081 -41.7 26.11126983722081
      vertex 27.55549097471375 -41.699999999999996 26.6584662941312
    endloop
  endfacet
  facet normal -1.453344472059979e-15 -1 -5.861498994863672e-14
    outer loop
      vertex 27.55549097471375 -41.699999999999996 26.6584662941312
      vertex 32.44450902528625 -41.7 26.6584662941312
      vertex 28.970232209884514 -41.7 26.744610145874496
    endloop
  endfacet
  facet normal -1.4533444720599792e-15 -1 -1.7709053630988847e-15
    outer loop
      vertex 27.55549097471375 -41.699999999999996 26.6584662941312
      vertex 33.11126983722081 -41.7 26.11126983722081
      vertex 32.44450902528625 -41.7 26.6584662941312
    endloop
  endfacet
  facet normal 0 -1 0
    outer loop
      vertex 28.970232209884514 -41.7 26.744610145874496
      vertex 32.44450902528625 -41.7 26.6584662941312
      vertex 29.163141944514027 -41.7 26.981652742846457
    endloop
  endfacet
  facet normal 0 -1 0
    outer loop
      vertex 29.163141944514027 -41.7 26.981652742846457
      vertex 32.44450902528625 -41.7 26.6584662941312
      vertex 30.03445871157727 -41.7 26.93734779713224
    endloop
  endfacet
  facet normal -0.6343932841636446 0 -0.7730104533627377
    outer loop
      vertex 32.44450902528625 -45 26.6584662941312
      vertex 33.11126983722081 -46.3 26.11126983722081
      vertex 32.44450902528625 -46.3 26.6584662941312
    endloop
  endfacet
  facet normal -0.6343932841636446 0 -0.7730104533627377
    outer loop
      vertex 32.44450902528625 -45 26.6584662941312
      vertex 33.11126983722081 -45 26.11126983722081
      vertex 33.11126983722081 -46.3 26.11126983722081
    endloop
  endfacet
  facet normal -0.4713967368260012 0 -0.8819212643483533
    outer loop
      vertex 32.2 -45 26.789159090987173
      vertex 32.44450902528625 -46.3 26.6584662941312
      vertex 32.2 -46.3 26.789159090987173
    endloop
  endfacet
  facet normal -0.4713967368260012 0 -0.8819212643483533
    outer loop
      vertex 32.2 -45 26.789159090987173
      vertex 32.44450902528625 -45 26.6584662941312
      vertex 32.44450902528625 -46.3 26.6584662941312
    endloop
  endfacet
  facet normal 0 -1 0
    outer loop
      vertex 30.03445871157727 -41.7 26.93734779713224
      vertex 32.44450902528625 -41.7 26.6584662941312
      vertex 32.2 -41.7 26.776378767672888
    endloop
  endfacet
  facet normal 0 -1 0
    outer loop
      vertex 32.2 -41.7 26.776378767672888
      vertex 32.44450902528625 -41.7 26.6584662941312
      vertex 32.227772496622784 -41.7 26.77431438226914
    endloop
  endfacet
  facet normal 1 0 0
    outer loop
      vertex 27.8 -45 26.789159090987173
      vertex 27.8 -46.3 31
      vertex 27.8 -46.3 26.789159090987173
    endloop
  endfacet
  facet normal -6.072109675833752e-15 -1 1.0729224779576145e-17
    outer loop
      vertex 27.8 -41.699999999999996 26.711898834640202
      vertex 28.970232209884514 -41.7 26.744610145874496
      vertex 28.97397973961201 -41.7 28.86549138252362
    endloop
  endfacet
  facet normal -1.2512783165095657e-16 -1 -2.837589575687395e-15
    outer loop
      vertex 27.8 -41.699999999999996 26.711898834640202
      vertex 28.77510169054452 -41.7 29.17293656090556
      vertex 27.8 -41.7 29.215935154226603
    endloop
  endfacet
  facet normal -3.0127458130801767e-15 -1 -1.6570101971940638e-15
    outer loop
      vertex 27.8 -41.699999999999996 26.711898834640202
      vertex 28.97397973961201 -41.7 28.86549138252362
      vertex 28.806078230886083 -41.7 29.1707668529344
    endloop
  endfacet
  facet normal -1.9676679899444058e-16 -1 -2.809205094856421e-15
    outer loop
      vertex 27.8 -41.699999999999996 26.711898834640202
      vertex 28.806078230886083 -41.7 29.1707668529344
      vertex 28.77510169054452 -41.7 29.17293656090556
    endloop
  endfacet
  facet normal 1 0 0
    outer loop
      vertex 27.8 -45 26.789159090987173
      vertex 27.8 -45 30.562392791764754
      vertex 27.8 -46.3 31
    endloop
  endfacet
  facet normal 1 0 0
    outer loop
      vertex 27.8 -45 30.562392791764754
      vertex 27.8 -45 31
      vertex 27.8 -46.3 31
    endloop
  endfacet
  facet normal 0 -1 0
    outer loop
      vertex 27.8 -41.7 29.637683537863904
      vertex 28.192213867491077 -41.7 29.75161222450623
      vertex 27.8 -41.7 31
    endloop
  endfacet
  facet normal 0 -1 0
    outer loop
      vertex 27.8 -41.7 31
      vertex 28.192213867491077 -41.7 29.75161222450623
      vertex 28.48950617783155 -41.7 29.746352403942637
    endloop
  endfacet
  facet normal 0 -1 0
    outer loop
      vertex 29.163141944514027 -41.7 26.981652742846457
      vertex 30.03445871157727 -41.7 26.93734779713224
      vertex 29.70660119214642 -41.7 27.533452377915605
    endloop
  endfacet
  facet normal 0 -1 0
    outer loop
      vertex 30.03445871157727 -41.7 26.93734779713224
      vertex 32.2 -41.7 26.776378767672888
      vertex 32.2 -41.7 27.533452377915605
    endloop
  endfacet
  facet normal 0 -1 0
    outer loop
      vertex 28.970232209884514 -41.7 26.744610145874496
      vertex 29.163141944514027 -41.7 26.981652742846457
      vertex 28.97397973961201 -41.7 28.86549138252362
    endloop
  endfacet
  facet normal 0 -1 0
    outer loop
      vertex 29.163141944514027 -41.7 26.981652742846457
      vertex 29.70660119214642 -41.7 27.533452377915605
      vertex 28.97397973961201 -41.7 28.86549138252362
    endloop
  endfacet
  facet normal 0 -1 0
    outer loop
      vertex 30.03445871157727 -41.7 26.93734779713224
      vertex 32.2 -41.7 27.533452377915605
      vertex 29.70660119214642 -41.7 27.533452377915605
    endloop
  endfacet
  facet normal -1 0 0
    outer loop
      vertex 32.2 -45 26.789159090987173
      vertex 32.2 -46.3 26.789159090987173
      vertex 32.2 -45 31
    endloop
  endfacet
  facet normal 0 -1 0
    outer loop
      vertex 28.806078230886083 -41.7 29.1707668529344
      vertex 28.97397973961201 -41.7 28.86549138252362
      vertex 31.222254512643126 -41.7 29.1707668529344
    endloop
  endfacet
  facet normal 0 -1 0
    outer loop
      vertex 28.97397973961201 -41.7 28.86549138252362
      vertex 32.2 -41.7 28.539509810386516
      vertex 31.222254512643126 -41.7 29.1707668529344
    endloop
  endfacet
  facet normal 0 -1 0
    outer loop
      vertex 27.8 -41.7 31
      vertex 28.48950617783155 -41.7 29.746352403942637
      vertex 32.2 -41.7 31
    endloop
  endfacet
  facet normal 0 -1 0
    outer loop
      vertex 28.48950617783155 -41.7 29.746352403942637
      vertex 31.555634918610405 -41.7 29.444365081389595
      vertex 32.2 -41.7 31
    endloop
  endfacet
  facet normal -1 0 0
    outer loop
      vertex 32.2 -45 31
      vertex 32.2 -46.3 26.789159090987173
      vertex 32.2 -46.3 31
    endloop
  endfacet
  facet normal 0 -1 0
    outer loop
      vertex 31.222254512643126 -41.7 29.1707668529344
      vertex 32.2 -41.7 28.539509810386516
      vertex 31.555634918610405 -41.7 29.444365081389595
    endloop
  endfacet
  facet normal 0 -1 0
    outer loop
      vertex 32.2 -41.7 28.539509810386516
      vertex 32.2 -41.7 31
      vertex 31.555634918610405 -41.7 29.444365081389595
    endloop
  endfacet
  facet normal -4.151850409135967e-16 -1 -2.3466830957392672e-14
    outer loop
      vertex 28.444365081389595 -41.699999999999996 29.444365081389595
      vertex 28.48950617783155 -41.7 29.746352403942637
      vertex 28.192213867491077 -41.7 29.75161222450623
    endloop
  endfacet
  facet normal 2.0046907133341337e-15 -1 2.86206178800963e-14
    outer loop
      vertex 28.77510169054452 -41.7 29.17293656090556
      vertex 28.806078230886083 -41.7 29.1707668529344
      vertex 28.444365081389595 -41.699999999999996 29.444365081389595
    endloop
  endfacet
  facet normal 0 -1 2.597029738723099e-14
    outer loop
      vertex 28.806078230886083 -41.7 29.1707668529344
      vertex 31.222254512643126 -41.7 29.1707668529344
      vertex 28.444365081389595 -41.699999999999996 29.444365081389595
    endloop
  endfacet
  facet normal -2.2837708489945813e-15 -1 -2.318751455609626e-14
    outer loop
      vertex 28.444365081389595 -41.699999999999996 29.444365081389595
      vertex 31.555634918610405 -41.7 29.444365081389595
      vertex 28.48950617783155 -41.7 29.746352403942637
    endloop
  endfacet
  facet normal -2.2837708489945813e-15 -1 2.782782831134931e-15
    outer loop
      vertex 31.222254512643126 -41.7 29.1707668529344
      vertex 31.555634918610405 -41.7 29.444365081389595
      vertex 28.444365081389595 -41.699999999999996 29.444365081389595
    endloop
  endfacet
  facet normal 0.9951847266721973 0 -0.09801714032955659
    outer loop
      vertex 27.8 -45 31
      vertex 27.842272383112892 -46.3 31.429198708435482
      vertex 27.8 -46.3 31
    endloop
  endfacet
  facet normal 0.9569403357322093 0 -0.29028467725446083
    outer loop
      vertex 27.842272383112892 -45 31.429198708435482
      vertex 27.967465028475168 -46.3 31.8419035512032
      vertex 27.842272383112892 -46.3 31.429198708435482
    endloop
  endfacet
  facet normal 0.9951847266721973 0 -0.09801714032955659
    outer loop
      vertex 27.8 -45 31
      vertex 27.842272383112892 -45 31.429198708435482
      vertex 27.842272383112892 -46.3 31.429198708435482
    endloop
  endfacet
  facet normal 0.8819212643483546 0 -0.47139673682599814
    outer loop
      vertex 27.967465028475168 -45 31.8419035512032
      vertex 28.1707668529344 -46.3 32.222254512643126
      vertex 27.967465028475168 -46.3 31.8419035512032
    endloop
  endfacet
  facet normal 0.9569403357322093 0 -0.29028467725446083
    outer loop
      vertex 27.842272383112892 -45 31.429198708435482
      vertex 27.967465028475168 -45 31.8419035512032
      vertex 27.967465028475168 -46.3 31.8419035512032
    endloop
  endfacet
  facet normal 0.8819212643483546 0 -0.47139673682599814
    outer loop
      vertex 27.967465028475168 -45 31.8419035512032
      vertex 28.1707668529344 -45 32.222254512643126
      vertex 28.1707668529344 -46.3 32.222254512643126
    endloop
  endfacet
  facet normal 0.7730104533627323 0 -0.6343932841636511
    outer loop
      vertex 28.1707668529344 -45 32.222254512643126
      vertex 28.444365081389595 -46.3 32.5556349186104
      vertex 28.1707668529344 -46.3 32.222254512643126
    endloop
  endfacet
  facet normal 0.634393284163652 0 -0.7730104533627317
    outer loop
      vertex 28.444365081389595 -45 32.5556349186104
      vertex 28.777745487356874 -46.3 32.8292331470656
      vertex 28.444365081389595 -46.3 32.5556349186104
    endloop
  endfacet
  facet normal 0.7730104533627323 0 -0.6343932841636511
    outer loop
      vertex 28.1707668529344 -45 32.222254512643126
      vertex 28.444365081389595 -45 32.5556349186104
      vertex 28.444365081389595 -46.3 32.5556349186104
    endloop
  endfacet
  facet normal 0.634393284163652 0 -0.7730104533627317
    outer loop
      vertex 28.444365081389595 -45 32.5556349186104
      vertex 28.777745487356874 -45 32.8292331470656
      vertex 28.777745487356874 -46.3 32.8292331470656
    endloop
  endfacet
  facet normal 0.47139673682599814 0 -0.8819212643483546
    outer loop
      vertex 28.777745487356874 -45 32.8292331470656
      vertex 29.1580964487968 -46.3 33.03253497152483
      vertex 28.777745487356874 -46.3 32.8292331470656
    endloop
  endfacet
  facet normal 0.29028467725446083 0 -0.9569403357322093
    outer loop
      vertex 29.1580964487968 -45 33.03253497152483
      vertex 29.570801291564518 -46.3 33.15772761688711
      vertex 29.1580964487968 -46.3 33.03253497152483
    endloop
  endfacet
  facet normal 0.47139673682599814 0 -0.8819212643483546
    outer loop
      vertex 28.777745487356874 -45 32.8292331470656
      vertex 29.1580964487968 -45 33.03253497152483
      vertex 29.1580964487968 -46.3 33.03253497152483
    endloop
  endfacet
  facet normal 0.09801714032956475 0 -0.9951847266721965
    outer loop
      vertex 29.570801291564518 -45 33.15772761688711
      vertex 30 -46.3 33.2
      vertex 29.570801291564518 -46.3 33.15772761688711
    endloop
  endfacet
  facet normal 0.29028467725446083 0 -0.9569403357322093
    outer loop
      vertex 29.1580964487968 -45 33.03253497152483
      vertex 29.570801291564518 -45 33.15772761688711
      vertex 29.570801291564518 -46.3 33.15772761688711
    endloop
  endfacet
  facet normal 0.09801714032956475 0 -0.9951847266721965
    outer loop
      vertex 29.570801291564518 -45 33.15772761688711
      vertex 30 -45 33.2
      vertex 30 -46.3 33.2
    endloop
  endfacet
  facet normal -0.634393284163652 0 -0.7730104533627317
    outer loop
      vertex 31.222254512643126 -45 32.8292331470656
      vertex 31.555634918610405 -46.3 32.5556349186104
      vertex 31.222254512643126 -46.3 32.8292331470656
    endloop
  endfacet
  facet normal -0.634393284163652 0 -0.7730104533627317
    outer loop
      vertex 31.222254512643126 -45 32.8292331470656
      vertex 31.555634918610405 -45 32.5556349186104
      vertex 31.555634918610405 -46.3 32.5556349186104
    endloop
  endfacet
  facet normal -0.09801714032956475 0 -0.9951847266721965
    outer loop
      vertex 30 -45 33.2
      vertex 30.429198708435482 -46.3 33.15772761688711
      vertex 30 -46.3 33.2
    endloop
  endfacet
  facet normal -0.29028467725446083 0 -0.9569403357322093
    outer loop
      vertex 30.429198708435482 -45 33.15772761688711
      vertex 30.8419035512032 -46.3 33.03253497152483
      vertex 30.429198708435482 -46.3 33.15772761688711
    endloop
  endfacet
  facet normal -0.09801714032956475 0 -0.9951847266721965
    outer loop
      vertex 30 -45 33.2
      vertex 30.429198708435482 -45 33.15772761688711
      vertex 30.429198708435482 -46.3 33.15772761688711
    endloop
  endfacet
  facet normal -0.29028467725446083 0 -0.9569403357322093
    outer loop
      vertex 30.429198708435482 -45 33.15772761688711
      vertex 30.8419035512032 -45 33.03253497152483
      vertex 30.8419035512032 -46.3 33.03253497152483
    endloop
  endfacet
  facet normal -0.47139673682599814 0 -0.8819212643483546
    outer loop
      vertex 30.8419035512032 -45 33.03253497152483
      vertex 31.222254512643126 -46.3 32.8292331470656
      vertex 30.8419035512032 -46.3 33.03253497152483
    endloop
  endfacet
  facet normal -0.47139673682599814 0 -0.8819212643483546
    outer loop
      vertex 31.222254512643126 -45 32.8292331470656
      vertex 31.222254512643126 -46.3 32.8292331470656
      vertex 30.8419035512032 -45 33.03253497152483
    endloop
  endfacet
  facet normal 0 -1 0
    outer loop
      vertex 27.8 -41.7 31
      vertex 32.2 -41.7 31
      vertex 27.842272383112892 -41.7 31.429198708435482
    endloop
  endfacet
  facet normal 0 -1 0
    outer loop
      vertex 27.842272383112892 -41.7 31.429198708435482
      vertex 32.15772761688711 -41.7 31.429198708435482
      vertex 27.967465028475168 -41.7 31.8419035512032
    endloop
  endfacet
  facet normal 0 -1 0
    outer loop
      vertex 27.967465028475168 -41.7 31.8419035512032
      vertex 32.03253497152483 -41.7 31.8419035512032
      vertex 28.1707668529344 -41.7 32.222254512643126
    endloop
  endfacet
  facet normal 0 -1 0
    outer loop
      vertex 27.842272383112892 -41.7 31.429198708435482
      vertex 32.2 -41.7 31
      vertex 32.15772761688711 -41.7 31.429198708435482
    endloop
  endfacet
  facet normal 0 -1 0
    outer loop
      vertex 27.967465028475168 -41.7 31.8419035512032
      vertex 32.15772761688711 -41.7 31.429198708435482
      vertex 32.03253497152483 -41.7 31.8419035512032
    endloop
  endfacet
  facet normal 0 -1 0
    outer loop
      vertex 28.1707668529344 -41.7 32.222254512643126
      vertex 32.03253497152483 -41.7 31.8419035512032
      vertex 31.8292331470656 -41.7 32.222254512643126
    endloop
  endfacet
  facet normal 0 -1 0
    outer loop
      vertex 28.1707668529344 -41.7 32.222254512643126
      vertex 31.8292331470656 -41.7 32.222254512643126
      vertex 28.444365081389595 -41.7 32.5556349186104
    endloop
  endfacet
  facet normal 0 -1 0
    outer loop
      vertex 28.444365081389595 -41.7 32.5556349186104
      vertex 31.555634918610405 -41.7 32.5556349186104
      vertex 28.777745487356874 -41.7 32.8292331470656
    endloop
  endfacet
  facet normal 0 -1 0
    outer loop
      vertex 28.777745487356874 -41.7 32.8292331470656
      vertex 31.222254512643126 -41.7 32.8292331470656
      vertex 29.1580964487968 -41.7 33.03253497152483
    endloop
  endfacet
  facet normal 0 -1 0
    outer loop
      vertex 29.1580964487968 -41.7 33.03253497152483
      vertex 30.8419035512032 -41.7 33.03253497152483
      vertex 29.570801291564518 -41.7 33.15772761688711
    endloop
  endfacet
  facet normal 0 -1 0
    outer loop
      vertex 29.570801291564518 -41.7 33.15772761688711
      vertex 30.429198708435482 -41.7 33.15772761688711
      vertex 30 -41.7 33.2
    endloop
  endfacet
  facet normal 0 -1 0
    outer loop
      vertex 28.444365081389595 -41.7 32.5556349186104
      vertex 31.8292331470656 -41.7 32.222254512643126
      vertex 31.555634918610405 -41.7 32.5556349186104
    endloop
  endfacet
  facet normal 0 -1 0
    outer loop
      vertex 28.777745487356874 -41.7 32.8292331470656
      vertex 31.555634918610405 -41.7 32.5556349186104
      vertex 31.222254512643126 -41.7 32.8292331470656
    endloop
  endfacet
  facet normal 0 -1 0
    outer loop
      vertex 31.222254512643126 -41.7 32.8292331470656
      vertex 30.8419035512032 -41.7 33.03253497152483
      vertex 29.1580964487968 -41.7 33.03253497152483
    endloop
  endfacet
  facet normal 0 -1 0
    outer loop
      vertex 29.570801291564518 -41.7 33.15772761688711
      vertex 30.8419035512032 -41.7 33.03253497152483
      vertex 30.429198708435482 -41.7 33.15772761688711
    endloop
  endfacet
  facet normal -0.9951847266721965 0 -0.09801714032956475
    outer loop
      vertex 32.15772761688711 -45 31.429198708435482
      vertex 32.2 -46.3 31
      vertex 32.15772761688711 -46.3 31.429198708435482
    endloop
  endfacet
  facet normal -0.9951847266721965 0 -0.09801714032956475
    outer loop
      vertex 32.2 -45 31
      vertex 32.2 -46.3 31
      vertex 32.15772761688711 -45 31.429198708435482
    endloop
  endfacet
  facet normal -0.9569403357322093 0 -0.29028467725446083
    outer loop
      vertex 32.15772761688711 -45 31.429198708435482
      vertex 32.15772761688711 -46.3 31.429198708435482
      vertex 32.03253497152483 -45 31.8419035512032
    endloop
  endfacet
  facet normal -0.9569403357322093 0 -0.29028467725446083
    outer loop
      vertex 32.03253497152483 -45 31.8419035512032
      vertex 32.15772761688711 -46.3 31.429198708435482
      vertex 32.03253497152483 -46.3 31.8419035512032
    endloop
  endfacet
  facet normal -0.8819212643483546 0 -0.47139673682599814
    outer loop
      vertex 31.8292331470656 -45 32.222254512643126
      vertex 32.03253497152483 -46.3 31.8419035512032
      vertex 31.8292331470656 -46.3 32.222254512643126
    endloop
  endfacet
  facet normal -0.8819212643483546 0 -0.47139673682599814
    outer loop
      vertex 31.8292331470656 -45 32.222254512643126
      vertex 32.03253497152483 -45 31.8419035512032
      vertex 32.03253497152483 -46.3 31.8419035512032
    endloop
  endfacet
  facet normal -0.7730104533627323 0 -0.6343932841636511
    outer loop
      vertex 31.555634918610405 -45 32.5556349186104
      vertex 31.8292331470656 -46.3 32.222254512643126
      vertex 31.555634918610405 -46.3 32.5556349186104
    endloop
  endfacet
  facet normal -0.7730104533627323 0 -0.6343932841636511
    outer loop
      vertex 31.555634918610405 -45 32.5556349186104
      vertex 31.8292331470656 -45 32.222254512643126
      vertex 31.8292331470656 -46.3 32.222254512643126
    endloop
  endfacet
  facet normal 0 1 0
    outer loop
      vertex 25.2 -45 23
      vertex 25.684544766225784 -45 23.858397416870964
      vertex 25.6 -45 23
    endloop
  endfacet
  facet normal 0 0 1
    outer loop
      vertex 25.2 -45 23
      vertex 25.6 -45 23
      vertex 25.6 -41.7 23
    endloop
  endfacet
  facet normal 0 0 1
    outer loop
      vertex 25.2 -45 23
      vertex 25.6 -41.7 23
      vertex 25.2 -41.7 23
    endloop
  endfacet
  facet normal 0 -1 0
    outer loop
      vertex 25.2 -41.7 23
      vertex 25.6 -41.7 23
      vertex 25.684544766225784 -41.7 23.858397416870964
    endloop
  endfacet
  facet normal 0 1 0
    outer loop
      vertex 25.2 -45 23
      vertex 25.2 -45 31
      vertex 25.684544766225784 -45 23.858397416870964
    endloop
  endfacet
  facet normal 1 0 0
    outer loop
      vertex 25.2 -45 23
      vertex 25.2 -41.7 23
      vertex 25.2 -41.7 31
    endloop
  endfacet
  facet normal 0 -1 0
    outer loop
      vertex 25.2 -41.7 23
      vertex 25.684544766225784 -41.7 23.858397416870964
      vertex 27.204281851536738 -41.7 29.167021081651498
    endloop
  endfacet
  facet normal 0 -1 0
    outer loop
      vertex 25.684544766225784 -41.7 23.858397416870964
      vertex 25.93493005695034 -41.7 24.683807102406394
      vertex 27.204281851536738 -41.7 29.167021081651498
    endloop
  endfacet
  facet normal 0 1 0
    outer loop
      vertex 34.315455233774216 -45 23.858397416870964
      vertex 32.2 -45 31
      vertex 34.8 -45 23
    endloop
  endfacet
  facet normal 0 1 0
    outer loop
      vertex 34.315455233774216 -45 23.858397416870964
      vertex 34.8 -45 23
      vertex 34.4 -45 23
    endloop
  endfacet
  facet normal 0 0 1
    outer loop
      vertex 34.4 -45 23
      vertex 34.8 -45 23
      vertex 34.8 -41.7 23
    endloop
  endfacet
  facet normal 0 0 1
    outer loop
      vertex 34.4 -45 23
      vertex 34.8 -41.7 23
      vertex 34.4 -41.7 23
    endloop
  endfacet
  facet normal 0 -1 0
    outer loop
      vertex 34.315455233774216 -41.7 23.858397416870964
      vertex 34.4 -41.7 23
      vertex 34.8 -41.7 23
    endloop
  endfacet
  facet normal -1 0 0
    outer loop
      vertex 34.8 -45 23
      vertex 34.8 -45 31
      vertex 34.8 -41.7 23
    endloop
  endfacet
  facet normal 0 -1 0
    outer loop
      vertex 34.315455233774216 -41.7 23.858397416870964
      vertex 34.8 -41.7 23
      vertex 34.8 -41.7 31
    endloop
  endfacet
  facet normal 0 1 0
    outer loop
      vertex 25.684544766225784 -45 23.858397416870964
      vertex 25.2 -45 31
      vertex 25.93493005695034 -45 24.683807102406394
    endloop
  endfacet
  facet normal 1 0 0
    outer loop
      vertex 25.2 -45 23
      vertex 25.2 -41.7 31
      vertex 25.2 -45 31
    endloop
  endfacet
  facet normal 0 -1 0
    outer loop
      vertex 25.2 -41.7 23
      vertex 25.565378243945823 -41.7 29.16311952464757
      vertex 25.2 -41.7 31
    endloop
  endfacet
  facet normal 0 1 0
    outer loop
      vertex 25.93493005695034 -45 24.683807102406394
      vertex 25.2 -45 31
      vertex 26.3415337058688 -45 25.44450902528625
    endloop
  endfacet
  facet normal 0 1 0
    outer loop
      vertex 26.3415337058688 -45 25.44450902528625
      vertex 25.2 -45 31
      vertex 26.88873016277919 -45 26.11126983722081
    endloop
  endfacet
  facet normal 0 1 0
    outer loop
      vertex 26.88873016277919 -45 26.11126983722081
      vertex 25.2 -45 31
      vertex 27.55549097471375 -45 26.6584662941312
    endloop
  endfacet
  facet normal 0 1 0
    outer loop
      vertex 27.55549097471375 -45 26.6584662941312
      vertex 25.2 -45 31
      vertex 27.8 -45 26.789159090987173
    endloop
  endfacet
  facet normal 0 -1 0
    outer loop
      vertex 25.93493005695034 -41.7 24.683807102406394
      vertex 26.3415337058688 -41.7 25.44450902528625
      vertex 27.204281851536738 -41.7 29.167021081651498
    endloop
  endfacet
  facet normal 0 -1 0
    outer loop
      vertex 25.2 -41.7 23
      vertex 27.204281851536738 -41.7 29.167021081651498
      vertex 25.565378243945823 -41.7 29.16311952464757
    endloop
  endfacet
  facet normal 0 -1 0
    outer loop
      vertex 26.3415337058688 -41.7 25.44450902528625
      vertex 26.88873016277919 -41.7 26.11126983722081
      vertex 27.204281851536738 -41.7 29.167021081651498
    endloop
  endfacet
  facet normal 1.1643380881854827e-14 -1 -1.202351960688198e-15
    outer loop
      vertex 26.88873016277919 -41.7 26.11126983722081
      vertex 27.55549097471375 -41.699999999999996 26.6584662941312
      vertex 27.204281851536738 -41.7 29.167021081651498
    endloop
  endfacet
  facet normal 1.4085814839979538e-15 -1 -2.635270603843335e-15
    outer loop
      vertex 27.55549097471375 -41.699999999999996 26.6584662941312
      vertex 27.657164776813147 -41.699999999999996 26.71281207358778
      vertex 27.204281851536738 -41.7 29.167021081651498
    endloop
  endfacet
  facet normal -1.81425649776264e-17 -1 -2.837589575687395e-15
    outer loop
      vertex 27.657164776813147 -41.699999999999996 26.71281207358778
      vertex 27.8 -41.699999999999996 26.711898834640202
      vertex 27.8 -41.7 29.215935154226603
    endloop
  endfacet
  facet normal 2.3417504603562704e-16 -1 -2.8519875262164015e-15
    outer loop
      vertex 27.657164776813147 -41.699999999999996 26.71281207358778
      vertex 27.8 -41.7 29.215935154226603
      vertex 27.204281851536738 -41.7 29.167021081651498
    endloop
  endfacet
  facet normal 0 1 0
    outer loop
      vertex 27.8 -45 26.789159090987173
      vertex 25.2 -45 31
      vertex 27.8 -45 30.562392791764754
    endloop
  endfacet
  facet normal 0 -1 0
    outer loop
      vertex 25.565378243945823 -41.7 29.16311952464757
      vertex 27.33899595341147 -41.7 29.581526010496827
      vertex 25.2 -41.7 31
    endloop
  endfacet
  facet normal 0 -1 0
    outer loop
      vertex 25.2 -41.7 31
      vertex 27.33899595341147 -41.7 29.581526010496827
      vertex 27.8 -41.7 31
    endloop
  endfacet
  facet normal 0 -1 0
    outer loop
      vertex 27.33899595341147 -41.7 29.581526010496827
      vertex 27.8 -41.7 29.637683537863904
      vertex 27.8 -41.7 31
    endloop
  endfacet
  facet normal 0 1 0
    outer loop
      vertex 34.315455233774216 -45 23.858397416870964
      vertex 34.065069943049664 -45 24.683807102406394
      vertex 32.2 -45 31
    endloop
  endfacet
  facet normal 0 1 0
    outer loop
      vertex 33.6584662941312 -45 25.44450902528625
      vertex 32.2 -45 31
      vertex 34.065069943049664 -45 24.683807102406394
    endloop
  endfacet
  facet normal 0 1 0
    outer loop
      vertex 32.2 -45 26.789159090987173
      vertex 32.2 -45 31
      vertex 32.44450902528625 -45 26.6584662941312
    endloop
  endfacet
  facet normal 0 1 0
    outer loop
      vertex 32.44450902528625 -45 26.6584662941312
      vertex 32.2 -45 31
      vertex 33.11126983722081 -45 26.11126983722081
    endloop
  endfacet
  facet normal 0 1 0
    outer loop
      vertex 33.6584662941312 -45 25.44450902528625
      vertex 33.11126983722081 -45 26.11126983722081
      vertex 32.2 -45 31
    endloop
  endfacet
  facet normal 0 1 0
    outer loop
      vertex 34.8 -45 23
      vertex 32.2 -45 31
      vertex 34.8 -45 31
    endloop
  endfacet
  facet normal 0 -1 0
    outer loop
      vertex 32.227772496622784 -41.7 26.77431438226914
      vertex 32.44450902528625 -41.7 26.6584662941312
      vertex 32.2 -41.7 27.533452377915605
    endloop
  endfacet
  facet normal 0 -1 0
    outer loop
      vertex 32.2 -41.7 26.776378767672888
      vertex 32.227772496622784 -41.7 26.77431438226914
      vertex 32.2 -41.7 27.533452377915605
    endloop
  endfacet
  facet normal 0 -1 0
    outer loop
      vertex 33.6584662941312 -41.7 25.44450902528625
      vertex 34.065069943049664 -41.7 24.683807102406394
      vertex 34.8 -41.7 31
    endloop
  endfacet
  facet normal 0 -1 0
    outer loop
      vertex 33.6584662941312 -41.7 25.44450902528625
      vertex 34.8 -41.7 31
      vertex 33.11126983722081 -41.7 26.11126983722081
    endloop
  endfacet
  facet normal 0 -1 0
    outer loop
      vertex 32.44450902528625 -41.7 26.6584662941312
      vertex 33.11126983722081 -41.7 26.11126983722081
      vertex 34.8 -41.7 31
    endloop
  endfacet
  facet normal 0 -1 0
    outer loop
      vertex 32.44450902528625 -41.7 26.6584662941312
      vertex 34.8 -41.7 31
      vertex 32.2 -41.7 27.533452377915605
    endloop
  endfacet
  facet normal 0 -1 0
    outer loop
      vertex 32.2 -41.7 27.533452377915605
      vertex 34.8 -41.7 31
      vertex 32.2 -41.7 28.539509810386516
    endloop
  endfacet
  facet normal 0 -1 0
    outer loop
      vertex 32.2 -41.7 28.539509810386516
      vertex 34.8 -41.7 31
      vertex 32.2 -41.7 31
    endloop
  endfacet
  facet normal 0 -1 0
    outer loop
      vertex 34.315455233774216 -41.7 23.858397416870964
      vertex 34.8 -41.7 31
      vertex 34.065069943049664 -41.7 24.683807102406394
    endloop
  endfacet
  facet normal -1 0 0
    outer loop
      vertex 34.8 -41.7 23
      vertex 34.8 -45 31
      vertex 34.8 -41.7 31
    endloop
  endfacet
  facet normal 0 1 0
    outer loop
      vertex 25.2 -45 31
      vertex 27.8 -45 31
      vertex 27.8 -45 30.562392791764754
    endloop
  endfacet
  facet normal 0 -1 0
    outer loop
      vertex 25.565378243945823 -41.7 29.16311952464757
      vertex 27.204281851536738 -41.7 29.167021081651498
      vertex 27.8 -41.7 29.215935154226603
    endloop
  endfacet
  facet normal 0 -1 0
    outer loop
      vertex 25.565378243945823 -41.7 29.16311952464757
      vertex 27.8 -41.7 29.637683537863904
      vertex 27.33899595341147 -41.7 29.581526010496827
    endloop
  endfacet
  facet normal -7.87700124123825e-16 -1 3.332747992674591e-14
    outer loop
      vertex 25.565378243945823 -41.7 29.16311952464757
      vertex 27.8 -41.7 29.215935154226603
      vertex 28.444365081389595 -41.699999999999996 29.444365081389595
    endloop
  endfacet
  facet normal 4.570403382927149e-15 -1 -2.1521064701500846e-14
    outer loop
      vertex 25.565378243945823 -41.7 29.16311952464757
      vertex 28.444365081389595 -41.699999999999996 29.444365081389595
      vertex 27.8 -41.7 29.637683537863904
    endloop
  endfacet
  facet normal 1.219901604948327e-15 -1 2.766434958468516e-14
    outer loop
      vertex 27.8 -41.7 29.215935154226603
      vertex 28.77510169054452 -41.7 29.17293656090556
      vertex 28.444365081389595 -41.699999999999996 29.444365081389595
    endloop
  endfacet
  facet normal 5.42445312262718e-15 -1 -1.8674363770461152e-14
    outer loop
      vertex 27.8 -41.7 29.637683537863904
      vertex 28.444365081389595 -41.699999999999996 29.444365081389595
      vertex 28.192213867491077 -41.7 29.75161222450623
    endloop
  endfacet
  facet normal 0 -1 0
    outer loop
      vertex 28.97397973961201 -41.7 28.86549138252362
      vertex 29.70660119214642 -41.7 27.533452377915605
      vertex 32.2 -41.7 27.533452377915605
    endloop
  endfacet
  facet normal 0 -1 0
    outer loop
      vertex 28.97397973961201 -41.7 28.86549138252362
      vertex 32.2 -41.7 27.533452377915605
      vertex 32.2 -41.7 28.539509810386516
    endloop
  endfacet
  facet normal 0.9951847266721969 0 -0.09801714032956056
    outer loop
      vertex 25.2 -45 31
      vertex 25.292230654064493 -41.7 31.936433545677417
      vertex 25.292230654064493 -45 31.936433545677417
    endloop
  endfacet
  facet normal 0.9569403357322088 0 -0.2902846772544626
    outer loop
      vertex 25.292230654064493 -45 31.936433545677417
      vertex 25.565378243945823 -41.7 32.83688047535243
      vertex 25.565378243945823 -45 32.83688047535243
    endloop
  endfacet
  facet normal 0.9951847266721969 0 -0.09801714032956056
    outer loop
      vertex 25.2 -45 31
      vertex 25.2 -41.7 31
      vertex 25.292230654064493 -41.7 31.936433545677417
    endloop
  endfacet
  facet normal 0.9569403357322088 0 -0.2902846772544626
    outer loop
      vertex 25.292230654064493 -45 31.936433545677417
      vertex 25.292230654064493 -41.7 31.936433545677417
      vertex 25.565378243945823 -41.7 32.83688047535243
    endloop
  endfacet
  facet normal 0.8819212643483546 0 -0.4713967368259984
    outer loop
      vertex 25.565378243945823 -45 32.83688047535243
      vertex 25.565378243945823 -41.7 32.83688047535243
      vertex 26.008945860947783 -41.7 33.66673711849409
    endloop
  endfacet
  facet normal 0 1 0
    outer loop
      vertex 25.2 -45 31
      vertex 25.292230654064493 -45 31.936433545677417
      vertex 27.8 -45 31
    endloop
  endfacet
  facet normal 0 1 0
    outer loop
      vertex 25.292230654064493 -45 31.936433545677417
      vertex 27.842272383112892 -45 31.429198708435482
      vertex 27.8 -45 31
    endloop
  endfacet
  facet normal 0 1 0
    outer loop
      vertex 25.292230654064493 -45 31.936433545677417
      vertex 25.565378243945823 -45 32.83688047535243
      vertex 27.967465028475168 -45 31.8419035512032
    endloop
  endfacet
  facet normal 0 1 0
    outer loop
      vertex 25.292230654064493 -45 31.936433545677417
      vertex 27.967465028475168 -45 31.8419035512032
      vertex 27.842272383112892 -45 31.429198708435482
    endloop
  endfacet
  facet normal 0.8819212643483546 0 -0.4713967368259984
    outer loop
      vertex 25.565378243945823 -45 32.83688047535243
      vertex 26.008945860947783 -41.7 33.66673711849409
      vertex 26.008945860947783 -45 33.66673711849409
    endloop
  endfacet
  facet normal 0 1 0
    outer loop
      vertex 25.565378243945823 -45 32.83688047535243
      vertex 28.1707668529344 -45 32.222254512643126
      vertex 27.967465028475168 -45 31.8419035512032
    endloop
  endfacet
  facet normal 0 1 0
    outer loop
      vertex 25.565378243945823 -45 32.83688047535243
      vertex 28.444365081389595 -45 32.5556349186104
      vertex 28.1707668529344 -45 32.222254512643126
    endloop
  endfacet
  facet normal 0 1 0
    outer loop
      vertex 25.565378243945823 -45 32.83688047535243
      vertex 28.777745487356874 -45 32.8292331470656
      vertex 28.444365081389595 -45 32.5556349186104
    endloop
  endfacet
  facet normal 0 1 0
    outer loop
      vertex 25.565378243945823 -45 32.83688047535243
      vertex 29.1580964487968 -45 33.03253497152483
      vertex 28.777745487356874 -45 32.8292331470656
    endloop
  endfacet
  facet normal 0 1 0
    outer loop
      vertex 25.565378243945823 -45 32.83688047535243
      vertex 29.570801291564518 -45 33.15772761688711
      vertex 29.1580964487968 -45 33.03253497152483
    endloop
  endfacet
  facet normal 0 1 0
    outer loop
      vertex 25.565378243945823 -45 32.83688047535243
      vertex 30 -45 33.2
      vertex 29.570801291564518 -45 33.15772761688711
    endloop
  endfacet
  facet normal 0 1 0
    outer loop
      vertex 25.565378243945823 -45 32.83688047535243
      vertex 26.008945860947783 -45 33.66673711849409
      vertex 33.99105413905222 -45 33.66673711849409
    endloop
  endfacet
  facet normal 0 -1 0
    outer loop
      vertex 25.2 -41.7 31
      vertex 27.842272383112892 -41.7 31.429198708435482
      vertex 25.292230654064493 -41.7 31.936433545677417
    endloop
  endfacet
  facet normal 0 -1 0
    outer loop
      vertex 25.2 -41.7 31
      vertex 27.8 -41.7 31
      vertex 27.842272383112892 -41.7 31.429198708435482
    endloop
  endfacet
  facet normal 0 -1 0
    outer loop
      vertex 25.292230654064493 -41.7 31.936433545677417
      vertex 27.842272383112892 -41.7 31.429198708435482
      vertex 27.967465028475168 -41.7 31.8419035512032
    endloop
  endfacet
  facet normal 0 -1 0
    outer loop
      vertex 25.292230654064493 -41.7 31.936433545677417
      vertex 27.967465028475168 -41.7 31.8419035512032
      vertex 28.1707668529344 -41.7 32.222254512643126
    endloop
  endfacet
  facet normal 0 -1 0
    outer loop
      vertex 25.292230654064493 -41.7 31.936433545677417
      vertex 28.1707668529344 -41.7 32.222254512643126
      vertex 25.565378243945823 -41.7 32.83688047535243
    endloop
  endfacet
  facet normal 0 -1 0
    outer loop
      vertex 25.565378243945823 -41.7 32.83688047535243
      vertex 29.1580964487968 -41.7 33.03253497152483
      vertex 26.008945860947783 -41.7 33.66673711849409
    endloop
  endfacet
  facet normal 0 -1 0
    outer loop
      vertex 25.565378243945823 -41.7 32.83688047535243
      vertex 28.1707668529344 -41.7 32.222254512643126
      vertex 28.444365081389595 -41.7 32.5556349186104
    endloop
  endfacet
  facet normal 0 -1 0
    outer loop
      vertex 25.565378243945823 -41.7 32.83688047535243
      vertex 28.444365081389595 -41.7 32.5556349186104
      vertex 28.777745487356874 -41.7 32.8292331470656
    endloop
  endfacet
  facet normal 0 -1 0
    outer loop
      vertex 25.565378243945823 -41.7 32.83688047535243
      vertex 28.777745487356874 -41.7 32.8292331470656
      vertex 29.1580964487968 -41.7 33.03253497152483
    endloop
  endfacet
  facet normal 0 -1 0
    outer loop
      vertex 26.008945860947783 -41.7 33.66673711849409
      vertex 29.1580964487968 -41.7 33.03253497152483
      vertex 29.570801291564518 -41.7 33.15772761688711
    endloop
  endfacet
  facet normal 0 -1 0
    outer loop
      vertex 26.008945860947783 -41.7 33.66673711849409
      vertex 29.570801291564518 -41.7 33.15772761688711
      vertex 30 -41.7 33.2
    endloop
  endfacet
  facet normal 0.7730104533627374 0 -0.6343932841636448
    outer loop
      vertex 26.008945860947783 -45 33.66673711849409
      vertex 26.60588745030457 -41.7 34.39411254969543
      vertex 26.60588745030457 -45 34.39411254969543
    endloop
  endfacet
  facet normal 0.6343932841636448 0 -0.7730104533627374
    outer loop
      vertex 26.60588745030457 -45 34.39411254969543
      vertex 26.60588745030457 -41.7 34.39411254969543
      vertex 27.33326288150591 -45 34.99105413905222
    endloop
  endfacet
  facet normal 0.4713967368259984 0 -0.8819212643483546
    outer loop
      vertex 27.33326288150591 -45 34.99105413905222
      vertex 27.33326288150591 -41.7 34.99105413905222
      vertex 28.16311952464757 -45 35.43462175605418
    endloop
  endfacet
  facet normal 0.2902846772544592 0 -0.9569403357322099
    outer loop
      vertex 28.16311952464757 -45 35.43462175605418
      vertex 28.16311952464757 -41.7 35.43462175605418
      vertex 29.063566454322583 -45 35.7077693459355
    endloop
  endfacet
  facet normal 0.7730104533627374 0 -0.6343932841636448
    outer loop
      vertex 26.008945860947783 -45 33.66673711849409
      vertex 26.008945860947783 -41.7 33.66673711849409
      vertex 26.60588745030457 -41.7 34.39411254969543
    endloop
  endfacet
  facet normal 0.6343932841636448 0 -0.7730104533627374
    outer loop
      vertex 27.33326288150591 -45 34.99105413905222
      vertex 26.60588745030457 -41.7 34.39411254969543
      vertex 27.33326288150591 -41.7 34.99105413905222
    endloop
  endfacet
  facet normal 0.4713967368259984 0 -0.8819212643483546
    outer loop
      vertex 27.33326288150591 -41.7 34.99105413905222
      vertex 28.16311952464757 -41.7 35.43462175605418
      vertex 28.16311952464757 -45 35.43462175605418
    endloop
  endfacet
  facet normal 0 1 0
    outer loop
      vertex 25.565378243945823 -45 32.83688047535243
      vertex 33.99105413905222 -45 33.66673711849409
      vertex 30 -45 33.2
    endloop
  endfacet
  facet normal 0 1 0
    outer loop
      vertex 30 -45 33.2
      vertex 33.99105413905222 -45 33.66673711849409
      vertex 30.429198708435482 -45 33.15772761688711
    endloop
  endfacet
  facet normal 0 -1 0
    outer loop
      vertex 26.008945860947783 -41.7 33.66673711849409
      vertex 30 -41.7 33.2
      vertex 34.43462175605418 -41.7 32.83688047535243
    endloop
  endfacet
  facet normal 0 -1 0
    outer loop
      vertex 26.008945860947783 -41.7 33.66673711849409
      vertex 34.43462175605418 -41.7 32.83688047535243
      vertex 33.99105413905222 -41.7 33.66673711849409
    endloop
  endfacet
  facet normal 0 1 0
    outer loop
      vertex 31.8292331470656 -45 32.222254512643126
      vertex 34.7077693459355 -45 31.936433545677417
      vertex 32.03253497152483 -45 31.8419035512032
    endloop
  endfacet
  facet normal 0 1 0
    outer loop
      vertex 32.2 -45 31
      vertex 32.15772761688711 -45 31.429198708435482
      vertex 34.8 -45 31
    endloop
  endfacet
  facet normal 0 1 0
    outer loop
      vertex 32.15772761688711 -45 31.429198708435482
      vertex 34.7077693459355 -45 31.936433545677417
      vertex 34.8 -45 31
    endloop
  endfacet
  facet normal 0 1 0
    outer loop
      vertex 32.15772761688711 -45 31.429198708435482
      vertex 32.03253497152483 -45 31.8419035512032
      vertex 34.7077693459355 -45 31.936433545677417
    endloop
  endfacet
  facet normal 0 1 0
    outer loop
      vertex 31.555634918610405 -45 32.5556349186104
      vertex 34.43462175605418 -45 32.83688047535243
      vertex 31.8292331470656 -45 32.222254512643126
    endloop
  endfacet
  facet normal 0 1 0
    outer loop
      vertex 31.222254512643126 -45 32.8292331470656
      vertex 34.43462175605418 -45 32.83688047535243
      vertex 31.555634918610405 -45 32.5556349186104
    endloop
  endfacet
  facet normal 0 1 0
    outer loop
      vertex 31.222254512643126 -45 32.8292331470656
      vertex 30.8419035512032 -45 33.03253497152483
      vertex 34.43462175605418 -45 32.83688047535243
    endloop
  endfacet
  facet normal 0 1 0
    outer loop
      vertex 30.429198708435482 -45 33.15772761688711
      vertex 33.99105413905222 -45 33.66673711849409
      vertex 30.8419035512032 -45 33.03253497152483
    endloop
  endfacet
  facet normal 0 1 0
    outer loop
      vertex 31.8292331470656 -45 32.222254512643126
      vertex 34.43462175605418 -45 32.83688047535243
      vertex 34.7077693459355 -45 31.936433545677417
    endloop
  endfacet
  facet normal 0 1 0
    outer loop
      vertex 30.8419035512032 -45 33.03253497152483
      vertex 33.99105413905222 -45 33.66673711849409
      vertex 34.43462175605418 -45 32.83688047535243
    endloop
  endfacet
  facet normal -0.8819212643483546 0 -0.4713967368259984
    outer loop
      vertex 33.99105413905222 -45 33.66673711849409
      vertex 34.43462175605418 -41.7 32.83688047535243
      vertex 34.43462175605418 -45 32.83688047535243
    endloop
  endfacet
  facet normal 0 -1 0
    outer loop
      vertex 32.2 -41.7 31
      vertex 34.7077693459355 -41.7 31.936433545677417
      vertex 32.15772761688711 -41.7 31.429198708435482
    endloop
  endfacet
  facet normal 0 -1 0
    outer loop
      vertex 32.2 -41.7 31
      vertex 34.8 -41.7 31
      vertex 34.7077693459355 -41.7 31.936433545677417
    endloop
  endfacet
  facet normal 0 -1 0
    outer loop
      vertex 32.15772761688711 -41.7 31.429198708435482
      vertex 34.7077693459355 -41.7 31.936433545677417
      vertex 32.03253497152483 -41.7 31.8419035512032
    endloop
  endfacet
  facet normal 0 -1 0
    outer loop
      vertex 32.03253497152483 -41.7 31.8419035512032
      vertex 34.7077693459355 -41.7 31.936433545677417
      vertex 34.43462175605418 -41.7 32.83688047535243
    endloop
  endfacet
  facet normal 0 -1 0
    outer loop
      vertex 31.8292331470656 -41.7 32.222254512643126
      vertex 32.03253497152483 -41.7 31.8419035512032
      vertex 34.43462175605418 -41.7 32.83688047535243
    endloop
  endfacet
  facet normal 0 -1 0
    outer loop
      vertex 31.555634918610405 -41.7 32.5556349186104
      vertex 31.8292331470656 -41.7 32.222254512643126
      vertex 34.43462175605418 -41.7 32.83688047535243
    endloop
  endfacet
  facet normal 0 -1 0
    outer loop
      vertex 31.222254512643126 -41.7 32.8292331470656
      vertex 31.555634918610405 -41.7 32.5556349186104
      vertex 34.43462175605418 -41.7 32.83688047535243
    endloop
  endfacet
  facet normal 0 -1 0
    outer loop
      vertex 30 -41.7 33.2
      vertex 30.429198708435482 -41.7 33.15772761688711
      vertex 34.43462175605418 -41.7 32.83688047535243
    endloop
  endfacet
  facet normal 0 -1 0
    outer loop
      vertex 30.429198708435482 -41.7 33.15772761688711
      vertex 30.8419035512032 -41.7 33.03253497152483
      vertex 34.43462175605418 -41.7 32.83688047535243
    endloop
  endfacet
  facet normal 0 -1 0
    outer loop
      vertex 31.222254512643126 -41.7 32.8292331470656
      vertex 34.43462175605418 -41.7 32.83688047535243
      vertex 30.8419035512032 -41.7 33.03253497152483
    endloop
  endfacet
  facet normal -0.8819212643483546 0 -0.4713967368259984
    outer loop
      vertex 33.99105413905222 -45 33.66673711849409
      vertex 33.99105413905222 -41.7 33.66673711849409
      vertex 34.43462175605418 -41.7 32.83688047535243
    endloop
  endfacet
  facet normal 0 1 0
    outer loop
      vertex 26.008945860947783 -45 33.66673711849409
      vertex 26.60588745030457 -45 34.39411254969543
      vertex 33.39411254969543 -45 34.39411254969543
    endloop
  endfacet
  facet normal 0 1 0
    outer loop
      vertex 26.008945860947783 -45 33.66673711849409
      vertex 33.39411254969543 -45 34.39411254969543
      vertex 33.99105413905222 -45 33.66673711849409
    endloop
  endfacet
  facet normal 0 1 0
    outer loop
      vertex 26.60588745030457 -45 34.39411254969543
      vertex 32.66673711849409 -45 34.99105413905222
      vertex 33.39411254969543 -45 34.39411254969543
    endloop
  endfacet
  facet normal 0 1 0
    outer loop
      vertex 26.60588745030457 -45 34.39411254969543
      vertex 27.33326288150591 -45 34.99105413905222
      vertex 32.66673711849409 -45 34.99105413905222
    endloop
  endfacet
  facet normal 0 1 0
    outer loop
      vertex 27.33326288150591 -45 34.99105413905222
      vertex 28.16311952464757 -45 35.43462175605418
      vertex 31.83688047535243 -45 35.43462175605418
    endloop
  endfacet
  facet normal 0 1 0
    outer loop
      vertex 28.16311952464757 -45 35.43462175605418
      vertex 29.063566454322583 -45 35.7077693459355
      vertex 30.936433545677417 -45 35.7077693459355
    endloop
  endfacet
  facet normal 0 1 0
    outer loop
      vertex 29.063566454322583 -45 35.7077693459355
      vertex 30 -45 35.8
      vertex 30.936433545677417 -45 35.7077693459355
    endloop
  endfacet
  facet normal 0.09801714032956056 0 -0.9951847266721969
    outer loop
      vertex 29.063566454322583 -45 35.7077693459355
      vertex 29.063566454322583 -41.7 35.7077693459355
      vertex 30 -45 35.8
    endloop
  endfacet
  facet normal 0 1 0
    outer loop
      vertex 27.33326288150591 -45 34.99105413905222
      vertex 31.83688047535243 -45 35.43462175605418
      vertex 32.66673711849409 -45 34.99105413905222
    endloop
  endfacet
  facet normal 0 1 0
    outer loop
      vertex 28.16311952464757 -45 35.43462175605418
      vertex 30.936433545677417 -45 35.7077693459355
      vertex 31.83688047535243 -45 35.43462175605418
    endloop
  endfacet
  facet normal -0.09801714032956056 0 -0.9951847266721969
    outer loop
      vertex 30 -45 35.8
      vertex 30 -41.7 35.8
      vertex 30.936433545677417 -45 35.7077693459355
    endloop
  endfacet
  facet normal -0.2902846772544592 0 -0.9569403357322099
    outer loop
      vertex 30.936433545677417 -45 35.7077693459355
      vertex 30.936433545677417 -41.7 35.7077693459355
      vertex 31.83688047535243 -45 35.43462175605418
    endloop
  endfacet
  facet normal 0 -1 0
    outer loop
      vertex 26.008945860947783 -41.7 33.66673711849409
      vertex 33.99105413905222 -41.7 33.66673711849409
      vertex 26.60588745030457 -41.7 34.39411254969543
    endloop
  endfacet
  facet normal 0 -1 0
    outer loop
      vertex 26.60588745030457 -41.7 34.39411254969543
      vertex 33.39411254969543 -41.7 34.39411254969543
      vertex 27.33326288150591 -41.7 34.99105413905222
    endloop
  endfacet
  facet normal 0 -1 0
    outer loop
      vertex 26.60588745030457 -41.7 34.39411254969543
      vertex 33.99105413905222 -41.7 33.66673711849409
      vertex 33.39411254969543 -41.7 34.39411254969543
    endloop
  endfacet
  facet normal 0.2902846772544592 0 -0.9569403357322099
    outer loop
      vertex 29.063566454322583 -45 35.7077693459355
      vertex 28.16311952464757 -41.7 35.43462175605418
      vertex 29.063566454322583 -41.7 35.7077693459355
    endloop
  endfacet
  facet normal 0.09801714032956056 0 -0.9951847266721969
    outer loop
      vertex 30 -45 35.8
      vertex 29.063566454322583 -41.7 35.7077693459355
      vertex 30 -41.7 35.8
    endloop
  endfacet
  facet normal 0 -1 0
    outer loop
      vertex 27.33326288150591 -41.7 34.99105413905222
      vertex 32.66673711849409 -41.7 34.99105413905222
      vertex 28.16311952464757 -41.7 35.43462175605418
    endloop
  endfacet
  facet normal 0 -1 0
    outer loop
      vertex 28.16311952464757 -41.7 35.43462175605418
      vertex 31.83688047535243 -41.7 35.43462175605418
      vertex 29.063566454322583 -41.7 35.7077693459355
    endloop
  endfacet
  facet normal 0 -1 0
    outer loop
      vertex 29.063566454322583 -41.7 35.7077693459355
      vertex 30.936433545677417 -41.7 35.7077693459355
      vertex 30 -41.7 35.8
    endloop
  endfacet
  facet normal -0.09801714032956056 0 -0.9951847266721969
    outer loop
      vertex 30.936433545677417 -45 35.7077693459355
      vertex 30 -41.7 35.8
      vertex 30.936433545677417 -41.7 35.7077693459355
    endloop
  endfacet
  facet normal 0 -1 0
    outer loop
      vertex 27.33326288150591 -41.7 34.99105413905222
      vertex 33.39411254969543 -41.7 34.39411254969543
      vertex 32.66673711849409 -41.7 34.99105413905222
    endloop
  endfacet
  facet normal 0 -1 0
    outer loop
      vertex 28.16311952464757 -41.7 35.43462175605418
      vertex 32.66673711849409 -41.7 34.99105413905222
      vertex 31.83688047535243 -41.7 35.43462175605418
    endloop
  endfacet
  facet normal 0 -1 0
    outer loop
      vertex 29.063566454322583 -41.7 35.7077693459355
      vertex 31.83688047535243 -41.7 35.43462175605418
      vertex 30.936433545677417 -41.7 35.7077693459355
    endloop
  endfacet
  facet normal -0.7730104533627374 0 -0.6343932841636448
    outer loop
      vertex 33.39411254969543 -45 34.39411254969543
      vertex 33.99105413905222 -41.7 33.66673711849409
      vertex 33.99105413905222 -45 33.66673711849409
    endloop
  endfacet
  facet normal -0.4713967368259984 0 -0.8819212643483546
    outer loop
      vertex 31.83688047535243 -45 35.43462175605418
      vertex 31.83688047535243 -41.7 35.43462175605418
      vertex 32.66673711849409 -45 34.99105413905222
    endloop
  endfacet
  facet normal -0.6343932841636448 0 -0.7730104533627374
    outer loop
      vertex 32.66673711849409 -45 34.99105413905222
      vertex 32.66673711849409 -41.7 34.99105413905222
      vertex 33.39411254969543 -45 34.39411254969543
    endloop
  endfacet
  facet normal -0.7730104533627374 0 -0.6343932841636448
    outer loop
      vertex 33.39411254969543 -45 34.39411254969543
      vertex 33.39411254969543 -41.7 34.39411254969543
      vertex 33.99105413905222 -41.7 33.66673711849409
    endloop
  endfacet
  facet normal -0.6343932841636448 0 -0.7730104533627374
    outer loop
      vertex 33.39411254969543 -45 34.39411254969543
      vertex 32.66673711849409 -41.7 34.99105413905222
      vertex 33.39411254969543 -41.7 34.39411254969543
    endloop
  endfacet
  facet normal -0.4713967368259984 0 -0.8819212643483546
    outer loop
      vertex 32.66673711849409 -45 34.99105413905222
      vertex 31.83688047535243 -41.7 35.43462175605418
      vertex 32.66673711849409 -41.7 34.99105413905222
    endloop
  endfacet
  facet normal -0.2902846772544592 0 -0.9569403357322099
    outer loop
      vertex 30.936433545677417 -41.7 35.7077693459355
      vertex 31.83688047535243 -41.7 35.43462175605418
      vertex 31.83688047535243 -45 35.43462175605418
    endloop
  endfacet
  facet normal -0.9951847266721969 0 -0.09801714032956056
    outer loop
      vertex 34.8 -45 31
      vertex 34.7077693459355 -45 31.936433545677417
      vertex 34.8 -41.7 31
    endloop
  endfacet
  facet normal -0.9569403357322099 0 -0.2902846772544592
    outer loop
      vertex 34.7077693459355 -45 31.936433545677417
      vertex 34.43462175605418 -45 32.83688047535243
      vertex 34.7077693459355 -41.7 31.936433545677417
    endloop
  endfacet
  facet normal -0.9951847266721969 0 -0.09801714032956056
    outer loop
      vertex 34.7077693459355 -45 31.936433545677417
      vertex 34.7077693459355 -41.7 31.936433545677417
      vertex 34.8 -41.7 31
    endloop
  endfacet
  facet normal -0.9569403357322099 0 -0.2902846772544592
    outer loop
      vertex 34.43462175605418 -45 32.83688047535243
      vertex 34.43462175605418 -41.7 32.83688047535243
      vertex 34.7077693459355 -41.7 31.936433545677417
    endloop
  endfacet
  facet normal 0 0 -1
    outer loop
      vertex -45.8 -46.3 -4
      vertex -33.971381918493414 -10.305106042533414 -4
      vertex -32.79772340415068 -13.585261848960688 -4
    endloop
  endfacet
  facet normal 0 0 -1
    outer loop
      vertex -45.8 -46.3 -4
      vertex -31.308204884366603 -16.734584157322917 -4
      vertex -29.517171236740356 -19.722743272195878 -4
    endloop
  endfacet
  facet normal 0 0 -1
    outer loop
      vertex -45.8 -46.3 -4
      vertex -32.79772340415068 -13.585261848960688 -4
      vertex -31.308204884366603 -16.734584157322917 -4
    endloop
  endfacet
  facet normal 0 0 -1
    outer loop
      vertex -45.8 -46.3 -4
      vertex -19.722743272195878 -29.517171236740356 -4
      vertex -16.734584157322917 -31.308204884366603 -4
    endloop
  endfacet
  facet normal 0 0 -1
    outer loop
      vertex -45.8 -46.3 -4
      vertex -13.585261848960688 -32.79772340415068 -4
      vertex -10.305106042533414 -33.971381918493414 -4
    endloop
  endfacet
  facet normal 0 0 -1
    outer loop
      vertex -45.8 -46.3 -4
      vertex -16.734584157322917 -31.308204884366603 -4
      vertex -13.585261848960688 -32.79772340415068 -4
    endloop
  endfacet
  facet normal 0 0 -1
    outer loop
      vertex -45.8 -46.3 -4
      vertex -29.517171236740356 -19.722743272195878 -4
      vertex -27.441871094377163 -22.520961587809413 -4
    endloop
  endfacet
  facet normal 0 0 -1
    outer loop
      vertex -45.8 -46.3 -4
      vertex -27.441871094377163 -22.520961587809413 -4
      vertex -25.102290732122437 -25.102290732122437 -4
    endloop
  endfacet
  facet normal 0 0 -1
    outer loop
      vertex -45.8 -46.3 -4
      vertex -25.102290732122437 -25.102290732122437 -4
      vertex -22.520961587809413 -27.441871094377163 -4
    endloop
  endfacet
  facet normal 0 0 -1
    outer loop
      vertex -45.8 -46.3 -4
      vertex -22.520961587809413 -27.441871094377163 -4
      vertex -19.722743272195878 -29.517171236740356 -4
    endloop
  endfacet
  facet normal 0 -1 0
    outer loop
      vertex -45.8 -46.3 -4
      vertex -33.11126983722081 -46.3 19.88873016277919
      vertex -33.6584662941312 -46.3 20.55549097471375
    endloop
  endfacet
  facet normal 0 -1 0
    outer loop
      vertex -45.8 -46.3 -4
      vertex -33.6584662941312 -46.3 20.55549097471375
      vertex -34.065069943049664 -46.3 21.316192897593606
    endloop
  endfacet
  facet normal 0 -1 0
    outer loop
      vertex -45.8 -46.3 -4
      vertex -34.065069943049664 -46.3 21.316192897593606
      vertex -34.315455233774216 -46.3 22.141602583129036
    endloop
  endfacet
  facet normal 0 -1 0
    outer loop
      vertex -45.8 -46.3 -4
      vertex -31.683807102406394 -46.3 18.93493005695034
      vertex -32.44450902528625 -46.3 19.3415337058688
    endloop
  endfacet
  facet normal 0 -1 0
    outer loop
      vertex -45.8 -46.3 -4
      vertex -30.858397416870964 -46.3 18.684544766225784
      vertex -31.683807102406394 -46.3 18.93493005695034
    endloop
  endfacet
  facet normal 0 -1 0
    outer loop
      vertex -45.8 -46.3 -4
      vertex -32.44450902528625 -46.3 19.3415337058688
      vertex -33.11126983722081 -46.3 19.88873016277919
    endloop
  endfacet
  facet normal 0 -1 0
    outer loop
      vertex -45.8 -46.3 -4
      vertex -30 -46.3 18.6
      vertex -30.858397416870964 -46.3 18.684544766225784
    endloop
  endfacet
  facet normal 0 -1 0
    outer loop
      vertex -45.8 -46.3 -4
      vertex -29.141602583129036 -46.3 18.684544766225784
      vertex -30 -46.3 18.6
    endloop
  endfacet
  facet normal 0 -1 0
    outer loop
      vertex -45.8 -46.3 -4
      vertex -28.316192897593606 -46.3 18.93493005695034
      vertex -29.141602583129036 -46.3 18.684544766225784
    endloop
  endfacet
  facet normal 0 -1 0
    outer loop
      vertex -45.8 -46.3 -4
      vertex -34.315455233774216 -46.3 22.141602583129036
      vertex -34.4 -46.3 23
    endloop
  endfacet
  facet normal 0 -1 0
    outer loop
      vertex -45.8 -46.3 -4
      vertex -34.4 -46.3 23
      vertex -34.315455233774216 -46.3 23.858397416870964
    endloop
  endfacet
  facet normal 0 -1 0
    outer loop
      vertex -45.8 -46.3 -4
      vertex -34.315455233774216 -46.3 23.858397416870964
      vertex -34.065069943049664 -46.3 24.683807102406394
    endloop
  endfacet
  facet normal 0 -1 0
    outer loop
      vertex -45.8 -46.3 -4
      vertex -27.55549097471375 -46.3 19.3415337058688
      vertex -28.316192897593606 -46.3 18.93493005695034
    endloop
  endfacet
  facet normal 0 -1 0
    outer loop
      vertex -45.8 -46.3 -4
      vertex -26.88873016277919 -46.3 19.88873016277919
      vertex -27.55549097471375 -46.3 19.3415337058688
    endloop
  endfacet
  facet normal 0 0 -1
    outer loop
      vertex -45.8 -46.3 -4
      vertex -34.81787745431468 -6.925706431572553 -4
      vertex -33.971381918493414 -10.305106042533414 -4
    endloop
  endfacet
  facet normal 0 0 -1
    outer loop
      vertex -45.8 -46.3 -4
      vertex -35.32905779686299 -3.4796084816994015 -4
      vertex -34.81787745431468 -6.925706431572553 -4
    endloop
  endfacet
  facet normal 0 0 -1
    outer loop
      vertex -45.8 -46.3 -4
      vertex -35.5 0 -4
      vertex -35.32905779686299 -3.4796084816994015 -4
    endloop
  endfacet
  facet normal 0 0 -1
    outer loop
      vertex -45.8 -46.3 -4
      vertex -35.32905779686299 3.4796084816994015 -4
      vertex -35.5 0 -4
    endloop
  endfacet
  facet normal -1 0 0
    outer loop
      vertex -45.8 -46.3 -4
      vertex -45.8 -5.942793473651995 6.23615747130329
      vertex -45.8 -5.765366864730179 6.152240934977426
    endloop
  endfacet
  facet normal -1 0 0
    outer loop
      vertex -45.8 -46.3 -4
      vertex -45.8 -6.111140466039204 6.337060775394909
      vertex -45.8 -5.942793473651995 6.23615747130329
    endloop
  endfacet
  facet normal -1 0 0
    outer loop
      vertex -45.8 -46.3 -4
      vertex -45.8 -5.765366864730179 6.152240934977426
      vertex -45.8 -5.580569354508925 6.086119328535583
    endloop
  endfacet
  facet normal -1 0 0
    outer loop
      vertex -45.8 -46.3 -4
      vertex -45.8 -6.546020906725474 6.731213431672709
      vertex -45.8 -6.414213562373095 6.585786437626905
    endloop
  endfacet
  facet normal -1 0 0
    outer loop
      vertex -45.8 -46.3 -4
      vertex -45.8 -6.76384252869671 7.057206526348004
      vertex -45.8 -6.662939224605091 6.888859533960796
    endloop
  endfacet
  facet normal -1 0 0
    outer loop
      vertex -45.8 -46.3 -4
      vertex -45.8 -6.662939224605091 6.888859533960796
      vertex -45.8 -6.546020906725474 6.731213431672709
    endloop
  endfacet
  facet normal -1 0 0
    outer loop
      vertex -45.8 -46.3 -4
      vertex -45.8 -6.847759065022574 7.234633135269821
      vertex -45.8 -6.76384252869671 7.057206526348004
    endloop
  endfacet
  facet normal -1 0 0
    outer loop
      vertex -45.8 -46.3 -4
      vertex -45.8 -6.268786568327291 6.453979093274526
      vertex -45.8 -6.111140466039204 6.337060775394909
    endloop
  endfacet
  facet normal -1 0 0
    outer loop
      vertex -45.8 -46.3 -4
      vertex -45.8 -6.414213562373095 6.585786437626905
      vertex -45.8 -6.268786568327291 6.453979093274526
    endloop
  endfacet
  facet normal -1 0 0
    outer loop
      vertex -45.8 -46.3 -4
      vertex -45.8 -6.961570560806461 7.609819355967744
      vertex -45.8 -6.913880671464417 7.419430645491076
    endloop
  endfacet
  facet normal -1 0 0
    outer loop
      vertex -45.8 -46.3 -4
      vertex -45.8 -6.990369453344394 7.803965719340878
      vertex -45.8 -6.961570560806461 7.609819355967744
    endloop
  endfacet
  facet normal -1 0 0
    outer loop
      vertex -45.8 -46.3 -4
      vertex -45.8 -6.913880671464417 7.419430645491076
      vertex -45.8 -6.847759065022574 7.234633135269821
    endloop
  endfacet
  facet normal -1 0 0
    outer loop
      vertex -45.8 -46.3 -4
      vertex -45.8 -7 8
      vertex -45.8 -6.990369453344394 7.803965719340878
    endloop
  endfacet
  facet normal 0 0 -1
    outer loop
      vertex -45.8 -46.3 -4
      vertex -45.8 21.499999999999996 -4
      vertex -35.32905779686299 3.4796084816994015 -4
    endloop
  endfacet
  facet normal -1 0 0
    outer loop
      vertex -45.8 -46.3 -4
      vertex -45.8 -5.580569354508925 6.086119328535583
      vertex -45.8 21.499999999999996 -4
    endloop
  endfacet
  facet normal -1 0 0
    outer loop
      vertex -45.8 -46.3 -4
      vertex -45.8 -7 14
      vertex -45.8 -7 8
    endloop
  endfacet
  facet normal -1 0 0
    outer loop
      vertex -45.8 -46.3 -4
      vertex -45.8 -6.990369453344394 14.196034280659122
      vertex -45.8 -7 14
    endloop
  endfacet
  facet normal -1 0 0
    outer loop
      vertex -45.8 -46.3 -4
      vertex -45.8 -6.961570560806461 14.390180644032256
      vertex -45.8 -6.990369453344394 14.196034280659122
    endloop
  endfacet
  facet normal -1 0 0
    outer loop
      vertex -45.8 -46.3 -4
      vertex -45.8 -6.913880671464417 14.580569354508924
      vertex -45.8 -6.961570560806461 14.390180644032256
    endloop
  endfacet
  facet normal -1 0 0
    outer loop
      vertex -45.8 -46.3 -4
      vertex -45.8 -6.847759065022574 14.76536686473018
      vertex -45.8 -6.913880671464417 14.580569354508924
    endloop
  endfacet
  facet normal -1 0 0
    outer loop
      vertex -45.8 -46.3 -4
      vertex -45.8 -6.76384252869671 14.942793473651996
      vertex -45.8 -6.847759065022574 14.76536686473018
    endloop
  endfacet
  facet normal -1 0 0
    outer loop
      vertex -45.8 -46.3 -4
      vertex -45.8 -6.662939224605091 15.111140466039204
      vertex -45.8 -6.76384252869671 14.942793473651996
    endloop
  endfacet
  facet normal -1 0 0
    outer loop
      vertex -45.8 -46.3 -4
      vertex -45.8 -6.546020906725474 15.268786568327291
      vertex -45.8 -6.662939224605091 15.111140466039204
    endloop
  endfacet
  facet normal -1 0 0
    outer loop
      vertex -45.8 -46.3 -4
      vertex -45.8 -6.414213562373095 15.414213562373096
      vertex -45.8 -6.546020906725474 15.268786568327291
    endloop
  endfacet
  facet normal -1 0 0
    outer loop
      vertex -45.8 -46.3 -4
      vertex -45.8 5.1484378968757945 26.353060706121415
      vertex -45.8 -6.414213562373095 15.414213562373096
    endloop
  endfacet
  facet normal 0 0 -1
    outer loop
      vertex -45.8 -46.3 -4
      vertex -10.305106042533414 -33.971381918493414 -4
      vertex -6.925706431572553 -34.81787745431468 -4
    endloop
  endfacet
  facet normal 0 0 -1
    outer loop
      vertex -45.8 -46.3 -4
      vertex -6.925706431572553 -34.81787745431468 -4
      vertex 45.8 -46.3 -4
    endloop
  endfacet
  facet normal 0 -1 0
    outer loop
      vertex -45.8 -46.3 -4
      vertex 45.8 -46.3 -4
      vertex -26.88873016277919 -46.3 19.88873016277919
    endloop
  endfacet
  facet normal 0 -1 0
    outer loop
      vertex 45.8 -46.3 -4
      vertex -26.3415337058688 -46.3 20.55549097471375
      vertex -26.88873016277919 -46.3 19.88873016277919
    endloop
  endfacet
  facet normal 0 -1 0
    outer loop
      vertex 45.8 -46.3 -4
      vertex -25.93493005695034 -46.3 21.316192897593606
      vertex -26.3415337058688 -46.3 20.55549097471375
    endloop
  endfacet
  facet normal 0 -1 0
    outer loop
      vertex 45.8 -46.3 -4
      vertex -25.684544766225784 -46.3 22.141602583129036
      vertex -25.93493005695034 -46.3 21.316192897593606
    endloop
  endfacet
  facet normal 0 -1 0
    outer loop
      vertex 45.8 -46.3 -4
      vertex -25.6 -46.3 23
      vertex -25.684544766225784 -46.3 22.141602583129036
    endloop
  endfacet
  facet normal 0 -1 0
    outer loop
      vertex 45.8 -46.3 -4
      vertex -25.684544766225784 -46.3 23.858397416870964
      vertex -25.6 -46.3 23
    endloop
  endfacet
  facet normal 0 -1 0
    outer loop
      vertex 45.8 -46.3 -4
      vertex -25.93493005695034 -46.3 24.683807102406394
      vertex -25.684544766225784 -46.3 23.858397416870964
    endloop
  endfacet
  facet normal 0 -1 0
    outer loop
      vertex 45.8 -46.3 -4
      vertex -26.3415337058688 -46.3 25.44450902528625
      vertex -25.93493005695034 -46.3 24.683807102406394
    endloop
  endfacet
  facet normal 0 -1 0
    outer loop
      vertex 45.8 -46.3 -4
      vertex -26.88873016277919 -46.3 26.11126983722081
      vertex -26.3415337058688 -46.3 25.44450902528625
    endloop
  endfacet
  facet normal 0 -1 0
    outer loop
      vertex -45.8 -46.3 -4
      vertex -34.065069943049664 -46.3 24.683807102406394
      vertex -45.8 -46.3 36
    endloop
  endfacet
  facet normal -1 0 0
    outer loop
      vertex -45.8 -46.3 -4
      vertex -45.8 -46.3 36
      vertex -45.8 -41.8 36
    endloop
  endfacet
  facet normal -1 0 0
    outer loop
      vertex -45.8 -46.3 -4
      vertex -45.8 -41.8 36
      vertex -45.8 5.1484378968757945 26.353060706121415
    endloop
  endfacet
  facet normal 0 -1 0
    outer loop
      vertex -45.8 -46.3 36
      vertex -34.065069943049664 -46.3 24.683807102406394
      vertex -33.6584662941312 -46.3 25.44450902528625
    endloop
  endfacet
  facet normal 0 -1 0
    outer loop
      vertex -45.8 -46.3 36
      vertex -33.6584662941312 -46.3 25.44450902528625
      vertex -33.11126983722081 -46.3 26.11126983722081
    endloop
  endfacet
  facet normal 0 -1 0
    outer loop
      vertex -45.8 -46.3 36
      vertex -33.11126983722081 -46.3 26.11126983722081
      vertex -32.44450902528625 -46.3 26.6584662941312
    endloop
  endfacet
  facet normal 0 -1 0
    outer loop
      vertex -45.8 -46.3 36
      vertex -32.44450902528625 -46.3 26.6584662941312
      vertex -32.2 -46.3 26.789159090987173
    endloop
  endfacet
  facet normal 0 -1 0
    outer loop
      vertex -45.8 -46.3 36
      vertex -32.2 -46.3 26.789159090987173
      vertex -32.2 -46.3 31
    endloop
  endfacet
  facet normal 0 -1 0
    outer loop
      vertex -45.8 -46.3 36
      vertex -32.2 -46.3 31
      vertex -32.15772761688711 -46.3 31.429198708435482
    endloop
  endfacet
  facet normal 0 -1 0
    outer loop
      vertex -45.8 -46.3 36
      vertex -32.15772761688711 -46.3 31.429198708435482
      vertex -32.03253497152483 -46.3 31.8419035512032
    endloop
  endfacet
  facet normal 0 -1 0
    outer loop
      vertex -45.8 -46.3 36
      vertex -32.03253497152483 -46.3 31.8419035512032
      vertex -31.8292331470656 -46.3 32.222254512643126
    endloop
  endfacet
  facet normal 0 0 1
    outer loop
      vertex -45.8 -46.3 36
      vertex -21.499999999999996 -41.8 36
      vertex -45.8 -41.8 36
    endloop
  endfacet
  facet normal 0 -1 0
    outer loop
      vertex -45.8 -46.3 36
      vertex -31.8292331470656 -46.3 32.222254512643126
      vertex -31.555634918610405 -46.3 32.5556349186104
    endloop
  endfacet
  facet normal 0 -1 0
    outer loop
      vertex -45.8 -46.3 36
      vertex -31.555634918610405 -46.3 32.5556349186104
      vertex -31.222254512643126 -46.3 32.8292331470656
    endloop
  endfacet
  facet normal 0 -1 0
    outer loop
      vertex -45.8 -46.3 36
      vertex -31.222254512643126 -46.3 32.8292331470656
      vertex -30.8419035512032 -46.3 33.03253497152483
    endloop
  endfacet
  facet normal 0 -1 0
    outer loop
      vertex -45.8 -46.3 36
      vertex -30.8419035512032 -46.3 33.03253497152483
      vertex -30.429198708435482 -46.3 33.15772761688711
    endloop
  endfacet
  facet normal 0 -1 0
    outer loop
      vertex -45.8 -46.3 36
      vertex -30.429198708435482 -46.3 33.15772761688711
      vertex -30 -46.3 33.2
    endloop
  endfacet
  facet normal 0 -1 0
    outer loop
      vertex -45.8 -46.3 36
      vertex -30 -46.3 33.2
      vertex -29.570801291564518 -46.3 33.15772761688711
    endloop
  endfacet
  facet normal -1 0 0
    outer loop
      vertex -45.8 5.1484378968757945 26.353060706121415
      vertex -45.8 -6.268786568327291 15.546020906725474
      vertex -45.8 -6.414213562373095 15.414213562373096
    endloop
  endfacet
  facet normal -1 0 0
    outer loop
      vertex -45.8 5.1484378968757945 26.353060706121415
      vertex -45.8 -6.111140466039204 15.66293922460509
      vertex -45.8 -6.268786568327291 15.546020906725474
    endloop
  endfacet
  facet normal -1 0 0
    outer loop
      vertex -45.8 5.1484378968757945 26.353060706121415
      vertex -45.8 -5.942793473651995 15.76384252869671
      vertex -45.8 -6.111140466039204 15.66293922460509
    endloop
  endfacet
  facet normal -1 0 0
    outer loop
      vertex -45.8 5.1484378968757945 26.353060706121415
      vertex -45.8 -5.765366864730179 15.847759065022574
      vertex -45.8 -5.942793473651995 15.76384252869671
    endloop
  endfacet
  facet normal -1 0 0
    outer loop
      vertex -45.8 5.1484378968757945 26.353060706121415
      vertex -45.8 -5.580569354508925 15.913880671464417
      vertex -45.8 -5.765366864730179 15.847759065022574
    endloop
  endfacet
  facet normal -1 0 0
    outer loop
      vertex -45.8 5.1484378968757945 26.353060706121415
      vertex -45.8 -5.390180644032257 15.96157056080646
      vertex -45.8 -5.580569354508925 15.913880671464417
    endloop
  endfacet
  facet normal -1 0 0
    outer loop
      vertex -45.8 5.1484378968757945 26.353060706121415
      vertex -45.8 -5.196034280659121 15.990369453344394
      vertex -45.8 -5.390180644032257 15.96157056080646
    endloop
  endfacet
  facet normal -1 0 0
    outer loop
      vertex -45.8 5.1484378968757945 26.353060706121415
      vertex -45.8 -5 16
      vertex -45.8 -5.196034280659121 15.990369453344394
    endloop
  endfacet
  facet normal 0 -1 0
    outer loop
      vertex 45.8 -46.3 -4
      vertex -27.55549097471375 -46.3 26.6584662941312
      vertex -26.88873016277919 -46.3 26.11126983722081
    endloop
  endfacet
  facet normal 0 -1 0
    outer loop
      vertex 45.8 -46.3 -4
      vertex -27.800000000000004 -46.3 26.789159090987177
      vertex -27.55549097471375 -46.3 26.6584662941312
    endloop
  endfacet
  facet normal 0 -1 0
    outer loop
      vertex -45.8 -46.3 36
      vertex -29.570801291564518 -46.3 33.15772761688711
      vertex 29.570801291564518 -46.3 33.15772761688711
    endloop
  endfacet
  facet normal 0 -1 0
    outer loop
      vertex -27.800000000000004 -46.3 26.789159090987177
      vertex 25.684544766225784 -46.3 23.858397416870964
      vertex -27.800000000000004 -46.3 30.999999999999968
    endloop
  endfacet
  facet normal 0 -1 0
    outer loop
      vertex -27.800000000000004 -46.3 30.999999999999968
      vertex 25.93493005695034 -46.3 24.683807102406394
      vertex -27.842272383112892 -46.3 31.429198708435482
    endloop
  endfacet
  facet normal 0 -1 0
    outer loop
      vertex -27.842272383112892 -46.3 31.429198708435482
      vertex 26.3415337058688 -46.3 25.44450902528625
      vertex -27.967465028475168 -46.3 31.8419035512032
    endloop
  endfacet
  facet normal 0 -1 0
    outer loop
      vertex -28.1707668529344 -46.3 32.222254512643126
      vertex -27.967465028475168 -46.3 31.8419035512032
      vertex 26.88873016277919 -46.3 26.11126983722081
    endloop
  endfacet
  facet normal 0 -1 0
    outer loop
      vertex -28.1707668529344 -46.3 32.222254512643126
      vertex 28.444365081389595 -46.3 32.5556349186104
      vertex -28.444365081389595 -46.3 32.5556349186104
    endloop
  endfacet
  facet normal 0 -1 0
    outer loop
      vertex -28.444365081389595 -46.3 32.5556349186104
      vertex 28.777745487356874 -46.3 32.8292331470656
      vertex -28.777745487356874 -46.3 32.8292331470656
    endloop
  endfacet
  facet normal 0 -1 0
    outer loop
      vertex -29.570801291564518 -46.3 33.15772761688711
      vertex -29.1580964487968 -46.3 33.03253497152483
      vertex 29.570801291564518 -46.3 33.15772761688711
    endloop
  endfacet
  facet normal 0 -1 0
    outer loop
      vertex -28.777745487356874 -46.3 32.8292331470656
      vertex 29.1580964487968 -46.3 33.03253497152483
      vertex -29.1580964487968 -46.3 33.03253497152483
    endloop
  endfacet
  facet normal 0 0 1
    outer loop
      vertex -45.8 -46.3 36
      vertex 45.8 -46.3 36
      vertex -21.499999999999996 -41.8 36
    endloop
  endfacet
  facet normal 0 0 -1
    outer loop
      vertex -45.8 21.499999999999996 -4
      vertex -34.81787745431468 6.925706431572553 -4
      vertex -35.32905779686299 3.4796084816994015 -4
    endloop
  endfacet
  facet normal -1 0 0
    outer loop
      vertex -45.8 21.499999999999996 -4
      vertex -45.8 -5.580569354508925 6.086119328535583
      vertex -45.8 -5.390180644032257 6.038429439193539
    endloop
  endfacet
  facet normal -1 0 0
    outer loop
      vertex -45.8 21.499999999999996 -4
      vertex -45.8 -5.390180644032257 6.038429439193539
      vertex -45.8 -5.196034280659121 6.009630546655606
    endloop
  endfacet
  facet normal -1 0 0
    outer loop
      vertex -45.8 21.499999999999996 -4
      vertex -45.8 -5.196034280659121 6.009630546655606
      vertex -45.8 -5 6
    endloop
  endfacet
  facet normal -1 0 0
    outer loop
      vertex -45.8 21.499999999999996 -4
      vertex -45.8 -5 6
      vertex -45.8 5 6
    endloop
  endfacet
  facet normal -1 0 0
    outer loop
      vertex -45.8 21.499999999999996 -4
      vertex -45.8 5 6
      vertex -45.8 5.196034280659121 6.009630546655606
    endloop
  endfacet
  facet normal -1 0 0
    outer loop
      vertex -45.8 21.499999999999996 -4
      vertex -45.8 5.196034280659121 6.009630546655606
      vertex -45.8 5.390180644032257 6.038429439193539
    endloop
  endfacet
  facet normal -1 0 0
    outer loop
      vertex -45.8 21.499999999999996 -4
      vertex -45.8 5.390180644032257 6.038429439193539
      vertex -45.8 5.580569354508925 6.086119328535583
    endloop
  endfacet
  facet normal -1 0 0
    outer loop
      vertex -45.8 21.499999999999996 -4
      vertex -45.8 5.580569354508925 6.086119328535583
      vertex -45.8 5.765366864730179 6.152240934977426
    endloop
  endfacet
  facet normal -1 0 0
    outer loop
      vertex -45.8 21.499999999999996 -4
      vertex -45.8 5.765366864730179 6.152240934977426
      vertex -45.8 5.942793473651995 6.23615747130329
    endloop
  endfacet
  facet normal -1 0 0
    outer loop
      vertex -45.8 21.499999999999996 -4
      vertex -45.8 5.942793473651995 6.23615747130329
      vertex -45.8 6.111140466039204 6.337060775394909
    endloop
  endfacet
  facet normal 0 0 -1
    outer loop
      vertex -45.8 21.499999999999996 -4
      vertex -45.68298885813438 23.88181651000832 -4
      vertex -32.79772340415068 13.585261848960688 -4
    endloop
  endfacet
  facet normal 0 0 -1
    outer loop
      vertex -45.8 21.499999999999996 -4
      vertex -33.971381918493414 10.305106042533414 -4
      vertex -34.81787745431468 6.925706431572553 -4
    endloop
  endfacet
  facet normal 0 0 -1
    outer loop
      vertex -45.8 21.499999999999996 -4
      vertex -32.79772340415068 13.585261848960688 -4
      vertex -33.971381918493414 10.305106042533414 -4
    endloop
  endfacet
  facet normal 0 0 -1
    outer loop
      vertex -45.68298885813438 23.88181651000832 -4
      vertex -31.308204884366603 16.734584157322917 -4
      vertex -32.79772340415068 13.585261848960688 -4
    endloop
  endfacet
  facet normal 0 0 -1
    outer loop
      vertex -45.68298885813438 23.88181651000832 -4
      vertex -29.517171236740356 19.722743272195878 -4
      vertex -31.308204884366603 16.734584157322917 -4
    endloop
  endfacet
  facet normal -1 0 0
    outer loop
      vertex -45.8 21.499999999999996 -4
      vertex -45.8 6.111140466039204 6.337060775394909
      vertex -45.8 6.268786568327291 6.453979093274526
    endloop
  endfacet
  facet normal -1 0 0
    outer loop
      vertex -45.8 21.499999999999996 -4
      vertex -45.8 6.268786568327291 6.453979093274526
      vertex -45.8 6.414213562373095 6.585786437626905
    endloop
  endfacet
  facet normal -1 0 0
    outer loop
      vertex -45.8 21.499999999999996 -4
      vertex -45.8 6.414213562373095 6.585786437626905
      vertex -45.8 6.546020906725474 6.731213431672709
    endloop
  endfacet
  facet normal -1 0 0
    outer loop
      vertex -45.8 21.499999999999996 -4
      vertex -45.8 6.546020906725474 6.731213431672709
      vertex -45.8 6.662939224605091 6.888859533960796
    endloop
  endfacet
  facet normal -1 0 0
    outer loop
      vertex -45.8 21.499999999999996 -4
      vertex -45.8 6.662939224605091 6.888859533960796
      vertex -45.8 6.76384252869671 7.057206526348004
    endloop
  endfacet
  facet normal -1 0 0
    outer loop
      vertex -45.8 21.499999999999996 -4
      vertex -45.8 6.76384252869671 7.057206526348004
      vertex -45.8 6.847759065022574 7.234633135269821
    endloop
  endfacet
  facet normal -1 0 0
    outer loop
      vertex -45.8 21.499999999999996 -4
      vertex -45.8 6.847759065022574 7.234633135269821
      vertex -45.8 6.913880671464417 7.419430645491076
    endloop
  endfacet
  facet normal -1 0 0
    outer loop
      vertex -45.8 21.499999999999996 -4
      vertex -45.8 6.913880671464417 7.419430645491076
      vertex -45.8 6.961570560806461 7.609819355967744
    endloop
  endfacet
  facet normal -1 0 0
    outer loop
      vertex -45.8 21.499999999999996 -4
      vertex -45.8 6.961570560806461 7.609819355967744
      vertex -45.8 6.990369453344394 7.803965719340878
    endloop
  endfacet
  facet normal 0 0 -1
    outer loop
      vertex -45.68298885813438 23.88181651000832 -4
      vertex -27.441871094377163 22.520961587809413 -4
      vertex -29.517171236740356 19.722743272195878 -4
    endloop
  endfacet
  facet normal -1 0 0
    outer loop
      vertex -45.8 21.499999999999996 -4
      vertex -45.8 6.990369453344394 7.803965719340878
      vertex -45.8 21.499999999999996 22.993150684931503
    endloop
  endfacet
  facet normal -1 0 0
    outer loop
      vertex -45.8 21.499999999999996 22.993150684931503
      vertex -45.8 6.990369453344394 7.803965719340878
      vertex -45.8 7 8
    endloop
  endfacet
  facet normal -1 0 0
    outer loop
      vertex -45.8 21.499999999999996 22.993150684931503
      vertex -45.8 7 8
      vertex -45.8 7 14
    endloop
  endfacet
  facet normal -0.9987954562051723 0.04906767432741881 0
    outer loop
      vertex -45.8 21.499999999999996 -4
      vertex -45.8 21.499999999999996 22.993150684931503
      vertex -45.68298885813438 23.88181651000832 22.503736333559935
    endloop
  endfacet
  facet normal 0 0 -1
    outer loop
      vertex -45.68298885813438 23.88181651000832 -4
      vertex -45.3330823137985 26.240694824991913 -4
      vertex -27.441871094377163 22.520961587809413 -4
    endloop
  endfacet
  facet normal 0 0 -1
    outer loop
      vertex -45.3330823137985 26.240694824991913 -4
      vertex -44.75365015829267 28.55391765728343 -4
      vertex -25.102290732122437 25.102290732122437 -4
    endloop
  endfacet
  facet normal 0 0 -1
    outer loop
      vertex -44.75365015829267 28.55391765728343 -4
      vertex -43.95027264002427 30.79920740647168 -4
      vertex -22.520961587809413 27.441871094377163 -4
    endloop
  endfacet
  facet normal 0 0 -1
    outer loop
      vertex -43.95027264002427 30.79920740647168 -4
      vertex -42.930686723665026 32.95494070487174 -4
      vertex -19.722743272195878 29.517171236740356 -4
    endloop
  endfacet
  facet normal -0.9891765099647812 0.14673047445536017 0
    outer loop
      vertex -45.68298885813438 23.88181651000832 -4
      vertex -45.3330823137985 26.240694824991913 22.019035309933173
      vertex -45.3330823137985 26.240694824991913 -4
    endloop
  endfacet
  facet normal -0.9987954562051724 0.04906767432741883 0
    outer loop
      vertex -45.8 21.499999999999996 -4
      vertex -45.68298885813438 23.88181651000832 22.503736333559935
      vertex -45.68298885813438 23.88181651000832 -4
    endloop
  endfacet
  facet normal -0.9700312531945436 0.24298017990326506 0
    outer loop
      vertex -45.3330823137985 26.240694824991913 -4
      vertex -44.75365015829267 28.55391765728343 21.54371554987327
      vertex -44.75365015829267 28.55391765728343 -4
    endloop
  endfacet
  facet normal -0.9415440651830213 0.33688985339221894 0
    outer loop
      vertex -44.75365015829267 28.55391765728343 -4
      vertex -43.95027264002427 30.79920740647168 21.08235464250582
      vertex -43.95027264002427 30.79920740647168 -4
    endloop
  endfacet
  facet normal -0.9039892931234431 0.4275550934302823 0
    outer loop
      vertex -43.95027264002427 30.79920740647168 -4
      vertex -42.930686723665026 32.95494070487174 20.6393957455743
      vertex -42.930686723665026 32.95494070487174 -4
    endloop
  endfacet
  facet normal -0.6715589548470196 0.7409511253549581 3.7245042435820356e-16
    outer loop
      vertex -38.6826947828331 38.6826947828331 -4
      vertex -37 40.20780043557718 0
      vertex -36.915756805176585 40.28415401671451 -4
    endloop
  endfacet
  facet normal -0.5956993044924316 0.8032075314806463 0
    outer loop
      vertex -36.915756805176585 40.28415401671451 -4
      vertex -35.00035666237633 41.704711578951844 0
      vertex -35.00035666237633 41.704711578951844 -4
    endloop
  endfacet
  facet normal -0.6715589548470298 0.7409511253549488 0
    outer loop
      vertex -36.915756805176585 40.28415401671451 -4
      vertex -37 40.20780043557718 0
      vertex -36.915756805176585 40.28415401671451 0
    endloop
  endfacet
  facet normal -0.5956993044924316 0.8032075314806463 0
    outer loop
      vertex -36.915756805176585 40.28415401671451 -4
      vertex -36.915756805176585 40.28415401671451 0
      vertex -35.00035666237633 41.704711578951844 0
    endloop
  endfacet
  facet normal -0.8577286100002717 0.5141027441932222 0
    outer loop
      vertex -42.930686723665026 32.95494070487174 -4
      vertex -41.704711578951844 35.00035666237633 20.21910479540212
      vertex -41.704711578951844 35.00035666237633 -4
    endloop
  endfacet
  facet normal -0.8032075314806462 0.5956993044924316 0
    outer loop
      vertex -41.704711578951844 35.00035666237633 -4
      vertex -40.28415401671451 36.915756805176585 19.825529423593853
      vertex -40.28415401671451 36.915756805176585 -4
    endloop
  endfacet
  facet normal -0.740951125354958 0.6715589548470196 0
    outer loop
      vertex -40.28415401671451 36.915756805176585 -4
      vertex -38.6826947828331 38.6826947828331 19.462459976130184
      vertex -38.6826947828331 38.6826947828331 -4
    endloop
  endfacet
  facet normal -0.671558954847019 0.7409511253549587 0
    outer loop
      vertex -38.6826947828331 38.6826947828331 -4
      vertex -37 40.20780043557718 19.149082102278662
      vertex -37 40.20780043557718 0
    endloop
  endfacet
  facet normal 0 0 -1
    outer loop
      vertex -45.3330823137985 26.240694824991913 -4
      vertex -25.102290732122437 25.102290732122437 -4
      vertex -27.441871094377163 22.520961587809413 -4
    endloop
  endfacet
  facet normal 0 0 -1
    outer loop
      vertex -44.75365015829267 28.55391765728343 -4
      vertex -22.520961587809413 27.441871094377163 -4
      vertex -25.102290732122437 25.102290732122437 -4
    endloop
  endfacet
  facet normal 0 0 -1
    outer loop
      vertex -42.930686723665026 32.95494070487174 -4
      vertex -41.704711578951844 35.00035666237633 -4
      vertex -16.734584157322917 31.308204884366603 -4
    endloop
  endfacet
  facet normal 0 0 -1
    outer loop
      vertex -43.95027264002427 30.79920740647168 -4
      vertex -19.722743272195878 29.517171236740356 -4
      vertex -22.520961587809413 27.441871094377163 -4
    endloop
  endfacet
  facet normal 0 0 -1
    outer loop
      vertex -42.930686723665026 32.95494070487174 -4
      vertex -16.734584157322917 31.308204884366603 -4
      vertex -19.722743272195878 29.517171236740356 -4
    endloop
  endfacet
  facet normal 0 0 -1
    outer loop
      vertex -41.704711578951844 35.00035666237633 -4
      vertex -13.585261848960688 32.79772340415068 -4
      vertex -16.734584157322917 31.308204884366603 -4
    endloop
  endfacet
  facet normal 0 0 -1
    outer loop
      vertex -41.704711578951844 35.00035666237633 -4
      vertex -40.28415401671451 36.915756805176585 -4
      vertex -13 33.00713344217593 -4
    endloop
  endfacet
  facet normal 0 0 -1
    outer loop
      vertex -40.28415401671451 36.915756805176585 -4
      vertex -38.6826947828331 38.6826947828331 -4
      vertex -13 33.00713344217593 -4
    endloop
  endfacet
  facet normal 0 0 -1
    outer loop
      vertex -38.6826947828331 38.6826947828331 -4
      vertex -36.915756805176585 40.28415401671451 -4
      vertex -13 33.00713344217593 -4
    endloop
  endfacet
  facet normal -0.5141027441932222 0.8577286100002717 0
    outer loop
      vertex -35.00035666237633 41.704711578951844 -4
      vertex -32.95494070487174 42.930686723665026 0
      vertex -32.95494070487174 42.930686723665026 -4
    endloop
  endfacet
  facet normal -0.4275550934302824 0.9039892931234433 0
    outer loop
      vertex -32.95494070487174 42.930686723665026 -4
      vertex -30.79920740647168 43.95027264002427 0
      vertex -30.79920740647168 43.95027264002427 -4
    endloop
  endfacet
  facet normal -0.33688985339221894 0.9415440651830211 0
    outer loop
      vertex -30.79920740647168 43.95027264002427 -4
      vertex -28.55391765728343 44.75365015829267 0
      vertex -28.55391765728343 44.75365015829267 -4
    endloop
  endfacet
  facet normal -0.5141027441932222 0.8577286100002717 0
    outer loop
      vertex -35.00035666237633 41.704711578951844 -4
      vertex -35.00035666237633 41.704711578951844 0
      vertex -32.95494070487174 42.930686723665026 0
    endloop
  endfacet
  facet normal -0.4275550934302824 0.9039892931234433 0
    outer loop
      vertex -32.95494070487174 42.930686723665026 -4
      vertex -32.95494070487174 42.930686723665026 0
      vertex -30.79920740647168 43.95027264002427 0
    endloop
  endfacet
  facet normal -0.33688985339221894 0.9415440651830211 0
    outer loop
      vertex -30.79920740647168 43.95027264002427 -4
      vertex -30.79920740647168 43.95027264002427 0
      vertex -28.55391765728343 44.75365015829267 0
    endloop
  endfacet
  facet normal 0 0 -1
    outer loop
      vertex -36.915756805176585 40.28415401671451 -4
      vertex -35.00035666237633 41.704711578951844 -4
      vertex -13 33.00713344217593 -4
    endloop
  endfacet
  facet normal 0 0 -1
    outer loop
      vertex -35.00035666237633 41.704711578951844 -4
      vertex -32.95494070487174 42.930686723665026 -4
      vertex -13 33.00713344217593 -4
    endloop
  endfacet
  facet normal 0 0 -1
    outer loop
      vertex -32.95494070487174 42.930686723665026 -4
      vertex -30.79920740647168 43.95027264002427 -4
      vertex -13 33.00713344217593 -4
    endloop
  endfacet
  facet normal -0.24298017990326506 0.9700312531945438 0
    outer loop
      vertex -28.55391765728343 44.75365015829267 -4
      vertex -26.240694824991913 45.3330823137985 0
      vertex -26.240694824991913 45.3330823137985 -4
    endloop
  endfacet
  facet normal 0 0 -1
    outer loop
      vertex -30.79920740647168 43.95027264002427 -4
      vertex -28.55391765728343 44.75365015829267 -4
      vertex -13 33.00713344217593 -4
    endloop
  endfacet
  facet normal -0.14673047445536017 0.9891765099647812 0
    outer loop
      vertex -26.240694824991913 45.3330823137985 -4
      vertex -23.88181651000832 45.68298885813438 0
      vertex -23.88181651000832 45.68298885813438 -4
    endloop
  endfacet
  facet normal -0.24298017990326506 0.9700312531945438 0
    outer loop
      vertex -28.55391765728343 44.75365015829267 -4
      vertex -28.55391765728343 44.75365015829267 0
      vertex -26.240694824991913 45.3330823137985 0
    endloop
  endfacet
  facet normal -0.14673047445536017 0.9891765099647812 0
    outer loop
      vertex -26.240694824991913 45.3330823137985 -4
      vertex -26.240694824991913 45.3330823137985 0
      vertex -23.88181651000832 45.68298885813438 0
    endloop
  endfacet
  facet normal -0.04906767432741882 0.9987954562051723 0
    outer loop
      vertex -23.88181651000832 45.68298885813438 -4
      vertex -23.88181651000832 45.68298885813438 0
      vertex -21.499999999999996 45.8 0
    endloop
  endfacet
  facet normal -0.9700312531945436 0.24298017990326504 0
    outer loop
      vertex -45.3330823137985 26.240694824991913 -4
      vertex -45.3330823137985 26.240694824991913 22.019035309933173
      vertex -44.75365015829267 28.55391765728343 21.54371554987327
    endloop
  endfacet
  facet normal -0.9891765099647811 0.14673047445536017 0
    outer loop
      vertex -45.68298885813438 23.88181651000832 -4
      vertex -45.68298885813438 23.88181651000832 22.503736333559935
      vertex -45.3330823137985 26.240694824991913 22.019035309933173
    endloop
  endfacet
  facet normal -0.9415440651830213 0.33688985339221894 0
    outer loop
      vertex -44.75365015829267 28.55391765728343 -4
      vertex -44.75365015829267 28.55391765728343 21.54371554987327
      vertex -43.95027264002427 30.79920740647168 21.08235464250582
    endloop
  endfacet
  facet normal -0.9039892931234432 0.4275550934302824 0
    outer loop
      vertex -43.95027264002427 30.79920740647168 -4
      vertex -43.95027264002427 30.79920740647168 21.08235464250582
      vertex -42.930686723665026 32.95494070487174 20.6393957455743
    endloop
  endfacet
  facet normal -0.8577286100002718 0.5141027441932223 0
    outer loop
      vertex -42.930686723665026 32.95494070487174 -4
      vertex -42.930686723665026 32.95494070487174 20.6393957455743
      vertex -41.704711578951844 35.00035666237633 20.21910479540212
    endloop
  endfacet
  facet normal -0.8032075314806462 0.5956993044924316 0
    outer loop
      vertex -41.704711578951844 35.00035666237633 -4
      vertex -41.704711578951844 35.00035666237633 20.21910479540212
      vertex -40.28415401671451 36.915756805176585 19.825529423593853
    endloop
  endfacet
  facet normal -0.7409511253549581 0.6715589548470194 0
    outer loop
      vertex -40.28415401671451 36.915756805176585 -4
      vertex -40.28415401671451 36.915756805176585 19.825529423593853
      vertex -38.6826947828331 38.6826947828331 19.462459976130184
    endloop
  endfacet
  facet normal -0.671558954847019 0.7409511253549586 0
    outer loop
      vertex -38.6826947828331 38.6826947828331 -4
      vertex -38.6826947828331 38.6826947828331 19.462459976130184
      vertex -37 40.20780043557718 19.149082102278662
    endloop
  endfacet
  facet normal 0 0 -1
    outer loop
      vertex -41.704711578951844 35.00035666237633 -4
      vertex -13 33.00713344217593 -4
      vertex -13.585261848960688 32.79772340415068 -4
    endloop
  endfacet
  facet normal 0 0 -1
    outer loop
      vertex -28.55391765728343 44.75365015829267 -4
      vertex -26.240694824991913 45.3330823137985 -4
      vertex -13 33.00713344217593 -4
    endloop
  endfacet
  facet normal 0 0 -1
    outer loop
      vertex -26.240694824991913 45.3330823137985 -4
      vertex -23.88181651000832 45.68298885813438 -4
      vertex -13 33.00713344217593 -4
    endloop
  endfacet
  facet normal -0.04906767432741882 0.9987954562051723 0
    outer loop
      vertex -23.88181651000832 45.68298885813438 -4
      vertex -21.499999999999996 45.8 0
      vertex -21.499999999999996 45.8 -4
    endloop
  endfacet
  facet normal 0 0 -1
    outer loop
      vertex -23.88181651000832 45.68298885813438 -4
      vertex -21.499999999999996 45.8 -4
      vertex -13 33.00713344217593 -4
    endloop
  endfacet
  facet normal 0 1 0
    outer loop
      vertex -21.499999999999996 45.8 -4
      vertex -21.499999999999996 45.8 0
      vertex -13 45.8 0
    endloop
  endfacet
  facet normal 0 0 -1
    outer loop
      vertex -21.499999999999996 45.8 -4
      vertex -13 45.8 -4
      vertex -13 33.00713344217593 -4
    endloop
  endfacet
  facet normal 0 1 0
    outer loop
      vertex -21.499999999999996 45.8 -4
      vertex -13 45.8 0
      vertex -13 45.8 -4
    endloop
  endfacet
  facet normal -1 0 0
    outer loop
      vertex -45.8 5.1484378968757945 26.353060706121415
      vertex -45.8 5 16
      vertex -45.8 -5 16
    endloop
  endfacet
  facet normal -1 0 0
    outer loop
      vertex -45.8 5.1484378968757945 26.353060706121415
      vertex -45.8 5.390180644032257 15.96157056080646
      vertex -45.8 5.196034280659121 15.990369453344394
    endloop
  endfacet
  facet normal -1 0 0
    outer loop
      vertex -45.8 5.1484378968757945 26.353060706121415
      vertex -45.8 5.580569354508925 15.913880671464417
      vertex -45.8 5.390180644032257 15.96157056080646
    endloop
  endfacet
  facet normal -1 0 0
    outer loop
      vertex -45.8 5.1484378968757945 26.353060706121415
      vertex -45.8 5.765366864730179 15.847759065022574
      vertex -45.8 5.580569354508925 15.913880671464417
    endloop
  endfacet
  facet normal -1 0 0
    outer loop
      vertex -45.8 5.1484378968757945 26.353060706121415
      vertex -45.8 5.196034280659121 15.990369453344394
      vertex -45.8 5 16
    endloop
  endfacet
  facet normal -1 0 0
    outer loop
      vertex -45.8 5.1484378968757945 26.353060706121415
      vertex -45.8 6.414213562373095 15.414213562373096
      vertex -45.8 6.268786568327291 15.546020906725474
    endloop
  endfacet
  facet normal -1 0 0
    outer loop
      vertex -45.8 5.1484378968757945 26.353060706121415
      vertex -45.8 6.268786568327291 15.546020906725474
      vertex -45.8 6.111140466039204 15.66293922460509
    endloop
  endfacet
  facet normal -1 0 0
    outer loop
      vertex -45.8 5.1484378968757945 26.353060706121415
      vertex -45.8 6.111140466039204 15.66293922460509
      vertex -45.8 5.942793473651995 15.76384252869671
    endloop
  endfacet
  facet normal -1 0 0
    outer loop
      vertex -45.8 5.1484378968757945 26.353060706121415
      vertex -45.8 5.942793473651995 15.76384252869671
      vertex -45.8 5.765366864730179 15.847759065022574
    endloop
  endfacet
  facet normal -1 0 0
    outer loop
      vertex -45.8 5.1484378968757945 26.353060706121415
      vertex -45.8 21.499999999999996 22.993150684931503
      vertex -45.8 6.414213562373095 15.414213562373096
    endloop
  endfacet
  facet normal -1 0 0
    outer loop
      vertex -45.8 21.499999999999996 22.993150684931503
      vertex -45.8 7 14
      vertex -45.8 6.990369453344394 14.196034280659122
    endloop
  endfacet
  facet normal -1 0 0
    outer loop
      vertex -45.8 21.499999999999996 22.993150684931503
      vertex -45.8 6.990369453344394 14.196034280659122
      vertex -45.8 6.961570560806461 14.390180644032256
    endloop
  endfacet
  facet normal -1 0 0
    outer loop
      vertex -45.8 21.499999999999996 22.993150684931503
      vertex -45.8 6.961570560806461 14.390180644032256
      vertex -45.8 6.913880671464417 14.580569354508924
    endloop
  endfacet
  facet normal -1 0 0
    outer loop
      vertex -45.8 21.499999999999996 22.993150684931503
      vertex -45.8 6.913880671464417 14.580569354508924
      vertex -45.8 6.847759065022574 14.76536686473018
    endloop
  endfacet
  facet normal -1 0 0
    outer loop
      vertex -45.8 21.499999999999996 22.993150684931503
      vertex -45.8 6.662939224605091 15.111140466039204
      vertex -45.8 6.546020906725474 15.268786568327291
    endloop
  endfacet
  facet normal -1 0 0
    outer loop
      vertex -45.8 21.499999999999996 22.993150684931503
      vertex -45.8 6.847759065022574 14.76536686473018
      vertex -45.8 6.76384252869671 14.942793473651996
    endloop
  endfacet
  facet normal -1 0 0
    outer loop
      vertex -45.8 21.499999999999996 22.993150684931503
      vertex -45.8 6.76384252869671 14.942793473651996
      vertex -45.8 6.662939224605091 15.111140466039204
    endloop
  endfacet
  facet normal -1 0 0
    outer loop
      vertex -45.8 21.499999999999996 22.993150684931503
      vertex -45.8 6.546020906725474 15.268786568327291
      vertex -45.8 6.414213562373095 15.414213562373096
    endloop
  endfacet
  facet normal 0 0 -1
    outer loop
      vertex 45.8 -46.3 -4
      vertex -6.925706431572553 -34.81787745431468 -4
      vertex -3.4796084816994015 -35.32905779686299 -4
    endloop
  endfacet
  facet normal 0 0 -1
    outer loop
      vertex 45.8 -46.3 -4
      vertex -3.4796084816994015 -35.32905779686299 -4
      vertex 0 -35.5 -4
    endloop
  endfacet
  facet normal 0 0 -1
    outer loop
      vertex 45.8 -46.3 -4
      vertex 0 -35.5 -4
      vertex 3.4796084816994015 -35.32905779686299 -4
    endloop
  endfacet
  facet normal 0 0 -1
    outer loop
      vertex 45.8 -46.3 -4
      vertex 3.4796084816994015 -35.32905779686299 -4
      vertex 6.925706431572553 -34.81787745431468 -4
    endloop
  endfacet
  facet normal 0 0 -1
    outer loop
      vertex 45.8 -46.3 -4
      vertex 6.925706431572553 -34.81787745431468 -4
      vertex 10.305106042533414 -33.971381918493414 -4
    endloop
  endfacet
  facet normal 0 -1 0
    outer loop
      vertex 45.8 -46.3 -4
      vertex 29.141602583129036 -46.3 18.684544766225784
      vertex -27.800000000000004 -46.3 26.789159090987177
    endloop
  endfacet
  facet normal 0 0 -1
    outer loop
      vertex 45.8 -46.3 -4
      vertex 10.305106042533414 -33.971381918493414 -4
      vertex 13.585261848960688 -32.79772340415068 -4
    endloop
  endfacet
  facet normal 0 0 -1
    outer loop
      vertex 45.8 -46.3 -4
      vertex 13.585261848960688 -32.79772340415068 -4
      vertex 16.734584157322917 -31.308204884366603 -4
    endloop
  endfacet
  facet normal 0 0 -1
    outer loop
      vertex 45.8 -46.3 -4
      vertex 16.734584157322917 -31.308204884366603 -4
      vertex 19.722743272195878 -29.517171236740356 -4
    endloop
  endfacet
  facet normal 0 0 -1
    outer loop
      vertex 45.8 -46.3 -4
      vertex 19.722743272195878 -29.517171236740356 -4
      vertex 22.520961587809413 -27.441871094377163 -4
    endloop
  endfacet
  facet normal 0 0 -1
    outer loop
      vertex 45.8 -46.3 -4
      vertex 22.520961587809413 -27.441871094377163 -4
      vertex 25.102290732122437 -25.102290732122437 -4
    endloop
  endfacet
  facet normal 0 0 -1
    outer loop
      vertex 45.8 -46.3 -4
      vertex 25.102290732122437 -25.102290732122437 -4
      vertex 27.441871094377163 -22.520961587809413 -4
    endloop
  endfacet
  facet normal 0 0 -1
    outer loop
      vertex 45.8 -46.3 -4
      vertex 27.441871094377163 -22.520961587809413 -4
      vertex 29.517171236740356 -19.722743272195878 -4
    endloop
  endfacet
  facet normal 0 0 -1
    outer loop
      vertex 45.8 -46.3 -4
      vertex 29.517171236740356 -19.722743272195878 -4
      vertex 31.308204884366603 -16.734584157322917 -4
    endloop
  endfacet
  facet normal 0 0 -1
    outer loop
      vertex 45.8 -46.3 -4
      vertex 31.308204884366603 -16.734584157322917 -4
      vertex 32.79772340415068 -13.585261848960688 -4
    endloop
  endfacet
  facet normal 0 0 -1
    outer loop
      vertex 45.8 -46.3 -4
      vertex 32.79772340415068 -13.585261848960688 -4
      vertex 33.971381918493414 -10.305106042533414 -4
    endloop
  endfacet
  facet normal 0 -1 0
    outer loop
      vertex 45.8 -46.3 -4
      vertex 30 -46.3 18.6
      vertex 29.141602583129036 -46.3 18.684544766225784
    endloop
  endfacet
  facet normal 0 -1 0
    outer loop
      vertex 45.8 -46.3 -4
      vertex 30.858397416870964 -46.3 18.684544766225784
      vertex 30 -46.3 18.6
    endloop
  endfacet
  facet normal 0 -1 0
    outer loop
      vertex 45.8 -46.3 -4
      vertex 31.683807102406394 -46.3 18.93493005695034
      vertex 30.858397416870964 -46.3 18.684544766225784
    endloop
  endfacet
  facet normal 0 -1 0
    outer loop
      vertex 45.8 -46.3 -4
      vertex 32.44450902528625 -46.3 19.3415337058688
      vertex 31.683807102406394 -46.3 18.93493005695034
    endloop
  endfacet
  facet normal 0 -1 0
    outer loop
      vertex 45.8 -46.3 -4
      vertex 33.11126983722081 -46.3 19.88873016277919
      vertex 32.44450902528625 -46.3 19.3415337058688
    endloop
  endfacet
  facet normal 0 -1 0
    outer loop
      vertex 45.8 -46.3 -4
      vertex 33.6584662941312 -46.3 20.55549097471375
      vertex 33.11126983722081 -46.3 19.88873016277919
    endloop
  endfacet
  facet normal 1 0 0
    outer loop
      vertex 45.8 -46.3 -4
      vertex 45.8 -7 14
      vertex 45.8 -46.3 36
    endloop
  endfacet
  facet normal 0 0 -1
    outer loop
      vertex 45.8 -46.3 -4
      vertex 33.971381918493414 -10.305106042533414 -4
      vertex 34.81787745431468 -6.925706431572553 -4
    endloop
  endfacet
  facet normal 0 0 -1
    outer loop
      vertex 45.8 -46.3 -4
      vertex 34.81787745431468 -6.925706431572553 -4
      vertex 35.32905779686299 -3.4796084816994015 -4
    endloop
  endfacet
  facet normal 0 0 -1
    outer loop
      vertex 45.8 -46.3 -4
      vertex 35.32905779686299 -3.4796084816994015 -4
      vertex 35.5 0 -4
    endloop
  endfacet
  facet normal 0 0 -1
    outer loop
      vertex 45.8 -46.3 -4
      vertex 35.5 0 -4
      vertex 35.32905779686299 3.4796084816994015 -4
    endloop
  endfacet
  facet normal 1 0 0
    outer loop
      vertex 45.8 -46.3 -4
      vertex 45.8 -5.765366864730179 6.152240934977426
      vertex 45.8 -5.942793473651995 6.23615747130329
    endloop
  endfacet
  facet normal 1 0 0
    outer loop
      vertex 45.8 -46.3 -4
      vertex 45.8 -5.942793473651995 6.23615747130329
      vertex 45.8 -6.111140466039204 6.337060775394909
    endloop
  endfacet
  facet normal 1 0 0
    outer loop
      vertex 45.8 -46.3 -4
      vertex 45.8 -5.390180644032257 6.038429439193539
      vertex 45.8 -5.580569354508925 6.086119328535583
    endloop
  endfacet
  facet normal 1 0 0
    outer loop
      vertex 45.8 -46.3 -4
      vertex 45.8 -5.196034280659121 6.009630546655606
      vertex 45.8 -5.390180644032257 6.038429439193539
    endloop
  endfacet
  facet normal 1 0 0
    outer loop
      vertex 45.8 -46.3 -4
      vertex 45.8 -5.580569354508925 6.086119328535583
      vertex 45.8 -5.765366864730179 6.152240934977426
    endloop
  endfacet
  facet normal 1 0 0
    outer loop
      vertex 45.8 -46.3 -4
      vertex 45.8 -6.414213562373095 6.585786437626905
      vertex 45.8 -6.546020906725474 6.731213431672709
    endloop
  endfacet
  facet normal 1 0 0
    outer loop
      vertex 45.8 -46.3 -4
      vertex 45.8 -6.662939224605091 6.888859533960796
      vertex 45.8 -6.76384252869671 7.057206526348004
    endloop
  endfacet
  facet normal 1 0 0
    outer loop
      vertex 45.8 -46.3 -4
      vertex 45.8 -6.546020906725474 6.731213431672709
      vertex 45.8 -6.662939224605091 6.888859533960796
    endloop
  endfacet
  facet normal 1 0 0
    outer loop
      vertex 45.8 -46.3 -4
      vertex 45.8 -6.76384252869671 7.057206526348004
      vertex 45.8 -6.847759065022574 7.234633135269821
    endloop
  endfacet
  facet normal 1 0 0
    outer loop
      vertex 45.8 -46.3 -4
      vertex 45.8 -6.111140466039204 6.337060775394909
      vertex 45.8 -6.268786568327291 6.453979093274526
    endloop
  endfacet
  facet normal 1 0 0
    outer loop
      vertex 45.8 -46.3 -4
      vertex 45.8 -6.268786568327291 6.453979093274526
      vertex 45.8 -6.414213562373095 6.585786437626905
    endloop
  endfacet
  facet normal 1 0 0
    outer loop
      vertex 45.8 -46.3 -4
      vertex 45.8 -5 6
      vertex 45.8 -5.196034280659121 6.009630546655606
    endloop
  endfacet
  facet normal 1 0 0
    outer loop
      vertex 45.8 -46.3 -4
      vertex 45.8 -6.913880671464417 7.419430645491076
      vertex 45.8 -6.961570560806461 7.609819355967744
    endloop
  endfacet
  facet normal 1 0 0
    outer loop
      vertex 45.8 -46.3 -4
      vertex 45.8 -6.961570560806461 7.609819355967744
      vertex 45.8 -6.990369453344394 7.803965719340878
    endloop
  endfacet
  facet normal 1 0 0
    outer loop
      vertex 45.8 -46.3 -4
      vertex 45.8 -6.847759065022574 7.234633135269821
      vertex 45.8 -6.913880671464417 7.419430645491076
    endloop
  endfacet
  facet normal 1 0 0
    outer loop
      vertex 45.8 -46.3 -4
      vertex 45.8 -6.990369453344394 7.803965719340878
      vertex 45.8 -7 8
    endloop
  endfacet
  facet normal 0 0 -1
    outer loop
      vertex 45.8 -46.3 -4
      vertex 35.32905779686299 3.4796084816994015 -4
      vertex 45.8 21.499999999999996 -4
    endloop
  endfacet
  facet normal 1 0 0
    outer loop
      vertex 45.8 -46.3 -4
      vertex 45.8 21.499999999999996 -4
      vertex 45.8 -5 6
    endloop
  endfacet
  facet normal 1 0 0
    outer loop
      vertex 45.8 -46.3 -4
      vertex 45.8 -7 8
      vertex 45.8 -7 14
    endloop
  endfacet
  facet normal 0 -1 0
    outer loop
      vertex -27.800000000000004 -46.3 26.789159090987177
      vertex 26.88873016277919 -46.3 19.88873016277919
      vertex 26.3415337058688 -46.3 20.55549097471375
    endloop
  endfacet
  facet normal 0 -1 0
    outer loop
      vertex -27.800000000000004 -46.3 26.789159090987177
      vertex 26.3415337058688 -46.3 20.55549097471375
      vertex 25.93493005695034 -46.3 21.316192897593606
    endloop
  endfacet
  facet normal 0 -1 0
    outer loop
      vertex -27.800000000000004 -46.3 26.789159090987177
      vertex 25.93493005695034 -46.3 21.316192897593606
      vertex 25.684544766225784 -46.3 22.141602583129036
    endloop
  endfacet
  facet normal 0 -1 0
    outer loop
      vertex -27.800000000000004 -46.3 26.789159090987177
      vertex 29.141602583129036 -46.3 18.684544766225784
      vertex 28.316192897593606 -46.3 18.93493005695034
    endloop
  endfacet
  facet normal 0 -1 0
    outer loop
      vertex -27.800000000000004 -46.3 26.789159090987177
      vertex 27.55549097471375 -46.3 19.3415337058688
      vertex 26.88873016277919 -46.3 19.88873016277919
    endloop
  endfacet
  facet normal 0 -1 0
    outer loop
      vertex -27.800000000000004 -46.3 26.789159090987177
      vertex 28.316192897593606 -46.3 18.93493005695034
      vertex 27.55549097471375 -46.3 19.3415337058688
    endloop
  endfacet
  facet normal 0 -1 0
    outer loop
      vertex -27.800000000000004 -46.3 26.789159090987177
      vertex 25.684544766225784 -46.3 22.141602583129036
      vertex 25.6 -46.3 23
    endloop
  endfacet
  facet normal 0 -1 0
    outer loop
      vertex -27.800000000000004 -46.3 26.789159090987177
      vertex 25.6 -46.3 23
      vertex 25.684544766225784 -46.3 23.858397416870964
    endloop
  endfacet
  facet normal 0 -1 0
    outer loop
      vertex -27.800000000000004 -46.3 30.999999999999968
      vertex 25.684544766225784 -46.3 23.858397416870964
      vertex 25.93493005695034 -46.3 24.683807102406394
    endloop
  endfacet
  facet normal 0 -1 0
    outer loop
      vertex -27.842272383112892 -46.3 31.429198708435482
      vertex 25.93493005695034 -46.3 24.683807102406394
      vertex 26.3415337058688 -46.3 25.44450902528625
    endloop
  endfacet
  facet normal 0 -1 0
    outer loop
      vertex -27.967465028475168 -46.3 31.8419035512032
      vertex 26.3415337058688 -46.3 25.44450902528625
      vertex 26.88873016277919 -46.3 26.11126983722081
    endloop
  endfacet
  facet normal 0 -1 0
    outer loop
      vertex -28.1707668529344 -46.3 32.222254512643126
      vertex 26.88873016277919 -46.3 26.11126983722081
      vertex 27.8 -46.3 31
    endloop
  endfacet
  facet normal 0 -1 0
    outer loop
      vertex -45.8 -46.3 36
      vertex 29.570801291564518 -46.3 33.15772761688711
      vertex 30 -46.3 33.2
    endloop
  endfacet
  facet normal 0 -1 0
    outer loop
      vertex -28.1707668529344 -46.3 32.222254512643126
      vertex 27.8 -46.3 31
      vertex 27.842272383112892 -46.3 31.429198708435482
    endloop
  endfacet
  facet normal 0 -1 0
    outer loop
      vertex -28.1707668529344 -46.3 32.222254512643126
      vertex 27.842272383112892 -46.3 31.429198708435482
      vertex 27.967465028475168 -46.3 31.8419035512032
    endloop
  endfacet
  facet normal 0 -1 0
    outer loop
      vertex -28.1707668529344 -46.3 32.222254512643126
      vertex 27.967465028475168 -46.3 31.8419035512032
      vertex 28.1707668529344 -46.3 32.222254512643126
    endloop
  endfacet
  facet normal 0 -1 0
    outer loop
      vertex -28.1707668529344 -46.3 32.222254512643126
      vertex 28.1707668529344 -46.3 32.222254512643126
      vertex 28.444365081389595 -46.3 32.5556349186104
    endloop
  endfacet
  facet normal 0 -1 0
    outer loop
      vertex -28.444365081389595 -46.3 32.5556349186104
      vertex 28.444365081389595 -46.3 32.5556349186104
      vertex 28.777745487356874 -46.3 32.8292331470656
    endloop
  endfacet
  facet normal 0 -1 0
    outer loop
      vertex -28.777745487356874 -46.3 32.8292331470656
      vertex 28.777745487356874 -46.3 32.8292331470656
      vertex 29.1580964487968 -46.3 33.03253497152483
    endloop
  endfacet
  facet normal 0 -1 0
    outer loop
      vertex -29.1580964487968 -46.3 33.03253497152483
      vertex 29.1580964487968 -46.3 33.03253497152483
      vertex 29.570801291564518 -46.3 33.15772761688711
    endloop
  endfacet
  facet normal 0 -1 0
    outer loop
      vertex -45.8 -46.3 36
      vertex 30 -46.3 33.2
      vertex 45.8 -46.3 36
    endloop
  endfacet
  facet normal 0 0 1
    outer loop
      vertex 45.8 -46.3 36
      vertex 21.499999999999996 -41.8 36
      vertex -21.499999999999996 -41.8 36
    endloop
  endfacet
  facet normal 0 -1 0
    outer loop
      vertex 45.8 -46.3 -4
      vertex 45.8 -46.3 36
      vertex 33.6584662941312 -46.3 20.55549097471375
    endloop
  endfacet
  facet normal 0 -1 0
    outer loop
      vertex 45.8 -46.3 36
      vertex 34.065069943049664 -46.3 21.316192897593606
      vertex 33.6584662941312 -46.3 20.55549097471375
    endloop
  endfacet
  facet normal 0 -1 0
    outer loop
      vertex 26.88873016277919 -46.3 26.11126983722081
      vertex 27.55549097471375 -46.3 26.6584662941312
      vertex 27.8 -46.3 31
    endloop
  endfacet
  facet normal 0 -1 0
    outer loop
      vertex 27.55549097471375 -46.3 26.6584662941312
      vertex 27.8 -46.3 26.789159090987173
      vertex 27.8 -46.3 31
    endloop
  endfacet
  facet normal 0 -1 0
    outer loop
      vertex 45.8 -46.3 36
      vertex 34.315455233774216 -46.3 22.141602583129036
      vertex 34.065069943049664 -46.3 21.316192897593606
    endloop
  endfacet
  facet normal 0 -1 0
    outer loop
      vertex 45.8 -46.3 36
      vertex 34.4 -46.3 23
      vertex 34.315455233774216 -46.3 22.141602583129036
    endloop
  endfacet
  facet normal 0 -1 0
    outer loop
      vertex 45.8 -46.3 36
      vertex 34.315455233774216 -46.3 23.858397416870964
      vertex 34.4 -46.3 23
    endloop
  endfacet
  facet normal 0 -1 0
    outer loop
      vertex 45.8 -46.3 36
      vertex 34.065069943049664 -46.3 24.683807102406394
      vertex 34.315455233774216 -46.3 23.858397416870964
    endloop
  endfacet
  facet normal 0 -1 0
    outer loop
      vertex 45.8 -46.3 36
      vertex 32.44450902528625 -46.3 26.6584662941312
      vertex 33.11126983722081 -46.3 26.11126983722081
    endloop
  endfacet
  facet normal 0 -1 0
    outer loop
      vertex 45.8 -46.3 36
      vertex 32.2 -46.3 26.789159090987173
      vertex 32.44450902528625 -46.3 26.6584662941312
    endloop
  endfacet
  facet normal 0 -1 0
    outer loop
      vertex 45.8 -46.3 36
      vertex 33.6584662941312 -46.3 25.44450902528625
      vertex 34.065069943049664 -46.3 24.683807102406394
    endloop
  endfacet
  facet normal 0 -1 0
    outer loop
      vertex 45.8 -46.3 36
      vertex 33.11126983722081 -46.3 26.11126983722081
      vertex 33.6584662941312 -46.3 25.44450902528625
    endloop
  endfacet
  facet normal 0 -1 0
    outer loop
      vertex 45.8 -46.3 36
      vertex 32.2 -46.3 31
      vertex 32.2 -46.3 26.789159090987173
    endloop
  endfacet
  facet normal 0 -1 0
    outer loop
      vertex 45.8 -46.3 36
      vertex 32.15772761688711 -46.3 31.429198708435482
      vertex 32.2 -46.3 31
    endloop
  endfacet
  facet normal 0 -1 0
    outer loop
      vertex 45.8 -46.3 36
      vertex 32.03253497152483 -46.3 31.8419035512032
      vertex 32.15772761688711 -46.3 31.429198708435482
    endloop
  endfacet
  facet normal 0 -1 0
    outer loop
      vertex 45.8 -46.3 36
      vertex 31.8292331470656 -46.3 32.222254512643126
      vertex 32.03253497152483 -46.3 31.8419035512032
    endloop
  endfacet
  facet normal 0 -1 0
    outer loop
      vertex 45.8 -46.3 36
      vertex 30 -46.3 33.2
      vertex 30.429198708435482 -46.3 33.15772761688711
    endloop
  endfacet
  facet normal 0 -1 0
    outer loop
      vertex 45.8 -46.3 36
      vertex 30.429198708435482 -46.3 33.15772761688711
      vertex 30.8419035512032 -46.3 33.03253497152483
    endloop
  endfacet
  facet normal 0 -1 0
    outer loop
      vertex 45.8 -46.3 36
      vertex 31.555634918610405 -46.3 32.5556349186104
      vertex 31.8292331470656 -46.3 32.222254512643126
    endloop
  endfacet
  facet normal 0 -1 0
    outer loop
      vertex 45.8 -46.3 36
      vertex 31.222254512643126 -46.3 32.8292331470656
      vertex 31.555634918610405 -46.3 32.5556349186104
    endloop
  endfacet
  facet normal 0 -1 0
    outer loop
      vertex 45.8 -46.3 36
      vertex 30.8419035512032 -46.3 33.03253497152483
      vertex 31.222254512643126 -46.3 32.8292331470656
    endloop
  endfacet
  facet normal 0 0 1
    outer loop
      vertex 45.8 -46.3 36
      vertex 45.8 -41.8 36
      vertex 21.499999999999996 -41.8 36
    endloop
  endfacet
  facet normal 1 0 0
    outer loop
      vertex 45.8 -46.3 36
      vertex 45.8 -7 14
      vertex 45.8 -41.8 36
    endloop
  endfacet
  facet normal 1 0 0
    outer loop
      vertex 45.8 -6.990369453344394 14.196034280659122
      vertex 45.8 -41.8 36
      vertex 45.8 -7 14
    endloop
  endfacet
  facet normal 1 0 0
    outer loop
      vertex 45.8 -6.961570560806461 14.390180644032256
      vertex 45.8 -41.8 36
      vertex 45.8 -6.990369453344394 14.196034280659122
    endloop
  endfacet
  facet normal 1 0 0
    outer loop
      vertex 45.8 -6.913880671464417 14.580569354508924
      vertex 45.8 -41.8 36
      vertex 45.8 -6.961570560806461 14.390180644032256
    endloop
  endfacet
  facet normal 1 0 0
    outer loop
      vertex 45.8 -6.847759065022574 14.76536686473018
      vertex 45.8 -41.8 36
      vertex 45.8 -6.913880671464417 14.580569354508924
    endloop
  endfacet
  facet normal 1 0 0
    outer loop
      vertex 45.8 -6.76384252869671 14.942793473651996
      vertex 45.8 -41.8 36
      vertex 45.8 -6.847759065022574 14.76536686473018
    endloop
  endfacet
  facet normal 1 0 0
    outer loop
      vertex 45.8 -6.662939224605091 15.111140466039204
      vertex 45.8 -41.8 36
      vertex 45.8 -6.76384252869671 14.942793473651996
    endloop
  endfacet
  facet normal 1 0 0
    outer loop
      vertex 45.8 -6.546020906725474 15.268786568327291
      vertex 45.8 -41.8 36
      vertex 45.8 -6.662939224605091 15.111140466039204
    endloop
  endfacet
  facet normal 1 0 0
    outer loop
      vertex 45.8 -6.414213562373095 15.414213562373096
      vertex 45.8 -41.8 36
      vertex 45.8 -6.546020906725474 15.268786568327291
    endloop
  endfacet
  facet normal 1 0 0
    outer loop
      vertex 45.8 -6.268786568327291 15.546020906725474
      vertex 45.8 -41.8 36
      vertex 45.8 -6.414213562373095 15.414213562373096
    endloop
  endfacet
  facet normal 1 0 0
    outer loop
      vertex 45.8 -6.111140466039204 15.66293922460509
      vertex 45.8 -41.8 36
      vertex 45.8 -6.268786568327291 15.546020906725474
    endloop
  endfacet
  facet normal 1 0 0
    outer loop
      vertex 45.8 -5.942793473651995 15.76384252869671
      vertex 45.8 -41.8 36
      vertex 45.8 -6.111140466039204 15.66293922460509
    endloop
  endfacet
  facet normal 1 0 0
    outer loop
      vertex 45.8 -5.765366864730179 15.847759065022574
      vertex 45.8 -41.8 36
      vertex 45.8 -5.942793473651995 15.76384252869671
    endloop
  endfacet
  facet normal 1 0 0
    outer loop
      vertex 45.8 -5.580569354508925 15.913880671464417
      vertex 45.8 -41.8 36
      vertex 45.8 -5.765366864730179 15.847759065022574
    endloop
  endfacet
  facet normal 1 0 0
    outer loop
      vertex 45.8 -5.390180644032257 15.96157056080646
      vertex 45.8 -41.8 36
      vertex 45.8 -5.580569354508925 15.913880671464417
    endloop
  endfacet
  facet normal 1 0 0
    outer loop
      vertex 45.8 -5.196034280659121 15.990369453344394
      vertex 45.8 -41.8 36
      vertex 45.8 -5.390180644032257 15.96157056080646
    endloop
  endfacet
  facet normal 1 0 0
    outer loop
      vertex 45.8 -5 16
      vertex 45.8 -41.8 36
      vertex 45.8 -5.196034280659121 15.990369453344394
    endloop
  endfacet
  facet normal 1 0 0
    outer loop
      vertex 45.8 5 16
      vertex 45.8 -41.8 36
      vertex 45.8 -5 16
    endloop
  endfacet
  facet normal 1 0 0
    outer loop
      vertex 45.8 5.196034280659121 15.990369453344394
      vertex 45.8 -41.8 36
      vertex 45.8 5 16
    endloop
  endfacet
  facet normal 1 0 0
    outer loop
      vertex 45.8 5.390180644032257 15.96157056080646
      vertex 45.8 -41.8 36
      vertex 45.8 5.196034280659121 15.990369453344394
    endloop
  endfacet
  facet normal 1 0 0
    outer loop
      vertex 45.8 5.580569354508925 15.913880671464417
      vertex 45.8 -41.8 36
      vertex 45.8 5.390180644032257 15.96157056080646
    endloop
  endfacet
  facet normal 1 0 0
    outer loop
      vertex 45.8 5.580569354508925 15.913880671464417
      vertex 45.8 21.499999999999996 22.993150684931503
      vertex 45.8 -41.8 36
    endloop
  endfacet
  facet normal 0 1 0
    outer loop
      vertex 21.499999999999996 45.8 -4
      vertex 13 45.8 -4
      vertex 13 45.8 0
    endloop
  endfacet
  facet normal 0 0 -1
    outer loop
      vertex 21.499999999999996 45.8 -4
      vertex 23.88181651000832 45.68298885813438 -4
      vertex 13 45.8 -4
    endloop
  endfacet
  facet normal 0 0 -1
    outer loop
      vertex 23.88181651000832 45.68298885813438 -4
      vertex 26.240694824991913 45.3330823137985 -4
      vertex 13 45.8 -4
    endloop
  endfacet
  facet normal 0 0 -1
    outer loop
      vertex 26.240694824991913 45.3330823137985 -4
      vertex 28.55391765728343 44.75365015829267 -4
      vertex 13 45.8 -4
    endloop
  endfacet
  facet normal 0 1 0
    outer loop
      vertex 21.499999999999996 45.8 -4
      vertex 13 45.8 0
      vertex 21.499999999999996 45.8 0
    endloop
  endfacet
  facet normal 0.04906767432741882 0.9987954562051723 0
    outer loop
      vertex 21.499999999999996 45.8 -4
      vertex 21.499999999999996 45.8 0
      vertex 23.88181651000832 45.68298885813438 0
    endloop
  endfacet
  facet normal 0 0 -1
    outer loop
      vertex 45.8 21.499999999999996 -4
      vertex 29.517171236740356 19.722743272195878 -4
      vertex 27.441871094377163 22.520961587809413 -4
    endloop
  endfacet
  facet normal 0 0 -1
    outer loop
      vertex 45.8 21.499999999999996 -4
      vertex 35.32905779686299 3.4796084816994015 -4
      vertex 34.81787745431468 6.925706431572553 -4
    endloop
  endfacet
  facet normal 1 0 0
    outer loop
      vertex 45.8 21.499999999999996 -4
      vertex 45.8 5 6
      vertex 45.8 -5 6
    endloop
  endfacet
  facet normal 1 0 0
    outer loop
      vertex 45.8 21.499999999999996 -4
      vertex 45.8 5.196034280659121 6.009630546655606
      vertex 45.8 5 6
    endloop
  endfacet
  facet normal 1 0 0
    outer loop
      vertex 45.8 21.499999999999996 -4
      vertex 45.8 5.390180644032257 6.038429439193539
      vertex 45.8 5.196034280659121 6.009630546655606
    endloop
  endfacet
  facet normal 1 0 0
    outer loop
      vertex 45.8 21.499999999999996 -4
      vertex 45.8 5.580569354508925 6.086119328535583
      vertex 45.8 5.390180644032257 6.038429439193539
    endloop
  endfacet
  facet normal 1 0 0
    outer loop
      vertex 45.8 21.499999999999996 -4
      vertex 45.8 5.765366864730179 6.152240934977426
      vertex 45.8 5.580569354508925 6.086119328535583
    endloop
  endfacet
  facet normal 1 0 0
    outer loop
      vertex 45.8 21.499999999999996 -4
      vertex 45.8 5.942793473651995 6.23615747130329
      vertex 45.8 5.765366864730179 6.152240934977426
    endloop
  endfacet
  facet normal 1 0 0
    outer loop
      vertex 45.8 21.499999999999996 -4
      vertex 45.8 6.111140466039204 6.337060775394909
      vertex 45.8 5.942793473651995 6.23615747130329
    endloop
  endfacet
  facet normal 0 0 -1
    outer loop
      vertex 45.8 21.499999999999996 -4
      vertex 34.81787745431468 6.925706431572553 -4
      vertex 33.971381918493414 10.305106042533414 -4
    endloop
  endfacet
  facet normal 0 0 -1
    outer loop
      vertex 45.8 21.499999999999996 -4
      vertex 33.971381918493414 10.305106042533414 -4
      vertex 32.79772340415068 13.585261848960688 -4
    endloop
  endfacet
  facet normal 0 0 -1
    outer loop
      vertex 45.8 21.499999999999996 -4
      vertex 31.308204884366603 16.734584157322917 -4
      vertex 29.517171236740356 19.722743272195878 -4
    endloop
  endfacet
  facet normal 0 0 -1
    outer loop
      vertex 45.8 21.499999999999996 -4
      vertex 32.79772340415068 13.585261848960688 -4
      vertex 31.308204884366603 16.734584157322917 -4
    endloop
  endfacet
  facet normal 0 0 -1
    outer loop
      vertex 45.8 21.499999999999996 -4
      vertex 27.441871094377163 22.520961587809413 -4
      vertex 45.68298885813438 23.88181651000832 -4
    endloop
  endfacet
  facet normal 1 0 0
    outer loop
      vertex 45.8 21.499999999999996 -4
      vertex 45.8 6.268786568327291 6.453979093274526
      vertex 45.8 6.111140466039204 6.337060775394909
    endloop
  endfacet
  facet normal 1 0 0
    outer loop
      vertex 45.8 21.499999999999996 -4
      vertex 45.8 6.414213562373095 6.585786437626905
      vertex 45.8 6.268786568327291 6.453979093274526
    endloop
  endfacet
  facet normal 1 0 0
    outer loop
      vertex 45.8 21.499999999999996 -4
      vertex 45.8 6.546020906725474 6.731213431672709
      vertex 45.8 6.414213562373095 6.585786437626905
    endloop
  endfacet
  facet normal 1 0 0
    outer loop
      vertex 45.8 21.499999999999996 -4
      vertex 45.8 6.662939224605091 6.888859533960796
      vertex 45.8 6.546020906725474 6.731213431672709
    endloop
  endfacet
  facet normal 1 0 0
    outer loop
      vertex 45.8 21.499999999999996 -4
      vertex 45.8 6.76384252869671 7.057206526348004
      vertex 45.8 6.662939224605091 6.888859533960796
    endloop
  endfacet
  facet normal 1 0 0
    outer loop
      vertex 45.8 21.499999999999996 -4
      vertex 45.8 6.847759065022574 7.234633135269821
      vertex 45.8 6.76384252869671 7.057206526348004
    endloop
  endfacet
  facet normal 1 0 0
    outer loop
      vertex 45.8 21.499999999999996 -4
      vertex 45.8 6.913880671464417 7.419430645491076
      vertex 45.8 6.847759065022574 7.234633135269821
    endloop
  endfacet
  facet normal 1 0 0
    outer loop
      vertex 45.8 21.499999999999996 -4
      vertex 45.8 6.961570560806461 7.609819355967744
      vertex 45.8 6.913880671464417 7.419430645491076
    endloop
  endfacet
  facet normal 1 0 0
    outer loop
      vertex 45.8 21.499999999999996 -4
      vertex 45.8 6.990369453344394 7.803965719340878
      vertex 45.8 6.961570560806461 7.609819355967744
    endloop
  endfacet
  facet normal 0.9987954562051723 0.04906767432741881 0
    outer loop
      vertex 45.8 21.499999999999996 -4
      vertex 45.68298885813438 23.88181651000832 -4
      vertex 45.8 21.499999999999996 22.993150684931503
    endloop
  endfacet
  facet normal 1 0 0
    outer loop
      vertex 45.8 21.499999999999996 -4
      vertex 45.8 21.499999999999996 22.993150684931503
      vertex 45.8 6.990369453344394 7.803965719340878
    endloop
  endfacet
  facet normal 1 0 0
    outer loop
      vertex 45.8 6.990369453344394 7.803965719340878
      vertex 45.8 21.499999999999996 22.993150684931503
      vertex 45.8 7 8
    endloop
  endfacet
  facet normal 1 0 0
    outer loop
      vertex 45.8 7 8
      vertex 45.8 21.499999999999996 22.993150684931503
      vertex 45.8 7 14
    endloop
  endfacet
  facet normal 0 0 -1
    outer loop
      vertex 42.930686723665026 32.95494070487174 -4
      vertex 13.585261848960688 32.79772340415068 -4
      vertex 13 33.00713344217593 -4
    endloop
  endfacet
  facet normal 0 0 -1
    outer loop
      vertex 43.95027264002427 30.79920740647168 -4
      vertex 16.734584157322917 31.308204884366603 -4
      vertex 13.585261848960688 32.79772340415068 -4
    endloop
  endfacet
  facet normal 0 0 -1
    outer loop
      vertex 44.75365015829267 28.55391765728343 -4
      vertex 19.722743272195878 29.517171236740356 -4
      vertex 16.734584157322917 31.308204884366603 -4
    endloop
  endfacet
  facet normal 0 0 -1
    outer loop
      vertex 44.75365015829267 28.55391765728343 -4
      vertex 22.520961587809413 27.441871094377163 -4
      vertex 19.722743272195878 29.517171236740356 -4
    endloop
  endfacet
  facet normal 0 0 -1
    outer loop
      vertex 45.3330823137985 26.240694824991913 -4
      vertex 25.102290732122437 25.102290732122437 -4
      vertex 22.520961587809413 27.441871094377163 -4
    endloop
  endfacet
  facet normal 0 0 -1
    outer loop
      vertex 45.68298885813438 23.88181651000832 -4
      vertex 27.441871094377163 22.520961587809413 -4
      vertex 25.102290732122437 25.102290732122437 -4
    endloop
  endfacet
  facet normal 0 0 -1
    outer loop
      vertex 42.930686723665026 32.95494070487174 -4
      vertex 43.95027264002427 30.79920740647168 -4
      vertex 13.585261848960688 32.79772340415068 -4
    endloop
  endfacet
  facet normal 0 0 -1
    outer loop
      vertex 42.930686723665026 32.95494070487174 -4
      vertex 13 33.00713344217593 -4
      vertex 13 45.8 -4
    endloop
  endfacet
  facet normal 0 0 -1
    outer loop
      vertex 28.55391765728343 44.75365015829267 -4
      vertex 30.79920740647168 43.95027264002427 -4
      vertex 13 45.8 -4
    endloop
  endfacet
  facet normal 0 0 -1
    outer loop
      vertex 30.79920740647168 43.95027264002427 -4
      vertex 32.95494070487174 42.930686723665026 -4
      vertex 13 45.8 -4
    endloop
  endfacet
  facet normal 0.04906767432741882 0.9987954562051723 0
    outer loop
      vertex 21.499999999999996 45.8 -4
      vertex 23.88181651000832 45.68298885813438 0
      vertex 23.88181651000832 45.68298885813438 -4
    endloop
  endfacet
  facet normal 0.14673047445536017 0.9891765099647812 0
    outer loop
      vertex 23.88181651000832 45.68298885813438 -4
      vertex 26.240694824991913 45.3330823137985 0
      vertex 26.240694824991913 45.3330823137985 -4
    endloop
  endfacet
  facet normal 0 0 -1
    outer loop
      vertex 35.00035666237633 41.704711578951844 -4
      vertex 36.915756805176585 40.28415401671451 -4
      vertex 13 45.8 -4
    endloop
  endfacet
  facet normal 0 0 -1
    outer loop
      vertex 32.95494070487174 42.930686723665026 -4
      vertex 35.00035666237633 41.704711578951844 -4
      vertex 13 45.8 -4
    endloop
  endfacet
  facet normal 0.24298017990326506 0.9700312531945438 0
    outer loop
      vertex 26.240694824991913 45.3330823137985 -4
      vertex 28.55391765728343 44.75365015829267 0
      vertex 28.55391765728343 44.75365015829267 -4
    endloop
  endfacet
  facet normal 0.14673047445536017 0.9891765099647812 0
    outer loop
      vertex 23.88181651000832 45.68298885813438 -4
      vertex 23.88181651000832 45.68298885813438 0
      vertex 26.240694824991913 45.3330823137985 0
    endloop
  endfacet
  facet normal 0.24298017990326506 0.9700312531945438 0
    outer loop
      vertex 26.240694824991913 45.3330823137985 -4
      vertex 26.240694824991913 45.3330823137985 0
      vertex 28.55391765728343 44.75365015829267 0
    endloop
  endfacet
  facet normal 0 0 -1
    outer loop
      vertex 42.930686723665026 32.95494070487174 -4
      vertex 13 45.8 -4
      vertex 41.704711578951844 35.00035666237633 -4
    endloop
  endfacet
  facet normal 0 0 -1
    outer loop
      vertex 40.28415401671451 36.915756805176585 -4
      vertex 41.704711578951844 35.00035666237633 -4
      vertex 13 45.8 -4
    endloop
  endfacet
  facet normal 0 0 -1
    outer loop
      vertex 38.6826947828331 38.6826947828331 -4
      vertex 13 45.8 -4
      vertex 36.915756805176585 40.28415401671451 -4
    endloop
  endfacet
  facet normal 0 0 -1
    outer loop
      vertex 38.6826947828331 38.6826947828331 -4
      vertex 40.28415401671451 36.915756805176585 -4
      vertex 13 45.8 -4
    endloop
  endfacet
  facet normal 0.33688985339221894 0.9415440651830211 0
    outer loop
      vertex 28.55391765728343 44.75365015829267 -4
      vertex 30.79920740647168 43.95027264002427 0
      vertex 30.79920740647168 43.95027264002427 -4
    endloop
  endfacet
  facet normal 0.5141027441932222 0.8577286100002717 0
    outer loop
      vertex 32.95494070487174 42.930686723665026 -4
      vertex 35.00035666237633 41.704711578951844 0
      vertex 35.00035666237633 41.704711578951844 -4
    endloop
  endfacet
  facet normal 0.4275550934302824 0.9039892931234433 0
    outer loop
      vertex 30.79920740647168 43.95027264002427 -4
      vertex 32.95494070487174 42.930686723665026 0
      vertex 32.95494070487174 42.930686723665026 -4
    endloop
  endfacet
  facet normal 0.33688985339221894 0.9415440651830211 0
    outer loop
      vertex 28.55391765728343 44.75365015829267 -4
      vertex 28.55391765728343 44.75365015829267 0
      vertex 30.79920740647168 43.95027264002427 0
    endloop
  endfacet
  facet normal 0.5141027441932222 0.8577286100002717 0
    outer loop
      vertex 32.95494070487174 42.930686723665026 -4
      vertex 32.95494070487174 42.930686723665026 0
      vertex 35.00035666237633 41.704711578951844 0
    endloop
  endfacet
  facet normal 0.4275550934302824 0.9039892931234433 0
    outer loop
      vertex 30.79920740647168 43.95027264002427 -4
      vertex 30.79920740647168 43.95027264002427 0
      vertex 32.95494070487174 42.930686723665026 0
    endloop
  endfacet
  facet normal 0 0 -1
    outer loop
      vertex 45.68298885813438 23.88181651000832 -4
      vertex 25.102290732122437 25.102290732122437 -4
      vertex 45.3330823137985 26.240694824991913 -4
    endloop
  endfacet
  facet normal 0 0 -1
    outer loop
      vertex 45.3330823137985 26.240694824991913 -4
      vertex 22.520961587809413 27.441871094377163 -4
      vertex 44.75365015829267 28.55391765728343 -4
    endloop
  endfacet
  facet normal 0 0 -1
    outer loop
      vertex 43.95027264002427 30.79920740647168 -4
      vertex 44.75365015829267 28.55391765728343 -4
      vertex 16.734584157322917 31.308204884366603 -4
    endloop
  endfacet
  facet normal 0.9891765099647812 0.1467304744553602 0
    outer loop
      vertex 45.68298885813438 23.88181651000832 -4
      vertex 45.3330823137985 26.240694824991913 -4
      vertex 45.68298885813438 23.88181651000832 22.50373633355993
    endloop
  endfacet
  facet normal 0.9700312531945436 0.24298017990326504 0
    outer loop
      vertex 45.3330823137985 26.240694824991913 -4
      vertex 44.75365015829267 28.55391765728343 -4
      vertex 45.3330823137985 26.240694824991913 22.01903530993317
    endloop
  endfacet
  facet normal 0.8577286100002717 0.5141027441932222 0
    outer loop
      vertex 42.930686723665026 32.95494070487174 -4
      vertex 41.704711578951844 35.00035666237633 -4
      vertex 42.930686723665026 32.95494070487174 20.639395745574298
    endloop
  endfacet
  facet normal 0.9415440651830213 0.33688985339221894 0
    outer loop
      vertex 43.95027264002427 30.79920740647168 -4
      vertex 44.75365015829267 28.55391765728343 21.54371554987327
      vertex 44.75365015829267 28.55391765728343 -4
    endloop
  endfacet
  facet normal 0.9039892931234432 0.4275550934302824 0
    outer loop
      vertex 42.930686723665026 32.95494070487174 -4
      vertex 43.95027264002427 30.79920740647168 21.08235464250582
      vertex 43.95027264002427 30.79920740647168 -4
    endloop
  endfacet
  facet normal 0.5956993044924316 0.8032075314806463 0
    outer loop
      vertex 35.00035666237633 41.704711578951844 -4
      vertex 36.915756805176585 40.28415401671451 0
      vertex 36.915756805176585 40.28415401671451 -4
    endloop
  endfacet
  facet normal 0.5956993044924316 0.8032075314806463 0
    outer loop
      vertex 35.00035666237633 41.704711578951844 -4
      vertex 35.00035666237633 41.704711578951844 0
      vertex 36.915756805176585 40.28415401671451 0
    endloop
  endfacet
  facet normal 0.6715589548470298 0.7409511253549488 0
    outer loop
      vertex 36.915756805176585 40.28415401671451 -4
      vertex 36.915756805176585 40.28415401671451 0
      vertex 37 40.20780043557718 0
    endloop
  endfacet
  facet normal 0.6715589548470194 0.7409511253549581 0
    outer loop
      vertex 38.6826947828331 38.6826947828331 -4
      vertex 36.915756805176585 40.28415401671451 -4
      vertex 38.6826947828331 38.6826947828331 19.46245997613018
    endloop
  endfacet
  facet normal 0.7409511253549581 0.6715589548470196 0
    outer loop
      vertex 38.6826947828331 38.6826947828331 -4
      vertex 40.28415401671451 36.915756805176585 19.82552942359385
      vertex 40.28415401671451 36.915756805176585 -4
    endloop
  endfacet
  facet normal 0.6715589548470156 0.7409511253549618 5.453225648212873e-16
    outer loop
      vertex 36.915756805176585 40.28415401671451 -4
      vertex 37 40.20780043557718 0
      vertex 38.6826947828331 38.6826947828331 19.46245997613018
    endloop
  endfacet
  facet normal 0.8032075314806462 0.5956993044924316 0
    outer loop
      vertex 40.28415401671451 36.915756805176585 -4
      vertex 41.704711578951844 35.00035666237633 20.21910479540212
      vertex 41.704711578951844 35.00035666237633 -4
    endloop
  endfacet
  facet normal 0.9700312531945436 0.24298017990326506 0
    outer loop
      vertex 44.75365015829267 28.55391765728343 -4
      vertex 44.75365015829267 28.55391765728343 21.54371554987327
      vertex 45.3330823137985 26.240694824991913 22.01903530993317
    endloop
  endfacet
  facet normal 0.9987954562051724 0.04906767432741883 0
    outer loop
      vertex 45.68298885813438 23.88181651000832 -4
      vertex 45.68298885813438 23.88181651000832 22.50373633355993
      vertex 45.8 21.499999999999996 22.993150684931503
    endloop
  endfacet
  facet normal 0.9891765099647812 0.14673047445536017 0
    outer loop
      vertex 45.3330823137985 26.240694824991913 -4
      vertex 45.3330823137985 26.240694824991913 22.01903530993317
      vertex 45.68298885813438 23.88181651000832 22.50373633355993
    endloop
  endfacet
  facet normal 0.9415440651830213 0.33688985339221894 0
    outer loop
      vertex 43.95027264002427 30.79920740647168 -4
      vertex 43.95027264002427 30.79920740647168 21.08235464250582
      vertex 44.75365015829267 28.55391765728343 21.54371554987327
    endloop
  endfacet
  facet normal 0.9039892931234432 0.42755509343028236 0
    outer loop
      vertex 42.930686723665026 32.95494070487174 -4
      vertex 42.930686723665026 32.95494070487174 20.639395745574298
      vertex 43.95027264002427 30.79920740647168 21.08235464250582
    endloop
  endfacet
  facet normal 0.7409511253549581 0.6715589548470194 0
    outer loop
      vertex 38.6826947828331 38.6826947828331 -4
      vertex 38.6826947828331 38.6826947828331 19.46245997613018
      vertex 40.28415401671451 36.915756805176585 19.82552942359385
    endloop
  endfacet
  facet normal 0.671558954847019 0.7409511253549586 0
    outer loop
      vertex 38.6826947828331 38.6826947828331 19.46245997613018
      vertex 37 40.20780043557718 0
      vertex 37 40.20780043557718 19.14908210227866
    endloop
  endfacet
  facet normal 0.8032075314806463 0.5956993044924316 0
    outer loop
      vertex 40.28415401671451 36.915756805176585 -4
      vertex 40.28415401671451 36.915756805176585 19.82552942359385
      vertex 41.704711578951844 35.00035666237633 20.21910479540212
    endloop
  endfacet
  facet normal 0.8577286100002717 0.5141027441932222 0
    outer loop
      vertex 41.704711578951844 35.00035666237633 -4
      vertex 41.704711578951844 35.00035666237633 20.21910479540212
      vertex 42.930686723665026 32.95494070487174 20.639395745574298
    endloop
  endfacet
  facet normal 1 0 0
    outer loop
      vertex 45.8 6.111140466039204 15.66293922460509
      vertex 45.8 21.499999999999996 22.993150684931503
      vertex 45.8 5.942793473651995 15.76384252869671
    endloop
  endfacet
  facet normal 1 0 0
    outer loop
      vertex 45.8 5.765366864730179 15.847759065022574
      vertex 45.8 21.499999999999996 22.993150684931503
      vertex 45.8 5.580569354508925 15.913880671464417
    endloop
  endfacet
  facet normal 1 0 0
    outer loop
      vertex 45.8 5.942793473651995 15.76384252869671
      vertex 45.8 21.499999999999996 22.993150684931503
      vertex 45.8 5.765366864730179 15.847759065022574
    endloop
  endfacet
  facet normal 1 0 0
    outer loop
      vertex 45.8 7 14
      vertex 45.8 21.499999999999996 22.993150684931503
      vertex 45.8 6.990369453344394 14.196034280659122
    endloop
  endfacet
  facet normal 1 0 0
    outer loop
      vertex 45.8 6.990369453344394 14.196034280659122
      vertex 45.8 21.499999999999996 22.993150684931503
      vertex 45.8 6.961570560806461 14.390180644032256
    endloop
  endfacet
  facet normal 1 0 0
    outer loop
      vertex 45.8 6.961570560806461 14.390180644032256
      vertex 45.8 21.499999999999996 22.993150684931503
      vertex 45.8 6.913880671464417 14.580569354508924
    endloop
  endfacet
  facet normal 1 0 0
    outer loop
      vertex 45.8 6.913880671464417 14.580569354508924
      vertex 45.8 21.499999999999996 22.993150684931503
      vertex 45.8 6.847759065022574 14.76536686473018
    endloop
  endfacet
  facet normal 1 0 0
    outer loop
      vertex 45.8 6.662939224605091 15.111140466039204
      vertex 45.8 21.499999999999996 22.993150684931503
      vertex 45.8 6.546020906725474 15.268786568327291
    endloop
  endfacet
  facet normal 1 0 0
    outer loop
      vertex 45.8 6.847759065022574 14.76536686473018
      vertex 45.8 21.499999999999996 22.993150684931503
      vertex 45.8 6.76384252869671 14.942793473651996
    endloop
  endfacet
  facet normal 1 0 0
    outer loop
      vertex 45.8 6.76384252869671 14.942793473651996
      vertex 45.8 21.499999999999996 22.993150684931503
      vertex 45.8 6.662939224605091 15.111140466039204
    endloop
  endfacet
  facet normal 1 0 0
    outer loop
      vertex 45.8 6.414213562373095 15.414213562373096
      vertex 45.8 21.499999999999996 22.993150684931503
      vertex 45.8 6.268786568327291 15.546020906725474
    endloop
  endfacet
  facet normal 1 0 0
    outer loop
      vertex 45.8 6.546020906725474 15.268786568327291
      vertex 45.8 21.499999999999996 22.993150684931503
      vertex 45.8 6.414213562373095 15.414213562373096
    endloop
  endfacet
  facet normal 1 0 0
    outer loop
      vertex 45.8 6.268786568327291 15.546020906725474
      vertex 45.8 21.499999999999996 22.993150684931503
      vertex 45.8 6.111140466039204 15.66293922460509
    endloop
  endfacet
  facet normal 0 0 1
    outer loop
      vertex -34.378183668522 -37.19211220326356 0
      vertex -34.81787745431468 -6.925706431572553 0
      vertex -35.85426765808691 -35.85426765808691 0
    endloop
  endfacet
  facet normal 0 0 1
    outer loop
      vertex -35.85426765808691 -35.85426765808691 0
      vertex -36.53724875160745 0 0
      vertex -37.19211220326356 -34.378183668522 0
    endloop
  endfacet
  facet normal 0 0 1
    outer loop
      vertex -27.392778948265583 -40.925888815363834 0
      vertex -25.4603335369274 -41.40994119218557 0
      vertex -25.102290732122437 -25.102290732122437 0
    endloop
  endfacet
  facet normal 0 0 1
    outer loop
      vertex -25.4603335369274 -41.40994119218557 0
      vertex -23.489747948690077 -41.702249951445594 0
      vertex -22.520961587809413 -27.441871094377163 0
    endloop
  endfacet
  facet normal 0 0 1
    outer loop
      vertex -34.378183668522 -37.19211220326356 0
      vertex -32.77807573029792 -38.378833129741665 0
      vertex -32.79772340415068 -13.585261848960688 0
    endloop
  endfacet
  facet normal 0 0 1
    outer loop
      vertex -32.77807573029792 -38.378833129741665 0
      vertex -31.069353757567747 -39.40300166627161 0
      vertex -31.308204884366603 -16.734584157322917 0
    endloop
  endfacet
  facet normal 0 0 1
    outer loop
      vertex -31.069353757567747 -39.40300166627161 0
      vertex -29.26847367701132 -40.25475450997912 0
      vertex -29.517171236740356 -19.722743272195878 0
    endloop
  endfacet
  facet normal 0 0 1
    outer loop
      vertex -29.26847367701132 -40.25475450997912 0
      vertex -27.441871094377163 -22.520961587809413 0
      vertex -29.517171236740356 -19.722743272195878 0
    endloop
  endfacet
  facet normal 0 0 1
    outer loop
      vertex -31.069353757567747 -39.40300166627161 0
      vertex -29.517171236740356 -19.722743272195878 0
      vertex -31.308204884366603 -16.734584157322917 0
    endloop
  endfacet
  facet normal 0 0 1
    outer loop
      vertex -29.26847367701132 -40.25475450997912 0
      vertex -27.392778948265583 -40.925888815363834 0
      vertex -27.441871094377163 -22.520961587809413 0
    endloop
  endfacet
  facet normal 0 0 1
    outer loop
      vertex -27.392778948265583 -40.925888815363834 0
      vertex -25.102290732122437 -25.102290732122437 0
      vertex -27.441871094377163 -22.520961587809413 0
    endloop
  endfacet
  facet normal 0 0 1
    outer loop
      vertex -25.4603335369274 -41.40994119218557 0
      vertex -22.520961587809413 -27.441871094377163 0
      vertex -25.102290732122437 -25.102290732122437 0
    endloop
  endfacet
  facet normal 0.7409511253549581 0.6715589548470196 0
    outer loop
      vertex -35.85426765808691 -35.85426765808691 0
      vertex -37.19211220326356 -34.378183668522 0
      vertex -37.19211220326356 -34.378183668522 34.474969246956576
    endloop
  endfacet
  facet normal 0.6715589548470196 0.740951125354958 0
    outer loop
      vertex -34.378183668522 -37.19211220326356 0
      vertex -35.85426765808691 -35.85426765808691 0
      vertex -35.85426765808691 -35.85426765808691 34.77827417631923
    endloop
  endfacet
  facet normal 0.9891765099647806 0.14673047445536436 0
    outer loop
      vertex -41.40994119218557 -25.4603335369274 0
      vertex -41.702249951445594 -23.489747948690077 0
      vertex -41.702249951445594 -23.489747948690077 32.23761944151166
    endloop
  endfacet
  facet normal 0.9700312531945442 0.24298017990326312 0
    outer loop
      vertex -40.925888815363834 -27.392778948265583 0
      vertex -41.40994119218557 -25.4603335369274 0
      vertex -41.40994119218557 -25.4603335369274 32.64253428840974
    endloop
  endfacet
  facet normal 0.9415440651830218 0.336889853392217 0
    outer loop
      vertex -40.925888815363834 -27.392778948265583 0
      vertex -40.925888815363834 -27.392778948265583 33.03961211265731
      vertex -40.25475450997912 -29.26847367701132 0
    endloop
  endfacet
  facet normal 0.803207531480646 0.5956993044924318 0
    outer loop
      vertex -38.378833129741665 -32.77807573029792 0
      vertex -38.378833129741665 -32.77807573029792 34.14617994458177
      vertex -37.19211220326356 -34.378183668522 0
    endloop
  endfacet
  facet normal 0.8577286100002716 0.5141027441932224 0
    outer loop
      vertex -38.378833129741665 -32.77807573029792 0
      vertex -39.40300166627161 -31.069353757567747 0
      vertex -39.40300166627161 -31.069353757567747 33.79507268991118
    endloop
  endfacet
  facet normal 0.903989293123443 0.4275550934302831 0
    outer loop
      vertex -39.40300166627161 -31.069353757567747 0
      vertex -40.25475450997912 -29.26847367701132 0
      vertex -40.25475450997912 -29.26847367701132 33.425028837742055
    endloop
  endfacet
  facet normal 0.5141027441932224 0.8577286100002716 0
    outer loop
      vertex -32.77807573029792 -38.378833129741665 0
      vertex -32.77807573029792 -38.378833129741665 35.2970205061113
      vertex -31.069353757567747 -39.40300166627161 0
    endloop
  endfacet
  facet normal 0.5956993044924318 0.803207531480646 0
    outer loop
      vertex -34.378183668522 -37.19211220326356 0
      vertex -34.378183668522 -37.19211220326356 35.05317374039662
      vertex -32.77807573029792 -38.378833129741665 0
    endloop
  endfacet
  facet normal 0.42755509343028303 0.9039892931234429 0
    outer loop
      vertex -31.069353757567747 -39.40300166627161 0
      vertex -31.069353757567747 -39.40300166627161 35.507466095809235
      vertex -29.26847367701132 -40.25475450997912 0
    endloop
  endfacet
  facet normal 0.33688985339221705 0.9415440651830218 0
    outer loop
      vertex -29.26847367701132 -40.25475450997912 0
      vertex -29.26847367701132 -40.25475450997912 35.68248380342037
      vertex -27.392778948265583 -40.925888815363834 0
    endloop
  endfacet
  facet normal 0.2429801799032631 0.9700312531945441 0
    outer loop
      vertex -27.392778948265583 -40.925888815363834 0
      vertex -27.392778948265583 -40.925888815363834 35.820388112745995
      vertex -25.4603335369274 -41.40994119218557 0
    endloop
  endfacet
  facet normal 0.14673047445536436 0.9891765099647806 0
    outer loop
      vertex -25.4603335369274 -41.40994119218557 0
      vertex -25.4603335369274 -41.40994119218557 35.919850929901145
      vertex -23.489747948690077 -41.702249951445594 0
    endloop
  endfacet
  facet normal 0 0 1
    outer loop
      vertex -34.378183668522 -37.19211220326356 0
      vertex -33.971381918493414 -10.305106042533414 0
      vertex -34.81787745431468 -6.925706431572553 0
    endloop
  endfacet
  facet normal 0 0 1
    outer loop
      vertex -35.85426765808691 -35.85426765808691 0
      vertex -34.81787745431468 -6.925706431572553 0
      vertex -35.32905779686299 -3.4796084816994015 0
    endloop
  endfacet
  facet normal 0 0 1
    outer loop
      vertex -35.85426765808691 -35.85426765808691 0
      vertex -35.5 0 0
      vertex -36.53724875160745 0 0
    endloop
  endfacet
  facet normal 0 0 1
    outer loop
      vertex -35.85426765808691 -35.85426765808691 0
      vertex -35.32905779686299 -3.4796084816994015 0
      vertex -35.5 0 0
    endloop
  endfacet
  facet normal 1 0 0
    outer loop
      vertex -41.8 -21.499999999999996 0
      vertex -41.8 -6.913880671464417 7.419430645491076
      vertex -41.8 -6.961570560806461 7.609819355967744
    endloop
  endfacet
  facet normal 1 0 0
    outer loop
      vertex -41.8 -21.499999999999996 0
      vertex -41.8 -6.961570560806461 7.609819355967744
      vertex -41.8 -6.990369453344394 7.803965719340878
    endloop
  endfacet
  facet normal 1 0 0
    outer loop
      vertex -41.8 -21.499999999999996 0
      vertex -41.8 -6.990369453344394 7.803965719340878
      vertex -41.8 -7 8
    endloop
  endfacet
  facet normal 0 0 1
    outer loop
      vertex -40.925888815363834 -27.392778948265583 0
      vertex -41.40994119218557 25.4603335369274 0
      vertex -41.40994119218557 -25.4603335369274 0
    endloop
  endfacet
  facet normal 0 0 1
    outer loop
      vertex -40.925888815363834 -27.392778948265583 0
      vertex -40.25475450997912 -29.26847367701132 0
      vertex -40.925888815363834 27.392778948265583 0
    endloop
  endfacet
  facet normal 0 0 1
    outer loop
      vertex -41.40994119218557 -25.4603335369274 0
      vertex -41.702249951445594 23.489747948690077 0
      vertex -41.702249951445594 -23.489747948690077 0
    endloop
  endfacet
  facet normal 0 0 1
    outer loop
      vertex -41.702249951445594 -23.489747948690077 0
      vertex -41.8 21.499999999999996 0
      vertex -41.8 -21.499999999999996 0
    endloop
  endfacet
  facet normal 0 0 1
    outer loop
      vertex -39.40300166627161 -31.069353757567747 0
      vertex -40.25475450997912 29.26847367701132 0
      vertex -40.25475450997912 -29.26847367701132 0
    endloop
  endfacet
  facet normal 0 0 1
    outer loop
      vertex -38.378833129741665 -32.77807573029792 0
      vertex -39.40300166627161 31.069353757567747 0
      vertex -39.40300166627161 -31.069353757567747 0
    endloop
  endfacet
  facet normal 0 0 1
    outer loop
      vertex -38.378833129741665 -32.77807573029792 0
      vertex -37.19211220326356 -34.378183668522 0
      vertex -38.378833129741665 32.77807573029792 0
    endloop
  endfacet
  facet normal 0 0 1
    outer loop
      vertex -37.19211220326356 -34.378183668522 0
      vertex -36.53724875160745 0 0
      vertex -37 24.292923005315302 0
    endloop
  endfacet
  facet normal 1 0 0
    outer loop
      vertex -41.8 -21.499999999999996 0
      vertex -41.8 -5.580569354508925 6.086119328535583
      vertex -41.8 -5.765366864730179 6.152240934977426
    endloop
  endfacet
  facet normal 1 0 0
    outer loop
      vertex -41.8 -21.499999999999996 0
      vertex -41.8 -5.390180644032257 6.038429439193539
      vertex -41.8 -5.580569354508925 6.086119328535583
    endloop
  endfacet
  facet normal 1 0 0
    outer loop
      vertex -41.8 -21.499999999999996 0
      vertex -41.8 -5.196034280659121 6.009630546655606
      vertex -41.8 -5.390180644032257 6.038429439193539
    endloop
  endfacet
  facet normal 1 0 0
    outer loop
      vertex -41.8 -21.499999999999996 0
      vertex -41.8 -6.111140466039204 6.337060775394909
      vertex -41.8 -6.268786568327291 6.453979093274526
    endloop
  endfacet
  facet normal 1 0 0
    outer loop
      vertex -41.8 -21.499999999999996 0
      vertex -41.8 -5.942793473651995 6.23615747130329
      vertex -41.8 -6.111140466039204 6.337060775394909
    endloop
  endfacet
  facet normal 1 0 0
    outer loop
      vertex -41.8 -21.499999999999996 0
      vertex -41.8 -5.765366864730179 6.152240934977426
      vertex -41.8 -5.942793473651995 6.23615747130329
    endloop
  endfacet
  facet normal 1 0 0
    outer loop
      vertex -41.8 -21.499999999999996 0
      vertex -41.8 -6.268786568327291 6.453979093274526
      vertex -41.8 -6.414213562373095 6.585786437626905
    endloop
  endfacet
  facet normal 1 0 0
    outer loop
      vertex -41.8 -21.499999999999996 0
      vertex -41.8 -6.414213562373095 6.585786437626905
      vertex -41.8 -6.546020906725474 6.731213431672709
    endloop
  endfacet
  facet normal 1 0 0
    outer loop
      vertex -41.8 -21.499999999999996 0
      vertex -41.8 -6.546020906725474 6.731213431672709
      vertex -41.8 -6.662939224605091 6.888859533960796
    endloop
  endfacet
  facet normal 1 0 0
    outer loop
      vertex -41.8 -21.499999999999996 0
      vertex -41.8 -6.662939224605091 6.888859533960796
      vertex -41.8 -6.76384252869671 7.057206526348004
    endloop
  endfacet
  facet normal 1 0 0
    outer loop
      vertex -41.8 -21.499999999999996 0
      vertex -41.8 -6.76384252869671 7.057206526348004
      vertex -41.8 -6.847759065022574 7.234633135269821
    endloop
  endfacet
  facet normal 1 0 0
    outer loop
      vertex -41.8 -21.499999999999996 0
      vertex -41.8 -6.847759065022574 7.234633135269821
      vertex -41.8 -6.913880671464417 7.419430645491076
    endloop
  endfacet
  facet normal 1 0 0
    outer loop
      vertex -41.8 -21.499999999999996 0
      vertex -41.8 21.499999999999996 0
      vertex -41.8 -5.196034280659121 6.009630546655606
    endloop
  endfacet
  facet normal 0 0 1
    outer loop
      vertex -32.77807573029792 -38.378833129741665 0
      vertex -31.308204884366603 -16.734584157322917 0
      vertex -32.79772340415068 -13.585261848960688 0
    endloop
  endfacet
  facet normal 0 0 1
    outer loop
      vertex -34.378183668522 -37.19211220326356 0
      vertex -32.79772340415068 -13.585261848960688 0
      vertex -33.971381918493414 -10.305106042533414 0
    endloop
  endfacet
  facet normal 0.9987954562051724 0.04906767432741776 0
    outer loop
      vertex -41.702249951445594 -23.489747948690077 0
      vertex -41.8 -21.499999999999996 0
      vertex -41.8 -21.499999999999996 31.828767123287673
    endloop
  endfacet
  facet normal 1 0 0
    outer loop
      vertex -41.8 -21.499999999999996 0
      vertex -41.8 -7 8
      vertex -41.8 -7 14
    endloop
  endfacet
  facet normal 1 0 0
    outer loop
      vertex -41.8 -21.499999999999996 0
      vertex -41.8 -7 14
      vertex -41.8 -21.499999999999996 31.828767123287673
    endloop
  endfacet
  facet normal 0 0 1
    outer loop
      vertex -23.489747948690077 -41.702249951445594 0
      vertex -21.499999999999996 -41.8 0
      vertex -19.722743272195878 -29.517171236740356 0
    endloop
  endfacet
  facet normal 0 0 1
    outer loop
      vertex -21.499999999999996 -41.8 0
      vertex -13.585261848960688 -32.79772340415068 0
      vertex -16.734584157322917 -31.308204884366603 0
    endloop
  endfacet
  facet normal 0 0 1
    outer loop
      vertex -21.499999999999996 -41.8 0
      vertex -10.305106042533414 -33.971381918493414 0
      vertex -13.585261848960688 -32.79772340415068 0
    endloop
  endfacet
  facet normal 0 0 1
    outer loop
      vertex -21.499999999999996 -41.8 0
      vertex -6.925706431572553 -34.81787745431468 0
      vertex -10.305106042533414 -33.971381918493414 0
    endloop
  endfacet
  facet normal 0 0 1
    outer loop
      vertex -23.489747948690077 -41.702249951445594 0
      vertex -19.722743272195878 -29.517171236740356 0
      vertex -22.520961587809413 -27.441871094377163 0
    endloop
  endfacet
  facet normal 0 0 1
    outer loop
      vertex -21.499999999999996 -41.8 0
      vertex -16.734584157322917 -31.308204884366603 0
      vertex -19.722743272195878 -29.517171236740356 0
    endloop
  endfacet
  facet normal 0 0 1
    outer loop
      vertex -21.499999999999996 -41.8 0
      vertex -3.4796084816994015 -35.32905779686299 0
      vertex -6.925706431572553 -34.81787745431468 0
    endloop
  endfacet
  facet normal 0 0 1
    outer loop
      vertex -21.499999999999996 -41.8 0
      vertex 0 -35.5 0
      vertex -3.4796084816994015 -35.32905779686299 0
    endloop
  endfacet
  facet normal 0 0 1
    outer loop
      vertex -21.499999999999996 -41.8 0
      vertex 3.4796084816994015 -35.32905779686299 0
      vertex 0 -35.5 0
    endloop
  endfacet
  facet normal 0.04906767432741777 0.9987954562051725 0
    outer loop
      vertex -23.489747948690077 -41.702249951445594 0
      vertex -23.489747948690077 -41.702249951445594 35.97991437358471
      vertex -21.499999999999996 -41.8 0
    endloop
  endfacet
  facet normal 0 1 0
    outer loop
      vertex -21.499999999999996 -41.8 0
      vertex -21.499999999999996 -41.8 36
      vertex 21.499999999999996 -41.8 0
    endloop
  endfacet
  facet normal 0.740951125354958 0.6715589548470196 0
    outer loop
      vertex -35.85426765808691 -35.85426765808691 0
      vertex -37.19211220326356 -34.378183668522 34.474969246956576
      vertex -35.85426765808691 -35.85426765808691 34.77827417631923
    endloop
  endfacet
  facet normal 0.6715589548470194 0.7409511253549581 0
    outer loop
      vertex -34.378183668522 -37.19211220326356 0
      vertex -35.85426765808691 -35.85426765808691 34.77827417631923
      vertex -34.378183668522 -37.19211220326356 35.05317374039662
    endloop
  endfacet
  facet normal 0.9415440651830218 0.33688985339221705 0
    outer loop
      vertex -40.25475450997912 -29.26847367701132 0
      vertex -40.925888815363834 -27.392778948265583 33.03961211265731
      vertex -40.25475450997912 -29.26847367701132 33.425028837742055
    endloop
  endfacet
  facet normal 0.9700312531945441 0.24298017990326312 0
    outer loop
      vertex -40.925888815363834 -27.392778948265583 0
      vertex -41.40994119218557 -25.4603335369274 32.64253428840974
      vertex -40.925888815363834 -27.392778948265583 33.03961211265731
    endloop
  endfacet
  facet normal 0.9891765099647807 0.14673047445536438 0
    outer loop
      vertex -41.40994119218557 -25.4603335369274 0
      vertex -41.702249951445594 -23.489747948690077 32.23761944151166
      vertex -41.40994119218557 -25.4603335369274 32.64253428840974
    endloop
  endfacet
  facet normal 0.8577286100002717 0.5141027441932227 0
    outer loop
      vertex -38.378833129741665 -32.77807573029792 0
      vertex -39.40300166627161 -31.069353757567747 33.79507268991118
      vertex -38.378833129741665 -32.77807573029792 34.14617994458177
    endloop
  endfacet
  facet normal 0.8032075314806462 0.5956993044924318 0
    outer loop
      vertex -37.19211220326356 -34.378183668522 0
      vertex -38.378833129741665 -32.77807573029792 34.14617994458177
      vertex -37.19211220326356 -34.378183668522 34.474969246956576
    endloop
  endfacet
  facet normal 0.9039892931234429 0.42755509343028303 0
    outer loop
      vertex -39.40300166627161 -31.069353757567747 0
      vertex -40.25475450997912 -29.26847367701132 33.425028837742055
      vertex -39.40300166627161 -31.069353757567747 33.79507268991118
    endloop
  endfacet
  facet normal 0.5956993044924317 0.803207531480646 0
    outer loop
      vertex -32.77807573029792 -38.378833129741665 0
      vertex -34.378183668522 -37.19211220326356 35.05317374039662
      vertex -32.77807573029792 -38.378833129741665 35.2970205061113
    endloop
  endfacet
  facet normal 0.5141027441932225 0.8577286100002717 0
    outer loop
      vertex -31.069353757567747 -39.40300166627161 0
      vertex -32.77807573029792 -38.378833129741665 35.2970205061113
      vertex -31.069353757567747 -39.40300166627161 35.507466095809235
    endloop
  endfacet
  facet normal 0.4275550934302831 0.9039892931234429 0
    outer loop
      vertex -29.26847367701132 -40.25475450997912 0
      vertex -31.069353757567747 -39.40300166627161 35.507466095809235
      vertex -29.26847367701132 -40.25475450997912 35.68248380342037
    endloop
  endfacet
  facet normal 0.33688985339221705 0.9415440651830218 0
    outer loop
      vertex -27.392778948265583 -40.925888815363834 0
      vertex -29.26847367701132 -40.25475450997912 35.68248380342037
      vertex -27.392778948265583 -40.925888815363834 35.820388112745995
    endloop
  endfacet
  facet normal 0.24298017990326315 0.9700312531945441 0
    outer loop
      vertex -25.4603335369274 -41.40994119218557 0
      vertex -27.392778948265583 -40.925888815363834 35.820388112745995
      vertex -25.4603335369274 -41.40994119218557 35.919850929901145
    endloop
  endfacet
  facet normal 0.14673047445536433 0.9891765099647806 0
    outer loop
      vertex -23.489747948690077 -41.702249951445594 0
      vertex -25.4603335369274 -41.40994119218557 35.919850929901145
      vertex -23.489747948690077 -41.702249951445594 35.97991437358471
    endloop
  endfacet
  facet normal 1 0 0
    outer loop
      vertex -41.8 -7 14
      vertex -41.8 -6.990369453344394 14.196034280659122
      vertex -41.8 -21.499999999999996 31.828767123287673
    endloop
  endfacet
  facet normal 1 0 0
    outer loop
      vertex -41.8 -6.990369453344394 14.196034280659122
      vertex -41.8 -6.961570560806461 14.390180644032256
      vertex -41.8 -21.499999999999996 31.828767123287673
    endloop
  endfacet
  facet normal 1 0 0
    outer loop
      vertex -41.8 -6.961570560806461 14.390180644032256
      vertex -41.8 -6.913880671464417 14.580569354508924
      vertex -41.8 -21.499999999999996 31.828767123287673
    endloop
  endfacet
  facet normal 0.9987954562051724 0.04906767432741776 0
    outer loop
      vertex -41.702249951445594 -23.489747948690077 0
      vertex -41.8 -21.499999999999996 31.828767123287673
      vertex -41.702249951445594 -23.489747948690077 32.23761944151166
    endloop
  endfacet
  facet normal 1 0 0
    outer loop
      vertex -41.8 -21.499999999999996 31.828767123287673
      vertex -41.8 -6.913880671464417 14.580569354508924
      vertex -41.8 -6.847759065022574 14.76536686473018
    endloop
  endfacet
  facet normal 1 0 0
    outer loop
      vertex -41.8 -21.499999999999996 31.828767123287673
      vertex -41.8 -6.847759065022574 14.76536686473018
      vertex -41.8 -6.76384252869671 14.942793473651996
    endloop
  endfacet
  facet normal 1 0 0
    outer loop
      vertex -41.8 -21.499999999999996 31.828767123287673
      vertex -41.8 -6.76384252869671 14.942793473651996
      vertex -41.8 -6.662939224605091 15.111140466039204
    endloop
  endfacet
  facet normal 1 0 0
    outer loop
      vertex -41.8 -21.499999999999996 31.828767123287673
      vertex -41.8 -6.662939224605091 15.111140466039204
      vertex -41.8 -6.546020906725474 15.268786568327291
    endloop
  endfacet
  facet normal 1 0 0
    outer loop
      vertex -41.8 -21.499999999999996 31.828767123287673
      vertex -41.8 -6.546020906725474 15.268786568327291
      vertex -41.8 -6.414213562373095 15.414213562373096
    endloop
  endfacet
  facet normal 1 0 0
    outer loop
      vertex -41.8 -21.499999999999996 31.828767123287673
      vertex -41.8 -6.414213562373095 15.414213562373096
      vertex -41.8 -6.268786568327291 15.546020906725474
    endloop
  endfacet
  facet normal 1 0 0
    outer loop
      vertex -41.8 -21.499999999999996 31.828767123287673
      vertex -41.8 -6.268786568327291 15.546020906725474
      vertex -41.8 -6.111140466039204 15.66293922460509
    endloop
  endfacet
  facet normal 1 0 0
    outer loop
      vertex -41.8 -21.499999999999996 31.828767123287673
      vertex -41.8 -6.111140466039204 15.66293922460509
      vertex -41.8 -5.942793473651995 15.76384252869671
    endloop
  endfacet
  facet normal 1 0 0
    outer loop
      vertex -41.8 -21.499999999999996 31.828767123287673
      vertex -41.8 -5.942793473651995 15.76384252869671
      vertex -41.8 -5.765366864730179 15.847759065022574
    endloop
  endfacet
  facet normal 1 0 0
    outer loop
      vertex -41.8 -21.499999999999996 31.828767123287673
      vertex -41.8 -5.765366864730179 15.847759065022574
      vertex -41.8 -5.580569354508925 15.913880671464417
    endloop
  endfacet
  facet normal 1 0 0
    outer loop
      vertex -41.8 -21.499999999999996 31.828767123287673
      vertex -41.8 -5.580569354508925 15.913880671464417
      vertex -41.8 -5.390180644032257 15.96157056080646
    endloop
  endfacet
  facet normal 1 0 0
    outer loop
      vertex -41.8 -21.499999999999996 31.828767123287673
      vertex -41.8 -5.390180644032257 15.96157056080646
      vertex -41.8 -5.196034280659121 15.990369453344394
    endloop
  endfacet
  facet normal 1 0 0
    outer loop
      vertex -41.8 -21.499999999999996 31.828767123287673
      vertex -41.8 -5.196034280659121 15.990369453344394
      vertex -41.8 -5 16
    endloop
  endfacet
  facet normal 1 0 0
    outer loop
      vertex -41.8 -21.499999999999996 31.828767123287673
      vertex -41.8 -5 16
      vertex -41.8 5 16
    endloop
  endfacet
  facet normal 0.04906767432741776 0.9987954562051723 0
    outer loop
      vertex -21.499999999999996 -41.8 0
      vertex -23.489747948690077 -41.702249951445594 35.97991437358471
      vertex -21.499999999999996 -41.8 36
    endloop
  endfacet
  facet normal 0 0 1
    outer loop
      vertex -41.702249951445594 -23.489747948690077 0
      vertex -41.702249951445594 23.489747948690077 0
      vertex -41.8 21.499999999999996 0
    endloop
  endfacet
  facet normal 0 0 1
    outer loop
      vertex -41.40994119218557 -25.4603335369274 0
      vertex -41.40994119218557 25.4603335369274 0
      vertex -41.702249951445594 23.489747948690077 0
    endloop
  endfacet
  facet normal 0 0 1
    outer loop
      vertex -40.925888815363834 -27.392778948265583 0
      vertex -40.925888815363834 27.392778948265583 0
      vertex -41.40994119218557 25.4603335369274 0
    endloop
  endfacet
  facet normal 0 0 1
    outer loop
      vertex -40.25475450997912 -29.26847367701132 0
      vertex -40.25475450997912 29.26847367701132 0
      vertex -40.925888815363834 27.392778948265583 0
    endloop
  endfacet
  facet normal 0 0 1
    outer loop
      vertex -39.40300166627161 -31.069353757567747 0
      vertex -39.40300166627161 31.069353757567747 0
      vertex -40.25475450997912 29.26847367701132 0
    endloop
  endfacet
  facet normal 0 0 1
    outer loop
      vertex -38.378833129741665 -32.77807573029792 0
      vertex -38.378833129741665 32.77807573029792 0
      vertex -39.40300166627161 31.069353757567747 0
    endloop
  endfacet
  facet normal 0 0 1
    outer loop
      vertex -37.19211220326356 -34.378183668522 0
      vertex -37.19211220326356 34.378183668522 0
      vertex -38.378833129741665 32.77807573029792 0
    endloop
  endfacet
  facet normal 0 0 1
    outer loop
      vertex -37.19211220326356 -34.378183668522 0
      vertex -37 24.292923005315302 0
      vertex -37.19211220326356 34.378183668522 0
    endloop
  endfacet
  facet normal 1 0 0
    outer loop
      vertex -41.8 -5.196034280659121 6.009630546655606
      vertex -41.8 21.499999999999996 0
      vertex -41.8 -5 6
    endloop
  endfacet
  facet normal 1 0 0
    outer loop
      vertex -41.8 -5 6
      vertex -41.8 21.499999999999996 0
      vertex -41.8 5 6
    endloop
  endfacet
  facet normal 1 0 0
    outer loop
      vertex -41.8 5 6
      vertex -41.8 21.499999999999996 0
      vertex -41.8 5.196034280659121 6.009630546655606
    endloop
  endfacet
  facet normal 1 0 0
    outer loop
      vertex -41.8 5.196034280659121 6.009630546655606
      vertex -41.8 21.499999999999996 0
      vertex -41.8 5.390180644032257 6.038429439193539
    endloop
  endfacet
  facet normal 1 0 0
    outer loop
      vertex -41.8 5.390180644032257 6.038429439193539
      vertex -41.8 21.499999999999996 0
      vertex -41.8 5.580569354508925 6.086119328535583
    endloop
  endfacet
  facet normal 1 0 0
    outer loop
      vertex -41.8 5.580569354508925 6.086119328535583
      vertex -41.8 21.499999999999996 0
      vertex -41.8 5.765366864730179 6.152240934977426
    endloop
  endfacet
  facet normal 1 0 0
    outer loop
      vertex -41.8 5.765366864730179 6.152240934977426
      vertex -41.8 21.499999999999996 0
      vertex -41.8 5.942793473651995 6.23615747130329
    endloop
  endfacet
  facet normal 1 0 0
    outer loop
      vertex -41.8 5.942793473651995 6.23615747130329
      vertex -41.8 21.499999999999996 0
      vertex -41.8 6.111140466039204 6.337060775394909
    endloop
  endfacet
  facet normal 1 0 0
    outer loop
      vertex -41.8 6.111140466039204 6.337060775394909
      vertex -41.8 21.499999999999996 0
      vertex -41.8 6.268786568327291 6.453979093274526
    endloop
  endfacet
  facet normal 1 0 0
    outer loop
      vertex -41.8 6.268786568327291 6.453979093274526
      vertex -41.8 21.499999999999996 0
      vertex -41.8 6.414213562373095 6.585786437626905
    endloop
  endfacet
  facet normal 1 0 0
    outer loop
      vertex -41.8 6.414213562373095 6.585786437626905
      vertex -41.8 21.499999999999996 0
      vertex -41.8 6.546020906725474 6.731213431672709
    endloop
  endfacet
  facet normal 1 0 0
    outer loop
      vertex -41.8 6.546020906725474 6.731213431672709
      vertex -41.8 21.499999999999996 0
      vertex -41.8 6.662939224605091 6.888859533960796
    endloop
  endfacet
  facet normal 1 0 0
    outer loop
      vertex -41.8 6.662939224605091 6.888859533960796
      vertex -41.8 21.499999999999996 0
      vertex -41.8 6.76384252869671 7.057206526348004
    endloop
  endfacet
  facet normal 1 0 0
    outer loop
      vertex -41.8 6.76384252869671 7.057206526348004
      vertex -41.8 21.499999999999996 0
      vertex -41.8 6.847759065022574 7.234633135269821
    endloop
  endfacet
  facet normal 1 0 0
    outer loop
      vertex -41.8 6.847759065022574 7.234633135269821
      vertex -41.8 21.499999999999996 0
      vertex -41.8 6.913880671464417 7.419430645491076
    endloop
  endfacet
  facet normal 1 0 0
    outer loop
      vertex -41.8 6.913880671464417 7.419430645491076
      vertex -41.8 21.499999999999996 0
      vertex -41.8 6.961570560806461 7.609819355967744
    endloop
  endfacet
  facet normal 1 0 0
    outer loop
      vertex -41.8 6.961570560806461 7.609819355967744
      vertex -41.8 21.499999999999996 0
      vertex -41.8 6.990369453344394 7.803965719340878
    endloop
  endfacet
  facet normal 1 0 0
    outer loop
      vertex -41.8 6.990369453344394 7.803965719340878
      vertex -41.8 21.499999999999996 0
      vertex -41.8 7 8
    endloop
  endfacet
  facet normal 1 0 0
    outer loop
      vertex -41.8 7 8
      vertex -41.8 21.499999999999996 0
      vertex -41.8 7 14
    endloop
  endfacet
  facet normal 1 0 0
    outer loop
      vertex -41.8 7 14
      vertex -41.8 21.499999999999996 0
      vertex -41.8 6.990369453344394 14.196034280659122
    endloop
  endfacet
  facet normal 1 0 0
    outer loop
      vertex -41.8 6.990369453344394 14.196034280659122
      vertex -41.8 21.499999999999996 0
      vertex -41.8 6.961570560806461 14.390180644032256
    endloop
  endfacet
  facet normal 1 0 0
    outer loop
      vertex -41.8 6.961570560806461 14.390180644032256
      vertex -41.8 21.499999999999996 0
      vertex -41.8 6.913880671464417 14.580569354508924
    endloop
  endfacet
  facet normal 1 0 0
    outer loop
      vertex -41.8 6.913880671464417 14.580569354508924
      vertex -41.8 21.499999999999996 0
      vertex -41.8 6.847759065022574 14.76536686473018
    endloop
  endfacet
  facet normal 1 0 0
    outer loop
      vertex -41.8 6.847759065022574 14.76536686473018
      vertex -41.8 21.499999999999996 0
      vertex -41.8 21.499999999999996 22.993150684931507
    endloop
  endfacet
  facet normal 0.9987954562051724 -0.04906767432741776 0
    outer loop
      vertex -41.8 21.499999999999996 0
      vertex -41.702249951445594 23.489747948690077 22.584298366707515
      vertex -41.8 21.499999999999996 22.993150684931507
    endloop
  endfacet
  facet normal 0 0 1
    outer loop
      vertex -37 24.292923005315302 0
      vertex -37 34.59014682108689 0
      vertex -37.19211220326356 34.378183668522 0
    endloop
  endfacet
  facet normal 0.9987954562051724 -0.04906767432741775 0
    outer loop
      vertex -41.8 21.499999999999996 0
      vertex -41.702249951445594 23.489747948690077 0
      vertex -41.702249951445594 23.489747948690077 22.584298366707515
    endloop
  endfacet
  facet normal 0.9891765099647805 -0.14673047445536436 0
    outer loop
      vertex -41.702249951445594 23.489747948690077 0
      vertex -41.40994119218557 25.4603335369274 0
      vertex -41.40994119218557 25.4603335369274 22.17938351980944
    endloop
  endfacet
  facet normal 0.9700312531945442 -0.24298017990326312 0
    outer loop
      vertex -41.40994119218557 25.4603335369274 0
      vertex -40.925888815363834 27.392778948265583 0
      vertex -40.925888815363834 27.392778948265583 21.782305695561867
    endloop
  endfacet
  facet normal 0.9415440651830219 -0.33688985339221705 0
    outer loop
      vertex -40.925888815363834 27.392778948265583 0
      vertex -40.25475450997912 29.26847367701132 0
      vertex -40.25475450997912 29.26847367701132 21.39688897047713
    endloop
  endfacet
  facet normal 0.9039892931234429 -0.4275550934302831 0
    outer loop
      vertex -40.25475450997912 29.26847367701132 0
      vertex -39.40300166627161 31.069353757567747 0
      vertex -39.40300166627161 31.069353757567747 21.026845118307996
    endloop
  endfacet
  facet normal 0.8577286100002717 -0.5141027441932225 0
    outer loop
      vertex -39.40300166627161 31.069353757567747 0
      vertex -38.378833129741665 32.77807573029792 0
      vertex -38.378833129741665 32.77807573029792 20.675737863637416
    endloop
  endfacet
  facet normal 0.8032075314806462 -0.5956993044924319 0
    outer loop
      vertex -38.378833129741665 32.77807573029792 0
      vertex -37.19211220326356 34.378183668522 0
      vertex -37.19211220326356 34.378183668522 20.346948561262604
    endloop
  endfacet
  facet normal 0.9891765099647806 -0.14673047445536436 0
    outer loop
      vertex -41.702249951445594 23.489747948690077 0
      vertex -41.40994119218557 25.4603335369274 22.17938351980944
      vertex -41.702249951445594 23.489747948690077 22.584298366707515
    endloop
  endfacet
  facet normal 0.9700312531945442 -0.2429801799032631 0
    outer loop
      vertex -41.40994119218557 25.4603335369274 0
      vertex -40.925888815363834 27.392778948265583 21.782305695561867
      vertex -41.40994119218557 25.4603335369274 22.17938351980944
    endloop
  endfacet
  facet normal 0.9415440651830219 -0.33688985339221705 0
    outer loop
      vertex -40.925888815363834 27.392778948265583 0
      vertex -40.25475450997912 29.26847367701132 21.39688897047713
      vertex -40.925888815363834 27.392778948265583 21.782305695561867
    endloop
  endfacet
  facet normal 0.903989293123443 -0.4275550934302831 0
    outer loop
      vertex -40.25475450997912 29.26847367701132 0
      vertex -39.40300166627161 31.069353757567747 21.026845118307996
      vertex -40.25475450997912 29.26847367701132 21.39688897047713
    endloop
  endfacet
  facet normal 0.8577286100002716 -0.5141027441932225 0
    outer loop
      vertex -39.40300166627161 31.069353757567747 0
      vertex -38.378833129741665 32.77807573029792 20.675737863637416
      vertex -39.40300166627161 31.069353757567747 21.026845118307996
    endloop
  endfacet
  facet normal 0.803207531480646 -0.5956993044924318 0
    outer loop
      vertex -38.378833129741665 32.77807573029792 0
      vertex -37.19211220326356 34.378183668522 20.346948561262604
      vertex -38.378833129741665 32.77807573029792 20.675737863637416
    endloop
  endfacet
  facet normal 0.74095112535496 -0.6715589548470173 0
    outer loop
      vertex -37.19211220326356 34.378183668522 0
      vertex -37 34.59014682108689 0
      vertex -37.19211220326356 34.378183668522 20.346948561262604
    endloop
  endfacet
  facet normal 0.74095112535496 -0.6715589548470173 0
    outer loop
      vertex -37 34.59014682108689 0
      vertex -37 34.59014682108689 20.303394488817762
      vertex -37.19211220326356 34.378183668522 20.346948561262604
    endloop
  endfacet
  facet normal 1 0 0
    outer loop
      vertex -41.8 6.111140466039204 15.66293922460509
      vertex -41.8 21.499999999999996 22.993150684931507
      vertex -41.8 5.942793473651995 15.76384252869671
    endloop
  endfacet
  facet normal 1 0 0
    outer loop
      vertex -41.8 5 16
      vertex -41.8 5.196034280659121 15.990369453344394
      vertex -41.8 21.499999999999996 22.993150684931507
    endloop
  endfacet
  facet normal 1 0 0
    outer loop
      vertex -41.8 5.196034280659121 15.990369453344394
      vertex -41.8 5.390180644032257 15.96157056080646
      vertex -41.8 21.499999999999996 22.993150684931507
    endloop
  endfacet
  facet normal 1 0 0
    outer loop
      vertex -41.8 5.580569354508925 15.913880671464417
      vertex -41.8 21.499999999999996 22.993150684931507
      vertex -41.8 5.390180644032257 15.96157056080646
    endloop
  endfacet
  facet normal 1 0 0
    outer loop
      vertex -41.8 5.580569354508925 15.913880671464417
      vertex -41.8 5.765366864730179 15.847759065022574
      vertex -41.8 21.499999999999996 22.993150684931507
    endloop
  endfacet
  facet normal 1 0 0
    outer loop
      vertex -41.8 5.942793473651995 15.76384252869671
      vertex -41.8 21.499999999999996 22.993150684931507
      vertex -41.8 5.765366864730179 15.847759065022574
    endloop
  endfacet
  facet normal 1 0 0
    outer loop
      vertex -41.8 -21.499999999999996 31.828767123287673
      vertex -41.8 5 16
      vertex -41.8 21.499999999999996 22.993150684931507
    endloop
  endfacet
  facet normal 1 0 0
    outer loop
      vertex -41.8 6.662939224605091 15.111140466039204
      vertex -41.8 21.499999999999996 22.993150684931507
      vertex -41.8 6.546020906725474 15.268786568327291
    endloop
  endfacet
  facet normal 1 0 0
    outer loop
      vertex -41.8 6.847759065022574 14.76536686473018
      vertex -41.8 21.499999999999996 22.993150684931507
      vertex -41.8 6.76384252869671 14.942793473651996
    endloop
  endfacet
  facet normal 1 0 0
    outer loop
      vertex -41.8 6.662939224605091 15.111140466039204
      vertex -41.8 6.76384252869671 14.942793473651996
      vertex -41.8 21.499999999999996 22.993150684931507
    endloop
  endfacet
  facet normal 1 0 0
    outer loop
      vertex -41.8 6.414213562373095 15.414213562373096
      vertex -41.8 21.499999999999996 22.993150684931507
      vertex -41.8 6.268786568327291 15.546020906725474
    endloop
  endfacet
  facet normal 1 0 0
    outer loop
      vertex -41.8 6.546020906725474 15.268786568327291
      vertex -41.8 21.499999999999996 22.993150684931507
      vertex -41.8 6.414213562373095 15.414213562373096
    endloop
  endfacet
  facet normal 1 0 0
    outer loop
      vertex -41.8 6.111140466039204 15.66293922460509
      vertex -41.8 6.268786568327291 15.546020906725474
      vertex -41.8 21.499999999999996 22.993150684931507
    endloop
  endfacet
  facet normal 0 0 1
    outer loop
      vertex -21.499999999999996 -41.8 0
      vertex 21.499999999999996 -41.8 0
      vertex 3.4796084816994015 -35.32905779686299 0
    endloop
  endfacet
  facet normal 0 0 1
    outer loop
      vertex 3.4796084816994015 -35.32905779686299 0
      vertex 21.499999999999996 -41.8 0
      vertex 6.925706431572553 -34.81787745431468 0
    endloop
  endfacet
  facet normal 0 0 1
    outer loop
      vertex 6.925706431572553 -34.81787745431468 0
      vertex 21.499999999999996 -41.8 0
      vertex 10.305106042533414 -33.971381918493414 0
    endloop
  endfacet
  facet normal 0 0 1
    outer loop
      vertex 10.305106042533414 -33.971381918493414 0
      vertex 21.499999999999996 -41.8 0
      vertex 13.585261848960688 -32.79772340415068 0
    endloop
  endfacet
  facet normal 0 0 1
    outer loop
      vertex 13.585261848960688 -32.79772340415068 0
      vertex 21.499999999999996 -41.8 0
      vertex 16.734584157322917 -31.308204884366603 0
    endloop
  endfacet
  facet normal 0 0 1
    outer loop
      vertex 21.499999999999996 -41.8 0
      vertex 23.489747948690077 -41.702249951445594 0
      vertex 22.520961587809413 -27.441871094377163 0
    endloop
  endfacet
  facet normal 0 0 1
    outer loop
      vertex 21.499999999999996 -41.8 0
      vertex 19.722743272195878 -29.517171236740356 0
      vertex 16.734584157322917 -31.308204884366603 0
    endloop
  endfacet
  facet normal 0 0 1
    outer loop
      vertex 21.499999999999996 -41.8 0
      vertex 22.520961587809413 -27.441871094377163 0
      vertex 19.722743272195878 -29.517171236740356 0
    endloop
  endfacet
  facet normal -0.04906767432741776 0.9987954562051723 0
    outer loop
      vertex 21.499999999999996 -41.8 0
      vertex 21.499999999999996 -41.8 36
      vertex 23.489747948690077 -41.702249951445594 0
    endloop
  endfacet
  facet normal 0 0 1
    outer loop
      vertex 23.489747948690077 -41.702249951445594 0
      vertex 25.4603335369274 -41.40994119218557 0
      vertex 25.102290732122437 -25.102290732122437 0
    endloop
  endfacet
  facet normal 0 0 1
    outer loop
      vertex 25.4603335369274 -41.40994119218557 0
      vertex 27.392778948265583 -40.925888815363834 0
      vertex 27.441871094377163 -22.520961587809413 0
    endloop
  endfacet
  facet normal 0 0 1
    outer loop
      vertex 23.489747948690077 -41.702249951445594 0
      vertex 25.102290732122437 -25.102290732122437 0
      vertex 22.520961587809413 -27.441871094377163 0
    endloop
  endfacet
  facet normal 0 0 1
    outer loop
      vertex 27.392778948265583 -40.925888815363834 0
      vertex 29.26847367701132 -40.25475450997912 0
      vertex 27.441871094377163 -22.520961587809413 0
    endloop
  endfacet
  facet normal 0 0 1
    outer loop
      vertex 25.4603335369274 -41.40994119218557 0
      vertex 27.441871094377163 -22.520961587809413 0
      vertex 25.102290732122437 -25.102290732122437 0
    endloop
  endfacet
  facet normal 0 0 1
    outer loop
      vertex 29.26847367701132 -40.25475450997912 0
      vertex 31.069353757567747 -39.40300166627161 0
      vertex 29.517171236740356 -19.722743272195878 0
    endloop
  endfacet
  facet normal 0 0 1
    outer loop
      vertex 31.069353757567747 -39.40300166627161 0
      vertex 32.77807573029792 -38.378833129741665 0
      vertex 31.308204884366603 -16.734584157322917 0
    endloop
  endfacet
  facet normal 0 0 1
    outer loop
      vertex 32.77807573029792 -38.378833129741665 0
      vertex 34.378183668522 -37.19211220326356 0
      vertex 32.79772340415068 -13.585261848960688 0
    endloop
  endfacet
  facet normal 0 0 1
    outer loop
      vertex 29.26847367701132 -40.25475450997912 0
      vertex 29.517171236740356 -19.722743272195878 0
      vertex 27.441871094377163 -22.520961587809413 0
    endloop
  endfacet
  facet normal 0 0 1
    outer loop
      vertex 31.069353757567747 -39.40300166627161 0
      vertex 31.308204884366603 -16.734584157322917 0
      vertex 29.517171236740356 -19.722743272195878 0
    endloop
  endfacet
  facet normal 0 0 1
    outer loop
      vertex 34.378183668522 -37.19211220326356 0
      vertex 35.85426765808691 -35.85426765808691 0
      vertex 34.81787745431468 -6.925706431572553 0
    endloop
  endfacet
  facet normal 0 0 1
    outer loop
      vertex 35.85426765808691 -35.85426765808691 0
      vertex 37.19211220326356 -34.378183668522 0
      vertex 36.53724875160745 0 0
    endloop
  endfacet
  facet normal -0.14673047445536433 0.9891765099647806 0
    outer loop
      vertex 23.489747948690077 -41.702249951445594 0
      vertex 23.489747948690077 -41.702249951445594 35.97991437358471
      vertex 25.4603335369274 -41.40994119218557 0
    endloop
  endfacet
  facet normal -0.24298017990326315 0.9700312531945441 0
    outer loop
      vertex 25.4603335369274 -41.40994119218557 0
      vertex 25.4603335369274 -41.40994119218557 35.919850929901145
      vertex 27.392778948265583 -40.925888815363834 0
    endloop
  endfacet
  facet normal -0.33688985339221705 0.9415440651830218 0
    outer loop
      vertex 27.392778948265583 -40.925888815363834 0
      vertex 27.392778948265583 -40.925888815363834 35.820388112745995
      vertex 29.26847367701132 -40.25475450997912 0
    endloop
  endfacet
  facet normal -0.4275550934302831 0.9039892931234429 0
    outer loop
      vertex 29.26847367701132 -40.25475450997912 0
      vertex 29.26847367701132 -40.25475450997912 35.68248380342037
      vertex 31.069353757567747 -39.40300166627161 0
    endloop
  endfacet
  facet normal -0.5141027441932225 0.8577286100002717 0
    outer loop
      vertex 31.069353757567747 -39.40300166627161 0
      vertex 31.069353757567747 -39.40300166627161 35.507466095809235
      vertex 32.77807573029792 -38.378833129741665 0
    endloop
  endfacet
  facet normal -0.5956993044924317 0.803207531480646 0
    outer loop
      vertex 32.77807573029792 -38.378833129741665 0
      vertex 32.77807573029792 -38.378833129741665 35.2970205061113
      vertex 34.378183668522 -37.19211220326356 0
    endloop
  endfacet
  facet normal -0.6715589548470194 0.7409511253549581 0
    outer loop
      vertex 34.378183668522 -37.19211220326356 0
      vertex 34.378183668522 -37.19211220326356 35.05317374039662
      vertex 35.85426765808691 -35.85426765808691 0
    endloop
  endfacet
  facet normal -0.740951125354958 0.6715589548470196 0
    outer loop
      vertex 35.85426765808691 -35.85426765808691 0
      vertex 35.85426765808691 -35.85426765808691 34.77827417631923
      vertex 37.19211220326356 -34.378183668522 0
    endloop
  endfacet
  facet normal -0.9891765099647807 0.14673047445536438 0
    outer loop
      vertex 41.40994119218557 -25.4603335369274 0
      vertex 41.40994119218557 -25.4603335369274 32.64253428840974
      vertex 41.702249951445594 -23.489747948690077 0
    endloop
  endfacet
  facet normal -0.8032075314806462 0.5956993044924318 0
    outer loop
      vertex 37.19211220326356 -34.378183668522 0
      vertex 37.19211220326356 -34.378183668522 34.474969246956576
      vertex 38.378833129741665 -32.77807573029792 0
    endloop
  endfacet
  facet normal -0.8577286100002717 0.5141027441932227 0
    outer loop
      vertex 38.378833129741665 -32.77807573029792 0
      vertex 38.378833129741665 -32.77807573029792 34.14617994458177
      vertex 39.40300166627161 -31.069353757567747 0
    endloop
  endfacet
  facet normal -0.9039892931234429 0.42755509343028303 0
    outer loop
      vertex 39.40300166627161 -31.069353757567747 0
      vertex 39.40300166627161 -31.069353757567747 33.79507268991118
      vertex 40.25475450997912 -29.26847367701132 0
    endloop
  endfacet
  facet normal -0.9415440651830218 0.33688985339221705 0
    outer loop
      vertex 40.25475450997912 -29.26847367701132 0
      vertex 40.25475450997912 -29.26847367701132 33.425028837742055
      vertex 40.925888815363834 -27.392778948265583 0
    endloop
  endfacet
  facet normal -0.9700312531945441 0.24298017990326312 0
    outer loop
      vertex 40.925888815363834 -27.392778948265583 0
      vertex 40.925888815363834 -27.392778948265583 33.03961211265731
      vertex 41.40994119218557 -25.4603335369274 0
    endloop
  endfacet
  facet normal 0 0 1
    outer loop
      vertex 32.77807573029792 -38.378833129741665 0
      vertex 32.79772340415068 -13.585261848960688 0
      vertex 31.308204884366603 -16.734584157322917 0
    endloop
  endfacet
  facet normal 0 0 1
    outer loop
      vertex 34.378183668522 -37.19211220326356 0
      vertex 33.971381918493414 -10.305106042533414 0
      vertex 32.79772340415068 -13.585261848960688 0
    endloop
  endfacet
  facet normal 0 0 1
    outer loop
      vertex 34.378183668522 -37.19211220326356 0
      vertex 34.81787745431468 -6.925706431572553 0
      vertex 33.971381918493414 -10.305106042533414 0
    endloop
  endfacet
  facet normal 0 0 1
    outer loop
      vertex 35.85426765808691 -35.85426765808691 0
      vertex 35.32905779686299 -3.4796084816994015 0
      vertex 34.81787745431468 -6.925706431572553 0
    endloop
  endfacet
  facet normal 0 0 1
    outer loop
      vertex 35.85426765808691 -35.85426765808691 0
      vertex 35.5 0 0
      vertex 35.32905779686299 -3.4796084816994015 0
    endloop
  endfacet
  facet normal 0 0 1
    outer loop
      vertex 35.85426765808691 -35.85426765808691 0
      vertex 36.53724875160745 0 0
      vertex 35.5 0 0
    endloop
  endfacet
  facet normal -1 0 0
    outer loop
      vertex 41.8 -21.499999999999996 0
      vertex 41.8 -6.961570560806461 7.609819355967744
      vertex 41.8 -6.913880671464417 7.419430645491076
    endloop
  endfacet
  facet normal -1 0 0
    outer loop
      vertex 41.8 -21.499999999999996 0
      vertex 41.8 -6.990369453344394 7.803965719340878
      vertex 41.8 -6.961570560806461 7.609819355967744
    endloop
  endfacet
  facet normal -1 0 0
    outer loop
      vertex 41.8 -21.499999999999996 0
      vertex 41.8 -7 8
      vertex 41.8 -6.990369453344394 7.803965719340878
    endloop
  endfacet
  facet normal 0 0 1
    outer loop
      vertex 37.19211220326356 -34.378183668522 0
      vertex 38.378833129741665 -32.77807573029792 0
      vertex 37.19211220326356 34.378183668522 0
    endloop
  endfacet
  facet normal 0 0 1
    outer loop
      vertex 38.378833129741665 -32.77807573029792 0
      vertex 39.40300166627161 -31.069353757567747 0
      vertex 38.378833129741665 32.77807573029792 0
    endloop
  endfacet
  facet normal 0 0 1
    outer loop
      vertex 39.40300166627161 -31.069353757567747 0
      vertex 40.25475450997912 -29.26847367701132 0
      vertex 39.40300166627161 31.069353757567747 0
    endloop
  endfacet
  facet normal 0 0 1
    outer loop
      vertex 40.25475450997912 -29.26847367701132 0
      vertex 40.925888815363834 -27.392778948265583 0
      vertex 40.25475450997912 29.26847367701132 0
    endloop
  endfacet
  facet normal 0 0 1
    outer loop
      vertex 40.925888815363834 -27.392778948265583 0
      vertex 41.40994119218557 -25.4603335369274 0
      vertex 40.925888815363834 27.392778948265583 0
    endloop
  endfacet
  facet normal 0 0 1
    outer loop
      vertex 41.40994119218557 -25.4603335369274 0
      vertex 41.702249951445594 -23.489747948690077 0
      vertex 41.40994119218557 25.4603335369274 0
    endloop
  endfacet
  facet normal 0 0 1
    outer loop
      vertex 41.702249951445594 -23.489747948690077 0
      vertex 41.8 -21.499999999999996 0
      vertex 41.702249951445594 23.489747948690077 0
    endloop
  endfacet
  facet normal -1 0 0
    outer loop
      vertex 41.8 -21.499999999999996 0
      vertex 41.8 -5.765366864730179 6.152240934977426
      vertex 41.8 -5.580569354508925 6.086119328535583
    endloop
  endfacet
  facet normal -1 0 0
    outer loop
      vertex 41.8 -21.499999999999996 0
      vertex 41.8 -5.580569354508925 6.086119328535583
      vertex 41.8 -5.390180644032257 6.038429439193539
    endloop
  endfacet
  facet normal -1 0 0
    outer loop
      vertex 41.8 -21.499999999999996 0
      vertex 41.8 -5.390180644032257 6.038429439193539
      vertex 41.8 -5.196034280659121 6.009630546655606
    endloop
  endfacet
  facet normal -1 0 0
    outer loop
      vertex 41.8 -21.499999999999996 0
      vertex 41.8 -5.196034280659121 6.009630546655606
      vertex 41.8 -5 6
    endloop
  endfacet
  facet normal -1 0 0
    outer loop
      vertex 41.8 -21.499999999999996 0
      vertex 41.8 -6.268786568327291 6.453979093274526
      vertex 41.8 -6.111140466039204 6.337060775394909
    endloop
  endfacet
  facet normal -1 0 0
    outer loop
      vertex 41.8 -21.499999999999996 0
      vertex 41.8 -6.111140466039204 6.337060775394909
      vertex 41.8 -5.942793473651995 6.23615747130329
    endloop
  endfacet
  facet normal -1 0 0
    outer loop
      vertex 41.8 -21.499999999999996 0
      vertex 41.8 -5.942793473651995 6.23615747130329
      vertex 41.8 -5.765366864730179 6.152240934977426
    endloop
  endfacet
  facet normal -1 0 0
    outer loop
      vertex 41.8 -21.499999999999996 0
      vertex 41.8 -6.414213562373095 6.585786437626905
      vertex 41.8 -6.268786568327291 6.453979093274526
    endloop
  endfacet
  facet normal -1 0 0
    outer loop
      vertex 41.8 -21.499999999999996 0
      vertex 41.8 -6.546020906725474 6.731213431672709
      vertex 41.8 -6.414213562373095 6.585786437626905
    endloop
  endfacet
  facet normal -1 0 0
    outer loop
      vertex 41.8 -21.499999999999996 0
      vertex 41.8 -6.662939224605091 6.888859533960796
      vertex 41.8 -6.546020906725474 6.731213431672709
    endloop
  endfacet
  facet normal -1 0 0
    outer loop
      vertex 41.8 -21.499999999999996 0
      vertex 41.8 -6.76384252869671 7.057206526348004
      vertex 41.8 -6.662939224605091 6.888859533960796
    endloop
  endfacet
  facet normal -1 0 0
    outer loop
      vertex 41.8 -21.499999999999996 0
      vertex 41.8 -6.847759065022574 7.234633135269821
      vertex 41.8 -6.76384252869671 7.057206526348004
    endloop
  endfacet
  facet normal -1 0 0
    outer loop
      vertex 41.8 -21.499999999999996 0
      vertex 41.8 -6.913880671464417 7.419430645491076
      vertex 41.8 -6.847759065022574 7.234633135269821
    endloop
  endfacet
  facet normal -1 0 0
    outer loop
      vertex 41.8 -21.499999999999996 0
      vertex 41.8 -5 6
      vertex 41.8 5 6
    endloop
  endfacet
  facet normal -1 0 0
    outer loop
      vertex 41.8 -21.499999999999996 0
      vertex 41.8 5 6
      vertex 41.8 5.196034280659121 6.009630546655606
    endloop
  endfacet
  facet normal -0.9987954562051724 0.04906767432741776 0
    outer loop
      vertex 41.702249951445594 -23.489747948690077 0
      vertex 41.702249951445594 -23.489747948690077 32.23761944151166
      vertex 41.8 -21.499999999999996 0
    endloop
  endfacet
  facet normal -1 0 0
    outer loop
      vertex 41.8 -21.499999999999996 0
      vertex 41.8 -7 14
      vertex 41.8 -7 8
    endloop
  endfacet
  facet normal -1 0 0
    outer loop
      vertex 41.8 -21.499999999999996 0
      vertex 41.8 -6.990369453344394 14.196034280659122
      vertex 41.8 -7 14
    endloop
  endfacet
  facet normal -1 0 0
    outer loop
      vertex 41.8 -21.499999999999996 0
      vertex 41.8 -6.961570560806461 14.390180644032256
      vertex 41.8 -6.990369453344394 14.196034280659122
    endloop
  endfacet
  facet normal -1 0 0
    outer loop
      vertex 41.8 -21.499999999999996 0
      vertex 41.8 -6.913880671464417 14.580569354508924
      vertex 41.8 -6.961570560806461 14.390180644032256
    endloop
  endfacet
  facet normal -1 0 0
    outer loop
      vertex 41.8 -21.499999999999996 0
      vertex 41.8 -21.499999999999996 31.82876712328767
      vertex 41.8 -6.847759065022574 14.76536686473018
    endloop
  endfacet
  facet normal -1 0 0
    outer loop
      vertex 41.8 -21.499999999999996 0
      vertex 41.8 -6.847759065022574 14.76536686473018
      vertex 41.8 -6.913880671464417 14.580569354508924
    endloop
  endfacet
  facet normal 0 1 0
    outer loop
      vertex 21.499999999999996 -41.8 0
      vertex -21.499999999999996 -41.8 36
      vertex 21.499999999999996 -41.8 36
    endloop
  endfacet
  facet normal -0.04906767432741777 0.9987954562051725 0
    outer loop
      vertex 23.489747948690077 -41.702249951445594 0
      vertex 21.499999999999996 -41.8 36
      vertex 23.489747948690077 -41.702249951445594 35.97991437358471
    endloop
  endfacet
  facet normal -0.14673047445536436 0.9891765099647806 0
    outer loop
      vertex 25.4603335369274 -41.40994119218557 0
      vertex 23.489747948690077 -41.702249951445594 35.97991437358471
      vertex 25.4603335369274 -41.40994119218557 35.919850929901145
    endloop
  endfacet
  facet normal -0.2429801799032631 0.9700312531945441 0
    outer loop
      vertex 27.392778948265583 -40.925888815363834 0
      vertex 25.4603335369274 -41.40994119218557 35.919850929901145
      vertex 27.392778948265583 -40.925888815363834 35.820388112745995
    endloop
  endfacet
  facet normal -0.5956993044924318 0.803207531480646 0
    outer loop
      vertex 34.378183668522 -37.19211220326356 0
      vertex 32.77807573029792 -38.378833129741665 35.2970205061113
      vertex 34.378183668522 -37.19211220326356 35.05317374039662
    endloop
  endfacet
  facet normal -0.33688985339221705 0.9415440651830218 0
    outer loop
      vertex 29.26847367701132 -40.25475450997912 0
      vertex 27.392778948265583 -40.925888815363834 35.820388112745995
      vertex 29.26847367701132 -40.25475450997912 35.68248380342037
    endloop
  endfacet
  facet normal -0.42755509343028303 0.9039892931234429 0
    outer loop
      vertex 31.069353757567747 -39.40300166627161 0
      vertex 29.26847367701132 -40.25475450997912 35.68248380342037
      vertex 31.069353757567747 -39.40300166627161 35.507466095809235
    endloop
  endfacet
  facet normal -0.5141027441932224 0.8577286100002716 0
    outer loop
      vertex 32.77807573029792 -38.378833129741665 0
      vertex 31.069353757567747 -39.40300166627161 35.507466095809235
      vertex 32.77807573029792 -38.378833129741665 35.2970205061113
    endloop
  endfacet
  facet normal -0.6715589548470196 0.740951125354958 0
    outer loop
      vertex 35.85426765808691 -35.85426765808691 0
      vertex 34.378183668522 -37.19211220326356 35.05317374039662
      vertex 35.85426765808691 -35.85426765808691 34.77827417631923
    endloop
  endfacet
  facet normal -0.7409511253549581 0.6715589548470196 0
    outer loop
      vertex 37.19211220326356 -34.378183668522 0
      vertex 35.85426765808691 -35.85426765808691 34.77827417631923
      vertex 37.19211220326356 -34.378183668522 34.474969246956576
    endloop
  endfacet
  facet normal -0.803207531480646 0.5956993044924318 0
    outer loop
      vertex 38.378833129741665 -32.77807573029792 0
      vertex 37.19211220326356 -34.378183668522 34.474969246956576
      vertex 38.378833129741665 -32.77807573029792 34.14617994458177
    endloop
  endfacet
  facet normal -0.8577286100002716 0.5141027441932224 0
    outer loop
      vertex 39.40300166627161 -31.069353757567747 0
      vertex 38.378833129741665 -32.77807573029792 34.14617994458177
      vertex 39.40300166627161 -31.069353757567747 33.79507268991118
    endloop
  endfacet
  facet normal -0.903989293123443 0.4275550934302831 0
    outer loop
      vertex 40.25475450997912 -29.26847367701132 0
      vertex 39.40300166627161 -31.069353757567747 33.79507268991118
      vertex 40.25475450997912 -29.26847367701132 33.425028837742055
    endloop
  endfacet
  facet normal -0.9415440651830218 0.336889853392217 0
    outer loop
      vertex 40.925888815363834 -27.392778948265583 0
      vertex 40.25475450997912 -29.26847367701132 33.425028837742055
      vertex 40.925888815363834 -27.392778948265583 33.03961211265731
    endloop
  endfacet
  facet normal -0.9700312531945442 0.24298017990326312 0
    outer loop
      vertex 41.40994119218557 -25.4603335369274 0
      vertex 40.925888815363834 -27.392778948265583 33.03961211265731
      vertex 41.40994119218557 -25.4603335369274 32.64253428840974
    endloop
  endfacet
  facet normal -0.9891765099647806 0.14673047445536436 0
    outer loop
      vertex 41.702249951445594 -23.489747948690077 0
      vertex 41.40994119218557 -25.4603335369274 32.64253428840974
      vertex 41.702249951445594 -23.489747948690077 32.23761944151166
    endloop
  endfacet
  facet normal -0.9987954562051724 0.049067674327417765 0
    outer loop
      vertex 41.8 -21.499999999999996 0
      vertex 41.702249951445594 -23.489747948690077 32.23761944151166
      vertex 41.8 -21.499999999999996 31.82876712328767
    endloop
  endfacet
  facet normal -1 0 0
    outer loop
      vertex 41.8 -21.499999999999996 31.82876712328767
      vertex 41.8 -6.76384252869671 14.942793473651996
      vertex 41.8 -6.847759065022574 14.76536686473018
    endloop
  endfacet
  facet normal -1 0 0
    outer loop
      vertex 41.8 -21.499999999999996 31.82876712328767
      vertex 41.8 -6.662939224605091 15.111140466039204
      vertex 41.8 -6.76384252869671 14.942793473651996
    endloop
  endfacet
  facet normal -1 0 0
    outer loop
      vertex 41.8 -21.499999999999996 31.82876712328767
      vertex 41.8 -6.546020906725474 15.268786568327291
      vertex 41.8 -6.662939224605091 15.111140466039204
    endloop
  endfacet
  facet normal -1 0 0
    outer loop
      vertex 41.8 -21.499999999999996 31.82876712328767
      vertex 41.8 -6.414213562373095 15.414213562373096
      vertex 41.8 -6.546020906725474 15.268786568327291
    endloop
  endfacet
  facet normal -1 0 0
    outer loop
      vertex 41.8 -21.499999999999996 31.82876712328767
      vertex 41.8 -6.268786568327291 15.546020906725474
      vertex 41.8 -6.414213562373095 15.414213562373096
    endloop
  endfacet
  facet normal -1 0 0
    outer loop
      vertex 41.8 -21.499999999999996 31.82876712328767
      vertex 41.8 -6.111140466039204 15.66293922460509
      vertex 41.8 -6.268786568327291 15.546020906725474
    endloop
  endfacet
  facet normal -1 0 0
    outer loop
      vertex 41.8 -21.499999999999996 31.82876712328767
      vertex 41.8 -5.942793473651995 15.76384252869671
      vertex 41.8 -6.111140466039204 15.66293922460509
    endloop
  endfacet
  facet normal -1 0 0
    outer loop
      vertex 41.8 -21.499999999999996 31.82876712328767
      vertex 41.8 -5.765366864730179 15.847759065022574
      vertex 41.8 -5.942793473651995 15.76384252869671
    endloop
  endfacet
  facet normal -1 0 0
    outer loop
      vertex 41.8 -21.499999999999996 31.82876712328767
      vertex 41.8 -5.580569354508925 15.913880671464417
      vertex 41.8 -5.765366864730179 15.847759065022574
    endloop
  endfacet
  facet normal -1 0 0
    outer loop
      vertex 41.8 -21.499999999999996 31.82876712328767
      vertex 41.8 -5.390180644032257 15.96157056080646
      vertex 41.8 -5.580569354508925 15.913880671464417
    endloop
  endfacet
  facet normal -1 0 0
    outer loop
      vertex 41.8 -21.499999999999996 31.82876712328767
      vertex 41.8 -5.196034280659121 15.990369453344394
      vertex 41.8 -5.390180644032257 15.96157056080646
    endloop
  endfacet
  facet normal -1 0 0
    outer loop
      vertex 41.8 -21.499999999999996 31.82876712328767
      vertex 41.8 -5 16
      vertex 41.8 -5.196034280659121 15.990369453344394
    endloop
  endfacet
  facet normal -1 0 0
    outer loop
      vertex 41.8 -21.499999999999996 31.82876712328767
      vertex 41.8 21.499999999999996 22.993150684931507
      vertex 41.8 -5 16
    endloop
  endfacet
  facet normal 0 0 1
    outer loop
      vertex 37.19211220326356 -34.378183668522 0
      vertex 37.19211220326356 34.378183668522 0
      vertex 36.53724875160745 0 0
    endloop
  endfacet
  facet normal 0 0 1
    outer loop
      vertex 39.40300166627161 -31.069353757567747 0
      vertex 39.40300166627161 31.069353757567747 0
      vertex 38.378833129741665 32.77807573029792 0
    endloop
  endfacet
  facet normal 0 0 1
    outer loop
      vertex 40.25475450997912 -29.26847367701132 0
      vertex 40.25475450997912 29.26847367701132 0
      vertex 39.40300166627161 31.069353757567747 0
    endloop
  endfacet
  facet normal 0 0 1
    outer loop
      vertex 41.8 -21.499999999999996 0
      vertex 41.8 21.499999999999996 0
      vertex 41.702249951445594 23.489747948690077 0
    endloop
  endfacet
  facet normal 0 0 1
    outer loop
      vertex 40.925888815363834 -27.392778948265583 0
      vertex 40.925888815363834 27.392778948265583 0
      vertex 40.25475450997912 29.26847367701132 0
    endloop
  endfacet
  facet normal 0 0 1
    outer loop
      vertex 41.40994119218557 -25.4603335369274 0
      vertex 41.40994119218557 25.4603335369274 0
      vertex 40.925888815363834 27.392778948265583 0
    endloop
  endfacet
  facet normal 0 0 1
    outer loop
      vertex 41.702249951445594 -23.489747948690077 0
      vertex 41.702249951445594 23.489747948690077 0
      vertex 41.40994119218557 25.4603335369274 0
    endloop
  endfacet
  facet normal -1 0 0
    outer loop
      vertex 41.8 -21.499999999999996 0
      vertex 41.8 5.196034280659121 6.009630546655606
      vertex 41.8 21.499999999999996 0
    endloop
  endfacet
  facet normal -1 0 0
    outer loop
      vertex 41.8 5.196034280659121 6.009630546655606
      vertex 41.8 5.390180644032257 6.038429439193539
      vertex 41.8 21.499999999999996 0
    endloop
  endfacet
  facet normal -1 0 0
    outer loop
      vertex 41.8 5.390180644032257 6.038429439193539
      vertex 41.8 5.580569354508925 6.086119328535583
      vertex 41.8 21.499999999999996 0
    endloop
  endfacet
  facet normal -1 0 0
    outer loop
      vertex 41.8 5.580569354508925 6.086119328535583
      vertex 41.8 5.765366864730179 6.152240934977426
      vertex 41.8 21.499999999999996 0
    endloop
  endfacet
  facet normal -1 0 0
    outer loop
      vertex 41.8 5.765366864730179 6.152240934977426
      vertex 41.8 5.942793473651995 6.23615747130329
      vertex 41.8 21.499999999999996 0
    endloop
  endfacet
  facet normal -1 0 0
    outer loop
      vertex 41.8 5.942793473651995 6.23615747130329
      vertex 41.8 6.111140466039204 6.337060775394909
      vertex 41.8 21.499999999999996 0
    endloop
  endfacet
  facet normal 0 0 1
    outer loop
      vertex 38.378833129741665 -32.77807573029792 0
      vertex 38.378833129741665 32.77807573029792 0
      vertex 37.19211220326356 34.378183668522 0
    endloop
  endfacet
  facet normal -1 0 0
    outer loop
      vertex 41.8 6.111140466039204 6.337060775394909
      vertex 41.8 6.268786568327291 6.453979093274526
      vertex 41.8 21.499999999999996 0
    endloop
  endfacet
  facet normal -1 0 0
    outer loop
      vertex 41.8 6.268786568327291 6.453979093274526
      vertex 41.8 6.414213562373095 6.585786437626905
      vertex 41.8 21.499999999999996 0
    endloop
  endfacet
  facet normal -1 0 0
    outer loop
      vertex 41.8 6.414213562373095 6.585786437626905
      vertex 41.8 6.546020906725474 6.731213431672709
      vertex 41.8 21.499999999999996 0
    endloop
  endfacet
  facet normal -1 0 0
    outer loop
      vertex 41.8 6.546020906725474 6.731213431672709
      vertex 41.8 6.662939224605091 6.888859533960796
      vertex 41.8 21.499999999999996 0
    endloop
  endfacet
  facet normal -1 0 0
    outer loop
      vertex 41.8 6.662939224605091 6.888859533960796
      vertex 41.8 6.76384252869671 7.057206526348004
      vertex 41.8 21.499999999999996 0
    endloop
  endfacet
  facet normal -1 0 0
    outer loop
      vertex 41.8 6.76384252869671 7.057206526348004
      vertex 41.8 6.847759065022574 7.234633135269821
      vertex 41.8 21.499999999999996 0
    endloop
  endfacet
  facet normal -1 0 0
    outer loop
      vertex 41.8 6.847759065022574 7.234633135269821
      vertex 41.8 6.913880671464417 7.419430645491076
      vertex 41.8 21.499999999999996 0
    endloop
  endfacet
  facet normal -1 0 0
    outer loop
      vertex 41.8 6.913880671464417 7.419430645491076
      vertex 41.8 6.961570560806461 7.609819355967744
      vertex 41.8 21.499999999999996 0
    endloop
  endfacet
  facet normal -1 0 0
    outer loop
      vertex 41.8 6.961570560806461 7.609819355967744
      vertex 41.8 6.990369453344394 7.803965719340878
      vertex 41.8 21.499999999999996 0
    endloop
  endfacet
  facet normal -1 0 0
    outer loop
      vertex 41.8 6.990369453344394 7.803965719340878
      vertex 41.8 7 8
      vertex 41.8 21.499999999999996 0
    endloop
  endfacet
  facet normal -1 0 0
    outer loop
      vertex 41.8 7 8
      vertex 41.8 7 14
      vertex 41.8 21.499999999999996 0
    endloop
  endfacet
  facet normal -0.9987954562051724 -0.04906767432741776 0
    outer loop
      vertex 41.8 21.499999999999996 0
      vertex 41.8 21.499999999999996 22.993150684931507
      vertex 41.702249951445594 23.489747948690077 0
    endloop
  endfacet
  facet normal -1 0 0
    outer loop
      vertex 41.8 7 14
      vertex 41.8 21.499999999999996 22.993150684931507
      vertex 41.8 21.499999999999996 0
    endloop
  endfacet
  facet normal 0 0 1
    outer loop
      vertex 36.53724875160745 0 0
      vertex 37.19211220326356 34.378183668522 0
      vertex 37 34.59014682108689 0
    endloop
  endfacet
  facet normal -0.9039892931234428 -0.427555093430283 0
    outer loop
      vertex 40.25475450997912 29.26847367701132 0
      vertex 40.25475450997912 29.26847367701132 21.396888970477125
      vertex 39.40300166627161 31.069353757567747 0
    endloop
  endfacet
  facet normal -0.803207531480646 -0.5956993044924318 0
    outer loop
      vertex 37.19211220326356 34.378183668522 0
      vertex 38.378833129741665 32.77807573029792 0
      vertex 38.378833129741665 32.77807573029792 20.675737863637416
    endloop
  endfacet
  facet normal -0.8577286100002716 -0.5141027441932225 0
    outer loop
      vertex 39.40300166627161 31.069353757567747 0
      vertex 39.40300166627161 31.069353757567747 21.026845118307996
      vertex 38.378833129741665 32.77807573029792 0
    endloop
  endfacet
  facet normal -0.9891765099647806 -0.14673047445536436 0
    outer loop
      vertex 41.702249951445594 23.489747948690077 0
      vertex 41.702249951445594 23.489747948690077 22.584298366707515
      vertex 41.40994119218557 25.4603335369274 0
    endloop
  endfacet
  facet normal -0.9700312531945441 -0.2429801799032631 0
    outer loop
      vertex 41.40994119218557 25.4603335369274 0
      vertex 41.40994119218557 25.4603335369274 22.179383519809434
      vertex 40.925888815363834 27.392778948265583 0
    endloop
  endfacet
  facet normal -0.9415440651830219 -0.33688985339221705 0
    outer loop
      vertex 40.925888815363834 27.392778948265583 0
      vertex 40.925888815363834 27.392778948265583 21.782305695561867
      vertex 40.25475450997912 29.26847367701132 0
    endloop
  endfacet
  facet normal -0.9039892931234429 -0.4275550934302831 0
    outer loop
      vertex 39.40300166627161 31.069353757567747 0
      vertex 40.25475450997912 29.26847367701132 21.396888970477125
      vertex 39.40300166627161 31.069353757567747 21.026845118307996
    endloop
  endfacet
  facet normal -0.8032075314806462 -0.5956993044924318 0
    outer loop
      vertex 37.19211220326356 34.378183668522 0
      vertex 38.378833129741665 32.77807573029792 20.675737863637416
      vertex 37.19211220326356 34.378183668522 20.3469485612626
    endloop
  endfacet
  facet normal -0.8577286100002717 -0.5141027441932225 0
    outer loop
      vertex 38.378833129741665 32.77807573029792 0
      vertex 39.40300166627161 31.069353757567747 21.026845118307996
      vertex 38.378833129741665 32.77807573029792 20.675737863637416
    endloop
  endfacet
  facet normal -0.9987954562051724 -0.04906767432741775 0
    outer loop
      vertex 41.702249951445594 23.489747948690077 0
      vertex 41.8 21.499999999999996 22.993150684931507
      vertex 41.702249951445594 23.489747948690077 22.584298366707515
    endloop
  endfacet
  facet normal -0.9891765099647807 -0.14673047445536438 0
    outer loop
      vertex 41.40994119218557 25.4603335369274 0
      vertex 41.702249951445594 23.489747948690077 22.584298366707515
      vertex 41.40994119218557 25.4603335369274 22.179383519809434
    endloop
  endfacet
  facet normal -0.9700312531945442 -0.24298017990326312 0
    outer loop
      vertex 40.925888815363834 27.392778948265583 0
      vertex 41.40994119218557 25.4603335369274 22.179383519809434
      vertex 40.925888815363834 27.392778948265583 21.782305695561867
    endloop
  endfacet
  facet normal -0.9415440651830219 -0.33688985339221705 0
    outer loop
      vertex 40.25475450997912 29.26847367701132 0
      vertex 40.925888815363834 27.392778948265583 21.782305695561867
      vertex 40.25475450997912 29.26847367701132 21.396888970477125
    endloop
  endfacet
  facet normal -0.74095112535496 -0.6715589548470172 0
    outer loop
      vertex 37 34.59014682108689 0
      vertex 37.19211220326356 34.378183668522 0
      vertex 37 34.59014682108689 20.30339448881776
    endloop
  endfacet
  facet normal -0.7409511253549601 -0.6715589548470174 0
    outer loop
      vertex 37.19211220326356 34.378183668522 0
      vertex 37.19211220326356 34.378183668522 20.3469485612626
      vertex 37 34.59014682108689 20.30339448881776
    endloop
  endfacet
  facet normal -1 0 0
    outer loop
      vertex 41.8 -5 16
      vertex 41.8 21.499999999999996 22.993150684931507
      vertex 41.8 5 16
    endloop
  endfacet
  facet normal -1 0 0
    outer loop
      vertex 41.8 6.111140466039204 15.66293922460509
      vertex 41.8 5.942793473651995 15.76384252869671
      vertex 41.8 21.499999999999996 22.993150684931507
    endloop
  endfacet
  facet normal -1 0 0
    outer loop
      vertex 41.8 5 16
      vertex 41.8 21.499999999999996 22.993150684931507
      vertex 41.8 5.196034280659121 15.990369453344394
    endloop
  endfacet
  facet normal -1 0 0
    outer loop
      vertex 41.8 5.196034280659121 15.990369453344394
      vertex 41.8 21.499999999999996 22.993150684931507
      vertex 41.8 5.390180644032257 15.96157056080646
    endloop
  endfacet
  facet normal -1 0 0
    outer loop
      vertex 41.8 5.580569354508925 15.913880671464417
      vertex 41.8 5.390180644032257 15.96157056080646
      vertex 41.8 21.499999999999996 22.993150684931507
    endloop
  endfacet
  facet normal -1 0 0
    outer loop
      vertex 41.8 5.580569354508925 15.913880671464417
      vertex 41.8 21.499999999999996 22.993150684931507
      vertex 41.8 5.765366864730179 15.847759065022574
    endloop
  endfacet
  facet normal -1 0 0
    outer loop
      vertex 41.8 5.942793473651995 15.76384252869671
      vertex 41.8 5.765366864730179 15.847759065022574
      vertex 41.8 21.499999999999996 22.993150684931507
    endloop
  endfacet
  facet normal -1 0 0
    outer loop
      vertex 41.8 7 14
      vertex 41.8 6.990369453344394 14.196034280659122
      vertex 41.8 21.499999999999996 22.993150684931507
    endloop
  endfacet
  facet normal -1 0 0
    outer loop
      vertex 41.8 6.990369453344394 14.196034280659122
      vertex 41.8 6.961570560806461 14.390180644032256
      vertex 41.8 21.499999999999996 22.993150684931507
    endloop
  endfacet
  facet normal -1 0 0
    outer loop
      vertex 41.8 6.961570560806461 14.390180644032256
      vertex 41.8 6.913880671464417 14.580569354508924
      vertex 41.8 21.499999999999996 22.993150684931507
    endloop
  endfacet
  facet normal -1 0 0
    outer loop
      vertex 41.8 6.913880671464417 14.580569354508924
      vertex 41.8 6.847759065022574 14.76536686473018
      vertex 41.8 21.499999999999996 22.993150684931507
    endloop
  endfacet
  facet normal -1 0 0
    outer loop
      vertex 41.8 6.662939224605091 15.111140466039204
      vertex 41.8 6.546020906725474 15.268786568327291
      vertex 41.8 21.499999999999996 22.993150684931507
    endloop
  endfacet
  facet normal -1 0 0
    outer loop
      vertex 41.8 6.847759065022574 14.76536686473018
      vertex 41.8 6.76384252869671 14.942793473651996
      vertex 41.8 21.499999999999996 22.993150684931507
    endloop
  endfacet
  facet normal -1 0 0
    outer loop
      vertex 41.8 6.662939224605091 15.111140466039204
      vertex 41.8 21.499999999999996 22.993150684931507
      vertex 41.8 6.76384252869671 14.942793473651996
    endloop
  endfacet
  facet normal -1 0 0
    outer loop
      vertex 41.8 6.414213562373095 15.414213562373096
      vertex 41.8 6.268786568327291 15.546020906725474
      vertex 41.8 21.499999999999996 22.993150684931507
    endloop
  endfacet
  facet normal -1 0 0
    outer loop
      vertex 41.8 6.546020906725474 15.268786568327291
      vertex 41.8 6.414213562373095 15.414213562373096
      vertex 41.8 21.499999999999996 22.993150684931507
    endloop
  endfacet
  facet normal -1 0 0
    outer loop
      vertex 41.8 6.111140466039204 15.66293922460509
      vertex 41.8 21.499999999999996 22.993150684931507
      vertex 41.8 6.268786568327291 15.546020906725474
    endloop
  endfacet
  facet normal 0.7409511253549592 0.6715589548470181 0
    outer loop
      vertex -27.441871094377163 -22.520961587809413 0
      vertex -25.102290732122437 -25.102290732122437 -4
      vertex -27.441871094377163 -22.520961587809413 -4
    endloop
  endfacet
  facet normal 0.6715589548470181 0.7409511253549592 0
    outer loop
      vertex -25.102290732122437 -25.102290732122437 0
      vertex -22.520961587809413 -27.441871094377163 -4
      vertex -25.102290732122437 -25.102290732122437 -4
    endloop
  endfacet
  facet normal 0.7409511253549592 0.6715589548470181 0
    outer loop
      vertex -25.102290732122437 -25.102290732122437 0
      vertex -25.102290732122437 -25.102290732122437 -4
      vertex -27.441871094377163 -22.520961587809413 0
    endloop
  endfacet
  facet normal 0.6715589548470181 0.7409511253549592 0
    outer loop
      vertex -25.102290732122437 -25.102290732122437 0
      vertex -22.520961587809413 -27.441871094377163 0
      vertex -22.520961587809413 -27.441871094377163 -4
    endloop
  endfacet
  facet normal 0.9700312531945439 0.24298017990326465 0
    outer loop
      vertex -34.81787745431468 -6.925706431572553 0
      vertex -33.971381918493414 -10.305106042533414 -4
      vertex -34.81787745431468 -6.925706431572553 -4
    endloop
  endfacet
  facet normal 0.989176509964781 0.1467304744553615 0
    outer loop
      vertex -35.32905779686299 -3.4796084816994015 0
      vertex -34.81787745431468 -6.925706431572553 -4
      vertex -35.32905779686299 -3.4796084816994015 -4
    endloop
  endfacet
  facet normal 0.9987954562051723 0.04906767432741774 0
    outer loop
      vertex -35.5 0 0
      vertex -35.32905779686299 -3.4796084816994015 -4
      vertex -35.5 0 -4
    endloop
  endfacet
  facet normal 0.989176509964781 0.1467304744553615 0
    outer loop
      vertex -34.81787745431468 -6.925706431572553 0
      vertex -34.81787745431468 -6.925706431572553 -4
      vertex -35.32905779686299 -3.4796084816994015 0
    endloop
  endfacet
  facet normal 0.9987954562051723 0.04906767432741774 0
    outer loop
      vertex -35.32905779686299 -3.4796084816994015 0
      vertex -35.32905779686299 -3.4796084816994015 -4
      vertex -35.5 0 0
    endloop
  endfacet
  facet normal 0.8032075314806448 0.5956993044924334 0
    outer loop
      vertex -29.517171236740356 -19.722743272195878 0
      vertex -27.441871094377163 -22.520961587809413 -4
      vertex -29.517171236740356 -19.722743272195878 -4
    endloop
  endfacet
  facet normal 0.857728610000272 0.5141027441932218 0
    outer loop
      vertex -31.308204884366603 -16.734584157322917 0
      vertex -29.517171236740356 -19.722743272195878 -4
      vertex -31.308204884366603 -16.734584157322917 -4
    endloop
  endfacet
  facet normal 0.857728610000272 0.5141027441932218 0
    outer loop
      vertex -31.308204884366603 -16.734584157322917 0
      vertex -29.517171236740356 -19.722743272195878 0
      vertex -29.517171236740356 -19.722743272195878 -4
    endloop
  endfacet
  facet normal 0.9039892931234432 0.42755509343028236 0
    outer loop
      vertex -32.79772340415068 -13.585261848960688 0
      vertex -31.308204884366603 -16.734584157322917 -4
      vertex -32.79772340415068 -13.585261848960688 -4
    endloop
  endfacet
  facet normal 0.9039892931234432 0.42755509343028236 0
    outer loop
      vertex -31.308204884366603 -16.734584157322917 0
      vertex -31.308204884366603 -16.734584157322917 -4
      vertex -32.79772340415068 -13.585261848960688 0
    endloop
  endfacet
  facet normal 0.9415440651830209 0.33688985339221955 0
    outer loop
      vertex -32.79772340415068 -13.585261848960688 0
      vertex -32.79772340415068 -13.585261848960688 -4
      vertex -33.971381918493414 -10.305106042533414 0
    endloop
  endfacet
  facet normal 0.8032075314806448 0.5956993044924334 0
    outer loop
      vertex -29.517171236740356 -19.722743272195878 0
      vertex -27.441871094377163 -22.520961587809413 0
      vertex -27.441871094377163 -22.520961587809413 -4
    endloop
  endfacet
  facet normal 0.9415440651830209 0.33688985339221955 0
    outer loop
      vertex -33.971381918493414 -10.305106042533414 0
      vertex -32.79772340415068 -13.585261848960688 -4
      vertex -33.971381918493414 -10.305106042533414 -4
    endloop
  endfacet
  facet normal 0.9700312531945439 0.24298017990326465 0
    outer loop
      vertex -33.971381918493414 -10.305106042533414 0
      vertex -33.971381918493414 -10.305106042533414 -4
      vertex -34.81787745431468 -6.925706431572553 0
    endloop
  endfacet
  facet normal 0.5141027441932218 0.857728610000272 0
    outer loop
      vertex -19.722743272195878 -29.517171236740356 0
      vertex -16.734584157322917 -31.308204884366603 -4
      vertex -19.722743272195878 -29.517171236740356 -4
    endloop
  endfacet
  facet normal 0.5141027441932218 0.857728610000272 0
    outer loop
      vertex -19.722743272195878 -29.517171236740356 0
      vertex -16.734584157322917 -31.308204884366603 0
      vertex -16.734584157322917 -31.308204884366603 -4
    endloop
  endfacet
  facet normal 0.5956993044924334 0.8032075314806448 0
    outer loop
      vertex -22.520961587809413 -27.441871094377163 0
      vertex -19.722743272195878 -29.517171236740356 -4
      vertex -22.520961587809413 -27.441871094377163 -4
    endloop
  endfacet
  facet normal 0.5956993044924334 0.8032075314806448 0
    outer loop
      vertex -22.520961587809413 -27.441871094377163 0
      vertex -19.722743272195878 -29.517171236740356 0
      vertex -19.722743272195878 -29.517171236740356 -4
    endloop
  endfacet
  facet normal 0.42755509343028236 0.9039892931234432 0
    outer loop
      vertex -16.734584157322917 -31.308204884366603 0
      vertex -13.585261848960688 -32.79772340415068 -4
      vertex -16.734584157322917 -31.308204884366603 -4
    endloop
  endfacet
  facet normal 0.33688985339221955 0.9415440651830209 0
    outer loop
      vertex -13.585261848960688 -32.79772340415068 0
      vertex -10.305106042533414 -33.971381918493414 -4
      vertex -13.585261848960688 -32.79772340415068 -4
    endloop
  endfacet
  facet normal 0.42755509343028236 0.9039892931234432 0
    outer loop
      vertex -13.585261848960688 -32.79772340415068 0
      vertex -13.585261848960688 -32.79772340415068 -4
      vertex -16.734584157322917 -31.308204884366603 0
    endloop
  endfacet
  facet normal 0.1467304744553615 0.989176509964781 0
    outer loop
      vertex -6.925706431572553 -34.81787745431468 0
      vertex -3.4796084816994015 -35.32905779686299 -4
      vertex -6.925706431572553 -34.81787745431468 -4
    endloop
  endfacet
  facet normal 0.04906767432741774 0.9987954562051723 0
    outer loop
      vertex -3.4796084816994015 -35.32905779686299 0
      vertex 0 -35.5 -4
      vertex -3.4796084816994015 -35.32905779686299 -4
    endloop
  endfacet
  facet normal 0.1467304744553615 0.989176509964781 0
    outer loop
      vertex -6.925706431572553 -34.81787745431468 0
      vertex -3.4796084816994015 -35.32905779686299 0
      vertex -3.4796084816994015 -35.32905779686299 -4
    endloop
  endfacet
  facet normal 0.04906767432741774 0.9987954562051723 0
    outer loop
      vertex -3.4796084816994015 -35.32905779686299 0
      vertex 0 -35.5 0
      vertex 0 -35.5 -4
    endloop
  endfacet
  facet normal 0.24298017990326465 0.9700312531945439 0
    outer loop
      vertex -10.305106042533414 -33.971381918493414 0
      vertex -6.925706431572553 -34.81787745431468 -4
      vertex -10.305106042533414 -33.971381918493414 -4
    endloop
  endfacet
  facet normal 0.33688985339221955 0.9415440651830209 0
    outer loop
      vertex -13.585261848960688 -32.79772340415068 0
      vertex -10.305106042533414 -33.971381918493414 0
      vertex -10.305106042533414 -33.971381918493414 -4
    endloop
  endfacet
  facet normal 0.24298017990326465 0.9700312531945439 0
    outer loop
      vertex -10.305106042533414 -33.971381918493414 0
      vertex -6.925706431572553 -34.81787745431468 0
      vertex -6.925706431572553 -34.81787745431468 -4
    endloop
  endfacet
  facet normal 0.9987954562051723 -0.04906767432741774 0
    outer loop
      vertex -35.32905779686299 3.4796084816994015 0
      vertex -35.5 0 -4
      vertex -35.32905779686299 3.4796084816994015 -4
    endloop
  endfacet
  facet normal 0.9987954562051723 -0.04906767432741774 0
    outer loop
      vertex -35.5 0 0
      vertex -35.5 0 -4
      vertex -35.32905779686299 3.4796084816994015 0
    endloop
  endfacet
  facet normal 0.989176509964781 -0.1467304744553615 0
    outer loop
      vertex -35.32905779686299 3.4796084816994015 0
      vertex -35.32905779686299 3.4796084816994015 -4
      vertex -34.81787745431468 6.925706431572553 0
    endloop
  endfacet
  facet normal 0.989176509964781 -0.1467304744553615 0
    outer loop
      vertex -34.81787745431468 6.925706431572553 0
      vertex -35.32905779686299 3.4796084816994015 -4
      vertex -34.81787745431468 6.925706431572553 -4
    endloop
  endfacet
  facet normal 0.9700312531945439 -0.24298017990326465 0
    outer loop
      vertex -34.81787745431468 6.925706431572553 0
      vertex -34.81787745431468 6.925706431572553 -4
      vertex -33.971381918493414 10.305106042533414 0
    endloop
  endfacet
  facet normal 0.9700312531945439 -0.24298017990326465 0
    outer loop
      vertex -33.971381918493414 10.305106042533414 0
      vertex -34.81787745431468 6.925706431572553 -4
      vertex -33.971381918493414 10.305106042533414 -4
    endloop
  endfacet
  facet normal 0.9415440651830209 -0.33688985339221955 0
    outer loop
      vertex -32.79772340415068 13.585261848960688 0
      vertex -33.971381918493414 10.305106042533414 -4
      vertex -32.79772340415068 13.585261848960688 -4
    endloop
  endfacet
  facet normal 0.9039892931234432 -0.42755509343028236 0
    outer loop
      vertex -31.308204884366603 16.734584157322917 0
      vertex -32.79772340415068 13.585261848960688 -4
      vertex -31.308204884366603 16.734584157322917 -4
    endloop
  endfacet
  facet normal 0.9415440651830209 -0.33688985339221955 0
    outer loop
      vertex -33.971381918493414 10.305106042533414 0
      vertex -33.971381918493414 10.305106042533414 -4
      vertex -32.79772340415068 13.585261848960688 0
    endloop
  endfacet
  facet normal 0.9039892931234432 -0.42755509343028236 0
    outer loop
      vertex -32.79772340415068 13.585261848960688 0
      vertex -32.79772340415068 13.585261848960688 -4
      vertex -31.308204884366603 16.734584157322917 0
    endloop
  endfacet
  facet normal 0.857728610000272 -0.5141027441932218 0
    outer loop
      vertex -29.517171236740356 19.722743272195878 0
      vertex -31.308204884366603 16.734584157322917 -4
      vertex -29.517171236740356 19.722743272195878 -4
    endloop
  endfacet
  facet normal 0.857728610000272 -0.5141027441932218 0
    outer loop
      vertex -31.308204884366603 16.734584157322917 0
      vertex -31.308204884366603 16.734584157322917 -4
      vertex -29.517171236740356 19.722743272195878 0
    endloop
  endfacet
  facet normal 0.8032075314806448 -0.5956993044924334 0
    outer loop
      vertex -29.517171236740356 19.722743272195878 0
      vertex -29.517171236740356 19.722743272195878 -4
      vertex -27.441871094377163 22.520961587809413 0
    endloop
  endfacet
  facet normal 0.8032075314806448 -0.5956993044924334 0
    outer loop
      vertex -27.441871094377163 22.520961587809413 0
      vertex -29.517171236740356 19.722743272195878 -4
      vertex -27.441871094377163 22.520961587809413 -4
    endloop
  endfacet
  facet normal 0.7409511253549592 -0.6715589548470181 0
    outer loop
      vertex -25.102290732122437 25.102290732122437 0
      vertex -27.441871094377163 22.520961587809413 -4
      vertex -25.102290732122437 25.102290732122437 -4
    endloop
  endfacet
  facet normal 0.6715589548470181 -0.7409511253549592 0
    outer loop
      vertex -22.520961587809413 27.441871094377163 0
      vertex -25.102290732122437 25.102290732122437 -4
      vertex -22.520961587809413 27.441871094377163 -4
    endloop
  endfacet
  facet normal 0.7409511253549592 -0.6715589548470181 0
    outer loop
      vertex -27.441871094377163 22.520961587809413 0
      vertex -27.441871094377163 22.520961587809413 -4
      vertex -25.102290732122437 25.102290732122437 0
    endloop
  endfacet
  facet normal 0.6715589548470181 -0.7409511253549592 0
    outer loop
      vertex -25.102290732122437 25.102290732122437 0
      vertex -25.102290732122437 25.102290732122437 -4
      vertex -22.520961587809413 27.441871094377163 0
    endloop
  endfacet
  facet normal 0.5956993044924334 -0.8032075314806448 0
    outer loop
      vertex -22.520961587809413 27.441871094377163 0
      vertex -22.520961587809413 27.441871094377163 -4
      vertex -19.722743272195878 29.517171236740356 0
    endloop
  endfacet
  facet normal 0.5956993044924334 -0.8032075314806448 0
    outer loop
      vertex -19.722743272195878 29.517171236740356 0
      vertex -22.520961587809413 27.441871094377163 -4
      vertex -19.722743272195878 29.517171236740356 -4
    endloop
  endfacet
  facet normal 0.5141027441932218 -0.857728610000272 0
    outer loop
      vertex -16.734584157322917 31.308204884366603 0
      vertex -19.722743272195878 29.517171236740356 -4
      vertex -16.734584157322917 31.308204884366603 -4
    endloop
  endfacet
  facet normal 0.5141027441932218 -0.857728610000272 0
    outer loop
      vertex -19.722743272195878 29.517171236740356 0
      vertex -19.722743272195878 29.517171236740356 -4
      vertex -16.734584157322917 31.308204884366603 0
    endloop
  endfacet
  facet normal 0.42755509343028236 -0.9039892931234432 0
    outer loop
      vertex -13.585261848960688 32.79772340415068 0
      vertex -16.734584157322917 31.308204884366603 -4
      vertex -13.585261848960688 32.79772340415068 -4
    endloop
  endfacet
  facet normal 0.3368898533922146 -0.9415440651830228 0
    outer loop
      vertex -13 33.00713344217593 0
      vertex -13.585261848960688 32.79772340415068 -4
      vertex -13 33.00713344217593 -4
    endloop
  endfacet
  facet normal 0.42755509343028236 -0.9039892931234432 0
    outer loop
      vertex -16.734584157322917 31.308204884366603 0
      vertex -16.734584157322917 31.308204884366603 -4
      vertex -13.585261848960688 32.79772340415068 0
    endloop
  endfacet
  facet normal 0.3368898533922146 -0.9415440651830228 0
    outer loop
      vertex -13.585261848960688 32.79772340415068 0
      vertex -13.585261848960688 32.79772340415068 -4
      vertex -13 33.00713344217593 0
    endloop
  endfacet
  facet normal -0.04906767432741774 0.9987954562051723 0
    outer loop
      vertex 0 -35.5 0
      vertex 3.4796084816994015 -35.32905779686299 -4
      vertex 0 -35.5 -4
    endloop
  endfacet
  facet normal -0.1467304744553615 0.989176509964781 0
    outer loop
      vertex 3.4796084816994015 -35.32905779686299 0
      vertex 6.925706431572553 -34.81787745431468 -4
      vertex 3.4796084816994015 -35.32905779686299 -4
    endloop
  endfacet
  facet normal -0.04906767432741774 0.9987954562051723 0
    outer loop
      vertex 0 -35.5 0
      vertex 3.4796084816994015 -35.32905779686299 0
      vertex 3.4796084816994015 -35.32905779686299 -4
    endloop
  endfacet
  facet normal -0.1467304744553615 0.989176509964781 0
    outer loop
      vertex 3.4796084816994015 -35.32905779686299 0
      vertex 6.925706431572553 -34.81787745431468 0
      vertex 6.925706431572553 -34.81787745431468 -4
    endloop
  endfacet
  facet normal -0.24298017990326465 0.9700312531945439 0
    outer loop
      vertex 6.925706431572553 -34.81787745431468 0
      vertex 10.305106042533414 -33.971381918493414 -4
      vertex 6.925706431572553 -34.81787745431468 -4
    endloop
  endfacet
  facet normal -0.33688985339221955 0.9415440651830209 0
    outer loop
      vertex 10.305106042533414 -33.971381918493414 0
      vertex 13.585261848960688 -32.79772340415068 -4
      vertex 10.305106042533414 -33.971381918493414 -4
    endloop
  endfacet
  facet normal -0.24298017990326465 0.9700312531945439 0
    outer loop
      vertex 6.925706431572553 -34.81787745431468 0
      vertex 10.305106042533414 -33.971381918493414 0
      vertex 10.305106042533414 -33.971381918493414 -4
    endloop
  endfacet
  facet normal -0.42755509343028236 0.9039892931234432 0
    outer loop
      vertex 13.585261848960688 -32.79772340415068 0
      vertex 16.734584157322917 -31.308204884366603 -4
      vertex 13.585261848960688 -32.79772340415068 -4
    endloop
  endfacet
  facet normal -0.33688985339221955 0.9415440651830209 0
    outer loop
      vertex 10.305106042533414 -33.971381918493414 0
      vertex 13.585261848960688 -32.79772340415068 0
      vertex 13.585261848960688 -32.79772340415068 -4
    endloop
  endfacet
  facet normal -0.42755509343028236 0.9039892931234432 0
    outer loop
      vertex 13.585261848960688 -32.79772340415068 0
      vertex 16.734584157322917 -31.308204884366603 0
      vertex 16.734584157322917 -31.308204884366603 -4
    endloop
  endfacet
  facet normal -0.5141027441932218 0.857728610000272 0
    outer loop
      vertex 16.734584157322917 -31.308204884366603 0
      vertex 19.722743272195878 -29.517171236740356 -4
      vertex 16.734584157322917 -31.308204884366603 -4
    endloop
  endfacet
  facet normal -0.5141027441932218 0.857728610000272 0
    outer loop
      vertex 16.734584157322917 -31.308204884366603 0
      vertex 19.722743272195878 -29.517171236740356 0
      vertex 19.722743272195878 -29.517171236740356 -4
    endloop
  endfacet
  facet normal -0.5956993044924334 0.8032075314806448 0
    outer loop
      vertex 19.722743272195878 -29.517171236740356 0
      vertex 22.520961587809413 -27.441871094377163 -4
      vertex 19.722743272195878 -29.517171236740356 -4
    endloop
  endfacet
  facet normal -0.5956993044924334 0.8032075314806448 0
    outer loop
      vertex 19.722743272195878 -29.517171236740356 0
      vertex 22.520961587809413 -27.441871094377163 0
      vertex 22.520961587809413 -27.441871094377163 -4
    endloop
  endfacet
  facet normal -0.6715589548470181 0.7409511253549592 0
    outer loop
      vertex 22.520961587809413 -27.441871094377163 0
      vertex 25.102290732122437 -25.102290732122437 -4
      vertex 22.520961587809413 -27.441871094377163 -4
    endloop
  endfacet
  facet normal -0.7409511253549592 0.6715589548470181 0
    outer loop
      vertex 25.102290732122437 -25.102290732122437 0
      vertex 27.441871094377163 -22.520961587809413 -4
      vertex 25.102290732122437 -25.102290732122437 -4
    endloop
  endfacet
  facet normal -0.6715589548470181 0.7409511253549592 0
    outer loop
      vertex 22.520961587809413 -27.441871094377163 0
      vertex 25.102290732122437 -25.102290732122437 0
      vertex 25.102290732122437 -25.102290732122437 -4
    endloop
  endfacet
  facet normal -0.7409511253549592 0.6715589548470181 0
    outer loop
      vertex 25.102290732122437 -25.102290732122437 0
      vertex 27.441871094377163 -22.520961587809413 0
      vertex 27.441871094377163 -22.520961587809413 -4
    endloop
  endfacet
  facet normal -0.8032075314806448 0.5956993044924334 0
    outer loop
      vertex 27.441871094377163 -22.520961587809413 0
      vertex 29.517171236740356 -19.722743272195878 -4
      vertex 27.441871094377163 -22.520961587809413 -4
    endloop
  endfacet
  facet normal -0.857728610000272 0.5141027441932218 0
    outer loop
      vertex 29.517171236740356 -19.722743272195878 0
      vertex 31.308204884366603 -16.734584157322917 -4
      vertex 29.517171236740356 -19.722743272195878 -4
    endloop
  endfacet
  facet normal -0.8032075314806448 0.5956993044924334 0
    outer loop
      vertex 27.441871094377163 -22.520961587809413 0
      vertex 29.517171236740356 -19.722743272195878 0
      vertex 29.517171236740356 -19.722743272195878 -4
    endloop
  endfacet
  facet normal -0.857728610000272 0.5141027441932218 0
    outer loop
      vertex 29.517171236740356 -19.722743272195878 0
      vertex 31.308204884366603 -16.734584157322917 0
      vertex 31.308204884366603 -16.734584157322917 -4
    endloop
  endfacet
  facet normal -0.9039892931234432 0.42755509343028236 0
    outer loop
      vertex 31.308204884366603 -16.734584157322917 0
      vertex 32.79772340415068 -13.585261848960688 -4
      vertex 31.308204884366603 -16.734584157322917 -4
    endloop
  endfacet
  facet normal -0.9415440651830209 0.33688985339221955 0
    outer loop
      vertex 32.79772340415068 -13.585261848960688 0
      vertex 33.971381918493414 -10.305106042533414 -4
      vertex 32.79772340415068 -13.585261848960688 -4
    endloop
  endfacet
  facet normal -0.9039892931234432 0.42755509343028236 0
    outer loop
      vertex 31.308204884366603 -16.734584157322917 0
      vertex 32.79772340415068 -13.585261848960688 0
      vertex 32.79772340415068 -13.585261848960688 -4
    endloop
  endfacet
  facet normal -0.9700312531945439 0.24298017990326465 0
    outer loop
      vertex 33.971381918493414 -10.305106042533414 0
      vertex 34.81787745431468 -6.925706431572553 -4
      vertex 33.971381918493414 -10.305106042533414 -4
    endloop
  endfacet
  facet normal -0.9415440651830209 0.33688985339221955 0
    outer loop
      vertex 32.79772340415068 -13.585261848960688 0
      vertex 33.971381918493414 -10.305106042533414 0
      vertex 33.971381918493414 -10.305106042533414 -4
    endloop
  endfacet
  facet normal -0.9700312531945439 0.24298017990326465 0
    outer loop
      vertex 33.971381918493414 -10.305106042533414 0
      vertex 34.81787745431468 -6.925706431572553 0
      vertex 34.81787745431468 -6.925706431572553 -4
    endloop
  endfacet
  facet normal -0.989176509964781 0.1467304744553615 0
    outer loop
      vertex 34.81787745431468 -6.925706431572553 0
      vertex 35.32905779686299 -3.4796084816994015 -4
      vertex 34.81787745431468 -6.925706431572553 -4
    endloop
  endfacet
  facet normal -0.9987954562051723 0.04906767432741774 0
    outer loop
      vertex 35.32905779686299 -3.4796084816994015 0
      vertex 35.5 0 -4
      vertex 35.32905779686299 -3.4796084816994015 -4
    endloop
  endfacet
  facet normal -0.989176509964781 0.1467304744553615 0
    outer loop
      vertex 34.81787745431468 -6.925706431572553 0
      vertex 35.32905779686299 -3.4796084816994015 0
      vertex 35.32905779686299 -3.4796084816994015 -4
    endloop
  endfacet
  facet normal -0.9987954562051723 0.04906767432741774 0
    outer loop
      vertex 35.32905779686299 -3.4796084816994015 0
      vertex 35.5 0 0
      vertex 35.5 0 -4
    endloop
  endfacet
  facet normal -0.3368898533922146 -0.9415440651830228 0
    outer loop
      vertex 13.585261848960688 32.79772340415068 0
      vertex 13 33.00713344217593 -4
      vertex 13.585261848960688 32.79772340415068 -4
    endloop
  endfacet
  facet normal -0.42755509343028236 -0.9039892931234432 0
    outer loop
      vertex 16.734584157322917 31.308204884366603 0
      vertex 13.585261848960688 32.79772340415068 -4
      vertex 16.734584157322917 31.308204884366603 -4
    endloop
  endfacet
  facet normal -0.3368898533922146 -0.9415440651830228 0
    outer loop
      vertex 13 33.00713344217593 0
      vertex 13 33.00713344217593 -4
      vertex 13.585261848960688 32.79772340415068 0
    endloop
  endfacet
  facet normal -0.42755509343028236 -0.9039892931234432 0
    outer loop
      vertex 13.585261848960688 32.79772340415068 0
      vertex 13.585261848960688 32.79772340415068 -4
      vertex 16.734584157322917 31.308204884366603 0
    endloop
  endfacet
  facet normal -0.5956993044924334 -0.8032075314806448 0
    outer loop
      vertex 22.520961587809413 27.441871094377163 0
      vertex 19.722743272195878 29.517171236740356 -4
      vertex 22.520961587809413 27.441871094377163 -4
    endloop
  endfacet
  facet normal -0.5141027441932218 -0.857728610000272 0
    outer loop
      vertex 19.722743272195878 29.517171236740356 0
      vertex 16.734584157322917 31.308204884366603 -4
      vertex 19.722743272195878 29.517171236740356 -4
    endloop
  endfacet
  facet normal -0.5141027441932218 -0.857728610000272 0
    outer loop
      vertex 16.734584157322917 31.308204884366603 0
      vertex 16.734584157322917 31.308204884366603 -4
      vertex 19.722743272195878 29.517171236740356 0
    endloop
  endfacet
  facet normal -0.5956993044924334 -0.8032075314806448 0
    outer loop
      vertex 22.520961587809413 27.441871094377163 0
      vertex 19.722743272195878 29.517171236740356 0
      vertex 19.722743272195878 29.517171236740356 -4
    endloop
  endfacet
  facet normal -0.9700312531945439 -0.24298017990326465 0
    outer loop
      vertex 33.971381918493414 10.305106042533414 0
      vertex 33.971381918493414 10.305106042533414 -4
      vertex 34.81787745431468 6.925706431572553 0
    endloop
  endfacet
  facet normal -0.8032075314806448 -0.5956993044924334 0
    outer loop
      vertex 29.517171236740356 19.722743272195878 0
      vertex 27.441871094377163 22.520961587809413 0
      vertex 27.441871094377163 22.520961587809413 -4
    endloop
  endfacet
  facet normal -0.9415440651830209 -0.33688985339221955 0
    outer loop
      vertex 33.971381918493414 10.305106042533414 0
      vertex 32.79772340415068 13.585261848960688 -4
      vertex 33.971381918493414 10.305106042533414 -4
    endloop
  endfacet
  facet normal -0.9039892931234432 -0.42755509343028236 0
    outer loop
      vertex 32.79772340415068 13.585261848960688 0
      vertex 31.308204884366603 16.734584157322917 -4
      vertex 32.79772340415068 13.585261848960688 -4
    endloop
  endfacet
  facet normal -0.9415440651830209 -0.33688985339221955 0
    outer loop
      vertex 33.971381918493414 10.305106042533414 0
      vertex 32.79772340415068 13.585261848960688 0
      vertex 32.79772340415068 13.585261848960688 -4
    endloop
  endfacet
  facet normal -0.9039892931234432 -0.42755509343028236 0
    outer loop
      vertex 32.79772340415068 13.585261848960688 0
      vertex 31.308204884366603 16.734584157322917 0
      vertex 31.308204884366603 16.734584157322917 -4
    endloop
  endfacet
  facet normal -0.857728610000272 -0.5141027441932218 0
    outer loop
      vertex 31.308204884366603 16.734584157322917 0
      vertex 29.517171236740356 19.722743272195878 -4
      vertex 31.308204884366603 16.734584157322917 -4
    endloop
  endfacet
  facet normal -0.8032075314806448 -0.5956993044924334 0
    outer loop
      vertex 29.517171236740356 19.722743272195878 0
      vertex 27.441871094377163 22.520961587809413 -4
      vertex 29.517171236740356 19.722743272195878 -4
    endloop
  endfacet
  facet normal -0.857728610000272 -0.5141027441932218 0
    outer loop
      vertex 29.517171236740356 19.722743272195878 0
      vertex 29.517171236740356 19.722743272195878 -4
      vertex 31.308204884366603 16.734584157322917 0
    endloop
  endfacet
  facet normal -0.9987954562051723 -0.04906767432741774 0
    outer loop
      vertex 35.5 0 0
      vertex 35.32905779686299 3.4796084816994015 -4
      vertex 35.5 0 -4
    endloop
  endfacet
  facet normal -0.989176509964781 -0.1467304744553615 0
    outer loop
      vertex 35.32905779686299 3.4796084816994015 0
      vertex 34.81787745431468 6.925706431572553 -4
      vertex 35.32905779686299 3.4796084816994015 -4
    endloop
  endfacet
  facet normal -0.9987954562051723 -0.04906767432741774 0
    outer loop
      vertex 35.5 0 0
      vertex 35.32905779686299 3.4796084816994015 0
      vertex 35.32905779686299 3.4796084816994015 -4
    endloop
  endfacet
  facet normal -0.9700312531945439 -0.24298017990326465 0
    outer loop
      vertex 34.81787745431468 6.925706431572553 0
      vertex 33.971381918493414 10.305106042533414 -4
      vertex 34.81787745431468 6.925706431572553 -4
    endloop
  endfacet
  facet normal -0.989176509964781 -0.1467304744553615 0
    outer loop
      vertex 35.32905779686299 3.4796084816994015 0
      vertex 34.81787745431468 6.925706431572553 0
      vertex 34.81787745431468 6.925706431572553 -4
    endloop
  endfacet
  facet normal -0.6715589548470181 -0.7409511253549592 0
    outer loop
      vertex 25.102290732122437 25.102290732122437 0
      vertex 22.520961587809413 27.441871094377163 -4
      vertex 25.102290732122437 25.102290732122437 -4
    endloop
  endfacet
  facet normal -0.7409511253549592 -0.6715589548470181 0
    outer loop
      vertex 27.441871094377163 22.520961587809413 0
      vertex 25.102290732122437 25.102290732122437 -4
      vertex 27.441871094377163 22.520961587809413 -4
    endloop
  endfacet
  facet normal -0.6715589548470181 -0.7409511253549592 0
    outer loop
      vertex 22.520961587809413 27.441871094377163 0
      vertex 22.520961587809413 27.441871094377163 -4
      vertex 25.102290732122437 25.102290732122437 0
    endloop
  endfacet
  facet normal -0.7409511253549592 -0.6715589548470181 0
    outer loop
      vertex 27.441871094377163 22.520961587809413 0
      vertex 25.102290732122437 25.102290732122437 0
      vertex 25.102290732122437 25.102290732122437 -4
    endloop
  endfacet
  facet normal 1 0 0
    outer loop
      vertex -13 33.00713344217593 0
      vertex -13 33.00713344217593 -4
      vertex -13 45.8 0
    endloop
  endfacet
  facet normal 1 0 0
    outer loop
      vertex -13 45.8 0
      vertex -13 33.00713344217593 -4
      vertex -13 45.8 -4
    endloop
  endfacet
  facet normal -1 0 0
    outer loop
      vertex 13 33.00713344217593 0
      vertex 13 45.8 -4
      vertex 13 33.00713344217593 -4
    endloop
  endfacet
  facet normal -1 0 0
    outer loop
      vertex 13 33.00713344217593 0
      vertex 13 45.8 0
      vertex 13 45.8 -4
    endloop
  endfacet
  facet normal 0 0 1
    outer loop
      vertex -36.53724875160745 0 0
      vertex -35.5 0 0
      vertex -35.32905779686299 3.4796084816994015 0
    endloop
  endfacet
  facet normal 0 0 1
    outer loop
      vertex -36.53724875160745 0 0
      vertex -35.32905779686299 3.4796084816994015 0
      vertex -37 24.292923005315302 0
    endloop
  endfacet
  facet normal 0 0 1
    outer loop
      vertex -35.32905779686299 3.4796084816994015 0
      vertex -34.81787745431468 6.925706431572553 0
      vertex -37 24.292923005315302 0
    endloop
  endfacet
  facet normal 0 0 1
    outer loop
      vertex -34.81787745431468 6.925706431572553 0
      vertex -33.971381918493414 10.305106042533414 0
      vertex -37 24.292923005315302 0
    endloop
  endfacet
  facet normal 0 0 1
    outer loop
      vertex -33.971381918493414 10.305106042533414 0
      vertex -32.79772340415068 13.585261848960688 0
      vertex -37 24.292923005315302 0
    endloop
  endfacet
  facet normal 0 0 1
    outer loop
      vertex -32.79772340415068 13.585261848960688 0
      vertex -31.308204884366603 16.734584157322917 0
      vertex -37 24.292923005315302 0
    endloop
  endfacet
  facet normal 0 0 1
    outer loop
      vertex -31.308204884366603 16.734584157322917 0
      vertex -29.517171236740356 19.722743272195878 0
      vertex -37 24.292923005315302 0
    endloop
  endfacet
  facet normal 0 0 1
    outer loop
      vertex -37 24.292923005315302 0
      vertex -29.517171236740356 19.722743272195878 0
      vertex -27.441871094377163 22.520961587809413 0
    endloop
  endfacet
  facet normal 0 0 1
    outer loop
      vertex -37 34.59014682108689 0
      vertex -32.95494070487174 42.930686723665026 0
      vertex -37 40.20780043557718 0
    endloop
  endfacet
  facet normal 0 0 1
    outer loop
      vertex -32.95494070487174 42.930686723665026 0
      vertex -36.915756805176585 40.28415401671451 0
      vertex -37 40.20780043557718 0
    endloop
  endfacet
  facet normal 0 0 1
    outer loop
      vertex -35.00035666237633 41.704711578951844 0
      vertex -36.915756805176585 40.28415401671451 0
      vertex -32.95494070487174 42.930686723665026 0
    endloop
  endfacet
  facet normal 0 0 1
    outer loop
      vertex -37 24.292923005315302 0
      vertex -27.441871094377163 22.520961587809413 0
      vertex -37 34.59014682108689 0
    endloop
  endfacet
  facet normal 0 0 1
    outer loop
      vertex -27.441871094377163 22.520961587809413 0
      vertex -25.102290732122437 25.102290732122437 0
      vertex -37 34.59014682108689 0
    endloop
  endfacet
  facet normal 0 0 1
    outer loop
      vertex -25.102290732122437 25.102290732122437 0
      vertex -22.520961587809413 27.441871094377163 0
      vertex -37 34.59014682108689 0
    endloop
  endfacet
  facet normal 0 0 1
    outer loop
      vertex -37 34.59014682108689 0
      vertex -22.520961587809413 27.441871094377163 0
      vertex -19.722743272195878 29.517171236740356 0
    endloop
  endfacet
  facet normal 0 0 1
    outer loop
      vertex -37 34.59014682108689 0
      vertex -19.722743272195878 29.517171236740356 0
      vertex -16.734584157322917 31.308204884366603 0
    endloop
  endfacet
  facet normal 0 0 1
    outer loop
      vertex -37 34.59014682108689 0
      vertex -16.734584157322917 31.308204884366603 0
      vertex -32.95494070487174 42.930686723665026 0
    endloop
  endfacet
  facet normal 0 0 1
    outer loop
      vertex -16.734584157322917 31.308204884366603 0
      vertex -30.79920740647168 43.95027264002427 0
      vertex -32.95494070487174 42.930686723665026 0
    endloop
  endfacet
  facet normal 0 0 1
    outer loop
      vertex -16.734584157322917 31.308204884366603 0
      vertex -28.55391765728343 44.75365015829267 0
      vertex -30.79920740647168 43.95027264002427 0
    endloop
  endfacet
  facet normal 0 0 1
    outer loop
      vertex -16.734584157322917 31.308204884366603 0
      vertex -26.240694824991913 45.3330823137985 0
      vertex -28.55391765728343 44.75365015829267 0
    endloop
  endfacet
  facet normal 1 0 0
    outer loop
      vertex -37 34.59014682108689 0
      vertex -37 40.20780043557718 0
      vertex -37 34.59014682108689 20.303394488817762
    endloop
  endfacet
  facet normal 1 0 0
    outer loop
      vertex -37 34.59014682108689 20.303394488817762
      vertex -37 40.20780043557718 0
      vertex -37 40.20780043557718 19.149082102278662
    endloop
  endfacet
  facet normal 0 0 1
    outer loop
      vertex -16.734584157322917 31.308204884366603 0
      vertex -23.88181651000832 45.68298885813438 0
      vertex -26.240694824991913 45.3330823137985 0
    endloop
  endfacet
  facet normal 0 0 1
    outer loop
      vertex -16.734584157322917 31.308204884366603 0
      vertex -21.499999999999996 45.8 0
      vertex -23.88181651000832 45.68298885813438 0
    endloop
  endfacet
  facet normal 0 0 1
    outer loop
      vertex -16.734584157322917 31.308204884366603 0
      vertex -13.585261848960688 32.79772340415068 0
      vertex -13 45.8 0
    endloop
  endfacet
  facet normal 0 0 1
    outer loop
      vertex -13.585261848960688 32.79772340415068 0
      vertex -13 33.00713344217593 0
      vertex -13 45.8 0
    endloop
  endfacet
  facet normal 0 0 1
    outer loop
      vertex -16.734584157322917 31.308204884366603 0
      vertex -13 45.8 0
      vertex -21.499999999999996 45.8 0
    endloop
  endfacet
  facet normal 0 0 1
    outer loop
      vertex 13 33.00713344217593 0
      vertex 13.585261848960688 32.79772340415068 0
      vertex 21.499999999999996 45.8 0
    endloop
  endfacet
  facet normal 0 0 1
    outer loop
      vertex 13 33.00713344217593 0
      vertex 21.499999999999996 45.8 0
      vertex 13 45.8 0
    endloop
  endfacet
  facet normal 0 0 1
    outer loop
      vertex 13.585261848960688 32.79772340415068 0
      vertex 16.734584157322917 31.308204884366603 0
      vertex 21.499999999999996 45.8 0
    endloop
  endfacet
  facet normal 0 0 1
    outer loop
      vertex 16.734584157322917 31.308204884366603 0
      vertex 23.88181651000832 45.68298885813438 0
      vertex 21.499999999999996 45.8 0
    endloop
  endfacet
  facet normal 0 0 1
    outer loop
      vertex 16.734584157322917 31.308204884366603 0
      vertex 26.240694824991913 45.3330823137985 0
      vertex 23.88181651000832 45.68298885813438 0
    endloop
  endfacet
  facet normal 0 0 1
    outer loop
      vertex 32.79772340415068 13.585261848960688 0
      vertex 37 34.59014682108689 0
      vertex 31.308204884366603 16.734584157322917 0
    endloop
  endfacet
  facet normal 0 0 1
    outer loop
      vertex 35.5 0 0
      vertex 36.53724875160745 0 0
      vertex 35.32905779686299 3.4796084816994015 0
    endloop
  endfacet
  facet normal 0 0 1
    outer loop
      vertex 36.53724875160745 0 0
      vertex 37 34.59014682108689 0
      vertex 35.32905779686299 3.4796084816994015 0
    endloop
  endfacet
  facet normal 0 0 1
    outer loop
      vertex 35.32905779686299 3.4796084816994015 0
      vertex 37 34.59014682108689 0
      vertex 34.81787745431468 6.925706431572553 0
    endloop
  endfacet
  facet normal 0 0 1
    outer loop
      vertex 33.971381918493414 10.305106042533414 0
      vertex 34.81787745431468 6.925706431572553 0
      vertex 37 34.59014682108689 0
    endloop
  endfacet
  facet normal 0 0 1
    outer loop
      vertex 33.971381918493414 10.305106042533414 0
      vertex 37 34.59014682108689 0
      vertex 32.79772340415068 13.585261848960688 0
    endloop
  endfacet
  facet normal 0 0 1
    outer loop
      vertex 16.734584157322917 31.308204884366603 0
      vertex 19.722743272195878 29.517171236740356 0
      vertex 37 34.59014682108689 0
    endloop
  endfacet
  facet normal 0 0 1
    outer loop
      vertex 22.520961587809413 27.441871094377163 0
      vertex 37 34.59014682108689 0
      vertex 19.722743272195878 29.517171236740356 0
    endloop
  endfacet
  facet normal 0 0 1
    outer loop
      vertex 22.520961587809413 27.441871094377163 0
      vertex 25.102290732122437 25.102290732122437 0
      vertex 37 34.59014682108689 0
    endloop
  endfacet
  facet normal 0 0 1
    outer loop
      vertex 29.517171236740356 19.722743272195878 0
      vertex 37 34.59014682108689 0
      vertex 27.441871094377163 22.520961587809413 0
    endloop
  endfacet
  facet normal 0 0 1
    outer loop
      vertex 27.441871094377163 22.520961587809413 0
      vertex 37 34.59014682108689 0
      vertex 25.102290732122437 25.102290732122437 0
    endloop
  endfacet
  facet normal 0 0 1
    outer loop
      vertex 29.517171236740356 19.722743272195878 0
      vertex 31.308204884366603 16.734584157322917 0
      vertex 37 34.59014682108689 0
    endloop
  endfacet
  facet normal 0 0 1
    outer loop
      vertex 16.734584157322917 31.308204884366603 0
      vertex 30.79920740647168 43.95027264002427 0
      vertex 28.55391765728343 44.75365015829267 0
    endloop
  endfacet
  facet normal 0 0 1
    outer loop
      vertex 16.734584157322917 31.308204884366603 0
      vertex 32.95494070487174 42.930686723665026 0
      vertex 30.79920740647168 43.95027264002427 0
    endloop
  endfacet
  facet normal 0 0 1
    outer loop
      vertex 16.734584157322917 31.308204884366603 0
      vertex 35.00035666237633 41.704711578951844 0
      vertex 32.95494070487174 42.930686723665026 0
    endloop
  endfacet
  facet normal 0 0 1
    outer loop
      vertex 16.734584157322917 31.308204884366603 0
      vertex 28.55391765728343 44.75365015829267 0
      vertex 26.240694824991913 45.3330823137985 0
    endloop
  endfacet
  facet normal 0 0 1
    outer loop
      vertex 16.734584157322917 31.308204884366603 0
      vertex 37 34.59014682108689 0
      vertex 35.00035666237633 41.704711578951844 0
    endloop
  endfacet
  facet normal 0 0 1
    outer loop
      vertex 37 34.59014682108689 0
      vertex 37 40.20780043557718 0
      vertex 35.00035666237633 41.704711578951844 0
    endloop
  endfacet
  facet normal 0 0 1
    outer loop
      vertex 36.915756805176585 40.28415401671451 0
      vertex 35.00035666237633 41.704711578951844 0
      vertex 37 40.20780043557718 0
    endloop
  endfacet
  facet normal -1 0 0
    outer loop
      vertex 37 34.59014682108689 0
      vertex 37 40.20780043557718 19.14908210227866
      vertex 37 40.20780043557718 0
    endloop
  endfacet
  facet normal -1 0 0
    outer loop
      vertex 37 34.59014682108689 0
      vertex 37 34.59014682108689 20.30339448881776
      vertex 37 40.20780043557718 19.14908210227866
    endloop
  endfacet
  facet normal 0 0.5141027441932196 0.8577286100002732
    outer loop
      vertex -41.8 -6.111140466039204 6.337060775394909
      vertex -45.8 -5.942793473651995 6.23615747130329
      vertex -45.8 -6.111140466039204 6.337060775394909
    endloop
  endfacet
  facet normal 0 0.5956993044924334 0.8032075314806449
    outer loop
      vertex -41.8 -6.268786568327291 6.453979093274526
      vertex -45.8 -6.111140466039204 6.337060775394909
      vertex -45.8 -6.268786568327291 6.453979093274526
    endloop
  endfacet
  facet normal 0 0.6715589548470197 0.7409511253549579
    outer loop
      vertex -41.8 -6.414213562373095 6.585786437626905
      vertex -45.8 -6.268786568327291 6.453979093274526
      vertex -45.8 -6.414213562373095 6.585786437626905
    endloop
  endfacet
  facet normal 0 0.8577286100002721 0.5141027441932217
    outer loop
      vertex -41.8 -6.76384252869671 7.057206526348004
      vertex -45.8 -6.662939224605091 6.888859533960796
      vertex -45.8 -6.76384252869671 7.057206526348004
    endloop
  endfacet
  facet normal 0 0.9039892931234429 0.42755509343028286
    outer loop
      vertex -41.8 -6.847759065022574 7.234633135269821
      vertex -45.8 -6.76384252869671 7.057206526348004
      vertex -45.8 -6.847759065022574 7.234633135269821
    endloop
  endfacet
  facet normal 0 0.7409511253549579 0.6715589548470197
    outer loop
      vertex -41.8 -6.546020906725474 6.731213431672709
      vertex -45.8 -6.414213562373095 6.585786437626905
      vertex -45.8 -6.546020906725474 6.731213431672709
    endloop
  endfacet
  facet normal 0 0.8032075314806449 0.5956993044924334
    outer loop
      vertex -41.8 -6.662939224605091 6.888859533960796
      vertex -45.8 -6.546020906725474 6.731213431672709
      vertex -45.8 -6.662939224605091 6.888859533960796
    endloop
  endfacet
  facet normal 0 0.5956993044924334 0.8032075314806449
    outer loop
      vertex -41.8 -6.111140466039204 6.337060775394909
      vertex -45.8 -6.111140466039204 6.337060775394909
      vertex -41.8 -6.268786568327291 6.453979093274526
    endloop
  endfacet
  facet normal 0 0.6715589548470197 0.7409511253549579
    outer loop
      vertex -41.8 -6.414213562373095 6.585786437626905
      vertex -41.8 -6.268786568327291 6.453979093274526
      vertex -45.8 -6.268786568327291 6.453979093274526
    endloop
  endfacet
  facet normal 0 0.9039892931234429 0.42755509343028286
    outer loop
      vertex -41.8 -6.76384252869671 7.057206526348004
      vertex -45.8 -6.76384252869671 7.057206526348004
      vertex -41.8 -6.847759065022574 7.234633135269821
    endloop
  endfacet
  facet normal 0 0.7409511253549579 0.6715589548470197
    outer loop
      vertex -41.8 -6.414213562373095 6.585786437626905
      vertex -45.8 -6.414213562373095 6.585786437626905
      vertex -41.8 -6.546020906725474 6.731213431672709
    endloop
  endfacet
  facet normal 0 0.8032075314806449 0.5956993044924334
    outer loop
      vertex -41.8 -6.546020906725474 6.731213431672709
      vertex -45.8 -6.546020906725474 6.731213431672709
      vertex -41.8 -6.662939224605091 6.888859533960796
    endloop
  endfacet
  facet normal 0 0.8577286100002721 0.5141027441932217
    outer loop
      vertex -41.8 -6.662939224605091 6.888859533960796
      vertex -45.8 -6.662939224605091 6.888859533960796
      vertex -41.8 -6.76384252869671 7.057206526348004
    endloop
  endfacet
  facet normal 0 0.9415440651830225 0.33688985339221533
    outer loop
      vertex -41.8 -6.913880671464417 7.419430645491076
      vertex -45.8 -6.847759065022574 7.234633135269821
      vertex -45.8 -6.913880671464417 7.419430645491076
    endloop
  endfacet
  facet normal 0 0.9700312531945434 0.24298017990326626
    outer loop
      vertex -41.8 -6.961570560806461 7.609819355967744
      vertex -45.8 -6.913880671464417 7.419430645491076
      vertex -45.8 -6.961570560806461 7.609819355967744
    endloop
  endfacet
  facet normal 0 0.9891765099647803 0.1467304744553654
    outer loop
      vertex -41.8 -6.990369453344394 7.803965719340878
      vertex -45.8 -6.961570560806461 7.609819355967744
      vertex -45.8 -6.990369453344394 7.803965719340878
    endloop
  endfacet
  facet normal 0 0.9987954562051725 0.049067674327415184
    outer loop
      vertex -41.8 -7 8
      vertex -45.8 -6.990369453344394 7.803965719340878
      vertex -45.8 -7 8
    endloop
  endfacet
  facet normal 0 0.9415440651830225 0.33688985339221533
    outer loop
      vertex -41.8 -6.847759065022574 7.234633135269821
      vertex -45.8 -6.847759065022574 7.234633135269821
      vertex -41.8 -6.913880671464417 7.419430645491076
    endloop
  endfacet
  facet normal 0 0.9700312531945434 0.24298017990326626
    outer loop
      vertex -41.8 -6.913880671464417 7.419430645491076
      vertex -45.8 -6.913880671464417 7.419430645491076
      vertex -41.8 -6.961570560806461 7.609819355967744
    endloop
  endfacet
  facet normal 0 0.9891765099647803 0.1467304744553654
    outer loop
      vertex -41.8 -6.961570560806461 7.609819355967744
      vertex -45.8 -6.961570560806461 7.609819355967744
      vertex -41.8 -6.990369453344394 7.803965719340878
    endloop
  endfacet
  facet normal 0 0.9987954562051725 0.049067674327415184
    outer loop
      vertex -41.8 -6.990369453344394 7.803965719340878
      vertex -45.8 -6.990369453344394 7.803965719340878
      vertex -41.8 -7 8
    endloop
  endfacet
  facet normal 0 1 0
    outer loop
      vertex -41.8 -7 8
      vertex -45.8 -7 8
      vertex -41.8 -7 14
    endloop
  endfacet
  facet normal 0 0.3368898533922168 0.941544065183022
    outer loop
      vertex -41.8 -5.765366864730179 6.152240934977426
      vertex -45.8 -5.580569354508925 6.086119328535583
      vertex -45.8 -5.765366864730179 6.152240934977426
    endloop
  endfacet
  facet normal 0 0.42755509343028464 0.9039892931234421
    outer loop
      vertex -41.8 -5.942793473651995 6.23615747130329
      vertex -45.8 -5.765366864730179 6.152240934977426
      vertex -45.8 -5.942793473651995 6.23615747130329
    endloop
  endfacet
  facet normal 0 0.24298017990326626 0.9700312531945434
    outer loop
      vertex -41.8 -5.580569354508925 6.086119328535583
      vertex -45.8 -5.390180644032257 6.038429439193539
      vertex -45.8 -5.580569354508925 6.086119328535583
    endloop
  endfacet
  facet normal 0 0.1467304744553641 0.9891765099647807
    outer loop
      vertex -41.8 -5.390180644032257 6.038429439193539
      vertex -45.8 -5.196034280659121 6.009630546655606
      vertex -45.8 -5.390180644032257 6.038429439193539
    endloop
  endfacet
  facet normal 0 0.049067674327415406 0.9987954562051725
    outer loop
      vertex -41.8 -5.196034280659121 6.009630546655606
      vertex -45.8 -5 6
      vertex -45.8 -5.196034280659121 6.009630546655606
    endloop
  endfacet
  facet normal 0 0.5141027441932196 0.8577286100002732
    outer loop
      vertex -41.8 -5.942793473651995 6.23615747130329
      vertex -45.8 -5.942793473651995 6.23615747130329
      vertex -41.8 -6.111140466039204 6.337060775394909
    endloop
  endfacet
  facet normal 0 0.42755509343028464 0.9039892931234421
    outer loop
      vertex -41.8 -5.765366864730179 6.152240934977426
      vertex -45.8 -5.765366864730179 6.152240934977426
      vertex -41.8 -5.942793473651995 6.23615747130329
    endloop
  endfacet
  facet normal 0 0.3368898533922168 0.941544065183022
    outer loop
      vertex -41.8 -5.580569354508925 6.086119328535583
      vertex -45.8 -5.580569354508925 6.086119328535583
      vertex -41.8 -5.765366864730179 6.152240934977426
    endloop
  endfacet
  facet normal 0 0.24298017990326626 0.9700312531945434
    outer loop
      vertex -41.8 -5.580569354508925 6.086119328535583
      vertex -41.8 -5.390180644032257 6.038429439193539
      vertex -45.8 -5.390180644032257 6.038429439193539
    endloop
  endfacet
  facet normal 0 0.1467304744553641 0.9891765099647807
    outer loop
      vertex -41.8 -5.390180644032257 6.038429439193539
      vertex -41.8 -5.196034280659121 6.009630546655606
      vertex -45.8 -5.196034280659121 6.009630546655606
    endloop
  endfacet
  facet normal 0 0.049067674327415406 0.9987954562051725
    outer loop
      vertex -41.8 -5.196034280659121 6.009630546655606
      vertex -41.8 -5 6
      vertex -45.8 -5 6
    endloop
  endfacet
  facet normal 0 0 1
    outer loop
      vertex -41.8 -5 6
      vertex -45.8 5 6
      vertex -45.8 -5 6
    endloop
  endfacet
  facet normal 0 1 0
    outer loop
      vertex -41.8 -7 14
      vertex -45.8 -7 8
      vertex -45.8 -7 14
    endloop
  endfacet
  facet normal 0 0.9987954562051725 -0.049067674327415184
    outer loop
      vertex -41.8 -6.990369453344394 14.196034280659122
      vertex -45.8 -7 14
      vertex -45.8 -6.990369453344394 14.196034280659122
    endloop
  endfacet
  facet normal 0 0.9891765099647803 -0.1467304744553654
    outer loop
      vertex -41.8 -6.961570560806461 14.390180644032256
      vertex -45.8 -6.990369453344394 14.196034280659122
      vertex -45.8 -6.961570560806461 14.390180644032256
    endloop
  endfacet
  facet normal 0 0.9700312531945434 -0.24298017990326626
    outer loop
      vertex -41.8 -6.913880671464417 14.580569354508924
      vertex -45.8 -6.961570560806461 14.390180644032256
      vertex -45.8 -6.913880671464417 14.580569354508924
    endloop
  endfacet
  facet normal 0 0.9415440651830225 -0.33688985339221533
    outer loop
      vertex -41.8 -6.847759065022574 14.76536686473018
      vertex -45.8 -6.913880671464417 14.580569354508924
      vertex -45.8 -6.847759065022574 14.76536686473018
    endloop
  endfacet
  facet normal 0 0.9987954562051725 -0.049067674327415184
    outer loop
      vertex -41.8 -7 14
      vertex -45.8 -7 14
      vertex -41.8 -6.990369453344394 14.196034280659122
    endloop
  endfacet
  facet normal 0 0.9891765099647803 -0.1467304744553654
    outer loop
      vertex -41.8 -6.990369453344394 14.196034280659122
      vertex -45.8 -6.990369453344394 14.196034280659122
      vertex -41.8 -6.961570560806461 14.390180644032256
    endloop
  endfacet
  facet normal 0 0.9700312531945434 -0.24298017990326626
    outer loop
      vertex -41.8 -6.961570560806461 14.390180644032256
      vertex -45.8 -6.961570560806461 14.390180644032256
      vertex -41.8 -6.913880671464417 14.580569354508924
    endloop
  endfacet
  facet normal 0 0.9415440651830225 -0.33688985339221533
    outer loop
      vertex -41.8 -6.913880671464417 14.580569354508924
      vertex -45.8 -6.913880671464417 14.580569354508924
      vertex -41.8 -6.847759065022574 14.76536686473018
    endloop
  endfacet
  facet normal 0 0.9039892931234429 -0.42755509343028286
    outer loop
      vertex -41.8 -6.76384252869671 14.942793473651996
      vertex -45.8 -6.847759065022574 14.76536686473018
      vertex -45.8 -6.76384252869671 14.942793473651996
    endloop
  endfacet
  facet normal 0 0.8577286100002721 -0.5141027441932217
    outer loop
      vertex -41.8 -6.662939224605091 15.111140466039204
      vertex -45.8 -6.76384252869671 14.942793473651996
      vertex -45.8 -6.662939224605091 15.111140466039204
    endloop
  endfacet
  facet normal 0 0.8032075314806449 -0.5956993044924334
    outer loop
      vertex -41.8 -6.546020906725474 15.268786568327291
      vertex -45.8 -6.662939224605091 15.111140466039204
      vertex -45.8 -6.546020906725474 15.268786568327291
    endloop
  endfacet
  facet normal 0 0.74095112535496 -0.6715589548470174
    outer loop
      vertex -41.8 -6.414213562373095 15.414213562373096
      vertex -45.8 -6.546020906725474 15.268786568327291
      vertex -45.8 -6.414213562373095 15.414213562373096
    endloop
  endfacet
  facet normal 0 0.6715589548470172 -0.7409511253549602
    outer loop
      vertex -41.8 -6.268786568327291 15.546020906725474
      vertex -45.8 -6.414213562373095 15.414213562373096
      vertex -45.8 -6.268786568327291 15.546020906725474
    endloop
  endfacet
  facet normal 0 0.5956993044924304 -0.803207531480647
    outer loop
      vertex -41.8 -6.111140466039204 15.66293922460509
      vertex -45.8 -6.268786568327291 15.546020906725474
      vertex -45.8 -6.111140466039204 15.66293922460509
    endloop
  endfacet
  facet normal 0 0.9039892931234429 -0.42755509343028286
    outer loop
      vertex -41.8 -6.847759065022574 14.76536686473018
      vertex -45.8 -6.847759065022574 14.76536686473018
      vertex -41.8 -6.76384252869671 14.942793473651996
    endloop
  endfacet
  facet normal 0 0.8577286100002721 -0.5141027441932217
    outer loop
      vertex -41.8 -6.76384252869671 14.942793473651996
      vertex -45.8 -6.76384252869671 14.942793473651996
      vertex -41.8 -6.662939224605091 15.111140466039204
    endloop
  endfacet
  facet normal 0 0.8032075314806449 -0.5956993044924334
    outer loop
      vertex -41.8 -6.662939224605091 15.111140466039204
      vertex -45.8 -6.662939224605091 15.111140466039204
      vertex -41.8 -6.546020906725474 15.268786568327291
    endloop
  endfacet
  facet normal 0 0.74095112535496 -0.6715589548470174
    outer loop
      vertex -41.8 -6.546020906725474 15.268786568327291
      vertex -45.8 -6.546020906725474 15.268786568327291
      vertex -41.8 -6.414213562373095 15.414213562373096
    endloop
  endfacet
  facet normal 0 0.6715589548470172 -0.7409511253549602
    outer loop
      vertex -41.8 -6.414213562373095 15.414213562373096
      vertex -45.8 -6.414213562373095 15.414213562373096
      vertex -41.8 -6.268786568327291 15.546020906725474
    endloop
  endfacet
  facet normal 0 0.5956993044924304 -0.803207531480647
    outer loop
      vertex -41.8 -6.268786568327291 15.546020906725474
      vertex -45.8 -6.268786568327291 15.546020906725474
      vertex -41.8 -6.111140466039204 15.66293922460509
    endloop
  endfacet
  facet normal 0 0.514102744193223 -0.8577286100002712
    outer loop
      vertex -41.8 -6.111140466039204 15.66293922460509
      vertex -45.8 -6.111140466039204 15.66293922460509
      vertex -41.8 -5.942793473651995 15.76384252869671
    endloop
  endfacet
  facet normal 0 0.514102744193223 -0.8577286100002712
    outer loop
      vertex -41.8 -5.942793473651995 15.76384252869671
      vertex -45.8 -6.111140466039204 15.66293922460509
      vertex -45.8 -5.942793473651995 15.76384252869671
    endloop
  endfacet
  facet normal 0 0.42755509343028464 -0.9039892931234421
    outer loop
      vertex -41.8 -5.765366864730179 15.847759065022574
      vertex -45.8 -5.942793473651995 15.76384252869671
      vertex -45.8 -5.765366864730179 15.847759065022574
    endloop
  endfacet
  facet normal 0 0.3368898533922168 -0.941544065183022
    outer loop
      vertex -41.8 -5.580569354508925 15.913880671464417
      vertex -45.8 -5.765366864730179 15.847759065022574
      vertex -45.8 -5.580569354508925 15.913880671464417
    endloop
  endfacet
  facet normal 0 0.24298017990326626 -0.9700312531945434
    outer loop
      vertex -41.8 -5.390180644032257 15.96157056080646
      vertex -45.8 -5.580569354508925 15.913880671464417
      vertex -45.8 -5.390180644032257 15.96157056080646
    endloop
  endfacet
  facet normal 0 0.1467304744553641 -0.9891765099647807
    outer loop
      vertex -41.8 -5.196034280659121 15.990369453344394
      vertex -45.8 -5.390180644032257 15.96157056080646
      vertex -45.8 -5.196034280659121 15.990369453344394
    endloop
  endfacet
  facet normal 0 0.049067674327415406 -0.9987954562051725
    outer loop
      vertex -41.8 -5 16
      vertex -45.8 -5.196034280659121 15.990369453344394
      vertex -45.8 -5 16
    endloop
  endfacet
  facet normal 0 0.42755509343028464 -0.9039892931234421
    outer loop
      vertex -41.8 -5.942793473651995 15.76384252869671
      vertex -45.8 -5.942793473651995 15.76384252869671
      vertex -41.8 -5.765366864730179 15.847759065022574
    endloop
  endfacet
  facet normal 0 0.3368898533922168 -0.941544065183022
    outer loop
      vertex -41.8 -5.765366864730179 15.847759065022574
      vertex -45.8 -5.765366864730179 15.847759065022574
      vertex -41.8 -5.580569354508925 15.913880671464417
    endloop
  endfacet
  facet normal 0 0.24298017990326626 -0.9700312531945434
    outer loop
      vertex -41.8 -5.580569354508925 15.913880671464417
      vertex -45.8 -5.580569354508925 15.913880671464417
      vertex -41.8 -5.390180644032257 15.96157056080646
    endloop
  endfacet
  facet normal 0 0.1467304744553641 -0.9891765099647807
    outer loop
      vertex -41.8 -5.390180644032257 15.96157056080646
      vertex -45.8 -5.390180644032257 15.96157056080646
      vertex -41.8 -5.196034280659121 15.990369453344394
    endloop
  endfacet
  facet normal 0 0.049067674327415406 -0.9987954562051725
    outer loop
      vertex -41.8 -5.196034280659121 15.990369453344394
      vertex -45.8 -5.196034280659121 15.990369453344394
      vertex -41.8 -5 16
    endloop
  endfacet
  facet normal 0 0 -1
    outer loop
      vertex -41.8 -5 16
      vertex -45.8 -5 16
      vertex -41.8 5 16
    endloop
  endfacet
  facet normal 0 0 1
    outer loop
      vertex -41.8 -5 6
      vertex -41.8 5 6
      vertex -45.8 5 6
    endloop
  endfacet
  facet normal 0 -0.049067674327415406 0.9987954562051725
    outer loop
      vertex -41.8 5 6
      vertex -45.8 5.196034280659121 6.009630546655606
      vertex -45.8 5 6
    endloop
  endfacet
  facet normal 0 -0.1467304744553641 0.9891765099647807
    outer loop
      vertex -41.8 5.196034280659121 6.009630546655606
      vertex -45.8 5.390180644032257 6.038429439193539
      vertex -45.8 5.196034280659121 6.009630546655606
    endloop
  endfacet
  facet normal 0 -0.24298017990326626 0.9700312531945434
    outer loop
      vertex -41.8 5.390180644032257 6.038429439193539
      vertex -45.8 5.580569354508925 6.086119328535583
      vertex -45.8 5.390180644032257 6.038429439193539
    endloop
  endfacet
  facet normal 0 -0.049067674327415406 0.9987954562051725
    outer loop
      vertex -41.8 5 6
      vertex -41.8 5.196034280659121 6.009630546655606
      vertex -45.8 5.196034280659121 6.009630546655606
    endloop
  endfacet
  facet normal 0 -0.1467304744553641 0.9891765099647807
    outer loop
      vertex -41.8 5.196034280659121 6.009630546655606
      vertex -41.8 5.390180644032257 6.038429439193539
      vertex -45.8 5.390180644032257 6.038429439193539
    endloop
  endfacet
  facet normal 0 -0.3368898533922168 0.941544065183022
    outer loop
      vertex -41.8 5.580569354508925 6.086119328535583
      vertex -45.8 5.765366864730179 6.152240934977426
      vertex -45.8 5.580569354508925 6.086119328535583
    endloop
  endfacet
  facet normal 0 -0.42755509343028464 0.9039892931234421
    outer loop
      vertex -41.8 5.765366864730179 6.152240934977426
      vertex -45.8 5.942793473651995 6.23615747130329
      vertex -45.8 5.765366864730179 6.152240934977426
    endloop
  endfacet
  facet normal 0 -0.5141027441932196 0.8577286100002732
    outer loop
      vertex -41.8 5.942793473651995 6.23615747130329
      vertex -45.8 6.111140466039204 6.337060775394909
      vertex -45.8 5.942793473651995 6.23615747130329
    endloop
  endfacet
  facet normal 0 -0.5956993044924334 0.8032075314806449
    outer loop
      vertex -41.8 6.111140466039204 6.337060775394909
      vertex -45.8 6.268786568327291 6.453979093274526
      vertex -45.8 6.111140466039204 6.337060775394909
    endloop
  endfacet
  facet normal 0 -0.6715589548470197 0.7409511253549579
    outer loop
      vertex -41.8 6.268786568327291 6.453979093274526
      vertex -45.8 6.414213562373095 6.585786437626905
      vertex -45.8 6.268786568327291 6.453979093274526
    endloop
  endfacet
  facet normal 0 -0.7409511253549579 0.6715589548470197
    outer loop
      vertex -41.8 6.414213562373095 6.585786437626905
      vertex -45.8 6.546020906725474 6.731213431672709
      vertex -45.8 6.414213562373095 6.585786437626905
    endloop
  endfacet
  facet normal 0 -0.8032075314806449 0.5956993044924334
    outer loop
      vertex -41.8 6.546020906725474 6.731213431672709
      vertex -45.8 6.662939224605091 6.888859533960796
      vertex -45.8 6.546020906725474 6.731213431672709
    endloop
  endfacet
  facet normal 0 -0.8577286100002721 0.5141027441932217
    outer loop
      vertex -41.8 6.662939224605091 6.888859533960796
      vertex -45.8 6.76384252869671 7.057206526348004
      vertex -45.8 6.662939224605091 6.888859533960796
    endloop
  endfacet
  facet normal 0 -0.9039892931234429 0.42755509343028286
    outer loop
      vertex -41.8 6.76384252869671 7.057206526348004
      vertex -45.8 6.847759065022574 7.234633135269821
      vertex -45.8 6.76384252869671 7.057206526348004
    endloop
  endfacet
  facet normal 0 -0.24298017990326626 0.9700312531945434
    outer loop
      vertex -41.8 5.390180644032257 6.038429439193539
      vertex -41.8 5.580569354508925 6.086119328535583
      vertex -45.8 5.580569354508925 6.086119328535583
    endloop
  endfacet
  facet normal 0 -0.3368898533922168 0.941544065183022
    outer loop
      vertex -41.8 5.580569354508925 6.086119328535583
      vertex -41.8 5.765366864730179 6.152240934977426
      vertex -45.8 5.765366864730179 6.152240934977426
    endloop
  endfacet
  facet normal 0 -0.42755509343028464 0.9039892931234421
    outer loop
      vertex -41.8 5.765366864730179 6.152240934977426
      vertex -41.8 5.942793473651995 6.23615747130329
      vertex -45.8 5.942793473651995 6.23615747130329
    endloop
  endfacet
  facet normal 0 -0.5141027441932196 0.8577286100002732
    outer loop
      vertex -41.8 5.942793473651995 6.23615747130329
      vertex -41.8 6.111140466039204 6.337060775394909
      vertex -45.8 6.111140466039204 6.337060775394909
    endloop
  endfacet
  facet normal 0 -0.5956993044924334 0.8032075314806449
    outer loop
      vertex -41.8 6.111140466039204 6.337060775394909
      vertex -41.8 6.268786568327291 6.453979093274526
      vertex -45.8 6.268786568327291 6.453979093274526
    endloop
  endfacet
  facet normal 0 -0.6715589548470197 0.7409511253549579
    outer loop
      vertex -41.8 6.268786568327291 6.453979093274526
      vertex -41.8 6.414213562373095 6.585786437626905
      vertex -45.8 6.414213562373095 6.585786437626905
    endloop
  endfacet
  facet normal 0 -0.7409511253549579 0.6715589548470197
    outer loop
      vertex -41.8 6.414213562373095 6.585786437626905
      vertex -41.8 6.546020906725474 6.731213431672709
      vertex -45.8 6.546020906725474 6.731213431672709
    endloop
  endfacet
  facet normal 0 -0.8032075314806449 0.5956993044924334
    outer loop
      vertex -41.8 6.546020906725474 6.731213431672709
      vertex -41.8 6.662939224605091 6.888859533960796
      vertex -45.8 6.662939224605091 6.888859533960796
    endloop
  endfacet
  facet normal 0 -0.8577286100002721 0.5141027441932217
    outer loop
      vertex -41.8 6.662939224605091 6.888859533960796
      vertex -41.8 6.76384252869671 7.057206526348004
      vertex -45.8 6.76384252869671 7.057206526348004
    endloop
  endfacet
  facet normal 0 -0.9039892931234429 0.42755509343028286
    outer loop
      vertex -41.8 6.76384252869671 7.057206526348004
      vertex -41.8 6.847759065022574 7.234633135269821
      vertex -45.8 6.847759065022574 7.234633135269821
    endloop
  endfacet
  facet normal 0 -0.9415440651830225 0.33688985339221533
    outer loop
      vertex -41.8 6.847759065022574 7.234633135269821
      vertex -45.8 6.913880671464417 7.419430645491076
      vertex -45.8 6.847759065022574 7.234633135269821
    endloop
  endfacet
  facet normal 0 -0.9700312531945434 0.24298017990326626
    outer loop
      vertex -41.8 6.913880671464417 7.419430645491076
      vertex -45.8 6.961570560806461 7.609819355967744
      vertex -45.8 6.913880671464417 7.419430645491076
    endloop
  endfacet
  facet normal 0 -0.9891765099647803 0.1467304744553654
    outer loop
      vertex -41.8 6.961570560806461 7.609819355967744
      vertex -45.8 6.990369453344394 7.803965719340878
      vertex -45.8 6.961570560806461 7.609819355967744
    endloop
  endfacet
  facet normal 0 -0.9987954562051725 0.049067674327415184
    outer loop
      vertex -41.8 6.990369453344394 7.803965719340878
      vertex -45.8 7 8
      vertex -45.8 6.990369453344394 7.803965719340878
    endloop
  endfacet
  facet normal 0 -0.9415440651830225 0.33688985339221533
    outer loop
      vertex -41.8 6.847759065022574 7.234633135269821
      vertex -41.8 6.913880671464417 7.419430645491076
      vertex -45.8 6.913880671464417 7.419430645491076
    endloop
  endfacet
  facet normal 0 -0.9700312531945434 0.24298017990326626
    outer loop
      vertex -41.8 6.913880671464417 7.419430645491076
      vertex -41.8 6.961570560806461 7.609819355967744
      vertex -45.8 6.961570560806461 7.609819355967744
    endloop
  endfacet
  facet normal 0 -0.9891765099647803 0.1467304744553654
    outer loop
      vertex -41.8 6.961570560806461 7.609819355967744
      vertex -41.8 6.990369453344394 7.803965719340878
      vertex -45.8 6.990369453344394 7.803965719340878
    endloop
  endfacet
  facet normal 0 -0.9987954562051725 0.049067674327415184
    outer loop
      vertex -41.8 6.990369453344394 7.803965719340878
      vertex -41.8 7 8
      vertex -45.8 7 8
    endloop
  endfacet
  facet normal 0 -1 0
    outer loop
      vertex -41.8 7 8
      vertex -45.8 7 14
      vertex -45.8 7 8
    endloop
  endfacet
  facet normal 0 -0.049067674327415406 -0.9987954562051725
    outer loop
      vertex -41.8 5.196034280659121 15.990369453344394
      vertex -45.8 5 16
      vertex -45.8 5.196034280659121 15.990369453344394
    endloop
  endfacet
  facet normal 0 -0.1467304744553641 -0.9891765099647807
    outer loop
      vertex -41.8 5.390180644032257 15.96157056080646
      vertex -45.8 5.196034280659121 15.990369453344394
      vertex -45.8 5.390180644032257 15.96157056080646
    endloop
  endfacet
  facet normal 0 -0.049067674327415406 -0.9987954562051725
    outer loop
      vertex -41.8 5 16
      vertex -45.8 5 16
      vertex -41.8 5.196034280659121 15.990369453344394
    endloop
  endfacet
  facet normal 0 -0.1467304744553641 -0.9891765099647807
    outer loop
      vertex -41.8 5.196034280659121 15.990369453344394
      vertex -45.8 5.196034280659121 15.990369453344394
      vertex -41.8 5.390180644032257 15.96157056080646
    endloop
  endfacet
  facet normal 0 -0.24298017990326626 -0.9700312531945434
    outer loop
      vertex -41.8 5.580569354508925 15.913880671464417
      vertex -41.8 5.390180644032257 15.96157056080646
      vertex -45.8 5.390180644032257 15.96157056080646
    endloop
  endfacet
  facet normal 0 -1 0
    outer loop
      vertex -41.8 7 8
      vertex -41.8 7 14
      vertex -45.8 7 14
    endloop
  endfacet
  facet normal 0 -0.9415440651830225 -0.33688985339221533
    outer loop
      vertex -41.8 6.913880671464417 14.580569354508924
      vertex -45.8 6.847759065022574 14.76536686473018
      vertex -45.8 6.913880671464417 14.580569354508924
    endloop
  endfacet
  facet normal 0 -0.9987954562051725 -0.049067674327415184
    outer loop
      vertex -41.8 7 14
      vertex -45.8 6.990369453344394 14.196034280659122
      vertex -45.8 7 14
    endloop
  endfacet
  facet normal 0 -0.9891765099647803 -0.1467304744553654
    outer loop
      vertex -41.8 6.990369453344394 14.196034280659122
      vertex -45.8 6.961570560806461 14.390180644032256
      vertex -45.8 6.990369453344394 14.196034280659122
    endloop
  endfacet
  facet normal 0 -0.9700312531945434 -0.24298017990326626
    outer loop
      vertex -41.8 6.961570560806461 14.390180644032256
      vertex -45.8 6.913880671464417 14.580569354508924
      vertex -45.8 6.961570560806461 14.390180644032256
    endloop
  endfacet
  facet normal 0 -0.9700312531945434 -0.24298017990326626
    outer loop
      vertex -41.8 6.961570560806461 14.390180644032256
      vertex -41.8 6.913880671464417 14.580569354508924
      vertex -45.8 6.913880671464417 14.580569354508924
    endloop
  endfacet
  facet normal 0 -0.9415440651830225 -0.33688985339221533
    outer loop
      vertex -41.8 6.913880671464417 14.580569354508924
      vertex -41.8 6.847759065022574 14.76536686473018
      vertex -45.8 6.847759065022574 14.76536686473018
    endloop
  endfacet
  facet normal 0 -0.9987954562051725 -0.049067674327415184
    outer loop
      vertex -41.8 7 14
      vertex -41.8 6.990369453344394 14.196034280659122
      vertex -45.8 6.990369453344394 14.196034280659122
    endloop
  endfacet
  facet normal 0 -0.9891765099647803 -0.1467304744553654
    outer loop
      vertex -41.8 6.990369453344394 14.196034280659122
      vertex -41.8 6.961570560806461 14.390180644032256
      vertex -45.8 6.961570560806461 14.390180644032256
    endloop
  endfacet
  facet normal 0 -0.9039892931234429 -0.42755509343028286
    outer loop
      vertex -41.8 6.847759065022574 14.76536686473018
      vertex -45.8 6.76384252869671 14.942793473651996
      vertex -45.8 6.847759065022574 14.76536686473018
    endloop
  endfacet
  facet normal 0 -0.8577286100002721 -0.5141027441932217
    outer loop
      vertex -41.8 6.76384252869671 14.942793473651996
      vertex -45.8 6.662939224605091 15.111140466039204
      vertex -45.8 6.76384252869671 14.942793473651996
    endloop
  endfacet
  facet normal 0 -0.74095112535496 -0.6715589548470174
    outer loop
      vertex -41.8 6.546020906725474 15.268786568327291
      vertex -45.8 6.414213562373095 15.414213562373096
      vertex -45.8 6.546020906725474 15.268786568327291
    endloop
  endfacet
  facet normal 0 -0.8032075314806449 -0.5956993044924334
    outer loop
      vertex -41.8 6.662939224605091 15.111140466039204
      vertex -45.8 6.546020906725474 15.268786568327291
      vertex -45.8 6.662939224605091 15.111140466039204
    endloop
  endfacet
  facet normal 0 -0.5956993044924304 -0.803207531480647
    outer loop
      vertex -41.8 6.268786568327291 15.546020906725474
      vertex -45.8 6.111140466039204 15.66293922460509
      vertex -45.8 6.268786568327291 15.546020906725474
    endloop
  endfacet
  facet normal 0 -0.24298017990326626 -0.9700312531945434
    outer loop
      vertex -41.8 5.580569354508925 15.913880671464417
      vertex -45.8 5.390180644032257 15.96157056080646
      vertex -45.8 5.580569354508925 15.913880671464417
    endloop
  endfacet
  facet normal 0 -0.3368898533922168 -0.941544065183022
    outer loop
      vertex -41.8 5.765366864730179 15.847759065022574
      vertex -45.8 5.580569354508925 15.913880671464417
      vertex -45.8 5.765366864730179 15.847759065022574
    endloop
  endfacet
  facet normal 0 -0.42755509343028464 -0.9039892931234421
    outer loop
      vertex -41.8 5.942793473651995 15.76384252869671
      vertex -45.8 5.765366864730179 15.847759065022574
      vertex -45.8 5.942793473651995 15.76384252869671
    endloop
  endfacet
  facet normal 0 -0.514102744193223 -0.8577286100002712
    outer loop
      vertex -41.8 6.111140466039204 15.66293922460509
      vertex -45.8 5.942793473651995 15.76384252869671
      vertex -45.8 6.111140466039204 15.66293922460509
    endloop
  endfacet
  facet normal 0 -0.6715589548470172 -0.7409511253549602
    outer loop
      vertex -41.8 6.414213562373095 15.414213562373096
      vertex -45.8 6.268786568327291 15.546020906725474
      vertex -45.8 6.414213562373095 15.414213562373096
    endloop
  endfacet
  facet normal 0 -0.9039892931234429 -0.42755509343028286
    outer loop
      vertex -41.8 6.847759065022574 14.76536686473018
      vertex -41.8 6.76384252869671 14.942793473651996
      vertex -45.8 6.76384252869671 14.942793473651996
    endloop
  endfacet
  facet normal 0 -0.8577286100002721 -0.5141027441932217
    outer loop
      vertex -41.8 6.662939224605091 15.111140466039204
      vertex -45.8 6.662939224605091 15.111140466039204
      vertex -41.8 6.76384252869671 14.942793473651996
    endloop
  endfacet
  facet normal 0 -0.8032075314806449 -0.5956993044924334
    outer loop
      vertex -41.8 6.662939224605091 15.111140466039204
      vertex -41.8 6.546020906725474 15.268786568327291
      vertex -45.8 6.546020906725474 15.268786568327291
    endloop
  endfacet
  facet normal 0 -0.74095112535496 -0.6715589548470174
    outer loop
      vertex -41.8 6.546020906725474 15.268786568327291
      vertex -41.8 6.414213562373095 15.414213562373096
      vertex -45.8 6.414213562373095 15.414213562373096
    endloop
  endfacet
  facet normal 0 -0.5956993044924304 -0.803207531480647
    outer loop
      vertex -41.8 6.111140466039204 15.66293922460509
      vertex -45.8 6.111140466039204 15.66293922460509
      vertex -41.8 6.268786568327291 15.546020906725474
    endloop
  endfacet
  facet normal 0 -0.42755509343028464 -0.9039892931234421
    outer loop
      vertex -41.8 5.942793473651995 15.76384252869671
      vertex -41.8 5.765366864730179 15.847759065022574
      vertex -45.8 5.765366864730179 15.847759065022574
    endloop
  endfacet
  facet normal 0 -0.3368898533922168 -0.941544065183022
    outer loop
      vertex -41.8 5.580569354508925 15.913880671464417
      vertex -45.8 5.580569354508925 15.913880671464417
      vertex -41.8 5.765366864730179 15.847759065022574
    endloop
  endfacet
  facet normal 0 -0.514102744193223 -0.8577286100002712
    outer loop
      vertex -41.8 6.111140466039204 15.66293922460509
      vertex -41.8 5.942793473651995 15.76384252869671
      vertex -45.8 5.942793473651995 15.76384252869671
    endloop
  endfacet
  facet normal 0 -0.6715589548470172 -0.7409511253549602
    outer loop
      vertex -41.8 6.414213562373095 15.414213562373096
      vertex -41.8 6.268786568327291 15.546020906725474
      vertex -45.8 6.268786568327291 15.546020906725474
    endloop
  endfacet
  facet normal 0 0 -1
    outer loop
      vertex -41.8 5 16
      vertex -45.8 -5 16
      vertex -45.8 5 16
    endloop
  endfacet
  facet normal 0 0.5141027441932196 0.8577286100002732
    outer loop
      vertex 41.8 -5.942793473651995 6.23615747130329
      vertex 41.8 -6.111140466039204 6.337060775394909
      vertex 45.8 -6.111140466039204 6.337060775394909
    endloop
  endfacet
  facet normal 0 0.5956993044924334 0.8032075314806449
    outer loop
      vertex 41.8 -6.111140466039204 6.337060775394909
      vertex 41.8 -6.268786568327291 6.453979093274526
      vertex 45.8 -6.268786568327291 6.453979093274526
    endloop
  endfacet
  facet normal 0 0.6715589548470197 0.7409511253549579
    outer loop
      vertex 41.8 -6.414213562373095 6.585786437626905
      vertex 45.8 -6.414213562373095 6.585786437626905
      vertex 41.8 -6.268786568327291 6.453979093274526
    endloop
  endfacet
  facet normal 0 0.8577286100002721 0.5141027441932217
    outer loop
      vertex 41.8 -6.662939224605091 6.888859533960796
      vertex 41.8 -6.76384252869671 7.057206526348004
      vertex 45.8 -6.76384252869671 7.057206526348004
    endloop
  endfacet
  facet normal 0 0.9039892931234429 0.42755509343028286
    outer loop
      vertex 41.8 -6.76384252869671 7.057206526348004
      vertex 41.8 -6.847759065022574 7.234633135269821
      vertex 45.8 -6.847759065022574 7.234633135269821
    endloop
  endfacet
  facet normal 0 0.7409511253549579 0.6715589548470197
    outer loop
      vertex 41.8 -6.414213562373095 6.585786437626905
      vertex 41.8 -6.546020906725474 6.731213431672709
      vertex 45.8 -6.546020906725474 6.731213431672709
    endloop
  endfacet
  facet normal 0 0.8032075314806449 0.5956993044924334
    outer loop
      vertex 41.8 -6.546020906725474 6.731213431672709
      vertex 41.8 -6.662939224605091 6.888859533960796
      vertex 45.8 -6.662939224605091 6.888859533960796
    endloop
  endfacet
  facet normal 0 0.5956993044924334 0.8032075314806449
    outer loop
      vertex 41.8 -6.111140466039204 6.337060775394909
      vertex 45.8 -6.268786568327291 6.453979093274526
      vertex 45.8 -6.111140466039204 6.337060775394909
    endloop
  endfacet
  facet normal 0 0.6715589548470197 0.7409511253549579
    outer loop
      vertex 41.8 -6.268786568327291 6.453979093274526
      vertex 45.8 -6.414213562373095 6.585786437626905
      vertex 45.8 -6.268786568327291 6.453979093274526
    endloop
  endfacet
  facet normal 0 0.9039892931234429 0.42755509343028286
    outer loop
      vertex 41.8 -6.76384252869671 7.057206526348004
      vertex 45.8 -6.847759065022574 7.234633135269821
      vertex 45.8 -6.76384252869671 7.057206526348004
    endloop
  endfacet
  facet normal 0 0.7409511253549579 0.6715589548470197
    outer loop
      vertex 41.8 -6.414213562373095 6.585786437626905
      vertex 45.8 -6.546020906725474 6.731213431672709
      vertex 45.8 -6.414213562373095 6.585786437626905
    endloop
  endfacet
  facet normal 0 0.8032075314806449 0.5956993044924334
    outer loop
      vertex 41.8 -6.546020906725474 6.731213431672709
      vertex 45.8 -6.662939224605091 6.888859533960796
      vertex 45.8 -6.546020906725474 6.731213431672709
    endloop
  endfacet
  facet normal 0 0.8577286100002721 0.5141027441932217
    outer loop
      vertex 41.8 -6.662939224605091 6.888859533960796
      vertex 45.8 -6.76384252869671 7.057206526348004
      vertex 45.8 -6.662939224605091 6.888859533960796
    endloop
  endfacet
  facet normal 0 0.9415440651830225 0.33688985339221533
    outer loop
      vertex 41.8 -6.847759065022574 7.234633135269821
      vertex 41.8 -6.913880671464417 7.419430645491076
      vertex 45.8 -6.913880671464417 7.419430645491076
    endloop
  endfacet
  facet normal 0 0.9700312531945434 0.24298017990326626
    outer loop
      vertex 41.8 -6.913880671464417 7.419430645491076
      vertex 41.8 -6.961570560806461 7.609819355967744
      vertex 45.8 -6.961570560806461 7.609819355967744
    endloop
  endfacet
  facet normal 0 0.9891765099647803 0.1467304744553654
    outer loop
      vertex 41.8 -6.961570560806461 7.609819355967744
      vertex 41.8 -6.990369453344394 7.803965719340878
      vertex 45.8 -6.990369453344394 7.803965719340878
    endloop
  endfacet
  facet normal 0 0.9987954562051725 0.049067674327415184
    outer loop
      vertex 41.8 -6.990369453344394 7.803965719340878
      vertex 41.8 -7 8
      vertex 45.8 -7 8
    endloop
  endfacet
  facet normal 0 0.9415440651830225 0.33688985339221533
    outer loop
      vertex 41.8 -6.847759065022574 7.234633135269821
      vertex 45.8 -6.913880671464417 7.419430645491076
      vertex 45.8 -6.847759065022574 7.234633135269821
    endloop
  endfacet
  facet normal 0 0.9700312531945434 0.24298017990326626
    outer loop
      vertex 41.8 -6.913880671464417 7.419430645491076
      vertex 45.8 -6.961570560806461 7.609819355967744
      vertex 45.8 -6.913880671464417 7.419430645491076
    endloop
  endfacet
  facet normal 0 0.9891765099647803 0.1467304744553654
    outer loop
      vertex 41.8 -6.961570560806461 7.609819355967744
      vertex 45.8 -6.990369453344394 7.803965719340878
      vertex 45.8 -6.961570560806461 7.609819355967744
    endloop
  endfacet
  facet normal 0 0.9987954562051725 0.049067674327415184
    outer loop
      vertex 41.8 -6.990369453344394 7.803965719340878
      vertex 45.8 -7 8
      vertex 45.8 -6.990369453344394 7.803965719340878
    endloop
  endfacet
  facet normal 0 1 0
    outer loop
      vertex 41.8 -7 8
      vertex 45.8 -7 14
      vertex 45.8 -7 8
    endloop
  endfacet
  facet normal 0 0.3368898533922168 0.941544065183022
    outer loop
      vertex 41.8 -5.580569354508925 6.086119328535583
      vertex 41.8 -5.765366864730179 6.152240934977426
      vertex 45.8 -5.765366864730179 6.152240934977426
    endloop
  endfacet
  facet normal 0 0.42755509343028464 0.9039892931234421
    outer loop
      vertex 41.8 -5.765366864730179 6.152240934977426
      vertex 41.8 -5.942793473651995 6.23615747130329
      vertex 45.8 -5.942793473651995 6.23615747130329
    endloop
  endfacet
  facet normal 0 0.24298017990326626 0.9700312531945434
    outer loop
      vertex 41.8 -5.580569354508925 6.086119328535583
      vertex 45.8 -5.580569354508925 6.086119328535583
      vertex 41.8 -5.390180644032257 6.038429439193539
    endloop
  endfacet
  facet normal 0 0.1467304744553641 0.9891765099647807
    outer loop
      vertex 41.8 -5.390180644032257 6.038429439193539
      vertex 45.8 -5.390180644032257 6.038429439193539
      vertex 41.8 -5.196034280659121 6.009630546655606
    endloop
  endfacet
  facet normal 0 0.049067674327415406 0.9987954562051725
    outer loop
      vertex 41.8 -5.196034280659121 6.009630546655606
      vertex 45.8 -5.196034280659121 6.009630546655606
      vertex 41.8 -5 6
    endloop
  endfacet
  facet normal 0 0.5141027441932196 0.8577286100002732
    outer loop
      vertex 41.8 -5.942793473651995 6.23615747130329
      vertex 45.8 -6.111140466039204 6.337060775394909
      vertex 45.8 -5.942793473651995 6.23615747130329
    endloop
  endfacet
  facet normal 0 0.42755509343028464 0.9039892931234421
    outer loop
      vertex 41.8 -5.765366864730179 6.152240934977426
      vertex 45.8 -5.942793473651995 6.23615747130329
      vertex 45.8 -5.765366864730179 6.152240934977426
    endloop
  endfacet
  facet normal 0 0.3368898533922168 0.941544065183022
    outer loop
      vertex 41.8 -5.580569354508925 6.086119328535583
      vertex 45.8 -5.765366864730179 6.152240934977426
      vertex 45.8 -5.580569354508925 6.086119328535583
    endloop
  endfacet
  facet normal 0 0.24298017990326626 0.9700312531945434
    outer loop
      vertex 41.8 -5.390180644032257 6.038429439193539
      vertex 45.8 -5.580569354508925 6.086119328535583
      vertex 45.8 -5.390180644032257 6.038429439193539
    endloop
  endfacet
  facet normal 0 0.1467304744553641 0.9891765099647807
    outer loop
      vertex 41.8 -5.196034280659121 6.009630546655606
      vertex 45.8 -5.390180644032257 6.038429439193539
      vertex 45.8 -5.196034280659121 6.009630546655606
    endloop
  endfacet
  facet normal 0 0.049067674327415406 0.9987954562051725
    outer loop
      vertex 41.8 -5 6
      vertex 45.8 -5.196034280659121 6.009630546655606
      vertex 45.8 -5 6
    endloop
  endfacet
  facet normal 0 0 1
    outer loop
      vertex 41.8 -5 6
      vertex 45.8 -5 6
      vertex 41.8 5 6
    endloop
  endfacet
  facet normal 0 1 0
    outer loop
      vertex 41.8 -7 8
      vertex 41.8 -7 14
      vertex 45.8 -7 14
    endloop
  endfacet
  facet normal 0 0.9987954562051725 -0.049067674327415184
    outer loop
      vertex 41.8 -7 14
      vertex 41.8 -6.990369453344394 14.196034280659122
      vertex 45.8 -6.990369453344394 14.196034280659122
    endloop
  endfacet
  facet normal 0 0.9891765099647803 -0.1467304744553654
    outer loop
      vertex 41.8 -6.990369453344394 14.196034280659122
      vertex 41.8 -6.961570560806461 14.390180644032256
      vertex 45.8 -6.961570560806461 14.390180644032256
    endloop
  endfacet
  facet normal 0 0.9700312531945434 -0.24298017990326626
    outer loop
      vertex 41.8 -6.961570560806461 14.390180644032256
      vertex 41.8 -6.913880671464417 14.580569354508924
      vertex 45.8 -6.913880671464417 14.580569354508924
    endloop
  endfacet
  facet normal 0 0.9415440651830225 -0.33688985339221533
    outer loop
      vertex 41.8 -6.913880671464417 14.580569354508924
      vertex 41.8 -6.847759065022574 14.76536686473018
      vertex 45.8 -6.847759065022574 14.76536686473018
    endloop
  endfacet
  facet normal 0 0.9987954562051725 -0.049067674327415184
    outer loop
      vertex 41.8 -7 14
      vertex 45.8 -6.990369453344394 14.196034280659122
      vertex 45.8 -7 14
    endloop
  endfacet
  facet normal 0 0.9891765099647803 -0.1467304744553654
    outer loop
      vertex 41.8 -6.990369453344394 14.196034280659122
      vertex 45.8 -6.961570560806461 14.390180644032256
      vertex 45.8 -6.990369453344394 14.196034280659122
    endloop
  endfacet
  facet normal 0 0.9700312531945434 -0.24298017990326626
    outer loop
      vertex 41.8 -6.961570560806461 14.390180644032256
      vertex 45.8 -6.913880671464417 14.580569354508924
      vertex 45.8 -6.961570560806461 14.390180644032256
    endloop
  endfacet
  facet normal 0 0.9415440651830225 -0.33688985339221533
    outer loop
      vertex 41.8 -6.913880671464417 14.580569354508924
      vertex 45.8 -6.847759065022574 14.76536686473018
      vertex 45.8 -6.913880671464417 14.580569354508924
    endloop
  endfacet
  facet normal 0 0.9039892931234429 -0.42755509343028286
    outer loop
      vertex 41.8 -6.847759065022574 14.76536686473018
      vertex 41.8 -6.76384252869671 14.942793473651996
      vertex 45.8 -6.76384252869671 14.942793473651996
    endloop
  endfacet
  facet normal 0 0.8577286100002721 -0.5141027441932217
    outer loop
      vertex 41.8 -6.76384252869671 14.942793473651996
      vertex 41.8 -6.662939224605091 15.111140466039204
      vertex 45.8 -6.662939224605091 15.111140466039204
    endloop
  endfacet
  facet normal 0 0.8032075314806449 -0.5956993044924334
    outer loop
      vertex 41.8 -6.662939224605091 15.111140466039204
      vertex 41.8 -6.546020906725474 15.268786568327291
      vertex 45.8 -6.546020906725474 15.268786568327291
    endloop
  endfacet
  facet normal 0 0.74095112535496 -0.6715589548470174
    outer loop
      vertex 41.8 -6.546020906725474 15.268786568327291
      vertex 41.8 -6.414213562373095 15.414213562373096
      vertex 45.8 -6.414213562373095 15.414213562373096
    endloop
  endfacet
  facet normal 0 0.6715589548470172 -0.7409511253549602
    outer loop
      vertex 41.8 -6.414213562373095 15.414213562373096
      vertex 41.8 -6.268786568327291 15.546020906725474
      vertex 45.8 -6.268786568327291 15.546020906725474
    endloop
  endfacet
  facet normal 0 0.5956993044924304 -0.803207531480647
    outer loop
      vertex 41.8 -6.268786568327291 15.546020906725474
      vertex 41.8 -6.111140466039204 15.66293922460509
      vertex 45.8 -6.111140466039204 15.66293922460509
    endloop
  endfacet
  facet normal 0 0.9039892931234429 -0.42755509343028286
    outer loop
      vertex 41.8 -6.847759065022574 14.76536686473018
      vertex 45.8 -6.76384252869671 14.942793473651996
      vertex 45.8 -6.847759065022574 14.76536686473018
    endloop
  endfacet
  facet normal 0 0.8577286100002721 -0.5141027441932217
    outer loop
      vertex 41.8 -6.76384252869671 14.942793473651996
      vertex 45.8 -6.662939224605091 15.111140466039204
      vertex 45.8 -6.76384252869671 14.942793473651996
    endloop
  endfacet
  facet normal 0 0.8032075314806449 -0.5956993044924334
    outer loop
      vertex 41.8 -6.662939224605091 15.111140466039204
      vertex 45.8 -6.546020906725474 15.268786568327291
      vertex 45.8 -6.662939224605091 15.111140466039204
    endloop
  endfacet
  facet normal 0 0.74095112535496 -0.6715589548470174
    outer loop
      vertex 41.8 -6.546020906725474 15.268786568327291
      vertex 45.8 -6.414213562373095 15.414213562373096
      vertex 45.8 -6.546020906725474 15.268786568327291
    endloop
  endfacet
  facet normal 0 0.6715589548470172 -0.7409511253549602
    outer loop
      vertex 41.8 -6.414213562373095 15.414213562373096
      vertex 45.8 -6.268786568327291 15.546020906725474
      vertex 45.8 -6.414213562373095 15.414213562373096
    endloop
  endfacet
  facet normal 0 0.5956993044924304 -0.803207531480647
    outer loop
      vertex 41.8 -6.268786568327291 15.546020906725474
      vertex 45.8 -6.111140466039204 15.66293922460509
      vertex 45.8 -6.268786568327291 15.546020906725474
    endloop
  endfacet
  facet normal 0 0.514102744193223 -0.8577286100002712
    outer loop
      vertex 41.8 -6.111140466039204 15.66293922460509
      vertex 45.8 -5.942793473651995 15.76384252869671
      vertex 45.8 -6.111140466039204 15.66293922460509
    endloop
  endfacet
  facet normal 0 0.514102744193223 -0.8577286100002712
    outer loop
      vertex 41.8 -6.111140466039204 15.66293922460509
      vertex 41.8 -5.942793473651995 15.76384252869671
      vertex 45.8 -5.942793473651995 15.76384252869671
    endloop
  endfacet
  facet normal 0 0.42755509343028464 -0.9039892931234421
    outer loop
      vertex 41.8 -5.942793473651995 15.76384252869671
      vertex 41.8 -5.765366864730179 15.847759065022574
      vertex 45.8 -5.765366864730179 15.847759065022574
    endloop
  endfacet
  facet normal 0 0.3368898533922168 -0.941544065183022
    outer loop
      vertex 41.8 -5.765366864730179 15.847759065022574
      vertex 41.8 -5.580569354508925 15.913880671464417
      vertex 45.8 -5.580569354508925 15.913880671464417
    endloop
  endfacet
  facet normal 0 0.24298017990326626 -0.9700312531945434
    outer loop
      vertex 41.8 -5.580569354508925 15.913880671464417
      vertex 41.8 -5.390180644032257 15.96157056080646
      vertex 45.8 -5.390180644032257 15.96157056080646
    endloop
  endfacet
  facet normal 0 0.1467304744553641 -0.9891765099647807
    outer loop
      vertex 41.8 -5.390180644032257 15.96157056080646
      vertex 41.8 -5.196034280659121 15.990369453344394
      vertex 45.8 -5.196034280659121 15.990369453344394
    endloop
  endfacet
  facet normal 0 0.049067674327415406 -0.9987954562051725
    outer loop
      vertex 41.8 -5.196034280659121 15.990369453344394
      vertex 41.8 -5 16
      vertex 45.8 -5 16
    endloop
  endfacet
  facet normal 0 0.42755509343028464 -0.9039892931234421
    outer loop
      vertex 41.8 -5.942793473651995 15.76384252869671
      vertex 45.8 -5.765366864730179 15.847759065022574
      vertex 45.8 -5.942793473651995 15.76384252869671
    endloop
  endfacet
  facet normal 0 0.3368898533922168 -0.941544065183022
    outer loop
      vertex 41.8 -5.765366864730179 15.847759065022574
      vertex 45.8 -5.580569354508925 15.913880671464417
      vertex 45.8 -5.765366864730179 15.847759065022574
    endloop
  endfacet
  facet normal 0 0.24298017990326626 -0.9700312531945434
    outer loop
      vertex 41.8 -5.580569354508925 15.913880671464417
      vertex 45.8 -5.390180644032257 15.96157056080646
      vertex 45.8 -5.580569354508925 15.913880671464417
    endloop
  endfacet
  facet normal 0 0.1467304744553641 -0.9891765099647807
    outer loop
      vertex 41.8 -5.390180644032257 15.96157056080646
      vertex 45.8 -5.196034280659121 15.990369453344394
      vertex 45.8 -5.390180644032257 15.96157056080646
    endloop
  endfacet
  facet normal 0 0.049067674327415406 -0.9987954562051725
    outer loop
      vertex 41.8 -5.196034280659121 15.990369453344394
      vertex 45.8 -5 16
      vertex 45.8 -5.196034280659121 15.990369453344394
    endloop
  endfacet
  facet normal 0 0 -1
    outer loop
      vertex 41.8 -5 16
      vertex 45.8 5 16
      vertex 45.8 -5 16
    endloop
  endfacet
  facet normal 0 0 1
    outer loop
      vertex 41.8 5 6
      vertex 45.8 -5 6
      vertex 45.8 5 6
    endloop
  endfacet
  facet normal 0 -0.049067674327415406 0.9987954562051725
    outer loop
      vertex 41.8 5 6
      vertex 45.8 5 6
      vertex 41.8 5.196034280659121 6.009630546655606
    endloop
  endfacet
  facet normal 0 -0.1467304744553641 0.9891765099647807
    outer loop
      vertex 41.8 5.196034280659121 6.009630546655606
      vertex 45.8 5.196034280659121 6.009630546655606
      vertex 41.8 5.390180644032257 6.038429439193539
    endloop
  endfacet
  facet normal 0 -0.24298017990326626 0.9700312531945434
    outer loop
      vertex 41.8 5.390180644032257 6.038429439193539
      vertex 45.8 5.390180644032257 6.038429439193539
      vertex 41.8 5.580569354508925 6.086119328535583
    endloop
  endfacet
  facet normal 0 -0.049067674327415406 0.9987954562051725
    outer loop
      vertex 41.8 5.196034280659121 6.009630546655606
      vertex 45.8 5 6
      vertex 45.8 5.196034280659121 6.009630546655606
    endloop
  endfacet
  facet normal 0 -0.1467304744553641 0.9891765099647807
    outer loop
      vertex 41.8 5.390180644032257 6.038429439193539
      vertex 45.8 5.196034280659121 6.009630546655606
      vertex 45.8 5.390180644032257 6.038429439193539
    endloop
  endfacet
  facet normal 0 -0.3368898533922168 0.941544065183022
    outer loop
      vertex 41.8 5.580569354508925 6.086119328535583
      vertex 45.8 5.580569354508925 6.086119328535583
      vertex 41.8 5.765366864730179 6.152240934977426
    endloop
  endfacet
  facet normal 0 -0.42755509343028464 0.9039892931234421
    outer loop
      vertex 41.8 5.765366864730179 6.152240934977426
      vertex 45.8 5.765366864730179 6.152240934977426
      vertex 41.8 5.942793473651995 6.23615747130329
    endloop
  endfacet
  facet normal 0 -0.5141027441932196 0.8577286100002732
    outer loop
      vertex 41.8 5.942793473651995 6.23615747130329
      vertex 45.8 5.942793473651995 6.23615747130329
      vertex 41.8 6.111140466039204 6.337060775394909
    endloop
  endfacet
  facet normal 0 -0.5956993044924334 0.8032075314806449
    outer loop
      vertex 41.8 6.111140466039204 6.337060775394909
      vertex 45.8 6.111140466039204 6.337060775394909
      vertex 41.8 6.268786568327291 6.453979093274526
    endloop
  endfacet
  facet normal 0 -0.6715589548470197 0.7409511253549579
    outer loop
      vertex 41.8 6.268786568327291 6.453979093274526
      vertex 45.8 6.268786568327291 6.453979093274526
      vertex 41.8 6.414213562373095 6.585786437626905
    endloop
  endfacet
  facet normal 0 -0.7409511253549579 0.6715589548470197
    outer loop
      vertex 41.8 6.414213562373095 6.585786437626905
      vertex 45.8 6.414213562373095 6.585786437626905
      vertex 41.8 6.546020906725474 6.731213431672709
    endloop
  endfacet
  facet normal 0 -0.8032075314806449 0.5956993044924334
    outer loop
      vertex 41.8 6.546020906725474 6.731213431672709
      vertex 45.8 6.546020906725474 6.731213431672709
      vertex 41.8 6.662939224605091 6.888859533960796
    endloop
  endfacet
  facet normal 0 -0.8577286100002721 0.5141027441932217
    outer loop
      vertex 41.8 6.662939224605091 6.888859533960796
      vertex 45.8 6.662939224605091 6.888859533960796
      vertex 41.8 6.76384252869671 7.057206526348004
    endloop
  endfacet
  facet normal 0 -0.9039892931234429 0.42755509343028286
    outer loop
      vertex 41.8 6.76384252869671 7.057206526348004
      vertex 45.8 6.76384252869671 7.057206526348004
      vertex 41.8 6.847759065022574 7.234633135269821
    endloop
  endfacet
  facet normal 0 -0.24298017990326626 0.9700312531945434
    outer loop
      vertex 41.8 5.580569354508925 6.086119328535583
      vertex 45.8 5.390180644032257 6.038429439193539
      vertex 45.8 5.580569354508925 6.086119328535583
    endloop
  endfacet
  facet normal 0 -0.3368898533922168 0.941544065183022
    outer loop
      vertex 41.8 5.765366864730179 6.152240934977426
      vertex 45.8 5.580569354508925 6.086119328535583
      vertex 45.8 5.765366864730179 6.152240934977426
    endloop
  endfacet
  facet normal 0 -0.42755509343028464 0.9039892931234421
    outer loop
      vertex 41.8 5.942793473651995 6.23615747130329
      vertex 45.8 5.765366864730179 6.152240934977426
      vertex 45.8 5.942793473651995 6.23615747130329
    endloop
  endfacet
  facet normal 0 -0.5141027441932196 0.8577286100002732
    outer loop
      vertex 41.8 6.111140466039204 6.337060775394909
      vertex 45.8 5.942793473651995 6.23615747130329
      vertex 45.8 6.111140466039204 6.337060775394909
    endloop
  endfacet
  facet normal 0 -0.5956993044924334 0.8032075314806449
    outer loop
      vertex 41.8 6.268786568327291 6.453979093274526
      vertex 45.8 6.111140466039204 6.337060775394909
      vertex 45.8 6.268786568327291 6.453979093274526
    endloop
  endfacet
  facet normal 0 -0.6715589548470197 0.7409511253549579
    outer loop
      vertex 41.8 6.414213562373095 6.585786437626905
      vertex 45.8 6.268786568327291 6.453979093274526
      vertex 45.8 6.414213562373095 6.585786437626905
    endloop
  endfacet
  facet normal 0 -0.7409511253549579 0.6715589548470197
    outer loop
      vertex 41.8 6.546020906725474 6.731213431672709
      vertex 45.8 6.414213562373095 6.585786437626905
      vertex 45.8 6.546020906725474 6.731213431672709
    endloop
  endfacet
  facet normal 0 -0.8032075314806449 0.5956993044924334
    outer loop
      vertex 41.8 6.662939224605091 6.888859533960796
      vertex 45.8 6.546020906725474 6.731213431672709
      vertex 45.8 6.662939224605091 6.888859533960796
    endloop
  endfacet
  facet normal 0 -0.8577286100002721 0.5141027441932217
    outer loop
      vertex 41.8 6.76384252869671 7.057206526348004
      vertex 45.8 6.662939224605091 6.888859533960796
      vertex 45.8 6.76384252869671 7.057206526348004
    endloop
  endfacet
  facet normal 0 -0.9039892931234429 0.42755509343028286
    outer loop
      vertex 41.8 6.847759065022574 7.234633135269821
      vertex 45.8 6.76384252869671 7.057206526348004
      vertex 45.8 6.847759065022574 7.234633135269821
    endloop
  endfacet
  facet normal 0 -0.9415440651830225 0.33688985339221533
    outer loop
      vertex 41.8 6.847759065022574 7.234633135269821
      vertex 45.8 6.847759065022574 7.234633135269821
      vertex 41.8 6.913880671464417 7.419430645491076
    endloop
  endfacet
  facet normal 0 -0.9700312531945434 0.24298017990326626
    outer loop
      vertex 41.8 6.913880671464417 7.419430645491076
      vertex 45.8 6.913880671464417 7.419430645491076
      vertex 41.8 6.961570560806461 7.609819355967744
    endloop
  endfacet
  facet normal 0 -0.9891765099647803 0.1467304744553654
    outer loop
      vertex 41.8 6.961570560806461 7.609819355967744
      vertex 45.8 6.961570560806461 7.609819355967744
      vertex 41.8 6.990369453344394 7.803965719340878
    endloop
  endfacet
  facet normal 0 -0.9987954562051725 0.049067674327415184
    outer loop
      vertex 41.8 6.990369453344394 7.803965719340878
      vertex 45.8 6.990369453344394 7.803965719340878
      vertex 41.8 7 8
    endloop
  endfacet
  facet normal 0 -0.9415440651830225 0.33688985339221533
    outer loop
      vertex 41.8 6.913880671464417 7.419430645491076
      vertex 45.8 6.847759065022574 7.234633135269821
      vertex 45.8 6.913880671464417 7.419430645491076
    endloop
  endfacet
  facet normal 0 -0.9700312531945434 0.24298017990326626
    outer loop
      vertex 41.8 6.961570560806461 7.609819355967744
      vertex 45.8 6.913880671464417 7.419430645491076
      vertex 45.8 6.961570560806461 7.609819355967744
    endloop
  endfacet
  facet normal 0 -0.9891765099647803 0.1467304744553654
    outer loop
      vertex 41.8 6.990369453344394 7.803965719340878
      vertex 45.8 6.961570560806461 7.609819355967744
      vertex 45.8 6.990369453344394 7.803965719340878
    endloop
  endfacet
  facet normal 0 -0.9987954562051725 0.049067674327415184
    outer loop
      vertex 41.8 7 8
      vertex 45.8 6.990369453344394 7.803965719340878
      vertex 45.8 7 8
    endloop
  endfacet
  facet normal 0 -1 0
    outer loop
      vertex 41.8 7 8
      vertex 45.8 7 8
      vertex 41.8 7 14
    endloop
  endfacet
  facet normal 0 -0.049067674327415406 -0.9987954562051725
    outer loop
      vertex 41.8 5 16
      vertex 41.8 5.196034280659121 15.990369453344394
      vertex 45.8 5.196034280659121 15.990369453344394
    endloop
  endfacet
  facet normal 0 -0.1467304744553641 -0.9891765099647807
    outer loop
      vertex 41.8 5.196034280659121 15.990369453344394
      vertex 41.8 5.390180644032257 15.96157056080646
      vertex 45.8 5.390180644032257 15.96157056080646
    endloop
  endfacet
  facet normal 0 -0.049067674327415406 -0.9987954562051725
    outer loop
      vertex 41.8 5 16
      vertex 45.8 5.196034280659121 15.990369453344394
      vertex 45.8 5 16
    endloop
  endfacet
  facet normal 0 -0.1467304744553641 -0.9891765099647807
    outer loop
      vertex 41.8 5.196034280659121 15.990369453344394
      vertex 45.8 5.390180644032257 15.96157056080646
      vertex 45.8 5.196034280659121 15.990369453344394
    endloop
  endfacet
  facet normal 0 -0.24298017990326626 -0.9700312531945434
    outer loop
      vertex 41.8 5.390180644032257 15.96157056080646
      vertex 45.8 5.580569354508925 15.913880671464417
      vertex 45.8 5.390180644032257 15.96157056080646
    endloop
  endfacet
  facet normal 0 -1 0
    outer loop
      vertex 41.8 7 14
      vertex 45.8 7 8
      vertex 45.8 7 14
    endloop
  endfacet
  facet normal 0 -0.9415440651830225 -0.33688985339221533
    outer loop
      vertex 41.8 6.913880671464417 14.580569354508924
      vertex 45.8 6.913880671464417 14.580569354508924
      vertex 41.8 6.847759065022574 14.76536686473018
    endloop
  endfacet
  facet normal 0 -0.9987954562051725 -0.049067674327415184
    outer loop
      vertex 41.8 7 14
      vertex 45.8 7 14
      vertex 41.8 6.990369453344394 14.196034280659122
    endloop
  endfacet
  facet normal 0 -0.9891765099647803 -0.1467304744553654
    outer loop
      vertex 41.8 6.990369453344394 14.196034280659122
      vertex 45.8 6.990369453344394 14.196034280659122
      vertex 41.8 6.961570560806461 14.390180644032256
    endloop
  endfacet
  facet normal 0 -0.9700312531945434 -0.24298017990326626
    outer loop
      vertex 41.8 6.961570560806461 14.390180644032256
      vertex 45.8 6.961570560806461 14.390180644032256
      vertex 41.8 6.913880671464417 14.580569354508924
    endloop
  endfacet
  facet normal 0 -0.9700312531945434 -0.24298017990326626
    outer loop
      vertex 41.8 6.913880671464417 14.580569354508924
      vertex 45.8 6.961570560806461 14.390180644032256
      vertex 45.8 6.913880671464417 14.580569354508924
    endloop
  endfacet
  facet normal 0 -0.9415440651830225 -0.33688985339221533
    outer loop
      vertex 41.8 6.847759065022574 14.76536686473018
      vertex 45.8 6.913880671464417 14.580569354508924
      vertex 45.8 6.847759065022574 14.76536686473018
    endloop
  endfacet
  facet normal 0 -0.9987954562051725 -0.049067674327415184
    outer loop
      vertex 41.8 6.990369453344394 14.196034280659122
      vertex 45.8 7 14
      vertex 45.8 6.990369453344394 14.196034280659122
    endloop
  endfacet
  facet normal 0 -0.9891765099647803 -0.1467304744553654
    outer loop
      vertex 41.8 6.961570560806461 14.390180644032256
      vertex 45.8 6.990369453344394 14.196034280659122
      vertex 45.8 6.961570560806461 14.390180644032256
    endloop
  endfacet
  facet normal 0 -0.9039892931234429 -0.42755509343028286
    outer loop
      vertex 41.8 6.847759065022574 14.76536686473018
      vertex 45.8 6.847759065022574 14.76536686473018
      vertex 41.8 6.76384252869671 14.942793473651996
    endloop
  endfacet
  facet normal 0 -0.8577286100002721 -0.5141027441932217
    outer loop
      vertex 41.8 6.662939224605091 15.111140466039204
      vertex 41.8 6.76384252869671 14.942793473651996
      vertex 45.8 6.76384252869671 14.942793473651996
    endloop
  endfacet
  facet normal 0 -0.74095112535496 -0.6715589548470174
    outer loop
      vertex 41.8 6.546020906725474 15.268786568327291
      vertex 45.8 6.546020906725474 15.268786568327291
      vertex 41.8 6.414213562373095 15.414213562373096
    endloop
  endfacet
  facet normal 0 -0.8032075314806449 -0.5956993044924334
    outer loop
      vertex 41.8 6.662939224605091 15.111140466039204
      vertex 45.8 6.662939224605091 15.111140466039204
      vertex 41.8 6.546020906725474 15.268786568327291
    endloop
  endfacet
  facet normal 0 -0.5956993044924304 -0.803207531480647
    outer loop
      vertex 41.8 6.111140466039204 15.66293922460509
      vertex 41.8 6.268786568327291 15.546020906725474
      vertex 45.8 6.268786568327291 15.546020906725474
    endloop
  endfacet
  facet normal 0 -0.24298017990326626 -0.9700312531945434
    outer loop
      vertex 41.8 5.580569354508925 15.913880671464417
      vertex 45.8 5.580569354508925 15.913880671464417
      vertex 41.8 5.390180644032257 15.96157056080646
    endloop
  endfacet
  facet normal 0 -0.3368898533922168 -0.941544065183022
    outer loop
      vertex 41.8 5.580569354508925 15.913880671464417
      vertex 41.8 5.765366864730179 15.847759065022574
      vertex 45.8 5.765366864730179 15.847759065022574
    endloop
  endfacet
  facet normal 0 -0.42755509343028464 -0.9039892931234421
    outer loop
      vertex 41.8 5.942793473651995 15.76384252869671
      vertex 45.8 5.942793473651995 15.76384252869671
      vertex 41.8 5.765366864730179 15.847759065022574
    endloop
  endfacet
  facet normal 0 -0.514102744193223 -0.8577286100002712
    outer loop
      vertex 41.8 6.111140466039204 15.66293922460509
      vertex 45.8 6.111140466039204 15.66293922460509
      vertex 41.8 5.942793473651995 15.76384252869671
    endloop
  endfacet
  facet normal 0 -0.6715589548470172 -0.7409511253549602
    outer loop
      vertex 41.8 6.414213562373095 15.414213562373096
      vertex 45.8 6.414213562373095 15.414213562373096
      vertex 41.8 6.268786568327291 15.546020906725474
    endloop
  endfacet
  facet normal 0 -0.9039892931234429 -0.42755509343028286
    outer loop
      vertex 41.8 6.76384252869671 14.942793473651996
      vertex 45.8 6.847759065022574 14.76536686473018
      vertex 45.8 6.76384252869671 14.942793473651996
    endloop
  endfacet
  facet normal 0 -0.8577286100002721 -0.5141027441932217
    outer loop
      vertex 41.8 6.662939224605091 15.111140466039204
      vertex 45.8 6.76384252869671 14.942793473651996
      vertex 45.8 6.662939224605091 15.111140466039204
    endloop
  endfacet
  facet normal 0 -0.8032075314806449 -0.5956993044924334
    outer loop
      vertex 41.8 6.546020906725474 15.268786568327291
      vertex 45.8 6.662939224605091 15.111140466039204
      vertex 45.8 6.546020906725474 15.268786568327291
    endloop
  endfacet
  facet normal 0 -0.74095112535496 -0.6715589548470174
    outer loop
      vertex 41.8 6.414213562373095 15.414213562373096
      vertex 45.8 6.546020906725474 15.268786568327291
      vertex 45.8 6.414213562373095 15.414213562373096
    endloop
  endfacet
  facet normal 0 -0.5956993044924304 -0.803207531480647
    outer loop
      vertex 41.8 6.111140466039204 15.66293922460509
      vertex 45.8 6.268786568327291 15.546020906725474
      vertex 45.8 6.111140466039204 15.66293922460509
    endloop
  endfacet
  facet normal 0 -0.42755509343028464 -0.9039892931234421
    outer loop
      vertex 41.8 5.765366864730179 15.847759065022574
      vertex 45.8 5.942793473651995 15.76384252869671
      vertex 45.8 5.765366864730179 15.847759065022574
    endloop
  endfacet
  facet normal 0 -0.3368898533922168 -0.941544065183022
    outer loop
      vertex 41.8 5.580569354508925 15.913880671464417
      vertex 45.8 5.765366864730179 15.847759065022574
      vertex 45.8 5.580569354508925 15.913880671464417
    endloop
  endfacet
  facet normal 0 -0.514102744193223 -0.8577286100002712
    outer loop
      vertex 41.8 5.942793473651995 15.76384252869671
      vertex 45.8 6.111140466039204 15.66293922460509
      vertex 45.8 5.942793473651995 15.76384252869671
    endloop
  endfacet
  facet normal 0 -0.6715589548470172 -0.7409511253549602
    outer loop
      vertex 41.8 6.268786568327291 15.546020906725474
      vertex 45.8 6.414213562373095 15.414213562373096
      vertex 45.8 6.268786568327291 15.546020906725474
    endloop
  endfacet
  facet normal 0 0 -1
    outer loop
      vertex 41.8 -5 16
      vertex 41.8 5 16
      vertex 45.8 5 16
    endloop
  endfacet
  facet normal -1.72645529380862e-15 0.20127429834951538 0.9795349186343028
    outer loop
      vertex -38.378833129741665 -32.77807573029792 34.14617994458177
      vertex -39.40300166627161 -31.069353757567747 33.79507268991118
      vertex -45.8 -41.8 36
    endloop
  endfacet
  facet normal 6.93499449055621e-16 0.20127429834951352 0.9795349186343032
    outer loop
      vertex -38.378833129741665 -32.77807573029792 34.14617994458177
      vertex -45.8 -41.8 36
      vertex -37.19211220326356 -34.378183668522 34.474969246956576
    endloop
  endfacet
  facet normal -3.939825015149311e-17 0.20127429834951435 0.9795349186343031
    outer loop
      vertex -34.378183668522 -37.19211220326356 35.05317374039662
      vertex -35.85426765808691 -35.85426765808691 34.77827417631923
      vertex -45.8 -41.8 36
    endloop
  endfacet
  facet normal -5.196491013614593e-17 0.2012742983495144 0.9795349186343031
    outer loop
      vertex -34.378183668522 -37.19211220326356 35.05317374039662
      vertex -45.8 -41.8 36
      vertex -32.77807573029792 -38.378833129741665 35.2970205061113
    endloop
  endfacet
  facet normal -9.6089465166124e-18 0.20127429834951432 0.979534918634303
    outer loop
      vertex -35.85426765808691 -35.85426765808691 34.77827417631923
      vertex -37.19211220326356 -34.378183668522 34.474969246956576
      vertex -45.8 -41.8 36
    endloop
  endfacet
  facet normal -5.66925076046716e-18 0.20127429834951419 0.9795349186343031
    outer loop
      vertex -32.77807573029792 -38.378833129741665 35.2970205061113
      vertex -45.8 -41.8 36
      vertex -31.069353757567747 -39.40300166627161 35.507466095809235
    endloop
  endfacet
  facet normal 6.448823165694004e-17 0.2012742983495138 0.9795349186343031
    outer loop
      vertex -31.069353757567747 -39.40300166627161 35.507466095809235
      vertex -45.8 -41.8 36
      vertex -29.26847367701132 -40.25475450997912 35.68248380342037
    endloop
  endfacet
  facet normal -3.239695740147861e-16 0.20127429834951435 0.9795349186343031
    outer loop
      vertex -41.40994119218557 -25.4603335369274 32.64253428840974
      vertex -41.702249951445594 -23.489747948690077 32.23761944151166
      vertex -45.8 -41.8 36
    endloop
  endfacet
  facet normal 2.021292971052059e-15 0.20127429834951327 0.9795349186343032
    outer loop
      vertex -39.40300166627161 -31.069353757567747 33.79507268991118
      vertex -40.25475450997912 -29.26847367701132 33.425028837742055
      vertex -45.8 -41.8 36
    endloop
  endfacet
  facet normal -3.6536187520476855e-15 0.20127429834951568 0.9795349186343028
    outer loop
      vertex -40.925888815363834 -27.392778948265583 33.03961211265731
      vertex -45.8 -41.8 36
      vertex -40.25475450997912 -29.26847367701132 33.425028837742055
    endloop
  endfacet
  facet normal 4.086557691070352e-15 0.20127429834951321 0.9795349186343034
    outer loop
      vertex -41.40994119218557 -25.4603335369274 32.64253428840974
      vertex -45.8 -41.8 36
      vertex -40.925888815363834 -27.392778948265583 33.03961211265731
    endloop
  endfacet
  facet normal -1.4960333006787181e-16 0.20127429834951596 0.9795349186343026
    outer loop
      vertex -29.26847367701132 -40.25475450997912 35.68248380342037
      vertex -45.8 -41.8 36
      vertex -27.392778948265583 -40.925888815363834 35.820388112745995
    endloop
  endfacet
  facet normal 7.69514926077896e-17 0.2012742983495114 0.9795349186343036
    outer loop
      vertex -27.392778948265583 -40.925888815363834 35.820388112745995
      vertex -45.8 -41.8 36
      vertex -25.4603335369274 -41.40994119218557 35.919850929901145
    endloop
  endfacet
  facet normal -4.403633559095411e-17 0.20127429834951746 0.9795349186343024
    outer loop
      vertex -25.4603335369274 -41.40994119218557 35.919850929901145
      vertex -45.8 -41.8 36
      vertex -23.489747948690077 -41.702249951445594 35.97991437358471
    endloop
  endfacet
  facet normal 0 0.20127429834950777 0.9795349186343044
    outer loop
      vertex -23.489747948690077 -41.702249951445594 35.97991437358471
      vertex -45.8 -41.8 36
      vertex -21.499999999999996 -41.8 36
    endloop
  endfacet
  facet normal -9.749547267831096e-16 0.20127429834951416 0.979534918634303
    outer loop
      vertex -41.702249951445594 -23.489747948690077 32.23761944151166
      vertex -41.8 -21.499999999999996 31.828767123287673
      vertex -45.8 5.1484378968757945 26.353060706121415
    endloop
  endfacet
  facet normal -1.4471165379227563e-16 0.2012742983495143 0.9795349186343031
    outer loop
      vertex -41.702249951445594 -23.489747948690077 32.23761944151166
      vertex -45.8 5.1484378968757945 26.353060706121415
      vertex -45.8 -41.8 36
    endloop
  endfacet
  facet normal -8.700017760737061e-16 0.20127429834951474 0.9795349186343031
    outer loop
      vertex -41.8 21.499999999999996 22.993150684931507
      vertex -45.8 21.499999999999996 22.993150684931503
      vertex -45.8 5.1484378968757945 26.353060706121415
    endloop
  endfacet
  facet normal -8.700017760737064e-16 0.20127429834951233 0.9795349186343034
    outer loop
      vertex -41.8 21.499999999999996 22.993150684931507
      vertex -45.68298885813438 23.88181651000832 22.503736333559935
      vertex -45.8 21.499999999999996 22.993150684931503
    endloop
  endfacet
  facet normal 4.855823866457895e-16 0.2012742983495144 0.9795349186343031
    outer loop
      vertex -41.8 -21.499999999999996 31.828767123287673
      vertex -41.8 21.499999999999996 22.993150684931507
      vertex -45.8 5.1484378968757945 26.353060706121415
    endloop
  endfacet
  facet normal -2.4350123005104003e-16 0.20127429834951427 0.9795349186343031
    outer loop
      vertex -38.378833129741665 32.77807573029792 20.675737863637416
      vertex -42.930686723665026 32.95494070487174 20.6393957455743
      vertex -43.95027264002427 30.79920740647168 21.08235464250582
    endloop
  endfacet
  facet normal 5.097657743201672e-16 0.20127429834951222 0.9795349186343035
    outer loop
      vertex -39.40300166627161 31.069353757567747 21.026845118307996
      vertex -38.378833129741665 32.77807573029792 20.675737863637416
      vertex -43.95027264002427 30.79920740647168 21.08235464250582
    endloop
  endfacet
  facet normal -3.248760095685672e-16 0.2012742983495161 0.9795349186343028
    outer loop
      vertex -37 34.59014682108689 20.303394488817762
      vertex -41.704711578951844 35.00035666237633 20.21910479540212
      vertex -42.930686723665026 32.95494070487174 20.6393957455743
    endloop
  endfacet
  facet normal -2.0136655142184554e-16 0.2012742983495153 0.9795349186343029
    outer loop
      vertex -38.378833129741665 32.77807573029792 20.675737863637416
      vertex -37.19211220326356 34.378183668522 20.346948561262604
      vertex -42.930686723665026 32.95494070487174 20.6393957455743
    endloop
  endfacet
  facet normal -1.2325949276977243e-15 0.2012742983495193 0.9795349186343021
    outer loop
      vertex -37.19211220326356 34.378183668522 20.346948561262604
      vertex -37 34.59014682108689 20.303394488817762
      vertex -42.930686723665026 32.95494070487174 20.6393957455743
    endloop
  endfacet
  facet normal 3.9951206928920436e-17 0.20127429834951302 0.9795349186343034
    outer loop
      vertex -41.40994119218557 25.4603335369274 22.17938351980944
      vertex -45.3330823137985 26.240694824991913 22.019035309933173
      vertex -45.68298885813438 23.88181651000832 22.503736333559935
    endloop
  endfacet
  facet normal 1.3527180648684576e-15 0.20127429834951582 0.9795349186343029
    outer loop
      vertex -41.8 21.499999999999996 22.993150684931507
      vertex -41.702249951445594 23.489747948690077 22.584298366707515
      vertex -45.68298885813438 23.88181651000832 22.503736333559935
    endloop
  endfacet
  facet normal 6.563412566894065e-16 0.20127429834951524 0.9795349186343029
    outer loop
      vertex -40.925888815363834 27.392778948265583 21.782305695561867
      vertex -44.75365015829267 28.55391765728343 21.54371554987327
      vertex -45.3330823137985 26.240694824991913 22.019035309933173
    endloop
  endfacet
  facet normal 8.539886773159462e-16 0.20127429834951086 0.9795349186343036
    outer loop
      vertex -41.702249951445594 23.489747948690077 22.584298366707515
      vertex -41.40994119218557 25.4603335369274 22.17938351980944
      vertex -45.68298885813438 23.88181651000832 22.503736333559935
    endloop
  endfacet
  facet normal 5.670484817377866e-16 0.20127429834951555 0.9795349186343028
    outer loop
      vertex -40.925888815363834 27.392778948265583 21.782305695561867
      vertex -45.3330823137985 26.240694824991913 22.019035309933173
      vertex -41.40994119218557 25.4603335369274 22.17938351980944
    endloop
  endfacet
  facet normal 6.831909418527572e-17 0.20127429834951338 0.9795349186343033
    outer loop
      vertex -40.925888815363834 27.392778948265583 21.782305695561867
      vertex -40.25475450997912 29.26847367701132 21.39688897047713
      vertex -44.75365015829267 28.55391765728343 21.54371554987327
    endloop
  endfacet
  facet normal -1.7978043118014186e-16 0.20127429834951488 0.9795349186343029
    outer loop
      vertex -40.25475450997912 29.26847367701132 21.39688897047713
      vertex -43.95027264002427 30.79920740647168 21.08235464250582
      vertex -44.75365015829267 28.55391765728343 21.54371554987327
    endloop
  endfacet
  facet normal 2.732763767411026e-16 0.20127429834951596 0.9795349186343028
    outer loop
      vertex -40.25475450997912 29.26847367701132 21.39688897047713
      vertex -39.40300166627161 31.069353757567747 21.026845118307996
      vertex -43.95027264002427 30.79920740647168 21.08235464250582
    endloop
  endfacet
  facet normal -5.780889159523518e-16 0.2012742983495133 0.9795349186343032
    outer loop
      vertex -37 34.59014682108689 20.303394488817762
      vertex -40.28415401671451 36.915756805176585 19.825529423593853
      vertex -41.704711578951844 35.00035666237633 20.21910479540212
    endloop
  endfacet
  facet normal 3.6526817763584367e-16 0.20127429834951457 0.9795349186343031
    outer loop
      vertex -37 34.59014682108689 20.303394488817762
      vertex -38.6826947828331 38.6826947828331 19.462459976130184
      vertex -40.28415401671451 36.915756805176585 19.825529423593853
    endloop
  endfacet
  facet normal -9.203644473046639e-17 0.20127429834951435 0.979534918634303
    outer loop
      vertex -37 34.59014682108689 20.303394488817762
      vertex -37 40.20780043557718 19.149082102278662
      vertex -38.6826947828331 38.6826947828331 19.462459976130184
    endloop
  endfacet
  facet normal 0 0.20127429834950777 0.9795349186343044
    outer loop
      vertex 23.489747948690077 -41.702249951445594 35.97991437358471
      vertex 21.499999999999996 -41.8 36
      vertex 45.8 -41.8 36
    endloop
  endfacet
  facet normal 4.441595917363475e-17 0.20127429834951746 0.9795349186343024
    outer loop
      vertex 23.489747948690077 -41.702249951445594 35.97991437358471
      vertex 45.8 -41.8 36
      vertex 25.4603335369274 -41.40994119218557 35.919850929901145
    endloop
  endfacet
  facet normal -7.69514926077896e-17 0.2012742983495114 0.9795349186343036
    outer loop
      vertex 25.4603335369274 -41.40994119218557 35.919850929901145
      vertex 45.8 -41.8 36
      vertex 27.392778948265583 -40.925888815363834 35.820388112745995
    endloop
  endfacet
  facet normal 1.486318798726259e-16 0.20127429834951593 0.9795349186343026
    outer loop
      vertex 27.392778948265583 -40.925888815363834 35.820388112745995
      vertex 45.8 -41.8 36
      vertex 29.26847367701132 -40.25475450997912 35.68248380342037
    endloop
  endfacet
  facet normal -6.448823165694004e-17 0.2012742983495138 0.9795349186343031
    outer loop
      vertex 29.26847367701132 -40.25475450997912 35.68248380342037
      vertex 45.8 -41.8 36
      vertex 31.069353757567747 -39.40300166627161 35.507466095809235
    endloop
  endfacet
  facet normal 1.1338501520934321e-17 0.20127429834951424 0.9795349186343031
    outer loop
      vertex 31.069353757567747 -39.40300166627161 35.507466095809235
      vertex 45.8 -41.8 36
      vertex 32.77807573029792 -38.378833129741665 35.2970205061113
    endloop
  endfacet
  facet normal 5.716140114976052e-17 0.2012742983495144 0.9795349186343031
    outer loop
      vertex 32.77807573029792 -38.378833129741665 35.2970205061113
      vertex 45.8 -41.8 36
      vertex 34.378183668522 -37.19211220326356 35.05317374039662
    endloop
  endfacet
  facet normal 3.939825015149311e-17 0.20127429834951435 0.9795349186343031
    outer loop
      vertex 34.378183668522 -37.19211220326356 35.05317374039662
      vertex 45.8 -41.8 36
      vertex 35.85426765808691 -35.85426765808691 34.77827417631923
    endloop
  endfacet
  facet normal 9.6089465166124e-18 0.20127429834951432 0.979534918634303
    outer loop
      vertex 35.85426765808691 -35.85426765808691 34.77827417631923
      vertex 45.8 -41.8 36
      vertex 37.19211220326356 -34.378183668522 34.474969246956576
    endloop
  endfacet
  facet normal 1.72645529380862e-15 0.20127429834951538 0.9795349186343028
    outer loop
      vertex 38.378833129741665 -32.77807573029792 34.14617994458177
      vertex 45.8 -41.8 36
      vertex 39.40300166627161 -31.069353757567747 33.79507268991118
    endloop
  endfacet
  facet normal -6.742355754707427e-16 0.20127429834951352 0.9795349186343032
    outer loop
      vertex 37.19211220326356 -34.378183668522 34.474969246956576
      vertex 45.8 -41.8 36
      vertex 38.378833129741665 -32.77807573029792 34.14617994458177
    endloop
  endfacet
  facet normal -2.021292971052059e-15 0.20127429834951327 0.9795349186343032
    outer loop
      vertex 39.40300166627161 -31.069353757567747 33.79507268991118
      vertex 45.8 -41.8 36
      vertex 40.25475450997912 -29.26847367701132 33.425028837742055
    endloop
  endfacet
  facet normal 3.6536187520476855e-15 0.2012742983495157 0.9795349186343028
    outer loop
      vertex 40.25475450997912 -29.26847367701132 33.425028837742055
      vertex 45.8 -41.8 36
      vertex 40.925888815363834 -27.392778948265583 33.03961211265731
    endloop
  endfacet
  facet normal -4.086557691070352e-15 0.20127429834951321 0.9795349186343034
    outer loop
      vertex 41.40994119218557 -25.4603335369274 32.64253428840974
      vertex 40.925888815363834 -27.392778948265583 33.03961211265731
      vertex 45.8 -41.8 36
    endloop
  endfacet
  facet normal 3.239695740147861e-16 0.20127429834951435 0.9795349186343031
    outer loop
      vertex 41.40994119218557 -25.4603335369274 32.64253428840974
      vertex 45.8 -41.8 36
      vertex 41.702249951445594 -23.489747948690077 32.23761944151166
    endloop
  endfacet
  facet normal 6.212224879597171e-15 0.20127429834951557 0.9795349186343028
    outer loop
      vertex 41.702249951445594 -23.489747948690077 32.23761944151166
      vertex 45.8 -41.8 36
      vertex 41.8 -21.499999999999996 31.82876712328767
    endloop
  endfacet
  facet normal -1.0995283109936254e-16 0.20127429834951438 0.9795349186343031
    outer loop
      vertex 41.8 -21.499999999999996 31.82876712328767
      vertex 45.8 -41.8 36
      vertex 45.8 21.499999999999996 22.993150684931503
    endloop
  endfacet
  facet normal 6.474431821943861e-16 0.20127429834951432 0.9795349186343031
    outer loop
      vertex 41.8 -21.499999999999996 31.82876712328767
      vertex 45.8 21.499999999999996 22.993150684931503
      vertex 41.8 21.499999999999996 22.993150684931507
    endloop
  endfacet
  facet normal 8.700017760737058e-16 0.20127429834951593 0.9795349186343028
    outer loop
      vertex 41.8 21.499999999999996 22.993150684931507
      vertex 45.8 21.499999999999996 22.993150684931503
      vertex 41.702249951445594 23.489747948690077 22.584298366707515
    endloop
  endfacet
  facet normal 1.8217393286626145e-15 0.2012742983495186 0.9795349186343022
    outer loop
      vertex 37.19211220326356 34.378183668522 20.3469485612626
      vertex 38.378833129741665 32.77807573029792 20.675737863637416
      vertex 43.95027264002427 30.79920740647168 21.08235464250582
    endloop
  endfacet
  facet normal 3.386083459920704e-16 0.20127429834951582 0.9795349186343028
    outer loop
      vertex 37.19211220326356 34.378183668522 20.3469485612626
      vertex 43.95027264002427 30.79920740647168 21.08235464250582
      vertex 42.930686723665026 32.95494070487174 20.639395745574298
    endloop
  endfacet
  facet normal -6.529641923156368e-17 0.20127429834951427 0.9795349186343031
    outer loop
      vertex 37.19211220326356 34.378183668522 20.3469485612626
      vertex 42.930686723665026 32.95494070487174 20.639395745574298
      vertex 41.704711578951844 35.00035666237633 20.21910479540212
    endloop
  endfacet
  facet normal -1.2771356054142266e-15 0.2012742983495119 0.9795349186343035
    outer loop
      vertex 40.925888815363834 27.392778948265583 21.782305695561867
      vertex 41.40994119218557 25.4603335369274 22.179383519809434
      vertex 45.68298885813438 23.88181651000832 22.50373633355993
    endloop
  endfacet
  facet normal 1.378725937663084e-16 0.20127429834951524 0.9795349186343029
    outer loop
      vertex 40.925888815363834 27.392778948265583 21.782305695561867
      vertex 45.3330823137985 26.240694824991913 22.01903530993317
      vertex 40.25475450997912 29.26847367701132 21.396888970477125
    endloop
  endfacet
  facet normal 1.0159033224885918e-16 0.20127429834951444 0.979534918634303
    outer loop
      vertex 41.702249951445594 23.489747948690077 22.584298366707515
      vertex 45.8 21.499999999999996 22.993150684931503
      vertex 41.40994119218557 25.4603335369274 22.179383519809434
    endloop
  endfacet
  facet normal -6.09433246161261e-16 0.20127429834951366 0.9795349186343032
    outer loop
      vertex 41.40994119218557 25.4603335369274 22.179383519809434
      vertex 45.8 21.499999999999996 22.993150684931503
      vertex 45.68298885813438 23.88181651000832 22.50373633355993
    endloop
  endfacet
  facet normal -4.897231442367279e-16 0.2012742983495129 0.9795349186343034
    outer loop
      vertex 40.925888815363834 27.392778948265583 21.782305695561867
      vertex 45.68298885813438 23.88181651000832 22.50373633355993
      vertex 45.3330823137985 26.240694824991913 22.01903530993317
    endloop
  endfacet
  facet normal -7.835570307787659e-16 0.20127429834951377 0.9795349186343032
    outer loop
      vertex 40.25475450997912 29.26847367701132 21.396888970477125
      vertex 45.3330823137985 26.240694824991913 22.01903530993317
      vertex 44.75365015829267 28.55391765728343 21.54371554987327
    endloop
  endfacet
  facet normal -7.619274918664443e-16 0.20127429834951388 0.9795349186343031
    outer loop
      vertex 40.25475450997912 29.26847367701132 21.396888970477125
      vertex 44.75365015829267 28.55391765728343 21.54371554987327
      vertex 39.40300166627161 31.069353757567747 21.026845118307996
    endloop
  endfacet
  facet normal -2.0039132615288835e-15 0.20127429834951133 0.9795349186343036
    outer loop
      vertex 39.40300166627161 31.069353757567747 21.026845118307996
      vertex 44.75365015829267 28.55391765728343 21.54371554987327
      vertex 38.378833129741665 32.77807573029792 20.675737863637416
    endloop
  endfacet
  facet normal 5.377897259874034e-16 0.20127429834951502 0.9795349186343029
    outer loop
      vertex 38.378833129741665 32.77807573029792 20.675737863637416
      vertex 44.75365015829267 28.55391765728343 21.54371554987327
      vertex 43.95027264002427 30.79920740647168 21.08235464250582
    endloop
  endfacet
  facet normal -2.997321634895081e-15 0.20127429834951563 0.9795349186343029
    outer loop
      vertex 37 34.59014682108689 20.30339448881776
      vertex 37.19211220326356 34.378183668522 20.3469485612626
      vertex 38.6826947828331 38.6826947828331 19.46245997613018
    endloop
  endfacet
  facet normal -1.0273167496008125e-16 0.2012742983495146 0.9795349186343031
    outer loop
      vertex 37.19211220326356 34.378183668522 20.3469485612626
      vertex 41.704711578951844 35.00035666237633 20.21910479540212
      vertex 40.28415401671451 36.915756805176585 19.82552942359385
    endloop
  endfacet
  facet normal -1.8263408881792176e-16 0.20127429834951469 0.979534918634303
    outer loop
      vertex 37.19211220326356 34.378183668522 20.3469485612626
      vertex 40.28415401671451 36.915756805176585 19.82552942359385
      vertex 38.6826947828331 38.6826947828331 19.46245997613018
    endloop
  endfacet
  facet normal 9.203644473046639e-17 0.20127429834951435 0.979534918634303
    outer loop
      vertex 37 34.59014682108689 20.30339448881776
      vertex 38.6826947828331 38.6826947828331 19.46245997613018
      vertex 37 40.20780043557718 19.14908210227866
    endloop
  endfacet
endsolid OpenSCAD_Model
