solid OpenSCAD_Model
  facet normal -0.5305395024366839 -0.4677334893312962 -0.7069322593517756
    outer loop
      vertex -35.058352546298416 -29.00279153356538 0
      vertex -33.53255686138494 -31.48916687271967 0.5
      vertex -35.44360916768631 -29.321503528439724 0.5
    endloop
  endfacet
  facet normal -0.5849785906597069 -0.3975510396887105 -0.706932259351777
    outer loop
      vertex -38.416920610341684 -24.380119171544354 0
      vertex -36.810273244060106 -26.74422897930753 0
      vertex -37.214781741247585 -27.038121605453764 0.5
    endloop
  endfacet
  facet normal -0.6087867053581643 -0.3600354539027334 -0.7069322593517743
    outer loop
      vertex -38.416920610341684 -24.380119171544354 0
      vertex -38.83908457309269 -24.64803256903385 0.5
      vertex -39.87195394199579 -21.91979217162805 0
    endloop
  endfacet
  facet normal -0.5588618327152178 -0.43349767314482984 -0.7069322593517756
    outer loop
      vertex -35.058352546298416 -29.00279153356538 0
      vertex -35.44360916768631 -29.321503528439724 0.5
      vertex -36.810273244060106 -26.74422897930753 0
    endloop
  endfacet
  facet normal -0.5849785906597099 -0.39755103968871136 -0.7069322593517743
    outer loop
      vertex -38.416920610341684 -24.380119171544354 0
      vertex -37.214781741247585 -27.038121605453764 0.5
      vertex -38.83908457309269 -24.64803256903385 0.5
    endloop
  endfacet
  facet normal -0.5588618327152165 -0.4334976731448294 -0.7069322593517771
    outer loop
      vertex -35.44360916768631 -29.321503528439724 0.5
      vertex -37.214781741247585 -27.038121605453764 0.5
      vertex -36.810273244060106 -26.74422897930753 0
    endloop
  endfacet
  facet normal -0.46773348933129666 -0.5305395024366834 -0.7069322593517755
    outer loop
      vertex -29.00279153356538 -35.058352546298416 0
      vertex -29.321503528439724 -35.44360916768631 0.5
      vertex -31.14689331975533 -33.16807254767423 0
    endloop
  endfacet
  facet normal -0.43349767314482907 -0.5588618327152168 -0.7069322593517767
    outer loop
      vertex -29.00279153356538 -35.058352546298416 0
      vertex -26.74422897930753 -36.810273244060106 0
      vertex -27.038121605453764 -37.214781741247585 0.5
    endloop
  endfacet
  facet normal -0.3975510396887121 -0.5849785906597093 -0.7069322593517742
    outer loop
      vertex -26.74422897930753 -36.810273244060106 0
      vertex -24.380119171544354 -38.416920610341684 0
      vertex -24.64803256903385 -38.83908457309269 0.5
    endloop
  endfacet
  facet normal -0.3975510396887098 -0.5849785906597077 -0.7069322593517771
    outer loop
      vertex -26.74422897930753 -36.810273244060106 0
      vertex -24.64803256903385 -38.83908457309269 0.5
      vertex -27.038121605453764 -37.214781741247585 0.5
    endloop
  endfacet
  facet normal -0.4334976731448303 -0.5588618327152176 -0.7069322593517756
    outer loop
      vertex -29.00279153356538 -35.058352546298416 0
      vertex -27.038121605453764 -37.214781741247585 0.5
      vertex -29.321503528439724 -35.44360916768631 0.5
    endloop
  endfacet
  facet normal -0.36003545390273284 -0.6087867053581647 -0.7069322593517744
    outer loop
      vertex -24.380119171544354 -38.416920610341684 0
      vertex -22.16066900867891 -40.31010728201772 0.5
      vertex -24.64803256903385 -38.83908457309269 0.5
    endloop
  endfacet
  facet normal -0.500123375122475 -0.500123375122475 -0.7069322593517772
    outer loop
      vertex -33.16807254767423 -31.14689331975533 0
      vertex -31.14689331975533 -33.16807254767423 0
      vertex -31.48916687271967 -33.53255686138494 0.5
    endloop
  endfacet
  facet normal -0.5305395024366821 -0.46773348933129555 -0.7069322593517774
    outer loop
      vertex -35.058352546298416 -29.00279153356538 0
      vertex -33.16807254767423 -31.14689331975533 0
      vertex -33.53255686138494 -31.48916687271967 0.5
    endloop
  endfacet
  facet normal -0.500123375122475 -0.500123375122475 -0.7069322593517772
    outer loop
      vertex -33.16807254767423 -31.14689331975533 0
      vertex -31.48916687271967 -33.53255686138494 0.5
      vertex -33.53255686138494 -31.48916687271967 0.5
    endloop
  endfacet
  facet normal -0.467733489331295 -0.5305395024366825 -0.7069322593517774
    outer loop
      vertex -29.321503528439724 -35.44360916768631 0.5
      vertex -31.48916687271967 -33.53255686138494 0.5
      vertex -31.14689331975533 -33.16807254767423 0
    endloop
  endfacet
  facet normal -0.6301922170587612 -0.321098972664756 -0.7069322593517721
    outer loop
      vertex -41.169630887203894 -19.372957766210796 0
      vertex -39.87195394199579 -21.91979217162805 0
      vertex -40.31010728201772 -22.16066900867891 0.5
    endloop
  endfacet
  facet normal -0.6491106479860618 -0.28089526047783525 -0.7069322593517742
    outer loop
      vertex -41.169630887203894 -19.372957766210796 0
      vertex -41.6220444134369 -19.58584741199333 0.5
      vertex -42.30483010791544 -16.74966714715284 0
    endloop
  endfacet
  facet normal -0.6301922170587593 -0.32109897266475584 -0.7069322593517742
    outer loop
      vertex -41.169630887203894 -19.372957766210796 0
      vertex -40.31010728201772 -22.16066900867891 0.5
      vertex -41.6220444134369 -19.58584741199333 0.5
    endloop
  endfacet
  facet normal -0.6491106479860592 -0.28089526047783503 -0.7069322593517766
    outer loop
      vertex -41.6220444134369 -19.58584741199333 0.5
      vertex -42.76971835085957 -16.933729423495183 0.5
      vertex -42.30483010791544 -16.74966714715284 0
    endloop
  endfacet
  facet normal -0.6791977279353124 -0.19732518099650603 -0.7069322593517751
    outer loop
      vertex -43.273071491429484 -14.060273244060106 0
      vertex -43.74859974957706 -14.214781741247581 0.5
      vertex -44.07053383135271 -11.315389866000896 0
    endloop
  endfacet
  facet normal -0.665467335736208 -0.23958298302664477 -0.7069322593517766
    outer loop
      vertex -43.273071491429484 -14.060273244060106 0
      vertex -42.30483010791544 -16.74966714715284 0
      vertex -42.76971835085957 -16.933729423495183 0.5
    endloop
  endfacet
  facet normal -0.6654673357362094 -0.23958298302664477 -0.7069322593517752
    outer loop
      vertex -43.273071491429484 -14.060273244060106 0
      vertex -42.76971835085957 -16.933729423495183 0.5
      vertex -43.74859974957706 -14.214781741247581 0.5
    endloop
  endfacet
  facet normal -0.6791977279353115 -0.19732518099650612 -0.7069322593517761
    outer loop
      vertex -43.74859974957706 -14.214781741247581 0.5
      vertex -44.55482541191703 -11.439734809583323 0.5
      vertex -44.07053383135271 -11.315389866000896 0
    endloop
  endfacet
  facet normal -0.6087867053581665 -0.36003545390273384 -0.7069322593517722
    outer loop
      vertex -38.83908457309269 -24.64803256903385 0.5
      vertex -40.31010728201772 -22.16066900867891 0.5
      vertex -39.87195394199579 -21.91979217162805 0
    endloop
  endfacet
  facet normal -0.6902476369981804 -0.15428862662627255 -0.706932259351776
    outer loop
      vertex -44.07053383135271 -11.315389866000896 0
      vertex -44.55482541191703 -11.439734809583323 0.5
      vertex -44.694069908155335 -8.52584981365048 0
    endloop
  endfacet
  facet normal -0.6985734539819686 -0.11064316553451198 -0.7069322593517751
    outer loop
      vertex -44.694069908155335 -8.52584981365048 0
      vertex -45.18521353351968 -8.619540470943342 0.5
      vertex -45.14121890980874 -5.702662127175835 0
    endloop
  endfacet
  facet normal 0 0 -1
    outer loop
      vertex -41.169630887203894 -19.372957766210796 0
      vertex -39.87195394199579 21.91979217162805 0
      vertex -39.87195394199579 -21.91979217162805 0
    endloop
  endfacet
  facet normal -0.6902476369981816 -0.15428862662627243 -0.7069322593517748
    outer loop
      vertex -44.694069908155335 -8.52584981365048 0
      vertex -44.55482541191703 -11.439734809583323 0.5
      vertex -45.18521353351968 -8.619540470943342 0.5
    endloop
  endfacet
  facet normal -0.6985734539819687 -0.11064316553451192 -0.7069322593517746
    outer loop
      vertex -45.18521353351968 -8.619540470943342 0.5
      vertex -45.63727626046598 -5.765328743957987 0.5
      vertex -45.14121890980874 -5.702662127175835 0
    endloop
  endfacet
  facet normal 0 0 -1
    outer loop
      vertex -43.273071491429484 -14.060273244060106 0
      vertex -44.07053383135271 -11.315389866000896 0
      vertex -43.273071491429484 14.060273244060106 0
    endloop
  endfacet
  facet normal -0.7041423206907417 -0.06656104641644282 -0.7069322593517747
    outer loop
      vertex -45.63727626046598 -5.765328743957987 0.5
      vertex -45.41021614348636 -2.856968638583754 0
      vertex -45.14121890980874 -5.702662127175835 0
    endloop
  endfacet
  facet normal 0 0 -1
    outer loop
      vertex -44.694069908155335 -8.52584981365048 0
      vertex -45.14121890980874 -5.702662127175835 0
      vertex -44.694069908155335 8.52584981365048 0
    endloop
  endfacet
  facet normal 0 0 -1
    outer loop
      vertex -45.14121890980874 -5.702662127175835 0
      vertex -45.41021614348636 -2.856968638583754 0
      vertex -45.14121890980874 5.702662127175835 0
    endloop
  endfacet
  facet normal 0 0 -1
    outer loop
      vertex -44.07053383135271 -11.315389866000896 0
      vertex -44.694069908155335 -8.52584981365048 0
      vertex -44.07053383135271 11.315389866000896 0
    endloop
  endfacet
  facet normal -0.706932259351775 -0.022216241257015518 -0.706932259351775
    outer loop
      vertex -45.41021614348636 -2.856968638583754 0
      vertex -46 0 0.5
      vertex -45.5 0 0
    endloop
  endfacet
  facet normal 0 0 -1
    outer loop
      vertex -43.273071491429484 -14.060273244060106 0
      vertex -42.30483010791544 16.74966714715284 0
      vertex -42.30483010791544 -16.74966714715284 0
    endloop
  endfacet
  facet normal 0 0 -1
    outer loop
      vertex -41.169630887203894 -19.372957766210796 0
      vertex -42.30483010791544 -16.74966714715284 0
      vertex -41.169630887203894 19.372957766210796 0
    endloop
  endfacet
  facet normal -0.7041423206907416 -0.06656104641644288 -0.706932259351775
    outer loop
      vertex -45.63727626046598 -5.765328743957987 0.5
      vertex -45.909229507700495 -2.888363898348411 0.5
      vertex -45.41021614348636 -2.856968638583754 0
    endloop
  endfacet
  facet normal -0.7069322593517747 -0.022216241257015493 -0.7069322593517748
    outer loop
      vertex -45.41021614348636 -2.856968638583754 0
      vertex -45.909229507700495 -2.888363898348411 0.5
      vertex -46 0 0.5
    endloop
  endfacet
  facet normal 0 0 -1
    outer loop
      vertex -38.416920610341684 -24.380119171544354 0
      vertex -39.87195394199579 -21.91979217162805 0
      vertex -38.416920610341684 24.380119171544354 0
    endloop
  endfacet
  facet normal 0 0 -1
    outer loop
      vertex -35.058352546298416 -29.00279153356538 0
      vertex -36.810273244060106 -26.74422897930753 0
      vertex -35.058352546298416 29.00279153356538 0
    endloop
  endfacet
  facet normal 0 0 -1
    outer loop
      vertex -38.416920610341684 -24.380119171544354 0
      vertex -36.810273244060106 26.74422897930753 0
      vertex -36.810273244060106 -26.74422897930753 0
    endloop
  endfacet
  facet normal 0 0 -1
    outer loop
      vertex -29.00279153356538 -35.058352546298416 0
      vertex -26.74422897930753 36.810273244060106 0
      vertex -26.74422897930753 -36.810273244060106 0
    endloop
  endfacet
  facet normal 0 0 -1
    outer loop
      vertex -26.74422897930753 -36.810273244060106 0
      vertex -24.380119171544354 38.416920610341684 0
      vertex -24.380119171544354 -38.416920610341684 0
    endloop
  endfacet
  facet normal 0 0 -1
    outer loop
      vertex -35.058352546298416 -29.00279153356538 0
      vertex -33.16807254767423 31.14689331975533 0
      vertex -33.16807254767423 -31.14689331975533 0
    endloop
  endfacet
  facet normal 0 0 -1
    outer loop
      vertex -33.16807254767423 -31.14689331975533 0
      vertex -31.14689331975533 33.16807254767423 0
      vertex -31.14689331975533 -33.16807254767423 0
    endloop
  endfacet
  facet normal 0 0 -1
    outer loop
      vertex -29.00279153356538 -35.058352546298416 0
      vertex -31.14689331975533 -33.16807254767423 0
      vertex -29.00279153356538 35.058352546298416 0
    endloop
  endfacet
  facet normal -0.3210989726647552 -0.6301922170587595 -0.7069322593517742
    outer loop
      vertex -19.372957766210796 -41.169630887203894 0
      vertex -19.58584741199333 -41.6220444134369 0.5
      vertex -21.91979217162805 -39.87195394199579 0
    endloop
  endfacet
  facet normal -0.2808952604778342 -0.6491106479860593 -0.7069322593517766
    outer loop
      vertex -19.372957766210796 -41.169630887203894 0
      vertex -16.74966714715284 -42.30483010791544 0
      vertex -16.933729423495183 -42.76971835085957 0.5
    endloop
  endfacet
  facet normal -0.3210989726647567 -0.6301922170587609 -0.7069322593517721
    outer loop
      vertex -22.16066900867891 -40.31010728201772 0.5
      vertex -21.91979217162805 -39.87195394199579 0
      vertex -19.58584741199333 -41.6220444134369 0.5
    endloop
  endfacet
  facet normal -0.28089526047783603 -0.6491106479860614 -0.7069322593517742
    outer loop
      vertex -19.372957766210796 -41.169630887203894 0
      vertex -16.933729423495183 -42.76971835085957 0.5
      vertex -19.58584741199333 -41.6220444134369 0.5
    endloop
  endfacet
  facet normal -0.3600354539027344 -0.608786705358166 -0.7069322593517723
    outer loop
      vertex -24.380119171544354 -38.416920610341684 0
      vertex -21.91979217162805 -39.87195394199579 0
      vertex -22.16066900867891 -40.31010728201772 0.5
    endloop
  endfacet
  facet normal -0.23958298302664524 -0.6654673357362093 -0.7069322593517752
    outer loop
      vertex -16.74966714715284 -42.30483010791544 0
      vertex -14.060273244060106 -43.273071491429484 0
      vertex -14.214781741247581 -43.74859974957706 0.5
    endloop
  endfacet
  facet normal -0.19732518099650584 -0.6791977279353116 -0.7069322593517758
    outer loop
      vertex -14.060273244060106 -43.273071491429484 0
      vertex -11.315389866000896 -44.07053383135271 0
      vertex -11.439734809583323 -44.55482541191703 0.5
    endloop
  endfacet
  facet normal -0.23958298302664435 -0.6654673357362082 -0.7069322593517766
    outer loop
      vertex -16.74966714715284 -42.30483010791544 0
      vertex -14.214781741247581 -43.74859974957706 0.5
      vertex -16.933729423495183 -42.76971835085957 0.5
    endloop
  endfacet
  facet normal -0.1973251809965063 -0.6791977279353123 -0.7069322593517752
    outer loop
      vertex -14.060273244060106 -43.273071491429484 0
      vertex -11.439734809583323 -44.55482541191703 0.5
      vertex -14.214781741247581 -43.74859974957706 0.5
    endloop
  endfacet
  facet normal -0.15428862662627282 -0.6902476369981816 -0.706932259351775
    outer loop
      vertex -11.315389866000896 -44.07053383135271 0
      vertex -8.52584981365048 -44.694069908155335 0
      vertex -8.619540470943342 -45.18521353351968 0.5
    endloop
  endfacet
  facet normal -0.110643165534512 -0.6985734539819688 -0.7069322593517747
    outer loop
      vertex -8.52584981365048 -44.694069908155335 0
      vertex -5.702662127175835 -45.14121890980874 0
      vertex -5.765328743957987 -45.63727626046598 0.5
    endloop
  endfacet
  facet normal -0.15428862662627219 -0.6902476369981806 -0.7069322593517761
    outer loop
      vertex -11.315389866000896 -44.07053383135271 0
      vertex -8.619540470943342 -45.18521353351968 0.5
      vertex -11.439734809583323 -44.55482541191703 0.5
    endloop
  endfacet
  facet normal -0.11064316553451191 -0.6985734539819686 -0.7069322593517748
    outer loop
      vertex -8.52584981365048 -44.694069908155335 0
      vertex -5.765328743957987 -45.63727626046598 0.5
      vertex -8.619540470943342 -45.18521353351968 0.5
    endloop
  endfacet
  facet normal -0.06656104641644332 -0.7041423206907415 -0.7069322593517748
    outer loop
      vertex -5.702662127175835 -45.14121890980874 0
      vertex -2.8569686385837763 -45.41021614348636 0
      vertex -2.888363898348433 -45.909229507700495 0.5
    endloop
  endfacet
  facet normal -0.02221624125701534 -0.7069322593517748 -0.7069322593517748
    outer loop
      vertex -2.8569686385837763 -45.41021614348636 0
      vertex 0 -45.5 0
      vertex 0 -46 0.5
    endloop
  endfacet
  facet normal -0.06656104641644339 -0.7041423206907416 -0.7069322593517746
    outer loop
      vertex -5.765328743957987 -45.63727626046598 0.5
      vertex -5.702662127175835 -45.14121890980874 0
      vertex -2.888363898348433 -45.909229507700495 0.5
    endloop
  endfacet
  facet normal -0.022216241257015323 -0.7069322593517747 -0.7069322593517748
    outer loop
      vertex -2.8569686385837763 -45.41021614348636 0
      vertex 0 -46 0.5
      vertex -2.888363898348433 -45.909229507700495 0.5
    endloop
  endfacet
  facet normal 0 0 -1
    outer loop
      vertex -24.380119171544354 -38.416920610341684 0
      vertex -21.919792171628043 39.87195394199579 0
      vertex -21.91979217162805 -39.87195394199579 0
    endloop
  endfacet
  facet normal 0 0 -1
    outer loop
      vertex -19.372957766210796 -41.169630887203894 0
      vertex -21.91979217162805 -39.87195394199579 0
      vertex -19.37295776621081 41.16963088720389 0
    endloop
  endfacet
  facet normal 0 0 -1
    outer loop
      vertex -19.372957766210796 -41.169630887203894 0
      vertex -16.74966714715284 42.30483010791544 0
      vertex -16.74966714715284 -42.30483010791544 0
    endloop
  endfacet
  facet normal 0 0 -1
    outer loop
      vertex -16.74966714715284 -42.30483010791544 0
      vertex -14.060273244060106 43.273071491429484 0
      vertex -14.060273244060106 -43.273071491429484 0
    endloop
  endfacet
  facet normal 0 0 -1
    outer loop
      vertex -14.060273244060106 -43.273071491429484 0
      vertex -11.315389866000896 44.07053383135271 0
      vertex -11.315389866000896 -44.07053383135271 0
    endloop
  endfacet
  facet normal 0 0 -1
    outer loop
      vertex -11.315389866000896 -44.07053383135271 0
      vertex -8.525849813650469 44.694069908155335 0
      vertex -8.52584981365048 -44.694069908155335 0
    endloop
  endfacet
  facet normal 0 0 -1
    outer loop
      vertex -8.52584981365048 -44.694069908155335 0
      vertex -5.702662127175845 45.14121890980874 0
      vertex -5.702662127175835 -45.14121890980874 0
    endloop
  endfacet
  facet normal 0 0 -1
    outer loop
      vertex -5.702662127175835 -45.14121890980874 0
      vertex -2.856968638583754 45.41021614348636 0
      vertex -2.8569686385837763 -45.41021614348636 0
    endloop
  endfacet
  facet normal 0 0 -1
    outer loop
      vertex -2.8569686385837763 -45.41021614348636 0
      vertex 0 45.5 0
      vertex 0 -45.5 0
    endloop
  endfacet
  facet normal 0 0 -1
    outer loop
      vertex -45.41021614348636 -2.856968638583754 0
      vertex -45.5 0 0
      vertex -45.41021614348636 2.856968638583754 0
    endloop
  endfacet
  facet normal 0 0 -1
    outer loop
      vertex -45.41021614348636 -2.856968638583754 0
      vertex -45.41021614348636 2.856968638583754 0
      vertex -45.14121890980874 5.702662127175835 0
    endloop
  endfacet
  facet normal 0 0 -1
    outer loop
      vertex -45.14121890980874 -5.702662127175835 0
      vertex -45.14121890980874 5.702662127175835 0
      vertex -44.694069908155335 8.52584981365048 0
    endloop
  endfacet
  facet normal -0.706932259351775 0.022216241257015518 -0.706932259351775
    outer loop
      vertex -45.5 0 0
      vertex -46 0 0.5
      vertex -45.41021614348636 2.856968638583754 0
    endloop
  endfacet
  facet normal 0 0 -1
    outer loop
      vertex -44.694069908155335 -8.52584981365048 0
      vertex -44.694069908155335 8.52584981365048 0
      vertex -44.07053383135271 11.315389866000896 0
    endloop
  endfacet
  facet normal 0 0 -1
    outer loop
      vertex -44.07053383135271 -11.315389866000896 0
      vertex -44.07053383135271 11.315389866000896 0
      vertex -43.273071491429484 14.060273244060106 0
    endloop
  endfacet
  facet normal -0.7041423206907417 0.06656104641644282 -0.7069322593517747
    outer loop
      vertex -45.41021614348636 2.856968638583754 0
      vertex -45.63727626046598 5.765328743957987 0.5
      vertex -45.14121890980874 5.702662127175835 0
    endloop
  endfacet
  facet normal 0 0 -1
    outer loop
      vertex -43.273071491429484 -14.060273244060106 0
      vertex -43.273071491429484 14.060273244060106 0
      vertex -42.30483010791544 16.74966714715284 0
    endloop
  endfacet
  facet normal -0.7069322593517747 0.022216241257015493 -0.7069322593517748
    outer loop
      vertex -45.41021614348636 2.856968638583754 0
      vertex -46 0 0.5
      vertex -45.909229507700495 2.888363898348411 0.5
    endloop
  endfacet
  facet normal -0.7041423206907416 0.06656104641644288 -0.706932259351775
    outer loop
      vertex -45.41021614348636 2.856968638583754 0
      vertex -45.909229507700495 2.888363898348411 0.5
      vertex -45.63727626046598 5.765328743957987 0.5
    endloop
  endfacet
  facet normal -0.6985734539819686 0.11064316553451198 -0.7069322593517751
    outer loop
      vertex -45.14121890980874 5.702662127175835 0
      vertex -45.18521353351968 8.619540470943342 0.5
      vertex -44.694069908155335 8.52584981365048 0
    endloop
  endfacet
  facet normal -0.6902476369981805 0.1542886266262726 -0.7069322593517761
    outer loop
      vertex -44.694069908155335 8.52584981365048 0
      vertex -44.55482541191703 11.439734809583323 0.5
      vertex -44.07053383135271 11.315389866000896 0
    endloop
  endfacet
  facet normal 0 0 -1
    outer loop
      vertex -42.30483010791544 -16.74966714715284 0
      vertex -42.30483010791544 16.74966714715284 0
      vertex -41.169630887203894 19.372957766210796 0
    endloop
  endfacet
  facet normal 0 0 -1
    outer loop
      vertex -41.169630887203894 -19.372957766210796 0
      vertex -41.169630887203894 19.372957766210796 0
      vertex -39.87195394199579 21.91979217162805 0
    endloop
  endfacet
  facet normal -0.6985734539819687 0.11064316553451192 -0.7069322593517746
    outer loop
      vertex -45.14121890980874 5.702662127175835 0
      vertex -45.63727626046598 5.765328743957987 0.5
      vertex -45.18521353351968 8.619540470943342 0.5
    endloop
  endfacet
  facet normal -0.6902476369981816 0.15428862662627243 -0.7069322593517748
    outer loop
      vertex -44.694069908155335 8.52584981365048 0
      vertex -45.18521353351968 8.619540470943342 0.5
      vertex -44.55482541191703 11.439734809583323 0.5
    endloop
  endfacet
  facet normal 0 0 -1
    outer loop
      vertex -39.87195394199579 -21.91979217162805 0
      vertex -39.87195394199579 21.91979217162805 0
      vertex -38.416920610341684 24.380119171544354 0
    endloop
  endfacet
  facet normal 0 0 -1
    outer loop
      vertex -38.416920610341684 -24.380119171544354 0
      vertex -38.416920610341684 24.380119171544354 0
      vertex -36.810273244060106 26.74422897930753 0
    endloop
  endfacet
  facet normal 0 0 -1
    outer loop
      vertex -36.810273244060106 -26.74422897930753 0
      vertex -36.810273244060106 26.74422897930753 0
      vertex -35.058352546298416 29.00279153356538 0
    endloop
  endfacet
  facet normal -0.6791977279353124 0.19732518099650603 -0.7069322593517751
    outer loop
      vertex -44.07053383135271 11.315389866000896 0
      vertex -43.74859974957706 14.214781741247581 0.5
      vertex -43.273071491429484 14.060273244060106 0
    endloop
  endfacet
  facet normal -0.665467335736208 0.23958298302664477 -0.7069322593517766
    outer loop
      vertex -43.273071491429484 14.060273244060106 0
      vertex -42.76971835085957 16.933729423495183 0.5
      vertex -42.30483010791544 16.74966714715284 0
    endloop
  endfacet
  facet normal -0.6791977279353115 0.19732518099650612 -0.7069322593517761
    outer loop
      vertex -44.07053383135271 11.315389866000896 0
      vertex -44.55482541191703 11.439734809583323 0.5
      vertex -43.74859974957706 14.214781741247581 0.5
    endloop
  endfacet
  facet normal -0.6654673357362094 0.23958298302664477 -0.7069322593517752
    outer loop
      vertex -43.273071491429484 14.060273244060106 0
      vertex -43.74859974957706 14.214781741247581 0.5
      vertex -42.76971835085957 16.933729423495183 0.5
    endloop
  endfacet
  facet normal -0.6491106479860618 0.28089526047783525 -0.7069322593517742
    outer loop
      vertex -42.30483010791544 16.74966714715284 0
      vertex -41.6220444134369 19.58584741199333 0.5
      vertex -41.169630887203894 19.372957766210796 0
    endloop
  endfacet
  facet normal -0.6301922170587612 0.321098972664756 -0.7069322593517721
    outer loop
      vertex -41.169630887203894 19.372957766210796 0
      vertex -40.31010728201772 22.16066900867891 0.5
      vertex -39.87195394199579 21.91979217162805 0
    endloop
  endfacet
  facet normal -0.6491106479860592 0.28089526047783503 -0.7069322593517766
    outer loop
      vertex -42.30483010791544 16.74966714715284 0
      vertex -42.76971835085957 16.933729423495183 0.5
      vertex -41.6220444134369 19.58584741199333 0.5
    endloop
  endfacet
  facet normal -0.6301922170587593 0.32109897266475584 -0.7069322593517742
    outer loop
      vertex -41.169630887203894 19.372957766210796 0
      vertex -41.6220444134369 19.58584741199333 0.5
      vertex -40.31010728201772 22.16066900867891 0.5
    endloop
  endfacet
  facet normal -0.6087867053581665 0.36003545390273384 -0.7069322593517724
    outer loop
      vertex -40.31010728201772 22.16066900867891 0.5
      vertex -38.83908457309269 24.64803256903385 0.5
      vertex -39.87195394199579 21.91979217162805 0
    endloop
  endfacet
  facet normal 0 0 -1
    outer loop
      vertex -35.058352546298416 -29.00279153356538 0
      vertex -35.058352546298416 29.00279153356538 0
      vertex -33.16807254767423 31.14689331975533 0
    endloop
  endfacet
  facet normal 0 0 -1
    outer loop
      vertex -33.16807254767423 -31.14689331975533 0
      vertex -33.16807254767423 31.14689331975533 0
      vertex -31.14689331975533 33.16807254767423 0
    endloop
  endfacet
  facet normal 0 0 -1
    outer loop
      vertex -31.14689331975533 -33.16807254767423 0
      vertex -31.14689331975533 33.16807254767423 0
      vertex -29.00279153356538 35.058352546298416 0
    endloop
  endfacet
  facet normal 0 0 -1
    outer loop
      vertex -29.00279153356538 -35.058352546298416 0
      vertex -29.00279153356538 35.058352546298416 0
      vertex -26.74422897930753 36.810273244060106 0
    endloop
  endfacet
  facet normal 0 0 -1
    outer loop
      vertex -26.74422897930753 -36.810273244060106 0
      vertex -26.74422897930753 36.810273244060106 0
      vertex -24.380119171544354 38.416920610341684 0
    endloop
  endfacet
  facet normal 0 0 -1
    outer loop
      vertex -24.380119171544354 -38.416920610341684 0
      vertex -24.380119171544354 38.416920610341684 0
      vertex -21.919792171628043 39.87195394199579 0
    endloop
  endfacet
  facet normal -0.6087867053581644 0.36003545390273345 -0.7069322593517742
    outer loop
      vertex -39.87195394199579 21.91979217162805 0
      vertex -38.83908457309269 24.64803256903385 0.5
      vertex -38.416920610341684 24.380119171544354 0
    endloop
  endfacet
  facet normal -0.5849785906597069 0.3975510396887105 -0.706932259351777
    outer loop
      vertex -38.416920610341684 24.380119171544354 0
      vertex -37.214781741247585 27.038121605453764 0.5
      vertex -36.810273244060106 26.74422897930753 0
    endloop
  endfacet
  facet normal -0.5588618327152178 0.43349767314482984 -0.7069322593517756
    outer loop
      vertex -36.810273244060106 26.74422897930753 0
      vertex -35.44360916768631 29.321503528439724 0.5
      vertex -35.058352546298416 29.00279153356538 0
    endloop
  endfacet
  facet normal -0.5849785906597099 0.39755103968871136 -0.7069322593517743
    outer loop
      vertex -38.416920610341684 24.380119171544354 0
      vertex -38.83908457309269 24.64803256903385 0.5
      vertex -37.214781741247585 27.038121605453764 0.5
    endloop
  endfacet
  facet normal -0.5588618327152165 0.4334976731448294 -0.7069322593517768
    outer loop
      vertex -36.810273244060106 26.74422897930753 0
      vertex -37.214781741247585 27.038121605453764 0.5
      vertex -35.44360916768631 29.321503528439724 0.5
    endloop
  endfacet
  facet normal -0.5305395024366839 0.4677334893312962 -0.7069322593517756
    outer loop
      vertex -35.058352546298416 29.00279153356538 0
      vertex -35.44360916768631 29.321503528439724 0.5
      vertex -33.53255686138494 31.48916687271967 0.5
    endloop
  endfacet
  facet normal -0.5305395024366821 0.46773348933129555 -0.7069322593517774
    outer loop
      vertex -35.058352546298416 29.00279153356538 0
      vertex -33.53255686138494 31.48916687271967 0.5
      vertex -33.16807254767423 31.14689331975533 0
    endloop
  endfacet
  facet normal -0.500123375122475 0.500123375122475 -0.7069322593517772
    outer loop
      vertex -33.16807254767423 31.14689331975533 0
      vertex -31.48916687271967 33.53255686138494 0.5
      vertex -31.14689331975533 33.16807254767423 0
    endloop
  endfacet
  facet normal -0.500123375122475 0.500123375122475 -0.7069322593517772
    outer loop
      vertex -33.16807254767423 31.14689331975533 0
      vertex -33.53255686138494 31.48916687271967 0.5
      vertex -31.48916687271967 33.53255686138494 0.5
    endloop
  endfacet
  facet normal -0.467733489331295 0.5305395024366825 -0.7069322593517774
    outer loop
      vertex -31.14689331975533 33.16807254767423 0
      vertex -31.48916687271967 33.53255686138494 0.5
      vertex -29.321503528439724 35.44360916768631 0.5
    endloop
  endfacet
  facet normal -0.46773348933129666 0.5305395024366834 -0.7069322593517756
    outer loop
      vertex -31.14689331975533 33.16807254767423 0
      vertex -29.321503528439724 35.44360916768631 0.5
      vertex -29.00279153356538 35.058352546298416 0
    endloop
  endfacet
  facet normal -0.43349767314482907 0.5588618327152168 -0.7069322593517767
    outer loop
      vertex -29.00279153356538 35.058352546298416 0
      vertex -27.038121605453764 37.214781741247585 0.5
      vertex -26.74422897930753 36.810273244060106 0
    endloop
  endfacet
  facet normal -0.3975510396887121 0.5849785906597093 -0.7069322593517742
    outer loop
      vertex -26.74422897930753 36.810273244060106 0
      vertex -24.64803256903385 38.83908457309269 0.5
      vertex -24.380119171544354 38.416920610341684 0
    endloop
  endfacet
  facet normal -0.4334976731448303 0.5588618327152176 -0.7069322593517756
    outer loop
      vertex -29.00279153356538 35.058352546298416 0
      vertex -29.321503528439724 35.44360916768631 0.5
      vertex -27.038121605453764 37.214781741247585 0.5
    endloop
  endfacet
  facet normal -0.3975510396887098 0.5849785906597077 -0.7069322593517771
    outer loop
      vertex -26.74422897930753 36.810273244060106 0
      vertex -27.038121605453764 37.214781741247585 0.5
      vertex -24.64803256903385 38.83908457309269 0.5
    endloop
  endfacet
  facet normal -0.36003545390273334 0.6087867053581644 -0.7069322593517743
    outer loop
      vertex -24.380119171544354 38.416920610341684 0
      vertex -24.64803256903385 38.83908457309269 0.5
      vertex -22.1606690086789 40.310107282017725 0.5
    endloop
  endfacet
  facet normal 0 0 -1
    outer loop
      vertex -21.91979217162805 -39.87195394199579 0
      vertex -21.919792171628043 39.87195394199579 0
      vertex -19.37295776621081 41.16963088720389 0
    endloop
  endfacet
  facet normal 0 0 -1
    outer loop
      vertex -19.372957766210796 -41.169630887203894 0
      vertex -19.37295776621081 41.16963088720389 0
      vertex -16.74966714715284 42.30483010791544 0
    endloop
  endfacet
  facet normal 0 0 -1
    outer loop
      vertex -16.74966714715284 -42.30483010791544 0
      vertex -16.74966714715284 42.30483010791544 0
      vertex -14.060273244060106 43.273071491429484 0
    endloop
  endfacet
  facet normal 0 0 -1
    outer loop
      vertex -14.060273244060106 -43.273071491429484 0
      vertex -14.060273244060106 43.273071491429484 0
      vertex -11.315389866000896 44.07053383135271 0
    endloop
  endfacet
  facet normal 0 0 -1
    outer loop
      vertex -11.315389866000896 -44.07053383135271 0
      vertex -11.315389866000896 44.07053383135271 0
      vertex -8.525849813650469 44.694069908155335 0
    endloop
  endfacet
  facet normal 0 0 -1
    outer loop
      vertex -8.52584981365048 -44.694069908155335 0
      vertex -8.525849813650469 44.694069908155335 0
      vertex -5.702662127175845 45.14121890980874 0
    endloop
  endfacet
  facet normal 0 0 -1
    outer loop
      vertex -5.702662127175835 -45.14121890980874 0
      vertex -5.702662127175845 45.14121890980874 0
      vertex -2.856968638583754 45.41021614348636 0
    endloop
  endfacet
  facet normal 0 0 -1
    outer loop
      vertex -2.8569686385837763 -45.41021614348636 0
      vertex -2.856968638583754 45.41021614348636 0
      vertex 0 45.5 0
    endloop
  endfacet
  facet normal -0.36003545390273156 0.6087867053581629 -0.7069322593517766
    outer loop
      vertex -24.380119171544354 38.416920610341684 0
      vertex -22.1606690086789 40.310107282017725 0.5
      vertex -21.919792171628043 39.87195394199579 0
    endloop
  endfacet
  facet normal -0.32109897266475596 0.6301922170587593 -0.7069322593517741
    outer loop
      vertex -21.919792171628043 39.87195394199579 0
      vertex -19.585847411993345 41.622044413436896 0.5
      vertex -19.37295776621081 41.16963088720389 0
    endloop
  endfacet
  facet normal -0.28089526047783453 0.6491106479860597 -0.7069322593517766
    outer loop
      vertex -19.37295776621081 41.16963088720389 0
      vertex -16.933729423495183 42.76971835085957 0.5
      vertex -16.74966714715284 42.30483010791544 0
    endloop
  endfacet
  facet normal -0.321098972664754 0.6301922170587574 -0.7069322593517766
    outer loop
      vertex -21.919792171628043 39.87195394199579 0
      vertex -22.1606690086789 40.310107282017725 0.5
      vertex -19.585847411993345 41.622044413436896 0.5
    endloop
  endfacet
  facet normal -0.28089526047783625 0.6491106479860614 -0.7069322593517742
    outer loop
      vertex -19.37295776621081 41.16963088720389 0
      vertex -19.585847411993345 41.622044413436896 0.5
      vertex -16.933729423495183 42.76971835085957 0.5
    endloop
  endfacet
  facet normal -0.23958298302664524 0.6654673357362093 -0.7069322593517752
    outer loop
      vertex -16.74966714715284 42.30483010791544 0
      vertex -14.214781741247581 43.74859974957706 0.5
      vertex -14.060273244060106 43.273071491429484 0
    endloop
  endfacet
  facet normal -0.19732518099650584 0.6791977279353116 -0.7069322593517758
    outer loop
      vertex -14.060273244060106 43.273071491429484 0
      vertex -11.439734809583323 44.55482541191703 0.5
      vertex -11.315389866000896 44.07053383135271 0
    endloop
  endfacet
  facet normal -0.23958298302664435 0.6654673357362082 -0.7069322593517766
    outer loop
      vertex -16.74966714715284 42.30483010791544 0
      vertex -16.933729423495183 42.76971835085957 0.5
      vertex -14.214781741247581 43.74859974957706 0.5
    endloop
  endfacet
  facet normal -0.1973251809965063 0.6791977279353123 -0.7069322593517752
    outer loop
      vertex -14.060273244060106 43.273071491429484 0
      vertex -14.214781741247581 43.74859974957706 0.5
      vertex -11.439734809583323 44.55482541191703 0.5
    endloop
  endfacet
  facet normal -0.15428862662627224 0.6902476369981817 -0.7069322593517747
    outer loop
      vertex -11.315389866000896 44.07053383135271 0
      vertex -8.619540470943331 45.18521353351968 0.5
      vertex -8.525849813650469 44.694069908155335 0
    endloop
  endfacet
  facet normal -0.11064316553451278 0.6985734539819686 -0.7069322593517747
    outer loop
      vertex -8.525849813650469 44.694069908155335 0
      vertex -5.765328743957997 45.63727626046598 0.5
      vertex -5.702662127175845 45.14121890980874 0
    endloop
  endfacet
  facet normal -0.15428862662627166 0.6902476369981808 -0.7069322593517761
    outer loop
      vertex -11.315389866000896 44.07053383135271 0
      vertex -11.439734809583323 44.55482541191703 0.5
      vertex -8.619540470943331 45.18521353351968 0.5
    endloop
  endfacet
  facet normal -0.11064316553451267 0.6985734539819684 -0.7069322593517748
    outer loop
      vertex -8.525849813650469 44.694069908155335 0
      vertex -8.619540470943331 45.18521353351968 0.5
      vertex -5.765328743957997 45.63727626046598 0.5
    endloop
  endfacet
  facet normal -0.06656104641644257 0.7041423206907415 -0.706932259351775
    outer loop
      vertex -5.702662127175845 45.14121890980874 0
      vertex -2.888363898348411 45.909229507700495 0.5
      vertex -2.856968638583754 45.41021614348636 0
    endloop
  endfacet
  facet normal -0.022216241257015518 0.706932259351775 -0.706932259351775
    outer loop
      vertex -2.856968638583754 45.41021614348636 0
      vertex 0 46 0.5
      vertex 0 45.5 0
    endloop
  endfacet
  facet normal -0.06656104641644266 0.7041423206907416 -0.7069322593517746
    outer loop
      vertex -5.765328743957997 45.63727626046598 0.5
      vertex -2.888363898348411 45.909229507700495 0.5
      vertex -5.702662127175845 45.14121890980874 0
    endloop
  endfacet
  facet normal -0.022216241257015493 0.7069322593517747 -0.7069322593517748
    outer loop
      vertex -2.856968638583754 45.41021614348636 0
      vertex -2.888363898348411 45.909229507700495 0.5
      vertex 0 46 0.5
    endloop
  endfacet
  facet normal 0.02221624125701534 -0.7069322593517748 -0.7069322593517748
    outer loop
      vertex 0 -45.5 0
      vertex 2.8569686385837763 -45.41021614348636 0
      vertex 0 -46 0.5
    endloop
  endfacet
  facet normal 0.06656104641644332 -0.7041423206907415 -0.706932259351775
    outer loop
      vertex 2.8569686385837763 -45.41021614348636 0
      vertex 5.702662127175835 -45.14121890980874 0
      vertex 2.888363898348433 -45.909229507700495 0.5
    endloop
  endfacet
  facet normal 0.022216241257015323 -0.7069322593517747 -0.7069322593517748
    outer loop
      vertex 2.8569686385837763 -45.41021614348636 0
      vertex 2.888363898348433 -45.909229507700495 0.5
      vertex 0 -46 0.5
    endloop
  endfacet
  facet normal 0.06656104641644339 -0.7041423206907416 -0.7069322593517746
    outer loop
      vertex 5.702662127175835 -45.14121890980874 0
      vertex 5.765328743957987 -45.63727626046598 0.5
      vertex 2.888363898348433 -45.909229507700495 0.5
    endloop
  endfacet
  facet normal 0.110643165534512 -0.6985734539819688 -0.7069322593517747
    outer loop
      vertex 5.702662127175835 -45.14121890980874 0
      vertex 8.52584981365048 -44.694069908155335 0
      vertex 5.765328743957987 -45.63727626046598 0.5
    endloop
  endfacet
  facet normal 0.15428862662627219 -0.6902476369981818 -0.7069322593517748
    outer loop
      vertex 8.52584981365048 -44.694069908155335 0
      vertex 11.315389866000876 -44.07053383135272 0
      vertex 8.619540470943342 -45.18521353351968 0.5
    endloop
  endfacet
  facet normal 0.11064316553451191 -0.6985734539819686 -0.7069322593517748
    outer loop
      vertex 8.52584981365048 -44.694069908155335 0
      vertex 8.619540470943342 -45.18521353351968 0.5
      vertex 5.765328743957987 -45.63727626046598 0.5
    endloop
  endfacet
  facet normal 0.15428862662627155 -0.6902476369981807 -0.706932259351776
    outer loop
      vertex 11.315389866000876 -44.07053383135272 0
      vertex 11.439734809583303 -44.55482541191704 0.5
      vertex 8.619540470943342 -45.18521353351968 0.5
    endloop
  endfacet
  facet normal 0.19732518099650614 -0.6791977279353115 -0.706932259351776
    outer loop
      vertex 11.315389866000876 -44.07053383135272 0
      vertex 14.060273244060106 -43.273071491429484 0
      vertex 11.439734809583303 -44.55482541191704 0.5
    endloop
  endfacet
  facet normal 0.23958298302664638 -0.6654673357362089 -0.7069322593517752
    outer loop
      vertex 14.060273244060106 -43.273071491429484 0
      vertex 16.749667147152866 -42.30483010791543 0
      vertex 14.214781741247581 -43.74859974957706 0.5
    endloop
  endfacet
  facet normal 0.19732518099650664 -0.6791977279353122 -0.7069322593517752
    outer loop
      vertex 11.439734809583303 -44.55482541191704 0.5
      vertex 14.060273244060106 -43.273071491429484 0
      vertex 14.214781741247581 -43.74859974957706 0.5
    endloop
  endfacet
  facet normal 0.23958298302664607 -0.6654673357362085 -0.7069322593517757
    outer loop
      vertex 16.749667147152866 -42.30483010791543 0
      vertex 16.933729423495205 -42.769718350859556 0.5
      vertex 14.214781741247581 -43.74859974957706 0.5
    endloop
  endfacet
  facet normal 0.280895260477834 -0.6491106479860608 -0.7069322593517757
    outer loop
      vertex 16.749667147152866 -42.30483010791543 0
      vertex 19.372957766210796 -41.169630887203894 0
      vertex 16.933729423495205 -42.769718350859556 0.5
    endloop
  endfacet
  facet normal 0.3210989726647552 -0.6301922170587595 -0.7069322593517742
    outer loop
      vertex 19.372957766210796 -41.169630887203894 0
      vertex 21.91979217162805 -39.87195394199579 0
      vertex 19.58584741199333 -41.6220444134369 0.5
    endloop
  endfacet
  facet normal 0.280895260477835 -0.6491106479860619 -0.7069322593517742
    outer loop
      vertex 16.933729423495205 -42.769718350859556 0.5
      vertex 19.372957766210796 -41.169630887203894 0
      vertex 19.58584741199333 -41.6220444134369 0.5
    endloop
  endfacet
  facet normal 0.3210989726647567 -0.6301922170587609 -0.7069322593517722
    outer loop
      vertex 19.58584741199333 -41.6220444134369 0.5
      vertex 21.91979217162805 -39.87195394199579 0
      vertex 22.16066900867891 -40.31010728201772 0.5
    endloop
  endfacet
  facet normal 0.3600354539027349 -0.6087867053581658 -0.7069322593517723
    outer loop
      vertex 22.16066900867891 -40.31010728201772 0.5
      vertex 21.91979217162805 -39.87195394199579 0
      vertex 24.380119171544326 -38.4169206103417 0
    endloop
  endfacet
  facet normal 0 0 -1
    outer loop
      vertex 0 -45.5 0
      vertex 2.856968638583754 45.41021614348636 0
      vertex 2.8569686385837763 -45.41021614348636 0
    endloop
  endfacet
  facet normal 0 0 -1
    outer loop
      vertex 2.8569686385837763 -45.41021614348636 0
      vertex 5.702662127175845 45.14121890980874 0
      vertex 5.702662127175835 -45.14121890980874 0
    endloop
  endfacet
  facet normal 0 0 -1
    outer loop
      vertex 5.702662127175835 -45.14121890980874 0
      vertex 8.525849813650469 44.694069908155335 0
      vertex 8.52584981365048 -44.694069908155335 0
    endloop
  endfacet
  facet normal 0 0 -1
    outer loop
      vertex 8.52584981365048 -44.694069908155335 0
      vertex 11.315389866000896 44.07053383135271 0
      vertex 11.315389866000876 -44.07053383135272 0
    endloop
  endfacet
  facet normal 0 0 -1
    outer loop
      vertex 11.315389866000876 -44.07053383135272 0
      vertex 14.060273244060106 43.273071491429484 0
      vertex 14.060273244060106 -43.273071491429484 0
    endloop
  endfacet
  facet normal 0 0 -1
    outer loop
      vertex 14.060273244060106 -43.273071491429484 0
      vertex 16.74966714715284 42.30483010791544 0
      vertex 16.749667147152866 -42.30483010791543 0
    endloop
  endfacet
  facet normal 0 0 -1
    outer loop
      vertex 16.749667147152866 -42.30483010791543 0
      vertex 19.37295776621081 41.16963088720389 0
      vertex 19.372957766210796 -41.169630887203894 0
    endloop
  endfacet
  facet normal 0 0 -1
    outer loop
      vertex 19.372957766210796 -41.169630887203894 0
      vertex 21.919792171628043 39.87195394199579 0
      vertex 21.91979217162805 -39.87195394199579 0
    endloop
  endfacet
  facet normal 0.39755103968871053 -0.5849785906597088 -0.7069322593517757
    outer loop
      vertex 24.380119171544326 -38.4169206103417 0
      vertex 26.74422897930753 -36.810273244060106 0
      vertex 24.648032569033827 -38.839084573092705 0.5
    endloop
  endfacet
  facet normal 0.4334976731448297 -0.5588618327152165 -0.7069322593517768
    outer loop
      vertex 26.74422897930753 -36.810273244060106 0
      vertex 29.002791533565393 -35.0583525462984 0
      vertex 27.038121605453764 -37.214781741247585 0.5
    endloop
  endfacet
  facet normal 0.3600354539027323 -0.6087867053581636 -0.7069322593517755
    outer loop
      vertex 22.16066900867891 -40.31010728201772 0.5
      vertex 24.380119171544326 -38.4169206103417 0
      vertex 24.648032569033827 -38.839084573092705 0.5
    endloop
  endfacet
  facet normal 0.39755103968870936 -0.584978590659708 -0.7069322593517771
    outer loop
      vertex 26.74422897930753 -36.810273244060106 0
      vertex 27.038121605453764 -37.214781741247585 0.5
      vertex 24.648032569033827 -38.839084573092705 0.5
    endloop
  endfacet
  facet normal 0.43349767314483073 -0.5588618327152172 -0.7069322593517757
    outer loop
      vertex 27.038121605453764 -37.214781741247585 0.5
      vertex 29.002791533565393 -35.0583525462984 0
      vertex 29.321503528439738 -35.4436091676863 0.5
    endloop
  endfacet
  facet normal 0.46773348933129644 -0.5305395024366836 -0.7069322593517755
    outer loop
      vertex 29.002791533565393 -35.0583525462984 0
      vertex 31.14689331975533 -33.16807254767423 0
      vertex 29.321503528439738 -35.4436091676863 0.5
    endloop
  endfacet
  facet normal 0.500123375122475 -0.500123375122475 -0.7069322593517772
    outer loop
      vertex 31.14689331975533 -33.16807254767423 0
      vertex 33.16807254767423 -31.14689331975533 0
      vertex 31.48916687271967 -33.53255686138494 0.5
    endloop
  endfacet
  facet normal 0.5305395024366822 -0.4677334893312952 -0.7069322593517774
    outer loop
      vertex 33.16807254767423 -31.14689331975533 0
      vertex 35.0583525462984 -29.002791533565393 0
      vertex 33.53255686138494 -31.48916687271967 0.5
    endloop
  endfacet
  facet normal 0.4677334893312949 -0.5305395024366828 -0.7069322593517775
    outer loop
      vertex 29.321503528439738 -35.4436091676863 0.5
      vertex 31.14689331975533 -33.16807254767423 0
      vertex 31.48916687271967 -33.53255686138494 0.5
    endloop
  endfacet
  facet normal 0.500123375122475 -0.500123375122475 -0.7069322593517772
    outer loop
      vertex 33.16807254767423 -31.14689331975533 0
      vertex 33.53255686138494 -31.48916687271967 0.5
      vertex 31.48916687271967 -33.53255686138494 0.5
    endloop
  endfacet
  facet normal 0.5305395024366841 -0.467733489331296 -0.7069322593517757
    outer loop
      vertex 33.53255686138494 -31.48916687271967 0.5
      vertex 35.0583525462984 -29.002791533565393 0
      vertex 35.4436091676863 -29.321503528439738 0.5
    endloop
  endfacet
  facet normal 0.5588618327152175 -0.4334976731448304 -0.7069322593517757
    outer loop
      vertex 35.0583525462984 -29.002791533565393 0
      vertex 36.810273244060106 -26.74422897930753 0
      vertex 35.4436091676863 -29.321503528439738 0.5
    endloop
  endfacet
  facet normal 0.5849785906597077 -0.39755103968870975 -0.706932259351777
    outer loop
      vertex 36.810273244060106 -26.74422897930753 0
      vertex 38.4169206103417 -24.380119171544326 0
      vertex 37.214781741247585 -27.038121605453764 0.5
    endloop
  endfacet
  facet normal 0.6087867053581629 -0.3600354539027332 -0.7069322593517755
    outer loop
      vertex 38.4169206103417 -24.380119171544326 0
      vertex 39.87195394199579 -21.91979217162805 0
      vertex 38.839084573092705 -24.648032569033827 0.5
    endloop
  endfacet
  facet normal 0.5588618327152163 -0.43349767314482995 -0.7069322593517768
    outer loop
      vertex 35.4436091676863 -29.321503528439738 0.5
      vertex 36.810273244060106 -26.74422897930753 0
      vertex 37.214781741247585 -27.038121605453764 0.5
    endloop
  endfacet
  facet normal 0.584978590659709 -0.3975510396887101 -0.7069322593517756
    outer loop
      vertex 38.4169206103417 -24.380119171544326 0
      vertex 38.839084573092705 -24.648032569033827 0.5
      vertex 37.214781741247585 -27.038121605453764 0.5
    endloop
  endfacet
  facet normal 0 0 -1
    outer loop
      vertex 21.91979217162805 -39.87195394199579 0
      vertex 24.380119171544347 38.416920610341684 0
      vertex 24.380119171544326 -38.4169206103417 0
    endloop
  endfacet
  facet normal 0 0 -1
    outer loop
      vertex 24.380119171544326 -38.4169206103417 0
      vertex 26.74422897930753 36.810273244060106 0
      vertex 26.74422897930753 -36.810273244060106 0
    endloop
  endfacet
  facet normal 0 0 -1
    outer loop
      vertex 26.74422897930753 -36.810273244060106 0
      vertex 29.002791533565382 35.05835254629841 0
      vertex 29.002791533565393 -35.0583525462984 0
    endloop
  endfacet
  facet normal 0 0 -1
    outer loop
      vertex 29.002791533565393 -35.0583525462984 0
      vertex 31.146893319755335 33.16807254767423 0
      vertex 31.14689331975533 -33.16807254767423 0
    endloop
  endfacet
  facet normal 0 0 -1
    outer loop
      vertex 31.14689331975533 -33.16807254767423 0
      vertex 33.16807254767423 31.146893319755335 0
      vertex 33.16807254767423 -31.14689331975533 0
    endloop
  endfacet
  facet normal 0 0 -1
    outer loop
      vertex 33.16807254767423 -31.14689331975533 0
      vertex 35.05835254629841 29.002791533565382 0
      vertex 35.0583525462984 -29.002791533565393 0
    endloop
  endfacet
  facet normal 0.6087867053581665 -0.360035453902734 -0.7069322593517723
    outer loop
      vertex 38.839084573092705 -24.648032569033827 0.5
      vertex 39.87195394199579 -21.91979217162805 0
      vertex 40.31010728201772 -22.16066900867891 0.5
    endloop
  endfacet
  facet normal 0.6301922170587613 -0.32109897266475607 -0.7069322593517721
    outer loop
      vertex 39.87195394199579 -21.91979217162805 0
      vertex 41.169630887203894 -19.372957766210796 0
      vertex 40.31010728201772 -22.16066900867891 0.5
    endloop
  endfacet
  facet normal 0.6491106479860621 -0.28089526047783453 -0.7069322593517742
    outer loop
      vertex 41.169630887203894 -19.372957766210796 0
      vertex 42.30483010791543 -16.749667147152866 0
      vertex 41.6220444134369 -19.58584741199333 0.5
    endloop
  endfacet
  facet normal 0.6301922170587593 -0.32109897266475584 -0.7069322593517742
    outer loop
      vertex 41.169630887203894 -19.372957766210796 0
      vertex 41.6220444134369 -19.58584741199333 0.5
      vertex 40.31010728201772 -22.16066900867891 0.5
    endloop
  endfacet
  facet normal 0.6491106479860604 -0.28089526047783436 -0.7069322593517756
    outer loop
      vertex 41.6220444134369 -19.58584741199333 0.5
      vertex 42.30483010791543 -16.749667147152866 0
      vertex 42.769718350859556 -16.933729423495205 0.5
    endloop
  endfacet
  facet normal 0.6654673357362083 -0.23958298302664618 -0.7069322593517756
    outer loop
      vertex 42.30483010791543 -16.749667147152866 0
      vertex 43.273071491429484 -14.060273244060106 0
      vertex 42.769718350859556 -16.933729423495205 0.5
    endloop
  endfacet
  facet normal 0.6791977279353123 -0.19732518099650637 -0.7069322593517751
    outer loop
      vertex 43.273071491429484 -14.060273244060106 0
      vertex 44.07053383135272 -11.315389866000876 0
      vertex 43.74859974957706 -14.214781741247581 0.5
    endloop
  endfacet
  facet normal 0.665467335736209 -0.2395829830266462 -0.7069322593517752
    outer loop
      vertex 43.273071491429484 -14.060273244060106 0
      vertex 43.74859974957706 -14.214781741247581 0.5
      vertex 42.769718350859556 -16.933729423495205 0.5
    endloop
  endfacet
  facet normal 0.6791977279353115 -0.19732518099650642 -0.7069322593517761
    outer loop
      vertex 43.74859974957706 -14.214781741247581 0.5
      vertex 44.07053383135272 -11.315389866000876 0
      vertex 44.55482541191704 -11.439734809583303 0.5
    endloop
  endfacet
  facet normal 0 0 -1
    outer loop
      vertex 35.0583525462984 -29.002791533565393 0
      vertex 36.810273244060106 26.74422897930753 0
      vertex 36.810273244060106 -26.74422897930753 0
    endloop
  endfacet
  facet normal 0 0 -1
    outer loop
      vertex 36.810273244060106 -26.74422897930753 0
      vertex 38.416920610341684 24.380119171544347 0
      vertex 38.4169206103417 -24.380119171544326 0
    endloop
  endfacet
  facet normal 0 0 -1
    outer loop
      vertex 38.4169206103417 -24.380119171544326 0
      vertex 39.87195394199579 21.919792171628046 0
      vertex 39.87195394199579 -21.91979217162805 0
    endloop
  endfacet
  facet normal 0 0 -1
    outer loop
      vertex 39.87195394199579 -21.91979217162805 0
      vertex 41.169630887203894 19.372957766210806 0
      vertex 41.169630887203894 -19.372957766210796 0
    endloop
  endfacet
  facet normal 0 0 -1
    outer loop
      vertex 41.169630887203894 -19.372957766210796 0
      vertex 42.304830107915436 16.74966714715285 0
      vertex 42.30483010791543 -16.749667147152866 0
    endloop
  endfacet
  facet normal 0.6902476369981807 -0.15428862662627194 -0.7069322593517761
    outer loop
      vertex 44.07053383135272 -11.315389866000876 0
      vertex 44.694069908155335 -8.52584981365048 0
      vertex 44.55482541191704 -11.439734809583303 0.5
    endloop
  endfacet
  facet normal 0.6985734539819686 -0.11064316553451198 -0.7069322593517751
    outer loop
      vertex 44.694069908155335 -8.52584981365048 0
      vertex 45.14121890980874 -5.702662127175835 0
      vertex 45.18521353351968 -8.619540470943342 0.5
    endloop
  endfacet
  facet normal 0.6902476369981819 -0.15428862662627182 -0.706932259351775
    outer loop
      vertex 44.694069908155335 -8.52584981365048 0
      vertex 45.18521353351968 -8.619540470943342 0.5
      vertex 44.55482541191704 -11.439734809583303 0.5
    endloop
  endfacet
  facet normal 0.6985734539819687 -0.11064316553451192 -0.7069322593517746
    outer loop
      vertex 45.18521353351968 -8.619540470943342 0.5
      vertex 45.14121890980874 -5.702662127175835 0
      vertex 45.63727626046598 -5.765328743957987 0.5
    endloop
  endfacet
  facet normal 0 0 -1
    outer loop
      vertex 42.30483010791543 -16.749667147152866 0
      vertex 43.273071491429484 14.060273244060106 0
      vertex 43.273071491429484 -14.060273244060106 0
    endloop
  endfacet
  facet normal 0 0 -1
    outer loop
      vertex 43.273071491429484 -14.060273244060106 0
      vertex 44.07053383135271 11.315389866000894 0
      vertex 44.07053383135272 -11.315389866000876 0
    endloop
  endfacet
  facet normal 0 0 -1
    outer loop
      vertex 44.07053383135272 -11.315389866000876 0
      vertex 44.694069908155335 8.52584981365047 0
      vertex 44.694069908155335 -8.52584981365048 0
    endloop
  endfacet
  facet normal 0.7041423206907416 -0.06656104641644334 -0.7069322593517746
    outer loop
      vertex 45.63727626046598 -5.765328743957987 0.5
      vertex 45.14121890980874 -5.702662127175835 0
      vertex 45.41021614348636 -2.8569686385837763 0
    endloop
  endfacet
  facet normal 0 0 -1
    outer loop
      vertex 44.694069908155335 -8.52584981365048 0
      vertex 45.14121890980874 5.702662127175843 0
      vertex 45.14121890980874 -5.702662127175835 0
    endloop
  endfacet
  facet normal 0 0 -1
    outer loop
      vertex 45.14121890980874 -5.702662127175835 0
      vertex 45.41021614348636 2.8569686385837585 0
      vertex 45.41021614348636 -2.8569686385837763 0
    endloop
  endfacet
  facet normal 0 0 -1
    outer loop
      vertex 45.41021614348636 -2.8569686385837763 0
      vertex 45.41021614348636 2.8569686385837585 0
      vertex 45.5 0 0
    endloop
  endfacet
  facet normal 0.7069322593517748 -0.02221624125701534 -0.7069322593517748
    outer loop
      vertex 45.41021614348636 -2.8569686385837763 0
      vertex 45.5 0 0
      vertex 46 0 0.5
    endloop
  endfacet
  facet normal 0.7041423206907415 -0.06656104641644338 -0.706932259351775
    outer loop
      vertex 45.63727626046598 -5.765328743957987 0.5
      vertex 45.41021614348636 -2.8569686385837763 0
      vertex 45.909229507700495 -2.888363898348433 0.5
    endloop
  endfacet
  facet normal 0.7069322593517747 -0.022216241257015323 -0.7069322593517748
    outer loop
      vertex 45.41021614348636 -2.8569686385837763 0
      vertex 46 0 0.5
      vertex 45.909229507700495 -2.888363898348433 0.5
    endloop
  endfacet
  facet normal 0 0 -1
    outer loop
      vertex 0 -45.5 0
      vertex 0 45.5 0
      vertex 2.856968638583754 45.41021614348636 0
    endloop
  endfacet
  facet normal 0 0 -1
    outer loop
      vertex 2.8569686385837763 -45.41021614348636 0
      vertex 2.856968638583754 45.41021614348636 0
      vertex 5.702662127175845 45.14121890980874 0
    endloop
  endfacet
  facet normal 0 0 -1
    outer loop
      vertex 5.702662127175835 -45.14121890980874 0
      vertex 5.702662127175845 45.14121890980874 0
      vertex 8.525849813650469 44.694069908155335 0
    endloop
  endfacet
  facet normal 0 0 -1
    outer loop
      vertex 8.52584981365048 -44.694069908155335 0
      vertex 8.525849813650469 44.694069908155335 0
      vertex 11.315389866000896 44.07053383135271 0
    endloop
  endfacet
  facet normal 0 0 -1
    outer loop
      vertex 11.315389866000876 -44.07053383135272 0
      vertex 11.315389866000896 44.07053383135271 0
      vertex 14.060273244060106 43.273071491429484 0
    endloop
  endfacet
  facet normal 0 0 -1
    outer loop
      vertex 14.060273244060106 -43.273071491429484 0
      vertex 14.060273244060106 43.273071491429484 0
      vertex 16.74966714715284 42.30483010791544 0
    endloop
  endfacet
  facet normal 0 0 -1
    outer loop
      vertex 16.749667147152866 -42.30483010791543 0
      vertex 16.74966714715284 42.30483010791544 0
      vertex 19.37295776621081 41.16963088720389 0
    endloop
  endfacet
  facet normal 0 0 -1
    outer loop
      vertex 19.372957766210796 -41.169630887203894 0
      vertex 19.37295776621081 41.16963088720389 0
      vertex 21.919792171628043 39.87195394199579 0
    endloop
  endfacet
  facet normal 0 0 -1
    outer loop
      vertex 21.91979217162805 -39.87195394199579 0
      vertex 21.919792171628043 39.87195394199579 0
      vertex 24.380119171544347 38.416920610341684 0
    endloop
  endfacet
  facet normal 0.022216241257015518 0.706932259351775 -0.706932259351775
    outer loop
      vertex 0 45.5 0
      vertex 0 46 0.5
      vertex 2.856968638583754 45.41021614348636 0
    endloop
  endfacet
  facet normal 0.06656104641644257 0.7041423206907415 -0.7069322593517748
    outer loop
      vertex 2.856968638583754 45.41021614348636 0
      vertex 2.888363898348411 45.909229507700495 0.5
      vertex 5.702662127175845 45.14121890980874 0
    endloop
  endfacet
  facet normal 0.022216241257015493 0.7069322593517747 -0.7069322593517748
    outer loop
      vertex 2.856968638583754 45.41021614348636 0
      vertex 0 46 0.5
      vertex 2.888363898348411 45.909229507700495 0.5
    endloop
  endfacet
  facet normal 0.06656104641644266 0.7041423206907416 -0.7069322593517746
    outer loop
      vertex 5.702662127175845 45.14121890980874 0
      vertex 2.888363898348411 45.909229507700495 0.5
      vertex 5.765328743957997 45.63727626046598 0.5
    endloop
  endfacet
  facet normal 0.11064316553451278 0.6985734539819686 -0.7069322593517746
    outer loop
      vertex 5.702662127175845 45.14121890980874 0
      vertex 5.765328743957997 45.63727626046598 0.5
      vertex 8.525849813650469 44.694069908155335 0
    endloop
  endfacet
  facet normal 0.15428862662627224 0.6902476369981817 -0.7069322593517748
    outer loop
      vertex 8.525849813650469 44.694069908155335 0
      vertex 8.619540470943331 45.18521353351968 0.5
      vertex 11.315389866000896 44.07053383135271 0
    endloop
  endfacet
  facet normal 0.11064316553451267 0.6985734539819684 -0.7069322593517748
    outer loop
      vertex 8.525849813650469 44.694069908155335 0
      vertex 5.765328743957997 45.63727626046598 0.5
      vertex 8.619540470943331 45.18521353351968 0.5
    endloop
  endfacet
  facet normal 0.15428862662627166 0.6902476369981808 -0.7069322593517761
    outer loop
      vertex 11.315389866000896 44.07053383135271 0
      vertex 8.619540470943331 45.18521353351968 0.5
      vertex 11.439734809583323 44.55482541191703 0.5
    endloop
  endfacet
  facet normal 0.19732518099650584 0.6791977279353116 -0.706932259351776
    outer loop
      vertex 11.315389866000896 44.07053383135271 0
      vertex 11.439734809583323 44.55482541191703 0.5
      vertex 14.060273244060106 43.273071491429484 0
    endloop
  endfacet
  facet normal 0.23958298302664519 0.6654673357362092 -0.7069322593517751
    outer loop
      vertex 14.060273244060106 43.273071491429484 0
      vertex 14.214781741247581 43.74859974957706 0.5
      vertex 16.74966714715284 42.30483010791544 0
    endloop
  endfacet
  facet normal 0.1973251809965063 0.6791977279353123 -0.7069322593517751
    outer loop
      vertex 11.439734809583323 44.55482541191703 0.5
      vertex 14.214781741247581 43.74859974957706 0.5
      vertex 14.060273244060106 43.273071491429484 0
    endloop
  endfacet
  facet normal 0.23958298302664435 0.6654673357362082 -0.7069322593517766
    outer loop
      vertex 16.74966714715284 42.30483010791544 0
      vertex 14.214781741247581 43.74859974957706 0.5
      vertex 16.933729423495183 42.76971835085957 0.5
    endloop
  endfacet
  facet normal 0.3600354539027323 0.6087867053581624 -0.7069322593517767
    outer loop
      vertex 21.919792171628043 39.87195394199579 0
      vertex 22.1606690086789 40.310107282017725 0.5
      vertex 24.380119171544347 38.416920610341684 0
    endloop
  endfacet
  facet normal 0.2808952604778345 0.6491106479860594 -0.7069322593517767
    outer loop
      vertex 16.74966714715284 42.30483010791544 0
      vertex 16.933729423495183 42.76971835085957 0.5
      vertex 19.37295776621081 41.16963088720389 0
    endloop
  endfacet
  facet normal 0.32109897266475596 0.6301922170587593 -0.7069322593517741
    outer loop
      vertex 21.919792171628043 39.87195394199579 0
      vertex 19.37295776621081 41.16963088720389 0
      vertex 19.585847411993345 41.622044413436896 0.5
    endloop
  endfacet
  facet normal 0.2808952604778362 0.6491106479860612 -0.7069322593517743
    outer loop
      vertex 16.933729423495183 42.76971835085957 0.5
      vertex 19.585847411993345 41.622044413436896 0.5
      vertex 19.37295776621081 41.16963088720389 0
    endloop
  endfacet
  facet normal 0.321098972664754 0.6301922170587574 -0.7069322593517766
    outer loop
      vertex 21.919792171628043 39.87195394199579 0
      vertex 19.585847411993345 41.622044413436896 0.5
      vertex 22.1606690086789 40.310107282017725 0.5
    endloop
  endfacet
  facet normal 0 0 -1
    outer loop
      vertex 29.002791533565393 -35.0583525462984 0
      vertex 29.002791533565382 35.05835254629841 0
      vertex 31.146893319755335 33.16807254767423 0
    endloop
  endfacet
  facet normal 0 0 -1
    outer loop
      vertex 31.14689331975533 -33.16807254767423 0
      vertex 31.146893319755335 33.16807254767423 0
      vertex 33.16807254767423 31.146893319755335 0
    endloop
  endfacet
  facet normal 0 0 -1
    outer loop
      vertex 33.16807254767423 -31.14689331975533 0
      vertex 33.16807254767423 31.146893319755335 0
      vertex 35.05835254629841 29.002791533565382 0
    endloop
  endfacet
  facet normal 0 0 -1
    outer loop
      vertex 24.380119171544326 -38.4169206103417 0
      vertex 24.380119171544347 38.416920610341684 0
      vertex 26.74422897930753 36.810273244060106 0
    endloop
  endfacet
  facet normal 0 0 -1
    outer loop
      vertex 26.74422897930753 -36.810273244060106 0
      vertex 26.74422897930753 36.810273244060106 0
      vertex 29.002791533565382 35.05835254629841 0
    endloop
  endfacet
  facet normal 0 0 -1
    outer loop
      vertex 36.810273244060106 -26.74422897930753 0
      vertex 36.810273244060106 26.74422897930753 0
      vertex 38.416920610341684 24.380119171544347 0
    endloop
  endfacet
  facet normal 0 0 -1
    outer loop
      vertex 35.0583525462984 -29.002791533565393 0
      vertex 35.05835254629841 29.002791533565382 0
      vertex 36.810273244060106 26.74422897930753 0
    endloop
  endfacet
  facet normal 0 0 -1
    outer loop
      vertex 38.4169206103417 -24.380119171544326 0
      vertex 38.416920610341684 24.380119171544347 0
      vertex 39.87195394199579 21.919792171628046 0
    endloop
  endfacet
  facet normal 0 0 -1
    outer loop
      vertex 41.169630887203894 -19.372957766210796 0
      vertex 41.169630887203894 19.372957766210806 0
      vertex 42.304830107915436 16.74966714715285 0
    endloop
  endfacet
  facet normal 0 0 -1
    outer loop
      vertex 42.30483010791543 -16.749667147152866 0
      vertex 42.304830107915436 16.74966714715285 0
      vertex 43.273071491429484 14.060273244060106 0
    endloop
  endfacet
  facet normal 0 0 -1
    outer loop
      vertex 44.07053383135272 -11.315389866000876 0
      vertex 44.07053383135271 11.315389866000894 0
      vertex 44.694069908155335 8.52584981365047 0
    endloop
  endfacet
  facet normal 0 0 -1
    outer loop
      vertex 45.14121890980874 -5.702662127175835 0
      vertex 45.14121890980874 5.702662127175843 0
      vertex 45.41021614348636 2.8569686385837585 0
    endloop
  endfacet
  facet normal 0 0 -1
    outer loop
      vertex 44.694069908155335 -8.52584981365048 0
      vertex 44.694069908155335 8.52584981365047 0
      vertex 45.14121890980874 5.702662127175843 0
    endloop
  endfacet
  facet normal 0.7069322593517747 0.02221624125701548 -0.7069322593517747
    outer loop
      vertex 45.5 0 0
      vertex 45.41021614348636 2.8569686385837585 0
      vertex 46 0 0.5
    endloop
  endfacet
  facet normal 0 0 -1
    outer loop
      vertex 43.273071491429484 -14.060273244060106 0
      vertex 43.273071491429484 14.060273244060106 0
      vertex 44.07053383135271 11.315389866000894 0
    endloop
  endfacet
  facet normal 0.7041423206907417 0.06656104641644274 -0.7069322593517747
    outer loop
      vertex 45.41021614348636 2.8569686385837585 0
      vertex 45.14121890980874 5.702662127175843 0
      vertex 45.63727626046598 5.765328743957996 0.5
    endloop
  endfacet
  facet normal 0.7069322593517747 0.02221624125701546 -0.7069322593517748
    outer loop
      vertex 45.41021614348636 2.8569686385837585 0
      vertex 45.909229507700495 2.8883638983484152 0.5
      vertex 46 0 0.5
    endloop
  endfacet
  facet normal 0.7041423206907416 0.06656104641644278 -0.706932259351775
    outer loop
      vertex 45.41021614348636 2.8569686385837585 0
      vertex 45.63727626046598 5.765328743957996 0.5
      vertex 45.909229507700495 2.8883638983484152 0.5
    endloop
  endfacet
  facet normal 0 0 -1
    outer loop
      vertex 39.87195394199579 -21.91979217162805 0
      vertex 39.87195394199579 21.919792171628046 0
      vertex 41.169630887203894 19.372957766210806 0
    endloop
  endfacet
  facet normal 0.6985734539819685 0.11064316553451262 -0.7069322593517748
    outer loop
      vertex 45.14121890980874 5.702662127175843 0
      vertex 44.694069908155335 8.52584981365047 0
      vertex 45.18521353351968 8.619540470943333 0.5
    endloop
  endfacet
  facet normal 0.6902476369981806 0.1542886266262722 -0.706932259351776
    outer loop
      vertex 44.694069908155335 8.52584981365047 0
      vertex 44.07053383135271 11.315389866000894 0
      vertex 44.55482541191703 11.439734809583321 0.5
    endloop
  endfacet
  facet normal 0.6985734539819686 0.1106431655345126 -0.7069322593517748
    outer loop
      vertex 45.14121890980874 5.702662127175843 0
      vertex 45.18521353351968 8.619540470943333 0.5
      vertex 45.63727626046598 5.765328743957996 0.5
    endloop
  endfacet
  facet normal 0.6902476369981818 0.1542886266262721 -0.706932259351775
    outer loop
      vertex 44.694069908155335 8.52584981365047 0
      vertex 44.55482541191703 11.439734809583321 0.5
      vertex 45.18521353351968 8.619540470943333 0.5
    endloop
  endfacet
  facet normal 0.6087867053581617 0.36003545390273334 -0.7069322593517766
    outer loop
      vertex 39.87195394199579 21.919792171628046 0
      vertex 38.83908457309269 24.648032569033845 0.5
      vertex 40.310107282017725 22.160669008678905 0.5
    endloop
  endfacet
  facet normal 0.6654673357362084 0.23958298302664605 -0.7069322593517756
    outer loop
      vertex 42.304830107915436 16.74966714715285 0
      vertex 42.76971835085956 16.933729423495187 0.5
      vertex 43.273071491429484 14.060273244060106 0
    endloop
  endfacet
  facet normal 0.6791977279353125 0.19732518099650595 -0.7069322593517752
    outer loop
      vertex 44.07053383135271 11.315389866000894 0
      vertex 43.273071491429484 14.060273244060106 0
      vertex 43.74859974957706 14.214781741247581 0.5
    endloop
  endfacet
  facet normal 0.6791977279353115 0.19732518099650598 -0.706932259351776
    outer loop
      vertex 44.07053383135271 11.315389866000894 0
      vertex 43.74859974957706 14.214781741247581 0.5
      vertex 44.55482541191703 11.439734809583321 0.5
    endloop
  endfacet
  facet normal 0.665467335736209 0.23958298302664605 -0.7069322593517752
    outer loop
      vertex 43.273071491429484 14.060273244060106 0
      vertex 42.76971835085956 16.933729423495187 0.5
      vertex 43.74859974957706 14.214781741247581 0.5
    endloop
  endfacet
  facet normal 0.6491106479860625 0.2808952604778334 -0.7069322593517742
    outer loop
      vertex 42.304830107915436 16.74966714715285 0
      vertex 41.169630887203894 19.372957766210806 0
      vertex 41.6220444134369 19.585847411993342 0.5
    endloop
  endfacet
  facet normal 0.6301922170587567 0.3210989726647555 -0.7069322593517767
    outer loop
      vertex 39.87195394199579 21.919792171628046 0
      vertex 40.310107282017725 22.160669008678905 0.5
      vertex 41.169630887203894 19.372957766210806 0
    endloop
  endfacet
  facet normal 0.6491106479860611 0.28089526047783336 -0.7069322593517756
    outer loop
      vertex 42.304830107915436 16.74966714715285 0
      vertex 41.6220444134369 19.585847411993342 0.5
      vertex 42.76971835085956 16.933729423495187 0.5
    endloop
  endfacet
  facet normal 0.6301922170587593 0.32109897266475584 -0.7069322593517742
    outer loop
      vertex 41.169630887203894 19.372957766210806 0
      vertex 40.310107282017725 22.160669008678905 0.5
      vertex 41.6220444134369 19.585847411993342 0.5
    endloop
  endfacet
  facet normal 0.5305395024366849 0.46773348933129544 -0.7069322593517753
    outer loop
      vertex 33.16807254767423 31.146893319755335 0
      vertex 33.53255686138493 31.489166872719682 0.5
      vertex 35.05835254629841 29.002791533565382 0
    endloop
  endfacet
  facet normal 0.5001233751224762 0.5001233751224762 -0.7069322593517755
    outer loop
      vertex 31.146893319755335 33.16807254767423 0
      vertex 31.489166872719682 33.53255686138493 0.5
      vertex 33.16807254767423 31.146893319755335 0
    endloop
  endfacet
  facet normal 0.4677334893312946 0.5305395024366857 -0.7069322593517753
    outer loop
      vertex 31.146893319755335 33.16807254767423 0
      vertex 29.321503528439727 35.4436091676863 0.5
      vertex 31.489166872719682 33.53255686138493 0.5
    endloop
  endfacet
  facet normal 0.5001233751224762 0.5001233751224762 -0.7069322593517755
    outer loop
      vertex 33.16807254767423 31.146893319755335 0
      vertex 31.489166872719682 33.53255686138493 0.5
      vertex 33.53255686138493 31.489166872719682 0.5
    endloop
  endfacet
  facet normal 0.39755103968871125 0.5849785906597099 -0.7069322593517743
    outer loop
      vertex 24.380119171544347 38.416920610341684 0
      vertex 24.648032569033845 38.83908457309269 0.5
      vertex 26.74422897930753 36.810273244060106 0
    endloop
  endfacet
  facet normal 0.43349767314482973 0.5588618327152162 -0.7069322593517767
    outer loop
      vertex 26.74422897930753 36.810273244060106 0
      vertex 27.038121605453764 37.214781741247585 0.5
      vertex 29.002791533565382 35.05835254629841 0
    endloop
  endfacet
  facet normal 0.3600354539027341 0.6087867053581639 -0.7069322593517743
    outer loop
      vertex 22.1606690086789 40.310107282017725 0.5
      vertex 24.648032569033845 38.83908457309269 0.5
      vertex 24.380119171544347 38.416920610341684 0
    endloop
  endfacet
  facet normal 0.4334976731448344 0.5588618327152194 -0.7069322593517717
    outer loop
      vertex 27.038121605453764 37.214781741247585 0.5
      vertex 29.321503528439727 35.4436091676863 0.5
      vertex 29.002791533565382 35.05835254629841 0
    endloop
  endfacet
  facet normal 0.3975510396887089 0.5849785906597081 -0.7069322593517771
    outer loop
      vertex 26.74422897930753 36.810273244060106 0
      vertex 24.648032569033845 38.83908457309269 0.5
      vertex 27.038121605453764 37.214781741247585 0.5
    endloop
  endfacet
  facet normal 0.4677334893312979 0.5305395024366877 -0.7069322593517717
    outer loop
      vertex 31.146893319755335 33.16807254767423 0
      vertex 29.002791533565382 35.05835254629841 0
      vertex 29.321503528439727 35.4436091676863 0.5
    endloop
  endfacet
  facet normal 0.5588618327152205 0.43349767314483306 -0.7069322593517715
    outer loop
      vertex 36.810273244060106 26.74422897930753 0
      vertex 35.05835254629841 29.002791533565382 0
      vertex 35.4436091676863 29.321503528439727 0.5
    endloop
  endfacet
  facet normal 0.608786705358164 0.3600354539027338 -0.7069322593517744
    outer loop
      vertex 39.87195394199579 21.919792171628046 0
      vertex 38.416920610341684 24.380119171544347 0
      vertex 38.83908457309269 24.648032569033845 0.5
    endloop
  endfacet
  facet normal 0.5849785906597077 0.3975510396887098 -0.7069322593517771
    outer loop
      vertex 36.810273244060106 26.74422897930753 0
      vertex 37.214781741247585 27.038121605453764 0.5
      vertex 38.416920610341684 24.380119171544347 0
    endloop
  endfacet
  facet normal 0.5588618327152153 0.4334976731448313 -0.7069322593517768
    outer loop
      vertex 36.810273244060106 26.74422897930753 0
      vertex 35.4436091676863 29.321503528439727 0.5
      vertex 37.214781741247585 27.038121605453764 0.5
    endloop
  endfacet
  facet normal 0.5849785906597104 0.3975510396887105 -0.7069322593517743
    outer loop
      vertex 38.416920610341684 24.380119171544347 0
      vertex 37.214781741247585 27.038121605453764 0.5
      vertex 38.83908457309269 24.648032569033845 0.5
    endloop
  endfacet
  facet normal 0.5305395024366882 0.4677334893312968 -0.7069322593517717
    outer loop
      vertex 33.53255686138493 31.489166872719682 0.5
      vertex 35.4436091676863 29.321503528439727 0.5
      vertex 35.05835254629841 29.002791533565382 0
    endloop
  endfacet
  facet normal -0.7501110696304594 -0.6613118653236522 0
    outer loop
      vertex -35.44360916768631 -29.321503528439724 0.5
      vertex -33.53255686138494 -31.48916687271967 0.5
      vertex -35.44360916768631 -29.321503528439724 4.5
    endloop
  endfacet
  facet normal -0.8270805742745618 -0.5620833778521305 0
    outer loop
      vertex -38.83908457309269 -24.64803256903385 0.5
      vertex -37.214781741247585 -27.038121605453764 0.5
      vertex -38.83908457309269 -24.64803256903385 4.5
    endloop
  endfacet
  facet normal -0.7901550123756906 -0.6129070536529762 0
    outer loop
      vertex -35.44360916768631 -29.321503528439724 0.5
      vertex -37.214781741247585 -27.038121605453764 4.5
      vertex -37.214781741247585 -27.038121605453764 0.5
    endloop
  endfacet
  facet normal -0.6613118653236522 -0.7501110696304594 0
    outer loop
      vertex -29.321503528439724 -35.44360916768631 0.5
      vertex -29.321503528439724 -35.44360916768631 4.5
      vertex -31.48916687271967 -33.53255686138494 0.5
    endloop
  endfacet
  facet normal -0.6129070536529762 -0.7901550123756906 0
    outer loop
      vertex -29.321503528439724 -35.44360916768631 0.5
      vertex -27.038121605453764 -37.214781741247585 0.5
      vertex -27.038121605453764 -37.214781741247585 4.5
    endloop
  endfacet
  facet normal -0.5620833778521305 -0.8270805742745618 0
    outer loop
      vertex -27.038121605453764 -37.214781741247585 0.5
      vertex -24.64803256903385 -38.83908457309269 0.5
      vertex -24.64803256903385 -38.83908457309269 4.5
    endloop
  endfacet
  facet normal -0.7071067811865476 -0.7071067811865476 0
    outer loop
      vertex -33.53255686138494 -31.48916687271967 0.5
      vertex -31.48916687271967 -33.53255686138494 0.5
      vertex -33.53255686138494 -31.48916687271967 4.5
    endloop
  endfacet
  facet normal -0.8910065241883673 -0.45399049973954775 0
    outer loop
      vertex -40.31010728201772 -22.16066900867891 0.5
      vertex -41.6220444134369 -19.58584741199333 4.5
      vertex -41.6220444134369 -19.58584741199333 0.5
    endloop
  endfacet
  facet normal -0.9177546256839806 -0.39714789063478173 0
    outer loop
      vertex -41.6220444134369 -19.58584741199333 0.5
      vertex -42.76971835085957 -16.933729423495183 4.5
      vertex -42.76971835085957 -16.933729423495183 0.5
    endloop
  endfacet
  facet normal -0.9408807689542263 -0.33873792024528876 0
    outer loop
      vertex -43.74859974957706 -14.214781741247581 0.5
      vertex -42.76971835085957 -16.933729423495183 0.5
      vertex -43.74859974957706 -14.214781741247581 4.5
    endloop
  endfacet
  facet normal -0.9602936856769428 -0.2789911060392301 0
    outer loop
      vertex -43.74859974957706 -14.214781741247581 0.5
      vertex -44.55482541191703 -11.439734809583323 4.5
      vertex -44.55482541191703 -11.439734809583323 0.5
    endloop
  endfacet
  facet normal -0.8607420270039444 -0.5090414157503699 0
    outer loop
      vertex -38.83908457309269 -24.64803256903385 0.5
      vertex -40.31010728201772 -22.16066900867891 4.5
      vertex -40.31010728201772 -22.16066900867891 0.5
    endloop
  endfacet
  facet normal -0.9759167619387472 -0.21814324139654365 0
    outer loop
      vertex -44.55482541191703 -11.439734809583323 0.5
      vertex -45.18521353351968 -8.619540470943342 4.5
      vertex -45.18521353351968 -8.619540470943342 0.5
    endloop
  endfacet
  facet normal -0.9876883405951378 -0.1564344650402303 0
    outer loop
      vertex -45.18521353351968 -8.619540470943342 0.5
      vertex -45.63727626046598 -5.765328743957987 4.5
      vertex -45.63727626046598 -5.765328743957987 0.5
    endloop
  endfacet
  facet normal -0.99556196460308 -0.09410831331851514 0
    outer loop
      vertex -45.63727626046598 -5.765328743957987 0.5
      vertex -45.909229507700495 -2.888363898348411 4.5
      vertex -45.909229507700495 -2.888363898348411 0.5
    endloop
  endfacet
  facet normal -0.9995065603657316 -0.031410759078127314 0
    outer loop
      vertex -45.909229507700495 -2.888363898348411 0.5
      vertex -46 0 4.5
      vertex -46 0 0.5
    endloop
  endfacet
  facet normal -0.45399049973954775 -0.8910065241883673 0
    outer loop
      vertex -22.16066900867891 -40.31010728201772 0.5
      vertex -19.58584741199333 -41.6220444134369 0.5
      vertex -19.58584741199333 -41.6220444134369 4.5
    endloop
  endfacet
  facet normal -0.39714789063478173 -0.9177546256839806 0
    outer loop
      vertex -19.58584741199333 -41.6220444134369 0.5
      vertex -16.933729423495183 -42.76971835085957 0.5
      vertex -16.933729423495183 -42.76971835085957 4.5
    endloop
  endfacet
  facet normal -0.5090414157503699 -0.8607420270039444 0
    outer loop
      vertex -24.64803256903385 -38.83908457309269 0.5
      vertex -22.16066900867891 -40.31010728201772 0.5
      vertex -22.16066900867891 -40.31010728201772 4.5
    endloop
  endfacet
  facet normal -0.33873792024528876 -0.9408807689542263 0
    outer loop
      vertex -16.933729423495183 -42.76971835085957 0.5
      vertex -14.214781741247581 -43.74859974957706 0.5
      vertex -14.214781741247581 -43.74859974957706 4.5
    endloop
  endfacet
  facet normal -0.2789911060392301 -0.9602936856769428 0
    outer loop
      vertex -14.214781741247581 -43.74859974957706 0.5
      vertex -11.439734809583323 -44.55482541191703 0.5
      vertex -11.439734809583323 -44.55482541191703 4.5
    endloop
  endfacet
  facet normal -0.21814324139654365 -0.9759167619387472 0
    outer loop
      vertex -11.439734809583323 -44.55482541191703 0.5
      vertex -8.619540470943342 -45.18521353351968 0.5
      vertex -8.619540470943342 -45.18521353351968 4.5
    endloop
  endfacet
  facet normal -0.1564344650402303 -0.9876883405951378 0
    outer loop
      vertex -8.619540470943342 -45.18521353351968 0.5
      vertex -5.765328743957987 -45.63727626046598 0.5
      vertex -5.765328743957987 -45.63727626046598 4.5
    endloop
  endfacet
  facet normal -0.09410831331851587 -0.99556196460308 0
    outer loop
      vertex -5.765328743957987 -45.63727626046598 0.5
      vertex -2.888363898348433 -45.909229507700495 0.5
      vertex -2.888363898348433 -45.909229507700495 4.5
    endloop
  endfacet
  facet normal -0.03141075907812708 -0.9995065603657316 0
    outer loop
      vertex -2.888363898348433 -45.909229507700495 0.5
      vertex 0 -46 0.5
      vertex 0 -46 4.5
    endloop
  endfacet
  facet normal -0.8270805742745618 -0.5620833778521305 0
    outer loop
      vertex -37.214781741247585 -27.038121605453764 0.5
      vertex -37.214781741247585 -27.038121605453764 4.5
      vertex -38.83908457309269 -24.64803256903385 4.5
    endloop
  endfacet
  facet normal -0.8607420270039444 -0.5090414157503699 0
    outer loop
      vertex -38.83908457309269 -24.64803256903385 0.5
      vertex -38.83908457309269 -24.64803256903385 4.5
      vertex -40.31010728201772 -22.16066900867891 4.5
    endloop
  endfacet
  facet normal -0.7901550123756906 -0.6129070536529762 0
    outer loop
      vertex -35.44360916768631 -29.321503528439724 0.5
      vertex -35.44360916768631 -29.321503528439724 4.5
      vertex -37.214781741247585 -27.038121605453764 4.5
    endloop
  endfacet
  facet normal -0.5620833778521305 -0.8270805742745618 0
    outer loop
      vertex -27.038121605453764 -37.214781741247585 0.5
      vertex -24.64803256903385 -38.83908457309269 4.5
      vertex -27.038121605453764 -37.214781741247585 4.5
    endloop
  endfacet
  facet normal -0.6129070536529762 -0.7901550123756906 0
    outer loop
      vertex -29.321503528439724 -35.44360916768631 0.5
      vertex -27.038121605453764 -37.214781741247585 4.5
      vertex -29.321503528439724 -35.44360916768631 4.5
    endloop
  endfacet
  facet normal -0.5090414157503699 -0.8607420270039444 0
    outer loop
      vertex -24.64803256903385 -38.83908457309269 0.5
      vertex -22.16066900867891 -40.31010728201772 4.5
      vertex -24.64803256903385 -38.83908457309269 4.5
    endloop
  endfacet
  facet normal -0.7071067811865476 -0.7071067811865476 0
    outer loop
      vertex -31.48916687271967 -33.53255686138494 0.5
      vertex -31.48916687271967 -33.53255686138494 4.5
      vertex -33.53255686138494 -31.48916687271967 4.5
    endloop
  endfacet
  facet normal -0.7501110696304594 -0.6613118653236522 0
    outer loop
      vertex -33.53255686138494 -31.48916687271967 0.5
      vertex -33.53255686138494 -31.48916687271967 4.5
      vertex -35.44360916768631 -29.321503528439724 4.5
    endloop
  endfacet
  facet normal -0.6613118653236522 -0.7501110696304594 0
    outer loop
      vertex -31.48916687271967 -33.53255686138494 0.5
      vertex -29.321503528439724 -35.44360916768631 4.5
      vertex -31.48916687271967 -33.53255686138494 4.5
    endloop
  endfacet
  facet normal -0.8910065241883673 -0.45399049973954775 0
    outer loop
      vertex -40.31010728201772 -22.16066900867891 0.5
      vertex -40.31010728201772 -22.16066900867891 4.5
      vertex -41.6220444134369 -19.58584741199333 4.5
    endloop
  endfacet
  facet normal -0.9177546256839806 -0.39714789063478173 0
    outer loop
      vertex -41.6220444134369 -19.58584741199333 0.5
      vertex -41.6220444134369 -19.58584741199333 4.5
      vertex -42.76971835085957 -16.933729423495183 4.5
    endloop
  endfacet
  facet normal -0.9602936856769428 -0.2789911060392301 0
    outer loop
      vertex -43.74859974957706 -14.214781741247581 0.5
      vertex -43.74859974957706 -14.214781741247581 4.5
      vertex -44.55482541191703 -11.439734809583323 4.5
    endloop
  endfacet
  facet normal -0.9408807689542263 -0.33873792024528876 0
    outer loop
      vertex -42.76971835085957 -16.933729423495183 0.5
      vertex -42.76971835085957 -16.933729423495183 4.5
      vertex -43.74859974957706 -14.214781741247581 4.5
    endloop
  endfacet
  facet normal -0.9759167619387472 -0.21814324139654365 0
    outer loop
      vertex -44.55482541191703 -11.439734809583323 0.5
      vertex -44.55482541191703 -11.439734809583323 4.5
      vertex -45.18521353351968 -8.619540470943342 4.5
    endloop
  endfacet
  facet normal -0.9876883405951378 -0.1564344650402303 0
    outer loop
      vertex -45.18521353351968 -8.619540470943342 0.5
      vertex -45.18521353351968 -8.619540470943342 4.5
      vertex -45.63727626046598 -5.765328743957987 4.5
    endloop
  endfacet
  facet normal -0.99556196460308 -0.09410831331851514 0
    outer loop
      vertex -45.63727626046598 -5.765328743957987 0.5
      vertex -45.63727626046598 -5.765328743957987 4.5
      vertex -45.909229507700495 -2.888363898348411 4.5
    endloop
  endfacet
  facet normal -0.9995065603657316 -0.031410759078127314 0
    outer loop
      vertex -45.909229507700495 -2.888363898348411 0.5
      vertex -45.909229507700495 -2.888363898348411 4.5
      vertex -46 0 4.5
    endloop
  endfacet
  facet normal -0.45399049973954775 -0.8910065241883673 0
    outer loop
      vertex -22.16066900867891 -40.31010728201772 0.5
      vertex -19.58584741199333 -41.6220444134369 4.5
      vertex -22.16066900867891 -40.31010728201772 4.5
    endloop
  endfacet
  facet normal -0.39714789063478173 -0.9177546256839806 0
    outer loop
      vertex -19.58584741199333 -41.6220444134369 0.5
      vertex -16.933729423495183 -42.76971835085957 4.5
      vertex -19.58584741199333 -41.6220444134369 4.5
    endloop
  endfacet
  facet normal -0.33873792024528876 -0.9408807689542263 0
    outer loop
      vertex -16.933729423495183 -42.76971835085957 0.5
      vertex -14.214781741247581 -43.74859974957706 4.5
      vertex -16.933729423495183 -42.76971835085957 4.5
    endloop
  endfacet
  facet normal -0.2789911060392301 -0.9602936856769428 0
    outer loop
      vertex -14.214781741247581 -43.74859974957706 0.5
      vertex -11.439734809583323 -44.55482541191703 4.5
      vertex -14.214781741247581 -43.74859974957706 4.5
    endloop
  endfacet
  facet normal -0.21814324139654365 -0.9759167619387472 0
    outer loop
      vertex -11.439734809583323 -44.55482541191703 0.5
      vertex -8.619540470943342 -45.18521353351968 4.5
      vertex -11.439734809583323 -44.55482541191703 4.5
    endloop
  endfacet
  facet normal -0.1564344650402303 -0.9876883405951378 0
    outer loop
      vertex -8.619540470943342 -45.18521353351968 0.5
      vertex -5.765328743957987 -45.63727626046598 4.5
      vertex -8.619540470943342 -45.18521353351968 4.5
    endloop
  endfacet
  facet normal -0.09410831331851587 -0.99556196460308 0
    outer loop
      vertex -5.765328743957987 -45.63727626046598 0.5
      vertex -2.888363898348433 -45.909229507700495 4.5
      vertex -5.765328743957987 -45.63727626046598 4.5
    endloop
  endfacet
  facet normal -0.03141075907812708 -0.9995065603657316 0
    outer loop
      vertex -2.888363898348433 -45.909229507700495 0.5
      vertex 0 -46 4.5
      vertex -2.888363898348433 -45.909229507700495 4.5
    endloop
  endfacet
  facet normal -0.9995065603657316 0.031410759078127314 0
    outer loop
      vertex -46 0 0.5
      vertex -45.909229507700495 2.888363898348411 4.5
      vertex -45.909229507700495 2.888363898348411 0.5
    endloop
  endfacet
  facet normal -0.99556196460308 0.09410831331851514 0
    outer loop
      vertex -45.909229507700495 2.888363898348411 0.5
      vertex -45.63727626046598 5.765328743957987 4.5
      vertex -45.63727626046598 5.765328743957987 0.5
    endloop
  endfacet
  facet normal -0.9876883405951378 0.1564344650402303 0
    outer loop
      vertex -45.63727626046598 5.765328743957987 0.5
      vertex -45.18521353351968 8.619540470943342 4.5
      vertex -45.18521353351968 8.619540470943342 0.5
    endloop
  endfacet
  facet normal -0.9759167619387472 0.21814324139654365 0
    outer loop
      vertex -45.18521353351968 8.619540470943342 0.5
      vertex -44.55482541191703 11.439734809583323 4.5
      vertex -44.55482541191703 11.439734809583323 0.5
    endloop
  endfacet
  facet normal -0.9602936856769428 0.2789911060392301 0
    outer loop
      vertex -44.55482541191703 11.439734809583323 0.5
      vertex -43.74859974957706 14.214781741247581 4.5
      vertex -43.74859974957706 14.214781741247581 0.5
    endloop
  endfacet
  facet normal -0.9408807689542263 0.33873792024528876 0
    outer loop
      vertex -43.74859974957706 14.214781741247581 0.5
      vertex -42.76971835085957 16.933729423495183 4.5
      vertex -42.76971835085957 16.933729423495183 0.5
    endloop
  endfacet
  facet normal -0.9177546256839806 0.39714789063478173 0
    outer loop
      vertex -42.76971835085957 16.933729423495183 0.5
      vertex -41.6220444134369 19.58584741199333 4.5
      vertex -41.6220444134369 19.58584741199333 0.5
    endloop
  endfacet
  facet normal -0.8910065241883673 0.45399049973954775 0
    outer loop
      vertex -41.6220444134369 19.58584741199333 0.5
      vertex -40.31010728201772 22.16066900867891 4.5
      vertex -40.31010728201772 22.16066900867891 0.5
    endloop
  endfacet
  facet normal -0.8607420270039444 0.5090414157503699 0
    outer loop
      vertex -40.31010728201772 22.16066900867891 0.5
      vertex -38.83908457309269 24.64803256903385 4.5
      vertex -38.83908457309269 24.64803256903385 0.5
    endloop
  endfacet
  facet normal -0.8270805742745618 0.5620833778521305 0
    outer loop
      vertex -38.83908457309269 24.64803256903385 0.5
      vertex -37.214781741247585 27.038121605453764 4.5
      vertex -37.214781741247585 27.038121605453764 0.5
    endloop
  endfacet
  facet normal -0.7901550123756906 0.6129070536529762 0
    outer loop
      vertex -37.214781741247585 27.038121605453764 0.5
      vertex -35.44360916768631 29.321503528439724 4.5
      vertex -35.44360916768631 29.321503528439724 0.5
    endloop
  endfacet
  facet normal -0.7501110696304594 0.6613118653236522 0
    outer loop
      vertex -35.44360916768631 29.321503528439724 0.5
      vertex -33.53255686138494 31.48916687271967 4.5
      vertex -33.53255686138494 31.48916687271967 0.5
    endloop
  endfacet
  facet normal -0.7071067811865476 0.7071067811865476 0
    outer loop
      vertex -33.53255686138494 31.48916687271967 0.5
      vertex -31.48916687271967 33.53255686138494 4.5
      vertex -31.48916687271967 33.53255686138494 0.5
    endloop
  endfacet
  facet normal -0.6613118653236522 0.7501110696304594 0
    outer loop
      vertex -31.48916687271967 33.53255686138494 0.5
      vertex -31.48916687271967 33.53255686138494 4.5
      vertex -29.321503528439724 35.44360916768631 0.5
    endloop
  endfacet
  facet normal -0.6129070536529762 0.7901550123756906 0
    outer loop
      vertex -29.321503528439724 35.44360916768631 0.5
      vertex -29.321503528439724 35.44360916768631 4.5
      vertex -27.038121605453764 37.214781741247585 0.5
    endloop
  endfacet
  facet normal -0.5620833778521305 0.8270805742745618 0
    outer loop
      vertex -27.038121605453764 37.214781741247585 0.5
      vertex -27.038121605453764 37.214781741247585 4.5
      vertex -24.64803256903385 38.83908457309269 0.5
    endloop
  endfacet
  facet normal -0.5090414157503707 0.860742027003944 0
    outer loop
      vertex -24.64803256903385 38.83908457309269 0.5
      vertex -24.64803256903385 38.83908457309269 4.5
      vertex -22.1606690086789 40.310107282017725 0.5
    endloop
  endfacet
  facet normal -0.4539904997395468 0.8910065241883678 0
    outer loop
      vertex -22.1606690086789 40.310107282017725 0.5
      vertex -22.1606690086789 40.310107282017725 4.5
      vertex -19.585847411993345 41.622044413436896 0.5
    endloop
  endfacet
  facet normal -0.39714789063478206 0.9177546256839806 0
    outer loop
      vertex -19.585847411993345 41.622044413436896 0.5
      vertex -19.585847411993345 41.622044413436896 4.5
      vertex -16.933729423495183 42.76971835085957 0.5
    endloop
  endfacet
  facet normal -0.33873792024528876 0.9408807689542263 0
    outer loop
      vertex -16.933729423495183 42.76971835085957 0.5
      vertex -16.933729423495183 42.76971835085957 4.5
      vertex -14.214781741247581 43.74859974957706 0.5
    endloop
  endfacet
  facet normal -0.2789911060392301 0.9602936856769428 0
    outer loop
      vertex -14.214781741247581 43.74859974957706 0.5
      vertex -14.214781741247581 43.74859974957706 4.5
      vertex -11.439734809583323 44.55482541191703 0.5
    endloop
  endfacet
  facet normal -0.21814324139654287 0.9759167619387474 0
    outer loop
      vertex -11.439734809583323 44.55482541191703 0.5
      vertex -11.439734809583323 44.55482541191703 4.5
      vertex -8.619540470943331 45.18521353351968 0.5
    endloop
  endfacet
  facet normal -0.1564344650402314 0.9876883405951375 0
    outer loop
      vertex -8.619540470943331 45.18521353351968 0.5
      vertex -8.619540470943331 45.18521353351968 4.5
      vertex -5.765328743957997 45.63727626046598 0.5
    endloop
  endfacet
  facet normal -0.09410831331851482 0.99556196460308 0
    outer loop
      vertex -5.765328743957997 45.63727626046598 0.5
      vertex -5.765328743957997 45.63727626046598 4.5
      vertex -2.888363898348411 45.909229507700495 0.5
    endloop
  endfacet
  facet normal -0.031410759078127314 0.9995065603657316 0
    outer loop
      vertex -2.888363898348411 45.909229507700495 0.5
      vertex -2.888363898348411 45.909229507700495 4.5
      vertex 0 46 0.5
    endloop
  endfacet
  facet normal -0.9995065603657316 0.031410759078127314 0
    outer loop
      vertex -46 0 0.5
      vertex -46 0 4.5
      vertex -45.909229507700495 2.888363898348411 4.5
    endloop
  endfacet
  facet normal -0.99556196460308 0.09410831331851514 0
    outer loop
      vertex -45.909229507700495 2.888363898348411 0.5
      vertex -45.909229507700495 2.888363898348411 4.5
      vertex -45.63727626046598 5.765328743957987 4.5
    endloop
  endfacet
  facet normal -0.9876883405951378 0.1564344650402303 0
    outer loop
      vertex -45.63727626046598 5.765328743957987 0.5
      vertex -45.63727626046598 5.765328743957987 4.5
      vertex -45.18521353351968 8.619540470943342 4.5
    endloop
  endfacet
  facet normal -0.9759167619387472 0.21814324139654365 0
    outer loop
      vertex -45.18521353351968 8.619540470943342 0.5
      vertex -45.18521353351968 8.619540470943342 4.5
      vertex -44.55482541191703 11.439734809583323 4.5
    endloop
  endfacet
  facet normal -0.9602936856769428 0.2789911060392301 0
    outer loop
      vertex -44.55482541191703 11.439734809583323 0.5
      vertex -44.55482541191703 11.439734809583323 4.5
      vertex -43.74859974957706 14.214781741247581 4.5
    endloop
  endfacet
  facet normal -0.9408807689542263 0.33873792024528876 0
    outer loop
      vertex -43.74859974957706 14.214781741247581 0.5
      vertex -43.74859974957706 14.214781741247581 4.5
      vertex -42.76971835085957 16.933729423495183 4.5
    endloop
  endfacet
  facet normal -0.9177546256839806 0.39714789063478173 0
    outer loop
      vertex -42.76971835085957 16.933729423495183 0.5
      vertex -42.76971835085957 16.933729423495183 4.5
      vertex -41.6220444134369 19.58584741199333 4.5
    endloop
  endfacet
  facet normal -0.8910065241883673 0.45399049973954775 0
    outer loop
      vertex -41.6220444134369 19.58584741199333 0.5
      vertex -41.6220444134369 19.58584741199333 4.5
      vertex -40.31010728201772 22.16066900867891 4.5
    endloop
  endfacet
  facet normal -0.8607420270039444 0.5090414157503699 0
    outer loop
      vertex -40.31010728201772 22.16066900867891 0.5
      vertex -40.31010728201772 22.16066900867891 4.5
      vertex -38.83908457309269 24.64803256903385 4.5
    endloop
  endfacet
  facet normal -0.8270805742745618 0.5620833778521305 0
    outer loop
      vertex -38.83908457309269 24.64803256903385 0.5
      vertex -38.83908457309269 24.64803256903385 4.5
      vertex -37.214781741247585 27.038121605453764 4.5
    endloop
  endfacet
  facet normal -0.7901550123756906 0.6129070536529762 0
    outer loop
      vertex -37.214781741247585 27.038121605453764 0.5
      vertex -37.214781741247585 27.038121605453764 4.5
      vertex -35.44360916768631 29.321503528439724 4.5
    endloop
  endfacet
  facet normal -0.7501110696304594 0.6613118653236522 0
    outer loop
      vertex -35.44360916768631 29.321503528439724 0.5
      vertex -35.44360916768631 29.321503528439724 4.5
      vertex -33.53255686138494 31.48916687271967 4.5
    endloop
  endfacet
  facet normal -0.7071067811865476 0.7071067811865476 0
    outer loop
      vertex -33.53255686138494 31.48916687271967 0.5
      vertex -33.53255686138494 31.48916687271967 4.5
      vertex -31.48916687271967 33.53255686138494 4.5
    endloop
  endfacet
  facet normal -0.6613118653236522 0.7501110696304594 0
    outer loop
      vertex -29.321503528439724 35.44360916768631 0.5
      vertex -31.48916687271967 33.53255686138494 4.5
      vertex -29.321503528439724 35.44360916768631 4.5
    endloop
  endfacet
  facet normal -0.6129070536529762 0.7901550123756906 0
    outer loop
      vertex -27.038121605453764 37.214781741247585 0.5
      vertex -29.321503528439724 35.44360916768631 4.5
      vertex -27.038121605453764 37.214781741247585 4.5
    endloop
  endfacet
  facet normal -0.5620833778521305 0.8270805742745618 0
    outer loop
      vertex -24.64803256903385 38.83908457309269 0.5
      vertex -27.038121605453764 37.214781741247585 4.5
      vertex -24.64803256903385 38.83908457309269 4.5
    endloop
  endfacet
  facet normal -0.5090414157503707 0.860742027003944 0
    outer loop
      vertex -22.1606690086789 40.310107282017725 0.5
      vertex -24.64803256903385 38.83908457309269 4.5
      vertex -22.1606690086789 40.310107282017725 4.5
    endloop
  endfacet
  facet normal -0.4539904997395468 0.8910065241883678 0
    outer loop
      vertex -19.585847411993345 41.622044413436896 0.5
      vertex -22.1606690086789 40.310107282017725 4.5
      vertex -19.585847411993345 41.622044413436896 4.5
    endloop
  endfacet
  facet normal -0.39714789063478206 0.9177546256839806 0
    outer loop
      vertex -16.933729423495183 42.76971835085957 0.5
      vertex -19.585847411993345 41.622044413436896 4.5
      vertex -16.933729423495183 42.76971835085957 4.5
    endloop
  endfacet
  facet normal -0.33873792024528876 0.9408807689542263 0
    outer loop
      vertex -14.214781741247581 43.74859974957706 0.5
      vertex -16.933729423495183 42.76971835085957 4.5
      vertex -14.214781741247581 43.74859974957706 4.5
    endloop
  endfacet
  facet normal -0.2789911060392301 0.9602936856769428 0
    outer loop
      vertex -11.439734809583323 44.55482541191703 0.5
      vertex -14.214781741247581 43.74859974957706 4.5
      vertex -11.439734809583323 44.55482541191703 4.5
    endloop
  endfacet
  facet normal -0.21814324139654287 0.9759167619387474 0
    outer loop
      vertex -8.619540470943331 45.18521353351968 0.5
      vertex -11.439734809583323 44.55482541191703 4.5
      vertex -8.619540470943331 45.18521353351968 4.5
    endloop
  endfacet
  facet normal -0.1564344650402314 0.9876883405951375 0
    outer loop
      vertex -5.765328743957997 45.63727626046598 0.5
      vertex -8.619540470943331 45.18521353351968 4.5
      vertex -5.765328743957997 45.63727626046598 4.5
    endloop
  endfacet
  facet normal -0.09410831331851482 0.99556196460308 0
    outer loop
      vertex -2.888363898348411 45.909229507700495 0.5
      vertex -5.765328743957997 45.63727626046598 4.5
      vertex -2.888363898348411 45.909229507700495 4.5
    endloop
  endfacet
  facet normal -0.031410759078127314 0.9995065603657316 0
    outer loop
      vertex -2.888363898348411 45.909229507700495 4.5
      vertex 0 46 4.5
      vertex 0 46 0.5
    endloop
  endfacet
  facet normal 0.03141075907812708 -0.9995065603657316 0
    outer loop
      vertex 0 -46 0.5
      vertex 2.888363898348433 -45.909229507700495 0.5
      vertex 2.888363898348433 -45.909229507700495 4.5
    endloop
  endfacet
  facet normal 0.09410831331851587 -0.99556196460308 0
    outer loop
      vertex 2.888363898348433 -45.909229507700495 0.5
      vertex 5.765328743957987 -45.63727626046598 0.5
      vertex 5.765328743957987 -45.63727626046598 4.5
    endloop
  endfacet
  facet normal 0.1564344650402303 -0.9876883405951378 0
    outer loop
      vertex 5.765328743957987 -45.63727626046598 0.5
      vertex 8.619540470943342 -45.18521353351968 0.5
      vertex 8.619540470943342 -45.18521353351968 4.5
    endloop
  endfacet
  facet normal 0.21814324139654276 -0.9759167619387474 0
    outer loop
      vertex 8.619540470943342 -45.18521353351968 0.5
      vertex 11.439734809583303 -44.55482541191704 0.5
      vertex 11.439734809583303 -44.55482541191704 4.5
    endloop
  endfacet
  facet normal 0.27899110603923055 -0.9602936856769426 0
    outer loop
      vertex 11.439734809583303 -44.55482541191704 0.5
      vertex 14.214781741247581 -43.74859974957706 0.5
      vertex 14.214781741247581 -43.74859974957706 4.5
    endloop
  endfacet
  facet normal 0.33873792024529076 -0.9408807689542257 0
    outer loop
      vertex 14.214781741247581 -43.74859974957706 0.5
      vertex 16.933729423495205 -42.769718350859556 0.5
      vertex 16.933729423495205 -42.769718350859556 4.5
    endloop
  endfacet
  facet normal 0.3971478906347803 -0.9177546256839813 0
    outer loop
      vertex 16.933729423495205 -42.769718350859556 0.5
      vertex 19.58584741199333 -41.6220444134369 0.5
      vertex 19.58584741199333 -41.6220444134369 4.5
    endloop
  endfacet
  facet normal 0.45399049973954775 -0.8910065241883673 0
    outer loop
      vertex 19.58584741199333 -41.6220444134369 0.5
      vertex 22.16066900867891 -40.31010728201772 0.5
      vertex 22.16066900867891 -40.31010728201772 4.5
    endloop
  endfacet
  facet normal 0.50904141575037 -0.8607420270039444 0
    outer loop
      vertex 22.16066900867891 -40.31010728201772 0.5
      vertex 24.648032569033827 -38.839084573092705 0.5
      vertex 24.648032569033827 -38.839084573092705 4.5
    endloop
  endfacet
  facet normal 0.5620833778521299 -0.8270805742745623 0
    outer loop
      vertex 24.648032569033827 -38.839084573092705 0.5
      vertex 27.038121605453764 -37.214781741247585 0.5
      vertex 27.038121605453764 -37.214781741247585 4.5
    endloop
  endfacet
  facet normal 0.6129070536529768 -0.7901550123756901 0
    outer loop
      vertex 27.038121605453764 -37.214781741247585 0.5
      vertex 29.321503528439738 -35.4436091676863 0.5
      vertex 29.321503528439738 -35.4436091676863 4.5
    endloop
  endfacet
  facet normal 0.6613118653236517 -0.7501110696304597 0
    outer loop
      vertex 29.321503528439738 -35.4436091676863 0.5
      vertex 31.48916687271967 -33.53255686138494 0.5
      vertex 31.48916687271967 -33.53255686138494 4.5
    endloop
  endfacet
  facet normal 0.7071067811865476 -0.7071067811865476 0
    outer loop
      vertex 31.48916687271967 -33.53255686138494 0.5
      vertex 33.53255686138494 -31.48916687271967 0.5
      vertex 31.48916687271967 -33.53255686138494 4.5
    endloop
  endfacet
  facet normal 0.7501110696304597 -0.6613118653236517 0
    outer loop
      vertex 33.53255686138494 -31.48916687271967 0.5
      vertex 35.4436091676863 -29.321503528439738 0.5
      vertex 33.53255686138494 -31.48916687271967 4.5
    endloop
  endfacet
  facet normal 0.7901550123756901 -0.6129070536529768 0
    outer loop
      vertex 35.4436091676863 -29.321503528439738 0.5
      vertex 37.214781741247585 -27.038121605453764 0.5
      vertex 35.4436091676863 -29.321503528439738 4.5
    endloop
  endfacet
  facet normal 0.8270805742745623 -0.5620833778521299 0
    outer loop
      vertex 37.214781741247585 -27.038121605453764 0.5
      vertex 38.839084573092705 -24.648032569033827 0.5
      vertex 37.214781741247585 -27.038121605453764 4.5
    endloop
  endfacet
  facet normal 0.8607420270039444 -0.50904141575037 0
    outer loop
      vertex 38.839084573092705 -24.648032569033827 0.5
      vertex 40.31010728201772 -22.16066900867891 0.5
      vertex 38.839084573092705 -24.648032569033827 4.5
    endloop
  endfacet
  facet normal 0.8910065241883673 -0.45399049973954775 0
    outer loop
      vertex 40.31010728201772 -22.16066900867891 0.5
      vertex 41.6220444134369 -19.58584741199333 0.5
      vertex 40.31010728201772 -22.16066900867891 4.5
    endloop
  endfacet
  facet normal 0.9177546256839813 -0.3971478906347803 0
    outer loop
      vertex 41.6220444134369 -19.58584741199333 0.5
      vertex 42.769718350859556 -16.933729423495205 0.5
      vertex 41.6220444134369 -19.58584741199333 4.5
    endloop
  endfacet
  facet normal 0.9408807689542257 -0.33873792024529076 0
    outer loop
      vertex 42.769718350859556 -16.933729423495205 0.5
      vertex 43.74859974957706 -14.214781741247581 0.5
      vertex 42.769718350859556 -16.933729423495205 4.5
    endloop
  endfacet
  facet normal 0.9602936856769426 -0.27899110603923055 0
    outer loop
      vertex 43.74859974957706 -14.214781741247581 0.5
      vertex 44.55482541191704 -11.439734809583303 0.5
      vertex 43.74859974957706 -14.214781741247581 4.5
    endloop
  endfacet
  facet normal 0.9759167619387474 -0.21814324139654276 0
    outer loop
      vertex 44.55482541191704 -11.439734809583303 0.5
      vertex 45.18521353351968 -8.619540470943342 0.5
      vertex 44.55482541191704 -11.439734809583303 4.5
    endloop
  endfacet
  facet normal 0.9876883405951378 -0.1564344650402303 0
    outer loop
      vertex 45.18521353351968 -8.619540470943342 0.5
      vertex 45.63727626046598 -5.765328743957987 0.5
      vertex 45.18521353351968 -8.619540470943342 4.5
    endloop
  endfacet
  facet normal 0.99556196460308 -0.09410831331851587 0
    outer loop
      vertex 45.63727626046598 -5.765328743957987 0.5
      vertex 45.909229507700495 -2.888363898348433 0.5
      vertex 45.63727626046598 -5.765328743957987 4.5
    endloop
  endfacet
  facet normal 0.9995065603657316 -0.03141075907812708 0
    outer loop
      vertex 45.909229507700495 -2.888363898348433 0.5
      vertex 46 0 0.5
      vertex 45.909229507700495 -2.888363898348433 4.5
    endloop
  endfacet
  facet normal 0.03141075907812708 -0.9995065603657316 0
    outer loop
      vertex 0 -46 0.5
      vertex 2.888363898348433 -45.909229507700495 4.5
      vertex 0 -46 4.5
    endloop
  endfacet
  facet normal 0.09410831331851587 -0.99556196460308 0
    outer loop
      vertex 2.888363898348433 -45.909229507700495 0.5
      vertex 5.765328743957987 -45.63727626046598 4.5
      vertex 2.888363898348433 -45.909229507700495 4.5
    endloop
  endfacet
  facet normal 0.1564344650402303 -0.9876883405951378 0
    outer loop
      vertex 5.765328743957987 -45.63727626046598 0.5
      vertex 8.619540470943342 -45.18521353351968 4.5
      vertex 5.765328743957987 -45.63727626046598 4.5
    endloop
  endfacet
  facet normal 0.21814324139654276 -0.9759167619387474 0
    outer loop
      vertex 8.619540470943342 -45.18521353351968 0.5
      vertex 11.439734809583303 -44.55482541191704 4.5
      vertex 8.619540470943342 -45.18521353351968 4.5
    endloop
  endfacet
  facet normal 0.27899110603923055 -0.9602936856769426 0
    outer loop
      vertex 11.439734809583303 -44.55482541191704 0.5
      vertex 14.214781741247581 -43.74859974957706 4.5
      vertex 11.439734809583303 -44.55482541191704 4.5
    endloop
  endfacet
  facet normal 0.33873792024529076 -0.9408807689542257 0
    outer loop
      vertex 14.214781741247581 -43.74859974957706 0.5
      vertex 16.933729423495205 -42.769718350859556 4.5
      vertex 14.214781741247581 -43.74859974957706 4.5
    endloop
  endfacet
  facet normal 0.3971478906347803 -0.9177546256839813 0
    outer loop
      vertex 16.933729423495205 -42.769718350859556 0.5
      vertex 19.58584741199333 -41.6220444134369 4.5
      vertex 16.933729423495205 -42.769718350859556 4.5
    endloop
  endfacet
  facet normal 0.45399049973954775 -0.8910065241883673 0
    outer loop
      vertex 19.58584741199333 -41.6220444134369 0.5
      vertex 22.16066900867891 -40.31010728201772 4.5
      vertex 19.58584741199333 -41.6220444134369 4.5
    endloop
  endfacet
  facet normal 0.50904141575037 -0.8607420270039444 0
    outer loop
      vertex 22.16066900867891 -40.31010728201772 0.5
      vertex 24.648032569033827 -38.839084573092705 4.5
      vertex 22.16066900867891 -40.31010728201772 4.5
    endloop
  endfacet
  facet normal 0.5620833778521299 -0.8270805742745623 0
    outer loop
      vertex 24.648032569033827 -38.839084573092705 0.5
      vertex 27.038121605453764 -37.214781741247585 4.5
      vertex 24.648032569033827 -38.839084573092705 4.5
    endloop
  endfacet
  facet normal 0.6129070536529768 -0.7901550123756901 0
    outer loop
      vertex 27.038121605453764 -37.214781741247585 0.5
      vertex 29.321503528439738 -35.4436091676863 4.5
      vertex 27.038121605453764 -37.214781741247585 4.5
    endloop
  endfacet
  facet normal 0.6613118653236517 -0.7501110696304597 0
    outer loop
      vertex 29.321503528439738 -35.4436091676863 0.5
      vertex 31.48916687271967 -33.53255686138494 4.5
      vertex 29.321503528439738 -35.4436091676863 4.5
    endloop
  endfacet
  facet normal 0.7071067811865476 -0.7071067811865476 0
    outer loop
      vertex 33.53255686138494 -31.48916687271967 0.5
      vertex 33.53255686138494 -31.48916687271967 4.5
      vertex 31.48916687271967 -33.53255686138494 4.5
    endloop
  endfacet
  facet normal 0.7501110696304597 -0.6613118653236517 0
    outer loop
      vertex 35.4436091676863 -29.321503528439738 0.5
      vertex 35.4436091676863 -29.321503528439738 4.5
      vertex 33.53255686138494 -31.48916687271967 4.5
    endloop
  endfacet
  facet normal 0.7901550123756901 -0.6129070536529768 0
    outer loop
      vertex 37.214781741247585 -27.038121605453764 0.5
      vertex 37.214781741247585 -27.038121605453764 4.5
      vertex 35.4436091676863 -29.321503528439738 4.5
    endloop
  endfacet
  facet normal 0.8270805742745623 -0.5620833778521299 0
    outer loop
      vertex 38.839084573092705 -24.648032569033827 0.5
      vertex 38.839084573092705 -24.648032569033827 4.5
      vertex 37.214781741247585 -27.038121605453764 4.5
    endloop
  endfacet
  facet normal 0.8607420270039444 -0.50904141575037 0
    outer loop
      vertex 40.31010728201772 -22.16066900867891 0.5
      vertex 40.31010728201772 -22.16066900867891 4.5
      vertex 38.839084573092705 -24.648032569033827 4.5
    endloop
  endfacet
  facet normal 0.8910065241883673 -0.45399049973954775 0
    outer loop
      vertex 41.6220444134369 -19.58584741199333 0.5
      vertex 41.6220444134369 -19.58584741199333 4.5
      vertex 40.31010728201772 -22.16066900867891 4.5
    endloop
  endfacet
  facet normal 0.9177546256839813 -0.3971478906347803 0
    outer loop
      vertex 42.769718350859556 -16.933729423495205 0.5
      vertex 42.769718350859556 -16.933729423495205 4.5
      vertex 41.6220444134369 -19.58584741199333 4.5
    endloop
  endfacet
  facet normal 0.9408807689542257 -0.33873792024529076 0
    outer loop
      vertex 43.74859974957706 -14.214781741247581 0.5
      vertex 43.74859974957706 -14.214781741247581 4.5
      vertex 42.769718350859556 -16.933729423495205 4.5
    endloop
  endfacet
  facet normal 0.9602936856769426 -0.27899110603923055 0
    outer loop
      vertex 44.55482541191704 -11.439734809583303 0.5
      vertex 44.55482541191704 -11.439734809583303 4.5
      vertex 43.74859974957706 -14.214781741247581 4.5
    endloop
  endfacet
  facet normal 0.9759167619387474 -0.21814324139654276 0
    outer loop
      vertex 45.18521353351968 -8.619540470943342 0.5
      vertex 45.18521353351968 -8.619540470943342 4.5
      vertex 44.55482541191704 -11.439734809583303 4.5
    endloop
  endfacet
  facet normal 0.9876883405951378 -0.1564344650402303 0
    outer loop
      vertex 45.63727626046598 -5.765328743957987 0.5
      vertex 45.63727626046598 -5.765328743957987 4.5
      vertex 45.18521353351968 -8.619540470943342 4.5
    endloop
  endfacet
  facet normal 0.99556196460308 -0.09410831331851587 0
    outer loop
      vertex 45.909229507700495 -2.888363898348433 0.5
      vertex 45.909229507700495 -2.888363898348433 4.5
      vertex 45.63727626046598 -5.765328743957987 4.5
    endloop
  endfacet
  facet normal 0.9995065603657316 -0.03141075907812708 0
    outer loop
      vertex 45.909229507700495 -2.888363898348433 4.5
      vertex 46 0 0.5
      vertex 46 0 4.5
    endloop
  endfacet
  facet normal 0.031410759078127314 0.9995065603657316 0
    outer loop
      vertex 0 46 0.5
      vertex 0 46 4.5
      vertex 2.888363898348411 45.909229507700495 0.5
    endloop
  endfacet
  facet normal 0.09410831331851482 0.99556196460308 0
    outer loop
      vertex 2.888363898348411 45.909229507700495 0.5
      vertex 2.888363898348411 45.909229507700495 4.5
      vertex 5.765328743957997 45.63727626046598 0.5
    endloop
  endfacet
  facet normal 0.1564344650402314 0.9876883405951375 0
    outer loop
      vertex 5.765328743957997 45.63727626046598 0.5
      vertex 5.765328743957997 45.63727626046598 4.5
      vertex 8.619540470943331 45.18521353351968 0.5
    endloop
  endfacet
  facet normal 0.21814324139654287 0.9759167619387474 0
    outer loop
      vertex 8.619540470943331 45.18521353351968 0.5
      vertex 8.619540470943331 45.18521353351968 4.5
      vertex 11.439734809583323 44.55482541191703 0.5
    endloop
  endfacet
  facet normal 0.2789911060392301 0.9602936856769428 0
    outer loop
      vertex 11.439734809583323 44.55482541191703 0.5
      vertex 11.439734809583323 44.55482541191703 4.5
      vertex 14.214781741247581 43.74859974957706 0.5
    endloop
  endfacet
  facet normal 0.33873792024528876 0.9408807689542263 0
    outer loop
      vertex 14.214781741247581 43.74859974957706 0.5
      vertex 14.214781741247581 43.74859974957706 4.5
      vertex 16.933729423495183 42.76971835085957 0.5
    endloop
  endfacet
  facet normal 0.5090414157503717 0.8607420270039433 0
    outer loop
      vertex 22.1606690086789 40.310107282017725 0.5
      vertex 22.1606690086789 40.310107282017725 4.5
      vertex 24.648032569033845 38.83908457309269 0.5
    endloop
  endfacet
  facet normal 0.39714789063478206 0.9177546256839806 0
    outer loop
      vertex 16.933729423495183 42.76971835085957 0.5
      vertex 16.933729423495183 42.76971835085957 4.5
      vertex 19.585847411993345 41.622044413436896 0.5
    endloop
  endfacet
  facet normal 0.4539904997395468 0.8910065241883678 0
    outer loop
      vertex 19.585847411993345 41.622044413436896 0.5
      vertex 19.585847411993345 41.622044413436896 4.5
      vertex 22.1606690086789 40.310107282017725 0.5
    endloop
  endfacet
  facet normal 0.9995065603657316 0.031410759078127265 0
    outer loop
      vertex 46 0 0.5
      vertex 45.909229507700495 2.8883638983484152 0.5
      vertex 46 0 4.5
    endloop
  endfacet
  facet normal 0.9955619646030799 0.09410831331851498 0
    outer loop
      vertex 45.909229507700495 2.8883638983484152 0.5
      vertex 45.63727626046598 5.765328743957996 0.5
      vertex 45.909229507700495 2.8883638983484152 4.5
    endloop
  endfacet
  facet normal 0.9876883405951378 0.15643446504023129 0
    outer loop
      vertex 45.63727626046598 5.765328743957996 0.5
      vertex 45.18521353351968 8.619540470943333 0.5
      vertex 45.63727626046598 5.765328743957996 4.5
    endloop
  endfacet
  facet normal 0.9759167619387472 0.2181432413965431 0
    outer loop
      vertex 45.18521353351968 8.619540470943333 0.5
      vertex 44.55482541191703 11.439734809583321 0.5
      vertex 45.18521353351968 8.619540470943333 4.5
    endloop
  endfacet
  facet normal 0.8607420270039431 0.5090414157503722 0
    outer loop
      vertex 40.310107282017725 22.160669008678905 0.5
      vertex 38.83908457309269 24.648032569033845 0.5
      vertex 40.310107282017725 22.160669008678905 4.5
    endloop
  endfacet
  facet normal 0.9602936856769428 0.27899110603922994 0
    outer loop
      vertex 44.55482541191703 11.439734809583321 0.5
      vertex 43.74859974957706 14.214781741247581 0.5
      vertex 44.55482541191703 11.439734809583321 4.5
    endloop
  endfacet
  facet normal 0.9408807689542259 0.3387379202452906 0
    outer loop
      vertex 42.76971835085956 16.933729423495187 0.5
      vertex 43.74859974957706 14.214781741247581 4.5
      vertex 43.74859974957706 14.214781741247581 0.5
    endloop
  endfacet
  facet normal 0.9177546256839819 0.3971478906347788 0
    outer loop
      vertex 42.76971835085956 16.933729423495187 0.5
      vertex 41.6220444134369 19.585847411993342 0.5
      vertex 42.76971835085956 16.933729423495187 4.5
    endloop
  endfacet
  facet normal 0.8910065241883673 0.4539904997395478 0
    outer loop
      vertex 41.6220444134369 19.585847411993342 0.5
      vertex 40.310107282017725 22.160669008678905 0.5
      vertex 41.6220444134369 19.585847411993342 4.5
    endloop
  endfacet
  facet normal 0.7071067811865476 0.7071067811865476 0
    outer loop
      vertex 31.489166872719682 33.53255686138493 0.5
      vertex 33.53255686138493 31.489166872719682 4.5
      vertex 33.53255686138493 31.489166872719682 0.5
    endloop
  endfacet
  facet normal 0.5620833778521294 0.8270805742745627 0
    outer loop
      vertex 24.648032569033845 38.83908457309269 0.5
      vertex 24.648032569033845 38.83908457309269 4.5
      vertex 27.038121605453764 37.214781741247585 0.5
    endloop
  endfacet
  facet normal 0.6129070536529786 0.7901550123756887 0
    outer loop
      vertex 27.038121605453764 37.214781741247585 0.5
      vertex 27.038121605453764 37.214781741247585 4.5
      vertex 29.321503528439727 35.4436091676863 0.5
    endloop
  endfacet
  facet normal 0.6613118653236495 0.7501110696304617 0
    outer loop
      vertex 31.489166872719682 33.53255686138493 0.5
      vertex 29.321503528439727 35.4436091676863 0.5
      vertex 29.321503528439727 35.4436091676863 4.5
    endloop
  endfacet
  facet normal 0.7901550123756887 0.6129070536529786 0
    outer loop
      vertex 37.214781741247585 27.038121605453764 0.5
      vertex 35.4436091676863 29.321503528439727 0.5
      vertex 37.214781741247585 27.038121605453764 4.5
    endloop
  endfacet
  facet normal 0.8270805742745627 0.5620833778521294 0
    outer loop
      vertex 37.214781741247585 27.038121605453764 0.5
      vertex 38.83908457309269 24.648032569033845 4.5
      vertex 38.83908457309269 24.648032569033845 0.5
    endloop
  endfacet
  facet normal 0.7501110696304617 0.6613118653236495 0
    outer loop
      vertex 33.53255686138493 31.489166872719682 0.5
      vertex 35.4436091676863 29.321503528439727 4.5
      vertex 35.4436091676863 29.321503528439727 0.5
    endloop
  endfacet
  facet normal 0.031410759078127314 0.9995065603657316 0
    outer loop
      vertex 2.888363898348411 45.909229507700495 0.5
      vertex 0 46 4.5
      vertex 2.888363898348411 45.909229507700495 4.5
    endloop
  endfacet
  facet normal 0.09410831331851482 0.99556196460308 0
    outer loop
      vertex 5.765328743957997 45.63727626046598 0.5
      vertex 2.888363898348411 45.909229507700495 4.5
      vertex 5.765328743957997 45.63727626046598 4.5
    endloop
  endfacet
  facet normal 0.1564344650402314 0.9876883405951375 0
    outer loop
      vertex 8.619540470943331 45.18521353351968 0.5
      vertex 5.765328743957997 45.63727626046598 4.5
      vertex 8.619540470943331 45.18521353351968 4.5
    endloop
  endfacet
  facet normal 0.21814324139654287 0.9759167619387474 0
    outer loop
      vertex 11.439734809583323 44.55482541191703 0.5
      vertex 8.619540470943331 45.18521353351968 4.5
      vertex 11.439734809583323 44.55482541191703 4.5
    endloop
  endfacet
  facet normal 0.2789911060392301 0.9602936856769428 0
    outer loop
      vertex 14.214781741247581 43.74859974957706 0.5
      vertex 11.439734809583323 44.55482541191703 4.5
      vertex 14.214781741247581 43.74859974957706 4.5
    endloop
  endfacet
  facet normal 0.33873792024528876 0.9408807689542263 0
    outer loop
      vertex 16.933729423495183 42.76971835085957 0.5
      vertex 14.214781741247581 43.74859974957706 4.5
      vertex 16.933729423495183 42.76971835085957 4.5
    endloop
  endfacet
  facet normal 0.39714789063478206 0.9177546256839806 0
    outer loop
      vertex 19.585847411993345 41.622044413436896 0.5
      vertex 16.933729423495183 42.76971835085957 4.5
      vertex 19.585847411993345 41.622044413436896 4.5
    endloop
  endfacet
  facet normal 0.4539904997395468 0.8910065241883678 0
    outer loop
      vertex 22.1606690086789 40.310107282017725 0.5
      vertex 19.585847411993345 41.622044413436896 4.5
      vertex 22.1606690086789 40.310107282017725 4.5
    endloop
  endfacet
  facet normal 0.9995065603657316 0.031410759078127265 0
    outer loop
      vertex 45.909229507700495 2.8883638983484152 0.5
      vertex 45.909229507700495 2.8883638983484152 4.5
      vertex 46 0 4.5
    endloop
  endfacet
  facet normal 0.9955619646030799 0.09410831331851498 0
    outer loop
      vertex 45.63727626046598 5.765328743957996 0.5
      vertex 45.63727626046598 5.765328743957996 4.5
      vertex 45.909229507700495 2.8883638983484152 4.5
    endloop
  endfacet
  facet normal 0.9876883405951378 0.15643446504023129 0
    outer loop
      vertex 45.18521353351968 8.619540470943333 0.5
      vertex 45.18521353351968 8.619540470943333 4.5
      vertex 45.63727626046598 5.765328743957996 4.5
    endloop
  endfacet
  facet normal 0.9759167619387472 0.2181432413965431 0
    outer loop
      vertex 44.55482541191703 11.439734809583321 0.5
      vertex 44.55482541191703 11.439734809583321 4.5
      vertex 45.18521353351968 8.619540470943333 4.5
    endloop
  endfacet
  facet normal 0.9408807689542259 0.3387379202452906 0
    outer loop
      vertex 42.76971835085956 16.933729423495187 0.5
      vertex 42.76971835085956 16.933729423495187 4.5
      vertex 43.74859974957706 14.214781741247581 4.5
    endloop
  endfacet
  facet normal 0.9602936856769428 0.27899110603922994 0
    outer loop
      vertex 43.74859974957706 14.214781741247581 0.5
      vertex 43.74859974957706 14.214781741247581 4.5
      vertex 44.55482541191703 11.439734809583321 4.5
    endloop
  endfacet
  facet normal 0.9177546256839819 0.3971478906347788 0
    outer loop
      vertex 41.6220444134369 19.585847411993342 0.5
      vertex 41.6220444134369 19.585847411993342 4.5
      vertex 42.76971835085956 16.933729423495187 4.5
    endloop
  endfacet
  facet normal 0.8910065241883673 0.4539904997395478 0
    outer loop
      vertex 40.310107282017725 22.160669008678905 0.5
      vertex 40.310107282017725 22.160669008678905 4.5
      vertex 41.6220444134369 19.585847411993342 4.5
    endloop
  endfacet
  facet normal 0.6613118653236495 0.7501110696304617 0
    outer loop
      vertex 31.489166872719682 33.53255686138493 0.5
      vertex 29.321503528439727 35.4436091676863 4.5
      vertex 31.489166872719682 33.53255686138493 4.5
    endloop
  endfacet
  facet normal 0.7501110696304617 0.6613118653236495 0
    outer loop
      vertex 33.53255686138493 31.489166872719682 0.5
      vertex 33.53255686138493 31.489166872719682 4.5
      vertex 35.4436091676863 29.321503528439727 4.5
    endloop
  endfacet
  facet normal 0.7071067811865476 0.7071067811865476 0
    outer loop
      vertex 31.489166872719682 33.53255686138493 0.5
      vertex 31.489166872719682 33.53255686138493 4.5
      vertex 33.53255686138493 31.489166872719682 4.5
    endloop
  endfacet
  facet normal 0.5090414157503717 0.8607420270039433 0
    outer loop
      vertex 24.648032569033845 38.83908457309269 0.5
      vertex 22.1606690086789 40.310107282017725 4.5
      vertex 24.648032569033845 38.83908457309269 4.5
    endloop
  endfacet
  facet normal 0.6129070536529786 0.7901550123756887 0
    outer loop
      vertex 29.321503528439727 35.4436091676863 0.5
      vertex 27.038121605453764 37.214781741247585 4.5
      vertex 29.321503528439727 35.4436091676863 4.5
    endloop
  endfacet
  facet normal 0.5620833778521294 0.8270805742745627 0
    outer loop
      vertex 27.038121605453764 37.214781741247585 0.5
      vertex 24.648032569033845 38.83908457309269 4.5
      vertex 27.038121605453764 37.214781741247585 4.5
    endloop
  endfacet
  facet normal 0.7901550123756887 0.6129070536529786 0
    outer loop
      vertex 35.4436091676863 29.321503528439727 0.5
      vertex 35.4436091676863 29.321503528439727 4.5
      vertex 37.214781741247585 27.038121605453764 4.5
    endloop
  endfacet
  facet normal 0.8607420270039431 0.5090414157503722 0
    outer loop
      vertex 38.83908457309269 24.648032569033845 0.5
      vertex 38.83908457309269 24.648032569033845 4.5
      vertex 40.310107282017725 22.160669008678905 4.5
    endloop
  endfacet
  facet normal 0.8270805742745627 0.5620833778521294 0
    outer loop
      vertex 37.214781741247585 27.038121605453764 0.5
      vertex 37.214781741247585 27.038121605453764 4.5
      vertex 38.83908457309269 24.648032569033845 4.5
    endloop
  endfacet
  facet normal -0.5305395024366839 -0.4677334893312962 0.7069322593517756
    outer loop
      vertex -35.44360916768631 -29.321503528439724 4.5
      vertex -33.53255686138494 -31.48916687271967 4.5
      vertex -35.058352546298416 -29.00279153356538 5
    endloop
  endfacet
  facet normal -0.5849785906597099 -0.39755103968871136 0.7069322593517743
    outer loop
      vertex -38.83908457309269 -24.64803256903385 4.5
      vertex -37.214781741247585 -27.038121605453764 4.5
      vertex -38.416920610341684 -24.380119171544354 5
    endloop
  endfacet
  facet normal -0.5588618327152165 -0.4334976731448294 0.7069322593517771
    outer loop
      vertex -35.44360916768631 -29.321503528439724 4.5
      vertex -36.810273244060106 -26.74422897930753 5
      vertex -37.214781741247585 -27.038121605453764 4.5
    endloop
  endfacet
  facet normal -0.5849785906597069 -0.3975510396887105 0.706932259351777
    outer loop
      vertex -37.214781741247585 -27.038121605453764 4.5
      vertex -36.810273244060106 -26.74422897930753 5
      vertex -38.416920610341684 -24.380119171544354 5
    endloop
  endfacet
  facet normal -0.6087867053581644 -0.36003545390273345 0.7069322593517743
    outer loop
      vertex -38.83908457309269 -24.64803256903385 4.5
      vertex -38.416920610341684 -24.380119171544354 5
      vertex -39.87195394199579 -21.91979217162805 5
    endloop
  endfacet
  facet normal 0 0 1
    outer loop
      vertex -38.416920610341684 -24.380119171544354 5
      vertex -36.810273244060106 -26.74422897930753 5
      vertex -37.57259268483966 -23.844292376565356 5
    endloop
  endfacet
  facet normal 0 0 1
    outer loop
      vertex -38.416920610341684 -24.380119171544354 5
      vertex -37.57259268483966 -23.844292376565356 5
      vertex -38.99564726195192 -21.438038497526335 5
    endloop
  endfacet
  facet normal -0.5588618327152178 -0.43349767314482984 0.7069322593517756
    outer loop
      vertex -35.44360916768631 -29.321503528439724 4.5
      vertex -35.058352546298416 -29.00279153356538 5
      vertex -36.810273244060106 -26.74422897930753 5
    endloop
  endfacet
  facet normal 0 0 1
    outer loop
      vertex -35.058352546298416 -29.00279153356538 5
      vertex -36.00125624968516 -26.156443727015056 5
      vertex -36.810273244060106 -26.74422897930753 5
    endloop
  endfacet
  facet normal 0 0 1
    outer loop
      vertex -35.058352546298416 -29.00279153356538 5
      vertex -34.287839303522624 -28.36536754381669 5
      vertex -36.00125624968516 -26.156443727015056 5
    endloop
  endfacet
  facet normal 0 0 1
    outer loop
      vertex -36.810273244060106 -26.74422897930753 5
      vertex -36.00125624968516 -26.156443727015056 5
      vertex -37.57259268483966 -23.844292376565356 5
    endloop
  endfacet
  facet normal -0.46773348933129666 -0.5305395024366834 0.7069322593517755
    outer loop
      vertex -29.321503528439724 -35.44360916768631 4.5
      vertex -29.00279153356538 -35.058352546298416 5
      vertex -31.14689331975533 -33.16807254767423 5
    endloop
  endfacet
  facet normal -0.3975510396887098 -0.5849785906597077 0.7069322593517771
    outer loop
      vertex -27.038121605453764 -37.214781741247585 4.5
      vertex -24.64803256903385 -38.83908457309269 4.5
      vertex -26.74422897930753 -36.810273244060106 5
    endloop
  endfacet
  facet normal -0.4334976731448303 -0.5588618327152176 0.7069322593517756
    outer loop
      vertex -29.321503528439724 -35.44360916768631 4.5
      vertex -27.038121605453764 -37.214781741247585 4.5
      vertex -29.00279153356538 -35.058352546298416 5
    endloop
  endfacet
  facet normal -0.36003545390273284 -0.6087867053581647 0.7069322593517743
    outer loop
      vertex -24.64803256903385 -38.83908457309269 4.5
      vertex -22.16066900867891 -40.31010728201772 4.5
      vertex -24.380119171544354 -38.416920610341684 5
    endloop
  endfacet
  facet normal -0.43349767314482907 -0.5588618327152168 0.7069322593517767
    outer loop
      vertex -29.00279153356538 -35.058352546298416 5
      vertex -27.038121605453764 -37.214781741247585 4.5
      vertex -26.74422897930753 -36.810273244060106 5
    endloop
  endfacet
  facet normal 0 0 1
    outer loop
      vertex -29.00279153356538 -35.058352546298416 5
      vertex -26.74422897930753 -36.810273244060106 5
      vertex -28.36536754381669 -34.287839303522624 5
    endloop
  endfacet
  facet normal 0 0 1
    outer loop
      vertex -26.74422897930753 -36.810273244060106 5
      vertex -26.156443727015056 -36.00125624968516 5
      vertex -28.36536754381669 -34.287839303522624 5
    endloop
  endfacet
  facet normal -0.3975510396887121 -0.5849785906597093 0.7069322593517742
    outer loop
      vertex -24.64803256903385 -38.83908457309269 4.5
      vertex -24.380119171544354 -38.416920610341684 5
      vertex -26.74422897930753 -36.810273244060106 5
    endloop
  endfacet
  facet normal 0 0 1
    outer loop
      vertex -24.380119171544354 -38.416920610341684 5
      vertex -21.91979217162805 -39.87195394199579 5
      vertex -23.844292376565356 -37.57259268483966 5
    endloop
  endfacet
  facet normal 0 0 1
    outer loop
      vertex -26.74422897930753 -36.810273244060106 5
      vertex -24.380119171544354 -38.416920610341684 5
      vertex -26.156443727015056 -36.00125624968516 5
    endloop
  endfacet
  facet normal 0 0 1
    outer loop
      vertex -24.380119171544354 -38.416920610341684 5
      vertex -23.844292376565356 -37.57259268483966 5
      vertex -26.156443727015056 -36.00125624968516 5
    endloop
  endfacet
  facet normal -0.500123375122475 -0.500123375122475 0.7069322593517772
    outer loop
      vertex -33.53255686138494 -31.48916687271967 4.5
      vertex -31.48916687271967 -33.53255686138494 4.5
      vertex -33.16807254767423 -31.14689331975533 5
    endloop
  endfacet
  facet normal -0.467733489331295 -0.5305395024366825 0.7069322593517774
    outer loop
      vertex -29.321503528439724 -35.44360916768631 4.5
      vertex -31.14689331975533 -33.16807254767423 5
      vertex -31.48916687271967 -33.53255686138494 4.5
    endloop
  endfacet
  facet normal -0.500123375122475 -0.500123375122475 0.7069322593517772
    outer loop
      vertex -31.48916687271967 -33.53255686138494 4.5
      vertex -31.14689331975533 -33.16807254767423 5
      vertex -33.16807254767423 -31.14689331975533 5
    endloop
  endfacet
  facet normal -0.5305395024366821 -0.46773348933129555 0.7069322593517774
    outer loop
      vertex -35.058352546298416 -29.00279153356538 5
      vertex -33.53255686138494 -31.48916687271967 4.5
      vertex -33.16807254767423 -31.14689331975533 5
    endloop
  endfacet
  facet normal 0 0 1
    outer loop
      vertex -35.058352546298416 -29.00279153356538 5
      vertex -33.16807254767423 -31.14689331975533 5
      vertex -34.287839303522624 -28.36536754381669 5
    endloop
  endfacet
  facet normal 0 0 1
    outer loop
      vertex -33.16807254767423 -31.14689331975533 5
      vertex -32.43910392025282 -30.46234621382664 5
      vertex -34.287839303522624 -28.36536754381669 5
    endloop
  endfacet
  facet normal 0 0 1
    outer loop
      vertex -33.16807254767423 -31.14689331975533 5
      vertex -31.14689331975533 -33.16807254767423 5
      vertex -32.43910392025282 -30.46234621382664 5
    endloop
  endfacet
  facet normal 0 0 1
    outer loop
      vertex -29.00279153356538 -35.058352546298416 5
      vertex -30.46234621382664 -32.43910392025282 5
      vertex -31.14689331975533 -33.16807254767423 5
    endloop
  endfacet
  facet normal 0 0 1
    outer loop
      vertex -31.14689331975533 -33.16807254767423 5
      vertex -30.46234621382664 -32.43910392025282 5
      vertex -32.43910392025282 -30.46234621382664 5
    endloop
  endfacet
  facet normal 0 0 1
    outer loop
      vertex -29.00279153356538 -35.058352546298416 5
      vertex -28.36536754381669 -34.287839303522624 5
      vertex -30.46234621382664 -32.43910392025282 5
    endloop
  endfacet
  facet normal -0.6301922170587593 -0.32109897266475584 0.7069322593517743
    outer loop
      vertex -40.31010728201772 -22.16066900867891 4.5
      vertex -41.169630887203894 -19.372957766210796 5
      vertex -41.6220444134369 -19.58584741199333 4.5
    endloop
  endfacet
  facet normal -0.6491106479860592 -0.28089526047783503 0.7069322593517766
    outer loop
      vertex -41.6220444134369 -19.58584741199333 4.5
      vertex -42.30483010791544 -16.74966714715284 5
      vertex -42.76971835085957 -16.933729423495183 4.5
    endloop
  endfacet
  facet normal -0.6301922170587613 -0.32109897266475607 0.7069322593517721
    outer loop
      vertex -40.31010728201772 -22.16066900867891 4.5
      vertex -39.87195394199579 -21.91979217162805 5
      vertex -41.169630887203894 -19.372957766210796 5
    endloop
  endfacet
  facet normal -0.6491106479860618 -0.28089526047783525 0.7069322593517742
    outer loop
      vertex -41.6220444134369 -19.58584741199333 4.5
      vertex -41.169630887203894 -19.372957766210796 5
      vertex -42.30483010791544 -16.74966714715284 5
    endloop
  endfacet
  facet normal 0 0 1
    outer loop
      vertex -41.169630887203894 -19.372957766210796 5
      vertex -39.87195394199579 -21.91979217162805 5
      vertex -40.26480383473787 -18.947178474645725 5
    endloop
  endfacet
  facet normal 0 0 1
    outer loop
      vertex -41.169630887203894 -19.372957766210796 5
      vertex -41.37505362202719 -16.381542594468165 5
      vertex -42.30483010791544 -16.74966714715284 5
    endloop
  endfacet
  facet normal 0 0 1
    outer loop
      vertex -41.169630887203894 -19.372957766210796 5
      vertex -40.26480383473787 -18.947178474645725 5
      vertex -41.37505362202719 -16.381542594468165 5
    endloop
  endfacet
  facet normal -0.6654673357362094 -0.23958298302664477 0.7069322593517752
    outer loop
      vertex -43.74859974957706 -14.214781741247581 4.5
      vertex -42.76971835085957 -16.933729423495183 4.5
      vertex -43.273071491429484 -14.060273244060106 5
    endloop
  endfacet
  facet normal -0.6791977279353115 -0.19732518099650612 0.7069322593517761
    outer loop
      vertex -43.74859974957706 -14.214781741247581 4.5
      vertex -44.07053383135271 -11.315389866000896 5
      vertex -44.55482541191703 -11.439734809583323 4.5
    endloop
  endfacet
  facet normal -0.6791977279353124 -0.19732518099650603 0.7069322593517751
    outer loop
      vertex -43.74859974957706 -14.214781741247581 4.5
      vertex -43.273071491429484 -14.060273244060106 5
      vertex -44.07053383135271 -11.315389866000896 5
    endloop
  endfacet
  facet normal -0.665467335736208 -0.23958298302664477 0.7069322593517765
    outer loop
      vertex -42.76971835085957 -16.933729423495183 4.5
      vertex -42.30483010791544 -16.74966714715284 5
      vertex -43.273071491429484 -14.060273244060106 5
    endloop
  endfacet
  facet normal 0 0 1
    outer loop
      vertex -42.30483010791544 -16.74966714715284 5
      vertex -41.37505362202719 -16.381542594468165 5
      vertex -42.32201497513433 -13.75125624968516 5
    endloop
  endfacet
  facet normal 0 0 1
    outer loop
      vertex -43.273071491429484 -14.060273244060106 5
      vertex -42.30483010791544 -16.74966714715284 5
      vertex -43.101950670224085 -11.066699978836041 5
    endloop
  endfacet
  facet normal 0 0 1
    outer loop
      vertex -42.30483010791544 -16.74966714715284 5
      vertex -42.32201497513433 -13.75125624968516 5
      vertex -43.101950670224085 -11.066699978836041 5
    endloop
  endfacet
  facet normal -0.6087867053581665 -0.36003545390273384 0.7069322593517722
    outer loop
      vertex -38.83908457309269 -24.64803256903385 4.5
      vertex -39.87195394199579 -21.91979217162805 5
      vertex -40.31010728201772 -22.16066900867891 4.5
    endloop
  endfacet
  facet normal 0 0 1
    outer loop
      vertex -38.416920610341684 -24.380119171544354 5
      vertex -38.99564726195192 -21.438038497526335 5
      vertex -39.87195394199579 -21.91979217162805 5
    endloop
  endfacet
  facet normal 0 0 1
    outer loop
      vertex -39.87195394199579 -21.91979217162805 5
      vertex -38.99564726195192 -21.438038497526335 5
      vertex -40.26480383473787 -18.947178474645725 5
    endloop
  endfacet
  facet normal -0.6902476369981816 -0.15428862662627243 0.7069322593517748
    outer loop
      vertex -44.55482541191703 -11.439734809583323 4.5
      vertex -44.694069908155335 -8.52584981365048 5
      vertex -45.18521353351968 -8.619540470943342 4.5
    endloop
  endfacet
  facet normal -0.6985734539819687 -0.11064316553451192 0.7069322593517746
    outer loop
      vertex -45.18521353351968 -8.619540470943342 4.5
      vertex -45.14121890980874 -5.702662127175835 5
      vertex -45.63727626046598 -5.765328743957987 4.5
    endloop
  endfacet
  facet normal -0.6902476369981805 -0.1542886266262726 0.7069322593517761
    outer loop
      vertex -44.55482541191703 -11.439734809583323 4.5
      vertex -44.07053383135271 -11.315389866000896 5
      vertex -44.694069908155335 -8.52584981365048 5
    endloop
  endfacet
  facet normal 0 0 1
    outer loop
      vertex -43.273071491429484 -14.060273244060106 5
      vertex -43.711782657426646 -8.338468499064755 5
      vertex -44.07053383135271 -11.315389866000896 5
    endloop
  endfacet
  facet normal 0 0 1
    outer loop
      vertex -43.273071491429484 -14.060273244060106 5
      vertex -43.101950670224085 -11.066699978836041 5
      vertex -43.711782657426646 -8.338468499064755 5
    endloop
  endfacet
  facet normal -0.6985734539819686 -0.11064316553451198 0.7069322593517751
    outer loop
      vertex -45.18521353351968 -8.619540470943342 4.5
      vertex -44.694069908155335 -8.52584981365048 5
      vertex -45.14121890980874 -5.702662127175835 5
    endloop
  endfacet
  facet normal 0 0 1
    outer loop
      vertex -44.07053383135271 -11.315389866000896 5
      vertex -43.711782657426646 -8.338468499064755 5
      vertex -44.149104208494265 -5.577328893611531 5
    endloop
  endfacet
  facet normal 0 0 1
    outer loop
      vertex -44.07053383135271 -11.315389866000896 5
      vertex -44.41218941505809 -2.794178119054441 5
      vertex -44.694069908155335 -8.52584981365048 5
    endloop
  endfacet
  facet normal 0 0 1
    outer loop
      vertex -44.07053383135271 -11.315389866000896 5
      vertex -44.149104208494265 -5.577328893611531 5
      vertex -44.41218941505809 -2.794178119054441 5
    endloop
  endfacet
  facet normal -0.7041423206907416 -0.06656104641644288 0.706932259351775
    outer loop
      vertex -45.63727626046598 -5.765328743957987 4.5
      vertex -45.41021614348636 -2.856968638583754 5
      vertex -45.909229507700495 -2.888363898348411 4.5
    endloop
  endfacet
  facet normal -0.7069322593517747 -0.022216241257015493 0.7069322593517748
    outer loop
      vertex -45.909229507700495 -2.888363898348411 4.5
      vertex -45.41021614348636 -2.856968638583754 5
      vertex -46 0 4.5
    endloop
  endfacet
  facet normal -0.7041423206907417 -0.06656104641644282 0.7069322593517747
    outer loop
      vertex -45.63727626046598 -5.765328743957987 4.5
      vertex -45.14121890980874 -5.702662127175835 5
      vertex -45.41021614348636 -2.856968638583754 5
    endloop
  endfacet
  facet normal 0 0 1
    outer loop
      vertex -44.694069908155335 -8.52584981365048 5
      vertex -44.41218941505809 -2.794178119054441 5
      vertex -44.5 0 5
    endloop
  endfacet
  facet normal -0.706932259351775 -0.022216241257015518 0.706932259351775
    outer loop
      vertex -45.41021614348636 -2.856968638583754 5
      vertex -45.5 0 5
      vertex -46 0 4.5
    endloop
  endfacet
  facet normal 0 0 1
    outer loop
      vertex -45.14121890980874 -5.702662127175835 5
      vertex -45.41021614348636 2.856968638583754 5
      vertex -45.41021614348636 -2.856968638583754 5
    endloop
  endfacet
  facet normal 0 0 1
    outer loop
      vertex -44.694069908155335 -8.52584981365048 5
      vertex -45.14121890980874 5.702662127175835 5
      vertex -45.14121890980874 -5.702662127175835 5
    endloop
  endfacet
  facet normal -0.3210989726647567 -0.6301922170587609 0.7069322593517721
    outer loop
      vertex -22.16066900867891 -40.31010728201772 4.5
      vertex -19.58584741199333 -41.6220444134369 4.5
      vertex -21.91979217162805 -39.87195394199579 5
    endloop
  endfacet
  facet normal -0.28089526047783603 -0.6491106479860614 0.7069322593517743
    outer loop
      vertex -19.58584741199333 -41.6220444134369 4.5
      vertex -16.933729423495183 -42.76971835085957 4.5
      vertex -19.372957766210796 -41.169630887203894 5
    endloop
  endfacet
  facet normal -0.32109897266475523 -0.6301922170587596 0.7069322593517743
    outer loop
      vertex -19.58584741199333 -41.6220444134369 4.5
      vertex -19.372957766210796 -41.169630887203894 5
      vertex -21.91979217162805 -39.87195394199579 5
    endloop
  endfacet
  facet normal -0.2808952604778342 -0.6491106479860593 0.7069322593517766
    outer loop
      vertex -19.372957766210796 -41.169630887203894 5
      vertex -16.933729423495183 -42.76971835085957 4.5
      vertex -16.74966714715284 -42.30483010791544 5
    endloop
  endfacet
  facet normal 0 0 1
    outer loop
      vertex -19.372957766210796 -41.169630887203894 5
      vertex -16.74966714715284 -42.30483010791544 5
      vertex -18.947178474645725 -40.26480383473787 5
    endloop
  endfacet
  facet normal 0 0 1
    outer loop
      vertex -16.74966714715284 -42.30483010791544 5
      vertex -16.381542594468165 -41.37505362202719 5
      vertex -18.947178474645725 -40.26480383473787 5
    endloop
  endfacet
  facet normal -0.3600354539027344 -0.608786705358166 0.7069322593517723
    outer loop
      vertex -24.380119171544354 -38.416920610341684 5
      vertex -22.16066900867891 -40.31010728201772 4.5
      vertex -21.91979217162805 -39.87195394199579 5
    endloop
  endfacet
  facet normal 0 0 1
    outer loop
      vertex -21.91979217162805 -39.87195394199579 5
      vertex -21.438038497526335 -38.99564726195192 5
      vertex -23.844292376565356 -37.57259268483966 5
    endloop
  endfacet
  facet normal 0 0 1
    outer loop
      vertex -19.372957766210796 -41.169630887203894 5
      vertex -21.438038497526335 -38.99564726195192 5
      vertex -21.91979217162805 -39.87195394199579 5
    endloop
  endfacet
  facet normal 0 0 1
    outer loop
      vertex -19.372957766210796 -41.169630887203894 5
      vertex -18.947178474645725 -40.26480383473787 5
      vertex -21.438038497526335 -38.99564726195192 5
    endloop
  endfacet
  facet normal -0.23958298302664435 -0.6654673357362082 0.7069322593517765
    outer loop
      vertex -16.933729423495183 -42.76971835085957 4.5
      vertex -14.214781741247581 -43.74859974957706 4.5
      vertex -16.74966714715284 -42.30483010791544 5
    endloop
  endfacet
  facet normal -0.1973251809965063 -0.6791977279353123 0.7069322593517752
    outer loop
      vertex -14.214781741247581 -43.74859974957706 4.5
      vertex -11.439734809583323 -44.55482541191703 4.5
      vertex -14.060273244060106 -43.273071491429484 5
    endloop
  endfacet
  facet normal -0.23958298302664519 -0.6654673357362092 0.7069322593517751
    outer loop
      vertex -14.214781741247581 -43.74859974957706 4.5
      vertex -14.060273244060106 -43.273071491429484 5
      vertex -16.74966714715284 -42.30483010791544 5
    endloop
  endfacet
  facet normal 0 0 1
    outer loop
      vertex -16.74966714715284 -42.30483010791544 5
      vertex -14.060273244060106 -43.273071491429484 5
      vertex -16.381542594468165 -41.37505362202719 5
    endloop
  endfacet
  facet normal 0 0 1
    outer loop
      vertex -14.060273244060106 -43.273071491429484 5
      vertex -13.75125624968516 -42.32201497513433 5
      vertex -16.381542594468165 -41.37505362202719 5
    endloop
  endfacet
  facet normal -0.19732518099650584 -0.6791977279353116 0.7069322593517758
    outer loop
      vertex -14.060273244060106 -43.273071491429484 5
      vertex -11.439734809583323 -44.55482541191703 4.5
      vertex -11.315389866000896 -44.07053383135271 5
    endloop
  endfacet
  facet normal 0 0 1
    outer loop
      vertex -14.060273244060106 -43.273071491429484 5
      vertex -11.315389866000896 -44.07053383135271 5
      vertex -13.75125624968516 -42.32201497513433 5
    endloop
  endfacet
  facet normal 0 0 1
    outer loop
      vertex -11.315389866000896 -44.07053383135271 5
      vertex -11.066699978836041 -43.101950670224085 5
      vertex -13.75125624968516 -42.32201497513433 5
    endloop
  endfacet
  facet normal -0.15428862662627219 -0.6902476369981806 0.7069322593517761
    outer loop
      vertex -11.439734809583323 -44.55482541191703 4.5
      vertex -8.619540470943342 -45.18521353351968 4.5
      vertex -11.315389866000896 -44.07053383135271 5
    endloop
  endfacet
  facet normal -0.11064316553451191 -0.6985734539819686 0.7069322593517748
    outer loop
      vertex -8.619540470943342 -45.18521353351968 4.5
      vertex -5.765328743957987 -45.63727626046598 4.5
      vertex -8.52584981365048 -44.694069908155335 5
    endloop
  endfacet
  facet normal -0.15428862662627282 -0.6902476369981816 0.7069322593517748
    outer loop
      vertex -8.619540470943342 -45.18521353351968 4.5
      vertex -8.52584981365048 -44.694069908155335 5
      vertex -11.315389866000896 -44.07053383135271 5
    endloop
  endfacet
  facet normal 0 0 1
    outer loop
      vertex -11.315389866000896 -44.07053383135271 5
      vertex -8.52584981365048 -44.694069908155335 5
      vertex -11.066699978836041 -43.101950670224085 5
    endloop
  endfacet
  facet normal 0 0 1
    outer loop
      vertex -8.52584981365048 -44.694069908155335 5
      vertex -8.338468499064755 -43.711782657426646 5
      vertex -11.066699978836041 -43.101950670224085 5
    endloop
  endfacet
  facet normal -0.110643165534512 -0.6985734539819688 0.7069322593517747
    outer loop
      vertex -5.765328743957987 -45.63727626046598 4.5
      vertex -5.702662127175835 -45.14121890980874 5
      vertex -8.52584981365048 -44.694069908155335 5
    endloop
  endfacet
  facet normal 0 0 1
    outer loop
      vertex -8.52584981365048 -44.694069908155335 5
      vertex -5.702662127175835 -45.14121890980874 5
      vertex -8.338468499064755 -43.711782657426646 5
    endloop
  endfacet
  facet normal 0 0 1
    outer loop
      vertex -5.702662127175835 -45.14121890980874 5
      vertex -5.577328893611531 -44.149104208494265 5
      vertex -8.338468499064755 -43.711782657426646 5
    endloop
  endfacet
  facet normal -0.06656104641644339 -0.7041423206907416 0.7069322593517746
    outer loop
      vertex -5.765328743957987 -45.63727626046598 4.5
      vertex -2.888363898348433 -45.909229507700495 4.5
      vertex -5.702662127175835 -45.14121890980874 5
    endloop
  endfacet
  facet normal -0.022216241257015323 -0.7069322593517747 0.7069322593517748
    outer loop
      vertex -2.888363898348433 -45.909229507700495 4.5
      vertex 0 -46 4.5
      vertex -2.8569686385837763 -45.41021614348636 5
    endloop
  endfacet
  facet normal -0.06656104641644332 -0.7041423206907415 0.706932259351775
    outer loop
      vertex -2.888363898348433 -45.909229507700495 4.5
      vertex -2.8569686385837763 -45.41021614348636 5
      vertex -5.702662127175835 -45.14121890980874 5
    endloop
  endfacet
  facet normal 0 0 1
    outer loop
      vertex -5.702662127175835 -45.14121890980874 5
      vertex -2.8569686385837763 -45.41021614348636 5
      vertex -5.577328893611531 -44.149104208494265 5
    endloop
  endfacet
  facet normal 0 0 1
    outer loop
      vertex -2.8569686385837763 -45.41021614348636 5
      vertex -2.7941781190544623 -44.41218941505809 5
      vertex -5.577328893611531 -44.149104208494265 5
    endloop
  endfacet
  facet normal -0.02221624125701534 -0.7069322593517748 0.7069322593517748
    outer loop
      vertex -2.8569686385837763 -45.41021614348636 5
      vertex 0 -46 4.5
      vertex 0 -45.5 5
    endloop
  endfacet
  facet normal 0 0 1
    outer loop
      vertex -2.8569686385837763 -45.41021614348636 5
      vertex 0 -45.5 5
      vertex -2.7941781190544623 -44.41218941505809 5
    endloop
  endfacet
  facet normal 0 0 1
    outer loop
      vertex 0 -45.5 5
      vertex 0 -44.5 5
      vertex -2.7941781190544623 -44.41218941505809 5
    endloop
  endfacet
  facet normal -0.7069322593517747 0.022216241257015493 0.7069322593517748
    outer loop
      vertex -46 0 4.5
      vertex -45.41021614348636 2.856968638583754 5
      vertex -45.909229507700495 2.888363898348411 4.5
    endloop
  endfacet
  facet normal -0.7041423206907416 0.06656104641644288 0.706932259351775
    outer loop
      vertex -45.909229507700495 2.888363898348411 4.5
      vertex -45.41021614348636 2.856968638583754 5
      vertex -45.63727626046598 5.765328743957987 4.5
    endloop
  endfacet
  facet normal -0.706932259351775 0.022216241257015518 0.706932259351775
    outer loop
      vertex -46 0 4.5
      vertex -45.5 0 5
      vertex -45.41021614348636 2.856968638583754 5
    endloop
  endfacet
  facet normal 0 0 1
    outer loop
      vertex -45.41021614348636 -2.856968638583754 5
      vertex -45.41021614348636 2.856968638583754 5
      vertex -45.5 0 5
    endloop
  endfacet
  facet normal 0 0 1
    outer loop
      vertex -44.694069908155335 -8.52584981365048 5
      vertex -44.5 0 5
      vertex -44.694069908155335 8.52584981365048 5
    endloop
  endfacet
  facet normal 0 0 1
    outer loop
      vertex -45.14121890980874 -5.702662127175835 5
      vertex -45.14121890980874 5.702662127175835 5
      vertex -45.41021614348636 2.856968638583754 5
    endloop
  endfacet
  facet normal 0 0 1
    outer loop
      vertex -44.694069908155335 -8.52584981365048 5
      vertex -44.694069908155335 8.52584981365048 5
      vertex -45.14121890980874 5.702662127175835 5
    endloop
  endfacet
  facet normal -0.7041423206907417 0.06656104641644282 0.7069322593517747
    outer loop
      vertex -45.41021614348636 2.856968638583754 5
      vertex -45.14121890980874 5.702662127175835 5
      vertex -45.63727626046598 5.765328743957987 4.5
    endloop
  endfacet
  facet normal 0 0 1
    outer loop
      vertex -44.694069908155335 8.52584981365048 5
      vertex -44.5 0 5
      vertex -44.41218941505809 2.794178119054441 5
    endloop
  endfacet
  facet normal 0 0 1
    outer loop
      vertex -44.694069908155335 8.52584981365048 5
      vertex -44.41218941505809 2.794178119054441 5
      vertex -44.149104208494265 5.577328893611531 5
    endloop
  endfacet
  facet normal -0.6985734539819687 0.11064316553451192 0.7069322593517746
    outer loop
      vertex -45.14121890980874 5.702662127175835 5
      vertex -45.18521353351968 8.619540470943342 4.5
      vertex -45.63727626046598 5.765328743957987 4.5
    endloop
  endfacet
  facet normal -0.6902476369981816 0.15428862662627243 0.7069322593517748
    outer loop
      vertex -45.18521353351968 8.619540470943342 4.5
      vertex -44.694069908155335 8.52584981365048 5
      vertex -44.55482541191703 11.439734809583323 4.5
    endloop
  endfacet
  facet normal -0.6985734539819686 0.11064316553451198 0.7069322593517751
    outer loop
      vertex -45.14121890980874 5.702662127175835 5
      vertex -44.694069908155335 8.52584981365048 5
      vertex -45.18521353351968 8.619540470943342 4.5
    endloop
  endfacet
  facet normal 0 0 1
    outer loop
      vertex -44.694069908155335 8.52584981365048 5
      vertex -44.149104208494265 5.577328893611531 5
      vertex -43.711782657426646 8.338468499064755 5
    endloop
  endfacet
  facet normal -0.6902476369981805 0.1542886266262726 0.7069322593517761
    outer loop
      vertex -44.55482541191703 11.439734809583323 4.5
      vertex -44.694069908155335 8.52584981365048 5
      vertex -44.07053383135271 11.315389866000896 5
    endloop
  endfacet
  facet normal 0 0 1
    outer loop
      vertex -44.694069908155335 8.52584981365048 5
      vertex -43.711782657426646 8.338468499064755 5
      vertex -44.07053383135271 11.315389866000896 5
    endloop
  endfacet
  facet normal 0 0 1
    outer loop
      vertex -44.07053383135271 11.315389866000896 5
      vertex -43.711782657426646 8.338468499064755 5
      vertex -43.101950670224085 11.066699978836041 5
    endloop
  endfacet
  facet normal -0.6791977279353115 0.19732518099650612 0.7069322593517761
    outer loop
      vertex -44.55482541191703 11.439734809583323 4.5
      vertex -44.07053383135271 11.315389866000896 5
      vertex -43.74859974957706 14.214781741247581 4.5
    endloop
  endfacet
  facet normal -0.6654673357362094 0.23958298302664477 0.7069322593517752
    outer loop
      vertex -43.74859974957706 14.214781741247581 4.5
      vertex -43.273071491429484 14.060273244060106 5
      vertex -42.76971835085957 16.933729423495183 4.5
    endloop
  endfacet
  facet normal -0.6791977279353124 0.19732518099650603 0.7069322593517751
    outer loop
      vertex -44.07053383135271 11.315389866000896 5
      vertex -43.273071491429484 14.060273244060106 5
      vertex -43.74859974957706 14.214781741247581 4.5
    endloop
  endfacet
  facet normal 0 0 1
    outer loop
      vertex -44.07053383135271 11.315389866000896 5
      vertex -43.101950670224085 11.066699978836041 5
      vertex -43.273071491429484 14.060273244060106 5
    endloop
  endfacet
  facet normal 0 0 1
    outer loop
      vertex -43.273071491429484 14.060273244060106 5
      vertex -43.101950670224085 11.066699978836041 5
      vertex -42.32201497513433 13.75125624968516 5
    endloop
  endfacet
  facet normal -0.665467335736208 0.23958298302664477 0.7069322593517765
    outer loop
      vertex -42.76971835085957 16.933729423495183 4.5
      vertex -43.273071491429484 14.060273244060106 5
      vertex -42.30483010791544 16.74966714715284 5
    endloop
  endfacet
  facet normal 0 0 1
    outer loop
      vertex -43.273071491429484 14.060273244060106 5
      vertex -42.32201497513433 13.75125624968516 5
      vertex -41.37505362202719 16.381542594468165 5
    endloop
  endfacet
  facet normal 0 0 1
    outer loop
      vertex -43.273071491429484 14.060273244060106 5
      vertex -41.37505362202719 16.381542594468165 5
      vertex -42.30483010791544 16.74966714715284 5
    endloop
  endfacet
  facet normal -0.6491106479860592 0.28089526047783503 0.7069322593517766
    outer loop
      vertex -42.76971835085957 16.933729423495183 4.5
      vertex -42.30483010791544 16.74966714715284 5
      vertex -41.6220444134369 19.58584741199333 4.5
    endloop
  endfacet
  facet normal -0.6301922170587593 0.32109897266475584 0.7069322593517743
    outer loop
      vertex -41.6220444134369 19.58584741199333 4.5
      vertex -41.169630887203894 19.372957766210796 5
      vertex -40.31010728201772 22.16066900867891 4.5
    endloop
  endfacet
  facet normal -0.6491106479860618 0.28089526047783525 0.7069322593517742
    outer loop
      vertex -42.30483010791544 16.74966714715284 5
      vertex -41.169630887203894 19.372957766210796 5
      vertex -41.6220444134369 19.58584741199333 4.5
    endloop
  endfacet
  facet normal 0 0 1
    outer loop
      vertex -42.30483010791544 16.74966714715284 5
      vertex -41.37505362202719 16.381542594468165 5
      vertex -40.26480383473787 18.947178474645725 5
    endloop
  endfacet
  facet normal 0 0 1
    outer loop
      vertex -42.30483010791544 16.74966714715284 5
      vertex -40.26480383473787 18.947178474645725 5
      vertex -41.169630887203894 19.372957766210796 5
    endloop
  endfacet
  facet normal -0.6301922170587613 0.32109897266475607 0.7069322593517721
    outer loop
      vertex -40.31010728201772 22.16066900867891 4.5
      vertex -41.169630887203894 19.372957766210796 5
      vertex -39.87195394199579 21.91979217162805 5
    endloop
  endfacet
  facet normal -0.6087867053581665 0.36003545390273384 0.7069322593517724
    outer loop
      vertex -40.31010728201772 22.16066900867891 4.5
      vertex -39.87195394199579 21.91979217162805 5
      vertex -38.83908457309269 24.64803256903385 4.5
    endloop
  endfacet
  facet normal 0 0 1
    outer loop
      vertex -41.169630887203894 19.372957766210796 5
      vertex -40.26480383473787 18.947178474645725 5
      vertex -38.99564726195192 21.438038497526335 5
    endloop
  endfacet
  facet normal 0 0 1
    outer loop
      vertex -41.169630887203894 19.372957766210796 5
      vertex -38.99564726195192 21.438038497526335 5
      vertex -39.87195394199579 21.91979217162805 5
    endloop
  endfacet
  facet normal 0 0 1
    outer loop
      vertex -39.87195394199579 21.91979217162805 5
      vertex -38.99564726195192 21.438038497526335 5
      vertex -37.57259268483966 23.844292376565356 5
    endloop
  endfacet
  facet normal -0.5849785906597099 0.39755103968871136 0.7069322593517743
    outer loop
      vertex -38.83908457309269 24.64803256903385 4.5
      vertex -38.416920610341684 24.380119171544354 5
      vertex -37.214781741247585 27.038121605453764 4.5
    endloop
  endfacet
  facet normal -0.5588618327152165 0.4334976731448294 0.7069322593517768
    outer loop
      vertex -37.214781741247585 27.038121605453764 4.5
      vertex -36.810273244060106 26.74422897930753 5
      vertex -35.44360916768631 29.321503528439724 4.5
    endloop
  endfacet
  facet normal -0.6087867053581644 0.36003545390273345 0.7069322593517742
    outer loop
      vertex -39.87195394199579 21.91979217162805 5
      vertex -38.416920610341684 24.380119171544354 5
      vertex -38.83908457309269 24.64803256903385 4.5
    endloop
  endfacet
  facet normal 0 0 1
    outer loop
      vertex -39.87195394199579 21.91979217162805 5
      vertex -37.57259268483966 23.844292376565356 5
      vertex -38.416920610341684 24.380119171544354 5
    endloop
  endfacet
  facet normal -0.5849785906597069 0.3975510396887105 0.706932259351777
    outer loop
      vertex -37.214781741247585 27.038121605453764 4.5
      vertex -38.416920610341684 24.380119171544354 5
      vertex -36.810273244060106 26.74422897930753 5
    endloop
  endfacet
  facet normal 0 0 1
    outer loop
      vertex -38.416920610341684 24.380119171544354 5
      vertex -37.57259268483966 23.844292376565356 5
      vertex -36.00125624968516 26.156443727015056 5
    endloop
  endfacet
  facet normal 0 0 1
    outer loop
      vertex -38.416920610341684 24.380119171544354 5
      vertex -36.00125624968516 26.156443727015056 5
      vertex -36.810273244060106 26.74422897930753 5
    endloop
  endfacet
  facet normal -0.5588618327152178 0.43349767314482984 0.7069322593517756
    outer loop
      vertex -36.810273244060106 26.74422897930753 5
      vertex -35.058352546298416 29.00279153356538 5
      vertex -35.44360916768631 29.321503528439724 4.5
    endloop
  endfacet
  facet normal 0 0 1
    outer loop
      vertex -36.810273244060106 26.74422897930753 5
      vertex -36.00125624968516 26.156443727015056 5
      vertex -34.287839303522624 28.36536754381669 5
    endloop
  endfacet
  facet normal 0 0 1
    outer loop
      vertex -36.810273244060106 26.74422897930753 5
      vertex -34.287839303522624 28.36536754381669 5
      vertex -35.058352546298416 29.00279153356538 5
    endloop
  endfacet
  facet normal -0.5305395024366839 0.4677334893312962 0.7069322593517756
    outer loop
      vertex -35.44360916768631 29.321503528439724 4.5
      vertex -35.058352546298416 29.00279153356538 5
      vertex -33.53255686138494 31.48916687271967 4.5
    endloop
  endfacet
  facet normal -0.500123375122475 0.500123375122475 0.7069322593517772
    outer loop
      vertex -33.53255686138494 31.48916687271967 4.5
      vertex -33.16807254767423 31.14689331975533 5
      vertex -31.48916687271967 33.53255686138494 4.5
    endloop
  endfacet
  facet normal -0.467733489331295 0.5305395024366825 0.7069322593517774
    outer loop
      vertex -31.48916687271967 33.53255686138494 4.5
      vertex -31.14689331975533 33.16807254767423 5
      vertex -29.321503528439724 35.44360916768631 4.5
    endloop
  endfacet
  facet normal -0.5305395024366821 0.46773348933129555 0.7069322593517774
    outer loop
      vertex -35.058352546298416 29.00279153356538 5
      vertex -33.16807254767423 31.14689331975533 5
      vertex -33.53255686138494 31.48916687271967 4.5
    endloop
  endfacet
  facet normal 0 0 1
    outer loop
      vertex -35.058352546298416 29.00279153356538 5
      vertex -34.287839303522624 28.36536754381669 5
      vertex -32.43910392025282 30.46234621382664 5
    endloop
  endfacet
  facet normal 0 0 1
    outer loop
      vertex -35.058352546298416 29.00279153356538 5
      vertex -32.43910392025282 30.46234621382664 5
      vertex -33.16807254767423 31.14689331975533 5
    endloop
  endfacet
  facet normal 0 0 1
    outer loop
      vertex -33.16807254767423 31.14689331975533 5
      vertex -32.43910392025282 30.46234621382664 5
      vertex -30.46234621382664 32.43910392025282 5
    endloop
  endfacet
  facet normal -0.500123375122475 0.500123375122475 0.7069322593517772
    outer loop
      vertex -31.48916687271967 33.53255686138494 4.5
      vertex -33.16807254767423 31.14689331975533 5
      vertex -31.14689331975533 33.16807254767423 5
    endloop
  endfacet
  facet normal 0 0 1
    outer loop
      vertex -33.16807254767423 31.14689331975533 5
      vertex -30.46234621382664 32.43910392025282 5
      vertex -31.14689331975533 33.16807254767423 5
    endloop
  endfacet
  facet normal 0 0 1
    outer loop
      vertex -31.14689331975533 33.16807254767423 5
      vertex -30.46234621382664 32.43910392025282 5
      vertex -28.36536754381669 34.287839303522624 5
    endloop
  endfacet
  facet normal 0 0 1
    outer loop
      vertex -31.14689331975533 33.16807254767423 5
      vertex -28.36536754381669 34.287839303522624 5
      vertex -29.00279153356538 35.058352546298416 5
    endloop
  endfacet
  facet normal -0.46773348933129666 0.5305395024366834 0.7069322593517756
    outer loop
      vertex -31.14689331975533 33.16807254767423 5
      vertex -29.00279153356538 35.058352546298416 5
      vertex -29.321503528439724 35.44360916768631 4.5
    endloop
  endfacet
  facet normal -0.4334976731448303 0.5588618327152176 0.7069322593517756
    outer loop
      vertex -29.321503528439724 35.44360916768631 4.5
      vertex -29.00279153356538 35.058352546298416 5
      vertex -27.038121605453764 37.214781741247585 4.5
    endloop
  endfacet
  facet normal -0.3975510396887098 0.5849785906597077 0.7069322593517771
    outer loop
      vertex -27.038121605453764 37.214781741247585 4.5
      vertex -26.74422897930753 36.810273244060106 5
      vertex -24.64803256903385 38.83908457309269 4.5
    endloop
  endfacet
  facet normal -0.36003545390273334 0.6087867053581644 0.7069322593517742
    outer loop
      vertex -24.64803256903385 38.83908457309269 4.5
      vertex -24.380119171544354 38.416920610341684 5
      vertex -22.1606690086789 40.310107282017725 4.5
    endloop
  endfacet
  facet normal -0.43349767314482907 0.5588618327152168 0.7069322593517767
    outer loop
      vertex -29.00279153356538 35.058352546298416 5
      vertex -26.74422897930753 36.810273244060106 5
      vertex -27.038121605453764 37.214781741247585 4.5
    endloop
  endfacet
  facet normal 0 0 1
    outer loop
      vertex -29.00279153356538 35.058352546298416 5
      vertex -28.36536754381669 34.287839303522624 5
      vertex -26.156443727015056 36.00125624968516 5
    endloop
  endfacet
  facet normal 0 0 1
    outer loop
      vertex -29.00279153356538 35.058352546298416 5
      vertex -26.156443727015056 36.00125624968516 5
      vertex -26.74422897930753 36.810273244060106 5
    endloop
  endfacet
  facet normal 0 0 1
    outer loop
      vertex -26.74422897930753 36.810273244060106 5
      vertex -26.156443727015056 36.00125624968516 5
      vertex -23.844292376565356 37.57259268483966 5
    endloop
  endfacet
  facet normal -0.3975510396887121 0.5849785906597093 0.7069322593517742
    outer loop
      vertex -24.64803256903385 38.83908457309269 4.5
      vertex -26.74422897930753 36.810273244060106 5
      vertex -24.380119171544354 38.416920610341684 5
    endloop
  endfacet
  facet normal 0 0 1
    outer loop
      vertex -26.74422897930753 36.810273244060106 5
      vertex -23.844292376565356 37.57259268483966 5
      vertex -24.380119171544354 38.416920610341684 5
    endloop
  endfacet
  facet normal 0 0 1
    outer loop
      vertex -24.380119171544354 38.416920610341684 5
      vertex -23.844292376565356 37.57259268483966 5
      vertex -21.43803849752633 38.99564726195193 5
    endloop
  endfacet
  facet normal -0.36003545390273156 0.6087867053581629 0.7069322593517766
    outer loop
      vertex -24.380119171544354 38.416920610341684 5
      vertex -21.919792171628043 39.87195394199579 5
      vertex -22.1606690086789 40.310107282017725 4.5
    endloop
  endfacet
  facet normal 0 0 1
    outer loop
      vertex -24.380119171544354 38.416920610341684 5
      vertex -21.43803849752633 38.99564726195193 5
      vertex -21.919792171628043 39.87195394199579 5
    endloop
  endfacet
  facet normal 0 0 1
    outer loop
      vertex -21.919792171628043 39.87195394199579 5
      vertex -21.43803849752633 38.99564726195193 5
      vertex -18.947178474645735 40.26480383473787 5
    endloop
  endfacet
  facet normal -0.321098972664754 0.6301922170587574 0.7069322593517766
    outer loop
      vertex -21.919792171628043 39.87195394199579 5
      vertex -19.585847411993345 41.622044413436896 4.5
      vertex -22.1606690086789 40.310107282017725 4.5
    endloop
  endfacet
  facet normal -0.2808952604778362 0.6491106479860612 0.7069322593517742
    outer loop
      vertex -19.585847411993345 41.622044413436896 4.5
      vertex -19.37295776621081 41.16963088720389 5
      vertex -16.933729423495183 42.76971835085957 4.5
    endloop
  endfacet
  facet normal -0.32109897266475596 0.6301922170587593 0.7069322593517741
    outer loop
      vertex -21.919792171628043 39.87195394199579 5
      vertex -19.37295776621081 41.16963088720389 5
      vertex -19.585847411993345 41.622044413436896 4.5
    endloop
  endfacet
  facet normal -0.28089526047783453 0.6491106479860597 0.7069322593517766
    outer loop
      vertex -19.37295776621081 41.16963088720389 5
      vertex -16.74966714715284 42.30483010791544 5
      vertex -16.933729423495183 42.76971835085957 4.5
    endloop
  endfacet
  facet normal 0 0 1
    outer loop
      vertex -21.919792171628043 39.87195394199579 5
      vertex -18.947178474645735 40.26480383473787 5
      vertex -19.37295776621081 41.16963088720389 5
    endloop
  endfacet
  facet normal 0 0 1
    outer loop
      vertex -19.37295776621081 41.16963088720389 5
      vertex -18.947178474645735 40.26480383473787 5
      vertex -16.381542594468165 41.37505362202719 5
    endloop
  endfacet
  facet normal 0 0 1
    outer loop
      vertex -19.37295776621081 41.16963088720389 5
      vertex -16.381542594468165 41.37505362202719 5
      vertex -16.74966714715284 42.30483010791544 5
    endloop
  endfacet
  facet normal -0.23958298302664435 0.6654673357362082 0.7069322593517765
    outer loop
      vertex -16.933729423495183 42.76971835085957 4.5
      vertex -16.74966714715284 42.30483010791544 5
      vertex -14.214781741247581 43.74859974957706 4.5
    endloop
  endfacet
  facet normal -0.1973251809965063 0.6791977279353123 0.7069322593517752
    outer loop
      vertex -14.214781741247581 43.74859974957706 4.5
      vertex -14.060273244060106 43.273071491429484 5
      vertex -11.439734809583323 44.55482541191703 4.5
    endloop
  endfacet
  facet normal -0.23958298302664519 0.6654673357362092 0.7069322593517751
    outer loop
      vertex -14.214781741247581 43.74859974957706 4.5
      vertex -16.74966714715284 42.30483010791544 5
      vertex -14.060273244060106 43.273071491429484 5
    endloop
  endfacet
  facet normal 0 0 1
    outer loop
      vertex -16.74966714715284 42.30483010791544 5
      vertex -16.381542594468165 41.37505362202719 5
      vertex -13.75125624968516 42.32201497513433 5
    endloop
  endfacet
  facet normal 0 0 1
    outer loop
      vertex -16.74966714715284 42.30483010791544 5
      vertex -13.75125624968516 42.32201497513433 5
      vertex -14.060273244060106 43.273071491429484 5
    endloop
  endfacet
  facet normal 0 0 1
    outer loop
      vertex -14.060273244060106 43.273071491429484 5
      vertex -13.75125624968516 42.32201497513433 5
      vertex -11.066699978836041 43.101950670224085 5
    endloop
  endfacet
  facet normal -0.19732518099650584 0.6791977279353116 0.7069322593517758
    outer loop
      vertex -14.060273244060106 43.273071491429484 5
      vertex -11.315389866000896 44.07053383135271 5
      vertex -11.439734809583323 44.55482541191703 4.5
    endloop
  endfacet
  facet normal 0 0 1
    outer loop
      vertex -14.060273244060106 43.273071491429484 5
      vertex -11.066699978836041 43.101950670224085 5
      vertex -11.315389866000896 44.07053383135271 5
    endloop
  endfacet
  facet normal -0.15428862662627166 0.6902476369981808 0.7069322593517761
    outer loop
      vertex -11.439734809583323 44.55482541191703 4.5
      vertex -11.315389866000896 44.07053383135271 5
      vertex -8.619540470943331 45.18521353351968 4.5
    endloop
  endfacet
  facet normal -0.11064316553451267 0.6985734539819684 0.7069322593517748
    outer loop
      vertex -8.619540470943331 45.18521353351968 4.5
      vertex -8.525849813650469 44.694069908155335 5
      vertex -5.765328743957997 45.63727626046598 4.5
    endloop
  endfacet
  facet normal -0.15428862662627224 0.6902476369981817 0.7069322593517748
    outer loop
      vertex -8.619540470943331 45.18521353351968 4.5
      vertex -11.315389866000896 44.07053383135271 5
      vertex -8.525849813650469 44.694069908155335 5
    endloop
  endfacet
  facet normal 0 0 1
    outer loop
      vertex -11.315389866000896 44.07053383135271 5
      vertex -11.066699978836041 43.101950670224085 5
      vertex -8.338468499064744 43.711782657426646 5
    endloop
  endfacet
  facet normal 0 0 1
    outer loop
      vertex -11.315389866000896 44.07053383135271 5
      vertex -8.338468499064744 43.711782657426646 5
      vertex -8.525849813650469 44.694069908155335 5
    endloop
  endfacet
  facet normal -0.11064316553451278 0.6985734539819686 0.7069322593517747
    outer loop
      vertex -5.765328743957997 45.63727626046598 4.5
      vertex -8.525849813650469 44.694069908155335 5
      vertex -5.702662127175845 45.14121890980874 5
    endloop
  endfacet
  facet normal 0 0 1
    outer loop
      vertex -8.525849813650469 44.694069908155335 5
      vertex -8.338468499064744 43.711782657426646 5
      vertex -5.577328893611541 44.149104208494265 5
    endloop
  endfacet
  facet normal 0 0 1
    outer loop
      vertex -8.525849813650469 44.694069908155335 5
      vertex -5.577328893611541 44.149104208494265 5
      vertex -5.702662127175845 45.14121890980874 5
    endloop
  endfacet
  facet normal -0.06656104641644266 0.7041423206907416 0.7069322593517746
    outer loop
      vertex -5.765328743957997 45.63727626046598 4.5
      vertex -5.702662127175845 45.14121890980874 5
      vertex -2.888363898348411 45.909229507700495 4.5
    endloop
  endfacet
  facet normal -0.022216241257015493 0.7069322593517747 0.7069322593517748
    outer loop
      vertex -2.888363898348411 45.909229507700495 4.5
      vertex -2.856968638583754 45.41021614348636 5
      vertex 0 46 4.5
    endloop
  endfacet
  facet normal -0.06656104641644257 0.7041423206907415 0.706932259351775
    outer loop
      vertex -2.888363898348411 45.909229507700495 4.5
      vertex -5.702662127175845 45.14121890980874 5
      vertex -2.856968638583754 45.41021614348636 5
    endloop
  endfacet
  facet normal 0 0 1
    outer loop
      vertex -5.702662127175845 45.14121890980874 5
      vertex -5.577328893611541 44.149104208494265 5
      vertex -2.794178119054441 44.41218941505809 5
    endloop
  endfacet
  facet normal 0 0 1
    outer loop
      vertex -5.702662127175845 45.14121890980874 5
      vertex -2.794178119054441 44.41218941505809 5
      vertex -2.856968638583754 45.41021614348636 5
    endloop
  endfacet
  facet normal -0.022216241257015518 0.706932259351775 0.706932259351775
    outer loop
      vertex -2.856968638583754 45.41021614348636 5
      vertex 0 45.5 5
      vertex 0 46 4.5
    endloop
  endfacet
  facet normal 0 0 1
    outer loop
      vertex -2.856968638583754 45.41021614348636 5
      vertex -2.794178119054441 44.41218941505809 5
      vertex 0 45.5 5
    endloop
  endfacet
  facet normal 0 0 1
    outer loop
      vertex 0 45.5 5
      vertex -2.794178119054441 44.41218941505809 5
      vertex 0 44.5 5
    endloop
  endfacet
  facet normal 0.022216241257015323 -0.7069322593517747 0.7069322593517748
    outer loop
      vertex 0 -46 4.5
      vertex 2.888363898348433 -45.909229507700495 4.5
      vertex 2.8569686385837763 -45.41021614348636 5
    endloop
  endfacet
  facet normal 0.06656104641644339 -0.7041423206907416 0.7069322593517746
    outer loop
      vertex 2.888363898348433 -45.909229507700495 4.5
      vertex 5.765328743957987 -45.63727626046598 4.5
      vertex 5.702662127175835 -45.14121890980874 5
    endloop
  endfacet
  facet normal 0.02221624125701534 -0.7069322593517748 0.7069322593517748
    outer loop
      vertex 0 -46 4.5
      vertex 2.8569686385837763 -45.41021614348636 5
      vertex 0 -45.5 5
    endloop
  endfacet
  facet normal 0 0 1
    outer loop
      vertex 0 -45.5 5
      vertex 2.7941781190544623 -44.41218941505809 5
      vertex 0 -44.5 5
    endloop
  endfacet
  facet normal 0 0 1
    outer loop
      vertex 0 -45.5 5
      vertex 2.8569686385837763 -45.41021614348636 5
      vertex 2.7941781190544623 -44.41218941505809 5
    endloop
  endfacet
  facet normal 0.06656104641644332 -0.7041423206907415 0.706932259351775
    outer loop
      vertex 2.888363898348433 -45.909229507700495 4.5
      vertex 5.702662127175835 -45.14121890980874 5
      vertex 2.8569686385837763 -45.41021614348636 5
    endloop
  endfacet
  facet normal 0 0 1
    outer loop
      vertex 2.8569686385837763 -45.41021614348636 5
      vertex 5.702662127175835 -45.14121890980874 5
      vertex 2.7941781190544623 -44.41218941505809 5
    endloop
  endfacet
  facet normal 0 0 1
    outer loop
      vertex 5.702662127175835 -45.14121890980874 5
      vertex 5.577328893611531 -44.149104208494265 5
      vertex 2.7941781190544623 -44.41218941505809 5
    endloop
  endfacet
  facet normal 0.11064316553451191 -0.6985734539819686 0.7069322593517748
    outer loop
      vertex 5.765328743957987 -45.63727626046598 4.5
      vertex 8.619540470943342 -45.18521353351968 4.5
      vertex 8.52584981365048 -44.694069908155335 5
    endloop
  endfacet
  facet normal 0.15428862662627155 -0.6902476369981807 0.706932259351776
    outer loop
      vertex 8.619540470943342 -45.18521353351968 4.5
      vertex 11.439734809583303 -44.55482541191704 4.5
      vertex 11.315389866000876 -44.07053383135272 5
    endloop
  endfacet
  facet normal 0.110643165534512 -0.6985734539819688 0.7069322593517747
    outer loop
      vertex 5.702662127175835 -45.14121890980874 5
      vertex 5.765328743957987 -45.63727626046598 4.5
      vertex 8.52584981365048 -44.694069908155335 5
    endloop
  endfacet
  facet normal 0 0 1
    outer loop
      vertex 5.702662127175835 -45.14121890980874 5
      vertex 8.52584981365048 -44.694069908155335 5
      vertex 5.577328893611531 -44.149104208494265 5
    endloop
  endfacet
  facet normal 0 0 1
    outer loop
      vertex 8.52584981365048 -44.694069908155335 5
      vertex 8.338468499064755 -43.711782657426646 5
      vertex 5.577328893611531 -44.149104208494265 5
    endloop
  endfacet
  facet normal 0.15428862662627219 -0.6902476369981818 0.7069322593517748
    outer loop
      vertex 8.619540470943342 -45.18521353351968 4.5
      vertex 11.315389866000876 -44.07053383135272 5
      vertex 8.52584981365048 -44.694069908155335 5
    endloop
  endfacet
  facet normal 0 0 1
    outer loop
      vertex 8.52584981365048 -44.694069908155335 5
      vertex 11.315389866000876 -44.07053383135272 5
      vertex 8.338468499064755 -43.711782657426646 5
    endloop
  endfacet
  facet normal 0 0 1
    outer loop
      vertex 11.315389866000876 -44.07053383135272 5
      vertex 11.066699978836022 -43.101950670224085 5
      vertex 8.338468499064755 -43.711782657426646 5
    endloop
  endfacet
  facet normal 0.19732518099650664 -0.6791977279353122 0.7069322593517752
    outer loop
      vertex 11.439734809583303 -44.55482541191704 4.5
      vertex 14.214781741247581 -43.74859974957706 4.5
      vertex 14.060273244060106 -43.273071491429484 5
    endloop
  endfacet
  facet normal 0.23958298302664607 -0.6654673357362085 0.7069322593517757
    outer loop
      vertex 14.214781741247581 -43.74859974957706 4.5
      vertex 16.933729423495205 -42.769718350859556 4.5
      vertex 16.749667147152866 -42.30483010791543 5
    endloop
  endfacet
  facet normal 0.19732518099650614 -0.6791977279353115 0.7069322593517761
    outer loop
      vertex 11.439734809583303 -44.55482541191704 4.5
      vertex 14.060273244060106 -43.273071491429484 5
      vertex 11.315389866000876 -44.07053383135272 5
    endloop
  endfacet
  facet normal 0 0 1
    outer loop
      vertex 11.315389866000876 -44.07053383135272 5
      vertex 14.060273244060106 -43.273071491429484 5
      vertex 11.066699978836022 -43.101950670224085 5
    endloop
  endfacet
  facet normal 0 0 1
    outer loop
      vertex 14.060273244060106 -43.273071491429484 5
      vertex 13.75125624968516 -42.32201497513433 5
      vertex 11.066699978836022 -43.101950670224085 5
    endloop
  endfacet
  facet normal 0.23958298302664638 -0.6654673357362089 0.7069322593517752
    outer loop
      vertex 14.214781741247581 -43.74859974957706 4.5
      vertex 16.749667147152866 -42.30483010791543 5
      vertex 14.060273244060106 -43.273071491429484 5
    endloop
  endfacet
  facet normal 0 0 1
    outer loop
      vertex 14.060273244060106 -43.273071491429484 5
      vertex 16.749667147152866 -42.30483010791543 5
      vertex 13.75125624968516 -42.32201497513433 5
    endloop
  endfacet
  facet normal 0 0 1
    outer loop
      vertex 16.749667147152866 -42.30483010791543 5
      vertex 16.381542594468186 -41.37505362202718 5
      vertex 13.75125624968516 -42.32201497513433 5
    endloop
  endfacet
  facet normal 0.280895260477835 -0.6491106479860619 0.7069322593517742
    outer loop
      vertex 16.933729423495205 -42.769718350859556 4.5
      vertex 19.58584741199333 -41.6220444134369 4.5
      vertex 19.372957766210796 -41.169630887203894 5
    endloop
  endfacet
  facet normal 0.3210989726647567 -0.6301922170587609 0.7069322593517722
    outer loop
      vertex 19.58584741199333 -41.6220444134369 4.5
      vertex 22.16066900867891 -40.31010728201772 4.5
      vertex 21.91979217162805 -39.87195394199579 5
    endloop
  endfacet
  facet normal 0.280895260477834 -0.6491106479860608 0.7069322593517757
    outer loop
      vertex 16.933729423495205 -42.769718350859556 4.5
      vertex 19.372957766210796 -41.169630887203894 5
      vertex 16.749667147152866 -42.30483010791543 5
    endloop
  endfacet
  facet normal 0 0 1
    outer loop
      vertex 16.749667147152866 -42.30483010791543 5
      vertex 19.372957766210796 -41.169630887203894 5
      vertex 16.381542594468186 -41.37505362202718 5
    endloop
  endfacet
  facet normal 0 0 1
    outer loop
      vertex 19.372957766210796 -41.169630887203894 5
      vertex 18.947178474645725 -40.26480383473787 5
      vertex 16.381542594468186 -41.37505362202718 5
    endloop
  endfacet
  facet normal 0 0 1
    outer loop
      vertex 19.372957766210796 -41.169630887203894 5
      vertex 21.91979217162805 -39.87195394199579 5
      vertex 18.947178474645725 -40.26480383473787 5
    endloop
  endfacet
  facet normal 0.32109897266475523 -0.6301922170587596 0.7069322593517743
    outer loop
      vertex 19.58584741199333 -41.6220444134369 4.5
      vertex 21.91979217162805 -39.87195394199579 5
      vertex 19.372957766210796 -41.169630887203894 5
    endloop
  endfacet
  facet normal 0.3600354539027349 -0.6087867053581658 0.7069322593517723
    outer loop
      vertex 22.16066900867891 -40.31010728201772 4.5
      vertex 24.380119171544326 -38.4169206103417 5
      vertex 21.91979217162805 -39.87195394199579 5
    endloop
  endfacet
  facet normal 0 0 1
    outer loop
      vertex 21.91979217162805 -39.87195394199579 5
      vertex 21.438038497526335 -38.99564726195192 5
      vertex 18.947178474645725 -40.26480383473787 5
    endloop
  endfacet
  facet normal 0 0 1
    outer loop
      vertex 21.91979217162805 -39.87195394199579 5
      vertex 24.380119171544326 -38.4169206103417 5
      vertex 21.438038497526335 -38.99564726195192 5
    endloop
  endfacet
  facet normal 0.3600354539027323 -0.6087867053581636 0.7069322593517755
    outer loop
      vertex 22.16066900867891 -40.31010728201772 4.5
      vertex 24.648032569033827 -38.839084573092705 4.5
      vertex 24.380119171544326 -38.4169206103417 5
    endloop
  endfacet
  facet normal 0.3975510396887093 -0.5849785906597079 0.7069322593517772
    outer loop
      vertex 24.648032569033827 -38.839084573092705 4.5
      vertex 27.038121605453764 -37.214781741247585 4.5
      vertex 26.74422897930753 -36.810273244060106 5
    endloop
  endfacet
  facet normal 0.43349767314483073 -0.5588618327152172 0.7069322593517757
    outer loop
      vertex 27.038121605453764 -37.214781741247585 4.5
      vertex 29.321503528439738 -35.4436091676863 4.5
      vertex 29.002791533565393 -35.0583525462984 5
    endloop
  endfacet
  facet normal 0.39755103968871053 -0.5849785906597088 0.7069322593517757
    outer loop
      vertex 24.648032569033827 -38.839084573092705 4.5
      vertex 26.74422897930753 -36.810273244060106 5
      vertex 24.380119171544326 -38.4169206103417 5
    endloop
  endfacet
  facet normal 0 0 1
    outer loop
      vertex 24.380119171544326 -38.4169206103417 5
      vertex 23.84429237656533 -37.572592684839684 5
      vertex 21.438038497526335 -38.99564726195192 5
    endloop
  endfacet
  facet normal 0 0 1
    outer loop
      vertex 24.380119171544326 -38.4169206103417 5
      vertex 26.74422897930753 -36.810273244060106 5
      vertex 23.84429237656533 -37.572592684839684 5
    endloop
  endfacet
  facet normal 0 0 1
    outer loop
      vertex 26.74422897930753 -36.810273244060106 5
      vertex 26.156443727015056 -36.00125624968516 5
      vertex 23.84429237656533 -37.572592684839684 5
    endloop
  endfacet
  facet normal 0.4334976731448297 -0.5588618327152165 0.706932259351777
    outer loop
      vertex 27.038121605453764 -37.214781741247585 4.5
      vertex 29.002791533565393 -35.0583525462984 5
      vertex 26.74422897930753 -36.810273244060106 5
    endloop
  endfacet
  facet normal 0 0 1
    outer loop
      vertex 26.74422897930753 -36.810273244060106 5
      vertex 29.002791533565393 -35.0583525462984 5
      vertex 26.156443727015056 -36.00125624968516 5
    endloop
  endfacet
  facet normal 0 0 1
    outer loop
      vertex 29.002791533565393 -35.0583525462984 5
      vertex 28.365367543816703 -34.28783930352261 5
      vertex 26.156443727015056 -36.00125624968516 5
    endloop
  endfacet
  facet normal 0.46773348933129644 -0.5305395024366836 0.7069322593517755
    outer loop
      vertex 29.321503528439738 -35.4436091676863 4.5
      vertex 31.14689331975533 -33.16807254767423 5
      vertex 29.002791533565393 -35.0583525462984 5
    endloop
  endfacet
  facet normal 0.4677334893312949 -0.5305395024366828 0.7069322593517775
    outer loop
      vertex 29.321503528439738 -35.4436091676863 4.5
      vertex 31.48916687271967 -33.53255686138494 4.5
      vertex 31.14689331975533 -33.16807254767423 5
    endloop
  endfacet
  facet normal 0.500123375122475 -0.500123375122475 0.7069322593517773
    outer loop
      vertex 31.48916687271967 -33.53255686138494 4.5
      vertex 33.53255686138494 -31.48916687271967 4.5
      vertex 33.16807254767423 -31.14689331975533 5
    endloop
  endfacet
  facet normal 0 0 1
    outer loop
      vertex 29.002791533565393 -35.0583525462984 5
      vertex 31.14689331975533 -33.16807254767423 5
      vertex 28.365367543816703 -34.28783930352261 5
    endloop
  endfacet
  facet normal 0 0 1
    outer loop
      vertex 31.14689331975533 -33.16807254767423 5
      vertex 30.46234621382664 -32.43910392025282 5
      vertex 28.365367543816703 -34.28783930352261 5
    endloop
  endfacet
  facet normal 0 0 1
    outer loop
      vertex 31.14689331975533 -33.16807254767423 5
      vertex 33.16807254767423 -31.14689331975533 5
      vertex 30.46234621382664 -32.43910392025282 5
    endloop
  endfacet
  facet normal 0.500123375122475 -0.500123375122475 0.7069322593517772
    outer loop
      vertex 31.48916687271967 -33.53255686138494 4.5
      vertex 33.16807254767423 -31.14689331975533 5
      vertex 31.14689331975533 -33.16807254767423 5
    endloop
  endfacet
  facet normal 0.5305395024366822 -0.4677334893312952 0.7069322593517774
    outer loop
      vertex 33.53255686138494 -31.48916687271967 4.5
      vertex 35.0583525462984 -29.002791533565393 5
      vertex 33.16807254767423 -31.14689331975533 5
    endloop
  endfacet
  facet normal 0 0 1
    outer loop
      vertex 33.16807254767423 -31.14689331975533 5
      vertex 32.43910392025282 -30.46234621382664 5
      vertex 30.46234621382664 -32.43910392025282 5
    endloop
  endfacet
  facet normal 0 0 1
    outer loop
      vertex 33.16807254767423 -31.14689331975533 5
      vertex 35.0583525462984 -29.002791533565393 5
      vertex 32.43910392025282 -30.46234621382664 5
    endloop
  endfacet
  facet normal 0 0 1
    outer loop
      vertex 35.0583525462984 -29.002791533565393 5
      vertex 34.28783930352261 -28.365367543816703 5
      vertex 32.43910392025282 -30.46234621382664 5
    endloop
  endfacet
  facet normal 0.5305395024366841 -0.467733489331296 0.7069322593517757
    outer loop
      vertex 33.53255686138494 -31.48916687271967 4.5
      vertex 35.4436091676863 -29.321503528439738 4.5
      vertex 35.0583525462984 -29.002791533565393 5
    endloop
  endfacet
  facet normal 0.5588618327152163 -0.43349767314482995 0.7069322593517768
    outer loop
      vertex 35.4436091676863 -29.321503528439738 4.5
      vertex 37.214781741247585 -27.038121605453764 4.5
      vertex 36.810273244060106 -26.74422897930753 5
    endloop
  endfacet
  facet normal 0.5849785906597091 -0.39755103968871014 0.7069322593517756
    outer loop
      vertex 37.214781741247585 -27.038121605453764 4.5
      vertex 38.839084573092705 -24.648032569033827 4.5
      vertex 38.4169206103417 -24.380119171544326 5
    endloop
  endfacet
  facet normal 0.5588618327152175 -0.4334976731448304 0.7069322593517757
    outer loop
      vertex 35.4436091676863 -29.321503528439738 4.5
      vertex 36.810273244060106 -26.74422897930753 5
      vertex 35.0583525462984 -29.002791533565393 5
    endloop
  endfacet
  facet normal 0 0 1
    outer loop
      vertex 35.0583525462984 -29.002791533565393 5
      vertex 36.810273244060106 -26.74422897930753 5
      vertex 34.28783930352261 -28.365367543816703 5
    endloop
  endfacet
  facet normal 0 0 1
    outer loop
      vertex 36.810273244060106 -26.74422897930753 5
      vertex 36.00125624968516 -26.156443727015056 5
      vertex 34.28783930352261 -28.365367543816703 5
    endloop
  endfacet
  facet normal 0 0 1
    outer loop
      vertex 36.810273244060106 -26.74422897930753 5
      vertex 38.4169206103417 -24.380119171544326 5
      vertex 36.00125624968516 -26.156443727015056 5
    endloop
  endfacet
  facet normal 0 0 1
    outer loop
      vertex 38.4169206103417 -24.380119171544326 5
      vertex 37.572592684839684 -23.84429237656533 5
      vertex 36.00125624968516 -26.156443727015056 5
    endloop
  endfacet
  facet normal 0.5849785906597077 -0.39755103968870975 0.706932259351777
    outer loop
      vertex 37.214781741247585 -27.038121605453764 4.5
      vertex 38.4169206103417 -24.380119171544326 5
      vertex 36.810273244060106 -26.74422897930753 5
    endloop
  endfacet
  facet normal 0.6087867053581629 -0.3600354539027332 0.7069322593517756
    outer loop
      vertex 38.839084573092705 -24.648032569033827 4.5
      vertex 39.87195394199579 -21.91979217162805 5
      vertex 38.4169206103417 -24.380119171544326 5
    endloop
  endfacet
  facet normal 0 0 1
    outer loop
      vertex 38.4169206103417 -24.380119171544326 5
      vertex 39.87195394199579 -21.91979217162805 5
      vertex 37.572592684839684 -23.84429237656533 5
    endloop
  endfacet
  facet normal 0.6087867053581665 -0.360035453902734 0.7069322593517723
    outer loop
      vertex 38.839084573092705 -24.648032569033827 4.5
      vertex 40.31010728201772 -22.16066900867891 4.5
      vertex 39.87195394199579 -21.91979217162805 5
    endloop
  endfacet
  facet normal 0 0 1
    outer loop
      vertex 39.87195394199579 -21.91979217162805 5
      vertex 38.99564726195192 -21.438038497526335 5
      vertex 37.572592684839684 -23.84429237656533 5
    endloop
  endfacet
  facet normal 0 0 1
    outer loop
      vertex 39.87195394199579 -21.91979217162805 5
      vertex 41.169630887203894 -19.372957766210796 5
      vertex 38.99564726195192 -21.438038497526335 5
    endloop
  endfacet
  facet normal 0 0 1
    outer loop
      vertex 41.169630887203894 -19.372957766210796 5
      vertex 40.26480383473787 -18.947178474645725 5
      vertex 38.99564726195192 -21.438038497526335 5
    endloop
  endfacet
  facet normal 0.6301922170587593 -0.32109897266475584 0.7069322593517743
    outer loop
      vertex 40.31010728201772 -22.16066900867891 4.5
      vertex 41.6220444134369 -19.58584741199333 4.5
      vertex 41.169630887203894 -19.372957766210796 5
    endloop
  endfacet
  facet normal 0.6491106479860604 -0.28089526047783436 0.7069322593517756
    outer loop
      vertex 41.6220444134369 -19.58584741199333 4.5
      vertex 42.769718350859556 -16.933729423495205 4.5
      vertex 42.30483010791543 -16.749667147152866 5
    endloop
  endfacet
  facet normal 0.6301922170587613 -0.32109897266475607 0.7069322593517721
    outer loop
      vertex 39.87195394199579 -21.91979217162805 5
      vertex 40.31010728201772 -22.16066900867891 4.5
      vertex 41.169630887203894 -19.372957766210796 5
    endloop
  endfacet
  facet normal 0.6491106479860621 -0.28089526047783453 0.7069322593517742
    outer loop
      vertex 41.6220444134369 -19.58584741199333 4.5
      vertex 42.30483010791543 -16.749667147152866 5
      vertex 41.169630887203894 -19.372957766210796 5
    endloop
  endfacet
  facet normal 0 0 1
    outer loop
      vertex 41.169630887203894 -19.372957766210796 5
      vertex 42.30483010791543 -16.749667147152866 5
      vertex 40.26480383473787 -18.947178474645725 5
    endloop
  endfacet
  facet normal 0 0 1
    outer loop
      vertex 42.30483010791543 -16.749667147152866 5
      vertex 41.37505362202718 -16.381542594468186 5
      vertex 40.26480383473787 -18.947178474645725 5
    endloop
  endfacet
  facet normal 0.665467335736209 -0.2395829830266462 0.7069322593517751
    outer loop
      vertex 42.769718350859556 -16.933729423495205 4.5
      vertex 43.74859974957706 -14.214781741247581 4.5
      vertex 43.273071491429484 -14.060273244060106 5
    endloop
  endfacet
  facet normal 0.6791977279353115 -0.19732518099650642 0.7069322593517761
    outer loop
      vertex 43.74859974957706 -14.214781741247581 4.5
      vertex 44.55482541191704 -11.439734809583303 4.5
      vertex 44.07053383135272 -11.315389866000876 5
    endloop
  endfacet
  facet normal 0.6654673357362083 -0.23958298302664618 0.7069322593517756
    outer loop
      vertex 42.769718350859556 -16.933729423495205 4.5
      vertex 43.273071491429484 -14.060273244060106 5
      vertex 42.30483010791543 -16.749667147152866 5
    endloop
  endfacet
  facet normal 0 0 1
    outer loop
      vertex 42.30483010791543 -16.749667147152866 5
      vertex 43.273071491429484 -14.060273244060106 5
      vertex 41.37505362202718 -16.381542594468186 5
    endloop
  endfacet
  facet normal 0 0 1
    outer loop
      vertex 43.273071491429484 -14.060273244060106 5
      vertex 42.32201497513433 -13.75125624968516 5
      vertex 41.37505362202718 -16.381542594468186 5
    endloop
  endfacet
  facet normal 0 0 1
    outer loop
      vertex 43.273071491429484 -14.060273244060106 5
      vertex 43.101950670224085 -11.066699978836022 5
      vertex 42.32201497513433 -13.75125624968516 5
    endloop
  endfacet
  facet normal 0.6791977279353123 -0.19732518099650637 0.7069322593517752
    outer loop
      vertex 43.74859974957706 -14.214781741247581 4.5
      vertex 44.07053383135272 -11.315389866000876 5
      vertex 43.273071491429484 -14.060273244060106 5
    endloop
  endfacet
  facet normal 0 0 1
    outer loop
      vertex 43.273071491429484 -14.060273244060106 5
      vertex 44.07053383135272 -11.315389866000876 5
      vertex 43.101950670224085 -11.066699978836022 5
    endloop
  endfacet
  facet normal 0.6902476369981818 -0.1542886266262718 0.7069322593517748
    outer loop
      vertex 44.55482541191704 -11.439734809583303 4.5
      vertex 45.18521353351968 -8.619540470943342 4.5
      vertex 44.694069908155335 -8.52584981365048 5
    endloop
  endfacet
  facet normal 0.6985734539819687 -0.11064316553451192 0.7069322593517746
    outer loop
      vertex 45.18521353351968 -8.619540470943342 4.5
      vertex 45.63727626046598 -5.765328743957987 4.5
      vertex 45.14121890980874 -5.702662127175835 5
    endloop
  endfacet
  facet normal 0.6902476369981807 -0.15428862662627194 0.7069322593517761
    outer loop
      vertex 44.55482541191704 -11.439734809583303 4.5
      vertex 44.694069908155335 -8.52584981365048 5
      vertex 44.07053383135272 -11.315389866000876 5
    endloop
  endfacet
  facet normal 0 0 1
    outer loop
      vertex 44.07053383135272 -11.315389866000876 5
      vertex 43.711782657426646 -8.338468499064755 5
      vertex 43.101950670224085 -11.066699978836022 5
    endloop
  endfacet
  facet normal 0 0 1
    outer loop
      vertex 44.07053383135272 -11.315389866000876 5
      vertex 44.694069908155335 -8.52584981365048 5
      vertex 43.711782657426646 -8.338468499064755 5
    endloop
  endfacet
  facet normal 0.6985734539819686 -0.11064316553451198 0.7069322593517751
    outer loop
      vertex 45.18521353351968 -8.619540470943342 4.5
      vertex 45.14121890980874 -5.702662127175835 5
      vertex 44.694069908155335 -8.52584981365048 5
    endloop
  endfacet
  facet normal 0 0 1
    outer loop
      vertex 44.694069908155335 -8.52584981365048 5
      vertex 44.149104208494265 -5.577328893611531 5
      vertex 43.711782657426646 -8.338468499064755 5
    endloop
  endfacet
  facet normal 0.7041423206907415 -0.06656104641644338 0.706932259351775
    outer loop
      vertex 45.63727626046598 -5.765328743957987 4.5
      vertex 45.909229507700495 -2.888363898348433 4.5
      vertex 45.41021614348636 -2.8569686385837763 5
    endloop
  endfacet
  facet normal 0.7069322593517747 -0.022216241257015323 0.7069322593517748
    outer loop
      vertex 45.909229507700495 -2.888363898348433 4.5
      vertex 46 0 4.5
      vertex 45.41021614348636 -2.8569686385837763 5
    endloop
  endfacet
  facet normal 0.7041423206907416 -0.06656104641644334 0.7069322593517746
    outer loop
      vertex 45.63727626046598 -5.765328743957987 4.5
      vertex 45.41021614348636 -2.8569686385837763 5
      vertex 45.14121890980874 -5.702662127175835 5
    endloop
  endfacet
  facet normal 0 0 1
    outer loop
      vertex 44.694069908155335 -8.52584981365048 5
      vertex 44.41218941505809 -2.7941781190544623 5
      vertex 44.149104208494265 -5.577328893611531 5
    endloop
  endfacet
  facet normal 0 0 1
    outer loop
      vertex 44.694069908155335 -8.52584981365048 5
      vertex 44.5 0 5
      vertex 44.41218941505809 -2.7941781190544623 5
    endloop
  endfacet
  facet normal 0.7069322593517748 -0.02221624125701534 0.7069322593517748
    outer loop
      vertex 45.41021614348636 -2.8569686385837763 5
      vertex 46 0 4.5
      vertex 45.5 0 5
    endloop
  endfacet
  facet normal 0 0 1
    outer loop
      vertex 44.694069908155335 -8.52584981365048 5
      vertex 45.14121890980874 -5.702662127175835 5
      vertex 44.694069908155335 8.52584981365047 5
    endloop
  endfacet
  facet normal 0 0 1
    outer loop
      vertex 45.14121890980874 -5.702662127175835 5
      vertex 45.41021614348636 -2.8569686385837763 5
      vertex 45.14121890980874 5.702662127175843 5
    endloop
  endfacet
  facet normal 0 0 1
    outer loop
      vertex 45.41021614348636 -2.8569686385837763 5
      vertex 45.5 0 5
      vertex 45.41021614348636 2.8569686385837585 5
    endloop
  endfacet
  facet normal 0.022216241257015493 0.7069322593517747 0.7069322593517748
    outer loop
      vertex 0 46 4.5
      vertex 2.856968638583754 45.41021614348636 5
      vertex 2.888363898348411 45.909229507700495 4.5
    endloop
  endfacet
  facet normal 0.06656104641644267 0.7041423206907418 0.7069322593517747
    outer loop
      vertex 2.888363898348411 45.909229507700495 4.5
      vertex 5.702662127175845 45.14121890980874 5
      vertex 5.765328743957997 45.63727626046598 4.5
    endloop
  endfacet
  facet normal 0.022216241257015518 0.706932259351775 0.706932259351775
    outer loop
      vertex 0 46 4.5
      vertex 0 45.5 5
      vertex 2.856968638583754 45.41021614348636 5
    endloop
  endfacet
  facet normal 0 0 1
    outer loop
      vertex 0 45.5 5
      vertex 0 44.5 5
      vertex 2.794178119054441 44.41218941505809 5
    endloop
  endfacet
  facet normal 0 0 1
    outer loop
      vertex 0 45.5 5
      vertex 2.794178119054441 44.41218941505809 5
      vertex 2.856968638583754 45.41021614348636 5
    endloop
  endfacet
  facet normal 0.06656104641644257 0.7041423206907415 0.706932259351775
    outer loop
      vertex 2.888363898348411 45.909229507700495 4.5
      vertex 2.856968638583754 45.41021614348636 5
      vertex 5.702662127175845 45.14121890980874 5
    endloop
  endfacet
  facet normal 0 0 1
    outer loop
      vertex 2.856968638583754 45.41021614348636 5
      vertex 2.794178119054441 44.41218941505809 5
      vertex 5.577328893611541 44.149104208494265 5
    endloop
  endfacet
  facet normal 0 0 1
    outer loop
      vertex 2.856968638583754 45.41021614348636 5
      vertex 5.577328893611541 44.149104208494265 5
      vertex 5.702662127175845 45.14121890980874 5
    endloop
  endfacet
  facet normal 0.11064316553451267 0.6985734539819684 0.706932259351775
    outer loop
      vertex 5.765328743957997 45.63727626046598 4.5
      vertex 8.525849813650469 44.694069908155335 5
      vertex 8.619540470943331 45.18521353351968 4.5
    endloop
  endfacet
  facet normal 0.15428862662627166 0.6902476369981808 0.7069322593517761
    outer loop
      vertex 8.619540470943331 45.18521353351968 4.5
      vertex 11.315389866000896 44.07053383135271 5
      vertex 11.439734809583323 44.55482541191703 4.5
    endloop
  endfacet
  facet normal 0.11064316553451278 0.6985734539819686 0.7069322593517746
    outer loop
      vertex 5.702662127175845 45.14121890980874 5
      vertex 8.525849813650469 44.694069908155335 5
      vertex 5.765328743957997 45.63727626046598 4.5
    endloop
  endfacet
  facet normal 0 0 1
    outer loop
      vertex 5.702662127175845 45.14121890980874 5
      vertex 5.577328893611541 44.149104208494265 5
      vertex 8.338468499064744 43.711782657426646 5
    endloop
  endfacet
  facet normal 0 0 1
    outer loop
      vertex 5.702662127175845 45.14121890980874 5
      vertex 8.338468499064744 43.711782657426646 5
      vertex 8.525849813650469 44.694069908155335 5
    endloop
  endfacet
  facet normal 0.15428862662627224 0.6902476369981817 0.7069322593517748
    outer loop
      vertex 8.619540470943331 45.18521353351968 4.5
      vertex 8.525849813650469 44.694069908155335 5
      vertex 11.315389866000896 44.07053383135271 5
    endloop
  endfacet
  facet normal 0 0 1
    outer loop
      vertex 8.525849813650469 44.694069908155335 5
      vertex 8.338468499064744 43.711782657426646 5
      vertex 11.066699978836041 43.101950670224085 5
    endloop
  endfacet
  facet normal 0 0 1
    outer loop
      vertex 8.525849813650469 44.694069908155335 5
      vertex 11.066699978836041 43.101950670224085 5
      vertex 11.315389866000896 44.07053383135271 5
    endloop
  endfacet
  facet normal 0.1973251809965063 0.6791977279353123 0.7069322593517751
    outer loop
      vertex 11.439734809583323 44.55482541191703 4.5
      vertex 14.060273244060106 43.273071491429484 5
      vertex 14.214781741247581 43.74859974957706 4.5
    endloop
  endfacet
  facet normal 0.23958298302664435 0.6654673357362082 0.7069322593517766
    outer loop
      vertex 14.214781741247581 43.74859974957706 4.5
      vertex 16.74966714715284 42.30483010791544 5
      vertex 16.933729423495183 42.76971835085957 4.5
    endloop
  endfacet
  facet normal 0.19732518099650584 0.6791977279353116 0.706932259351776
    outer loop
      vertex 11.439734809583323 44.55482541191703 4.5
      vertex 11.315389866000896 44.07053383135271 5
      vertex 14.060273244060106 43.273071491429484 5
    endloop
  endfacet
  facet normal 0 0 1
    outer loop
      vertex 11.315389866000896 44.07053383135271 5
      vertex 11.066699978836041 43.101950670224085 5
      vertex 13.75125624968516 42.32201497513433 5
    endloop
  endfacet
  facet normal 0 0 1
    outer loop
      vertex 11.315389866000896 44.07053383135271 5
      vertex 13.75125624968516 42.32201497513433 5
      vertex 14.060273244060106 43.273071491429484 5
    endloop
  endfacet
  facet normal 0.23958298302664519 0.6654673357362092 0.7069322593517751
    outer loop
      vertex 14.214781741247581 43.74859974957706 4.5
      vertex 14.060273244060106 43.273071491429484 5
      vertex 16.74966714715284 42.30483010791544 5
    endloop
  endfacet
  facet normal 0 0 1
    outer loop
      vertex 14.060273244060106 43.273071491429484 5
      vertex 13.75125624968516 42.32201497513433 5
      vertex 16.381542594468165 41.37505362202719 5
    endloop
  endfacet
  facet normal 0 0 1
    outer loop
      vertex 14.060273244060106 43.273071491429484 5
      vertex 16.381542594468165 41.37505362202719 5
      vertex 16.74966714715284 42.30483010791544 5
    endloop
  endfacet
  facet normal 0 0 1
    outer loop
      vertex 19.37295776621081 41.16963088720389 5
      vertex 18.947178474645735 40.26480383473787 5
      vertex 21.43803849752633 38.99564726195193 5
    endloop
  endfacet
  facet normal 0.3600354539027323 0.6087867053581624 0.7069322593517767
    outer loop
      vertex 21.919792171628043 39.87195394199579 5
      vertex 24.380119171544347 38.416920610341684 5
      vertex 22.1606690086789 40.310107282017725 4.5
    endloop
  endfacet
  facet normal 0 0 1
    outer loop
      vertex 21.919792171628043 39.87195394199579 5
      vertex 19.37295776621081 41.16963088720389 5
      vertex 21.43803849752633 38.99564726195193 5
    endloop
  endfacet
  facet normal 0 0 1
    outer loop
      vertex 21.919792171628043 39.87195394199579 5
      vertex 21.43803849752633 38.99564726195193 5
      vertex 23.844292376565352 37.57259268483967 5
    endloop
  endfacet
  facet normal 0.2808952604778362 0.6491106479860612 0.7069322593517743
    outer loop
      vertex 16.933729423495183 42.76971835085957 4.5
      vertex 19.37295776621081 41.16963088720389 5
      vertex 19.585847411993345 41.622044413436896 4.5
    endloop
  endfacet
  facet normal 0.321098972664754 0.6301922170587574 0.7069322593517766
    outer loop
      vertex 21.919792171628043 39.87195394199579 5
      vertex 22.1606690086789 40.310107282017725 4.5
      vertex 19.585847411993345 41.622044413436896 4.5
    endloop
  endfacet
  facet normal 0.2808952604778345 0.6491106479860594 0.7069322593517766
    outer loop
      vertex 16.933729423495183 42.76971835085957 4.5
      vertex 16.74966714715284 42.30483010791544 5
      vertex 19.37295776621081 41.16963088720389 5
    endloop
  endfacet
  facet normal 0 0 1
    outer loop
      vertex 16.74966714715284 42.30483010791544 5
      vertex 16.381542594468165 41.37505362202719 5
      vertex 18.947178474645735 40.26480383473787 5
    endloop
  endfacet
  facet normal 0 0 1
    outer loop
      vertex 16.74966714715284 42.30483010791544 5
      vertex 18.947178474645735 40.26480383473787 5
      vertex 19.37295776621081 41.16963088720389 5
    endloop
  endfacet
  facet normal 0.32109897266475596 0.6301922170587593 0.7069322593517741
    outer loop
      vertex 21.919792171628043 39.87195394199579 5
      vertex 19.585847411993345 41.622044413436896 4.5
      vertex 19.37295776621081 41.16963088720389 5
    endloop
  endfacet
  facet normal 0.7069322593517747 0.02221624125701546 0.7069322593517748
    outer loop
      vertex 46 0 4.5
      vertex 45.909229507700495 2.8883638983484152 4.5
      vertex 45.41021614348636 2.8569686385837585 5
    endloop
  endfacet
  facet normal 0.7041423206907413 0.06656104641644277 0.7069322593517748
    outer loop
      vertex 45.909229507700495 2.8883638983484152 4.5
      vertex 45.63727626046598 5.765328743957996 4.5
      vertex 45.41021614348636 2.8569686385837585 5
    endloop
  endfacet
  facet normal 0.7069322593517747 0.02221624125701548 0.7069322593517747
    outer loop
      vertex 46 0 4.5
      vertex 45.41021614348636 2.8569686385837585 5
      vertex 45.5 0 5
    endloop
  endfacet
  facet normal 0 0 1
    outer loop
      vertex 44.694069908155335 -8.52584981365048 5
      vertex 44.694069908155335 8.52584981365047 5
      vertex 44.5 0 5
    endloop
  endfacet
  facet normal 0 0 1
    outer loop
      vertex 45.14121890980874 -5.702662127175835 5
      vertex 45.14121890980874 5.702662127175843 5
      vertex 44.694069908155335 8.52584981365047 5
    endloop
  endfacet
  facet normal 0 0 1
    outer loop
      vertex 45.41021614348636 -2.8569686385837763 5
      vertex 45.41021614348636 2.8569686385837585 5
      vertex 45.14121890980874 5.702662127175843 5
    endloop
  endfacet
  facet normal 0.7041423206907417 0.06656104641644274 0.7069322593517747
    outer loop
      vertex 45.41021614348636 2.8569686385837585 5
      vertex 45.63727626046598 5.765328743957996 4.5
      vertex 45.14121890980874 5.702662127175843 5
    endloop
  endfacet
  facet normal 0 0 1
    outer loop
      vertex 44.694069908155335 8.52584981365047 5
      vertex 44.41218941505809 2.794178119054445 5
      vertex 44.5 0 5
    endloop
  endfacet
  facet normal 0.6985734539819686 0.1106431655345126 0.7069322593517748
    outer loop
      vertex 45.14121890980874 5.702662127175843 5
      vertex 45.63727626046598 5.765328743957996 4.5
      vertex 45.18521353351968 8.619540470943333 4.5
    endloop
  endfacet
  facet normal 0.6902476369981818 0.1542886266262721 0.706932259351775
    outer loop
      vertex 45.18521353351968 8.619540470943333 4.5
      vertex 44.55482541191703 11.439734809583321 4.5
      vertex 44.694069908155335 8.52584981365047 5
    endloop
  endfacet
  facet normal 0.6985734539819685 0.11064316553451262 0.7069322593517748
    outer loop
      vertex 45.14121890980874 5.702662127175843 5
      vertex 45.18521353351968 8.619540470943333 4.5
      vertex 44.694069908155335 8.52584981365047 5
    endloop
  endfacet
  facet normal 0 0 1
    outer loop
      vertex 44.07053383135271 11.315389866000894 5
      vertex 44.149104208494265 5.57732889361154 5
      vertex 44.41218941505809 2.794178119054445 5
    endloop
  endfacet
  facet normal 0 0 1
    outer loop
      vertex 44.694069908155335 8.52584981365047 5
      vertex 44.07053383135271 11.315389866000894 5
      vertex 44.41218941505809 2.794178119054445 5
    endloop
  endfacet
  facet normal 0 0 1
    outer loop
      vertex 44.07053383135271 11.315389866000894 5
      vertex 43.711782657426646 8.338468499064746 5
      vertex 44.149104208494265 5.57732889361154 5
    endloop
  endfacet
  facet normal 0.6902476369981805 0.15428862662627219 0.706932259351776
    outer loop
      vertex 44.55482541191703 11.439734809583321 4.5
      vertex 44.07053383135271 11.315389866000894 5
      vertex 44.694069908155335 8.52584981365047 5
    endloop
  endfacet
  facet normal 0 0 1
    outer loop
      vertex 43.273071491429484 14.060273244060106 5
      vertex 43.101950670224085 11.066699978836038 5
      vertex 43.711782657426646 8.338468499064746 5
    endloop
  endfacet
  facet normal 0 0 1
    outer loop
      vertex 44.07053383135271 11.315389866000894 5
      vertex 43.273071491429484 14.060273244060106 5
      vertex 43.711782657426646 8.338468499064746 5
    endloop
  endfacet
  facet normal 0.6087867053581617 0.36003545390273334 0.7069322593517766
    outer loop
      vertex 39.87195394199579 21.919792171628046 5
      vertex 40.310107282017725 22.160669008678905 4.5
      vertex 38.83908457309269 24.648032569033845 4.5
    endloop
  endfacet
  facet normal 0 0 1
    outer loop
      vertex 39.87195394199579 21.919792171628046 5
      vertex 38.99564726195193 21.438038497526332 5
      vertex 40.26480383473787 18.94717847464573 5
    endloop
  endfacet
  facet normal 0 0 1
    outer loop
      vertex 39.87195394199579 21.919792171628046 5
      vertex 38.416920610341684 24.380119171544347 5
      vertex 38.99564726195193 21.438038497526332 5
    endloop
  endfacet
  facet normal 0.6791977279353115 0.19732518099650598 0.706932259351776
    outer loop
      vertex 44.55482541191703 11.439734809583321 4.5
      vertex 43.74859974957706 14.214781741247581 4.5
      vertex 44.07053383135271 11.315389866000894 5
    endloop
  endfacet
  facet normal 0.6654673357362091 0.2395829830266461 0.7069322593517752
    outer loop
      vertex 42.76971835085956 16.933729423495187 4.5
      vertex 43.273071491429484 14.060273244060106 5
      vertex 43.74859974957706 14.214781741247581 4.5
    endloop
  endfacet
  facet normal 0 0 1
    outer loop
      vertex 42.304830107915436 16.74966714715285 5
      vertex 42.32201497513433 13.75125624968516 5
      vertex 43.101950670224085 11.066699978836038 5
    endloop
  endfacet
  facet normal 0 0 1
    outer loop
      vertex 42.304830107915436 16.74966714715285 5
      vertex 43.101950670224085 11.066699978836038 5
      vertex 43.273071491429484 14.060273244060106 5
    endloop
  endfacet
  facet normal 0.6654673357362084 0.23958298302664605 0.7069322593517756
    outer loop
      vertex 42.76971835085956 16.933729423495187 4.5
      vertex 42.304830107915436 16.74966714715285 5
      vertex 43.273071491429484 14.060273244060106 5
    endloop
  endfacet
  facet normal 0 0 1
    outer loop
      vertex 42.304830107915436 16.74966714715285 5
      vertex 41.37505362202719 16.38154259446817 5
      vertex 42.32201497513433 13.75125624968516 5
    endloop
  endfacet
  facet normal 0.6791977279353125 0.19732518099650595 0.7069322593517752
    outer loop
      vertex 44.07053383135271 11.315389866000894 5
      vertex 43.74859974957706 14.214781741247581 4.5
      vertex 43.273071491429484 14.060273244060106 5
    endloop
  endfacet
  facet normal 0.6491106479860611 0.28089526047783336 0.7069322593517756
    outer loop
      vertex 42.76971835085956 16.933729423495187 4.5
      vertex 41.6220444134369 19.585847411993342 4.5
      vertex 42.304830107915436 16.74966714715285 5
    endloop
  endfacet
  facet normal 0.6301922170587593 0.32109897266475584 0.7069322593517742
    outer loop
      vertex 41.6220444134369 19.585847411993342 4.5
      vertex 40.310107282017725 22.160669008678905 4.5
      vertex 41.169630887203894 19.372957766210806 5
    endloop
  endfacet
  facet normal 0.6491106479860625 0.2808952604778334 0.7069322593517742
    outer loop
      vertex 42.304830107915436 16.74966714715285 5
      vertex 41.6220444134369 19.585847411993342 4.5
      vertex 41.169630887203894 19.372957766210806 5
    endloop
  endfacet
  facet normal 0 0 1
    outer loop
      vertex 41.169630887203894 19.372957766210806 5
      vertex 40.26480383473787 18.94717847464573 5
      vertex 41.37505362202719 16.38154259446817 5
    endloop
  endfacet
  facet normal 0 0 1
    outer loop
      vertex 42.304830107915436 16.74966714715285 5
      vertex 41.169630887203894 19.372957766210806 5
      vertex 41.37505362202719 16.38154259446817 5
    endloop
  endfacet
  facet normal 0 0 1
    outer loop
      vertex 39.87195394199579 21.919792171628046 5
      vertex 40.26480383473787 18.94717847464573 5
      vertex 41.169630887203894 19.372957766210806 5
    endloop
  endfacet
  facet normal 0.6301922170587567 0.3210989726647555 0.7069322593517767
    outer loop
      vertex 39.87195394199579 21.919792171628046 5
      vertex 41.169630887203894 19.372957766210806 5
      vertex 40.310107282017725 22.160669008678905 4.5
    endloop
  endfacet
  facet normal 0.4677334893312946 0.5305395024366857 0.7069322593517753
    outer loop
      vertex 31.489166872719682 33.53255686138493 4.5
      vertex 29.321503528439727 35.4436091676863 4.5
      vertex 31.146893319755335 33.16807254767423 5
    endloop
  endfacet
  facet normal 0.5001233751224762 0.5001233751224762 0.7069322593517753
    outer loop
      vertex 31.489166872719682 33.53255686138493 4.5
      vertex 33.16807254767423 31.146893319755335 5
      vertex 33.53255686138493 31.489166872719682 4.5
    endloop
  endfacet
  facet normal 0 0 1
    outer loop
      vertex 29.002791533565382 35.05835254629841 5
      vertex 28.365367543816692 34.28783930352262 5
      vertex 30.46234621382665 32.43910392025281 5
    endloop
  endfacet
  facet normal 0 0 1
    outer loop
      vertex 31.146893319755335 33.16807254767423 5
      vertex 30.46234621382665 32.43910392025281 5
      vertex 32.43910392025281 30.46234621382665 5
    endloop
  endfacet
  facet normal 0 0 1
    outer loop
      vertex 31.146893319755335 33.16807254767423 5
      vertex 29.002791533565382 35.05835254629841 5
      vertex 30.46234621382665 32.43910392025281 5
    endloop
  endfacet
  facet normal 0.5305395024366849 0.46773348933129544 0.7069322593517753
    outer loop
      vertex 33.53255686138493 31.489166872719682 4.5
      vertex 33.16807254767423 31.146893319755335 5
      vertex 35.05835254629841 29.002791533565382 5
    endloop
  endfacet
  facet normal 0 0 1
    outer loop
      vertex 31.146893319755335 33.16807254767423 5
      vertex 32.43910392025281 30.46234621382665 5
      vertex 33.16807254767423 31.146893319755335 5
    endloop
  endfacet
  facet normal 0 0 1
    outer loop
      vertex 33.16807254767423 31.146893319755335 5
      vertex 32.43910392025281 30.46234621382665 5
      vertex 34.28783930352262 28.365367543816692 5
    endloop
  endfacet
  facet normal 0 0 1
    outer loop
      vertex 33.16807254767423 31.146893319755335 5
      vertex 34.28783930352262 28.365367543816692 5
      vertex 35.05835254629841 29.002791533565382 5
    endloop
  endfacet
  facet normal 0.5001233751224762 0.5001233751224762 0.7069322593517755
    outer loop
      vertex 31.489166872719682 33.53255686138493 4.5
      vertex 31.146893319755335 33.16807254767423 5
      vertex 33.16807254767423 31.146893319755335 5
    endloop
  endfacet
  facet normal 0.3600354539027341 0.6087867053581639 0.7069322593517743
    outer loop
      vertex 22.1606690086789 40.310107282017725 4.5
      vertex 24.380119171544347 38.416920610341684 5
      vertex 24.648032569033845 38.83908457309269 4.5
    endloop
  endfacet
  facet normal 0.4334976731448344 0.5588618327152194 0.7069322593517717
    outer loop
      vertex 27.038121605453764 37.214781741247585 4.5
      vertex 29.002791533565382 35.05835254629841 5
      vertex 29.321503528439727 35.4436091676863 4.5
    endloop
  endfacet
  facet normal 0.3975510396887089 0.5849785906597081 0.7069322593517771
    outer loop
      vertex 24.648032569033845 38.83908457309269 4.5
      vertex 26.74422897930753 36.810273244060106 5
      vertex 27.038121605453764 37.214781741247585 4.5
    endloop
  endfacet
  facet normal 0 0 1
    outer loop
      vertex 24.380119171544347 38.416920610341684 5
      vertex 23.844292376565352 37.57259268483967 5
      vertex 26.156443727015056 36.00125624968516 5
    endloop
  endfacet
  facet normal 0 0 1
    outer loop
      vertex 24.380119171544347 38.416920610341684 5
      vertex 26.156443727015056 36.00125624968516 5
      vertex 26.74422897930753 36.810273244060106 5
    endloop
  endfacet
  facet normal 0.39755103968871125 0.5849785906597099 0.7069322593517743
    outer loop
      vertex 24.648032569033845 38.83908457309269 4.5
      vertex 24.380119171544347 38.416920610341684 5
      vertex 26.74422897930753 36.810273244060106 5
    endloop
  endfacet
  facet normal 0 0 1
    outer loop
      vertex 21.919792171628043 39.87195394199579 5
      vertex 23.844292376565352 37.57259268483967 5
      vertex 24.380119171544347 38.416920610341684 5
    endloop
  endfacet
  facet normal 0.4334976731448298 0.5588618327152163 0.7069322593517768
    outer loop
      vertex 27.038121605453764 37.214781741247585 4.5
      vertex 26.74422897930753 36.810273244060106 5
      vertex 29.002791533565382 35.05835254629841 5
    endloop
  endfacet
  facet normal 0 0 1
    outer loop
      vertex 26.74422897930753 36.810273244060106 5
      vertex 26.156443727015056 36.00125624968516 5
      vertex 28.365367543816692 34.28783930352262 5
    endloop
  endfacet
  facet normal 0 0 1
    outer loop
      vertex 26.74422897930753 36.810273244060106 5
      vertex 28.365367543816692 34.28783930352262 5
      vertex 29.002791533565382 35.05835254629841 5
    endloop
  endfacet
  facet normal 0.4677334893312979 0.5305395024366877 0.7069322593517717
    outer loop
      vertex 31.146893319755335 33.16807254767423 5
      vertex 29.321503528439727 35.4436091676863 4.5
      vertex 29.002791533565382 35.05835254629841 5
    endloop
  endfacet
  facet normal 0.5588618327152152 0.4334976731448312 0.7069322593517768
    outer loop
      vertex 37.214781741247585 27.038121605453764 4.5
      vertex 35.4436091676863 29.321503528439727 4.5
      vertex 36.810273244060106 26.74422897930753 5
    endloop
  endfacet
  facet normal 0.5849785906597106 0.3975510396887106 0.7069322593517743
    outer loop
      vertex 37.214781741247585 27.038121605453764 4.5
      vertex 38.416920610341684 24.380119171544347 5
      vertex 38.83908457309269 24.648032569033845 4.5
    endloop
  endfacet
  facet normal 0 0 1
    outer loop
      vertex 36.810273244060106 26.74422897930753 5
      vertex 36.00125624968516 26.156443727015056 5
      vertex 37.57259268483967 23.844292376565352 5
    endloop
  endfacet
  facet normal 0.5588618327152205 0.43349767314483306 0.7069322593517715
    outer loop
      vertex 36.810273244060106 26.74422897930753 5
      vertex 35.4436091676863 29.321503528439727 4.5
      vertex 35.05835254629841 29.002791533565382 5
    endloop
  endfacet
  facet normal 0 0 1
    outer loop
      vertex 35.05835254629841 29.002791533565382 5
      vertex 34.28783930352262 28.365367543816692 5
      vertex 36.00125624968516 26.156443727015056 5
    endloop
  endfacet
  facet normal 0 0 1
    outer loop
      vertex 36.810273244060106 26.74422897930753 5
      vertex 35.05835254629841 29.002791533565382 5
      vertex 36.00125624968516 26.156443727015056 5
    endloop
  endfacet
  facet normal 0.608786705358164 0.3600354539027338 0.7069322593517744
    outer loop
      vertex 39.87195394199579 21.919792171628046 5
      vertex 38.83908457309269 24.648032569033845 4.5
      vertex 38.416920610341684 24.380119171544347 5
    endloop
  endfacet
  facet normal 0 0 1
    outer loop
      vertex 38.416920610341684 24.380119171544347 5
      vertex 37.57259268483967 23.844292376565352 5
      vertex 38.99564726195193 21.438038497526332 5
    endloop
  endfacet
  facet normal 0 0 1
    outer loop
      vertex 36.810273244060106 26.74422897930753 5
      vertex 37.57259268483967 23.844292376565352 5
      vertex 38.416920610341684 24.380119171544347 5
    endloop
  endfacet
  facet normal 0.5849785906597077 0.3975510396887098 0.7069322593517771
    outer loop
      vertex 37.214781741247585 27.038121605453764 4.5
      vertex 36.810273244060106 26.74422897930753 5
      vertex 38.416920610341684 24.380119171544347 5
    endloop
  endfacet
  facet normal 0.5305395024366882 0.4677334893312968 0.7069322593517717
    outer loop
      vertex 33.53255686138493 31.489166872719682 4.5
      vertex 35.05835254629841 29.002791533565382 5
      vertex 35.4436091676863 29.321503528439727 4.5
    endloop
  endfacet
  facet normal 0 0 1
    outer loop
      vertex -43.2206390320623 -8.244777841771892 2
      vertex -43.2206390320623 8.244777841771892 2
      vertex -43.653046857837026 -5.5146622768293785 2
    endloop
  endfacet
  facet normal 0 0 1
    outer loop
      vertex -43.653046857837026 -5.5146622768293785 2
      vertex -43.653046857837026 5.5146622768293785 2
      vertex -43.91317605084395 -2.7627828592897843 2
    endloop
  endfacet
  facet normal 0 0 1
    outer loop
      vertex -41.84648671698675 -13.596747752497686 2
      vertex -41.84648671698675 13.596747752497686 2
      vertex -42.61765908965977 -10.942355035253613 2
    endloop
  endfacet
  facet normal 0 0 1
    outer loop
      vertex -41.84648671698675 -13.596747752497686 2
      vertex -40.91016537908306 -16.197480318125827 2
      vertex -40.91016537908306 16.197480318125827 2
    endloop
  endfacet
  facet normal 0 0 1
    outer loop
      vertex -42.61765908965977 -10.942355035253613 2
      vertex -42.61765908965977 10.942355035253613 2
      vertex -43.2206390320623 -8.244777841771892 2
    endloop
  endfacet
  facet normal 0 0 1
    outer loop
      vertex -39.81239030850486 -18.734288828863185 2
      vertex -38.55749392192999 -21.197161660475476 2
      vertex -38.55749392192999 21.197161660475476 2
    endloop
  endfacet
  facet normal 0 0 1
    outer loop
      vertex -37.150428722088655 -23.57637897907586 2
      vertex -37.150428722088655 23.57637897907586 2
      vertex -38.55749392192999 -21.197161660475476 2
    endloop
  endfacet
  facet normal 0 0 1
    outer loop
      vertex -37.150428722088655 -23.57637897907586 2
      vertex -35.59674775249769 -25.862551100868817 2
      vertex -35.59674775249769 25.862551100868817 2
    endloop
  endfacet
  facet normal 0 0 1
    outer loop
      vertex -39.81239030850486 -18.734288828863185 2
      vertex -39.81239030850486 18.734288828863185 2
      vertex -40.91016537908306 -16.197480318125827 2
    endloop
  endfacet
  facet normal 0 0 1
    outer loop
      vertex -25.862551100868817 -35.59674775249769 2
      vertex -23.57637897907586 -37.150428722088655 2
      vertex -23.57637897907586 37.150428722088655 2
    endloop
  endfacet
  facet normal 0 0 1
    outer loop
      vertex -33.902582682134735 -28.046655548942343 2
      vertex -32.074619606542115 -30.120072660862295 2
      vertex -32.074619606542115 30.120072660862295 2
    endloop
  endfacet
  facet normal 0 0 1
    outer loop
      vertex -33.902582682134735 -28.046655548942343 2
      vertex -33.902582682134735 28.046655548942343 2
      vertex -35.59674775249769 -25.862551100868817 2
    endloop
  endfacet
  facet normal 0 0 1
    outer loop
      vertex -32.074619606542115 -30.120072660862295 2
      vertex -30.120072660862295 -32.074619606542115 2
      vertex -30.120072660862295 32.074619606542115 2
    endloop
  endfacet
  facet normal 0 0 1
    outer loop
      vertex -28.046655548942343 -33.902582682134735 2
      vertex -28.046655548942343 33.902582682134735 2
      vertex -30.120072660862295 -32.074619606542115 2
    endloop
  endfacet
  facet normal 0 0 1
    outer loop
      vertex -28.046655548942343 -33.902582682134735 2
      vertex -25.862551100868817 -35.59674775249769 2
      vertex -25.862551100868817 35.59674775249769 2
    endloop
  endfacet
  facet normal 0 0 1
    outer loop
      vertex -23.57637897907586 -37.150428722088655 2
      vertex -21.197161660475476 -38.55749392192999 2
      vertex -21.19716166047547 38.557493921929996 2
    endloop
  endfacet
  facet normal 0 0 1
    outer loop
      vertex -18.734288828863185 -39.81239030850486 2
      vertex -18.7342888288632 39.81239030850486 2
      vertex -21.197161660475476 -38.55749392192999 2
    endloop
  endfacet
  facet normal 0 0 1
    outer loop
      vertex -18.734288828863185 -39.81239030850486 2
      vertex -16.197480318125827 -40.91016537908306 2
      vertex -16.197480318125827 40.91016537908306 2
    endloop
  endfacet
  facet normal 0 0 1
    outer loop
      vertex -16.197480318125827 -40.91016537908306 2
      vertex -13.596747752497686 -41.84648671698675 2
      vertex -13.596747752497686 41.84648671698675 2
    endloop
  endfacet
  facet normal 0 0 1
    outer loop
      vertex -13.596747752497686 -41.84648671698675 2
      vertex -10.942355035253613 -42.61765908965977 2
      vertex -10.942355035253613 42.61765908965977 2
    endloop
  endfacet
  facet normal 0 0 1
    outer loop
      vertex -10.942355035253613 -42.61765908965977 2
      vertex -8.244777841771892 -43.2206390320623 2
      vertex -8.244777841771882 43.2206390320623 2
    endloop
  endfacet
  facet normal 0 0 1
    outer loop
      vertex -8.244777841771892 -43.2206390320623 2
      vertex -5.5146622768293785 -43.653046857837026 2
      vertex -5.514662276829388 43.653046857837026 2
    endloop
  endfacet
  facet normal 0 0 1
    outer loop
      vertex -5.5146622768293785 -43.653046857837026 2
      vertex -2.7627828592898056 -43.91317605084395 2
      vertex -2.7627828592897843 43.91317605084395 2
    endloop
  endfacet
  facet normal 0 0 1
    outer loop
      vertex -2.7627828592898056 -43.91317605084395 2
      vertex 0 -44 2
      vertex 0 44 2
    endloop
  endfacet
  facet normal 0.7901550123756906 0.6129070536529762 0
    outer loop
      vertex -33.902582682134735 -28.046655548942343 2
      vertex -35.59674775249769 -25.862551100868817 2
      vertex -35.59674775249769 -25.862551100868817 4.5
    endloop
  endfacet
  facet normal 0.8270805742745632 0.5620833778521288 0
    outer loop
      vertex -37.150428722088655 -23.57637897907586 2
      vertex -37.150428722088655 -23.57637897907586 4.5
      vertex -35.59674775249769 -25.862551100868817 2
    endloop
  endfacet
  facet normal 0.8270805742745632 0.5620833778521288 0
    outer loop
      vertex -35.59674775249769 -25.862551100868817 2
      vertex -37.150428722088655 -23.57637897907586 4.5
      vertex -35.59674775249769 -25.862551100868817 4.5
    endloop
  endfacet
  facet normal 0.6129070536529762 0.7901550123756906 0
    outer loop
      vertex -28.046655548942343 -33.902582682134735 2
      vertex -25.862551100868817 -35.59674775249769 4.5
      vertex -25.862551100868817 -35.59674775249769 2
    endloop
  endfacet
  facet normal 0.5620833778521288 0.8270805742745632 0
    outer loop
      vertex -25.862551100868817 -35.59674775249769 2
      vertex -23.57637897907586 -37.150428722088655 4.5
      vertex -23.57637897907586 -37.150428722088655 2
    endloop
  endfacet
  facet normal 0.5620833778521288 0.8270805742745632 0
    outer loop
      vertex -25.862551100868817 -35.59674775249769 2
      vertex -25.862551100868817 -35.59674775249769 4.5
      vertex -23.57637897907586 -37.150428722088655 4.5
    endloop
  endfacet
  facet normal 0.7071067811865475 0.7071067811865475 0
    outer loop
      vertex -32.074619606542115 -30.120072660862295 2
      vertex -32.074619606542115 -30.120072660862295 4.5
      vertex -30.120072660862295 -32.074619606542115 2
    endloop
  endfacet
  facet normal 0.7501110696304588 0.6613118653236527 0
    outer loop
      vertex -33.902582682134735 -28.046655548942343 2
      vertex -33.902582682134735 -28.046655548942343 4.5
      vertex -32.074619606542115 -30.120072660862295 2
    endloop
  endfacet
  facet normal 0.6613118653236527 0.7501110696304588 0
    outer loop
      vertex -28.046655548942343 -33.902582682134735 2
      vertex -30.120072660862295 -32.074619606542115 2
      vertex -28.046655548942343 -33.902582682134735 4.5
    endloop
  endfacet
  facet normal 0.7501110696304588 0.6613118653236527 0
    outer loop
      vertex -32.074619606542115 -30.120072660862295 2
      vertex -33.902582682134735 -28.046655548942343 4.5
      vertex -32.074619606542115 -30.120072660862295 4.5
    endloop
  endfacet
  facet normal 0.6613118653236527 0.7501110696304588 0
    outer loop
      vertex -30.120072660862295 -32.074619606542115 2
      vertex -30.120072660862295 -32.074619606542115 4.5
      vertex -28.046655548942343 -33.902582682134735 4.5
    endloop
  endfacet
  facet normal 0.7071067811865475 0.7071067811865475 0
    outer loop
      vertex -30.120072660862295 -32.074619606542115 2
      vertex -32.074619606542115 -30.120072660862295 4.5
      vertex -30.120072660862295 -32.074619606542115 4.5
    endloop
  endfacet
  facet normal 0.7901550123756906 0.6129070536529762 0
    outer loop
      vertex -33.902582682134735 -28.046655548942343 2
      vertex -35.59674775249769 -25.862551100868817 4.5
      vertex -33.902582682134735 -28.046655548942343 4.5
    endloop
  endfacet
  facet normal 0.6129070536529762 0.7901550123756906 0
    outer loop
      vertex -28.046655548942343 -33.902582682134735 2
      vertex -28.046655548942343 -33.902582682134735 4.5
      vertex -25.862551100868817 -35.59674775249769 4.5
    endloop
  endfacet
  facet normal 0.9177546256839808 0.3971478906347813 0
    outer loop
      vertex -39.81239030850486 -18.734288828863185 2
      vertex -40.91016537908306 -16.197480318125827 2
      vertex -40.91016537908306 -16.197480318125827 4.5
    endloop
  endfacet
  facet normal 0.9408807689542258 0.3387379202452907 0
    outer loop
      vertex -41.84648671698675 -13.596747752497686 2
      vertex -41.84648671698675 -13.596747752497686 4.5
      vertex -40.91016537908306 -16.197480318125827 2
    endloop
  endfacet
  facet normal 0.9602936856769428 0.2789911060392302 0
    outer loop
      vertex -41.84648671698675 -13.596747752497686 2
      vertex -42.61765908965977 -10.942355035253613 2
      vertex -42.61765908965977 -10.942355035253613 4.5
    endloop
  endfacet
  facet normal 0.8607420270039441 0.5090414157503708 0
    outer loop
      vertex -37.150428722088655 -23.57637897907586 2
      vertex -38.55749392192999 -21.197161660475476 2
      vertex -38.55749392192999 -21.197161660475476 4.5
    endloop
  endfacet
  facet normal 0.8910065241883677 0.4539904997395471 0
    outer loop
      vertex -39.81239030850486 -18.734288828863185 2
      vertex -39.81239030850486 -18.734288828863185 4.5
      vertex -38.55749392192999 -21.197161660475476 2
    endloop
  endfacet
  facet normal 0.9408807689542258 0.3387379202452907 0
    outer loop
      vertex -40.91016537908306 -16.197480318125827 2
      vertex -41.84648671698675 -13.596747752497686 4.5
      vertex -40.91016537908306 -16.197480318125827 4.5
    endloop
  endfacet
  facet normal 0.9602936856769428 0.2789911060392302 0
    outer loop
      vertex -41.84648671698675 -13.596747752497686 2
      vertex -42.61765908965977 -10.942355035253613 4.5
      vertex -41.84648671698675 -13.596747752497686 4.5
    endloop
  endfacet
  facet normal 0.8910065241883677 0.4539904997395471 0
    outer loop
      vertex -38.55749392192999 -21.197161660475476 2
      vertex -39.81239030850486 -18.734288828863185 4.5
      vertex -38.55749392192999 -21.197161660475476 4.5
    endloop
  endfacet
  facet normal 0.8607420270039441 0.5090414157503708 0
    outer loop
      vertex -37.150428722088655 -23.57637897907586 2
      vertex -38.55749392192999 -21.197161660475476 4.5
      vertex -37.150428722088655 -23.57637897907586 4.5
    endloop
  endfacet
  facet normal 0.9177546256839808 0.3971478906347813 0
    outer loop
      vertex -39.81239030850486 -18.734288828863185 2
      vertex -40.91016537908306 -16.197480318125827 4.5
      vertex -39.81239030850486 -18.734288828863185 4.5
    endloop
  endfacet
  facet normal 0.9876883405951378 0.15643446504023062 0
    outer loop
      vertex -43.2206390320623 -8.244777841771892 2
      vertex -43.653046857837026 -5.5146622768293785 2
      vertex -43.653046857837026 -5.5146622768293785 4.5
    endloop
  endfacet
  facet normal 0.9759167619387472 0.21814324139654356 0
    outer loop
      vertex -42.61765908965977 -10.942355035253613 2
      vertex -43.2206390320623 -8.244777841771892 2
      vertex -43.2206390320623 -8.244777841771892 4.5
    endloop
  endfacet
  facet normal 0.99556196460308 0.09410831331851482 0
    outer loop
      vertex -43.653046857837026 -5.5146622768293785 2
      vertex -43.91317605084395 -2.7627828592897843 2
      vertex -43.91317605084395 -2.7627828592897843 4.5
    endloop
  endfacet
  facet normal 0.9995065603657316 0.031410759078127425 0
    outer loop
      vertex -43.91317605084395 -2.7627828592897843 2
      vertex -44 0 2
      vertex -44 0 4.5
    endloop
  endfacet
  facet normal 0.9876883405951378 0.15643446504023062 0
    outer loop
      vertex -43.2206390320623 -8.244777841771892 2
      vertex -43.653046857837026 -5.5146622768293785 4.5
      vertex -43.2206390320623 -8.244777841771892 4.5
    endloop
  endfacet
  facet normal 0.9759167619387472 0.21814324139654356 0
    outer loop
      vertex -42.61765908965977 -10.942355035253613 2
      vertex -43.2206390320623 -8.244777841771892 4.5
      vertex -42.61765908965977 -10.942355035253613 4.5
    endloop
  endfacet
  facet normal 0.99556196460308 0.09410831331851482 0
    outer loop
      vertex -43.653046857837026 -5.5146622768293785 2
      vertex -43.91317605084395 -2.7627828592897843 4.5
      vertex -43.653046857837026 -5.5146622768293785 4.5
    endloop
  endfacet
  facet normal 0.9995065603657316 0.031410759078127425 0
    outer loop
      vertex -43.91317605084395 -2.7627828592897843 2
      vertex -44 0 4.5
      vertex -43.91317605084395 -2.7627828592897843 4.5
    endloop
  endfacet
  facet normal 0.5090414157503708 0.8607420270039441 0
    outer loop
      vertex -23.57637897907586 -37.150428722088655 2
      vertex -21.197161660475476 -38.55749392192999 4.5
      vertex -21.197161660475476 -38.55749392192999 2
    endloop
  endfacet
  facet normal 0.4539904997395471 0.8910065241883677 0
    outer loop
      vertex -18.734288828863185 -39.81239030850486 2
      vertex -21.197161660475476 -38.55749392192999 2
      vertex -18.734288828863185 -39.81239030850486 4.5
    endloop
  endfacet
  facet normal 0.3971478906347813 0.9177546256839808 0
    outer loop
      vertex -18.734288828863185 -39.81239030850486 2
      vertex -16.197480318125827 -40.91016537908306 4.5
      vertex -16.197480318125827 -40.91016537908306 2
    endloop
  endfacet
  facet normal 0.3387379202452907 0.9408807689542258 0
    outer loop
      vertex -16.197480318125827 -40.91016537908306 2
      vertex -13.596747752497686 -41.84648671698675 4.5
      vertex -13.596747752497686 -41.84648671698675 2
    endloop
  endfacet
  facet normal 0.2789911060392302 0.9602936856769428 0
    outer loop
      vertex -13.596747752497686 -41.84648671698675 2
      vertex -10.942355035253613 -42.61765908965977 4.5
      vertex -10.942355035253613 -42.61765908965977 2
    endloop
  endfacet
  facet normal 0.5090414157503708 0.8607420270039441 0
    outer loop
      vertex -23.57637897907586 -37.150428722088655 2
      vertex -23.57637897907586 -37.150428722088655 4.5
      vertex -21.197161660475476 -38.55749392192999 4.5
    endloop
  endfacet
  facet normal 0.4539904997395471 0.8910065241883677 0
    outer loop
      vertex -21.197161660475476 -38.55749392192999 2
      vertex -21.197161660475476 -38.55749392192999 4.5
      vertex -18.734288828863185 -39.81239030850486 4.5
    endloop
  endfacet
  facet normal 0.3971478906347813 0.9177546256839808 0
    outer loop
      vertex -18.734288828863185 -39.81239030850486 2
      vertex -18.734288828863185 -39.81239030850486 4.5
      vertex -16.197480318125827 -40.91016537908306 4.5
    endloop
  endfacet
  facet normal 0.3387379202452907 0.9408807689542258 0
    outer loop
      vertex -16.197480318125827 -40.91016537908306 2
      vertex -16.197480318125827 -40.91016537908306 4.5
      vertex -13.596747752497686 -41.84648671698675 4.5
    endloop
  endfacet
  facet normal 0.2789911060392302 0.9602936856769428 0
    outer loop
      vertex -13.596747752497686 -41.84648671698675 2
      vertex -13.596747752497686 -41.84648671698675 4.5
      vertex -10.942355035253613 -42.61765908965977 4.5
    endloop
  endfacet
  facet normal 0.21814324139654356 0.9759167619387472 0
    outer loop
      vertex -10.942355035253613 -42.61765908965977 2
      vertex -8.244777841771892 -43.2206390320623 4.5
      vertex -8.244777841771892 -43.2206390320623 2
    endloop
  endfacet
  facet normal 0.15643446504023062 0.9876883405951378 0
    outer loop
      vertex -8.244777841771892 -43.2206390320623 2
      vertex -5.5146622768293785 -43.653046857837026 4.5
      vertex -5.5146622768293785 -43.653046857837026 2
    endloop
  endfacet
  facet normal 0.09410831331851553 0.9955619646030799 0
    outer loop
      vertex -5.5146622768293785 -43.653046857837026 2
      vertex -2.7627828592898056 -43.91317605084395 4.5
      vertex -2.7627828592898056 -43.91317605084395 2
    endloop
  endfacet
  facet normal 0.03141075907812719 0.9995065603657316 0
    outer loop
      vertex -2.7627828592898056 -43.91317605084395 2
      vertex 0 -44 4.5
      vertex 0 -44 2
    endloop
  endfacet
  facet normal 0.21814324139654356 0.9759167619387472 0
    outer loop
      vertex -10.942355035253613 -42.61765908965977 2
      vertex -10.942355035253613 -42.61765908965977 4.5
      vertex -8.244777841771892 -43.2206390320623 4.5
    endloop
  endfacet
  facet normal 0.15643446504023062 0.9876883405951378 0
    outer loop
      vertex -8.244777841771892 -43.2206390320623 2
      vertex -8.244777841771892 -43.2206390320623 4.5
      vertex -5.5146622768293785 -43.653046857837026 4.5
    endloop
  endfacet
  facet normal 0.09410831331851553 0.9955619646030799 0
    outer loop
      vertex -5.5146622768293785 -43.653046857837026 2
      vertex -5.5146622768293785 -43.653046857837026 4.5
      vertex -2.7627828592898056 -43.91317605084395 4.5
    endloop
  endfacet
  facet normal 0.03141075907812719 0.9995065603657316 0
    outer loop
      vertex -2.7627828592898056 -43.91317605084395 2
      vertex -2.7627828592898056 -43.91317605084395 4.5
      vertex 0 -44 4.5
    endloop
  endfacet
  facet normal 0 0 1
    outer loop
      vertex -43.91317605084395 -2.7627828592897843 2
      vertex -43.91317605084395 2.7627828592897843 2
      vertex -44 0 2
    endloop
  endfacet
  facet normal 0 0 1
    outer loop
      vertex -43.91317605084395 -2.7627828592897843 2
      vertex -43.653046857837026 5.5146622768293785 2
      vertex -43.91317605084395 2.7627828592897843 2
    endloop
  endfacet
  facet normal 0 0 1
    outer loop
      vertex -43.653046857837026 -5.5146622768293785 2
      vertex -43.2206390320623 8.244777841771892 2
      vertex -43.653046857837026 5.5146622768293785 2
    endloop
  endfacet
  facet normal 0 0 1
    outer loop
      vertex -43.2206390320623 -8.244777841771892 2
      vertex -42.61765908965977 10.942355035253613 2
      vertex -43.2206390320623 8.244777841771892 2
    endloop
  endfacet
  facet normal 0 0 1
    outer loop
      vertex -42.61765908965977 -10.942355035253613 2
      vertex -41.84648671698675 13.596747752497686 2
      vertex -42.61765908965977 10.942355035253613 2
    endloop
  endfacet
  facet normal 0 0 1
    outer loop
      vertex -41.84648671698675 -13.596747752497686 2
      vertex -40.91016537908306 16.197480318125827 2
      vertex -41.84648671698675 13.596747752497686 2
    endloop
  endfacet
  facet normal 0 0 1
    outer loop
      vertex -40.91016537908306 -16.197480318125827 2
      vertex -39.81239030850486 18.734288828863185 2
      vertex -40.91016537908306 16.197480318125827 2
    endloop
  endfacet
  facet normal 0 0 1
    outer loop
      vertex -39.81239030850486 -18.734288828863185 2
      vertex -38.55749392192999 21.197161660475476 2
      vertex -39.81239030850486 18.734288828863185 2
    endloop
  endfacet
  facet normal 0 0 1
    outer loop
      vertex -38.55749392192999 -21.197161660475476 2
      vertex -37.150428722088655 23.57637897907586 2
      vertex -38.55749392192999 21.197161660475476 2
    endloop
  endfacet
  facet normal 0 0 1
    outer loop
      vertex -37.150428722088655 -23.57637897907586 2
      vertex -35.59674775249769 25.862551100868817 2
      vertex -37.150428722088655 23.57637897907586 2
    endloop
  endfacet
  facet normal 0 0 1
    outer loop
      vertex -35.59674775249769 -25.862551100868817 2
      vertex -33.902582682134735 28.046655548942343 2
      vertex -35.59674775249769 25.862551100868817 2
    endloop
  endfacet
  facet normal 0 0 1
    outer loop
      vertex -33.902582682134735 -28.046655548942343 2
      vertex -32.074619606542115 30.120072660862295 2
      vertex -33.902582682134735 28.046655548942343 2
    endloop
  endfacet
  facet normal 0 0 1
    outer loop
      vertex -32.074619606542115 -30.120072660862295 2
      vertex -30.120072660862295 32.074619606542115 2
      vertex -32.074619606542115 30.120072660862295 2
    endloop
  endfacet
  facet normal 0 0 1
    outer loop
      vertex -30.120072660862295 -32.074619606542115 2
      vertex -28.046655548942343 33.902582682134735 2
      vertex -30.120072660862295 32.074619606542115 2
    endloop
  endfacet
  facet normal 0 0 1
    outer loop
      vertex -28.046655548942343 -33.902582682134735 2
      vertex -25.862551100868817 35.59674775249769 2
      vertex -28.046655548942343 33.902582682134735 2
    endloop
  endfacet
  facet normal 0 0 1
    outer loop
      vertex -25.862551100868817 -35.59674775249769 2
      vertex -23.57637897907586 37.150428722088655 2
      vertex -25.862551100868817 35.59674775249769 2
    endloop
  endfacet
  facet normal 0 0 1
    outer loop
      vertex -23.57637897907586 -37.150428722088655 2
      vertex -21.19716166047547 38.557493921929996 2
      vertex -23.57637897907586 37.150428722088655 2
    endloop
  endfacet
  facet normal 0 0 1
    outer loop
      vertex -21.197161660475476 -38.55749392192999 2
      vertex -18.7342888288632 39.81239030850486 2
      vertex -21.19716166047547 38.557493921929996 2
    endloop
  endfacet
  facet normal 0 0 1
    outer loop
      vertex -18.734288828863185 -39.81239030850486 2
      vertex -16.197480318125827 40.91016537908306 2
      vertex -18.7342888288632 39.81239030850486 2
    endloop
  endfacet
  facet normal 0 0 1
    outer loop
      vertex -16.197480318125827 -40.91016537908306 2
      vertex -13.596747752497686 41.84648671698675 2
      vertex -16.197480318125827 40.91016537908306 2
    endloop
  endfacet
  facet normal 0 0 1
    outer loop
      vertex -13.596747752497686 -41.84648671698675 2
      vertex -10.942355035253613 42.61765908965977 2
      vertex -13.596747752497686 41.84648671698675 2
    endloop
  endfacet
  facet normal 0 0 1
    outer loop
      vertex -10.942355035253613 -42.61765908965977 2
      vertex -8.244777841771882 43.2206390320623 2
      vertex -10.942355035253613 42.61765908965977 2
    endloop
  endfacet
  facet normal 0 0 1
    outer loop
      vertex -8.244777841771892 -43.2206390320623 2
      vertex -5.514662276829388 43.653046857837026 2
      vertex -8.244777841771882 43.2206390320623 2
    endloop
  endfacet
  facet normal 0 0 1
    outer loop
      vertex -5.5146622768293785 -43.653046857837026 2
      vertex -2.7627828592897843 43.91317605084395 2
      vertex -5.514662276829388 43.653046857837026 2
    endloop
  endfacet
  facet normal 0 0 1
    outer loop
      vertex -2.7627828592898056 -43.91317605084395 2
      vertex 0 44 2
      vertex -2.7627828592897843 43.91317605084395 2
    endloop
  endfacet
  facet normal 0.9995065603657316 -0.031410759078127425 0
    outer loop
      vertex -44 0 2
      vertex -43.91317605084395 2.7627828592897843 2
      vertex -43.91317605084395 2.7627828592897843 4.5
    endloop
  endfacet
  facet normal 0.99556196460308 -0.09410831331851482 0
    outer loop
      vertex -43.91317605084395 2.7627828592897843 2
      vertex -43.653046857837026 5.5146622768293785 2
      vertex -43.653046857837026 5.5146622768293785 4.5
    endloop
  endfacet
  facet normal 0.9876883405951378 -0.15643446504023062 0
    outer loop
      vertex -43.653046857837026 5.5146622768293785 2
      vertex -43.2206390320623 8.244777841771892 2
      vertex -43.2206390320623 8.244777841771892 4.5
    endloop
  endfacet
  facet normal 0.9759167619387472 -0.21814324139654356 0
    outer loop
      vertex -43.2206390320623 8.244777841771892 2
      vertex -42.61765908965977 10.942355035253613 2
      vertex -42.61765908965977 10.942355035253613 4.5
    endloop
  endfacet
  facet normal 0.9995065603657316 -0.031410759078127425 0
    outer loop
      vertex -44 0 2
      vertex -43.91317605084395 2.7627828592897843 4.5
      vertex -44 0 4.5
    endloop
  endfacet
  facet normal 0.99556196460308 -0.09410831331851482 0
    outer loop
      vertex -43.91317605084395 2.7627828592897843 2
      vertex -43.653046857837026 5.5146622768293785 4.5
      vertex -43.91317605084395 2.7627828592897843 4.5
    endloop
  endfacet
  facet normal 0.9876883405951378 -0.15643446504023062 0
    outer loop
      vertex -43.653046857837026 5.5146622768293785 2
      vertex -43.2206390320623 8.244777841771892 4.5
      vertex -43.653046857837026 5.5146622768293785 4.5
    endloop
  endfacet
  facet normal 0.9759167619387472 -0.21814324139654356 0
    outer loop
      vertex -43.2206390320623 8.244777841771892 2
      vertex -42.61765908965977 10.942355035253613 4.5
      vertex -43.2206390320623 8.244777841771892 4.5
    endloop
  endfacet
  facet normal 0.9602936856769428 -0.2789911060392302 0
    outer loop
      vertex -42.61765908965977 10.942355035253613 2
      vertex -41.84648671698675 13.596747752497686 2
      vertex -41.84648671698675 13.596747752497686 4.5
    endloop
  endfacet
  facet normal 0.9408807689542258 -0.3387379202452907 0
    outer loop
      vertex -41.84648671698675 13.596747752497686 2
      vertex -40.91016537908306 16.197480318125827 2
      vertex -40.91016537908306 16.197480318125827 4.5
    endloop
  endfacet
  facet normal 0.9177546256839808 -0.3971478906347813 0
    outer loop
      vertex -40.91016537908306 16.197480318125827 2
      vertex -39.81239030850486 18.734288828863185 2
      vertex -39.81239030850486 18.734288828863185 4.5
    endloop
  endfacet
  facet normal 0.8910065241883677 -0.4539904997395471 0
    outer loop
      vertex -39.81239030850486 18.734288828863185 2
      vertex -38.55749392192999 21.197161660475476 2
      vertex -38.55749392192999 21.197161660475476 4.5
    endloop
  endfacet
  facet normal 0.8607420270039441 -0.5090414157503708 0
    outer loop
      vertex -38.55749392192999 21.197161660475476 2
      vertex -37.150428722088655 23.57637897907586 2
      vertex -37.150428722088655 23.57637897907586 4.5
    endloop
  endfacet
  facet normal 0.9602936856769428 -0.2789911060392302 0
    outer loop
      vertex -42.61765908965977 10.942355035253613 2
      vertex -41.84648671698675 13.596747752497686 4.5
      vertex -42.61765908965977 10.942355035253613 4.5
    endloop
  endfacet
  facet normal 0.9408807689542258 -0.3387379202452907 0
    outer loop
      vertex -41.84648671698675 13.596747752497686 2
      vertex -40.91016537908306 16.197480318125827 4.5
      vertex -41.84648671698675 13.596747752497686 4.5
    endloop
  endfacet
  facet normal 0.9177546256839808 -0.3971478906347813 0
    outer loop
      vertex -40.91016537908306 16.197480318125827 2
      vertex -39.81239030850486 18.734288828863185 4.5
      vertex -40.91016537908306 16.197480318125827 4.5
    endloop
  endfacet
  facet normal 0.8910065241883677 -0.4539904997395471 0
    outer loop
      vertex -39.81239030850486 18.734288828863185 2
      vertex -38.55749392192999 21.197161660475476 4.5
      vertex -39.81239030850486 18.734288828863185 4.5
    endloop
  endfacet
  facet normal 0.8607420270039441 -0.5090414157503708 0
    outer loop
      vertex -38.55749392192999 21.197161660475476 2
      vertex -37.150428722088655 23.57637897907586 4.5
      vertex -38.55749392192999 21.197161660475476 4.5
    endloop
  endfacet
  facet normal 0.8270805742745632 -0.5620833778521288 0
    outer loop
      vertex -37.150428722088655 23.57637897907586 2
      vertex -35.59674775249769 25.862551100868817 2
      vertex -35.59674775249769 25.862551100868817 4.5
    endloop
  endfacet
  facet normal 0.8270805742745632 -0.5620833778521288 0
    outer loop
      vertex -37.150428722088655 23.57637897907586 2
      vertex -35.59674775249769 25.862551100868817 4.5
      vertex -37.150428722088655 23.57637897907586 4.5
    endloop
  endfacet
  facet normal 0.7901550123756906 -0.6129070536529762 0
    outer loop
      vertex -35.59674775249769 25.862551100868817 2
      vertex -33.902582682134735 28.046655548942343 4.5
      vertex -35.59674775249769 25.862551100868817 4.5
    endloop
  endfacet
  facet normal 0.7901550123756906 -0.6129070536529762 0
    outer loop
      vertex -35.59674775249769 25.862551100868817 2
      vertex -33.902582682134735 28.046655548942343 2
      vertex -33.902582682134735 28.046655548942343 4.5
    endloop
  endfacet
  facet normal 0.7501110696304588 -0.6613118653236527 0
    outer loop
      vertex -33.902582682134735 28.046655548942343 2
      vertex -32.074619606542115 30.120072660862295 2
      vertex -32.074619606542115 30.120072660862295 4.5
    endloop
  endfacet
  facet normal 0.7071067811865475 -0.7071067811865475 0
    outer loop
      vertex -32.074619606542115 30.120072660862295 2
      vertex -30.120072660862295 32.074619606542115 2
      vertex -30.120072660862295 32.074619606542115 4.5
    endloop
  endfacet
  facet normal 0.6613118653236527 -0.7501110696304588 0
    outer loop
      vertex -30.120072660862295 32.074619606542115 2
      vertex -28.046655548942343 33.902582682134735 2
      vertex -30.120072660862295 32.074619606542115 4.5
    endloop
  endfacet
  facet normal 0.6129070536529762 -0.7901550123756906 0
    outer loop
      vertex -28.046655548942343 33.902582682134735 2
      vertex -25.862551100868817 35.59674775249769 2
      vertex -28.046655548942343 33.902582682134735 4.5
    endloop
  endfacet
  facet normal 0.7501110696304588 -0.6613118653236527 0
    outer loop
      vertex -33.902582682134735 28.046655548942343 2
      vertex -32.074619606542115 30.120072660862295 4.5
      vertex -33.902582682134735 28.046655548942343 4.5
    endloop
  endfacet
  facet normal 0.7071067811865475 -0.7071067811865475 0
    outer loop
      vertex -32.074619606542115 30.120072660862295 2
      vertex -30.120072660862295 32.074619606542115 4.5
      vertex -32.074619606542115 30.120072660862295 4.5
    endloop
  endfacet
  facet normal 0.6613118653236527 -0.7501110696304588 0
    outer loop
      vertex -28.046655548942343 33.902582682134735 2
      vertex -28.046655548942343 33.902582682134735 4.5
      vertex -30.120072660862295 32.074619606542115 4.5
    endloop
  endfacet
  facet normal 0.5620833778521288 -0.8270805742745632 0
    outer loop
      vertex -25.862551100868817 35.59674775249769 2
      vertex -23.57637897907586 37.150428722088655 2
      vertex -25.862551100868817 35.59674775249769 4.5
    endloop
  endfacet
  facet normal 0.6129070536529762 -0.7901550123756906 0
    outer loop
      vertex -25.862551100868817 35.59674775249769 2
      vertex -25.862551100868817 35.59674775249769 4.5
      vertex -28.046655548942343 33.902582682134735 4.5
    endloop
  endfacet
  facet normal 0.5620833778521288 -0.8270805742745632 0
    outer loop
      vertex -23.57637897907586 37.150428722088655 2
      vertex -23.57637897907586 37.150428722088655 4.5
      vertex -25.862551100868817 35.59674775249769 4.5
    endloop
  endfacet
  facet normal 0.5090414157503714 -0.8607420270039435 0
    outer loop
      vertex -23.57637897907586 37.150428722088655 2
      vertex -21.19716166047547 38.557493921929996 2
      vertex -23.57637897907586 37.150428722088655 4.5
    endloop
  endfacet
  facet normal 0.4539904997395482 -0.8910065241883671 0
    outer loop
      vertex -21.19716166047547 38.557493921929996 2
      vertex -18.7342888288632 39.81239030850486 2
      vertex -21.19716166047547 38.557493921929996 4.5
    endloop
  endfacet
  facet normal 0.3971478906347794 -0.9177546256839817 0
    outer loop
      vertex -18.7342888288632 39.81239030850486 2
      vertex -16.197480318125827 40.91016537908306 2
      vertex -18.7342888288632 39.81239030850486 4.5
    endloop
  endfacet
  facet normal 0.3387379202452907 -0.9408807689542258 0
    outer loop
      vertex -16.197480318125827 40.91016537908306 2
      vertex -13.596747752497686 41.84648671698675 2
      vertex -16.197480318125827 40.91016537908306 4.5
    endloop
  endfacet
  facet normal 0.2789911060392302 -0.9602936856769428 0
    outer loop
      vertex -13.596747752497686 41.84648671698675 2
      vertex -10.942355035253613 42.61765908965977 2
      vertex -13.596747752497686 41.84648671698675 4.5
    endloop
  endfacet
  facet normal 0.5090414157503714 -0.8607420270039435 0
    outer loop
      vertex -21.19716166047547 38.557493921929996 2
      vertex -21.19716166047547 38.557493921929996 4.5
      vertex -23.57637897907586 37.150428722088655 4.5
    endloop
  endfacet
  facet normal 0.4539904997395482 -0.8910065241883671 0
    outer loop
      vertex -18.7342888288632 39.81239030850486 2
      vertex -18.7342888288632 39.81239030850486 4.5
      vertex -21.19716166047547 38.557493921929996 4.5
    endloop
  endfacet
  facet normal 0.3971478906347794 -0.9177546256839817 0
    outer loop
      vertex -16.197480318125827 40.91016537908306 2
      vertex -16.197480318125827 40.91016537908306 4.5
      vertex -18.7342888288632 39.81239030850486 4.5
    endloop
  endfacet
  facet normal 0.3387379202452907 -0.9408807689542258 0
    outer loop
      vertex -13.596747752497686 41.84648671698675 2
      vertex -13.596747752497686 41.84648671698675 4.5
      vertex -16.197480318125827 40.91016537908306 4.5
    endloop
  endfacet
  facet normal 0.2789911060392302 -0.9602936856769428 0
    outer loop
      vertex -10.942355035253613 42.61765908965977 2
      vertex -10.942355035253613 42.61765908965977 4.5
      vertex -13.596747752497686 41.84648671698675 4.5
    endloop
  endfacet
  facet normal 0.21814324139654273 -0.9759167619387473 0
    outer loop
      vertex -10.942355035253613 42.61765908965977 2
      vertex -8.244777841771882 43.2206390320623 2
      vertex -10.942355035253613 42.61765908965977 4.5
    endloop
  endfacet
  facet normal 0.15643446504023176 -0.9876883405951375 0
    outer loop
      vertex -8.244777841771882 43.2206390320623 2
      vertex -5.514662276829388 43.653046857837026 2
      vertex -8.244777841771882 43.2206390320623 4.5
    endloop
  endfacet
  facet normal 0.09410831331851448 -0.9955619646030799 0
    outer loop
      vertex -5.514662276829388 43.653046857837026 2
      vertex -2.7627828592897843 43.91317605084395 2
      vertex -5.514662276829388 43.653046857837026 4.5
    endloop
  endfacet
  facet normal 0.031410759078127425 -0.9995065603657316 0
    outer loop
      vertex -2.7627828592897843 43.91317605084395 2
      vertex 0 44 2
      vertex -2.7627828592897843 43.91317605084395 4.5
    endloop
  endfacet
  facet normal 0.21814324139654273 -0.9759167619387473 0
    outer loop
      vertex -8.244777841771882 43.2206390320623 2
      vertex -8.244777841771882 43.2206390320623 4.5
      vertex -10.942355035253613 42.61765908965977 4.5
    endloop
  endfacet
  facet normal 0.15643446504023176 -0.9876883405951375 0
    outer loop
      vertex -5.514662276829388 43.653046857837026 2
      vertex -5.514662276829388 43.653046857837026 4.5
      vertex -8.244777841771882 43.2206390320623 4.5
    endloop
  endfacet
  facet normal 0.09410831331851448 -0.9955619646030799 0
    outer loop
      vertex -2.7627828592897843 43.91317605084395 2
      vertex -2.7627828592897843 43.91317605084395 4.5
      vertex -5.514662276829388 43.653046857837026 4.5
    endloop
  endfacet
  facet normal 0.031410759078127425 -0.9995065603657316 0
    outer loop
      vertex -2.7627828592897843 43.91317605084395 4.5
      vertex 0 44 2
      vertex 0 44 4.5
    endloop
  endfacet
  facet normal 0 0 1
    outer loop
      vertex 0 -44 2
      vertex 2.7627828592898056 -43.91317605084395 2
      vertex 2.7627828592897843 43.91317605084395 2
    endloop
  endfacet
  facet normal 0 0 1
    outer loop
      vertex 2.7627828592898056 -43.91317605084395 2
      vertex 5.5146622768293785 -43.653046857837026 2
      vertex 5.514662276829388 43.653046857837026 2
    endloop
  endfacet
  facet normal 0 0 1
    outer loop
      vertex 5.5146622768293785 -43.653046857837026 2
      vertex 8.244777841771892 -43.2206390320623 2
      vertex 8.244777841771882 43.2206390320623 2
    endloop
  endfacet
  facet normal 0 0 1
    outer loop
      vertex 8.244777841771892 -43.2206390320623 2
      vertex 10.942355035253595 -42.617659089659774 2
      vertex 10.942355035253613 42.61765908965977 2
    endloop
  endfacet
  facet normal 0 0 1
    outer loop
      vertex 10.942355035253595 -42.617659089659774 2
      vertex 13.596747752497686 -41.84648671698675 2
      vertex 13.596747752497686 41.84648671698675 2
    endloop
  endfacet
  facet normal 0 0 1
    outer loop
      vertex 13.596747752497686 -41.84648671698675 2
      vertex 16.197480318125848 -40.910165379083054 2
      vertex 16.197480318125827 40.91016537908306 2
    endloop
  endfacet
  facet normal 0 0 1
    outer loop
      vertex 16.197480318125848 -40.910165379083054 2
      vertex 18.734288828863185 -39.81239030850486 2
      vertex 18.7342888288632 39.81239030850486 2
    endloop
  endfacet
  facet normal 0 0 1
    outer loop
      vertex 18.734288828863185 -39.81239030850486 2
      vertex 21.197161660475476 -38.55749392192999 2
      vertex 21.19716166047547 38.557493921929996 2
    endloop
  endfacet
  facet normal 0 0 1
    outer loop
      vertex 21.197161660475476 -38.55749392192999 2
      vertex 23.576378979075834 -37.15042872208868 2
      vertex 23.57637897907585 37.15042872208866 2
    endloop
  endfacet
  facet normal 0 0 1
    outer loop
      vertex 23.576378979075834 -37.15042872208868 2
      vertex 25.862551100868817 -35.59674775249769 2
      vertex 25.862551100868817 35.59674775249769 2
    endloop
  endfacet
  facet normal 0 0 1
    outer loop
      vertex 25.862551100868817 -35.59674775249769 2
      vertex 28.046655548942358 -33.90258268213472 2
      vertex 28.046655548942347 33.90258268213472 2
    endloop
  endfacet
  facet normal 0 0 1
    outer loop
      vertex 28.046655548942358 -33.90258268213472 2
      vertex 30.120072660862295 -32.074619606542115 2
      vertex 30.120072660862306 32.07461960654211 2
    endloop
  endfacet
  facet normal 0 0 1
    outer loop
      vertex 30.120072660862295 -32.074619606542115 2
      vertex 32.074619606542115 -30.120072660862295 2
      vertex 32.07461960654211 30.120072660862306 2
    endloop
  endfacet
  facet normal 0 0 1
    outer loop
      vertex 32.074619606542115 -30.120072660862295 2
      vertex 33.90258268213472 -28.046655548942358 2
      vertex 33.90258268213472 28.046655548942347 2
    endloop
  endfacet
  facet normal 0 0 1
    outer loop
      vertex 33.90258268213472 -28.046655548942358 2
      vertex 35.59674775249769 -25.862551100868817 2
      vertex 35.59674775249769 25.862551100868817 2
    endloop
  endfacet
  facet normal 0 0 1
    outer loop
      vertex 35.59674775249769 -25.862551100868817 2
      vertex 37.15042872208868 -23.576378979075834 2
      vertex 37.15042872208866 23.57637897907585 2
    endloop
  endfacet
  facet normal 0 0 1
    outer loop
      vertex 37.15042872208868 -23.576378979075834 2
      vertex 38.55749392192999 -21.197161660475476 2
      vertex 38.557493921929996 21.197161660475473 2
    endloop
  endfacet
  facet normal 0 0 1
    outer loop
      vertex 38.55749392192999 -21.197161660475476 2
      vertex 39.81239030850486 -18.734288828863185 2
      vertex 39.81239030850486 18.734288828863196 2
    endloop
  endfacet
  facet normal 0 0 1
    outer loop
      vertex 39.81239030850486 -18.734288828863185 2
      vertex 40.910165379083054 -16.197480318125848 2
      vertex 40.91016537908306 16.19748031812583 2
    endloop
  endfacet
  facet normal 0 0 1
    outer loop
      vertex 40.910165379083054 -16.197480318125848 2
      vertex 41.84648671698675 -13.596747752497686 2
      vertex 41.84648671698675 13.596747752497686 2
    endloop
  endfacet
  facet normal 0 0 1
    outer loop
      vertex 41.84648671698675 -13.596747752497686 2
      vertex 42.617659089659774 -10.942355035253595 2
      vertex 42.61765908965977 10.94235503525361 2
    endloop
  endfacet
  facet normal 0 0 1
    outer loop
      vertex 42.617659089659774 -10.942355035253595 2
      vertex 43.2206390320623 -8.244777841771892 2
      vertex 43.2206390320623 8.244777841771883 2
    endloop
  endfacet
  facet normal 0 0 1
    outer loop
      vertex 43.2206390320623 -8.244777841771892 2
      vertex 43.653046857837026 -5.5146622768293785 2
      vertex 43.653046857837026 5.514662276829387 2
    endloop
  endfacet
  facet normal 0 0 1
    outer loop
      vertex 43.653046857837026 -5.5146622768293785 2
      vertex 43.91317605084395 -2.7627828592898056 2
      vertex 43.91317605084395 2.7627828592897883 2
    endloop
  endfacet
  facet normal 0 0 1
    outer loop
      vertex 43.91317605084395 -2.7627828592898056 2
      vertex 44 0 2
      vertex 43.91317605084395 2.7627828592897883 2
    endloop
  endfacet
  facet normal -0.03141075907812719 0.9995065603657316 0
    outer loop
      vertex 0 -44 2
      vertex 2.7627828592898056 -43.91317605084395 4.5
      vertex 2.7627828592898056 -43.91317605084395 2
    endloop
  endfacet
  facet normal -0.09410831331851553 0.9955619646030799 0
    outer loop
      vertex 2.7627828592898056 -43.91317605084395 2
      vertex 5.5146622768293785 -43.653046857837026 4.5
      vertex 5.5146622768293785 -43.653046857837026 2
    endloop
  endfacet
  facet normal -0.15643446504023062 0.9876883405951378 0
    outer loop
      vertex 5.5146622768293785 -43.653046857837026 2
      vertex 8.244777841771892 -43.2206390320623 4.5
      vertex 8.244777841771892 -43.2206390320623 2
    endloop
  endfacet
  facet normal -0.21814324139654248 0.9759167619387474 0
    outer loop
      vertex 8.244777841771892 -43.2206390320623 2
      vertex 10.942355035253595 -42.617659089659774 4.5
      vertex 10.942355035253595 -42.617659089659774 2
    endloop
  endfacet
  facet normal -0.03141075907812719 0.9995065603657316 0
    outer loop
      vertex 0 -44 2
      vertex 0 -44 4.5
      vertex 2.7627828592898056 -43.91317605084395 4.5
    endloop
  endfacet
  facet normal -0.09410831331851553 0.9955619646030799 0
    outer loop
      vertex 2.7627828592898056 -43.91317605084395 2
      vertex 2.7627828592898056 -43.91317605084395 4.5
      vertex 5.5146622768293785 -43.653046857837026 4.5
    endloop
  endfacet
  facet normal -0.15643446504023062 0.9876883405951378 0
    outer loop
      vertex 5.5146622768293785 -43.653046857837026 2
      vertex 5.5146622768293785 -43.653046857837026 4.5
      vertex 8.244777841771892 -43.2206390320623 4.5
    endloop
  endfacet
  facet normal -0.21814324139654248 0.9759167619387474 0
    outer loop
      vertex 8.244777841771892 -43.2206390320623 2
      vertex 8.244777841771892 -43.2206390320623 4.5
      vertex 10.942355035253595 -42.617659089659774 4.5
    endloop
  endfacet
  facet normal -0.27899110603923083 0.9602936856769426 0
    outer loop
      vertex 10.942355035253595 -42.617659089659774 2
      vertex 13.596747752497686 -41.84648671698675 4.5
      vertex 13.596747752497686 -41.84648671698675 2
    endloop
  endfacet
  facet normal -0.3387379202452905 0.9408807689542258 0
    outer loop
      vertex 13.596747752497686 -41.84648671698675 2
      vertex 16.197480318125848 -40.910165379083054 4.5
      vertex 16.197480318125848 -40.910165379083054 2
    endloop
  endfacet
  facet normal -0.3971478906347819 0.9177546256839806 0
    outer loop
      vertex 16.197480318125848 -40.910165379083054 2
      vertex 18.734288828863185 -39.81239030850486 4.5
      vertex 18.734288828863185 -39.81239030850486 2
    endloop
  endfacet
  facet normal -0.4539904997395471 0.8910065241883677 0
    outer loop
      vertex 18.734288828863185 -39.81239030850486 2
      vertex 21.197161660475476 -38.55749392192999 4.5
      vertex 21.197161660475476 -38.55749392192999 2
    endloop
  endfacet
  facet normal -0.509041415750369 0.8607420270039451 0
    outer loop
      vertex 21.197161660475476 -38.55749392192999 2
      vertex 23.576378979075834 -37.15042872208868 4.5
      vertex 23.576378979075834 -37.15042872208868 2
    endloop
  endfacet
  facet normal -0.27899110603923083 0.9602936856769426 0
    outer loop
      vertex 10.942355035253595 -42.617659089659774 2
      vertex 10.942355035253595 -42.617659089659774 4.5
      vertex 13.596747752497686 -41.84648671698675 4.5
    endloop
  endfacet
  facet normal -0.3387379202452905 0.9408807689542258 0
    outer loop
      vertex 13.596747752497686 -41.84648671698675 2
      vertex 13.596747752497686 -41.84648671698675 4.5
      vertex 16.197480318125848 -40.910165379083054 4.5
    endloop
  endfacet
  facet normal -0.3971478906347819 0.9177546256839806 0
    outer loop
      vertex 16.197480318125848 -40.910165379083054 2
      vertex 16.197480318125848 -40.910165379083054 4.5
      vertex 18.734288828863185 -39.81239030850486 4.5
    endloop
  endfacet
  facet normal -0.4539904997395471 0.8910065241883677 0
    outer loop
      vertex 18.734288828863185 -39.81239030850486 2
      vertex 18.734288828863185 -39.81239030850486 4.5
      vertex 21.197161660475476 -38.55749392192999 4.5
    endloop
  endfacet
  facet normal -0.509041415750369 0.8607420270039451 0
    outer loop
      vertex 21.197161660475476 -38.55749392192999 2
      vertex 21.197161660475476 -38.55749392192999 4.5
      vertex 23.576378979075834 -37.15042872208868 4.5
    endloop
  endfacet
  facet normal -0.5620833778521298 0.8270805742745624 0
    outer loop
      vertex 23.576378979075834 -37.15042872208868 2
      vertex 25.862551100868817 -35.59674775249769 4.5
      vertex 25.862551100868817 -35.59674775249769 2
    endloop
  endfacet
  facet normal -0.5620833778521298 0.8270805742745624 0
    outer loop
      vertex 23.576378979075834 -37.15042872208868 2
      vertex 23.576378979075834 -37.15042872208868 4.5
      vertex 25.862551100868817 -35.59674775249769 4.5
    endloop
  endfacet
  facet normal -0.6129070536529768 0.7901550123756901 0
    outer loop
      vertex 25.862551100868817 -35.59674775249769 2
      vertex 25.862551100868817 -35.59674775249769 4.5
      vertex 28.046655548942358 -33.90258268213472 4.5
    endloop
  endfacet
  facet normal -0.6129070536529768 0.7901550123756901 0
    outer loop
      vertex 25.862551100868817 -35.59674775249769 2
      vertex 28.046655548942358 -33.90258268213472 4.5
      vertex 28.046655548942358 -33.90258268213472 2
    endloop
  endfacet
  facet normal -0.6613118653236523 0.7501110696304591 0
    outer loop
      vertex 28.046655548942358 -33.90258268213472 2
      vertex 30.120072660862295 -32.074619606542115 4.5
      vertex 30.120072660862295 -32.074619606542115 2
    endloop
  endfacet
  facet normal -0.7071067811865475 0.7071067811865475 0
    outer loop
      vertex 30.120072660862295 -32.074619606542115 2
      vertex 30.120072660862295 -32.074619606542115 4.5
      vertex 32.074619606542115 -30.120072660862295 2
    endloop
  endfacet
  facet normal -0.7501110696304591 0.6613118653236523 0
    outer loop
      vertex 32.074619606542115 -30.120072660862295 2
      vertex 32.074619606542115 -30.120072660862295 4.5
      vertex 33.90258268213472 -28.046655548942358 2
    endloop
  endfacet
  facet normal -0.7901550123756901 0.6129070536529768 0
    outer loop
      vertex 33.90258268213472 -28.046655548942358 2
      vertex 33.90258268213472 -28.046655548942358 4.5
      vertex 35.59674775249769 -25.862551100868817 2
    endloop
  endfacet
  facet normal -0.6613118653236523 0.7501110696304591 0
    outer loop
      vertex 28.046655548942358 -33.90258268213472 2
      vertex 28.046655548942358 -33.90258268213472 4.5
      vertex 30.120072660862295 -32.074619606542115 4.5
    endloop
  endfacet
  facet normal -0.7071067811865475 0.7071067811865475 0
    outer loop
      vertex 32.074619606542115 -30.120072660862295 2
      vertex 30.120072660862295 -32.074619606542115 4.5
      vertex 32.074619606542115 -30.120072660862295 4.5
    endloop
  endfacet
  facet normal -0.7501110696304591 0.6613118653236523 0
    outer loop
      vertex 33.90258268213472 -28.046655548942358 2
      vertex 32.074619606542115 -30.120072660862295 4.5
      vertex 33.90258268213472 -28.046655548942358 4.5
    endloop
  endfacet
  facet normal -0.8270805742745624 0.5620833778521298 0
    outer loop
      vertex 35.59674775249769 -25.862551100868817 2
      vertex 35.59674775249769 -25.862551100868817 4.5
      vertex 37.15042872208868 -23.576378979075834 2
    endloop
  endfacet
  facet normal -0.7901550123756901 0.6129070536529768 0
    outer loop
      vertex 35.59674775249769 -25.862551100868817 2
      vertex 33.90258268213472 -28.046655548942358 4.5
      vertex 35.59674775249769 -25.862551100868817 4.5
    endloop
  endfacet
  facet normal -0.8270805742745624 0.5620833778521298 0
    outer loop
      vertex 37.15042872208868 -23.576378979075834 2
      vertex 35.59674775249769 -25.862551100868817 4.5
      vertex 37.15042872208868 -23.576378979075834 4.5
    endloop
  endfacet
  facet normal -0.8607420270039451 0.509041415750369 0
    outer loop
      vertex 37.15042872208868 -23.576378979075834 2
      vertex 37.15042872208868 -23.576378979075834 4.5
      vertex 38.55749392192999 -21.197161660475476 2
    endloop
  endfacet
  facet normal -0.8910065241883677 0.4539904997395471 0
    outer loop
      vertex 38.55749392192999 -21.197161660475476 2
      vertex 38.55749392192999 -21.197161660475476 4.5
      vertex 39.81239030850486 -18.734288828863185 2
    endloop
  endfacet
  facet normal -0.9177546256839806 0.3971478906347819 0
    outer loop
      vertex 39.81239030850486 -18.734288828863185 2
      vertex 39.81239030850486 -18.734288828863185 4.5
      vertex 40.910165379083054 -16.197480318125848 2
    endloop
  endfacet
  facet normal -0.9408807689542258 0.3387379202452905 0
    outer loop
      vertex 40.910165379083054 -16.197480318125848 2
      vertex 40.910165379083054 -16.197480318125848 4.5
      vertex 41.84648671698675 -13.596747752497686 2
    endloop
  endfacet
  facet normal -0.9602936856769426 0.27899110603923083 0
    outer loop
      vertex 41.84648671698675 -13.596747752497686 2
      vertex 41.84648671698675 -13.596747752497686 4.5
      vertex 42.617659089659774 -10.942355035253595 2
    endloop
  endfacet
  facet normal -0.8607420270039451 0.509041415750369 0
    outer loop
      vertex 38.55749392192999 -21.197161660475476 2
      vertex 37.15042872208868 -23.576378979075834 4.5
      vertex 38.55749392192999 -21.197161660475476 4.5
    endloop
  endfacet
  facet normal -0.8910065241883677 0.4539904997395471 0
    outer loop
      vertex 39.81239030850486 -18.734288828863185 2
      vertex 38.55749392192999 -21.197161660475476 4.5
      vertex 39.81239030850486 -18.734288828863185 4.5
    endloop
  endfacet
  facet normal -0.9177546256839806 0.3971478906347819 0
    outer loop
      vertex 40.910165379083054 -16.197480318125848 2
      vertex 39.81239030850486 -18.734288828863185 4.5
      vertex 40.910165379083054 -16.197480318125848 4.5
    endloop
  endfacet
  facet normal -0.9408807689542258 0.3387379202452905 0
    outer loop
      vertex 41.84648671698675 -13.596747752497686 2
      vertex 40.910165379083054 -16.197480318125848 4.5
      vertex 41.84648671698675 -13.596747752497686 4.5
    endloop
  endfacet
  facet normal -0.9602936856769426 0.27899110603923083 0
    outer loop
      vertex 42.617659089659774 -10.942355035253595 2
      vertex 41.84648671698675 -13.596747752497686 4.5
      vertex 42.617659089659774 -10.942355035253595 4.5
    endloop
  endfacet
  facet normal -0.9759167619387474 0.21814324139654248 0
    outer loop
      vertex 42.617659089659774 -10.942355035253595 2
      vertex 42.617659089659774 -10.942355035253595 4.5
      vertex 43.2206390320623 -8.244777841771892 2
    endloop
  endfacet
  facet normal -0.9876883405951378 0.15643446504023062 0
    outer loop
      vertex 43.2206390320623 -8.244777841771892 2
      vertex 43.2206390320623 -8.244777841771892 4.5
      vertex 43.653046857837026 -5.5146622768293785 2
    endloop
  endfacet
  facet normal -0.9955619646030799 0.09410831331851553 0
    outer loop
      vertex 43.653046857837026 -5.5146622768293785 2
      vertex 43.653046857837026 -5.5146622768293785 4.5
      vertex 43.91317605084395 -2.7627828592898056 2
    endloop
  endfacet
  facet normal -0.9995065603657316 0.03141075907812719 0
    outer loop
      vertex 43.91317605084395 -2.7627828592898056 2
      vertex 43.91317605084395 -2.7627828592898056 4.5
      vertex 44 0 2
    endloop
  endfacet
  facet normal -0.9759167619387474 0.21814324139654248 0
    outer loop
      vertex 43.2206390320623 -8.244777841771892 2
      vertex 42.617659089659774 -10.942355035253595 4.5
      vertex 43.2206390320623 -8.244777841771892 4.5
    endloop
  endfacet
  facet normal -0.9876883405951378 0.15643446504023062 0
    outer loop
      vertex 43.653046857837026 -5.5146622768293785 2
      vertex 43.2206390320623 -8.244777841771892 4.5
      vertex 43.653046857837026 -5.5146622768293785 4.5
    endloop
  endfacet
  facet normal -0.9955619646030799 0.09410831331851553 0
    outer loop
      vertex 43.91317605084395 -2.7627828592898056 2
      vertex 43.653046857837026 -5.5146622768293785 4.5
      vertex 43.91317605084395 -2.7627828592898056 4.5
    endloop
  endfacet
  facet normal -0.9995065603657316 0.03141075907812719 0
    outer loop
      vertex 43.91317605084395 -2.7627828592898056 4.5
      vertex 44 0 4.5
      vertex 44 0 2
    endloop
  endfacet
  facet normal 0 0 1
    outer loop
      vertex 0 -44 2
      vertex 2.7627828592897843 43.91317605084395 2
      vertex 0 44 2
    endloop
  endfacet
  facet normal 0 0 1
    outer loop
      vertex 2.7627828592898056 -43.91317605084395 2
      vertex 5.514662276829388 43.653046857837026 2
      vertex 2.7627828592897843 43.91317605084395 2
    endloop
  endfacet
  facet normal 0 0 1
    outer loop
      vertex 5.5146622768293785 -43.653046857837026 2
      vertex 8.244777841771882 43.2206390320623 2
      vertex 5.514662276829388 43.653046857837026 2
    endloop
  endfacet
  facet normal 0 0 1
    outer loop
      vertex 8.244777841771892 -43.2206390320623 2
      vertex 10.942355035253613 42.61765908965977 2
      vertex 8.244777841771882 43.2206390320623 2
    endloop
  endfacet
  facet normal 0 0 1
    outer loop
      vertex 10.942355035253595 -42.617659089659774 2
      vertex 13.596747752497686 41.84648671698675 2
      vertex 10.942355035253613 42.61765908965977 2
    endloop
  endfacet
  facet normal 0 0 1
    outer loop
      vertex 13.596747752497686 -41.84648671698675 2
      vertex 16.197480318125827 40.91016537908306 2
      vertex 13.596747752497686 41.84648671698675 2
    endloop
  endfacet
  facet normal 0 0 1
    outer loop
      vertex 16.197480318125848 -40.910165379083054 2
      vertex 18.7342888288632 39.81239030850486 2
      vertex 16.197480318125827 40.91016537908306 2
    endloop
  endfacet
  facet normal 0 0 1
    outer loop
      vertex 18.734288828863185 -39.81239030850486 2
      vertex 21.19716166047547 38.557493921929996 2
      vertex 18.7342888288632 39.81239030850486 2
    endloop
  endfacet
  facet normal 0 0 1
    outer loop
      vertex 21.197161660475476 -38.55749392192999 2
      vertex 23.57637897907585 37.15042872208866 2
      vertex 21.19716166047547 38.557493921929996 2
    endloop
  endfacet
  facet normal 0 0 1
    outer loop
      vertex 25.862551100868817 -35.59674775249769 2
      vertex 28.046655548942347 33.90258268213472 2
      vertex 25.862551100868817 35.59674775249769 2
    endloop
  endfacet
  facet normal 0 0 1
    outer loop
      vertex 28.046655548942358 -33.90258268213472 2
      vertex 30.120072660862306 32.07461960654211 2
      vertex 28.046655548942347 33.90258268213472 2
    endloop
  endfacet
  facet normal 0 0 1
    outer loop
      vertex 30.120072660862295 -32.074619606542115 2
      vertex 32.07461960654211 30.120072660862306 2
      vertex 30.120072660862306 32.07461960654211 2
    endloop
  endfacet
  facet normal 0 0 1
    outer loop
      vertex 33.90258268213472 -28.046655548942358 2
      vertex 35.59674775249769 25.862551100868817 2
      vertex 33.90258268213472 28.046655548942347 2
    endloop
  endfacet
  facet normal 0 0 1
    outer loop
      vertex 32.074619606542115 -30.120072660862295 2
      vertex 33.90258268213472 28.046655548942347 2
      vertex 32.07461960654211 30.120072660862306 2
    endloop
  endfacet
  facet normal 0 0 1
    outer loop
      vertex 23.576378979075834 -37.15042872208868 2
      vertex 25.862551100868817 35.59674775249769 2
      vertex 23.57637897907585 37.15042872208866 2
    endloop
  endfacet
  facet normal 0 0 1
    outer loop
      vertex 39.81239030850486 -18.734288828863185 2
      vertex 40.91016537908306 16.19748031812583 2
      vertex 39.81239030850486 18.734288828863196 2
    endloop
  endfacet
  facet normal 0 0 1
    outer loop
      vertex 35.59674775249769 -25.862551100868817 2
      vertex 37.15042872208866 23.57637897907585 2
      vertex 35.59674775249769 25.862551100868817 2
    endloop
  endfacet
  facet normal 0 0 1
    outer loop
      vertex 37.15042872208868 -23.576378979075834 2
      vertex 38.557493921929996 21.197161660475473 2
      vertex 37.15042872208866 23.57637897907585 2
    endloop
  endfacet
  facet normal 0 0 1
    outer loop
      vertex 38.55749392192999 -21.197161660475476 2
      vertex 39.81239030850486 18.734288828863196 2
      vertex 38.557493921929996 21.197161660475473 2
    endloop
  endfacet
  facet normal 0 0 1
    outer loop
      vertex 42.617659089659774 -10.942355035253595 2
      vertex 43.2206390320623 8.244777841771883 2
      vertex 42.61765908965977 10.94235503525361 2
    endloop
  endfacet
  facet normal 0 0 1
    outer loop
      vertex 40.910165379083054 -16.197480318125848 2
      vertex 41.84648671698675 13.596747752497686 2
      vertex 40.91016537908306 16.19748031812583 2
    endloop
  endfacet
  facet normal 0 0 1
    outer loop
      vertex 41.84648671698675 -13.596747752497686 2
      vertex 42.61765908965977 10.94235503525361 2
      vertex 41.84648671698675 13.596747752497686 2
    endloop
  endfacet
  facet normal 0 0 1
    outer loop
      vertex 43.653046857837026 -5.5146622768293785 2
      vertex 43.91317605084395 2.7627828592897883 2
      vertex 43.653046857837026 5.514662276829387 2
    endloop
  endfacet
  facet normal 0 0 1
    outer loop
      vertex 43.2206390320623 -8.244777841771892 2
      vertex 43.653046857837026 5.514662276829387 2
      vertex 43.2206390320623 8.244777841771883 2
    endloop
  endfacet
  facet normal -0.031410759078127425 -0.9995065603657316 0
    outer loop
      vertex 0 44 2
      vertex 2.7627828592897843 43.91317605084395 2
      vertex 0 44 4.5
    endloop
  endfacet
  facet normal -0.09410831331851448 -0.9955619646030799 0
    outer loop
      vertex 2.7627828592897843 43.91317605084395 2
      vertex 5.514662276829388 43.653046857837026 2
      vertex 2.7627828592897843 43.91317605084395 4.5
    endloop
  endfacet
  facet normal -0.15643446504023176 -0.9876883405951375 0
    outer loop
      vertex 5.514662276829388 43.653046857837026 2
      vertex 8.244777841771882 43.2206390320623 2
      vertex 5.514662276829388 43.653046857837026 4.5
    endloop
  endfacet
  facet normal -0.21814324139654273 -0.9759167619387473 0
    outer loop
      vertex 8.244777841771882 43.2206390320623 2
      vertex 10.942355035253613 42.61765908965977 2
      vertex 8.244777841771882 43.2206390320623 4.5
    endloop
  endfacet
  facet normal -0.031410759078127425 -0.9995065603657316 0
    outer loop
      vertex 2.7627828592897843 43.91317605084395 2
      vertex 2.7627828592897843 43.91317605084395 4.5
      vertex 0 44 4.5
    endloop
  endfacet
  facet normal -0.09410831331851448 -0.9955619646030799 0
    outer loop
      vertex 5.514662276829388 43.653046857837026 2
      vertex 5.514662276829388 43.653046857837026 4.5
      vertex 2.7627828592897843 43.91317605084395 4.5
    endloop
  endfacet
  facet normal -0.15643446504023176 -0.9876883405951375 0
    outer loop
      vertex 8.244777841771882 43.2206390320623 2
      vertex 8.244777841771882 43.2206390320623 4.5
      vertex 5.514662276829388 43.653046857837026 4.5
    endloop
  endfacet
  facet normal -0.21814324139654273 -0.9759167619387473 0
    outer loop
      vertex 10.942355035253613 42.61765908965977 2
      vertex 10.942355035253613 42.61765908965977 4.5
      vertex 8.244777841771882 43.2206390320623 4.5
    endloop
  endfacet
  facet normal -0.2789911060392302 -0.9602936856769428 0
    outer loop
      vertex 10.942355035253613 42.61765908965977 2
      vertex 13.596747752497686 41.84648671698675 2
      vertex 10.942355035253613 42.61765908965977 4.5
    endloop
  endfacet
  facet normal -0.3387379202452907 -0.9408807689542258 0
    outer loop
      vertex 13.596747752497686 41.84648671698675 2
      vertex 16.197480318125827 40.91016537908306 2
      vertex 13.596747752497686 41.84648671698675 4.5
    endloop
  endfacet
  facet normal -0.3971478906347794 -0.9177546256839817 0
    outer loop
      vertex 16.197480318125827 40.91016537908306 2
      vertex 18.7342888288632 39.81239030850486 2
      vertex 16.197480318125827 40.91016537908306 4.5
    endloop
  endfacet
  facet normal -0.4539904997395482 -0.8910065241883671 0
    outer loop
      vertex 21.19716166047547 38.557493921929996 2
      vertex 18.7342888288632 39.81239030850486 4.5
      vertex 18.7342888288632 39.81239030850486 2
    endloop
  endfacet
  facet normal -0.5090414157503708 -0.8607420270039441 0
    outer loop
      vertex 21.19716166047547 38.557493921929996 2
      vertex 23.57637897907585 37.15042872208866 2
      vertex 21.19716166047547 38.557493921929996 4.5
    endloop
  endfacet
  facet normal -0.2789911060392302 -0.9602936856769428 0
    outer loop
      vertex 13.596747752497686 41.84648671698675 2
      vertex 13.596747752497686 41.84648671698675 4.5
      vertex 10.942355035253613 42.61765908965977 4.5
    endloop
  endfacet
  facet normal -0.3387379202452907 -0.9408807689542258 0
    outer loop
      vertex 16.197480318125827 40.91016537908306 2
      vertex 16.197480318125827 40.91016537908306 4.5
      vertex 13.596747752497686 41.84648671698675 4.5
    endloop
  endfacet
  facet normal -0.3971478906347794 -0.9177546256839817 0
    outer loop
      vertex 18.7342888288632 39.81239030850486 2
      vertex 18.7342888288632 39.81239030850486 4.5
      vertex 16.197480318125827 40.91016537908306 4.5
    endloop
  endfacet
  facet normal -0.4539904997395482 -0.8910065241883671 0
    outer loop
      vertex 21.19716166047547 38.557493921929996 2
      vertex 21.19716166047547 38.557493921929996 4.5
      vertex 18.7342888288632 39.81239030850486 4.5
    endloop
  endfacet
  facet normal -0.5090414157503708 -0.8607420270039441 0
    outer loop
      vertex 23.57637897907585 37.15042872208866 2
      vertex 23.57637897907585 37.15042872208866 4.5
      vertex 21.19716166047547 38.557493921929996 4.5
    endloop
  endfacet
  facet normal -0.9995065603657316 -0.031410759078127376 0
    outer loop
      vertex 44 0 2
      vertex 44 0 4.5
      vertex 43.91317605084395 2.7627828592897883 2
    endloop
  endfacet
  facet normal -0.9955619646030799 -0.09410831331851464 0
    outer loop
      vertex 43.91317605084395 2.7627828592897883 2
      vertex 43.91317605084395 2.7627828592897883 4.5
      vertex 43.653046857837026 5.514662276829387 2
    endloop
  endfacet
  facet normal -0.9759167619387472 -0.218143241396543 0
    outer loop
      vertex 43.2206390320623 8.244777841771883 2
      vertex 43.2206390320623 8.244777841771883 4.5
      vertex 42.61765908965977 10.94235503525361 2
    endloop
  endfacet
  facet normal -0.9876883405951375 -0.15643446504023162 0
    outer loop
      vertex 43.653046857837026 5.514662276829387 2
      vertex 43.653046857837026 5.514662276829387 4.5
      vertex 43.2206390320623 8.244777841771883 2
    endloop
  endfacet
  facet normal -0.9995065603657316 -0.031410759078127376 0
    outer loop
      vertex 43.91317605084395 2.7627828592897883 2
      vertex 44 0 4.5
      vertex 43.91317605084395 2.7627828592897883 4.5
    endloop
  endfacet
  facet normal -0.9955619646030799 -0.09410831331851464 0
    outer loop
      vertex 43.653046857837026 5.514662276829387 2
      vertex 43.91317605084395 2.7627828592897883 4.5
      vertex 43.653046857837026 5.514662276829387 4.5
    endloop
  endfacet
  facet normal -0.9759167619387472 -0.218143241396543 0
    outer loop
      vertex 42.61765908965977 10.94235503525361 2
      vertex 43.2206390320623 8.244777841771883 4.5
      vertex 42.61765908965977 10.94235503525361 4.5
    endloop
  endfacet
  facet normal -0.9876883405951375 -0.15643446504023162 0
    outer loop
      vertex 43.2206390320623 8.244777841771883 2
      vertex 43.653046857837026 5.514662276829387 4.5
      vertex 43.2206390320623 8.244777841771883 4.5
    endloop
  endfacet
  facet normal -0.8910065241883677 -0.45399049973954714 0
    outer loop
      vertex 38.557493921929996 21.197161660475473 2
      vertex 39.81239030850486 18.734288828863196 2
      vertex 39.81239030850486 18.734288828863196 4.5
    endloop
  endfacet
  facet normal -0.8607420270039436 -0.5090414157503712 0
    outer loop
      vertex 38.557493921929996 21.197161660475473 2
      vertex 38.557493921929996 21.197161660475473 4.5
      vertex 37.15042872208866 23.57637897907585 2
    endloop
  endfacet
  facet normal -0.9602936856769428 -0.27899110603923005 0
    outer loop
      vertex 42.61765908965977 10.94235503525361 2
      vertex 42.61765908965977 10.94235503525361 4.5
      vertex 41.84648671698675 13.596747752497686 2
    endloop
  endfacet
  facet normal -0.9408807689542259 -0.33873792024529026 0
    outer loop
      vertex 40.91016537908306 16.19748031812583 2
      vertex 41.84648671698675 13.596747752497686 2
      vertex 41.84648671698675 13.596747752497686 4.5
    endloop
  endfacet
  facet normal -0.9177546256839813 -0.39714789063478034 0
    outer loop
      vertex 40.91016537908306 16.19748031812583 2
      vertex 40.91016537908306 16.19748031812583 4.5
      vertex 39.81239030850486 18.734288828863196 2
    endloop
  endfacet
  facet normal -0.9177546256839813 -0.39714789063478034 0
    outer loop
      vertex 39.81239030850486 18.734288828863196 2
      vertex 40.91016537908306 16.19748031812583 4.5
      vertex 39.81239030850486 18.734288828863196 4.5
    endloop
  endfacet
  facet normal -0.8607420270039436 -0.5090414157503712 0
    outer loop
      vertex 37.15042872208866 23.57637897907585 2
      vertex 38.557493921929996 21.197161660475473 4.5
      vertex 37.15042872208866 23.57637897907585 4.5
    endloop
  endfacet
  facet normal -0.8910065241883677 -0.45399049973954714 0
    outer loop
      vertex 38.557493921929996 21.197161660475473 2
      vertex 39.81239030850486 18.734288828863196 4.5
      vertex 38.557493921929996 21.197161660475473 4.5
    endloop
  endfacet
  facet normal -0.9602936856769428 -0.27899110603923005 0
    outer loop
      vertex 41.84648671698675 13.596747752497686 2
      vertex 42.61765908965977 10.94235503525361 4.5
      vertex 41.84648671698675 13.596747752497686 4.5
    endloop
  endfacet
  facet normal -0.9408807689542259 -0.33873792024529026 0
    outer loop
      vertex 40.91016537908306 16.19748031812583 2
      vertex 41.84648671698675 13.596747752497686 4.5
      vertex 40.91016537908306 16.19748031812583 4.5
    endloop
  endfacet
  facet normal -0.6613118653236499 -0.7501110696304613 0
    outer loop
      vertex 30.120072660862306 32.07461960654211 2
      vertex 28.046655548942347 33.90258268213472 4.5
      vertex 28.046655548942347 33.90258268213472 2
    endloop
  endfacet
  facet normal -0.7501110696304613 -0.6613118653236499 0
    outer loop
      vertex 32.07461960654211 30.120072660862306 2
      vertex 33.90258268213472 28.046655548942347 2
      vertex 33.90258268213472 28.046655548942347 4.5
    endloop
  endfacet
  facet normal -0.7071067811865475 -0.7071067811865475 0
    outer loop
      vertex 30.120072660862306 32.07461960654211 2
      vertex 32.07461960654211 30.120072660862306 2
      vertex 32.07461960654211 30.120072660862306 4.5
    endloop
  endfacet
  facet normal -0.6129070536529787 -0.7901550123756887 0
    outer loop
      vertex 28.046655548942347 33.90258268213472 2
      vertex 28.046655548942347 33.90258268213472 4.5
      vertex 25.862551100868817 35.59674775249769 4.5
    endloop
  endfacet
  facet normal -0.7901550123756887 -0.6129070536529787 0
    outer loop
      vertex 33.90258268213472 28.046655548942347 2
      vertex 35.59674775249769 25.862551100868817 4.5
      vertex 33.90258268213472 28.046655548942347 4.5
    endloop
  endfacet
  facet normal -0.7071067811865475 -0.7071067811865475 0
    outer loop
      vertex 30.120072660862306 32.07461960654211 2
      vertex 32.07461960654211 30.120072660862306 4.5
      vertex 30.120072660862306 32.07461960654211 4.5
    endloop
  endfacet
  facet normal -0.6613118653236499 -0.7501110696304613 0
    outer loop
      vertex 30.120072660862306 32.07461960654211 2
      vertex 30.120072660862306 32.07461960654211 4.5
      vertex 28.046655548942347 33.90258268213472 4.5
    endloop
  endfacet
  facet normal -0.7501110696304613 -0.6613118653236499 0
    outer loop
      vertex 32.07461960654211 30.120072660862306 2
      vertex 33.90258268213472 28.046655548942347 4.5
      vertex 32.07461960654211 30.120072660862306 4.5
    endloop
  endfacet
  facet normal -0.5620833778521294 -0.8270805742745627 0
    outer loop
      vertex 23.57637897907585 37.15042872208866 2
      vertex 25.862551100868817 35.59674775249769 2
      vertex 23.57637897907585 37.15042872208866 4.5
    endloop
  endfacet
  facet normal -0.6129070536529787 -0.7901550123756887 0
    outer loop
      vertex 25.862551100868817 35.59674775249769 2
      vertex 28.046655548942347 33.90258268213472 2
      vertex 25.862551100868817 35.59674775249769 4.5
    endloop
  endfacet
  facet normal -0.5620833778521294 -0.8270805742745627 0
    outer loop
      vertex 25.862551100868817 35.59674775249769 2
      vertex 25.862551100868817 35.59674775249769 4.5
      vertex 23.57637897907585 37.15042872208866 4.5
    endloop
  endfacet
  facet normal -0.8270805742745627 -0.5620833778521294 0
    outer loop
      vertex 35.59674775249769 25.862551100868817 2
      vertex 37.15042872208866 23.57637897907585 2
      vertex 37.15042872208866 23.57637897907585 4.5
    endloop
  endfacet
  facet normal -0.7901550123756887 -0.6129070536529787 0
    outer loop
      vertex 35.59674775249769 25.862551100868817 2
      vertex 35.59674775249769 25.862551100868817 4.5
      vertex 33.90258268213472 28.046655548942347 2
    endloop
  endfacet
  facet normal -0.8270805742745627 -0.5620833778521294 0
    outer loop
      vertex 35.59674775249769 25.862551100868817 2
      vertex 37.15042872208866 23.57637897907585 4.5
      vertex 35.59674775249769 25.862551100868817 4.5
    endloop
  endfacet
  facet normal 0.5588618327152206 0.4334976731448326 0.7069322593517716
    outer loop
      vertex -33.902582682134735 -28.046655548942343 4.5
      vertex -35.59674775249769 -25.862551100868817 4.5
      vertex -34.287839303522624 -28.36536754381669 5
    endloop
  endfacet
  facet normal 0.5849785906597107 0.39755103968871003 0.7069322593517743
    outer loop
      vertex -37.150428722088655 -23.57637897907586 4.5
      vertex -36.00125624968516 -26.156443727015056 5
      vertex -35.59674775249769 -25.862551100868817 4.5
    endloop
  endfacet
  facet normal 0.5588618327152178 0.4334976731448317 0.7069322593517744
    outer loop
      vertex -35.59674775249769 -25.862551100868817 4.5
      vertex -36.00125624968516 -26.156443727015056 5
      vertex -34.287839303522624 -28.36536754381669 5
    endloop
  endfacet
  facet normal 0.5849785906597108 0.3975510396887101 0.7069322593517743
    outer loop
      vertex -37.150428722088655 -23.57637897907586 4.5
      vertex -37.57259268483966 -23.844292376565356 5
      vertex -36.00125624968516 -26.156443727015056 5
    endloop
  endfacet
  facet normal 0.43349767314483095 0.5588618327152186 0.7069322593517743
    outer loop
      vertex -28.046655548942343 -33.902582682134735 4.5
      vertex -26.156443727015056 -36.00125624968516 5
      vertex -25.862551100868817 -35.59674775249769 4.5
    endloop
  endfacet
  facet normal 0.39755103968871003 0.5849785906597107 0.7069322593517743
    outer loop
      vertex -25.862551100868817 -35.59674775249769 4.5
      vertex -23.844292376565356 -37.57259268483966 5
      vertex -23.57637897907586 -37.150428722088655 4.5
    endloop
  endfacet
  facet normal 0.43349767314483345 0.5588618327152202 0.7069322593517716
    outer loop
      vertex -28.046655548942343 -33.902582682134735 4.5
      vertex -28.36536754381669 -34.287839303522624 5
      vertex -26.156443727015056 -36.00125624968516 5
    endloop
  endfacet
  facet normal 0.3975510396887101 0.5849785906597108 0.7069322593517742
    outer loop
      vertex -25.862551100868817 -35.59674775249769 4.5
      vertex -26.156443727015056 -36.00125624968516 5
      vertex -23.844292376565356 -37.57259268483966 5
    endloop
  endfacet
  facet normal 0.5305395024366848 0.4677334893312978 0.7069322593517738
    outer loop
      vertex -33.902582682134735 -28.046655548942343 4.5
      vertex -32.43910392025282 -30.46234621382664 5
      vertex -32.074619606542115 -30.120072660862295 4.5
    endloop
  endfacet
  facet normal 0.46773348933129916 0.5305395024366863 0.7069322593517718
    outer loop
      vertex -28.046655548942343 -33.902582682134735 4.5
      vertex -30.120072660862295 -32.074619606542115 4.5
      vertex -28.36536754381669 -34.287839303522624 5
    endloop
  endfacet
  facet normal 0.5001233751224775 0.5001233751224775 0.7069322593517736
    outer loop
      vertex -32.074619606542115 -30.120072660862295 4.5
      vertex -30.46234621382664 -32.43910392025282 5
      vertex -30.120072660862295 -32.074619606542115 4.5
    endloop
  endfacet
  facet normal 0.5305395024366868 0.46773348933129866 0.7069322593517718
    outer loop
      vertex -33.902582682134735 -28.046655548942343 4.5
      vertex -34.287839303522624 -28.36536754381669 5
      vertex -32.43910392025282 -30.46234621382664 5
    endloop
  endfacet
  facet normal 0.5001233751224775 0.5001233751224775 0.7069322593517737
    outer loop
      vertex -32.074619606542115 -30.120072660862295 4.5
      vertex -32.43910392025282 -30.46234621382664 5
      vertex -30.46234621382664 -32.43910392025282 5
    endloop
  endfacet
  facet normal 0.46773348933129744 0.5305395024366855 0.7069322593517737
    outer loop
      vertex -30.120072660862295 -32.074619606542115 4.5
      vertex -30.46234621382664 -32.43910392025282 5
      vertex -28.36536754381669 -34.287839303522624 5
    endloop
  endfacet
  facet normal 0.6491106479860606 0.28089526047783525 0.7069322593517752
    outer loop
      vertex -39.81239030850486 -18.734288828863185 4.5
      vertex -40.91016537908306 -16.197480318125827 4.5
      vertex -40.26480383473787 -18.947178474645725 5
    endloop
  endfacet
  facet normal 0.6654673357362085 0.23958298302664596 0.7069322593517756
    outer loop
      vertex -41.84648671698675 -13.596747752497686 4.5
      vertex -41.37505362202719 -16.381542594468165 5
      vertex -40.91016537908306 -16.197480318125827 4.5
    endloop
  endfacet
  facet normal 0.6791977279353126 0.19732518099650648 0.7069322593517748
    outer loop
      vertex -41.84648671698675 -13.596747752497686 4.5
      vertex -42.61765908965977 -10.942355035253613 4.5
      vertex -42.32201497513433 -13.75125624968516 5
    endloop
  endfacet
  facet normal 0.6654673357362094 0.23958298302664593 0.7069322593517747
    outer loop
      vertex -41.84648671698675 -13.596747752497686 4.5
      vertex -42.32201497513433 -13.75125624968516 5
      vertex -41.37505362202719 -16.381542594468165 5
    endloop
  endfacet
  facet normal 0.6491106479860602 0.28089526047783525 0.7069322593517756
    outer loop
      vertex -40.91016537908306 -16.197480318125827 4.5
      vertex -41.37505362202719 -16.381542594468165 5
      vertex -40.26480383473787 -18.947178474645725 5
    endloop
  endfacet
  facet normal 0.6791977279353111 0.1973251809965066 0.7069322593517764
    outer loop
      vertex -42.61765908965977 -10.942355035253613 4.5
      vertex -43.101950670224085 -11.066699978836041 5
      vertex -42.32201497513433 -13.75125624968516 5
    endloop
  endfacet
  facet normal 0.6301922170587573 0.32109897266475423 0.7069322593517766
    outer loop
      vertex -39.81239030850486 -18.734288828863185 4.5
      vertex -38.99564726195192 -21.438038497526335 5
      vertex -38.55749392192999 -21.197161660475476 4.5
    endloop
  endfacet
  facet normal 0.6087867053581644 0.3600354539027334 0.7069322593517743
    outer loop
      vertex -37.150428722088655 -23.57637897907586 4.5
      vertex -38.55749392192999 -21.197161660475476 4.5
      vertex -37.57259268483966 -23.844292376565356 5
    endloop
  endfacet
  facet normal 0.6087867053581619 0.36003545390273295 0.7069322593517766
    outer loop
      vertex -38.55749392192999 -21.197161660475476 4.5
      vertex -38.99564726195192 -21.438038497526335 5
      vertex -37.57259268483966 -23.844292376565356 5
    endloop
  endfacet
  facet normal 0.6301922170587587 0.3210989726647544 0.7069322593517754
    outer loop
      vertex -39.81239030850486 -18.734288828863185 4.5
      vertex -40.26480383473787 -18.947178474645725 5
      vertex -38.99564726195192 -21.438038497526335 5
    endloop
  endfacet
  facet normal 0.6985734539819685 0.11064316553451212 0.706932259351775
    outer loop
      vertex -43.2206390320623 -8.244777841771892 4.5
      vertex -43.653046857837026 -5.5146622768293785 4.5
      vertex -43.711782657426646 -8.338468499064755 5
    endloop
  endfacet
  facet normal 0.6902476369981804 0.1542886266262721 0.7069322593517763
    outer loop
      vertex -42.61765908965977 -10.942355035253613 4.5
      vertex -43.2206390320623 -8.244777841771892 4.5
      vertex -43.101950670224085 -11.066699978836041 5
    endloop
  endfacet
  facet normal 0.6902476369981818 0.1542886266262719 0.706932259351775
    outer loop
      vertex -43.2206390320623 -8.244777841771892 4.5
      vertex -43.711782657426646 -8.338468499064755 5
      vertex -43.101950670224085 -11.066699978836041 5
    endloop
  endfacet
  facet normal 0.6985734539819687 0.1106431655345121 0.7069322593517747
    outer loop
      vertex -43.653046857837026 -5.5146622768293785 4.5
      vertex -44.149104208494265 -5.577328893611531 5
      vertex -43.711782657426646 -8.338468499064755 5
    endloop
  endfacet
  facet normal 0.7041423206907417 0.06656104641644266 0.7069322593517748
    outer loop
      vertex -43.653046857837026 -5.5146622768293785 4.5
      vertex -43.91317605084395 -2.7627828592897843 4.5
      vertex -44.149104208494265 -5.577328893611531 5
    endloop
  endfacet
  facet normal 0.7069322593517748 0.022216241257015573 0.7069322593517748
    outer loop
      vertex -43.91317605084395 -2.7627828592897843 4.5
      vertex -44 0 4.5
      vertex -44.5 0 5
    endloop
  endfacet
  facet normal 0.7041423206907415 0.0665610464164427 0.7069322593517748
    outer loop
      vertex -43.91317605084395 -2.7627828592897843 4.5
      vertex -44.41218941505809 -2.794178119054441 5
      vertex -44.149104208494265 -5.577328893611531 5
    endloop
  endfacet
  facet normal 0.7069322593517747 0.022216241257015552 0.7069322593517748
    outer loop
      vertex -43.91317605084395 -2.7627828592897843 4.5
      vertex -44.5 0 5
      vertex -44.41218941505809 -2.794178119054441 5
    endloop
  endfacet
  facet normal 0.2808952604778354 0.6491106479860606 0.7069322593517751
    outer loop
      vertex -18.734288828863185 -39.81239030850486 4.5
      vertex -18.947178474645725 -40.26480383473787 5
      vertex -16.381542594468165 -41.37505362202719 5
    endloop
  endfacet
  facet normal 0.3600354539027323 0.6087867053581625 0.7069322593517765
    outer loop
      vertex -23.57637897907586 -37.150428722088655 4.5
      vertex -21.438038497526335 -38.99564726195192 5
      vertex -21.197161660475476 -38.55749392192999 4.5
    endloop
  endfacet
  facet normal 0.32109897266475484 0.6301922170587585 0.7069322593517753
    outer loop
      vertex -18.734288828863185 -39.81239030850486 4.5
      vertex -21.197161660475476 -38.55749392192999 4.5
      vertex -18.947178474645725 -40.26480383473787 5
    endloop
  endfacet
  facet normal 0.3600354539027341 0.6087867053581639 0.7069322593517743
    outer loop
      vertex -23.57637897907586 -37.150428722088655 4.5
      vertex -23.844292376565356 -37.57259268483966 5
      vertex -21.438038497526335 -38.99564726195192 5
    endloop
  endfacet
  facet normal 0.32109897266475385 0.6301922170587575 0.7069322593517766
    outer loop
      vertex -21.197161660475476 -38.55749392192999 4.5
      vertex -21.438038497526335 -38.99564726195192 5
      vertex -18.947178474645725 -40.26480383473787 5
    endloop
  endfacet
  facet normal 0.2808952604778351 0.6491106479860602 0.7069322593517756
    outer loop
      vertex -18.734288828863185 -39.81239030850486 4.5
      vertex -16.381542594468165 -41.37505362202719 5
      vertex -16.197480318125827 -40.91016537908306 4.5
    endloop
  endfacet
  facet normal 0.23958298302664627 0.6654673357362094 0.7069322593517747
    outer loop
      vertex -16.197480318125827 -40.91016537908306 4.5
      vertex -13.75125624968516 -42.32201497513433 5
      vertex -13.596747752497686 -41.84648671698675 4.5
    endloop
  endfacet
  facet normal 0.19732518099650606 0.6791977279353112 0.7069322593517764
    outer loop
      vertex -13.596747752497686 -41.84648671698675 4.5
      vertex -11.066699978836041 -43.101950670224085 5
      vertex -10.942355035253613 -42.61765908965977 4.5
    endloop
  endfacet
  facet normal 0.23958298302664563 0.6654673357362085 0.7069322593517756
    outer loop
      vertex -16.197480318125827 -40.91016537908306 4.5
      vertex -16.381542594468165 -41.37505362202719 5
      vertex -13.75125624968516 -42.32201497513433 5
    endloop
  endfacet
  facet normal 0.197325180996507 0.6791977279353125 0.7069322593517747
    outer loop
      vertex -13.596747752497686 -41.84648671698675 4.5
      vertex -13.75125624968516 -42.32201497513433 5
      vertex -11.066699978836041 -43.101950670224085 5
    endloop
  endfacet
  facet normal 0.15428862662627238 0.6902476369981816 0.7069322593517748
    outer loop
      vertex -10.942355035253613 -42.61765908965977 4.5
      vertex -8.338468499064755 -43.711782657426646 5
      vertex -8.244777841771892 -43.2206390320623 4.5
    endloop
  endfacet
  facet normal 0.11064316553451214 0.6985734539819686 0.7069322593517747
    outer loop
      vertex -8.244777841771892 -43.2206390320623 4.5
      vertex -5.577328893611531 -44.149104208494265 5
      vertex -5.5146622768293785 -43.653046857837026 4.5
    endloop
  endfacet
  facet normal 0.1542886266262716 0.6902476369981804 0.7069322593517763
    outer loop
      vertex -10.942355035253613 -42.61765908965977 4.5
      vertex -11.066699978836041 -43.101950670224085 5
      vertex -8.338468499064755 -43.711782657426646 5
    endloop
  endfacet
  facet normal 0.11064316553451208 0.6985734539819685 0.706932259351775
    outer loop
      vertex -8.244777841771892 -43.2206390320623 4.5
      vertex -8.338468499064755 -43.711782657426646 5
      vertex -5.577328893611531 -44.149104208494265 5
    endloop
  endfacet
  facet normal 0.06656104641644317 0.7041423206907416 0.7069322593517748
    outer loop
      vertex -5.5146622768293785 -43.653046857837026 4.5
      vertex -2.7941781190544623 -44.41218941505809 5
      vertex -2.7627828592898056 -43.91317605084395 4.5
    endloop
  endfacet
  facet normal 0.022216241257015403 0.7069322593517748 0.7069322593517748
    outer loop
      vertex -2.7627828592898056 -43.91317605084395 4.5
      vertex 0 -44.5 5
      vertex 0 -44 4.5
    endloop
  endfacet
  facet normal 0.06656104641644321 0.7041423206907416 0.7069322593517748
    outer loop
      vertex -5.5146622768293785 -43.653046857837026 4.5
      vertex -5.577328893611531 -44.149104208494265 5
      vertex -2.7941781190544623 -44.41218941505809 5
    endloop
  endfacet
  facet normal 0.022216241257015382 0.7069322593517748 0.706932259351775
    outer loop
      vertex -2.7627828592898056 -43.91317605084395 4.5
      vertex -2.7941781190544623 -44.41218941505809 5
      vertex 0 -44.5 5
    endloop
  endfacet
  facet normal 0.7069322593517748 -0.022216241257015573 0.7069322593517748
    outer loop
      vertex -44 0 4.5
      vertex -43.91317605084395 2.7627828592897843 4.5
      vertex -44.5 0 5
    endloop
  endfacet
  facet normal 0.7041423206907417 -0.06656104641644266 0.7069322593517747
    outer loop
      vertex -43.91317605084395 2.7627828592897843 4.5
      vertex -43.653046857837026 5.5146622768293785 4.5
      vertex -44.149104208494265 5.577328893611531 5
    endloop
  endfacet
  facet normal 0.7069322593517747 -0.022216241257015552 0.7069322593517748
    outer loop
      vertex -43.91317605084395 2.7627828592897843 4.5
      vertex -44.41218941505809 2.794178119054441 5
      vertex -44.5 0 5
    endloop
  endfacet
  facet normal 0.7041423206907415 -0.0665610464164427 0.7069322593517748
    outer loop
      vertex -43.91317605084395 2.7627828592897843 4.5
      vertex -44.149104208494265 5.577328893611531 5
      vertex -44.41218941505809 2.794178119054441 5
    endloop
  endfacet
  facet normal 0.6985734539819685 -0.11064316553451212 0.706932259351775
    outer loop
      vertex -43.653046857837026 5.5146622768293785 4.5
      vertex -43.2206390320623 8.244777841771892 4.5
      vertex -43.711782657426646 8.338468499064755 5
    endloop
  endfacet
  facet normal 0.6902476369981803 -0.15428862662627207 0.7069322593517763
    outer loop
      vertex -43.2206390320623 8.244777841771892 4.5
      vertex -42.61765908965977 10.942355035253613 4.5
      vertex -43.101950670224085 11.066699978836041 5
    endloop
  endfacet
  facet normal 0.6985734539819687 -0.1106431655345121 0.7069322593517747
    outer loop
      vertex -43.653046857837026 5.5146622768293785 4.5
      vertex -43.711782657426646 8.338468499064755 5
      vertex -44.149104208494265 5.577328893611531 5
    endloop
  endfacet
  facet normal 0.6902476369981818 -0.1542886266262719 0.706932259351775
    outer loop
      vertex -43.2206390320623 8.244777841771892 4.5
      vertex -43.101950670224085 11.066699978836041 5
      vertex -43.711782657426646 8.338468499064755 5
    endloop
  endfacet
  facet normal 0.6791977279353126 -0.19732518099650648 0.7069322593517748
    outer loop
      vertex -42.61765908965977 10.942355035253613 4.5
      vertex -41.84648671698675 13.596747752497686 4.5
      vertex -42.32201497513433 13.75125624968516 5
    endloop
  endfacet
  facet normal 0.6654673357362085 -0.23958298302664596 0.7069322593517756
    outer loop
      vertex -41.84648671698675 13.596747752497686 4.5
      vertex -40.91016537908306 16.197480318125827 4.5
      vertex -41.37505362202719 16.381542594468165 5
    endloop
  endfacet
  facet normal 0.6791977279353111 -0.1973251809965066 0.7069322593517764
    outer loop
      vertex -42.61765908965977 10.942355035253613 4.5
      vertex -42.32201497513433 13.75125624968516 5
      vertex -43.101950670224085 11.066699978836041 5
    endloop
  endfacet
  facet normal 0.6654673357362094 -0.23958298302664593 0.7069322593517747
    outer loop
      vertex -41.84648671698675 13.596747752497686 4.5
      vertex -41.37505362202719 16.381542594468165 5
      vertex -42.32201497513433 13.75125624968516 5
    endloop
  endfacet
  facet normal 0.6491106479860602 -0.28089526047783525 0.7069322593517756
    outer loop
      vertex -40.91016537908306 16.197480318125827 4.5
      vertex -40.26480383473787 18.947178474645725 5
      vertex -41.37505362202719 16.381542594468165 5
    endloop
  endfacet
  facet normal 0.6491106479860606 -0.28089526047783525 0.7069322593517751
    outer loop
      vertex -40.91016537908306 16.197480318125827 4.5
      vertex -39.81239030850486 18.734288828863185 4.5
      vertex -40.26480383473787 18.947178474645725 5
    endloop
  endfacet
  facet normal 0.6301922170587573 -0.32109897266475423 0.7069322593517766
    outer loop
      vertex -39.81239030850486 18.734288828863185 4.5
      vertex -38.55749392192999 21.197161660475476 4.5
      vertex -38.99564726195192 21.438038497526335 5
    endloop
  endfacet
  facet normal 0.6087867053581644 -0.3600354539027334 0.7069322593517744
    outer loop
      vertex -38.55749392192999 21.197161660475476 4.5
      vertex -37.150428722088655 23.57637897907586 4.5
      vertex -37.57259268483966 23.844292376565356 5
    endloop
  endfacet
  facet normal 0.6301922170587587 -0.3210989726647544 0.7069322593517754
    outer loop
      vertex -39.81239030850486 18.734288828863185 4.5
      vertex -38.99564726195192 21.438038497526335 5
      vertex -40.26480383473787 18.947178474645725 5
    endloop
  endfacet
  facet normal 0.6087867053581619 -0.36003545390273295 0.7069322593517766
    outer loop
      vertex -38.55749392192999 21.197161660475476 4.5
      vertex -37.57259268483966 23.844292376565356 5
      vertex -38.99564726195192 21.438038497526335 5
    endloop
  endfacet
  facet normal 0.5849785906597107 -0.39755103968871003 0.7069322593517743
    outer loop
      vertex -37.150428722088655 23.57637897907586 4.5
      vertex -35.59674775249769 25.862551100868817 4.5
      vertex -36.00125624968516 26.156443727015056 5
    endloop
  endfacet
  facet normal 0.5588618327152207 -0.4334976731448326 0.7069322593517715
    outer loop
      vertex -35.59674775249769 25.862551100868817 4.5
      vertex -33.902582682134735 28.046655548942343 4.5
      vertex -34.287839303522624 28.36536754381669 5
    endloop
  endfacet
  facet normal 0.5849785906597108 -0.3975510396887101 0.7069322593517743
    outer loop
      vertex -37.150428722088655 23.57637897907586 4.5
      vertex -36.00125624968516 26.156443727015056 5
      vertex -37.57259268483966 23.844292376565356 5
    endloop
  endfacet
  facet normal 0.5588618327152178 -0.4334976731448317 0.7069322593517744
    outer loop
      vertex -35.59674775249769 25.862551100868817 4.5
      vertex -34.287839303522624 28.36536754381669 5
      vertex -36.00125624968516 26.156443727015056 5
    endloop
  endfacet
  facet normal 0.5305395024366848 -0.4677334893312978 0.7069322593517738
    outer loop
      vertex -33.902582682134735 28.046655548942343 4.5
      vertex -32.074619606542115 30.120072660862295 4.5
      vertex -32.43910392025282 30.46234621382664 5
    endloop
  endfacet
  facet normal 0.5001233751224775 -0.5001233751224775 0.7069322593517736
    outer loop
      vertex -32.074619606542115 30.120072660862295 4.5
      vertex -30.120072660862295 32.074619606542115 4.5
      vertex -30.46234621382664 32.43910392025282 5
    endloop
  endfacet
  facet normal 0.4677334893312991 -0.5305395024366862 0.7069322593517718
    outer loop
      vertex -30.120072660862295 32.074619606542115 4.5
      vertex -28.046655548942343 33.902582682134735 4.5
      vertex -28.36536754381669 34.287839303522624 5
    endloop
  endfacet
  facet normal 0.5305395024366868 -0.46773348933129866 0.7069322593517718
    outer loop
      vertex -33.902582682134735 28.046655548942343 4.5
      vertex -32.43910392025282 30.46234621382664 5
      vertex -34.287839303522624 28.36536754381669 5
    endloop
  endfacet
  facet normal 0.5001233751224775 -0.5001233751224775 0.7069322593517737
    outer loop
      vertex -32.074619606542115 30.120072660862295 4.5
      vertex -30.46234621382664 32.43910392025282 5
      vertex -32.43910392025282 30.46234621382664 5
    endloop
  endfacet
  facet normal 0.46773348933129744 -0.5305395024366855 0.7069322593517737
    outer loop
      vertex -30.120072660862295 32.074619606542115 4.5
      vertex -28.36536754381669 34.287839303522624 5
      vertex -30.46234621382664 32.43910392025282 5
    endloop
  endfacet
  facet normal 0.43349767314483095 -0.5588618327152186 0.7069322593517743
    outer loop
      vertex -28.046655548942343 33.902582682134735 4.5
      vertex -25.862551100868817 35.59674775249769 4.5
      vertex -26.156443727015056 36.00125624968516 5
    endloop
  endfacet
  facet normal 0.39755103968871003 -0.5849785906597107 0.7069322593517743
    outer loop
      vertex -25.862551100868817 35.59674775249769 4.5
      vertex -23.57637897907586 37.150428722088655 4.5
      vertex -23.844292376565356 37.57259268483966 5
    endloop
  endfacet
  facet normal 0.43349767314483345 -0.5588618327152202 0.7069322593517716
    outer loop
      vertex -28.046655548942343 33.902582682134735 4.5
      vertex -26.156443727015056 36.00125624968516 5
      vertex -28.36536754381669 34.287839303522624 5
    endloop
  endfacet
  facet normal 0.3975510396887101 -0.5849785906597108 0.7069322593517742
    outer loop
      vertex -25.862551100868817 35.59674775249769 4.5
      vertex -23.844292376565356 37.57259268483966 5
      vertex -26.156443727015056 36.00125624968516 5
    endloop
  endfacet
  facet normal 0.36003545390273284 -0.6087867053581622 0.7069322593517765
    outer loop
      vertex -23.57637897907586 37.150428722088655 4.5
      vertex -21.19716166047547 38.557493921929996 4.5
      vertex -21.43803849752633 38.99564726195193 5
    endloop
  endfacet
  facet normal 0.32109897266475607 -0.630192217058759 0.7069322593517742
    outer loop
      vertex -21.19716166047547 38.557493921929996 4.5
      vertex -18.7342888288632 39.81239030850486 4.5
      vertex -18.947178474645735 40.26480383473787 5
    endloop
  endfacet
  facet normal 0.36003545390273467 -0.6087867053581636 0.7069322593517743
    outer loop
      vertex -23.57637897907586 37.150428722088655 4.5
      vertex -21.43803849752633 38.99564726195193 5
      vertex -23.844292376565356 37.57259268483966 5
    endloop
  endfacet
  facet normal 0.32109897266475423 -0.6301922170587573 0.7069322593517766
    outer loop
      vertex -21.19716166047547 38.557493921929996 4.5
      vertex -18.947178474645735 40.26480383473787 5
      vertex -21.43803849752633 38.99564726195193 5
    endloop
  endfacet
  facet normal 0.28089526047783486 -0.649110647986062 0.7069322593517742
    outer loop
      vertex -18.7342888288632 39.81239030850486 4.5
      vertex -16.381542594468165 41.37505362202719 5
      vertex -18.947178474645735 40.26480383473787 5
    endloop
  endfacet
  facet normal 0.28089526047783375 -0.6491106479860608 0.7069322593517756
    outer loop
      vertex -18.7342888288632 39.81239030850486 4.5
      vertex -16.197480318125827 40.91016537908306 4.5
      vertex -16.381542594468165 41.37505362202719 5
    endloop
  endfacet
  facet normal 0.23958298302664627 -0.6654673357362094 0.7069322593517747
    outer loop
      vertex -16.197480318125827 40.91016537908306 4.5
      vertex -13.596747752497686 41.84648671698675 4.5
      vertex -13.75125624968516 42.32201497513433 5
    endloop
  endfacet
  facet normal 0.19732518099650606 -0.6791977279353112 0.7069322593517764
    outer loop
      vertex -13.596747752497686 41.84648671698675 4.5
      vertex -10.942355035253613 42.61765908965977 4.5
      vertex -11.066699978836041 43.101950670224085 5
    endloop
  endfacet
  facet normal 0.23958298302664563 -0.6654673357362085 0.7069322593517756
    outer loop
      vertex -16.197480318125827 40.91016537908306 4.5
      vertex -13.75125624968516 42.32201497513433 5
      vertex -16.381542594468165 41.37505362202719 5
    endloop
  endfacet
  facet normal 0.197325180996507 -0.6791977279353125 0.7069322593517747
    outer loop
      vertex -13.596747752497686 41.84648671698675 4.5
      vertex -11.066699978836041 43.101950670224085 5
      vertex -13.75125624968516 42.32201497513433 5
    endloop
  endfacet
  facet normal 0.15428862662627182 -0.6902476369981818 0.706932259351775
    outer loop
      vertex -10.942355035253613 42.61765908965977 4.5
      vertex -8.244777841771882 43.2206390320623 4.5
      vertex -8.338468499064744 43.711782657426646 5
    endloop
  endfacet
  facet normal 0.11064316553451294 -0.6985734539819684 0.7069322593517748
    outer loop
      vertex -8.244777841771882 43.2206390320623 4.5
      vertex -5.514662276829388 43.653046857837026 4.5
      vertex -5.577328893611541 44.149104208494265 5
    endloop
  endfacet
  facet normal 0.15428862662627102 -0.6902476369981806 0.7069322593517763
    outer loop
      vertex -10.942355035253613 42.61765908965977 4.5
      vertex -8.338468499064744 43.711782657426646 5
      vertex -11.066699978836041 43.101950670224085 5
    endloop
  endfacet
  facet normal 0.11064316553451287 -0.6985734539819682 0.7069322593517748
    outer loop
      vertex -8.244777841771882 43.2206390320623 4.5
      vertex -5.577328893611541 44.149104208494265 5
      vertex -8.338468499064744 43.711782657426646 5
    endloop
  endfacet
  facet normal 0.06656104641644242 -0.7041423206907416 0.7069322593517748
    outer loop
      vertex -5.514662276829388 43.653046857837026 4.5
      vertex -2.7627828592897843 43.91317605084395 4.5
      vertex -2.794178119054441 44.41218941505809 5
    endloop
  endfacet
  facet normal 0.022216241257015573 -0.7069322593517748 0.7069322593517748
    outer loop
      vertex -2.7627828592897843 43.91317605084395 4.5
      vertex 0 44 4.5
      vertex 0 44.5 5
    endloop
  endfacet
  facet normal 0.06656104641644248 -0.7041423206907417 0.7069322593517748
    outer loop
      vertex -5.514662276829388 43.653046857837026 4.5
      vertex -2.794178119054441 44.41218941505809 5
      vertex -5.577328893611541 44.149104208494265 5
    endloop
  endfacet
  facet normal 0.022216241257015552 -0.7069322593517747 0.7069322593517748
    outer loop
      vertex -2.7627828592897843 43.91317605084395 4.5
      vertex 0 44.5 5
      vertex -2.794178119054441 44.41218941505809 5
    endloop
  endfacet
  facet normal -0.022216241257015403 0.7069322593517748 0.7069322593517748
    outer loop
      vertex 0 -44 4.5
      vertex 0 -44.5 5
      vertex 2.7627828592898056 -43.91317605084395 4.5
    endloop
  endfacet
  facet normal -0.06656104641644316 0.7041423206907415 0.7069322593517748
    outer loop
      vertex 2.7627828592898056 -43.91317605084395 4.5
      vertex 2.7941781190544623 -44.41218941505809 5
      vertex 5.5146622768293785 -43.653046857837026 4.5
    endloop
  endfacet
  facet normal -0.022216241257015382 0.7069322593517748 0.706932259351775
    outer loop
      vertex 2.7627828592898056 -43.91317605084395 4.5
      vertex 0 -44.5 5
      vertex 2.7941781190544623 -44.41218941505809 5
    endloop
  endfacet
  facet normal -0.06656104641644321 0.7041423206907416 0.7069322593517748
    outer loop
      vertex 5.5146622768293785 -43.653046857837026 4.5
      vertex 2.7941781190544623 -44.41218941505809 5
      vertex 5.577328893611531 -44.149104208494265 5
    endloop
  endfacet
  facet normal -0.11064316553451214 0.6985734539819686 0.7069322593517748
    outer loop
      vertex 5.5146622768293785 -43.653046857837026 4.5
      vertex 5.577328893611531 -44.149104208494265 5
      vertex 8.244777841771892 -43.2206390320623 4.5
    endloop
  endfacet
  facet normal -0.1542886266262716 0.6902476369981818 0.706932259351775
    outer loop
      vertex 8.244777841771892 -43.2206390320623 4.5
      vertex 8.338468499064755 -43.711782657426646 5
      vertex 10.942355035253595 -42.617659089659774 4.5
    endloop
  endfacet
  facet normal -0.11064316553451208 0.6985734539819685 0.706932259351775
    outer loop
      vertex 8.244777841771892 -43.2206390320623 4.5
      vertex 5.577328893611531 -44.149104208494265 5
      vertex 8.338468499064755 -43.711782657426646 5
    endloop
  endfacet
  facet normal -0.15428862662627377 0.6902476369981853 0.7069322593517711
    outer loop
      vertex 10.942355035253595 -42.617659089659774 4.5
      vertex 8.338468499064755 -43.711782657426646 5
      vertex 11.066699978836022 -43.101950670224085 5
    endloop
  endfacet
  facet normal -0.19732518099650795 0.6791977279353161 0.7069322593517711
    outer loop
      vertex 10.942355035253595 -42.617659089659774 4.5
      vertex 11.066699978836022 -43.101950670224085 5
      vertex 13.596747752497686 -41.84648671698675 4.5
    endloop
  endfacet
  facet normal -0.23958298302664613 0.6654673357362094 0.7069322593517748
    outer loop
      vertex 13.596747752497686 -41.84648671698675 4.5
      vertex 13.75125624968516 -42.32201497513433 5
      vertex 16.197480318125848 -40.910165379083054 4.5
    endloop
  endfacet
  facet normal -0.2808952604778356 0.6491106479860601 0.7069322593517756
    outer loop
      vertex 16.197480318125848 -40.910165379083054 4.5
      vertex 16.381542594468186 -41.37505362202718 5
      vertex 18.734288828863185 -39.81239030850486 4.5
    endloop
  endfacet
  facet normal -0.1973251809965057 0.679197727935313 0.7069322593517747
    outer loop
      vertex 13.596747752497686 -41.84648671698675 4.5
      vertex 11.066699978836022 -43.101950670224085 5
      vertex 13.75125624968516 -42.32201497513433 5
    endloop
  endfacet
  facet normal -0.2395829830266455 0.6654673357362086 0.7069322593517756
    outer loop
      vertex 16.197480318125848 -40.910165379083054 4.5
      vertex 13.75125624968516 -42.32201497513433 5
      vertex 16.381542594468186 -41.37505362202718 5
    endloop
  endfacet
  facet normal -0.28089526047783586 0.6491106479860603 0.7069322593517753
    outer loop
      vertex 18.734288828863185 -39.81239030850486 4.5
      vertex 16.381542594468186 -41.37505362202718 5
      vertex 18.947178474645725 -40.26480383473787 5
    endloop
  endfacet
  facet normal -0.32109897266475484 0.6301922170587585 0.7069322593517753
    outer loop
      vertex 18.734288828863185 -39.81239030850486 4.5
      vertex 18.947178474645725 -40.26480383473787 5
      vertex 21.197161660475476 -38.55749392192999 4.5
    endloop
  endfacet
  facet normal -0.36003545390273095 0.6087867053581631 0.7069322593517767
    outer loop
      vertex 21.197161660475476 -38.55749392192999 4.5
      vertex 21.438038497526335 -38.99564726195192 5
      vertex 23.576378979075834 -37.15042872208868 4.5
    endloop
  endfacet
  facet normal -0.32109897266475385 0.6301922170587575 0.7069322593517766
    outer loop
      vertex 21.197161660475476 -38.55749392192999 4.5
      vertex 18.947178474645725 -40.26480383473787 5
      vertex 21.438038497526335 -38.99564726195192 5
    endloop
  endfacet
  facet normal -0.3600354539027329 0.6087867053581647 0.7069322593517743
    outer loop
      vertex 23.576378979075834 -37.15042872208868 4.5
      vertex 21.438038497526335 -38.99564726195192 5
      vertex 23.84429237656533 -37.572592684839684 5
    endloop
  endfacet
  facet normal -0.39755103968871086 0.5849785906597103 0.7069322593517743
    outer loop
      vertex 23.576378979075834 -37.15042872208868 4.5
      vertex 23.84429237656533 -37.572592684839684 5
      vertex 25.862551100868817 -35.59674775249769 4.5
    endloop
  endfacet
  facet normal -0.4334976731448315 0.5588618327152182 0.7069322593517744
    outer loop
      vertex 25.862551100868817 -35.59674775249769 4.5
      vertex 26.156443727015056 -36.00125624968516 5
      vertex 28.046655548942358 -33.90258268213472 4.5
    endloop
  endfacet
  facet normal -0.39755103968871086 0.5849785906597103 0.7069322593517743
    outer loop
      vertex 25.862551100868817 -35.59674775249769 4.5
      vertex 23.84429237656533 -37.572592684839684 5
      vertex 26.156443727015056 -36.00125624968516 5
    endloop
  endfacet
  facet normal -0.4334976731448339 0.5588618327152197 0.7069322593517717
    outer loop
      vertex 28.046655548942358 -33.90258268213472 4.5
      vertex 26.156443727015056 -36.00125624968516 5
      vertex 28.365367543816703 -34.28783930352261 5
    endloop
  endfacet
  facet normal -0.4677334893312989 0.5305395024366865 0.7069322593517717
    outer loop
      vertex 28.046655548942358 -33.90258268213472 4.5
      vertex 28.365367543816703 -34.28783930352261 5
      vertex 30.120072660862295 -32.074619606542115 4.5
    endloop
  endfacet
  facet normal -0.5001233751224775 0.5001233751224775 0.7069322593517737
    outer loop
      vertex 30.120072660862295 -32.074619606542115 4.5
      vertex 30.46234621382664 -32.43910392025282 5
      vertex 32.074619606542115 -30.120072660862295 4.5
    endloop
  endfacet
  facet normal -0.5305395024366851 0.46773348933129766 0.7069322593517736
    outer loop
      vertex 32.074619606542115 -30.120072660862295 4.5
      vertex 32.43910392025282 -30.46234621382664 5
      vertex 33.90258268213472 -28.046655548942358 4.5
    endloop
  endfacet
  facet normal -0.46773348933129716 0.5305395024366856 0.7069322593517736
    outer loop
      vertex 30.120072660862295 -32.074619606542115 4.5
      vertex 28.365367543816703 -34.28783930352261 5
      vertex 30.46234621382664 -32.43910392025282 5
    endloop
  endfacet
  facet normal -0.5001233751224775 0.5001233751224775 0.7069322593517737
    outer loop
      vertex 32.074619606542115 -30.120072660862295 4.5
      vertex 30.46234621382664 -32.43910392025282 5
      vertex 32.43910392025282 -30.46234621382664 5
    endloop
  endfacet
  facet normal -0.530539502436687 0.46773348933129844 0.7069322593517718
    outer loop
      vertex 33.90258268213472 -28.046655548942358 4.5
      vertex 32.43910392025282 -30.46234621382664 5
      vertex 34.28783930352261 -28.365367543816703 5
    endloop
  endfacet
  facet normal -0.5588618327152204 0.4334976731448332 0.7069322593517717
    outer loop
      vertex 33.90258268213472 -28.046655548942358 4.5
      vertex 34.28783930352261 -28.365367543816703 5
      vertex 35.59674775249769 -25.862551100868817 4.5
    endloop
  endfacet
  facet normal -0.5849785906597103 0.39755103968871086 0.7069322593517743
    outer loop
      vertex 35.59674775249769 -25.862551100868817 4.5
      vertex 36.00125624968516 -26.156443727015056 5
      vertex 37.15042872208868 -23.576378979075834 4.5
    endloop
  endfacet
  facet normal -0.5588618327152175 0.43349767314483223 0.7069322593517744
    outer loop
      vertex 35.59674775249769 -25.862551100868817 4.5
      vertex 34.28783930352261 -28.365367543816703 5
      vertex 36.00125624968516 -26.156443727015056 5
    endloop
  endfacet
  facet normal -0.5849785906597101 0.3975510396887108 0.7069322593517743
    outer loop
      vertex 37.15042872208868 -23.576378979075834 4.5
      vertex 36.00125624968516 -26.156443727015056 5
      vertex 37.572592684839684 -23.84429237656533 5
    endloop
  endfacet
  facet normal -0.6087867053581651 0.36003545390273217 0.7069322593517742
    outer loop
      vertex 37.15042872208868 -23.576378979075834 4.5
      vertex 37.572592684839684 -23.84429237656533 5
      vertex 38.55749392192999 -21.197161660475476 4.5
    endloop
  endfacet
  facet normal -0.6301922170587573 0.32109897266475423 0.7069322593517766
    outer loop
      vertex 38.55749392192999 -21.197161660475476 4.5
      vertex 38.99564726195192 -21.438038497526335 5
      vertex 39.81239030850486 -18.734288828863185 4.5
    endloop
  endfacet
  facet normal -0.6087867053581627 0.36003545390273173 0.7069322593517766
    outer loop
      vertex 38.55749392192999 -21.197161660475476 4.5
      vertex 37.572592684839684 -23.84429237656533 5
      vertex 38.99564726195192 -21.438038497526335 5
    endloop
  endfacet
  facet normal -0.6301922170587587 0.3210989726647544 0.7069322593517754
    outer loop
      vertex 39.81239030850486 -18.734288828863185 4.5
      vertex 38.99564726195192 -21.438038497526335 5
      vertex 40.26480383473787 -18.947178474645725 5
    endloop
  endfacet
  facet normal -0.6491106479860603 0.2808952604778357 0.7069322593517752
    outer loop
      vertex 39.81239030850486 -18.734288828863185 4.5
      vertex 40.26480383473787 -18.947178474645725 5
      vertex 40.910165379083054 -16.197480318125848 4.5
    endloop
  endfacet
  facet normal -0.6654673357362085 0.23958298302664582 0.7069322593517756
    outer loop
      vertex 40.910165379083054 -16.197480318125848 4.5
      vertex 41.37505362202718 -16.381542594468186 5
      vertex 41.84648671698675 -13.596747752497686 4.5
    endloop
  endfacet
  facet normal -0.6791977279353125 0.19732518099650692 0.7069322593517748
    outer loop
      vertex 41.84648671698675 -13.596747752497686 4.5
      vertex 42.32201497513433 -13.75125624968516 5
      vertex 42.617659089659774 -10.942355035253595 4.5
    endloop
  endfacet
  facet normal -0.6491106479860601 0.28089526047783575 0.7069322593517756
    outer loop
      vertex 40.910165379083054 -16.197480318125848 4.5
      vertex 40.26480383473787 -18.947178474645725 5
      vertex 41.37505362202718 -16.381542594468186 5
    endloop
  endfacet
  facet normal -0.6654673357362095 0.23958298302664582 0.7069322593517748
    outer loop
      vertex 41.84648671698675 -13.596747752497686 4.5
      vertex 41.37505362202718 -16.381542594468186 5
      vertex 42.32201497513433 -13.75125624968516 5
    endloop
  endfacet
  facet normal -0.6791977279353164 0.1973251809965067 0.7069322593517712
    outer loop
      vertex 42.617659089659774 -10.942355035253595 4.5
      vertex 42.32201497513433 -13.75125624968516 5
      vertex 43.101950670224085 -11.066699978836022 5
    endloop
  endfacet
  facet normal -0.6902476369981856 0.15428862662627246 0.7069322593517712
    outer loop
      vertex 42.617659089659774 -10.942355035253595 4.5
      vertex 43.101950670224085 -11.066699978836022 5
      vertex 43.2206390320623 -8.244777841771892 4.5
    endloop
  endfacet
  facet normal -0.6985734539819685 0.11064316553451212 0.706932259351775
    outer loop
      vertex 43.2206390320623 -8.244777841771892 4.5
      vertex 43.711782657426646 -8.338468499064755 5
      vertex 43.653046857837026 -5.5146622768293785 4.5
    endloop
  endfacet
  facet normal -0.6902476369981816 0.15428862662627296 0.706932259351775
    outer loop
      vertex 43.2206390320623 -8.244777841771892 4.5
      vertex 43.101950670224085 -11.066699978836022 5
      vertex 43.711782657426646 -8.338468499064755 5
    endloop
  endfacet
  facet normal -0.6985734539819687 0.1106431655345121 0.7069322593517747
    outer loop
      vertex 43.653046857837026 -5.5146622768293785 4.5
      vertex 43.711782657426646 -8.338468499064755 5
      vertex 44.149104208494265 -5.577328893611531 5
    endloop
  endfacet
  facet normal -0.7041423206907416 0.06656104641644317 0.7069322593517747
    outer loop
      vertex 43.653046857837026 -5.5146622768293785 4.5
      vertex 44.149104208494265 -5.577328893611531 5
      vertex 43.91317605084395 -2.7627828592898056 4.5
    endloop
  endfacet
  facet normal -0.7069322593517748 0.022216241257015403 0.7069322593517748
    outer loop
      vertex 43.91317605084395 -2.7627828592898056 4.5
      vertex 44.5 0 5
      vertex 44 0 4.5
    endloop
  endfacet
  facet normal -0.7041423206907415 0.0665610464164432 0.7069322593517748
    outer loop
      vertex 43.91317605084395 -2.7627828592898056 4.5
      vertex 44.149104208494265 -5.577328893611531 5
      vertex 44.41218941505809 -2.7941781190544623 5
    endloop
  endfacet
  facet normal -0.7069322593517748 0.022216241257015382 0.706932259351775
    outer loop
      vertex 43.91317605084395 -2.7627828592898056 4.5
      vertex 44.41218941505809 -2.7941781190544623 5
      vertex 44.5 0 5
    endloop
  endfacet
  facet normal -0.022216241257015573 -0.7069322593517748 0.7069322593517748
    outer loop
      vertex 0 44 4.5
      vertex 2.7627828592897843 43.91317605084395 4.5
      vertex 0 44.5 5
    endloop
  endfacet
  facet normal -0.06656104641644242 -0.7041423206907416 0.706932259351775
    outer loop
      vertex 2.7627828592897843 43.91317605084395 4.5
      vertex 5.514662276829388 43.653046857837026 4.5
      vertex 2.794178119054441 44.41218941505809 5
    endloop
  endfacet
  facet normal -0.022216241257015552 -0.7069322593517747 0.7069322593517748
    outer loop
      vertex 2.7627828592897843 43.91317605084395 4.5
      vertex 2.794178119054441 44.41218941505809 5
      vertex 0 44.5 5
    endloop
  endfacet
  facet normal -0.06656104641644248 -0.7041423206907417 0.7069322593517748
    outer loop
      vertex 5.514662276829388 43.653046857837026 4.5
      vertex 5.577328893611541 44.149104208494265 5
      vertex 2.794178119054441 44.41218941505809 5
    endloop
  endfacet
  facet normal -0.11064316553451295 -0.6985734539819685 0.7069322593517747
    outer loop
      vertex 5.514662276829388 43.653046857837026 4.5
      vertex 8.244777841771882 43.2206390320623 4.5
      vertex 5.577328893611541 44.149104208494265 5
    endloop
  endfacet
  facet normal -0.1542886266262718 -0.6902476369981818 0.706932259351775
    outer loop
      vertex 8.244777841771882 43.2206390320623 4.5
      vertex 10.942355035253613 42.61765908965977 4.5
      vertex 8.338468499064744 43.711782657426646 5
    endloop
  endfacet
  facet normal -0.11064316553451287 -0.6985734539819682 0.7069322593517748
    outer loop
      vertex 8.244777841771882 43.2206390320623 4.5
      vertex 8.338468499064744 43.711782657426646 5
      vertex 5.577328893611541 44.149104208494265 5
    endloop
  endfacet
  facet normal -0.15428862662627102 -0.6902476369981806 0.7069322593517763
    outer loop
      vertex 10.942355035253613 42.61765908965977 4.5
      vertex 11.066699978836041 43.101950670224085 5
      vertex 8.338468499064744 43.711782657426646 5
    endloop
  endfacet
  facet normal -0.19732518099650606 -0.6791977279353113 0.7069322593517763
    outer loop
      vertex 10.942355035253613 42.61765908965977 4.5
      vertex 13.596747752497686 41.84648671698675 4.5
      vertex 11.066699978836041 43.101950670224085 5
    endloop
  endfacet
  facet normal -0.23958298302664627 -0.6654673357362094 0.7069322593517747
    outer loop
      vertex 13.596747752497686 41.84648671698675 4.5
      vertex 16.197480318125827 40.91016537908306 4.5
      vertex 13.75125624968516 42.32201497513433 5
    endloop
  endfacet
  facet normal -0.28089526047783375 -0.6491106479860608 0.7069322593517756
    outer loop
      vertex 16.197480318125827 40.91016537908306 4.5
      vertex 18.7342888288632 39.81239030850486 4.5
      vertex 16.381542594468165 41.37505362202719 5
    endloop
  endfacet
  facet normal -0.197325180996507 -0.6791977279353125 0.7069322593517747
    outer loop
      vertex 13.596747752497686 41.84648671698675 4.5
      vertex 13.75125624968516 42.32201497513433 5
      vertex 11.066699978836041 43.101950670224085 5
    endloop
  endfacet
  facet normal -0.23958298302664563 -0.6654673357362085 0.7069322593517756
    outer loop
      vertex 16.197480318125827 40.91016537908306 4.5
      vertex 16.381542594468165 41.37505362202719 5
      vertex 13.75125624968516 42.32201497513433 5
    endloop
  endfacet
  facet normal -0.32109897266475607 -0.630192217058759 0.7069322593517742
    outer loop
      vertex 21.19716166047547 38.557493921929996 4.5
      vertex 18.947178474645735 40.26480383473787 5
      vertex 18.7342888288632 39.81239030850486 4.5
    endloop
  endfacet
  facet normal -0.36003545390273217 -0.6087867053581624 0.7069322593517766
    outer loop
      vertex 21.19716166047547 38.557493921929996 4.5
      vertex 23.57637897907585 37.15042872208866 4.5
      vertex 21.43803849752633 38.99564726195193 5
    endloop
  endfacet
  facet normal -0.32109897266475423 -0.6301922170587573 0.7069322593517766
    outer loop
      vertex 21.19716166047547 38.557493921929996 4.5
      vertex 21.43803849752633 38.99564726195193 5
      vertex 18.947178474645735 40.26480383473787 5
    endloop
  endfacet
  facet normal -0.36003545390273306 -0.608786705358163 0.7069322593517756
    outer loop
      vertex 23.57637897907585 37.15042872208866 4.5
      vertex 23.844292376565352 37.57259268483967 5
      vertex 21.43803849752633 38.99564726195193 5
    endloop
  endfacet
  facet normal -0.28089526047783486 -0.649110647986062 0.7069322593517742
    outer loop
      vertex 18.7342888288632 39.81239030850486 4.5
      vertex 18.947178474645735 40.26480383473787 5
      vertex 16.381542594468165 41.37505362202719 5
    endloop
  endfacet
  facet normal -0.7069322593517748 -0.022216241257015542 0.7069322593517748
    outer loop
      vertex 44 0 4.5
      vertex 44.5 0 5
      vertex 43.91317605084395 2.7627828592897883 4.5
    endloop
  endfacet
  facet normal -0.7041423206907416 -0.06656104641644255 0.7069322593517747
    outer loop
      vertex 43.91317605084395 2.7627828592897883 4.5
      vertex 44.149104208494265 5.57732889361154 5
      vertex 43.653046857837026 5.514662276829387 4.5
    endloop
  endfacet
  facet normal -0.7069322593517747 -0.022216241257015518 0.7069322593517748
    outer loop
      vertex 43.91317605084395 2.7627828592897883 4.5
      vertex 44.5 0 5
      vertex 44.41218941505809 2.794178119054445 5
    endloop
  endfacet
  facet normal -0.7041423206907415 -0.06656104641644259 0.706932259351775
    outer loop
      vertex 43.91317605084395 2.7627828592897883 4.5
      vertex 44.41218941505809 2.794178119054445 5
      vertex 44.149104208494265 5.57732889361154 5
    endloop
  endfacet
  facet normal -0.6902476369981807 -0.15428862662627177 0.7069322593517761
    outer loop
      vertex 43.2206390320623 8.244777841771883 4.5
      vertex 43.101950670224085 11.066699978836038 5
      vertex 42.61765908965977 10.94235503525361 4.5
    endloop
  endfacet
  facet normal -0.6985734539819684 -0.11064316553451281 0.7069322593517748
    outer loop
      vertex 43.653046857837026 5.514662276829387 4.5
      vertex 43.711782657426646 8.338468499064746 5
      vertex 43.2206390320623 8.244777841771883 4.5
    endloop
  endfacet
  facet normal -0.6985734539819685 -0.11064316553451278 0.7069322593517747
    outer loop
      vertex 43.653046857837026 5.514662276829387 4.5
      vertex 44.149104208494265 5.57732889361154 5
      vertex 43.711782657426646 8.338468499064746 5
    endloop
  endfacet
  facet normal -0.6902476369981818 -0.1542886266262716 0.7069322593517748
    outer loop
      vertex 43.2206390320623 8.244777841771883 4.5
      vertex 43.711782657426646 8.338468499064746 5
      vertex 43.101950670224085 11.066699978836038 5
    endloop
  endfacet
  facet normal -0.6087867053581629 -0.36003545390273306 0.7069322593517756
    outer loop
      vertex 38.557493921929996 21.197161660475473 4.5
      vertex 37.57259268483967 23.844292376565352 5
      vertex 37.15042872208866 23.57637897907585 4.5
    endloop
  endfacet
  facet normal -0.6301922170587573 -0.32109897266475423 0.7069322593517765
    outer loop
      vertex 38.557493921929996 21.197161660475473 4.5
      vertex 39.81239030850486 18.734288828863196 4.5
      vertex 38.99564726195193 21.438038497526332 5
    endloop
  endfacet
  facet normal -0.6301922170587598 -0.32109897266475457 0.7069322593517742
    outer loop
      vertex 39.81239030850486 18.734288828863196 4.5
      vertex 40.26480383473787 18.94717847464573 5
      vertex 38.99564726195193 21.438038497526332 5
    endloop
  endfacet
  facet normal -0.6087867053581619 -0.36003545390273295 0.7069322593517766
    outer loop
      vertex 38.557493921929996 21.197161660475473 4.5
      vertex 38.99564726195193 21.438038497526332 5
      vertex 37.57259268483967 23.844292376565352 5
    endloop
  endfacet
  facet normal -0.6791977279353127 -0.19732518099650637 0.7069322593517747
    outer loop
      vertex 42.61765908965977 10.94235503525361 4.5
      vertex 42.32201497513433 13.75125624968516 5
      vertex 41.84648671698675 13.596747752497686 4.5
    endloop
  endfacet
  facet normal -0.6654673357362086 -0.23958298302664566 0.7069322593517756
    outer loop
      vertex 40.91016537908306 16.19748031812583 4.5
      vertex 41.84648671698675 13.596747752497686 4.5
      vertex 41.37505362202719 16.38154259446817 5
    endloop
  endfacet
  facet normal -0.6791977279353114 -0.19732518099650642 0.706932259351776
    outer loop
      vertex 42.61765908965977 10.94235503525361 4.5
      vertex 43.101950670224085 11.066699978836038 5
      vertex 42.32201497513433 13.75125624968516 5
    endloop
  endfacet
  facet normal -0.6491106479860603 -0.2808952604778349 0.7069322593517756
    outer loop
      vertex 40.91016537908306 16.19748031812583 4.5
      vertex 41.37505362202719 16.38154259446817 5
      vertex 40.26480383473787 18.94717847464573 5
    endloop
  endfacet
  facet normal -0.6654673357362095 -0.23958298302664566 0.7069322593517748
    outer loop
      vertex 41.84648671698675 13.596747752497686 4.5
      vertex 42.32201497513433 13.75125624968516 5
      vertex 41.37505362202719 16.38154259446817 5
    endloop
  endfacet
  facet normal -0.6491106479860619 -0.28089526047783503 0.7069322593517742
    outer loop
      vertex 40.91016537908306 16.19748031812583 4.5
      vertex 40.26480383473787 18.94717847464573 5
      vertex 39.81239030850486 18.734288828863196 4.5
    endloop
  endfacet
  facet normal -0.5001233751224775 -0.5001233751224775 0.7069322593517736
    outer loop
      vertex 30.120072660862306 32.07461960654211 4.5
      vertex 32.07461960654211 30.120072660862306 4.5
      vertex 30.46234621382665 32.43910392025281 5
    endloop
  endfacet
  facet normal -0.46773348933129477 -0.5305395024366852 0.7069322593517756
    outer loop
      vertex 30.120072660862306 32.07461960654211 4.5
      vertex 28.365367543816692 34.28783930352262 5
      vertex 28.046655548942347 33.90258268213472 4.5
    endloop
  endfacet
  facet normal -0.5305395024366867 -0.467733489331296 0.7069322593517737
    outer loop
      vertex 32.07461960654211 30.120072660862306 4.5
      vertex 33.90258268213472 28.046655548942347 4.5
      vertex 32.43910392025281 30.46234621382665 5
    endloop
  endfacet
  facet normal -0.4677334893312965 -0.5305395024366861 0.7069322593517736
    outer loop
      vertex 30.120072660862306 32.07461960654211 4.5
      vertex 30.46234621382665 32.43910392025281 5
      vertex 28.365367543816692 34.28783930352262 5
    endloop
  endfacet
  facet normal -0.5001233751224775 -0.5001233751224775 0.7069322593517737
    outer loop
      vertex 32.07461960654211 30.120072660862306 4.5
      vertex 32.43910392025281 30.46234621382665 5
      vertex 30.46234621382665 32.43910392025281 5
    endloop
  endfacet
  facet normal -0.5305395024366848 -0.46773348933129527 0.7069322593517756
    outer loop
      vertex 33.90258268213472 28.046655548942347 4.5
      vertex 34.28783930352262 28.365367543816692 5
      vertex 32.43910392025281 30.46234621382665 5
    endloop
  endfacet
  facet normal -0.3975510396887097 -0.5849785906597094 0.7069322593517757
    outer loop
      vertex 23.57637897907585 37.15042872208866 4.5
      vertex 25.862551100868817 35.59674775249769 4.5
      vertex 23.844292376565352 37.57259268483967 5
    endloop
  endfacet
  facet normal -0.4334976731448328 -0.5588618327152172 0.7069322593517744
    outer loop
      vertex 25.862551100868817 35.59674775249769 4.5
      vertex 28.046655548942347 33.90258268213472 4.5
      vertex 26.156443727015056 36.00125624968516 5
    endloop
  endfacet
  facet normal -0.3975510396887109 -0.5849785906597103 0.7069322593517743
    outer loop
      vertex 25.862551100868817 35.59674775249769 4.5
      vertex 26.156443727015056 36.00125624968516 5
      vertex 23.844292376565352 37.57259268483967 5
    endloop
  endfacet
  facet normal -0.4334976731448316 -0.5588618327152164 0.7069322593517756
    outer loop
      vertex 28.046655548942347 33.90258268213472 4.5
      vertex 28.365367543816692 34.28783930352262 5
      vertex 26.156443727015056 36.00125624968516 5
    endloop
  endfacet
  facet normal -0.5849785906597105 -0.3975510396887105 0.7069322593517743
    outer loop
      vertex 35.59674775249769 25.862551100868817 4.5
      vertex 37.15042872208866 23.57637897907585 4.5
      vertex 36.00125624968516 26.156443727015056 5
    endloop
  endfacet
  facet normal -0.5588618327152162 -0.43349767314483206 0.7069322593517755
    outer loop
      vertex 35.59674775249769 25.862551100868817 4.5
      vertex 34.28783930352262 28.365367543816692 5
      vertex 33.90258268213472 28.046655548942347 4.5
    endloop
  endfacet
  facet normal -0.584978590659709 -0.39755103968871014 0.7069322593517757
    outer loop
      vertex 37.15042872208866 23.57637897907585 4.5
      vertex 37.57259268483967 23.844292376565352 5
      vertex 36.00125624968516 26.156443727015056 5
    endloop
  endfacet
  facet normal -0.5588618327152174 -0.43349767314483245 0.7069322593517744
    outer loop
      vertex 35.59674775249769 25.862551100868817 4.5
      vertex 36.00125624968516 26.156443727015056 5
      vertex 34.28783930352262 28.365367543816692 5
    endloop
  endfacet
endsolid OpenSCAD_Model
