solid OpenSCAD_Model
  facet normal -0.38268343236509006 -0.9238795325112866 0
    outer loop
      vertex 1.0085551386261895 0.2827671271974783 -8.261052384440102
      vertex 1.4867903754148588 0.08467560611490277 -8.261052384440102
      vertex 1.4867903754148588 0.08467560611490277 -1.7389476155598969
    endloop
  endfacet
  facet normal -0.7933533402912354 -0.6087614290087204 0
    outer loop
      vertex 0.5978852307000442 0.5978852307000442 -8.261052384440102
      vertex 0.5978852307000442 0.5978852307000442 -1.7389476155598969
      vertex 0.2827671271974783 1.0085551386261895 -8.261052384440102
    endloop
  endfacet
  facet normal -0.38268343236509006 -0.9238795325112866 0
    outer loop
      vertex 1.0085551386261895 0.2827671271974783 -8.261052384440102
      vertex 1.4867903754148588 0.08467560611490277 -1.7389476155598969
      vertex 1.0085551386261895 0.2827671271974783 -1.7389476155598969
    endloop
  endfacet
  facet normal -0.1305261922200514 -0.9914448613738105 0
    outer loop
      vertex 1.4867903754148588 0.08467560611490277 -1.7389476155598969
      vertex 1.4867903754148588 0.08467560611490277 -8.261052384440102
      vertex 2 0.017110277252379236 -1.7389476155598969
    endloop
  endfacet
  facet normal -0.9238795325112866 -0.38268343236509006 0
    outer loop
      vertex 0.2827671271974783 1.0085551386261895 -8.261052384440102
      vertex 0.2827671271974783 1.0085551386261895 -1.7389476155598969
      vertex 0.08467560611490277 1.4867903754148588 -8.261052384440102
    endloop
  endfacet
  facet normal -0.7933533402912354 -0.6087614290087204 0
    outer loop
      vertex 0.2827671271974783 1.0085551386261895 -1.7389476155598969
      vertex 0.2827671271974783 1.0085551386261895 -8.261052384440102
      vertex 0.5978852307000442 0.5978852307000442 -1.7389476155598969
    endloop
  endfacet
  facet normal -0.9238795325112866 -0.38268343236509006 0
    outer loop
      vertex 0.08467560611490277 1.4867903754148588 -1.7389476155598969
      vertex 0.08467560611490277 1.4867903754148588 -8.261052384440102
      vertex 0.2827671271974783 1.0085551386261895 -1.7389476155598969
    endloop
  endfacet
  facet normal 0 -1 0
    outer loop
      vertex 8 0.017110277252379236 -8.261052384440102
      vertex 2 0.017110277252379236 -1.7389476155598969
      vertex 2 0.017110277252379236 -8.261052384440102
    endloop
  endfacet
  facet normal -0.36985492273640574 -0.8929087705806831 0.25675136523052833
    outer loop
      vertex 1.0085551386261895 0.2827671271974783 -1.7389476155598969
      vertex 1.4867903754148588 0.08467560611490277 -1.7389476155598969
      vertex 1.0761204674887133 0.3997937096174691 -1.2346331352698203
    endloop
  endfacet
  facet normal -0.3698549227364057 -0.8929087705806833 0.25675136523052844
    outer loop
      vertex 1.0761204674887133 0.3997937096174691 -1.2346331352698203
      vertex 1.4867903754148588 0.08467560611490277 -1.7389476155598969
      vertex 1.5217647632113311 0.21520179833495434 -1.2346331352698203
    endloop
  endfacet
  facet normal -0.7667581440947998 -0.5883542172166 0.2567513652305284
    outer loop
      vertex 0.5978852307000442 0.5978852307000442 -1.7389476155598969
      vertex 0.6934370351236234 0.6934370351236234 -1.2346331352698203
      vertex 0.2827671271974783 1.0085551386261895 -1.7389476155598969
    endloop
  endfacet
  facet normal -0.5883542172166 -0.7667581440947998 0.25675136523052844
    outer loop
      vertex 0.6934370351236234 0.6934370351236234 -1.2346331352698203
      vertex 1.0085551386261895 0.2827671271974783 -1.7389476155598969
      vertex 1.0761204674887133 0.3997937096174691 -1.2346331352698203
    endloop
  endfacet
  facet normal -0.5283292118363951 -0.6885320340783869 0.4967815233764363
    outer loop
      vertex 0.8780289464061379 0.8780289464061379 -0.7824771419825587
      vertex 0.6934370351236234 0.6934370351236234 -1.2346331352698203
      vertex 1.2066466597087648 0.6258717062610999 -0.7824771419825587
    endloop
  endfacet
  facet normal -0.12615062648588357 -0.9582091399530057 0.2567513652305284
    outer loop
      vertex 1.5217647632113311 0.21520179833495434 -1.2346331352698203
      vertex 2 0.017110277252379236 -1.7389476155598969
      vertex 2 0.15224093497742652 -1.2346331352698203
    endloop
  endfacet
  facet normal -0.11328050197253516 -0.8604508387494533 0.4967815233764364
    outer loop
      vertex 1.5217647632113311 0.21520179833495434 -1.2346331352698203
      vertex 2 0.41329331941752967 -0.7824771419825587
      vertex 1.5893300920738547 0.4673590384799926 -0.7824771419825587
    endloop
  endfacet
  facet normal -0.0926915987235714 -0.7040625922196366 0.7040625922196365
    outer loop
      vertex 1.5893300920738547 0.4673590384799926 -0.7824771419825587
      vertex 2 0.41329331941752967 -0.7824771419825587
      vertex 1.684881896497434 0.823963227343675 -0.41329331941752967
    endloop
  endfacet
  facet normal -0.6885320340783869 -0.5283292118363951 0.4967815233764363
    outer loop
      vertex 0.8780289464061379 0.8780289464061379 -0.7824771419825587
      vertex 0.6258717062610999 1.2066466597087648 -0.7824771419825587
      vertex 0.6934370351236234 0.6934370351236234 -1.2346331352698203
    endloop
  endfacet
  facet normal -0.5633902913547438 -0.43230457532182415 0.7040625922196365
    outer loop
      vertex 0.6258717062610999 1.2066466597087648 -0.7824771419825587
      vertex 0.8780289464061379 0.8780289464061379 -0.7824771419825587
      vertex 1.139081330846241 1.139081330846241 -0.41329331941752967
    endloop
  endfacet
  facet normal -0.8929087705806831 -0.36985492273640574 0.25675136523052833
    outer loop
      vertex 0.2827671271974783 1.0085551386261895 -1.7389476155598969
      vertex 0.3997937096174691 1.0761204674887133 -1.2346331352698203
      vertex 0.08467560611490277 1.4867903754148588 -1.7389476155598969
    endloop
  endfacet
  facet normal -0.8929087705806833 -0.3698549227364057 0.25675136523052844
    outer loop
      vertex 0.3997937096174691 1.0761204674887133 -1.2346331352698203
      vertex 0.21520179833495434 1.5217647632113311 -1.2346331352698203
      vertex 0.08467560611490277 1.4867903754148588 -1.7389476155598969
    endloop
  endfacet
  facet normal -0.801812536050922 -0.33212162691305824 0.4967815233764363
    outer loop
      vertex 0.21520179833495434 1.5217647632113311 -1.2346331352698203
      vertex 0.3997937096174691 1.0761204674887133 -1.2346331352698203
      vertex 0.6258717062610999 1.2066466597087648 -0.7824771419825587
    endloop
  endfacet
  facet normal -0.8018125360509217 -0.3321216269130581 0.49678152337643633
    outer loop
      vertex 0.6258717062610999 1.2066466597087648 -0.7824771419825587
      vertex 0.4673590384799926 1.5893300920738547 -0.7824771419825587
      vertex 0.21520179833495434 1.5217647632113311 -1.2346331352698203
    endloop
  endfacet
  facet normal -0.6560818900783149 -0.27175801689781226 0.7040625922196364
    outer loop
      vertex 0.4673590384799926 1.5893300920738547 -0.7824771419825587
      vertex 0.6258717062610999 1.2066466597087648 -0.7824771419825587
      vertex 0.823963227343675 1.684881896497434 -0.41329331941752967
    endloop
  endfacet
  facet normal -0.306344211825635 -0.3992355496742077 0.8641551942546336
    outer loop
      vertex 1.6173165676349102 1.3371728519288164 -0.15224093497742652
      vertex 1.458803899853803 1.458803899853803 -0.15224093497742652
      vertex 1.139081330846241 1.139081330846241 -0.41329331941752967
    endloop
  endfacet
  facet normal -0.39923554967420843 -0.30634421182563465 0.8641551942546335
    outer loop
      vertex 1.139081330846241 1.139081330846241 -0.41329331941752967
      vertex 1.3371728519288164 1.6173165676349102 -0.15224093497742652
      vertex 0.9455942752686617 1.3912385709912793 -0.41329331941752967
    endloop
  endfacet
  facet normal -0.4649196445804251 -0.19257602219889122 0.8641551942546334
    outer loop
      vertex 0.9455942752686617 1.3912385709912793 -0.41329331941752967
      vertex 1.3371728519288164 1.6173165676349102 -0.15224093497742652
      vertex 0.823963227343675 1.684881896497434 -0.41329331941752967
    endloop
  endfacet
  facet normal -0.06568409490621684 -0.498920234024526 0.8641551942546335
    outer loop
      vertex 2 0.7824771419825587 -0.41329331941752967
      vertex 2 1.2346331352698203 -0.15224093497742652
      vertex 1.684881896497434 0.823963227343675 -0.41329331941752967
    endloop
  endfacet
  facet normal -0.19257602219889108 -0.46491964458042506 0.8641551942546336
    outer loop
      vertex 1.6173165676349102 1.3371728519288164 -0.15224093497742652
      vertex 1.684881896497434 0.823963227343675 -0.41329331941752967
      vertex 1.8019084789174247 1.2607123787712278 -0.15224093497742652
    endloop
  endfacet
  facet normal -0.06568409490621717 -0.4989202340245258 0.8641551942546335
    outer loop
      vertex 1.8019084789174247 1.2607123787712278 -0.15224093497742652
      vertex 1.684881896497434 0.823963227343675 -0.41329331941752967
      vertex 2 1.2346331352698203 -0.15224093497742652
    endloop
  endfacet
  facet normal -0.09984247829829845 -0.24104106520869362 0.9653655703464423
    outer loop
      vertex 1.8019084789174247 1.2607123787712278 -0.15224093497742652
      vertex 1.8694738077799484 1.7739220033563692 -0.017110277252379236
      vertex 1.6173165676349102 1.3371728519288164 -0.15224093497742652
    endloop
  endfacet
  facet normal -0.15882644667684104 -0.2069866551874697 0.9653655703464423
    outer loop
      vertex 1.6173165676349102 1.3371728519288164 -0.15224093497742652
      vertex 1.8154080887174855 1.8154080887174855 -0.017110277252379236
      vertex 1.458803899853803 1.458803899853803 -0.15224093497742652
    endloop
  endfacet
  facet normal -0.03405441002122396 -0.25866892497513927 0.9653655703464424
    outer loop
      vertex 2 1.2346331352698203 -0.15224093497742652
      vertex 2 1.7389476155598969 -0.017110277252379236
      vertex 1.8019084789174247 1.2607123787712278 -0.15224093497742652
    endloop
  endfacet
  facet normal 1.9381589442737234e-18 -0.9659258262890683 0.25881904510252063
    outer loop
      vertex 2 0.15224093497742652 -1.2346331352698203
      vertex 2 0.017110277252379236 -1.7389476155598969
      vertex 8 0.13789077663494362 -1.288188655300625
    endloop
  endfacet
  facet normal 4.43007758691137e-18 -0.8660254037844386 0.5
    outer loop
      vertex 2 0.15224093497742652 -1.2346331352698203
      vertex 8 0.38557094230884614 -0.830493707641383
      vertex 2 0.41329331941752967 -0.7824771419825587
    endloop
  endfacet
  facet normal 0 -0.8660254037844387 0.5000000000000001
    outer loop
      vertex 2 0.15224093497742652 -1.2346331352698203
      vertex 8 0.15224093497742652 -1.2346331352698203
      vertex 8 0.38557094230884614 -0.830493707641383
    endloop
  endfacet
  facet normal 0 -0.7071067811865475 0.7071067811865475
    outer loop
      vertex 2 0.41329331941752967 -0.7824771419825587
      vertex 8 0.41329331941752967 -0.7824771419825587
      vertex 8 0.45249868110585134 -0.743271780294237
    endloop
  endfacet
  facet normal -0.9914448613738105 -0.1305261922200514 0
    outer loop
      vertex 0.017110277252379236 2 -8.261052384440102
      vertex 0.08467560611490277 1.4867903754148588 -8.261052384440102
      vertex 0.08467560611490277 1.4867903754148588 -1.7389476155598969
    endloop
  endfacet
  facet normal -0.9914448613738105 -0.1305261922200514 0
    outer loop
      vertex 0.017110277252379236 2 -8.261052384440102
      vertex 0.08467560611490277 1.4867903754148588 -1.7389476155598969
      vertex 0.017110277252379236 2 -1.7389476155598969
    endloop
  endfacet
  facet normal -0.9582091399530057 -0.12615062648588354 0.25675136523052844
    outer loop
      vertex 0.017110277252379236 2 -1.7389476155598969
      vertex 0.08467560611490277 1.4867903754148588 -1.7389476155598969
      vertex 0.21520179833495434 1.5217647632113311 -1.2346331352698203
    endloop
  endfacet
  facet normal -0.8604508387494533 -0.11328050197253497 0.4967815233764362
    outer loop
      vertex 0.21520179833495434 1.5217647632113311 -1.2346331352698203
      vertex 0.41329331941752967 2 -0.7824771419825587
      vertex 0.15224093497742652 2 -1.2346331352698203
    endloop
  endfacet
  facet normal -0.7040625922196365 -0.09269159872357152 0.7040625922196365
    outer loop
      vertex 0.823963227343675 1.684881896497434 -0.41329331941752967
      vertex 0.41329331941752967 2 -0.7824771419825587
      vertex 0.4673590384799926 1.5893300920738547 -0.7824771419825587
    endloop
  endfacet
  facet normal -0.4989202340245261 -0.06568409490621685 0.8641551942546335
    outer loop
      vertex 0.823963227343675 1.684881896497434 -0.41329331941752967
      vertex 1.2346331352698203 2 -0.15224093497742652
      vertex 0.7824771419825587 2 -0.41329331941752967
    endloop
  endfacet
  facet normal -0.2069866551874697 -0.15882644667684104 0.9653655703464423
    outer loop
      vertex 1.3371728519288164 1.6173165676349102 -0.15224093497742652
      vertex 1.458803899853803 1.458803899853803 -0.15224093497742652
      vertex 1.8154080887174855 1.8154080887174855 -0.017110277252379236
    endloop
  endfacet
  facet normal -0.15882644667684095 -0.20698665518746973 0.9653655703464425
    outer loop
      vertex 1.6173165676349102 1.3371728519288164 -0.15224093497742652
      vertex 1.8694738077799484 1.7739220033563692 -0.017110277252379236
      vertex 1.8154080887174855 1.8154080887174855 -0.017110277252379236
    endloop
  endfacet
  facet normal 0 0 1
    outer loop
      vertex 1.9998925695963876 1.7731541062538394 -0.017110277252379236
      vertex 1.9324346711374765 1.747842759854962 -0.017110277252379236
      vertex 2 1.7389476155598969 -0.017110277252379236
    endloop
  endfacet
  facet normal 0 0 1
    outer loop
      vertex 1.8696547740213543 1.8356561552653028 -0.017110277252379236
      vertex 1.8154080887174855 1.8154080887174855 -0.017110277252379236
      vertex 1.8694738077799484 1.7739220033563692 -0.017110277252379236
    endloop
  endfacet
  facet normal 0 0 1
    outer loop
      vertex 1.8154080887174855 1.8154080887174855 -0.017110277252379236
      vertex 1.8157882730419466 1.8850496678035698 -0.017110277252379236
      vertex 1.7739220033563692 1.8694738077799484 -0.017110277252379236
    endloop
  endfacet
  facet normal 0 0 1
    outer loop
      vertex 1.9324346711374765 1.747842759854962 -0.017110277252379236
      vertex 1.9324346711374765 1.7974909717471663 -0.017110277252379236
      vertex 1.8694738077799484 1.7739220033563692 -0.017110277252379236
    endloop
  endfacet
  facet normal 0 0 1
    outer loop
      vertex 1.747842759854962 1.9324346711374765 -0.017110277252379236
      vertex 1.7484581869278617 2.0035143536897633 -0.017110277252379236
      vertex 1.7389476155598969 2 -0.017110277252379236
    endloop
  endfacet
  facet normal -0.8660254037844386 0 0.5
    outer loop
      vertex 0.41329331941752967 2 -0.7824771419825587
      vertex 0.2827671271974781 12.5 -1.0085551386261895
      vertex 0.15224093497742652 2 -1.2346331352698203
    endloop
  endfacet
  facet normal -0.25881904510252063 0 0.9659258262890683
    outer loop
      vertex 1.4867903754148586 12.5 -0.08467560611490288
      vertex 1.2346331352698203 2 -0.15224093497742652
      vertex 1.7389476155598969 2 -0.017110277252379236
    endloop
  endfacet
  facet normal 0 -0.7071067811865458 -0.7071067811865492
    outer loop
      vertex 9.402114769299956 0.5978852307000442 -9.402114769299956
      vertex 9.543757124589646 0.7824771419825587 -9.58670668058247
      vertex 50.956242875410354 0.7824771419825587 -9.58670668058247
    endloop
  endfacet
  facet normal 0 -0.5000000000000039 -0.8660254037844365
    outer loop
      vertex 9.717232872802521 1.0085551386261895 -9.717232872802523
      vertex 50.956242875410354 0.7824771419825587 -9.58670668058247
      vertex 9.543757124589646 0.7824771419825587 -9.58670668058247
    endloop
  endfacet
  facet normal 0 -0.4999999999999988 -0.8660254037844394
    outer loop
      vertex 9.717232872802521 1.0085551386261895 -9.717232872802523
      vertex 9.810877445166453 1.2346331352698203 -9.847759065022574
      vertex 50.689122554833546 1.2346331352698203 -9.847759065022574
    endloop
  endfacet
  facet normal -2.623177497479426e-18 -0.25881904510251846 -0.9659258262890689
    outer loop
      vertex 9.915324393885097 1.4867903754148588 -9.915324393885097
      vertex 50.551478475665064 1.7389476155598969 -9.98288972274762
      vertex 9.810877445166453 1.2346331352698203 -9.847759065022574
    endloop
  endfacet
  facet normal 0 -0.8660254037844392 -0.4999999999999992
    outer loop
      vertex 8.991444861373811 0.2827671271974783 -8.991444861373811
      vertex 51.823673242128756 0.15224093497742652 -8.76536686473018
      vertex 8.676326757871244 0.15224093497742652 -8.76536686473018
    endloop
  endfacet
  facet normal 0 -0.8660254037844382 -0.5000000000000009
    outer loop
      vertex 8.991444861373811 0.2827671271974783 -8.991444861373811
      vertex 9.161549906895331 0.41329331941752967 -9.21752285801744
      vertex 51.33845009310467 0.41329331941752967 -9.21752285801744
    endloop
  endfacet
  facet normal 4.968630094976006e-18 -0.9659258262890684 -0.25881904510252
    outer loop
      vertex 8 0.017110277252379236 -8.261052384440102
      vertex 8.51320962458514 0.08467560611490277 -8.51320962458514
      vertex 51.823673242128756 0.15224093497742652 -8.76536686473018
    endloop
  endfacet
  facet normal 0 -0.9659258262890682 -0.2588190451025208
    outer loop
      vertex 8.51320962458514 0.08467560611490277 -8.51320962458514
      vertex 8.676326757871244 0.15224093497742652 -8.76536686473018
      vertex 51.823673242128756 0.15224093497742652 -8.76536686473018
    endloop
  endfacet
  facet normal 3.023902518743247e-17 -0.7071067811865492 -0.7071067811865459
    outer loop
      vertex 9.402114769299956 0.5978852307000442 -9.402114769299956
      vertex 50.956242875410354 0.7824771419825587 -9.58670668058247
      vertex 9.161549906895331 0.41329331941752967 -9.21752285801744
    endloop
  endfacet
  facet normal 0 -0.2588190451025189 -0.9659258262890689
    outer loop
      vertex 9.915324393885097 1.4867903754148588 -9.915324393885097
      vertex 9.948521524334936 1.7389476155598969 -9.98288972274762
      vertex 50.551478475665064 1.7389476155598969 -9.98288972274762
    endloop
  endfacet
  facet normal 0 0 -1
    outer loop
      vertex 9.98288972274762 2 -9.98288972274762
      vertex 50.51711027725238 2 -9.98288972274762
      vertex 9.948521524334936 1.7389476155598969 -9.98288972274762
    endloop
  endfacet
  facet normal 0 -1 0
    outer loop
      vertex 52.5 0.017110277252379236 -8.261052384440102
      vertex 2 0.017110277252379236 -1.7389476155598969
      vertex 8 0.017110277252379236 -8.261052384440102
    endloop
  endfacet
  facet normal -2.9713324233297567e-19 -0.9659258262890682 0.2588190451025207
    outer loop
      vertex 52.5 0.15224093497742652 -1.2346331352698203
      vertex 8 0.13789077663494362 -1.288188655300625
      vertex 2 0.017110277252379236 -1.7389476155598969
    endloop
  endfacet
  facet normal 0 -0.7071067811865475 0.7071067811865475
    outer loop
      vertex 2 0.7824771419825587 -0.41329331941752967
      vertex 8 0.45249868110585134 -0.743271780294237
      vertex 52.5 0.7824771419825587 -0.41329331941752967
    endloop
  endfacet
  facet normal 0 -0.5 0.8660254037844386
    outer loop
      vertex 2 0.7824771419825587 -0.41329331941752967
      vertex 52.5 0.7824771419825587 -0.41329331941752967
      vertex 2 1.2346331352698203 -0.15224093497742652
    endloop
  endfacet
  facet normal 0 -0.25881904510252063 0.9659258262890683
    outer loop
      vertex 2 1.7389476155598969 -0.017110277252379236
      vertex 2 1.2346331352698203 -0.15224093497742652
      vertex 52.5 1.2346331352698203 -0.15224093497742652
    endloop
  endfacet
  facet normal 0 -0.9659258262890683 0.25881904510252046
    outer loop
      vertex 8 0.15224093497742652 -1.2346331352698203
      vertex 8 0.13789077663494362 -1.288188655300625
      vertex 52.5 0.15224093497742652 -1.2346331352698203
    endloop
  endfacet
  facet normal 0 -0.8660254037844387 0.5000000000000001
    outer loop
      vertex 8 0.15224093497742652 -1.2346331352698203
      vertex 52.5 0.15224093497742652 -1.2346331352698203
      vertex 8 0.38557094230884614 -0.830493707641383
    endloop
  endfacet
  facet normal 0 -0.7071067811865475 0.7071067811865475
    outer loop
      vertex 8 0.45249868110585134 -0.743271780294237
      vertex 8 0.41329331941752967 -0.7824771419825587
      vertex 52.5 0.743271780294237 -0.45249868110585134
    endloop
  endfacet
  facet normal 0 0 1
    outer loop
      vertex 8.261052384440102 4.091978747497597 -0.017110277252379236
      vertex 2 1.7389476155598969 -0.017110277252379236
      vertex 58.5 1.7389476155598969 -0.017110277252379236
    endloop
  endfacet
  facet normal -1 0 0
    outer loop
      vertex 0.017110277252379236 2 -8.261052384440102
      vertex 0.017110277252379236 2 -1.7389476155598969
      vertex 0.017110277252379236 23 -1.7389476155598969
    endloop
  endfacet
  facet normal -0.9659258262890683 0 0.25881904510252063
    outer loop
      vertex 0.017110277252379236 2 -1.7389476155598969
      vertex 0.15224093497742652 2 -1.2346331352698203
      vertex 0.017110277252379236 23 -1.7389476155598969
    endloop
  endfacet
  facet normal -0.7071067811865476 0 0.7071067811865476
    outer loop
      vertex 0.7824771419825587 2 -0.41329331941752967
      vertex 0.41329331941752967 23 -0.7824771419825587
      vertex 0.41329331941752967 2 -0.7824771419825587
    endloop
  endfacet
  facet normal -0.25881904510252063 0 0.9659258262890683
    outer loop
      vertex 1.4867903754148586 12.5 -0.08467560611490288
      vertex 1.7389476155598969 2 -0.017110277252379236
      vertex 1.7389476155598969 12.5 -0.017110277252379236
    endloop
  endfacet
  facet normal -0.8660254037844386 0 0.5
    outer loop
      vertex 0.2827671271974781 12.5 -1.0085551386261895
      vertex 0.15224093497742652 23 -1.2346331352698203
      vertex 0.15224093497742652 2 -1.2346331352698203
    endloop
  endfacet
  facet normal -0.25881904510252063 0 0.9659258262890683
    outer loop
      vertex 1.4867903754148586 12.5 -0.08467560611490288
      vertex 1.2346331352698203 23 -0.15224093497742652
      vertex 1.2346331352698203 2 -0.15224093497742652
    endloop
  endfacet
  facet normal 0 0 1
    outer loop
      vertex 8.261052384440102 4.410053200036261 -0.017110277252379236
      vertex 8.261052384440102 4.091978747497597 -0.017110277252379236
      vertex 52.238947615559894 20.619768365276567 -0.017110277252379236
    endloop
  endfacet
  facet normal -4.9564234388216306e-18 -0.8660254037844389 0.4999999999999996
    outer loop
      vertex 58.5 0.15224093497742652 -1.2346331352698203
      vertex 8 0.41329331941752967 -0.7824771419825587
      vertex 8 0.38557094230884614 -0.830493707641383
    endloop
  endfacet
  facet normal 0 -0.5 0.8660254037844386
    outer loop
      vertex 52.5 1.2346331352698203 -0.15224093497742652
      vertex 2 1.2346331352698203 -0.15224093497742652
      vertex 52.5 0.7824771419825587 -0.41329331941752967
    endloop
  endfacet
  facet normal 3.7461345068028943e-17 -0.4999999999999988 -0.8660254037844394
    outer loop
      vertex 9.717232872802521 1.0085551386261895 -9.717232872802523
      vertex 50.78276712719748 1.0085551386261895 -9.717232872802521
      vertex 50.956242875410354 0.7824771419825587 -9.58670668058247
    endloop
  endfacet
  facet normal 3.7461345068028814e-17 -0.5000000000000038 -0.8660254037844364
    outer loop
      vertex 50.78276712719748 1.0085551386261895 -9.717232872802521
      vertex 9.717232872802521 1.0085551386261895 -9.717232872802523
      vertex 50.689122554833546 1.2346331352698203 -9.847759065022574
    endloop
  endfacet
  facet normal 0 -0.2588190451025185 -0.965925826289069
    outer loop
      vertex 50.5846756061149 1.4867903754148588 -9.915324393885097
      vertex 50.689122554833546 1.2346331352698203 -9.847759065022574
      vertex 9.810877445166453 1.2346331352698203 -9.847759065022574
    endloop
  endfacet
  facet normal 2.605481274145284e-18 -0.2588190451025189 -0.9659258262890689
    outer loop
      vertex 50.5846756061149 1.4867903754148588 -9.915324393885097
      vertex 9.810877445166453 1.2346331352698203 -9.847759065022574
      vertex 50.551478475665064 1.7389476155598969 -9.98288972274762
    endloop
  endfacet
  facet normal 0 -0.8660254037844382 -0.5000000000000009
    outer loop
      vertex 51.50855513862619 0.2827671271974783 -8.991444861373811
      vertex 8.991444861373811 0.2827671271974783 -8.991444861373811
      vertex 51.33845009310467 0.41329331941752967 -9.21752285801744
    endloop
  endfacet
  facet normal 0 -0.8660254037844392 -0.4999999999999992
    outer loop
      vertex 8.991444861373811 0.2827671271974783 -8.991444861373811
      vertex 51.50855513862619 0.2827671271974783 -8.991444861373811
      vertex 51.823673242128756 0.15224093497742652 -8.76536686473018
    endloop
  endfacet
  facet normal -4.816402483512297e-18 -0.9659258262890682 -0.25881904510252085
    outer loop
      vertex 8 0.017110277252379236 -8.261052384440102
      vertex 51.823673242128756 0.15224093497742652 -8.76536686473018
      vertex 51.986790375414856 0.08467560611490277 -8.51320962458514
    endloop
  endfacet
  facet normal 0 -0.9659258262890684 -0.25881904510252
    outer loop
      vertex 8 0.017110277252379236 -8.261052384440102
      vertex 51.986790375414856 0.08467560611490277 -8.51320962458514
      vertex 52.5 0.017110277252379236 -8.261052384440102
    endloop
  endfacet
  facet normal 0 -0.7071067811865492 -0.7071067811865458
    outer loop
      vertex 51.097885230700044 0.5978852307000442 -9.402114769299956
      vertex 51.33845009310467 0.41329331941752967 -9.21752285801744
      vertex 9.161549906895331 0.41329331941752967 -9.21752285801744
    endloop
  endfacet
  facet normal -2.9689684448159444e-17 -0.7071067811865459 -0.7071067811865492
    outer loop
      vertex 51.097885230700044 0.5978852307000442 -9.402114769299956
      vertex 9.161549906895331 0.41329331941752967 -9.21752285801744
      vertex 50.956242875410354 0.7824771419825587 -9.58670668058247
    endloop
  endfacet
  facet normal 0 0 -1
    outer loop
      vertex 50.51711027725238 2 -9.98288972274762
      vertex 50.551478475665064 1.7389476155598969 -9.98288972274762
      vertex 9.948521524334936 1.7389476155598969 -9.98288972274762
    endloop
  endfacet
  facet normal 0 -1 0
    outer loop
      vertex 52.5 0.017110277252379236 -8.261052384440102
      vertex 58.5 0.017110277252379236 -8.261052384440102
      vertex 2 0.017110277252379236 -1.7389476155598969
    endloop
  endfacet
  facet normal 0 -1 0
    outer loop
      vertex 58.5 0.017110277252379236 -1.7389476155598969
      vertex 2 0.017110277252379236 -1.7389476155598969
      vertex 58.5 0.017110277252379236 -8.261052384440102
    endloop
  endfacet
  facet normal 0 -0.9659258262890683 0.25881904510252063
    outer loop
      vertex 58.5 0.017110277252379236 -1.7389476155598969
      vertex 52.5 0.15224093497742652 -1.2346331352698203
      vertex 2 0.017110277252379236 -1.7389476155598969
    endloop
  endfacet
  facet normal 0 -0.7071067811865475 0.7071067811865475
    outer loop
      vertex 52.5 0.7824771419825587 -0.41329331941752967
      vertex 8 0.45249868110585134 -0.743271780294237
      vertex 52.5 0.743271780294237 -0.45249868110585134
    endloop
  endfacet
  facet normal 0 -0.25881904510252063 0.9659258262890683
    outer loop
      vertex 2 1.7389476155598969 -0.017110277252379236
      vertex 52.5 1.2346331352698203 -0.15224093497742652
      vertex 58.5 1.7389476155598969 -0.017110277252379236
    endloop
  endfacet
  facet normal 0 -0.8660254037844387 0.5000000000000001
    outer loop
      vertex 52.5 0.15224093497742652 -1.2346331352698203
      vertex 58.5 0.15224093497742652 -1.2346331352698203
      vertex 8 0.38557094230884614 -0.830493707641383
    endloop
  endfacet
  facet normal 0 -0.7071067811865475 0.7071067811865475
    outer loop
      vertex 58.5 0.41329331941752967 -0.7824771419825587
      vertex 52.5 0.743271780294237 -0.45249868110585134
      vertex 8 0.41329331941752967 -0.7824771419825587
    endloop
  endfacet
  facet normal 0 -0.8660254037844386 0.5
    outer loop
      vertex 58.5 0.41329331941752967 -0.7824771419825587
      vertex 8 0.41329331941752967 -0.7824771419825587
      vertex 58.5 0.15224093497742652 -1.2346331352698203
    endloop
  endfacet
  facet normal 0 0 1
    outer loop
      vertex 58.5001284500921 1.7498125144141585 -0.017110277252379236
      vertex 8.261052384440102 4.091978747497597 -0.017110277252379236
      vertex 58.5 1.7389476155598969 -0.017110277252379236
    endloop
  endfacet
  facet normal 0 0 -1
    outer loop
      vertex 9.98288972274762 2 -9.98288972274762
      vertex 50.51711027725238 23 -9.98288972274762
      vertex 50.51711027725238 2 -9.98288972274762
    endloop
  endfacet
  facet normal 0 0 1
    outer loop
      vertex 58.5001284500921 1.7498125144141585 -0.017110277252379236
      vertex 52.238947615559894 20.619768365276567 -0.017110277252379236
      vertex 8.261052384440102 4.091978747497597 -0.017110277252379236
    endloop
  endfacet
  facet normal 0 0 1
    outer loop
      vertex 1.930141006493464 23.000226579847368 -0.017110277252379236
      vertex 1.7389476155598969 12.5 -0.017110277252379236
      vertex 1.7389476155598969 2 -0.017110277252379236
    endloop
  endfacet
  facet normal -1 0 0
    outer loop
      vertex 0.017110277252379236 2 -8.261052384440102
      vertex 0.017110277252379236 23 -1.7389476155598969
      vertex 0.017110277252379236 23 -8.261052384440102
    endloop
  endfacet
  facet normal -0.9659258262890683 0 0.25881904510252063
    outer loop
      vertex 0.017110277252379236 23 -1.7389476155598969
      vertex 0.15224093497742652 2 -1.2346331352698203
      vertex 0.15224093497742652 23 -1.2346331352698203
    endloop
  endfacet
  facet normal -0.5 0 0.8660254037844386
    outer loop
      vertex 1.2346331352698203 23 -0.15224093497742652
      vertex 0.7824771419825587 23 -0.41329331941752967
      vertex 0.7824771419825587 2 -0.41329331941752967
    endloop
  endfacet
  facet normal 0 0 1
    outer loop
      vertex 8.072668079900401 23.007505978156892 -0.017110277252379236
      vertex 8.261052384440102 4.410053200036261 -0.017110277252379236
      vertex 8.260034970872823 23.00772802328801 -0.017110277252379236
    endloop
  endfacet
  facet normal 0 0 -1
    outer loop
      vertex 9.98288972274762 23 -9.98288972274762
      vertex 50.51711027725238 23 -9.98288972274762
      vertex 9.98288972274762 2 -9.98288972274762
    endloop
  endfacet
  facet normal 0 0 1
    outer loop
      vertex 8.261052384440102 4.410053200036261 -0.017110277252379236
      vertex 52.238947615559894 20.660799069427924 -0.017110277252379236
      vertex 8.260034970872823 23.00772802328801 -0.017110277252379236
    endloop
  endfacet
  facet normal -0.8660254037844386 0 0.5
    outer loop
      vertex 0.2827671271974781 12.5 -1.0085551386261895
      vertex 0.41329331941752967 23 -0.7824771419825587
      vertex 0.15224093497742652 23 -1.2346331352698203
    endloop
  endfacet
  facet normal -0.25881904510252063 0 0.9659258262890683
    outer loop
      vertex 1.4867903754148586 12.5 -0.08467560611490288
      vertex 1.7389476155598969 23 -0.017110277252379236
      vertex 1.2346331352698203 23 -0.15224093497742652
    endloop
  endfacet
  facet normal -0.13052619222005385 0.9914448613738102 -2.6300331405466353e-16
    outer loop
      vertex 1.6129947988235704 24.93193952143343 -8.261052384440102
      vertex 1.4867903754148588 24.915324393885097 -8.261052384440102
      vertex 1.5880851858147575 24.928660108666886 -6.973751183676292
    endloop
  endfacet
  facet normal -0.9914448613738105 0.13052619222005152 0
    outer loop
      vertex 0.017110277252379236 23 -8.261052384440102
      vertex 0.08467560611490277 23.51320962458514 -1.7389476155598969
      vertex 0.08467560611490277 23.51320962458514 -8.261052384440102
    endloop
  endfacet
  facet normal -0.9914448613738105 0.13052619222005152 0
    outer loop
      vertex 0.017110277252379236 23 -8.261052384440102
      vertex 0.017110277252379236 23 -1.7389476155598969
      vertex 0.08467560611490277 23.51320962458514 -1.7389476155598969
    endloop
  endfacet
  facet normal -0.8604508387494535 0.11328050197253468 0.4967815233764363
    outer loop
      vertex 0.21520179833495434 23.47823523678867 -1.2346331352698203
      vertex 0.15224093497742652 23 -1.2346331352698203
      vertex 0.41329331941752967 23 -0.7824771419825587
    endloop
  endfacet
  facet normal -0.9582091399530059 0.12615062648588368 0.256751365230528
    outer loop
      vertex 0.21520179833495434 23.47823523678867 -1.2346331352698203
      vertex 0.08467560611490277 23.51320962458514 -1.7389476155598969
      vertex 0.017110277252379236 23 -1.7389476155598969
    endloop
  endfacet
  facet normal -0.7040625922196367 0.0926915987235714 0.7040625922196364
    outer loop
      vertex 0.4673590384799926 23.410669907926145 -0.7824771419825587
      vertex 0.41329331941752967 23 -0.7824771419825587
      vertex 0.823963227343675 23.315118103502567 -0.41329331941752967
    endloop
  endfacet
  facet normal -0.2586689249751394 0.03405441002122417 0.9653655703464424
    outer loop
      vertex 1.2607123787712278 23.198091521082574 -0.15224093497742652
      vertex 1.2346331352698203 23 -0.15224093497742652
      vertex 1.747842759854962 23.067565328862525 -0.017110277252379236
    endloop
  endfacet
  facet normal -0.24104106520869434 0.09984247829829732 0.9653655703464424
    outer loop
      vertex 1.747842759854962 23.067565328862525 -0.017110277252379236
      vertex 1.3371728519288164 23.38268343236509 -0.15224093497742652
      vertex 1.2607123787712278 23.198091521082574 -0.15224093497742652
    endloop
  endfacet
  facet normal -0.4649196445804255 0.19257602219888845 0.8641551942546339
    outer loop
      vertex 1.3371728519288164 23.38268343236509 -0.15224093497742652
      vertex 0.823963227343675 23.315118103502567 -0.41329331941752967
      vertex 1.2607123787712278 23.198091521082574 -0.15224093497742652
    endloop
  endfacet
  facet normal -0.20698665518746953 0.15882644667684118 0.9653655703464424
    outer loop
      vertex 1.7739220033563692 23.130526192220053 -0.017110277252379236
      vertex 1.458803899853803 23.5411961001462 -0.15224093497742652
      vertex 1.3371728519288164 23.38268343236509 -0.15224093497742652
    endloop
  endfacet
  facet normal 0 0 1
    outer loop
      vertex 1.747842759854962 23.067565328862525 -0.017110277252379236
      vertex 1.8107629140621408 23.1304854830697 -0.017110277252379236
      vertex 1.7739220033563692 23.130526192220053 -0.017110277252379236
    endloop
  endfacet
  facet normal -0.09984247829829652 0.24104106520869423 0.9653655703464425
    outer loop
      vertex 1.9324346711374765 23.25215724014504 -0.017110277252379236
      vertex 1.8019084789174247 23.739287621228772 -0.15224093497742652
      vertex 1.8694738077799484 23.22607799664363 -0.017110277252379236
    endloop
  endfacet
  facet normal 0 0 1
    outer loop
      vertex 1.932195645305951 23.225903212241867 -0.017110277252379236
      vertex 1.9324346711374765 23.25215724014504 -0.017110277252379236
      vertex 1.8694738077799484 23.22607799664363 -0.017110277252379236
    endloop
  endfacet
  facet normal 0 0 1
    outer loop
      vertex 1.932195645305951 23.225903212241867 -0.017110277252379236
      vertex 8.11606432103893 23.232068299824146 -0.017110277252379236
      vertex 1.9324346711374765 23.25215724014504 -0.017110277252379236
    endloop
  endfacet
  facet normal 0 0 1
    outer loop
      vertex 1.932195645305951 23.225903212241867 -0.017110277252379236
      vertex 5.206061519879848 23.216780062938387 -0.017110277252379236
      vertex 8.11606432103893 23.232068299824146 -0.017110277252379236
    endloop
  endfacet
  facet normal 0 0 1
    outer loop
      vertex 2 23.261052384440102 -0.017110277252379236
      vertex 8.096268081338623 23.240268170792 -0.017110277252379236
      vertex 8 23.261052384440102 -0.017110277252379236
    endloop
  endfacet
  facet normal -0.9238795325112868 0.38268343236508945 0
    outer loop
      vertex 0.08467560611490277 23.51320962458514 -8.261052384440102
      vertex 0.08467560611490277 23.51320962458514 -1.7389476155598969
      vertex 0.2827671271974783 23.99144486137381 -8.261052384440102
    endloop
  endfacet
  facet normal -0.7933533402912354 0.6087614290087204 0
    outer loop
      vertex 0.2827671271974783 23.99144486137381 -8.261052384440102
      vertex 0.2827671271974783 23.99144486137381 -1.7389476155598969
      vertex 0.5978852307000442 24.402114769299956 -8.261052384440102
    endloop
  endfacet
  facet normal -0.9238795325112868 0.38268343236508945 0
    outer loop
      vertex 0.2827671271974783 23.99144486137381 -8.261052384440102
      vertex 0.08467560611490277 23.51320962458514 -1.7389476155598969
      vertex 0.2827671271974783 23.99144486137381 -1.7389476155598969
    endloop
  endfacet
  facet normal -0.6087614290087213 0.7933533402912347 0
    outer loop
      vertex 0.5978852307000442 24.402114769299956 -8.261052384440102
      vertex 0.5978852307000442 24.402114769299956 -1.7389476155598969
      vertex 1.0085551386261895 24.717232872802523 -8.261052384440102
    endloop
  endfacet
  facet normal -0.38268343236508784 0.9238795325112875 0
    outer loop
      vertex 1.4867903754148588 24.915324393885097 -8.261052384440102
      vertex 1.0085551386261895 24.717232872802523 -8.261052384440102
      vertex 1.0085551386261895 24.717232872802523 -1.7389476155598969
    endloop
  endfacet
  facet normal -0.13052619222005715 0.9914448613738098 0
    outer loop
      vertex 1.5880851858147575 24.928660108666886 -6.973751183676292
      vertex 1.4867903754148588 24.915324393885097 -8.261052384440102
      vertex 1.4867903754148588 24.915324393885097 -1.7389476155598969
    endloop
  endfacet
  facet normal -0.7933533402912354 0.6087614290087204 0
    outer loop
      vertex 0.5978852307000442 24.402114769299956 -8.261052384440102
      vertex 0.2827671271974783 23.99144486137381 -1.7389476155598969
      vertex 0.5978852307000442 24.402114769299956 -1.7389476155598969
    endloop
  endfacet
  facet normal -0.6087614290087213 0.7933533402912347 0
    outer loop
      vertex 1.0085551386261895 24.717232872802523 -1.7389476155598969
      vertex 1.0085551386261895 24.717232872802523 -8.261052384440102
      vertex 0.5978852307000442 24.402114769299956 -1.7389476155598969
    endloop
  endfacet
  facet normal -0.38268343236508784 0.9238795325112875 0
    outer loop
      vertex 1.0085551386261895 24.717232872802523 -1.7389476155598969
      vertex 1.4867903754148588 24.915324393885097 -1.7389476155598969
      vertex 1.4867903754148588 24.915324393885097 -8.261052384440102
    endloop
  endfacet
  facet normal -0.13052619222005393 0.99144486137381 6.30579532674264e-17
    outer loop
      vertex 1.5880851858147575 24.928660108666886 -6.973751183676292
      vertex 1.4867903754148588 24.915324393885097 -1.7389476155598969
      vertex 2 24.982889722747622 -1.7389476155598969
    endloop
  endfacet
  facet normal 0 1 0
    outer loop
      vertex 8 24.982889722747622 -1.7389476155598969
      vertex 2 24.982889722747622 -8.261052384440102
      vertex 2 24.982889722747622 -1.7389476155598969
    endloop
  endfacet
  facet normal -0.8018125360509217 0.3321216269130568 0.4967815233764371
    outer loop
      vertex 0.21520179833495434 23.47823523678867 -1.2346331352698203
      vertex 0.4673590384799926 23.410669907926145 -0.7824771419825587
      vertex 0.6258717062610999 23.793353340291237 -0.7824771419825587
    endloop
  endfacet
  facet normal -0.8929087705806836 0.3698549227364053 0.25675136523052716
    outer loop
      vertex 0.08467560611490277 23.51320962458514 -1.7389476155598969
      vertex 0.21520179833495434 23.47823523678867 -1.2346331352698203
      vertex 0.2827671271974783 23.99144486137381 -1.7389476155598969
    endloop
  endfacet
  facet normal -0.8929087705806825 0.3698549227364071 0.25675136523052916
    outer loop
      vertex 0.21520179833495434 23.47823523678867 -1.2346331352698203
      vertex 0.3997937096174691 23.923879532511286 -1.2346331352698203
      vertex 0.2827671271974783 23.99144486137381 -1.7389476155598969
    endloop
  endfacet
  facet normal -0.8018125360509218 0.3321216269130598 0.49678152337643505
    outer loop
      vertex 0.6258717062610999 23.793353340291237 -0.7824771419825587
      vertex 0.3997937096174691 23.923879532511286 -1.2346331352698203
      vertex 0.21520179833495434 23.47823523678867 -1.2346331352698203
    endloop
  endfacet
  facet normal -0.6560818900783155 0.2717580168978114 0.7040625922196364
    outer loop
      vertex 0.6258717062610999 23.793353340291237 -0.7824771419825587
      vertex 0.4673590384799926 23.410669907926145 -0.7824771419825587
      vertex 0.823963227343675 23.315118103502567 -0.41329331941752967
    endloop
  endfacet
  facet normal -0.5633902913547427 0.4323045753218229 0.7040625922196381
    outer loop
      vertex 0.6258717062610999 23.793353340291237 -0.7824771419825587
      vertex 0.9455942752686617 23.60876142900872 -0.41329331941752967
      vertex 1.139081330846241 23.860918669153758 -0.41329331941752967
    endloop
  endfacet
  facet normal -0.7667581440948007 0.5883542172165983 0.2567513652305297
    outer loop
      vertex 0.3997937096174691 23.923879532511286 -1.2346331352698203
      vertex 0.6934370351236234 24.306562964876377 -1.2346331352698203
      vertex 0.2827671271974783 23.99144486137381 -1.7389476155598969
    endloop
  endfacet
  facet normal -0.6885320340783887 0.5283292118363944 0.49678152337643433
    outer loop
      vertex 0.3997937096174691 23.923879532511286 -1.2346331352698203
      vertex 0.6258717062610999 23.793353340291237 -0.7824771419825587
      vertex 0.6934370351236234 24.306562964876377 -1.2346331352698203
    endloop
  endfacet
  facet normal -0.6885320340783831 0.5283292118363976 0.4967815233764388
    outer loop
      vertex 0.8780289464061379 24.12197105359386 -0.7824771419825587
      vertex 0.6934370351236234 24.306562964876377 -1.2346331352698203
      vertex 0.6258717062610999 23.793353340291237 -0.7824771419825587
    endloop
  endfacet
  facet normal -0.563390291354742 0.4323045753218271 0.7040625922196363
    outer loop
      vertex 0.8780289464061379 24.12197105359386 -0.7824771419825587
      vertex 0.6258717062610999 23.793353340291237 -0.7824771419825587
      vertex 1.139081330846241 23.860918669153758 -0.41329331941752967
    endloop
  endfacet
  facet normal -0.3063442118256368 0.3992355496742081 0.8641551942546328
    outer loop
      vertex 1.139081330846241 23.860918669153758 -0.41329331941752967
      vertex 1.458803899853803 23.5411961001462 -0.15224093497742652
      vertex 1.3912385709912793 24.05440572473134 -0.41329331941752967
    endloop
  endfacet
  facet normal -0.1588264466768402 0.20698665518747048 0.9653655703464423
    outer loop
      vertex 1.6173165676349102 23.662827148071184 -0.15224093497742652
      vertex 1.458803899853803 23.5411961001462 -0.15224093497742652
      vertex 1.8694738077799484 23.22607799664363 -0.017110277252379236
    endloop
  endfacet
  facet normal -0.09984247829829859 0.24104106520869392 0.9653655703464424
    outer loop
      vertex 1.6173165676349102 23.662827148071184 -0.15224093497742652
      vertex 1.8694738077799484 23.22607799664363 -0.017110277252379236
      vertex 1.8019084789174247 23.739287621228772 -0.15224093497742652
    endloop
  endfacet
  facet normal -0.19257602219889103 0.46491964458042495 0.8641551942546336
    outer loop
      vertex 1.3912385709912793 24.05440572473134 -0.41329331941752967
      vertex 1.6173165676349102 23.662827148071184 -0.15224093497742652
      vertex 1.8019084789174247 23.739287621228772 -0.15224093497742652
    endloop
  endfacet
  facet normal -0.19257602219888983 0.464919644580426 0.8641551942546333
    outer loop
      vertex 1.684881896497434 24.176036772656325 -0.41329331941752967
      vertex 1.3912385709912793 24.05440572473134 -0.41329331941752967
      vertex 1.8019084789174247 23.739287621228772 -0.15224093497742652
    endloop
  endfacet
  facet normal -0.06568409490621964 0.49892023402452584 0.8641551942546334
    outer loop
      vertex 1.684881896497434 24.176036772656325 -0.41329331941752967
      vertex 1.8019084789174247 23.739287621228772 -0.15224093497742652
      vertex 2 24.217522858017443 -0.41329331941752967
    endloop
  endfacet
  facet normal -0.7667581440947998 0.5883542172166 0.25675136523052783
    outer loop
      vertex 0.5978852307000442 24.402114769299956 -1.7389476155598969
      vertex 0.2827671271974783 23.99144486137381 -1.7389476155598969
      vertex 0.6934370351236234 24.306562964876377 -1.2346331352698203
    endloop
  endfacet
  facet normal -0.5883542172165978 0.7667581440948005 0.25675136523053066
    outer loop
      vertex 1.0761204674887133 24.60020629038253 -1.2346331352698203
      vertex 1.0085551386261895 24.717232872802523 -1.7389476155598969
      vertex 0.6934370351236234 24.306562964876377 -1.2346331352698203
    endloop
  endfacet
  facet normal -0.27175801689780943 0.6560818900783139 0.7040625922196386
    outer loop
      vertex 1.5893300920738547 24.53264096152001 -0.7824771419825587
      vertex 1.3912385709912793 24.05440572473134 -0.41329331941752967
      vertex 1.684881896497434 24.176036772656325 -0.41329331941752967
    endloop
  endfacet
  facet normal -0.09269159872356783 0.7040625922196385 0.7040625922196351
    outer loop
      vertex 2 24.217522858017443 -0.41329331941752967
      vertex 2 24.58670668058247 -0.7824771419825587
      vertex 1.5893300920738547 24.53264096152001 -0.7824771419825587
    endloop
  endfacet
  facet normal -0.11328050197253067 0.8604508387494546 0.4967815233764352
    outer loop
      vertex 2 24.58670668058247 -0.7824771419825587
      vertex 2 24.847759065022572 -1.2346331352698203
      vertex 1.5893300920738547 24.53264096152001 -0.7824771419825587
    endloop
  endfacet
  facet normal -0.1132805019725357 0.8604508387494559 0.4967815233764316
    outer loop
      vertex 1.5893300920738547 24.53264096152001 -0.7824771419825587
      vertex 2 24.847759065022572 -1.2346331352698203
      vertex 1.5217647632113311 24.784798201665044 -1.2346331352698203
    endloop
  endfacet
  facet normal -0.12615062648588382 0.9582091399530045 0.2567513652305327
    outer loop
      vertex 2 24.847759065022572 -1.2346331352698203
      vertex 2 24.982889722747622 -1.7389476155598969
      vertex 1.5217647632113311 24.784798201665044 -1.2346331352698203
    endloop
  endfacet
  facet normal -0.12615062648588593 0.9582091399530047 0.2567513652305308
    outer loop
      vertex 2 24.982889722747622 -1.7389476155598969
      vertex 1.4867903754148588 24.915324393885097 -1.7389476155598969
      vertex 1.5217647632113311 24.784798201665044 -1.2346331352698203
    endloop
  endfacet
  facet normal 0 0.4999999999999985 0.8660254037844394
    outer loop
      vertex 8 23.76536686473018 -0.15224093497742652
      vertex 2 24.217522858017443 -0.41329331941752967
      vertex 2 23.76536686473018 -0.15224093497742652
    endloop
  endfacet
  facet normal 0 0.8660254037844393 0.4999999999999987
    outer loop
      vertex 2 24.847759065022572 -1.2346331352698203
      vertex 2 24.58670668058247 -0.7824771419825587
      vertex 8 24.847759065022572 -1.2346331352698203
    endloop
  endfacet
  facet normal 0 0.8660254037844393 0.4999999999999987
    outer loop
      vertex 2 24.58670668058247 -0.7824771419825587
      vertex 8 24.58670668058247 -0.7824771419825587
      vertex 8 24.847759065022572 -1.2346331352698203
    endloop
  endfacet
  facet normal 0 0 1
    outer loop
      vertex 5.85851244088721 23.176281800646528 -0.017110277252379236
      vertex 8.229032535314262 23.123393304890858 -0.017110277252379236
      vertex 8.194652921705874 23.171480147222372 -0.017110277252379236
    endloop
  endfacet
  facet normal 0 0 1
    outer loop
      vertex 6.266578956135503 23.12556181311388 -0.017110277252379236
      vertex 8.252157240145038 23.067565328862525 -0.017110277252379236
      vertex 8.229032535314262 23.123393304890858 -0.017110277252379236
    endloop
  endfacet
  facet normal 0 0 -1
    outer loop
      vertex 9.948521524334936 23.261052384440102 -9.98288972274762
      vertex 50.551478475665064 23.261052384440102 -9.98288972274762
      vertex 9.98288972274762 23 -9.98288972274762
    endloop
  endfacet
  facet normal 0 0.2588190451025184 -0.9659258262890689
    outer loop
      vertex 9.915324393885097 23.51320962458514 -9.915324393885097
      vertex 50.689122554833546 23.76536686473018 -9.847759065022574
      vertex 9.948521524334936 23.261052384440102 -9.98288972274762
    endloop
  endfacet
  facet normal 0 0.25881904510251846 -0.965925826289069
    outer loop
      vertex 9.915324393885097 23.51320962458514 -9.915324393885097
      vertex 9.810877445166453 23.76536686473018 -9.847759065022574
      vertex 50.689122554833546 23.76536686473018 -9.847759065022574
    endloop
  endfacet
  facet normal -3.746134506802898e-17 0.4999999999999973 -0.8660254037844403
    outer loop
      vertex 50.78276712719748 23.99144486137381 -9.717232872802523
      vertex 9.717232872802521 23.99144486137381 -9.717232872802521
      vertex 9.543757124589646 24.217522858017443 -9.58670668058247
    endloop
  endfacet
  facet normal -3.746134506802885e-17 0.5000000000000023 -0.8660254037844373
    outer loop
      vertex 9.717232872802521 23.99144486137381 -9.717232872802521
      vertex 50.78276712719748 23.99144486137381 -9.717232872802523
      vertex 9.810877445166453 23.76536686473018 -9.847759065022574
    endloop
  endfacet
  facet normal 0 0.707106781186551 -0.7071067811865441
    outer loop
      vertex 9.402114769299956 24.402114769299956 -9.402114769299956
      vertex 9.161549906895331 24.58670668058247 -9.21752285801744
      vertex 51.33845009310467 24.58670668058247 -9.21752285801744
    endloop
  endfacet
  facet normal 2.968968444815951e-17 0.7071067811865475 -0.7071067811865475
    outer loop
      vertex 9.402114769299956 24.402114769299956 -9.402114769299956
      vertex 51.33845009310467 24.58670668058247 -9.21752285801744
      vertex 9.543757124589646 24.217522858017443 -9.58670668058247
    endloop
  endfacet
  facet normal 5.068557910926165e-17 0.8660254037844373 -0.5000000000000023
    outer loop
      vertex 8.991444861373811 24.717232872802523 -8.99144486137381
      vertex 51.82367324212875 24.847759065022572 -8.76536686473018
      vertex 9.161549906895331 24.58670668058247 -9.21752285801744
    endloop
  endfacet
  facet normal 0 0.8660254037844415 -0.49999999999999506
    outer loop
      vertex 8.991444861373811 24.717232872802523 -8.99144486137381
      vertex 8.676326757871248 24.847759065022572 -8.76536686473018
      vertex 51.82367324212875 24.847759065022572 -8.76536686473018
    endloop
  endfacet
  facet normal 0 0.9659258262890672 -0.2588190451025248
    outer loop
      vertex 8 24.982889722747622 -8.261052384440102
      vertex 51.986790375414856 24.915324393885097 -8.51320962458514
      vertex 8.51320962458514 24.915324393885097 -8.51320962458514
    endloop
  endfacet
  facet normal 0 0.9659258262890672 -0.2588190451025248
    outer loop
      vertex 8.51320962458514 24.915324393885097 -8.51320962458514
      vertex 51.986790375414856 24.915324393885097 -8.51320962458514
      vertex 8.676326757871248 24.847759065022572 -8.76536686473018
    endloop
  endfacet
  facet normal 0 1 0
    outer loop
      vertex 8 24.982889722747622 -8.261052384440102
      vertex 2 24.982889722747622 -8.261052384440102
      vertex 58.5 24.982889722747622 -7.466608858548635
    endloop
  endfacet
  facet normal 0 0 1
    outer loop
      vertex 5.206061519879848 23.216780062938387 -0.017110277252379236
      vertex 52.24784275985496 23.067565328862525 -0.017110277252379236
      vertex 8.11606432103893 23.232068299824146 -0.017110277252379236
    endloop
  endfacet
  facet normal 0 0 1
    outer loop
      vertex 8.194652921705874 23.171480147222372 -0.017110277252379236
      vertex 52.24784275985496 23.067565328862525 -0.017110277252379236
      vertex 5.206061519879848 23.216780062938387 -0.017110277252379236
    endloop
  endfacet
  facet normal 0 0 1
    outer loop
      vertex 8.260034970872823 23.00772802328801 -0.017110277252379236
      vertex 52.24784275985496 23.067565328862525 -0.017110277252379236
      vertex 8.252157240145038 23.067565328862525 -0.017110277252379236
    endloop
  endfacet
  facet normal 0 0 1
    outer loop
      vertex 8.229032535314262 23.123393304890858 -0.017110277252379236
      vertex 52.24784275985496 23.067565328862525 -0.017110277252379236
      vertex 8.194652921705874 23.171480147222372 -0.017110277252379236
    endloop
  endfacet
  facet normal 0 0 1
    outer loop
      vertex 8.252157240145038 23.067565328862525 -0.017110277252379236
      vertex 52.24784275985496 23.067565328862525 -0.017110277252379236
      vertex 8.229032535314262 23.123393304890858 -0.017110277252379236
    endloop
  endfacet
  facet normal 0 0 1
    outer loop
      vertex 8.11606432103893 23.232068299824146 -0.017110277252379236
      vertex 52.25701514985717 23.089709437205226 -0.017110277252379236
      vertex 8.096268081338623 23.240268170792 -0.017110277252379236
    endloop
  endfacet
  facet normal 0 1 0
    outer loop
      vertex 8 24.982889722747622 -1.7389476155598969
      vertex 58.5 24.982889722747622 -1.7389476155598969
      vertex 2 24.982889722747622 -8.261052384440102
    endloop
  endfacet
  facet normal 0 0.49999999999999856 0.8660254037844395
    outer loop
      vertex 8 23.76536686473018 -0.15224093497742652
      vertex 52.5 23.76536686473018 -0.15224093497742652
      vertex 2 24.217522858017443 -0.41329331941752967
    endloop
  endfacet
  facet normal 0 0.4999999999999985 0.8660254037844394
    outer loop
      vertex 8 24.217522858017443 -0.41329331941752967
      vertex 2 24.217522858017443 -0.41329331941752967
      vertex 52.5 23.76536686473018 -0.15224093497742652
    endloop
  endfacet
  facet normal 0 0.7071067811865491 0.7071067811865458
    outer loop
      vertex 8 24.217522858017443 -0.41329331941752967
      vertex 52.5 24.217522858017443 -0.41329331941752967
      vertex 8 24.58670668058247 -0.7824771419825587
    endloop
  endfacet
  facet normal 0 0.8660254037844393 0.4999999999999987
    outer loop
      vertex 8 24.58670668058247 -0.7824771419825587
      vertex 52.5 24.58670668058247 -0.7824771419825587
      vertex 8 24.847759065022572 -1.2346331352698203
    endloop
  endfacet
  facet normal 0 0.9659258262890671 0.258819045102525
    outer loop
      vertex 52.5 24.847759065022572 -1.2346331352698203
      vertex 8 24.982889722747622 -1.7389476155598969
      vertex 8 24.847759065022572 -1.2346331352698203
    endloop
  endfacet
  facet normal 0 0 1
    outer loop
      vertex 52.238947615559894 20.619768365276567 -0.017110277252379236
      vertex 52.238947615559894 20.660799069427924 -0.017110277252379236
      vertex 8.261052384440102 4.410053200036261 -0.017110277252379236
    endloop
  endfacet
  facet normal 0 0 1
    outer loop
      vertex 8 23.261052384440102 -0.017110277252379236
      vertex 8.096268081338623 23.240268170792 -0.017110277252379236
      vertex 58.5 23.261052384440102 -0.017110277252379236
    endloop
  endfacet
  facet normal 0 0.2588190451025204 0.9659258262890683
    outer loop
      vertex 8 23.261052384440102 -0.017110277252379236
      vertex 58.5 23.261052384440102 -0.017110277252379236
      vertex 8 23.76536686473018 -0.15224093497742652
    endloop
  endfacet
  facet normal 0 0 1
    outer loop
      vertex 52.23993511855913 20.661163972300187 -0.017110277252379236
      vertex 8.260034970872823 23.00772802328801 -0.017110277252379236
      vertex 52.238947615559894 20.660799069427924 -0.017110277252379236
    endloop
  endfacet
  facet normal 0 0 -1
    outer loop
      vertex 9.98288972274762 23 -9.98288972274762
      vertex 50.551478475665064 23.261052384440102 -9.98288972274762
      vertex 50.51711027725238 23 -9.98288972274762
    endloop
  endfacet
  facet normal 0 0.2588190451025184 -0.965925826289069
    outer loop
      vertex 50.5846756061149 23.51320962458514 -9.915324393885097
      vertex 50.551478475665064 23.261052384440102 -9.98288972274762
      vertex 9.948521524334936 23.261052384440102 -9.98288972274762
    endloop
  endfacet
  facet normal 0 0.2588190451025184 -0.9659258262890689
    outer loop
      vertex 50.5846756061149 23.51320962458514 -9.915324393885097
      vertex 9.948521524334936 23.261052384440102 -9.98288972274762
      vertex 50.689122554833546 23.76536686473018 -9.847759065022574
    endloop
  endfacet
  facet normal 0 0.4999999999999973 -0.8660254037844403
    outer loop
      vertex 9.810877445166453 23.76536686473018 -9.847759065022574
      vertex 50.78276712719748 23.99144486137381 -9.717232872802523
      vertex 50.689122554833546 23.76536686473018 -9.847759065022574
    endloop
  endfacet
  facet normal 0 0.5000000000000023 -0.8660254037844373
    outer loop
      vertex 50.78276712719748 23.99144486137381 -9.717232872802523
      vertex 9.543757124589646 24.217522858017443 -9.58670668058247
      vertex 50.956242875410354 24.217522858017443 -9.58670668058247
    endloop
  endfacet
  facet normal 0 0.7071067811865509 -0.7071067811865441
    outer loop
      vertex 51.097885230700044 24.402114769299956 -9.402114769299954
      vertex 50.956242875410354 24.217522858017443 -9.58670668058247
      vertex 9.543757124589646 24.217522858017443 -9.58670668058247
    endloop
  endfacet
  facet normal 3.0239025187432694e-17 0.7071067811865475 -0.7071067811865476
    outer loop
      vertex 51.097885230700044 24.402114769299956 -9.402114769299954
      vertex 9.543757124589646 24.217522858017443 -9.58670668058247
      vertex 51.33845009310467 24.58670668058247 -9.21752285801744
    endloop
  endfacet
  facet normal 0 0.8660254037844408 -0.49999999999999656
    outer loop
      vertex 51.50855513862619 24.717232872802523 -8.991444861373806
      vertex 51.33845009310467 24.58670668058247 -9.21752285801744
      vertex 9.161549906895331 24.58670668058247 -9.21752285801744
    endloop
  endfacet
  facet normal 3.2251793440996655e-17 0.8660254037844379 -0.500000000000001
    outer loop
      vertex 51.50855513862619 24.717232872802523 -8.991444861373806
      vertex 9.161549906895331 24.58670668058247 -9.21752285801744
      vertex 51.82367324212875 24.847759065022572 -8.76536686473018
    endloop
  endfacet
  facet normal 0 0.9659258262890673 -0.2588190451025248
    outer loop
      vertex 8.676326757871248 24.847759065022572 -8.76536686473018
      vertex 51.986790375414856 24.915324393885097 -8.51320962458514
      vertex 51.82367324212875 24.847759065022572 -8.76536686473018
    endloop
  endfacet
  facet normal 0 0.9659258262890673 -0.2588190451025248
    outer loop
      vertex 8 24.982889722747622 -8.261052384440102
      vertex 52.5 24.982889722747622 -8.261052384440102
      vertex 51.986790375414856 24.915324393885097 -8.51320962458514
    endloop
  endfacet
  facet normal 0 1 0
    outer loop
      vertex 8 24.982889722747622 -8.261052384440102
      vertex 58.5 24.982889722747622 -7.466608858548635
      vertex 52.5 24.982889722747622 -8.261052384440102
    endloop
  endfacet
  facet normal 0 0 1
    outer loop
      vertex 52.23993511855913 20.661163972300187 -0.017110277252379236
      vertex 52.24682780482269 23.05985598000196 -0.017110277252379236
      vertex 8.260034970872823 23.00772802328801 -0.017110277252379236
    endloop
  endfacet
  facet normal 0 0 1
    outer loop
      vertex 8.260034970872823 23.00772802328801 -0.017110277252379236
      vertex 52.24682780482269 23.05985598000196 -0.017110277252379236
      vertex 52.24784275985496 23.067565328862525 -0.017110277252379236
    endloop
  endfacet
  facet normal 0 0 1
    outer loop
      vertex 8.11606432103893 23.232068299824146 -0.017110277252379236
      vertex 52.24784275985496 23.067565328862525 -0.017110277252379236
      vertex 52.25701514985717 23.089709437205226 -0.017110277252379236
    endloop
  endfacet
  facet normal 0 0 1
    outer loop
      vertex 58.5 23.261052384440102 -0.017110277252379236
      vertex 8.096268081338623 23.240268170792 -0.017110277252379236
      vertex 52.25701514985717 23.089709437205226 -0.017110277252379236
    endloop
  endfacet
  facet normal 0 1 0
    outer loop
      vertex 2 24.982889722747622 -8.261052384440102
      vertex 58.5 24.982889722747622 -1.7389476155598969
      vertex 58.5 24.982889722747622 -7.466608858548635
    endloop
  endfacet
  facet normal 0 0.49999999999999856 0.8660254037844395
    outer loop
      vertex 52.5 24.217522858017443 -0.41329331941752967
      vertex 8 24.217522858017443 -0.41329331941752967
      vertex 52.5 23.76536686473018 -0.15224093497742652
    endloop
  endfacet
  facet normal 0 0.8660254037844393 0.4999999999999987
    outer loop
      vertex 52.5 24.847759065022572 -1.2346331352698203
      vertex 8 24.847759065022572 -1.2346331352698203
      vertex 52.5 24.58670668058247 -0.7824771419825587
    endloop
  endfacet
  facet normal 0 0.2588190451025204 0.9659258262890683
    outer loop
      vertex 58.5 23.261052384440102 -0.017110277252379236
      vertex 52.5 23.76536686473018 -0.15224093497742652
      vertex 8 23.76536686473018 -0.15224093497742652
    endloop
  endfacet
  facet normal 0 0.7071067811865492 0.7071067811865459
    outer loop
      vertex 52.5 24.217522858017443 -0.41329331941752967
      vertex 58.5 24.217522858017443 -0.41329331941752967
      vertex 8 24.58670668058247 -0.7824771419825587
    endloop
  endfacet
  facet normal 0 0.7071067811865491 0.7071067811865458
    outer loop
      vertex 58.5 24.217522858017443 -0.41329331941752967
      vertex 52.5 24.58670668058247 -0.7824771419825587
      vertex 8 24.58670668058247 -0.7824771419825587
    endloop
  endfacet
  facet normal 0 0.9659258262890671 0.258819045102525
    outer loop
      vertex 52.5 24.847759065022572 -1.2346331352698203
      vertex 58.5 24.847759065022572 -1.2346331352698203
      vertex 8 24.982889722747622 -1.7389476155598969
    endloop
  endfacet
  facet normal 0 0.9659258262890671 0.258819045102525
    outer loop
      vertex 58.5 24.982889722747622 -1.7389476155598969
      vertex 8 24.982889722747622 -1.7389476155598969
      vertex 58.5 24.847759065022572 -1.2346331352698203
    endloop
  endfacet
  facet normal 0.13052619222004985 -0.9914448613738107 6.144697744991347e-17
    outer loop
      vertex 58.94202593435278 0.07530409550832388 -8.261052384440102
      vertex 59.013209624585144 0.08467560611490277 -1.7389476155598969
      vertex 58.5 0.017110277252379236 -8.261052384440102
    endloop
  endfacet
  facet normal 0.38268343236509433 -0.9238795325112849 0
    outer loop
      vertex 59.013209624585144 0.08467560611490277 -1.7389476155598969
      vertex 59.013209624585144 0.08467560611490277 -8.261052384440102
      vertex 59.49144486137381 0.2827671271974783 -8.261052384440102
    endloop
  endfacet
  facet normal 0.6087614290087171 -0.7933533402912379 0
    outer loop
      vertex 59.49144486137381 0.2827671271974783 -8.261052384440102
      vertex 59.902114769299956 0.5978852307000442 -8.261052384440102
      vertex 59.49144486137381 0.2827671271974783 -1.7389476155598969
    endloop
  endfacet
  facet normal 0.13052619222005063 -0.9914448613738105 0
    outer loop
      vertex 58.5 0.017110277252379236 -1.7389476155598969
      vertex 58.5 0.017110277252379236 -8.261052384440102
      vertex 59.013209624585144 0.08467560611490277 -1.7389476155598969
    endloop
  endfacet
  facet normal 0.38268343236509433 -0.9238795325112849 0
    outer loop
      vertex 59.013209624585144 0.08467560611490277 -1.7389476155598969
      vertex 59.49144486137381 0.2827671271974783 -8.261052384440102
      vertex 59.49144486137381 0.2827671271974783 -1.7389476155598969
    endloop
  endfacet
  facet normal 0.6087614290087171 -0.7933533402912379 0
    outer loop
      vertex 59.902114769299956 0.5978852307000442 -8.261052384440102
      vertex 59.902114769299956 0.5978852307000442 -1.7389476155598969
      vertex 59.49144486137381 0.2827671271974783 -1.7389476155598969
    endloop
  endfacet
  facet normal 0.793353340291238 -0.6087614290087169 0
    outer loop
      vertex 59.902114769299956 0.5978852307000442 -1.7389476155598969
      vertex 59.902114769299956 0.5978852307000442 -8.261052384440102
      vertex 60.21723287280252 1.0085551386261895 -1.7389476155598969
    endloop
  endfacet
  facet normal 0.793353340291238 -0.6087614290087169 0
    outer loop
      vertex 59.902114769299956 0.5978852307000442 -8.261052384440102
      vertex 60.21723287280252 1.0085551386261895 -8.261052384440102
      vertex 60.21723287280252 1.0085551386261895 -1.7389476155598969
    endloop
  endfacet
  facet normal 0.9238795325112827 -0.3826834323650996 0
    outer loop
      vertex 60.21723287280252 1.0085551386261895 -8.261052384440102
      vertex 60.4153243938851 1.4867903754148588 -8.261052384440102
      vertex 60.21723287280252 1.0085551386261895 -1.7389476155598969
    endloop
  endfacet
  facet normal 0 -0.25881904510252063 0.9659258262890683
    outer loop
      vertex 52.5 1.2346331352698203 -0.15224093497742652
      vertex 58.5 1.2346331352698203 -0.15224093497742652
      vertex 58.5 1.7389476155598969 -0.017110277252379236
    endloop
  endfacet
  facet normal 0.1132805019725347 -0.8604508387494536 0.49678152337643594
    outer loop
      vertex 58.97823523678867 0.21520179833495434 -1.2346331352698203
      vertex 58.91066990792615 0.4673590384799926 -0.7824771419825587
      vertex 58.5 0.15224093497742652 -1.2346331352698203
    endloop
  endfacet
  facet normal 0.11328050197253423 -0.8604508387494535 0.4967815233764363
    outer loop
      vertex 58.5 0.41329331941752967 -0.7824771419825587
      vertex 58.5 0.15224093497742652 -1.2346331352698203
      vertex 58.91066990792615 0.4673590384799926 -0.7824771419825587
    endloop
  endfacet
  facet normal 0.369854922736407 -0.8929087705806823 0.2567513652305296
    outer loop
      vertex 59.013209624585144 0.08467560611490277 -1.7389476155598969
      vertex 59.423879532511286 0.3997937096174691 -1.2346331352698203
      vertex 58.97823523678867 0.21520179833495434 -1.2346331352698203
    endloop
  endfacet
  facet normal 0.36985492273641 -0.8929087705806817 0.2567513652305267
    outer loop
      vertex 59.49144486137381 0.2827671271974783 -1.7389476155598969
      vertex 59.423879532511286 0.3997937096174691 -1.2346331352698203
      vertex 59.013209624585144 0.08467560611490277 -1.7389476155598969
    endloop
  endfacet
  facet normal 0.33212162691305974 -0.8018125360509218 0.49678152337643494
    outer loop
      vertex 58.91066990792615 0.4673590384799926 -0.7824771419825587
      vertex 58.97823523678867 0.21520179833495434 -1.2346331352698203
      vertex 59.423879532511286 0.3997937096174691 -1.2346331352698203
    endloop
  endfacet
  facet normal 0.5283292118363934 -0.6885320340783874 0.4967815233764375
    outer loop
      vertex 59.423879532511286 0.3997937096174691 -1.2346331352698203
      vertex 59.80656296487638 0.6934370351236234 -1.2346331352698203
      vertex 59.29335334029123 0.6258717062610999 -0.7824771419825587
    endloop
  endfacet
  facet normal 0.5883542172165986 -0.766758144094801 0.2567513652305278
    outer loop
      vertex 59.423879532511286 0.3997937096174691 -1.2346331352698203
      vertex 59.902114769299956 0.5978852307000442 -1.7389476155598969
      vertex 59.80656296487638 0.6934370351236234 -1.2346331352698203
    endloop
  endfacet
  facet normal 0.2717580168978162 -0.6560818900783149 0.7040625922196352
    outer loop
      vertex 59.29335334029123 0.6258717062610999 -0.7824771419825587
      vertex 59.10876142900872 0.9455942752686617 -0.41329331941752967
      vertex 58.91066990792615 0.4673590384799926 -0.7824771419825587
    endloop
  endfacet
  facet normal 0.27175801689780693 -0.6560818900783142 0.7040625922196392
    outer loop
      vertex 58.81511810350256 0.823963227343675 -0.41329331941752967
      vertex 58.91066990792615 0.4673590384799926 -0.7824771419825587
      vertex 59.10876142900872 0.9455942752686617 -0.41329331941752967
    endloop
  endfacet
  facet normal 0.688532034078385 -0.5283292118363946 0.49678152337643927
    outer loop
      vertex 59.80656296487638 0.6934370351236234 -1.2346331352698203
      vertex 59.8741282937389 1.2066466597087648 -0.7824771419825587
      vertex 59.62197105359386 0.8780289464061379 -0.7824771419825587
    endloop
  endfacet
  facet normal 0.43230457532182537 -0.563390291354746 0.704062592219634
    outer loop
      vertex 59.10876142900872 0.9455942752686617 -0.41329331941752967
      vertex 59.29335334029123 0.6258717062610999 -0.7824771419825587
      vertex 59.36091866915376 1.139081330846241 -0.41329331941752967
    endloop
  endfacet
  facet normal 0.19257602219888825 -0.46491964458042667 0.8641551942546333
    outer loop
      vertex 59.10876142900872 0.9455942752686617 -0.41329331941752967
      vertex 58.698091521082574 1.2607123787712278 -0.15224093497742652
      vertex 58.81511810350256 0.823963227343675 -0.41329331941752967
    endloop
  endfacet
  facet normal 0.3063442118256342 -0.3992355496742082 0.8641551942546337
    outer loop
      vertex 59.36091866915376 1.139081330846241 -0.41329331941752967
      vertex 58.88268343236509 1.3371728519288164 -0.15224093497742652
      vertex 59.10876142900872 0.9455942752686617 -0.41329331941752967
    endloop
  endfacet
  facet normal 0.563390291354746 -0.4323045753218267 0.7040625922196331
    outer loop
      vertex 59.36091866915376 1.139081330846241 -0.41329331941752967
      vertex 59.62197105359386 0.8780289464061379 -0.7824771419825587
      vertex 59.8741282937389 1.2066466597087648 -0.7824771419825587
    endloop
  endfacet
  facet normal 0.8929087705806802 -0.3698549227364153 0.25675136523052533
    outer loop
      vertex 60.10020629038253 1.0761204674887133 -1.2346331352698203
      vertex 60.21723287280252 1.0085551386261895 -1.7389476155598969
      vertex 60.4153243938851 1.4867903754148588 -1.7389476155598969
    endloop
  endfacet
  facet normal 0.8929087705806811 -0.3698549227364097 0.2567513652305305
    outer loop
      vertex 60.4153243938851 1.4867903754148588 -1.7389476155598969
      vertex 60.28479820166505 1.5217647632113311 -1.2346331352698203
      vertex 60.10020629038253 1.0761204674887133 -1.2346331352698203
    endloop
  endfacet
  facet normal 0.3063442118256378 -0.3992355496742019 0.8641551942546355
    outer loop
      vertex 59.36091866915376 1.139081330846241 -0.41329331941752967
      vertex 59.041196100146195 1.458803899853803 -0.15224093497742652
      vertex 58.88268343236509 1.3371728519288164 -0.15224093497742652
    endloop
  endfacet
  facet normal 0.6560818900783143 -0.27175801689781737 0.7040625922196351
    outer loop
      vertex 60.03264096152001 1.5893300920738547 -0.7824771419825587
      vertex 59.55440572473134 1.3912385709912793 -0.41329331941752967
      vertex 59.8741282937389 1.2066466597087648 -0.7824771419825587
    endloop
  endfacet
  facet normal 0.03405441002122503 -0.25866892497513877 0.9653655703464425
    outer loop
      vertex 58.698091521082574 1.2607123787712278 -0.15224093497742652
      vertex 58.56756532886252 1.747842759854962 -0.017110277252379236
      vertex 58.5 1.7389476155598969 -0.017110277252379236
    endloop
  endfacet
  facet normal 0.158826446676838 -0.20698665518747136 0.9653655703464425
    outer loop
      vertex 58.63052619222005 1.7739220033563692 -0.017110277252379236
      vertex 58.88268343236509 1.3371728519288164 -0.15224093497742652
      vertex 58.68459191128252 1.8154080887174855 -0.017110277252379236
    endloop
  endfacet
  facet normal 0 0 1
    outer loop
      vertex 58.5001284500921 1.7498125144141585 -0.017110277252379236
      vertex 58.5 1.7389476155598969 -0.017110277252379236
      vertex 58.56756532886252 1.747842759854962 -0.017110277252379236
    endloop
  endfacet
  facet normal 0 0 1
    outer loop
      vertex 58.630768753774234 1.8163866479296076 -0.017110277252379236
      vertex 58.63052619222005 1.7739220033563692 -0.017110277252379236
      vertex 58.68459191128252 1.8154080887174855 -0.017110277252379236
    endloop
  endfacet
  facet normal 0 0 1
    outer loop
      vertex 58.684765074713475 1.8698753210219767 -0.017110277252379236
      vertex 58.68459191128252 1.8154080887174855 -0.017110277252379236
      vertex 58.72607799664363 1.8694738077799484 -0.017110277252379236
    endloop
  endfacet
  facet normal 0.8604508387494526 -0.11328050197253786 0.49678152337643683
    outer loop
      vertex 60.03264096152001 1.5893300920738547 -0.7824771419825587
      vertex 60.28479820166505 1.5217647632113311 -1.2346331352698203
      vertex 60.08670668058247 2 -0.7824771419825587
    endloop
  endfacet
  facet normal 0.8604508387494577 -0.11328050197252955 0.4967815233764302
    outer loop
      vertex 60.28479820166505 1.5217647632113311 -1.2346331352698203
      vertex 60.34775906502257 2 -1.2346331352698203
      vertex 60.08670668058247 2 -0.7824771419825587
    endloop
  endfacet
  facet normal 0.20698665518747378 -0.15882644667683699 0.9653655703464422
    outer loop
      vertex 59.16282714807118 1.6173165676349102 -0.15224093497742652
      vertex 58.72607799664363 1.8694738077799484 -0.017110277252379236
      vertex 58.68459191128252 1.8154080887174855 -0.017110277252379236
    endloop
  endfacet
  facet normal 0.2410410652086954 -0.09984247829829919 0.965365570346442
    outer loop
      vertex 59.23928762122877 1.8019084789174247 -0.15224093497742652
      vertex 58.72607799664363 1.8694738077799484 -0.017110277252379236
      vertex 59.16282714807118 1.6173165676349102 -0.15224093497742652
    endloop
  endfacet
  facet normal 0.46491964458042345 -0.19257602219888878 0.8641551942546349
    outer loop
      vertex 59.676036772656325 1.684881896497434 -0.41329331941752967
      vertex 59.23928762122877 1.8019084789174247 -0.15224093497742652
      vertex 59.55440572473134 1.3912385709912793 -0.41329331941752967
    endloop
  endfacet
  facet normal 0.2586689249751389 -0.0340544100212327 0.9653655703464423
    outer loop
      vertex 58.75215724014504 1.9324346711374765 -0.017110277252379236
      vertex 59.23928762122877 1.8019084789174247 -0.15224093497742652
      vertex 58.761052384440106 2 -0.017110277252379236
    endloop
  endfacet
  facet normal 0.49892023402453056 -0.06568409490621463 0.864155194254631
    outer loop
      vertex 59.676036772656325 1.684881896497434 -0.41329331941752967
      vertex 59.71752285801744 2 -0.41329331941752967
      vertex 59.26536686473018 2 -0.15224093497742652
    endloop
  endfacet
  facet normal 0.7040625922196341 -0.09269159872357334 0.7040625922196388
    outer loop
      vertex 60.08670668058247 2 -0.7824771419825587
      vertex 59.676036772656325 1.684881896497434 -0.41329331941752967
      vertex 60.03264096152001 1.5893300920738547 -0.7824771419825587
    endloop
  endfacet
  facet normal 0.8660254037844424 -2.923851207361517e-16 0.49999999999999367
    outer loop
      vertex 60.34775906502257 2 -1.2346331352698203
      vertex 60.217232872802526 12.5 -1.0085551386261895
      vertex 60.08670668058247 2 -0.7824771419825587
    endloop
  endfacet
  facet normal 0.9238795325112827 -0.3826834323650996 0
    outer loop
      vertex 60.4153243938851 1.4867903754148588 -1.7389476155598969
      vertex 60.21723287280252 1.0085551386261895 -1.7389476155598969
      vertex 60.4153243938851 1.4867903754148588 -8.261052384440102
    endloop
  endfacet
  facet normal 0.991444861373811 -0.1305261922200472 0
    outer loop
      vertex 60.4153243938851 1.4867903754148588 -8.261052384440102
      vertex 60.48288972274762 2 -1.7389476155598969
      vertex 60.4153243938851 1.4867903754148588 -1.7389476155598969
    endloop
  endfacet
  facet normal 0.9582091399530057 -0.1261506264858794 0.2567513652305306
    outer loop
      vertex 60.4153243938851 1.4867903754148588 -1.7389476155598969
      vertex 60.48288972274762 2 -1.7389476155598969
      vertex 60.28479820166505 1.5217647632113311 -1.2346331352698203
    endloop
  endfacet
  facet normal 0.9582091399530053 -0.12615062648587685 0.25675136523053294
    outer loop
      vertex 60.48288972274762 2 -1.7389476155598969
      vertex 60.34775906502257 2 -1.2346331352698203
      vertex 60.28479820166505 1.5217647632113311 -1.2346331352698203
    endloop
  endfacet
  facet normal 0.9659258262890638 0 0.2588190451025377
    outer loop
      vertex 60.34775906502257 23 -1.2346331352698203
      vertex 60.34775906502257 2 -1.2346331352698203
      vertex 60.4153243938851 12.5 -1.4867903754148586
    endloop
  endfacet
  facet normal 0 0 1
    outer loop
      vertex 58.75215724014504 23.067565328862525 -0.017110277252379236
      vertex 52.238947615559894 20.619768365276567 -0.017110277252379236
      vertex 58.5001284500921 1.7498125144141585 -0.017110277252379236
    endloop
  endfacet
  facet normal 0 0 1
    outer loop
      vertex 58.761052384440106 2 -0.017110277252379236
      vertex 58.761052384440106 23 -0.017110277252379236
      vertex 58.75215724014504 23.067565328862525 -0.017110277252379236
    endloop
  endfacet
  facet normal 0.5000000000000044 0 0.866025403784436
    outer loop
      vertex 59.26536686473018 23 -0.15224093497742652
      vertex 59.26536686473018 2 -0.15224093497742652
      vertex 59.71752285801744 23 -0.41329331941752967
    endloop
  endfacet
  facet normal 0.7071067811865424 0 0.7071067811865526
    outer loop
      vertex 59.71752285801744 23 -0.41329331941752967
      vertex 60.08670668058247 2 -0.7824771419825587
      vertex 60.08670668058247 23 -0.7824771419825587
    endloop
  endfacet
  facet normal 0 1 0
    outer loop
      vertex 58.5 24.982889722747622 -7.466608858548635
      vertex 58.5 24.982889722747622 -8.261052384440102
      vertex 52.5 24.982889722747622 -8.261052384440102
    endloop
  endfacet
  facet normal 0 0 1
    outer loop
      vertex 52.25701514985717 23.089709437205226 -0.017110277252379236
      vertex 52.49796458886015 23.088887960106153 -0.017110277252379236
      vertex 58.5 23.261052384440102 -0.017110277252379236
    endloop
  endfacet
  facet normal 0 0 1
    outer loop
      vertex 58.68459191128252 23.184591911282514 -0.017110277252379236
      vertex 58.75215724014504 23.067565328862525 -0.017110277252379236
      vertex 58.72607799664363 23.130526192220053 -0.017110277252379236
    endloop
  endfacet
  facet normal 0.09984247829829158 0.24104106520869542 0.9653655703464427
    outer loop
      vertex 58.698091521082574 23.739287621228772 -0.15224093497742652
      vertex 58.56756532886252 23.25215724014504 -0.017110277252379236
      vertex 58.63052619222005 23.22607799664363 -0.017110277252379236
    endloop
  endfacet
  facet normal 0.8604508387494525 0.11328050197253785 0.4967815233764371
    outer loop
      vertex 60.08670668058247 23 -0.7824771419825587
      vertex 60.28479820166505 23.47823523678867 -1.2346331352698203
      vertex 60.03264096152001 23.410669907926145 -0.7824771419825587
    endloop
  endfacet
  facet normal 0.49892023402453045 0.06568409490621453 0.8641551942546309
    outer loop
      vertex 59.676036772656325 23.315118103502567 -0.41329331941752967
      vertex 59.26536686473018 23 -0.15224093497742652
      vertex 59.71752285801744 23 -0.41329331941752967
    endloop
  endfacet
  facet normal 0.20698665518747095 0.15882644667684132 0.9653655703464421
    outer loop
      vertex 59.041196100146195 23.5411961001462 -0.15224093497742652
      vertex 58.68459191128252 23.184591911282514 -0.017110277252379236
      vertex 58.72607799664363 23.130526192220053 -0.017110277252379236
    endloop
  endfacet
  facet normal 0.7040625922196317 0.09269159872356658 0.7040625922196418
    outer loop
      vertex 59.676036772656325 23.315118103502567 -0.41329331941752967
      vertex 59.71752285801744 23 -0.41329331941752967
      vertex 60.08670668058247 23 -0.7824771419825587
    endloop
  endfacet
  facet normal 0.7040625922196342 0.09269159872357335 0.7040625922196387
    outer loop
      vertex 60.03264096152001 23.410669907926145 -0.7824771419825587
      vertex 59.676036772656325 23.315118103502567 -0.41329331941752967
      vertex 60.08670668058247 23 -0.7824771419825587
    endloop
  endfacet
  facet normal 0.923879532511283 0.382683432365099 0
    outer loop
      vertex 60.21723287280252 23.99144486137381 -1.7389476155598969
      vertex 60.4153243938851 23.51320962458514 -1.7389476155598969
      vertex 60.21723287280252 23.99144486137381 -8.261052384440102
    endloop
  endfacet
  facet normal 0.793353340291238 0.6087614290087169 0
    outer loop
      vertex 60.21723287280252 23.99144486137381 -1.7389476155598969
      vertex 60.21723287280252 23.99144486137381 -8.261052384440102
      vertex 59.902114769299956 24.402114769299956 -1.7389476155598969
    endloop
  endfacet
  facet normal 0.793353340291238 0.6087614290087169 0
    outer loop
      vertex 60.21723287280252 23.99144486137381 -8.261052384440102
      vertex 59.902114769299956 24.402114769299956 -8.261052384440102
      vertex 59.902114769299956 24.402114769299956 -1.7389476155598969
    endloop
  endfacet
  facet normal 0.38268343236509217 0.9238795325112859 0
    outer loop
      vertex 59.013209624585144 24.915324393885097 -8.261052384440102
      vertex 59.013209624585144 24.915324393885097 -1.7389476155598969
      vertex 59.49144486137381 24.717232872802523 -8.261052384440102
    endloop
  endfacet
  facet normal 0.13052619222005316 0.9914448613738102 0
    outer loop
      vertex 59.013209624585144 24.915324393885097 -8.261052384440102
      vertex 58.5 24.982889722747622 -8.261052384440102
      vertex 59.013209624585144 24.915324393885097 -1.7389476155598969
    endloop
  endfacet
  facet normal 0.13052619222005316 0.9914448613738103 0
    outer loop
      vertex 59.013209624585144 24.915324393885097 -1.7389476155598969
      vertex 58.5 24.982889722747622 -7.466608858548635
      vertex 58.5 24.982889722747622 -1.7389476155598969
    endloop
  endfacet
  facet normal 0.38268343236509217 0.9238795325112859 0
    outer loop
      vertex 59.49144486137381 24.717232872802523 -1.7389476155598969
      vertex 59.49144486137381 24.717232872802523 -8.261052384440102
      vertex 59.013209624585144 24.915324393885097 -1.7389476155598969
    endloop
  endfacet
  facet normal 0 0.2588190451025204 0.9659258262890683
    outer loop
      vertex 52.5 23.76536686473018 -0.15224093497742652
      vertex 58.5 23.261052384440102 -0.017110277252379236
      vertex 58.5 23.76536686473018 -0.15224093497742652
    endloop
  endfacet
  facet normal 0 0.7071067811865492 0.7071067811865459
    outer loop
      vertex 52.5 24.58670668058247 -0.7824771419825587
      vertex 58.5 24.217522858017443 -0.41329331941752967
      vertex 58.5 24.58670668058247 -0.7824771419825587
    endloop
  endfacet
  facet normal 0.034054410021220255 0.25866892497513916 0.9653655703464425
    outer loop
      vertex 58.56756532886252 23.25215724014504 -0.017110277252379236
      vertex 58.5 23.76536686473018 -0.15224093497742652
      vertex 58.5 23.261052384440102 -0.017110277252379236
    endloop
  endfacet
  facet normal 0.0998424782982974 0.24104106520869453 0.9653655703464423
    outer loop
      vertex 58.698091521082574 23.739287621228772 -0.15224093497742652
      vertex 58.63052619222005 23.22607799664363 -0.017110277252379236
      vertex 58.88268343236509 23.662827148071184 -0.15224093497742652
    endloop
  endfacet
  facet normal 0.06568409490621582 0.49892023402452457 0.8641551942546343
    outer loop
      vertex 58.5 24.217522858017443 -0.41329331941752967
      vertex 58.5 23.76536686473018 -0.15224093497742652
      vertex 58.698091521082574 23.739287621228772 -0.15224093497742652
    endloop
  endfacet
  facet normal 0.06568409490622029 0.49892023402452595 0.8641551942546333
    outer loop
      vertex 58.698091521082574 23.739287621228772 -0.15224093497742652
      vertex 58.81511810350256 24.176036772656325 -0.41329331941752967
      vertex 58.5 24.217522858017443 -0.41329331941752967
    endloop
  endfacet
  facet normal 0.8018125360509194 0.33212162691306235 0.49678152337643705
    outer loop
      vertex 60.28479820166505 23.47823523678867 -1.2346331352698203
      vertex 59.8741282937389 23.793353340291237 -0.7824771419825587
      vertex 60.03264096152001 23.410669907926145 -0.7824771419825587
    endloop
  endfacet
  facet normal 0.8929087705806802 0.3698549227364146 0.25675136523052605
    outer loop
      vertex 60.21723287280252 23.99144486137381 -1.7389476155598969
      vertex 60.10020629038253 23.923879532511286 -1.2346331352698203
      vertex 60.4153243938851 23.51320962458514 -1.7389476155598969
    endloop
  endfacet
  facet normal 0.8018125360509195 0.3321216269130632 0.4967815233764365
    outer loop
      vertex 60.28479820166505 23.47823523678867 -1.2346331352698203
      vertex 60.10020629038253 23.923879532511286 -1.2346331352698203
      vertex 59.8741282937389 23.793353340291237 -0.7824771419825587
    endloop
  endfacet
  facet normal 0.46491964458042345 0.19257602219888978 0.8641551942546347
    outer loop
      vertex 59.676036772656325 23.315118103502567 -0.41329331941752967
      vertex 59.55440572473134 23.60876142900872 -0.41329331941752967
      vertex 59.16282714807118 23.38268343236509 -0.15224093497742652
    endloop
  endfacet
  facet normal 0.3992355496742089 0.30634421182563154 0.8641551942546344
    outer loop
      vertex 59.16282714807118 23.38268343236509 -0.15224093497742652
      vertex 59.55440572473134 23.60876142900872 -0.41329331941752967
      vertex 59.36091866915376 23.860918669153758 -0.41329331941752967
    endloop
  endfacet
  facet normal 0.6560818900783139 0.27175801689781603 0.704062592219636
    outer loop
      vertex 59.8741282937389 23.793353340291237 -0.7824771419825587
      vertex 59.55440572473134 23.60876142900872 -0.41329331941752967
      vertex 60.03264096152001 23.410669907926145 -0.7824771419825587
    endloop
  endfacet
  facet normal 0.5633902913547459 0.4323045753218208 0.704062592219637
    outer loop
      vertex 59.55440572473134 23.60876142900872 -0.41329331941752967
      vertex 59.8741282937389 23.793353340291237 -0.7824771419825587
      vertex 59.36091866915376 23.860918669153758 -0.41329331941752967
    endloop
  endfacet
  facet normal 0.6885320340783813 0.528329211836397 0.4967815233764418
    outer loop
      vertex 59.8741282937389 23.793353340291237 -0.7824771419825587
      vertex 59.80656296487638 24.306562964876377 -1.2346331352698203
      vertex 59.62197105359386 24.12197105359386 -0.7824771419825587
    endloop
  endfacet
  facet normal 0.1925760221988869 0.46491964458042756 0.864155194254633
    outer loop
      vertex 58.698091521082574 23.739287621228772 -0.15224093497742652
      vertex 59.10876142900872 24.05440572473134 -0.41329331941752967
      vertex 58.81511810350256 24.176036772656325 -0.41329331941752967
    endloop
  endfacet
  facet normal 0.5633902913547443 0.43230457532182964 0.7040625922196329
    outer loop
      vertex 59.62197105359386 24.12197105359386 -0.7824771419825587
      vertex 59.36091866915376 23.860918669153758 -0.41329331941752967
      vertex 59.8741282937389 23.793353340291237 -0.7824771419825587
    endloop
  endfacet
  facet normal 0.09269159872357571 0.7040625922196326 0.7040625922196398
    outer loop
      vertex 58.91066990792615 24.53264096152001 -0.7824771419825587
      vertex 58.5 24.217522858017443 -0.41329331941752967
      vertex 58.81511810350256 24.176036772656325 -0.41329331941752967
    endloop
  endfacet
  facet normal 0.09269159872356704 0.7040625922196386 0.7040625922196351
    outer loop
      vertex 58.5 24.217522858017443 -0.41329331941752967
      vertex 58.91066990792615 24.53264096152001 -0.7824771419825587
      vertex 58.5 24.58670668058247 -0.7824771419825587
    endloop
  endfacet
  facet normal 0.11328050197252972 0.8604508387494546 0.4967815233764352
    outer loop
      vertex 58.5 24.847759065022572 -1.2346331352698203
      vertex 58.5 24.58670668058247 -0.7824771419825587
      vertex 58.91066990792615 24.53264096152001 -0.7824771419825587
    endloop
  endfacet
  facet normal 0.12615062648588352 0.9582091399530046 0.2567513652305327
    outer loop
      vertex 58.5 24.982889722747622 -1.7389476155598969
      vertex 58.5 24.847759065022572 -1.2346331352698203
      vertex 58.97823523678867 24.784798201665044 -1.2346331352698203
    endloop
  endfacet
  facet normal 0.33212162691306724 0.8018125360509165 0.49678152337643866
    outer loop
      vertex 59.29335334029123 24.3741282937389 -0.7824771419825587
      vertex 59.423879532511286 24.60020629038253 -1.2346331352698203
      vertex 58.91066990792615 24.53264096152001 -0.7824771419825587
    endloop
  endfacet
  facet normal 0.7667581440948025 0.5883542172165969 0.2567513652305271
    outer loop
      vertex 59.80656296487638 24.306562964876377 -1.2346331352698203
      vertex 60.10020629038253 23.923879532511286 -1.2346331352698203
      vertex 59.902114769299956 24.402114769299956 -1.7389476155598969
    endloop
  endfacet
  facet normal 0.5883542172165969 0.7667581440948025 0.25675136523052816
    outer loop
      vertex 59.80656296487638 24.306562964876377 -1.2346331352698203
      vertex 59.49144486137381 24.717232872802523 -1.7389476155598969
      vertex 59.423879532511286 24.60020629038253 -1.2346331352698203
    endloop
  endfacet
  facet normal 0.27175801689780404 0.6560818900783131 0.7040625922196414
    outer loop
      vertex 58.81511810350256 24.176036772656325 -0.41329331941752967
      vertex 59.10876142900872 24.05440572473134 -0.41329331941752967
      vertex 58.91066990792615 24.53264096152001 -0.7824771419825587
    endloop
  endfacet
  facet normal 0.2717580168978213 0.6560818900783143 0.7040625922196337
    outer loop
      vertex 58.91066990792615 24.53264096152001 -0.7824771419825587
      vertex 59.10876142900872 24.05440572473134 -0.41329331941752967
      vertex 59.29335334029123 24.3741282937389 -0.7824771419825587
    endloop
  endfacet
  facet normal 0.12615062648588515 0.9582091399530048 0.2567513652305312
    outer loop
      vertex 59.013209624585144 24.915324393885097 -1.7389476155598969
      vertex 58.5 24.982889722747622 -1.7389476155598969
      vertex 58.97823523678867 24.784798201665044 -1.2346331352698203
    endloop
  endfacet
  facet normal 0.9914448613738136 0.13052619222002676 0
    outer loop
      vertex 60.48288972274762 23 -1.7389476155598969
      vertex 60.48288972274762 23 -8.261052384440102
      vertex 60.473518212141045 23.07118369023237 -8.261052384440102
    endloop
  endfacet
  facet normal 0.9582091399530057 0.12615062648587952 0.2567513652305302
    outer loop
      vertex 60.4153243938851 23.51320962458514 -1.7389476155598969
      vertex 60.28479820166505 23.47823523678867 -1.2346331352698203
      vertex 60.48288972274762 23 -1.7389476155598969
    endloop
  endfacet
  facet normal 0.923879532511283 0.382683432365099 0
    outer loop
      vertex 60.4153243938851 23.51320962458514 -8.261052384440102
      vertex 60.21723287280252 23.99144486137381 -8.261052384440102
      vertex 60.4153243938851 23.51320962458514 -1.7389476155598969
    endloop
  endfacet
  facet normal -0.36985492273640586 -0.8929087705806833 -0.25675136523052816
    outer loop
      vertex 1.0761204674887133 0.3997937096174691 -28.76536686473018
      vertex 1.4867903754148588 0.08467560611490277 -28.261052384440102
      vertex 1.0085551386261895 0.2827671271974783 -28.261052384440102
    endloop
  endfacet
  facet normal -0.36985492273640574 -0.8929087705806832 -0.2567513652305282
    outer loop
      vertex 1.0761204674887133 0.3997937096174691 -28.76536686473018
      vertex 1.5217647632113311 0.21520179833495434 -28.76536686473018
      vertex 1.4867903754148588 0.08467560611490277 -28.261052384440102
    endloop
  endfacet
  facet normal -0.27175801689781165 -0.6560818900783134 -0.7040625922196382
    outer loop
      vertex 1.2066466597087648 0.6258717062610999 -29.217522858017443
      vertex 1.684881896497434 0.823963227343675 -29.58670668058247
      vertex 1.5893300920738547 0.4673590384799926 -29.217522858017443
    endloop
  endfacet
  facet normal -0.5883542172166001 -0.7667581440947998 -0.25675136523052816
    outer loop
      vertex 0.6934370351236234 0.6934370351236234 -28.76536686473018
      vertex 1.0085551386261895 0.2827671271974783 -28.261052384440102
      vertex 0.5978852307000442 0.5978852307000442 -28.261052384440102
    endloop
  endfacet
  facet normal -0.7667581440947998 -0.5883542172166001 -0.25675136523052816
    outer loop
      vertex 0.6934370351236234 0.6934370351236234 -28.76536686473018
      vertex 0.5978852307000442 0.5978852307000442 -28.261052384440102
      vertex 0.2827671271974783 1.0085551386261895 -28.261052384440102
    endloop
  endfacet
  facet normal -0.5283292118363957 -0.6885320340783877 -0.4967815233764348
    outer loop
      vertex 1.0761204674887133 0.3997937096174691 -28.76536686473018
      vertex 0.6934370351236234 0.6934370351236234 -28.76536686473018
      vertex 1.2066466597087648 0.6258717062610999 -29.217522858017443
    endloop
  endfacet
  facet normal -0.33212162691305847 -0.8018125360509225 -0.49678152337643483
    outer loop
      vertex 1.5217647632113311 0.21520179833495434 -28.76536686473018
      vertex 1.2066466597087648 0.6258717062610999 -29.217522858017443
      vertex 1.5893300920738547 0.4673590384799926 -29.217522858017443
    endloop
  endfacet
  facet normal -0.3321216269130586 -0.8018125360509225 -0.4967815233764347
    outer loop
      vertex 1.0761204674887133 0.3997937096174691 -28.76536686473018
      vertex 1.2066466597087648 0.6258717062610999 -29.217522858017443
      vertex 1.5217647632113311 0.21520179833495434 -28.76536686473018
    endloop
  endfacet
  facet normal -0.5883542172166001 -0.7667581440948 -0.2567513652305282
    outer loop
      vertex 1.0761204674887133 0.3997937096174691 -28.76536686473018
      vertex 1.0085551386261895 0.2827671271974783 -28.261052384440102
      vertex 0.6934370351236234 0.6934370351236234 -28.76536686473018
    endloop
  endfacet
  facet normal -0.5283292118363955 -0.6885320340783875 -0.49678152337643466
    outer loop
      vertex 1.2066466597087648 0.6258717062610999 -29.217522858017443
      vertex 0.6934370351236234 0.6934370351236234 -28.76536686473018
      vertex 0.8780289464061379 0.8780289464061379 -29.217522858017443
    endloop
  endfacet
  facet normal -0.12615062648588354 -0.9582091399530057 -0.2567513652305282
    outer loop
      vertex 1.5217647632113311 0.21520179833495434 -28.76536686473018
      vertex 2 0.017110277252379236 -28.261052384440102
      vertex 1.4867903754148588 0.08467560611490277 -28.261052384440102
    endloop
  endfacet
  facet normal -0.12615062648588357 -0.9582091399530057 -0.25675136523052816
    outer loop
      vertex 1.5217647632113311 0.21520179833495434 -28.76536686473018
      vertex 2 0.15224093497742652 -28.76536686473018
      vertex 2 0.017110277252379236 -28.261052384440102
    endloop
  endfacet
  facet normal -0.1132805019725351 -0.8604508387494543 -0.4967815233764348
    outer loop
      vertex 1.5217647632113311 0.21520179833495434 -28.76536686473018
      vertex 2 0.41329331941752967 -29.217522858017443
      vertex 2 0.15224093497742652 -28.76536686473018
    endloop
  endfacet
  facet normal -0.11328050197253525 -0.860450838749454 -0.49678152337643483
    outer loop
      vertex 1.5217647632113311 0.21520179833495434 -28.76536686473018
      vertex 1.5893300920738547 0.4673590384799926 -29.217522858017443
      vertex 2 0.41329331941752967 -29.217522858017443
    endloop
  endfacet
  facet normal -0.09269159872357118 -0.704062592219635 -0.7040625922196383
    outer loop
      vertex 1.5893300920738547 0.4673590384799926 -29.217522858017443
      vertex 1.684881896497434 0.823963227343675 -29.58670668058247
      vertex 2 0.41329331941752967 -29.217522858017443
    endloop
  endfacet
  facet normal -0.09269159872357109 -0.704062592219635 -0.7040625922196383
    outer loop
      vertex 2 0.41329331941752967 -29.217522858017443
      vertex 1.684881896497434 0.823963227343675 -29.58670668058247
      vertex 2 0.7824771419825587 -29.58670668058247
    endloop
  endfacet
  facet normal -0.43230457532182315 -0.5633902913547425 -0.7040625922196382
    outer loop
      vertex 1.2066466597087648 0.6258717062610999 -29.217522858017443
      vertex 0.8780289464061379 0.8780289464061379 -29.217522858017443
      vertex 1.139081330846241 1.139081330846241 -29.58670668058247
    endloop
  endfacet
  facet normal -0.27175801689781165 -0.6560818900783134 -0.7040625922196382
    outer loop
      vertex 1.2066466597087648 0.6258717062610999 -29.217522858017443
      vertex 1.3912385709912793 0.9455942752686617 -29.58670668058247
      vertex 1.684881896497434 0.823963227343675 -29.58670668058247
    endloop
  endfacet
  facet normal -0.43230457532182304 -0.5633902913547425 -0.7040625922196382
    outer loop
      vertex 1.2066466597087648 0.6258717062610999 -29.217522858017443
      vertex 1.139081330846241 1.139081330846241 -29.58670668058247
      vertex 1.3912385709912793 0.9455942752686617 -29.58670668058247
    endloop
  endfacet
  facet normal -0.3063442118256339 -0.39923554967420744 -0.8641551942546343
    outer loop
      vertex 1.3912385709912793 0.9455942752686617 -29.58670668058247
      vertex 1.139081330846241 1.139081330846241 -29.58670668058247
      vertex 1.6173165676349102 1.3371728519288164 -29.847759065022572
    endloop
  endfacet
  facet normal -0.5633902913547425 -0.43230457532182315 -0.7040625922196382
    outer loop
      vertex 0.8780289464061379 0.8780289464061379 -29.217522858017443
      vertex 0.6258717062610999 1.2066466597087648 -29.217522858017443
      vertex 1.139081330846241 1.139081330846241 -29.58670668058247
    endloop
  endfacet
  facet normal -0.6885320340783876 -0.5283292118363957 -0.49678152337643483
    outer loop
      vertex 0.6934370351236234 0.6934370351236234 -28.76536686473018
      vertex 0.6258717062610999 1.2066466597087648 -29.217522858017443
      vertex 0.8780289464061379 0.8780289464061379 -29.217522858017443
    endloop
  endfacet
  facet normal -0.6885320340783877 -0.5283292118363957 -0.4967815233764347
    outer loop
      vertex 0.6934370351236234 0.6934370351236234 -28.76536686473018
      vertex 0.3997937096174691 1.0761204674887133 -28.76536686473018
      vertex 0.6258717062610999 1.2066466597087648 -29.217522858017443
    endloop
  endfacet
  facet normal -0.7667581440948 -0.5883542172166001 -0.2567513652305283
    outer loop
      vertex 0.6934370351236234 0.6934370351236234 -28.76536686473018
      vertex 0.2827671271974783 1.0085551386261895 -28.261052384440102
      vertex 0.3997937096174691 1.0761204674887133 -28.76536686473018
    endloop
  endfacet
  facet normal -0.6560818900783134 -0.27175801689781165 -0.7040625922196382
    outer loop
      vertex 0.6258717062610999 1.2066466597087648 -29.217522858017443
      vertex 0.4673590384799926 1.5893300920738547 -29.217522858017443
      vertex 0.823963227343675 1.684881896497434 -29.58670668058247
    endloop
  endfacet
  facet normal -0.3063442118256342 -0.3992355496742068 -0.8641551942546344
    outer loop
      vertex 1.139081330846241 1.139081330846241 -29.58670668058247
      vertex 1.458803899853803 1.458803899853803 -29.847759065022572
      vertex 1.6173165676349102 1.3371728519288164 -29.847759065022572
    endloop
  endfacet
  facet normal -0.5633902913547425 -0.432304575321823 -0.7040625922196382
    outer loop
      vertex 1.139081330846241 1.139081330846241 -29.58670668058247
      vertex 0.6258717062610999 1.2066466597087648 -29.217522858017443
      vertex 0.9455942752686617 1.3912385709912793 -29.58670668058247
    endloop
  endfacet
  facet normal -0.3992355496742074 -0.30634421182563387 -0.8641551942546343
    outer loop
      vertex 1.139081330846241 1.139081330846241 -29.58670668058247
      vertex 0.9455942752686617 1.3912385709912793 -29.58670668058247
      vertex 1.3371728519288164 1.6173165676349102 -29.847759065022572
    endloop
  endfacet
  facet normal -0.46491964458042395 -0.19257602219889075 -0.8641551942546343
    outer loop
      vertex 0.9455942752686617 1.3912385709912793 -29.58670668058247
      vertex 0.823963227343675 1.684881896497434 -29.58670668058247
      vertex 1.3371728519288164 1.6173165676349102 -29.847759065022572
    endloop
  endfacet
  facet normal -0.3992355496742068 -0.3063442118256342 -0.8641551942546344
    outer loop
      vertex 1.139081330846241 1.139081330846241 -29.58670668058247
      vertex 1.3371728519288164 1.6173165676349102 -29.847759065022572
      vertex 1.458803899853803 1.458803899853803 -29.847759065022572
    endloop
  endfacet
  facet normal -0.6560818900783134 -0.27175801689781165 -0.7040625922196382
    outer loop
      vertex 0.6258717062610999 1.2066466597087648 -29.217522858017443
      vertex 0.823963227343675 1.684881896497434 -29.58670668058247
      vertex 0.9455942752686617 1.3912385709912793 -29.58670668058247
    endloop
  endfacet
  facet normal -0.8018125360509225 -0.3321216269130586 -0.4967815233764347
    outer loop
      vertex 0.3997937096174691 1.0761204674887133 -28.76536686473018
      vertex 0.21520179833495434 1.5217647632113311 -28.76536686473018
      vertex 0.6258717062610999 1.2066466597087648 -29.217522858017443
    endloop
  endfacet
  facet normal -0.8929087705806833 -0.36985492273640586 -0.25675136523052816
    outer loop
      vertex 0.3997937096174691 1.0761204674887133 -28.76536686473018
      vertex 0.2827671271974783 1.0085551386261895 -28.261052384440102
      vertex 0.08467560611490277 1.4867903754148588 -28.261052384440102
    endloop
  endfacet
  facet normal -0.8929087705806832 -0.36985492273640574 -0.2567513652305282
    outer loop
      vertex 0.3997937096174691 1.0761204674887133 -28.76536686473018
      vertex 0.08467560611490277 1.4867903754148588 -28.261052384440102
      vertex 0.21520179833495434 1.5217647632113311 -28.76536686473018
    endloop
  endfacet
  facet normal -0.8018125360509225 -0.3321216269130584 -0.49678152337643483
    outer loop
      vertex 0.6258717062610999 1.2066466597087648 -29.217522858017443
      vertex 0.21520179833495434 1.5217647632113311 -28.76536686473018
      vertex 0.4673590384799926 1.5893300920738547 -29.217522858017443
    endloop
  endfacet
  facet normal -0.06568409490621667 -0.49892023402452473 -0.8641551942546343
    outer loop
      vertex 2 0.7824771419825587 -29.58670668058247
      vertex 1.684881896497434 0.823963227343675 -29.58670668058247
      vertex 2 1.2346331352698203 -29.847759065022572
    endloop
  endfacet
  facet normal -0.19257602219889075 -0.46491964458042395 -0.8641551942546343
    outer loop
      vertex 1.3912385709912793 0.9455942752686617 -29.58670668058247
      vertex 1.6173165676349102 1.3371728519288164 -29.847759065022572
      vertex 1.684881896497434 0.823963227343675 -29.58670668058247
    endloop
  endfacet
  facet normal -0.19257602219889075 -0.464919644580424 -0.8641551942546343
    outer loop
      vertex 1.684881896497434 0.823963227343675 -29.58670668058247
      vertex 1.6173165676349102 1.3371728519288164 -29.847759065022572
      vertex 1.8019084789174247 1.2607123787712278 -29.847759065022572
    endloop
  endfacet
  facet normal -0.06568409490621702 -0.4989202340245247 -0.8641551942546342
    outer loop
      vertex 1.684881896497434 0.823963227343675 -29.58670668058247
      vertex 1.8019084789174247 1.2607123787712278 -29.847759065022572
      vertex 2 1.2346331352698203 -29.847759065022572
    endloop
  endfacet
  facet normal -0.09984247829830015 -0.24104106520869767 -0.9653655703464412
    outer loop
      vertex 1.8019084789174247 1.2607123787712278 -29.847759065022572
      vertex 1.6173165676349102 1.3371728519288164 -29.847759065022572
      vertex 1.8694738077799484 1.7739220033563692 -29.982889722747622
    endloop
  endfacet
  facet normal -0.15882644667684373 -0.2069866551874732 -0.9653655703464412
    outer loop
      vertex 1.458803899853803 1.458803899853803 -29.847759065022572
      vertex 1.8154080887174855 1.8154080887174855 -29.982889722747622
      vertex 1.6173165676349102 1.3371728519288164 -29.847759065022572
    endloop
  endfacet
  facet normal -0.034054410021224536 -0.25866892497514365 -0.9653655703464412
    outer loop
      vertex 1.8019084789174247 1.2607123787712278 -29.847759065022572
      vertex 2 1.7389476155598969 -29.982889722747622
      vertex 2 1.2346331352698203 -29.847759065022572
    endloop
  endfacet
  facet normal 0 -0.9659258262890683 -0.2588190451025204
    outer loop
      vertex 2 0.15224093497742652 -28.76536686473018
      vertex 8 0.017110277252379236 -28.261052384440102
      vertex 2 0.017110277252379236 -28.261052384440102
    endloop
  endfacet
  facet normal 0 -0.8660254037844394 -0.4999999999999985
    outer loop
      vertex 2 0.15224093497742652 -28.76536686473018
      vertex 2 0.41329331941752967 -29.217522858017443
      vertex 8 0.41329331941752967 -29.217522858017443
    endloop
  endfacet
  facet normal 0 -0.7071067811865459 -0.7071067811865492
    outer loop
      vertex 2 0.41329331941752967 -29.217522858017443
      vertex 2 0.7824771419825587 -29.58670668058247
      vertex 8 0.41329331941752967 -29.217522858017443
    endloop
  endfacet
  facet normal 0 -0.9659258262890683 -0.2588190451025204
    outer loop
      vertex 2 0.15224093497742652 -28.76536686473018
      vertex 8 0.15224093497742652 -28.76536686473018
      vertex 8 0.017110277252379236 -28.261052384440102
    endloop
  endfacet
  facet normal 0 -0.8660254037844394 -0.4999999999999985
    outer loop
      vertex 2 0.15224093497742652 -28.76536686473018
      vertex 8 0.41329331941752967 -29.217522858017443
      vertex 8 0.15224093497742652 -28.76536686473018
    endloop
  endfacet
  facet normal 0 -0.7071067811865459 -0.7071067811865492
    outer loop
      vertex 2 0.7824771419825587 -29.58670668058247
      vertex 8 0.7824771419825587 -29.58670668058247
      vertex 8 0.41329331941752967 -29.217522858017443
    endloop
  endfacet
  facet normal 0 -0.4999999999999987 -0.8660254037844393
    outer loop
      vertex 2 0.7824771419825587 -29.58670668058247
      vertex 2 1.2346331352698203 -29.847759065022572
      vertex 8 1.2346331352698203 -29.847759065022572
    endloop
  endfacet
  facet normal 0 -0.258819045102525 -0.9659258262890671
    outer loop
      vertex 2 1.2346331352698203 -29.847759065022572
      vertex 2 1.7389476155598969 -29.982889722747622
      vertex 8 1.2346331352698203 -29.847759065022572
    endloop
  endfacet
  facet normal 0 -0.4999999999999987 -0.8660254037844393
    outer loop
      vertex 2 0.7824771419825587 -29.58670668058247
      vertex 8 1.2346331352698203 -29.847759065022572
      vertex 8 0.7824771419825587 -29.58670668058247
    endloop
  endfacet
  facet normal 0 -0.258819045102525 -0.9659258262890671
    outer loop
      vertex 2 1.7389476155598969 -29.982889722747622
      vertex 8 1.7389476155598969 -29.982889722747622
      vertex 8 1.2346331352698203 -29.847759065022572
    endloop
  endfacet
  facet normal -0.704062592219635 -0.09269159872357118 -0.7040625922196383
    outer loop
      vertex 0.4673590384799926 1.5893300920738547 -29.217522858017443
      vertex 0.41329331941752967 2 -29.217522858017443
      vertex 0.823963227343675 1.684881896497434 -29.58670668058247
    endloop
  endfacet
  facet normal -0.704062592219635 -0.09269159872357109 -0.7040625922196383
    outer loop
      vertex 0.823963227343675 1.684881896497434 -29.58670668058247
      vertex 0.41329331941752967 2 -29.217522858017443
      vertex 0.7824771419825587 2 -29.58670668058247
    endloop
  endfacet
  facet normal -0.4649196445804239 -0.19257602219889056 -0.8641551942546343
    outer loop
      vertex 1.3371728519288164 1.6173165676349102 -29.847759065022572
      vertex 0.823963227343675 1.684881896497434 -29.58670668058247
      vertex 1.2607123787712278 1.8019084789174247 -29.847759065022572
    endloop
  endfacet
  facet normal -0.2410410652086977 -0.0998424782983001 -0.9653655703464413
    outer loop
      vertex 1.7739220033563692 1.8694738077799484 -29.982889722747622
      vertex 1.3371728519288164 1.6173165676349102 -29.847759065022572
      vertex 1.2607123787712278 1.8019084789174247 -29.847759065022572
    endloop
  endfacet
  facet normal -0.4989202340245247 -0.06568409490621702 -0.8641551942546342
    outer loop
      vertex 0.823963227343675 1.684881896497434 -29.58670668058247
      vertex 1.2346331352698203 2 -29.847759065022572
      vertex 1.2607123787712278 1.8019084789174247 -29.847759065022572
    endloop
  endfacet
  facet normal -0.49892023402452484 -0.06568409490621668 -0.8641551942546343
    outer loop
      vertex 0.823963227343675 1.684881896497434 -29.58670668058247
      vertex 0.7824771419825587 2 -29.58670668058247
      vertex 1.2346331352698203 2 -29.847759065022572
    endloop
  endfacet
  facet normal -0.25866892497514365 -0.03405441002122446 -0.9653655703464412
    outer loop
      vertex 1.7389476155598969 2 -29.982889722747622
      vertex 1.2607123787712278 1.8019084789174247 -29.847759065022572
      vertex 1.2346331352698203 2 -29.847759065022572
    endloop
  endfacet
  facet normal -0.860450838749454 -0.11328050197253525 -0.49678152337643483
    outer loop
      vertex 0.21520179833495434 1.5217647632113311 -28.76536686473018
      vertex 0.41329331941752967 2 -29.217522858017443
      vertex 0.4673590384799926 1.5893300920738547 -29.217522858017443
    endloop
  endfacet
  facet normal -0.9582091399530057 -0.12615062648588354 -0.2567513652305282
    outer loop
      vertex 0.21520179833495434 1.5217647632113311 -28.76536686473018
      vertex 0.08467560611490277 1.4867903754148588 -28.261052384440102
      vertex 0.017110277252379236 2 -28.261052384440102
    endloop
  endfacet
  facet normal -0.8604508387494543 -0.1132805019725351 -0.4967815233764348
    outer loop
      vertex 0.21520179833495434 1.5217647632113311 -28.76536686473018
      vertex 0.15224093497742652 2 -28.76536686473018
      vertex 0.41329331941752967 2 -29.217522858017443
    endloop
  endfacet
  facet normal -0.9582091399530057 -0.12615062648588357 -0.25675136523052816
    outer loop
      vertex 0.21520179833495434 1.5217647632113311 -28.76536686473018
      vertex 0.017110277252379236 2 -28.261052384440102
      vertex 0.15224093497742652 2 -28.76536686473018
    endloop
  endfacet
  facet normal -0.2069866551874732 -0.15882644667684373 -0.9653655703464412
    outer loop
      vertex 1.458803899853803 1.458803899853803 -29.847759065022572
      vertex 1.3371728519288164 1.6173165676349102 -29.847759065022572
      vertex 1.8154080887174855 1.8154080887174855 -29.982889722747622
    endloop
  endfacet
  facet normal -0.09984247829829954 -0.24104106520869775 -0.9653655703464412
    outer loop
      vertex 1.8019084789174247 1.2607123787712278 -29.847759065022572
      vertex 1.8694738077799484 1.7739220033563692 -29.982889722747622
      vertex 1.9324346711374765 1.747842759854962 -29.982889722747622
    endloop
  endfacet
  facet normal -0.15882644667684348 -0.20698665518747328 -0.9653655703464412
    outer loop
      vertex 1.6173165676349102 1.3371728519288164 -29.847759065022572
      vertex 1.8154080887174855 1.8154080887174855 -29.982889722747622
      vertex 1.8694738077799484 1.7739220033563692 -29.982889722747622
    endloop
  endfacet
  facet normal -0.2069866551874733 -0.1588264466768434 -0.9653655703464412
    outer loop
      vertex 1.8154080887174855 1.8154080887174855 -29.982889722747622
      vertex 1.3371728519288164 1.6173165676349102 -29.847759065022572
      vertex 1.7739220033563692 1.8694738077799484 -29.982889722747622
    endloop
  endfacet
  facet normal -0.0340544100212247 -0.2586689249751436 -0.9653655703464413
    outer loop
      vertex 1.8019084789174247 1.2607123787712278 -29.847759065022572
      vertex 1.9324346711374765 1.747842759854962 -29.982889722747622
      vertex 2 1.7389476155598969 -29.982889722747622
    endloop
  endfacet
  facet normal -0.24104106520869775 -0.0998424782982997 -0.9653655703464412
    outer loop
      vertex 1.7739220033563692 1.8694738077799484 -29.982889722747622
      vertex 1.2607123787712278 1.8019084789174247 -29.847759065022572
      vertex 1.747842759854962 1.9324346711374765 -29.982889722747622
    endloop
  endfacet
  facet normal -0.2586689249751436 -0.03405441002122482 -0.9653655703464413
    outer loop
      vertex 1.747842759854962 1.9324346711374765 -29.982889722747622
      vertex 1.2607123787712278 1.8019084789174247 -29.847759065022572
      vertex 1.7389476155598969 2 -29.982889722747622
    endloop
  endfacet
  facet normal 0 0 -1
    outer loop
      vertex 1.9324346711374765 1.747842759854962 -29.982889722747622
      vertex 8.184591911282514 1.8154080887174855 -29.982889722747622
      vertex 2 1.7389476155598969 -29.982889722747622
    endloop
  endfacet
  facet normal 0 0 -1
    outer loop
      vertex 1.8694738077799484 1.7739220033563692 -29.982889722747622
      vertex 1.8154080887174855 1.8154080887174855 -29.982889722747622
      vertex 8.184591911282514 1.8154080887174855 -29.982889722747622
    endloop
  endfacet
  facet normal 0 0 -1
    outer loop
      vertex 1.8154080887174855 1.8154080887174855 -29.982889722747622
      vertex 1.7739220033563692 1.8694738077799484 -29.982889722747622
      vertex 8.184591911282514 1.8154080887174855 -29.982889722747622
    endloop
  endfacet
  facet normal 0 0 -1
    outer loop
      vertex 1.9324346711374765 1.747842759854962 -29.982889722747622
      vertex 1.8694738077799484 1.7739220033563692 -29.982889722747622
      vertex 8.184591911282514 1.8154080887174855 -29.982889722747622
    endloop
  endfacet
  facet normal 0 0 -1
    outer loop
      vertex 1.7739220033563692 1.8694738077799484 -29.982889722747622
      vertex 1.747842759854962 1.9324346711374765 -29.982889722747622
      vertex 8.184591911282514 1.8154080887174855 -29.982889722747622
    endloop
  endfacet
  facet normal 0 0 -1
    outer loop
      vertex 1.747842759854962 1.9324346711374765 -29.982889722747622
      vertex 1.7389476155598969 2 -29.982889722747622
      vertex 8.184591911282514 1.8154080887174855 -29.982889722747622
    endloop
  endfacet
  facet normal 0.12615062648588368 -0.9582091399530057 -0.2567513652305282
    outer loop
      vertex 8 0.15224093497742652 -28.76536686473018
      vertex 8.51320962458514 0.08467560611490277 -28.261052384440102
      vertex 8 0.017110277252379236 -28.261052384440102
    endloop
  endfacet
  facet normal 0.1132805019725352 -0.8604508387494542 -0.4967815233764347
    outer loop
      vertex 8 0.15224093497742652 -28.76536686473018
      vertex 8 0.41329331941752967 -29.217522858017443
      vertex 8.478235236788668 0.21520179833495434 -28.76536686473018
    endloop
  endfacet
  facet normal 0.11328050197253527 -0.860450838749454 -0.49678152337643483
    outer loop
      vertex 8.478235236788668 0.21520179833495434 -28.76536686473018
      vertex 8 0.41329331941752967 -29.217522858017443
      vertex 8.410669907926145 0.4673590384799926 -29.217522858017443
    endloop
  endfacet
  facet normal 0.12615062648588368 -0.9582091399530056 -0.2567513652305282
    outer loop
      vertex 8 0.15224093497742652 -28.76536686473018
      vertex 8.478235236788668 0.21520179833495434 -28.76536686473018
      vertex 8.51320962458514 0.08467560611490277 -28.261052384440102
    endloop
  endfacet
  facet normal 0.36985492273640524 -0.8929087705806835 -0.25675136523052816
    outer loop
      vertex 8.478235236788668 0.21520179833495434 -28.76536686473018
      vertex 8.991444861373811 0.2827671271974783 -28.261052384440102
      vertex 8.51320962458514 0.08467560611490277 -28.261052384440102
    endloop
  endfacet
  facet normal 0.36985492273640586 -0.8929087705806832 -0.2567513652305289
    outer loop
      vertex 8.478235236788668 0.21520179833495434 -28.76536686473018
      vertex 8.923879532511286 0.3997937096174691 -28.76536686473018
      vertex 8.991444861373811 0.2827671271974783 -28.261052384440102
    endloop
  endfacet
  facet normal 0.09269159872357118 -0.704062592219635 -0.7040625922196382
    outer loop
      vertex 8 0.41329331941752967 -29.217522858017443
      vertex 8.315118103502567 0.823963227343675 -29.58670668058247
      vertex 8.410669907926145 0.4673590384799926 -29.217522858017443
    endloop
  endfacet
  facet normal 0.09269159872357095 -0.7040625922196349 -0.7040625922196382
    outer loop
      vertex 8 0.41329331941752967 -29.217522858017443
      vertex 8 0.7824771419825587 -29.58670668058247
      vertex 8.315118103502567 0.823963227343675 -29.58670668058247
    endloop
  endfacet
  facet normal 0.27175801689781187 -0.6560818900783136 -0.704062592219638
    outer loop
      vertex 8.410669907926145 0.4673590384799926 -29.217522858017443
      vertex 8.608761429008721 0.9455942752686617 -29.58670668058247
      vertex 8.793353340291235 0.6258717062610999 -29.217522858017443
    endloop
  endfacet
  facet normal 0.27175801689781165 -0.6560818900783136 -0.7040625922196381
    outer loop
      vertex 8.410669907926145 0.4673590384799926 -29.217522858017443
      vertex 8.315118103502567 0.823963227343675 -29.58670668058247
      vertex 8.608761429008721 0.9455942752686617 -29.58670668058247
    endloop
  endfacet
  facet normal 0.33212162691305863 -0.8018125360509225 -0.4967815233764346
    outer loop
      vertex 8.478235236788668 0.21520179833495434 -28.76536686473018
      vertex 8.410669907926145 0.4673590384799926 -29.217522858017443
      vertex 8.793353340291235 0.6258717062610999 -29.217522858017443
    endloop
  endfacet
  facet normal 0.3321216269130588 -0.8018125360509227 -0.4967815233764346
    outer loop
      vertex 8.478235236788668 0.21520179833495434 -28.76536686473018
      vertex 8.793353340291235 0.6258717062610999 -29.217522858017443
      vertex 8.923879532511286 0.3997937096174691 -28.76536686473018
    endloop
  endfacet
  facet normal 0.5283292118363944 -0.6885320340783887 -0.4967815233764344
    outer loop
      vertex 8.923879532511286 0.3997937096174691 -28.76536686473018
      vertex 8.793353340291235 0.6258717062610999 -29.217522858017443
      vertex 9.306562964876377 0.6934370351236234 -28.76536686473018
    endloop
  endfacet
  facet normal 0.06568409490621659 -0.49892023402452473 -0.8641551942546343
    outer loop
      vertex 8 0.7824771419825587 -29.58670668058247
      vertex 8 1.2346331352698203 -29.847759065022572
      vertex 8.315118103502567 0.823963227343675 -29.58670668058247
    endloop
  endfacet
  facet normal 0.06568409490621681 -0.4989202340245247 -0.8641551942546343
    outer loop
      vertex 8.315118103502567 0.823963227343675 -29.58670668058247
      vertex 8 1.2346331352698203 -29.847759065022572
      vertex 8.198091521082576 1.2607123787712278 -29.847759065022572
    endloop
  endfacet
  facet normal 0.4323045753218232 -0.563390291354743 -0.7040625922196377
    outer loop
      vertex 8.793353340291235 0.6258717062610999 -29.217522858017443
      vertex 8.608761429008721 0.9455942752686617 -29.58670668058247
      vertex 9.121971053593862 0.8780289464061379 -29.217522858017443
    endloop
  endfacet
  facet normal 0.43230457532182426 -0.5633902913547407 -0.7040625922196388
    outer loop
      vertex 8.608761429008721 0.9455942752686617 -29.58670668058247
      vertex 8.860918669153758 1.139081330846241 -29.58670668058247
      vertex 9.121971053593862 0.8780289464061379 -29.217522858017443
    endloop
  endfacet
  facet normal 0.19257602219889058 -0.4649196445804239 -0.8641551942546343
    outer loop
      vertex 8.315118103502567 0.823963227343675 -29.58670668058247
      vertex 8.198091521082576 1.2607123787712278 -29.847759065022572
      vertex 8.608761429008721 0.9455942752686617 -29.58670668058247
    endloop
  endfacet
  facet normal 0.19257602219889114 -0.46491964458042323 -0.8641551942546345
    outer loop
      vertex 8.608761429008721 0.9455942752686617 -29.58670668058247
      vertex 8.198091521082576 1.2607123787712278 -29.847759065022572
      vertex 8.38268343236509 1.3371728519288164 -29.847759065022572
    endloop
  endfacet
  facet normal 0.306344211825635 -0.3992355496742064 -0.8641551942546344
    outer loop
      vertex 8.608761429008721 0.9455942752686617 -29.58670668058247
      vertex 8.541196100146196 1.458803899853803 -29.847759065022572
      vertex 8.860918669153758 1.139081330846241 -29.58670668058247
    endloop
  endfacet
  facet normal 0.5633902913547403 -0.43230457532182476 -0.7040625922196391
    outer loop
      vertex 8.860918669153758 1.139081330846241 -29.58670668058247
      vertex 9.054405724731339 1.3912385709912793 -29.58670668058247
      vertex 9.121971053593862 0.8780289464061379 -29.217522858017443
    endloop
  endfacet
  facet normal 0.034054410021224425 -0.25866892497514365 -0.9653655703464412
    outer loop
      vertex 8 1.2346331352698203 -29.847759065022572
      vertex 8 1.7389476155598969 -29.982889722747622
      vertex 8.198091521082576 1.2607123787712278 -29.847759065022572
    endloop
  endfacet
  facet normal 0.09984247829830052 -0.2410410652086974 -0.9653655703464412
    outer loop
      vertex 8.198091521082576 1.2607123787712278 -29.847759065022572
      vertex 8.130526192220051 1.7739220033563692 -29.982889722747622
      vertex 8.38268343236509 1.3371728519288164 -29.847759065022572
    endloop
  endfacet
  facet normal 0.30634421182563465 -0.3992355496742066 -0.8641551942546345
    outer loop
      vertex 8.608761429008721 0.9455942752686617 -29.58670668058247
      vertex 8.38268343236509 1.3371728519288164 -29.847759065022572
      vertex 8.541196100146196 1.458803899853803 -29.847759065022572
    endloop
  endfacet
  facet normal 0.15882644667684384 -0.20698665518747303 -0.9653655703464413
    outer loop
      vertex 8.38268343236509 1.3371728519288164 -29.847759065022572
      vertex 8.130526192220051 1.7739220033563692 -29.982889722747622
      vertex 8.541196100146196 1.458803899853803 -29.847759065022572
    endloop
  endfacet
  facet normal 0.3992355496742061 -0.3063442118256354 -0.8641551942546343
    outer loop
      vertex 8.860918669153758 1.139081330846241 -29.58670668058247
      vertex 8.541196100146196 1.458803899853803 -29.847759065022572
      vertex 8.662827148071184 1.6173165676349102 -29.847759065022572
    endloop
  endfacet
  facet normal 0.39923554967420616 -0.30634421182563537 -0.8641551942546344
    outer loop
      vertex 8.860918669153758 1.139081330846241 -29.58670668058247
      vertex 8.662827148071184 1.6173165676349102 -29.847759065022572
      vertex 9.054405724731339 1.3912385709912793 -29.58670668058247
    endloop
  endfacet
  facet normal 0.5883542172165982 -0.7667581440948007 -0.2567513652305295
    outer loop
      vertex 8.923879532511286 0.3997937096174691 -28.76536686473018
      vertex 9.306562964876377 0.6934370351236234 -28.76536686473018
      vertex 8.991444861373811 0.2827671271974783 -28.261052384440102
    endloop
  endfacet
  facet normal 0.5883542172166001 -0.7667581440947998 -0.2567513652305276
    outer loop
      vertex 9.306562964876377 0.6934370351236234 -28.76536686473018
      vertex 9.402114769299956 0.5978852307000442 -28.261052384440102
      vertex 8.991444861373811 0.2827671271974783 -28.261052384440102
    endloop
  endfacet
  facet normal 0.5283292118363951 -0.6885320340783874 -0.4967815233764355
    outer loop
      vertex 8.793353340291235 0.6258717062610999 -29.217522858017443
      vertex 9.121971053593862 0.8780289464061379 -29.217522858017443
      vertex 9.306562964876377 0.6934370351236234 -28.76536686473018
    endloop
  endfacet
  facet normal 0.7667581440948009 -0.5883542172165989 -0.25675136523052744
    outer loop
      vertex 9.306562964876377 0.6934370351236234 -28.76536686473018
      vertex 9.717232872802521 1.0085551386261895 -28.261052384440102
      vertex 9.402114769299956 0.5978852307000442 -28.261052384440102
    endloop
  endfacet
  facet normal 0.5633902913547423 -0.4323045753218237 -0.704062592219638
    outer loop
      vertex 9.054405724731339 1.3912385709912793 -29.58670668058247
      vertex 9.3741282937389 1.2066466597087648 -29.217522858017443
      vertex 9.121971053593862 0.8780289464061379 -29.217522858017443
    endloop
  endfacet
  facet normal 0.6885320340783866 -0.5283292118363959 -0.49678152337643583
    outer loop
      vertex 9.306562964876377 0.6934370351236234 -28.76536686473018
      vertex 9.121971053593862 0.8780289464061379 -29.217522858017443
      vertex 9.3741282937389 1.2066466597087648 -29.217522858017443
    endloop
  endfacet
  facet normal 0.6885320340783891 -0.5283292118363944 -0.4967815233764339
    outer loop
      vertex 9.306562964876377 0.6934370351236234 -28.76536686473018
      vertex 9.3741282937389 1.2066466597087648 -29.217522858017443
      vertex 9.60020629038253 1.0761204674887133 -28.76536686473018
    endloop
  endfacet
  facet normal 0.7667581440948011 -0.5883542172165983 -0.25675136523052794
    outer loop
      vertex 9.306562964876377 0.6934370351236234 -28.76536686473018
      vertex 9.60020629038253 1.0761204674887133 -28.76536686473018
      vertex 9.717232872802521 1.0085551386261895 -28.261052384440102
    endloop
  endfacet
  facet normal 0.656081890078314 -0.2717580168978111 -0.704062592219638
    outer loop
      vertex 9.054405724731339 1.3912385709912793 -29.58670668058247
      vertex 9.532640961520007 1.5893300920738547 -29.217522858017443
      vertex 9.3741282937389 1.2066466597087648 -29.217522858017443
    endloop
  endfacet
  facet normal 0.6560818900783137 -0.27175801689780943 -0.7040625922196387
    outer loop
      vertex 9.054405724731339 1.3912385709912793 -29.58670668058247
      vertex 9.176036772656325 1.684881896497434 -29.58670668058247
      vertex 9.532640961520007 1.5893300920738547 -29.217522858017443
    endloop
  endfacet
  facet normal 0.8018125360509227 -0.33212162691305985 -0.4967815233764336
    outer loop
      vertex 9.60020629038253 1.0761204674887133 -28.76536686473018
      vertex 9.3741282937389 1.2066466597087648 -29.217522858017443
      vertex 9.784798201665046 1.5217647632113311 -28.76536686473018
    endloop
  endfacet
  facet normal 0.8929087705806831 -0.36985492273640697 -0.25675136523052783
    outer loop
      vertex 9.60020629038253 1.0761204674887133 -28.76536686473018
      vertex 9.784798201665046 1.5217647632113311 -28.76536686473018
      vertex 9.717232872802521 1.0085551386261895 -28.261052384440102
    endloop
  endfacet
  facet normal 0.8929087705806832 -0.36985492273640663 -0.25675136523052744
    outer loop
      vertex 9.784798201665046 1.5217647632113311 -28.76536686473018
      vertex 9.915324393885097 1.4867903754148588 -28.261052384440102
      vertex 9.717232872802521 1.0085551386261895 -28.261052384440102
    endloop
  endfacet
  facet normal 0.8018125360509226 -0.33212162691305747 -0.49678152337643516
    outer loop
      vertex 9.3741282937389 1.2066466597087648 -29.217522858017443
      vertex 9.532640961520007 1.5893300920738547 -29.217522858017443
      vertex 9.784798201665046 1.5217647632113311 -28.76536686473018
    endloop
  endfacet
  facet normal 0 0 -1
    outer loop
      vertex 2 1.7389476155598969 -29.982889722747622
      vertex 8.184591911282514 1.8154080887174855 -29.982889722747622
      vertex 8 1.7389476155598969 -29.982889722747622
    endloop
  endfacet
  facet normal 0 0 -1
    outer loop
      vertex 8 1.7389476155598969 -29.982889722747622
      vertex 8.184591911282514 1.8154080887174855 -29.982889722747622
      vertex 8.067565328862523 1.747842759854962 -29.982889722747622
    endloop
  endfacet
  facet normal 0 0 -1
    outer loop
      vertex 8.067565328862523 1.747842759854962 -29.982889722747622
      vertex 8.184591911282514 1.8154080887174855 -29.982889722747622
      vertex 8.130526192220051 1.7739220033563692 -29.982889722747622
    endloop
  endfacet
  facet normal 0 0 -1
    outer loop
      vertex 8.184591911282514 1.8154080887174855 -29.982889722747622
      vertex 8.252157240145038 1.9324346711374765 -29.982889722747622
      vertex 8.226077996643632 1.8694738077799484 -29.982889722747622
    endloop
  endfacet
  facet normal 0 0 -1
    outer loop
      vertex 8.184591911282514 1.8154080887174855 -29.982889722747622
      vertex 8.261052384440102 2 -29.982889722747622
      vertex 8.252157240145038 1.9324346711374765 -29.982889722747622
    endloop
  endfacet
  facet normal 0.0340544100212249 -0.25866892497514343 -0.9653655703464413
    outer loop
      vertex 8.198091521082576 1.2607123787712278 -29.847759065022572
      vertex 8 1.7389476155598969 -29.982889722747622
      vertex 8.067565328862523 1.747842759854962 -29.982889722747622
    endloop
  endfacet
  facet normal 0.09984247829829947 -0.24104106520869756 -0.9653655703464412
    outer loop
      vertex 8.198091521082576 1.2607123787712278 -29.847759065022572
      vertex 8.067565328862523 1.747842759854962 -29.982889722747622
      vertex 8.130526192220051 1.7739220033563692 -29.982889722747622
    endloop
  endfacet
  facet normal 0.15882644667684426 -0.2069866551874726 -0.9653655703464412
    outer loop
      vertex 8.541196100146196 1.458803899853803 -29.847759065022572
      vertex 8.130526192220051 1.7739220033563692 -29.982889722747622
      vertex 8.184591911282514 1.8154080887174855 -29.982889722747622
    endloop
  endfacet
  facet normal 0.206986655187473 -0.15882644667684445 -0.9653655703464411
    outer loop
      vertex 8.541196100146196 1.458803899853803 -29.847759065022572
      vertex 8.226077996643632 1.8694738077799484 -29.982889722747622
      vertex 8.662827148071184 1.6173165676349102 -29.847759065022572
    endloop
  endfacet
  facet normal 0.20698665518746945 -0.15882644667684737 -0.9653655703464414
    outer loop
      vertex 8.541196100146196 1.458803899853803 -29.847759065022572
      vertex 8.184591911282514 1.8154080887174855 -29.982889722747622
      vertex 8.226077996643632 1.8694738077799484 -29.982889722747622
    endloop
  endfacet
  facet normal 0.24104106520869792 -0.09984247829830026 -0.9653655703464411
    outer loop
      vertex 8.226077996643632 1.8694738077799484 -29.982889722747622
      vertex 8.739287621228772 1.8019084789174247 -29.847759065022572
      vertex 8.662827148071184 1.6173165676349102 -29.847759065022572
    endloop
  endfacet
  facet normal 0.4649196445804237 -0.1925760221988905 -0.8641551942546343
    outer loop
      vertex 9.054405724731339 1.3912385709912793 -29.58670668058247
      vertex 8.662827148071184 1.6173165676349102 -29.847759065022572
      vertex 8.739287621228772 1.8019084789174247 -29.847759065022572
    endloop
  endfacet
  facet normal 0.46491964458042484 -0.19257602219888936 -0.864155194254634
    outer loop
      vertex 9.054405724731339 1.3912385709912793 -29.58670668058247
      vertex 8.739287621228772 1.8019084789174247 -29.847759065022572
      vertex 9.176036772656325 1.684881896497434 -29.58670668058247
    endloop
  endfacet
  facet normal 0.24104106520869825 -0.0998424782982982 -0.9653655703464413
    outer loop
      vertex 8.226077996643632 1.8694738077799484 -29.982889722747622
      vertex 8.252157240145038 1.9324346711374765 -29.982889722747622
      vertex 8.739287621228772 1.8019084789174247 -29.847759065022572
    endloop
  endfacet
  facet normal 0.25866892497514393 -0.0340544100212237 -0.9653655703464412
    outer loop
      vertex 8.252157240145038 1.9324346711374765 -29.982889722747622
      vertex 8.76536686473018 2 -29.847759065022572
      vertex 8.739287621228772 1.8019084789174247 -29.847759065022572
    endloop
  endfacet
  facet normal 0.4989202340245253 -0.06568409490621675 -0.8641551942546339
    outer loop
      vertex 8.739287621228772 1.8019084789174247 -29.847759065022572
      vertex 9.21752285801744 2 -29.58670668058247
      vertex 9.176036772656325 1.684881896497434 -29.58670668058247
    endloop
  endfacet
  facet normal 0.4989202340245248 -0.06568409490621535 -0.8641551942546343
    outer loop
      vertex 8.739287621228772 1.8019084789174247 -29.847759065022572
      vertex 8.76536686473018 2 -29.847759065022572
      vertex 9.21752285801744 2 -29.58670668058247
    endloop
  endfacet
  facet normal 0.2586689249751435 -0.03405441002121971 -0.9653655703464413
    outer loop
      vertex 8.252157240145038 1.9324346711374765 -29.982889722747622
      vertex 8.261052384440102 2 -29.982889722747622
      vertex 8.76536686473018 2 -29.847759065022572
    endloop
  endfacet
  facet normal 0.7040625922196344 -0.09269159872357102 -0.7040625922196386
    outer loop
      vertex 9.176036772656325 1.684881896497434 -29.58670668058247
      vertex 9.21752285801744 2 -29.58670668058247
      vertex 9.532640961520007 1.5893300920738547 -29.217522858017443
    endloop
  endfacet
  facet normal 0.704062592219635 -0.09269159872357043 -0.7040625922196384
    outer loop
      vertex 9.532640961520007 1.5893300920738547 -29.217522858017443
      vertex 9.21752285801744 2 -29.58670668058247
      vertex 9.58670668058247 2 -29.217522858017443
    endloop
  endfacet
  facet normal 0.860450838749454 -0.11328050197253547 -0.4967815233764353
    outer loop
      vertex 9.784798201665046 1.5217647632113311 -28.76536686473018
      vertex 9.532640961520007 1.5893300920738547 -29.217522858017443
      vertex 9.847759065022574 2 -28.76536686473018
    endloop
  endfacet
  facet normal 0.8604508387494536 -0.11328050197253425 -0.49678152337643605
    outer loop
      vertex 9.532640961520007 1.5893300920738547 -29.217522858017443
      vertex 9.58670668058247 2 -29.217522858017443
      vertex 9.847759065022574 2 -28.76536686473018
    endloop
  endfacet
  facet normal 0.9582091399530058 -0.12615062648588402 -0.25675136523052744
    outer loop
      vertex 9.784798201665046 1.5217647632113311 -28.76536686473018
      vertex 9.847759065022574 2 -28.76536686473018
      vertex 9.915324393885097 1.4867903754148588 -28.261052384440102
    endloop
  endfacet
  facet normal 0.9582091399530064 -0.12615062648588282 -0.2567513652305263
    outer loop
      vertex 9.915324393885097 1.4867903754148588 -28.261052384440102
      vertex 9.847759065022574 2 -28.76536686473018
      vertex 9.98288972274762 2 -28.261052384440102
    endloop
  endfacet
  facet normal -0.7071067811865458 0 -0.7071067811865491
    outer loop
      vertex 0.41329331941752967 2 -29.217522858017443
      vertex 0.41329331941752967 23 -29.217522858017443
      vertex 0.7824771419825587 2 -29.58670668058247
    endloop
  endfacet
  facet normal -0.4999999999999988 0 -0.8660254037844394
    outer loop
      vertex 1.2346331352698203 2 -29.847759065022572
      vertex 0.7824771419825587 2 -29.58670668058247
      vertex 1.2346331352698203 23 -29.847759065022572
    endloop
  endfacet
  facet normal -0.25881904510252496 0 -0.9659258262890671
    outer loop
      vertex 1.7389476155598969 2 -29.982889722747622
      vertex 1.2346331352698203 2 -29.847759065022572
      vertex 1.2346331352698203 23 -29.847759065022572
    endloop
  endfacet
  facet normal -0.8660254037844395 0 -0.49999999999999856
    outer loop
      vertex 0.41329331941752967 2 -29.217522858017443
      vertex 0.15224093497742652 2 -28.76536686473018
      vertex 0.15224093497742652 23 -28.76536686473018
    endloop
  endfacet
  facet normal -0.9659258262890683 0 -0.2588190451025204
    outer loop
      vertex 0.15224093497742652 2 -28.76536686473018
      vertex 0.017110277252379236 2 -28.261052384440102
      vertex 0.15224093497742652 23 -28.76536686473018
    endloop
  endfacet
  facet normal 0 0 -1
    outer loop
      vertex 1.7389476155598969 2 -29.982889722747622
      vertex 1.7389476155598969 23 -29.982889722747622
      vertex 8.184591911282514 1.8154080887174855 -29.982889722747622
    endloop
  endfacet
  facet normal 0 0 -1
    outer loop
      vertex 8.184591911282514 1.8154080887174855 -29.982889722747622
      vertex 8.261052384440102 23 -29.982889722747622
      vertex 8.261052384440102 2 -29.982889722747622
    endloop
  endfacet
  facet normal 0.2588190451025248 0 -0.9659258262890672
    outer loop
      vertex 8.261052384440102 2 -29.982889722747622
      vertex 8.76536686473018 23 -29.847759065022572
      vertex 8.76536686473018 2 -29.847759065022572
    endloop
  endfacet
  facet normal 0.4999999999999988 0 -0.8660254037844394
    outer loop
      vertex 8.76536686473018 2 -29.847759065022572
      vertex 8.76536686473018 23 -29.847759065022572
      vertex 9.21752285801744 2 -29.58670668058247
    endloop
  endfacet
  facet normal 0.7071067811865458 0 -0.7071067811865491
    outer loop
      vertex 9.21752285801744 2 -29.58670668058247
      vertex 9.58670668058247 23 -29.217522858017443
      vertex 9.58670668058247 2 -29.217522858017443
    endloop
  endfacet
  facet normal 0.8660254037844387 0 -0.49999999999999983
    outer loop
      vertex 9.58670668058247 2 -29.217522858017443
      vertex 9.58670668058247 23 -29.217522858017443
      vertex 9.847759065022574 2 -28.76536686473018
    endloop
  endfacet
  facet normal 0.965925826289069 0 -0.25881904510251846
    outer loop
      vertex 9.847759065022574 2 -28.76536686473018
      vertex 9.847759065022574 23 -28.76536686473018
      vertex 9.98288972274762 2 -28.261052384440102
    endloop
  endfacet
  facet normal -0.38268343236509006 -0.9238795325112865 0
    outer loop
      vertex 1.4867903754148588 0.08467560611490277 -28.261052384440102
      vertex 1.0085551386261895 0.2827671271974783 -8.261052384440102
      vertex 1.0085551386261895 0.2827671271974783 -28.261052384440102
    endloop
  endfacet
  facet normal -0.6087614290087204 -0.7933533402912354 0
    outer loop
      vertex 1.0085551386261895 0.2827671271974783 -28.261052384440102
      vertex 0.5978852307000442 0.5978852307000442 -8.261052384440102
      vertex 0.5978852307000442 0.5978852307000442 -28.261052384440102
    endloop
  endfacet
  facet normal -0.1305261922200514 -0.9914448613738105 0
    outer loop
      vertex 1.4867903754148588 0.08467560611490277 -28.261052384440102
      vertex 2 0.017110277252379236 -28.261052384440102
      vertex 2 0.017110277252379236 -8.261052384440102
    endloop
  endfacet
  facet normal -0.7933533402912354 -0.6087614290087204 0
    outer loop
      vertex 0.5978852307000442 0.5978852307000442 -28.261052384440102
      vertex 0.2827671271974783 1.0085551386261895 -8.261052384440102
      vertex 0.2827671271974783 1.0085551386261895 -28.261052384440102
    endloop
  endfacet
  facet normal -0.9238795325112865 -0.38268343236509006 0
    outer loop
      vertex 0.2827671271974783 1.0085551386261895 -28.261052384440102
      vertex 0.08467560611490277 1.4867903754148588 -8.261052384440102
      vertex 0.08467560611490277 1.4867903754148588 -28.261052384440102
    endloop
  endfacet
  facet normal 0 -1 0
    outer loop
      vertex 2 0.017110277252379236 -28.261052384440102
      vertex 8 0.017110277252379236 -28.261052384440102
      vertex 2 0.017110277252379236 -8.261052384440102
    endloop
  endfacet
  facet normal -0.9914448613738105 -0.1305261922200514 0
    outer loop
      vertex 0.08467560611490277 1.4867903754148588 -28.261052384440102
      vertex 0.017110277252379236 2 -8.261052384440102
      vertex 0.017110277252379236 2 -28.261052384440102
    endloop
  endfacet
  facet normal 0.9238795325112863 -0.38268343236509084 0
    outer loop
      vertex 9.717232872802521 1.0085551386261895 -28.261052384440102
      vertex 9.915324393885097 1.4867903754148588 -28.261052384440102
      vertex 9.915324393885097 1.4867903754148588 -9.915324393885097
    endloop
  endfacet
  facet normal 0.13052619222005152 -0.9914448613738105 0
    outer loop
      vertex 8 0.017110277252379236 -28.261052384440102
      vertex 8.51320962458514 0.08467560611490277 -28.261052384440102
      vertex 8 0.017110277252379236 -8.261052384440102
    endloop
  endfacet
  facet normal 0.3826834323650895 -0.9238795325112868 0
    outer loop
      vertex 8.51320962458514 0.08467560611490277 -28.261052384440102
      vertex 8.991444861373811 0.2827671271974783 -28.261052384440102
      vertex 8.991444861373811 0.2827671271974783 -8.991444861373811
    endloop
  endfacet
  facet normal 0.6087614290087203 -0.7933533402912353 0
    outer loop
      vertex 8.991444861373811 0.2827671271974783 -28.261052384440102
      vertex 9.402114769299956 0.5978852307000442 -28.261052384440102
      vertex 9.402114769299956 0.5978852307000442 -9.402114769299956
    endloop
  endfacet
  facet normal 0.7933533402912363 -0.608761429008719 0
    outer loop
      vertex 9.402114769299956 0.5978852307000442 -28.261052384440102
      vertex 9.717232872802521 1.0085551386261895 -28.261052384440102
      vertex 9.402114769299956 0.5978852307000442 -9.402114769299956
    endloop
  endfacet
  facet normal 0.9914448613738106 -0.13052619222005055 0
    outer loop
      vertex 9.915324393885097 1.4867903754148588 -28.261052384440102
      vertex 9.98288972274762 2 -28.261052384440102
      vertex 9.915324393885097 1.4867903754148588 -9.915324393885097
    endloop
  endfacet
  facet normal -0.38268343236509006 -0.9238795325112865 0
    outer loop
      vertex 1.4867903754148588 0.08467560611490277 -28.261052384440102
      vertex 1.4867903754148588 0.08467560611490277 -8.261052384440102
      vertex 1.0085551386261895 0.2827671271974783 -8.261052384440102
    endloop
  endfacet
  facet normal -0.7933533402912354 -0.6087614290087204 0
    outer loop
      vertex 0.5978852307000442 0.5978852307000442 -28.261052384440102
      vertex 0.5978852307000442 0.5978852307000442 -8.261052384440102
      vertex 0.2827671271974783 1.0085551386261895 -8.261052384440102
    endloop
  endfacet
  facet normal -0.6087614290087204 -0.7933533402912354 0
    outer loop
      vertex 1.0085551386261895 0.2827671271974783 -28.261052384440102
      vertex 1.0085551386261895 0.2827671271974783 -8.261052384440102
      vertex 0.5978852307000442 0.5978852307000442 -1.7389476155598969
    endloop
  endfacet
  facet normal -0.6087614290087203 -0.7933533402912354 0
    outer loop
      vertex 1.0085551386261895 0.2827671271974783 -28.261052384440102
      vertex 0.5978852307000442 0.5978852307000442 -1.7389476155598969
      vertex 0.5978852307000442 0.5978852307000442 -8.261052384440102
    endloop
  endfacet
  facet normal -0.1305261922200514 -0.9914448613738105 0
    outer loop
      vertex 1.4867903754148588 0.08467560611490277 -28.261052384440102
      vertex 2 0.017110277252379236 -1.7389476155598969
      vertex 1.4867903754148588 0.08467560611490277 -8.261052384440102
    endloop
  endfacet
  facet normal -0.1305261922200514 -0.9914448613738104 0
    outer loop
      vertex 1.4867903754148588 0.08467560611490277 -28.261052384440102
      vertex 2 0.017110277252379236 -8.261052384440102
      vertex 2 0.017110277252379236 -1.7389476155598969
    endloop
  endfacet
  facet normal -0.9238795325112865 -0.38268343236509006 0
    outer loop
      vertex 0.2827671271974783 1.0085551386261895 -28.261052384440102
      vertex 0.2827671271974783 1.0085551386261895 -8.261052384440102
      vertex 0.08467560611490277 1.4867903754148588 -8.261052384440102
    endloop
  endfacet
  facet normal 0 -1 0
    outer loop
      vertex 8 0.017110277252379236 -28.261052384440102
      vertex 8 0.017110277252379236 -8.261052384440102
      vertex 2 0.017110277252379236 -8.261052384440102
    endloop
  endfacet
  facet normal -0.9914448613738105 -0.1305261922200514 0
    outer loop
      vertex 0.08467560611490277 1.4867903754148588 -28.261052384440102
      vertex 0.08467560611490277 1.4867903754148588 -8.261052384440102
      vertex 0.017110277252379236 2 -8.261052384440102
    endloop
  endfacet
  facet normal 0.7933533402912355 -0.6087614290087203 0
    outer loop
      vertex 9.717232872802521 1.0085551386261895 -28.261052384440102
      vertex 9.717232872802521 1.0085551386261895 -9.717232872802523
      vertex 9.543757124589646 0.7824771419825587 -9.58670668058247
    endloop
  endfacet
  facet normal 0.9238795325112859 -0.3826834323650922 0
    outer loop
      vertex 9.717232872802521 1.0085551386261895 -28.261052384440102
      vertex 9.810877445166453 1.2346331352698203 -9.847759065022574
      vertex 9.717232872802521 1.0085551386261895 -9.717232872802523
    endloop
  endfacet
  facet normal 0.9238795325112868 -0.3826834323650897 -3.715694625283704e-17
    outer loop
      vertex 9.717232872802521 1.0085551386261895 -28.261052384440102
      vertex 9.915324393885097 1.4867903754148588 -9.915324393885097
      vertex 9.810877445166453 1.2346331352698203 -9.847759065022574
    endloop
  endfacet
  facet normal 0.1305261922200515 -0.9914448613738103 0
    outer loop
      vertex 8.51320962458514 0.08467560611490277 -28.261052384440102
      vertex 8.51320962458514 0.08467560611490277 -8.51320962458514
      vertex 8 0.017110277252379236 -8.261052384440102
    endloop
  endfacet
  facet normal 0.3826834323650888 -0.9238795325112871 0
    outer loop
      vertex 8.51320962458514 0.08467560611490277 -28.261052384440102
      vertex 8.676326757871244 0.15224093497742652 -8.76536686473018
      vertex 8.51320962458514 0.08467560611490277 -8.51320962458514
    endloop
  endfacet
  facet normal 0.3826834323650899 -0.9238795325112867 -1.037276611888135e-17
    outer loop
      vertex 8.51320962458514 0.08467560611490277 -28.261052384440102
      vertex 8.991444861373811 0.2827671271974783 -8.991444861373811
      vertex 8.676326757871244 0.15224093497742652 -8.76536686473018
    endloop
  endfacet
  facet normal 0.6087614290087184 -0.7933533402912368 0
    outer loop
      vertex 8.991444861373811 0.2827671271974783 -28.261052384440102
      vertex 9.161549906895331 0.41329331941752967 -9.21752285801744
      vertex 8.991444861373811 0.2827671271974783 -8.991444861373811
    endloop
  endfacet
  facet normal 0.6087614290087218 -0.7933533402912344 -4.5351778196787735e-17
    outer loop
      vertex 8.991444861373811 0.2827671271974783 -28.261052384440102
      vertex 9.402114769299956 0.5978852307000442 -9.402114769299956
      vertex 9.161549906895331 0.41329331941752967 -9.21752285801744
    endloop
  endfacet
  facet normal 0.7933533402912377 -0.6087614290087175 5.4962636866558557e-17
    outer loop
      vertex 9.717232872802521 1.0085551386261895 -28.261052384440102
      vertex 9.543757124589646 0.7824771419825587 -9.58670668058247
      vertex 9.402114769299956 0.5978852307000442 -9.402114769299956
    endloop
  endfacet
  facet normal 0.9914448613738105 -0.13052619222005094 -1.123779972344106e-17
    outer loop
      vertex 9.98288972274762 2 -28.261052384440102
      vertex 9.948521524334936 1.7389476155598969 -9.98288972274762
      vertex 9.915324393885097 1.4867903754148588 -9.915324393885097
    endloop
  endfacet
  facet normal 0.9914448613738106 -0.13052619222005019 0
    outer loop
      vertex 9.98288972274762 2 -28.261052384440102
      vertex 9.98288972274762 2 -9.98288972274762
      vertex 9.948521524334936 1.7389476155598969 -9.98288972274762
    endloop
  endfacet
  facet normal -0.6087614290087204 -0.7933533402912354 0
    outer loop
      vertex 0.5978852307000442 0.5978852307000442 -1.7389476155598969
      vertex 1.0085551386261895 0.2827671271974783 -8.261052384440102
      vertex 1.0085551386261895 0.2827671271974783 -1.7389476155598969
    endloop
  endfacet
  facet normal -0.5883542172166 -0.7667581440947998 0.2567513652305284
    outer loop
      vertex 0.5978852307000442 0.5978852307000442 -1.7389476155598969
      vertex 1.0085551386261895 0.2827671271974783 -1.7389476155598969
      vertex 0.6934370351236234 0.6934370351236234 -1.2346331352698203
    endloop
  endfacet
  facet normal -0.528329211836395 -0.688532034078387 0.4967815233764362
    outer loop
      vertex 1.2066466597087648 0.6258717062610999 -0.7824771419825587
      vertex 0.6934370351236234 0.6934370351236234 -1.2346331352698203
      vertex 1.0761204674887133 0.3997937096174691 -1.2346331352698203
    endloop
  endfacet
  facet normal -0.33212162691305824 -0.8018125360509217 0.49678152337643616
    outer loop
      vertex 1.2066466597087648 0.6258717062610999 -0.7824771419825587
      vertex 1.0761204674887133 0.3997937096174691 -1.2346331352698203
      vertex 1.5217647632113311 0.21520179833495434 -1.2346331352698203
    endloop
  endfacet
  facet normal -0.3321216269130581 -0.8018125360509217 0.49678152337643633
    outer loop
      vertex 1.2066466597087648 0.6258717062610999 -0.7824771419825587
      vertex 1.5217647632113311 0.21520179833495434 -1.2346331352698203
      vertex 1.5893300920738547 0.4673590384799926 -0.7824771419825587
    endloop
  endfacet
  facet normal -0.27175801689781226 -0.6560818900783149 0.7040625922196364
    outer loop
      vertex 1.2066466597087648 0.6258717062610999 -0.7824771419825587
      vertex 1.5893300920738547 0.4673590384799926 -0.7824771419825587
      vertex 1.684881896497434 0.823963227343675 -0.41329331941752967
    endloop
  endfacet
  facet normal -0.12615062648588354 -0.9582091399530057 0.2567513652305284
    outer loop
      vertex 1.5217647632113311 0.21520179833495434 -1.2346331352698203
      vertex 1.4867903754148588 0.08467560611490277 -1.7389476155598969
      vertex 2 0.017110277252379236 -1.7389476155598969
    endloop
  endfacet
  facet normal -0.113280501972535 -0.8604508387494535 0.4967815233764363
    outer loop
      vertex 2 0.15224093497742652 -1.2346331352698203
      vertex 2 0.41329331941752967 -0.7824771419825587
      vertex 1.5217647632113311 0.21520179833495434 -1.2346331352698203
    endloop
  endfacet
  facet normal -0.09269159872357133 -0.7040625922196366 0.7040625922196366
    outer loop
      vertex 2 0.7824771419825587 -0.41329331941752967
      vertex 1.684881896497434 0.823963227343675 -0.41329331941752967
      vertex 2 0.41329331941752967 -0.7824771419825587
    endloop
  endfacet
  facet normal -0.7667581440947998 -0.5883542172166 0.2567513652305284
    outer loop
      vertex 0.2827671271974783 1.0085551386261895 -1.7389476155598969
      vertex 0.6934370351236234 0.6934370351236234 -1.2346331352698203
      vertex 0.3997937096174691 1.0761204674887133 -1.2346331352698203
    endloop
  endfacet
  facet normal -0.6885320340783869 -0.528329211836395 0.49678152337643616
    outer loop
      vertex 0.6934370351236234 0.6934370351236234 -1.2346331352698203
      vertex 0.6258717062610999 1.2066466597087648 -0.7824771419825587
      vertex 0.3997937096174691 1.0761204674887133 -1.2346331352698203
    endloop
  endfacet
  facet normal -0.4323045753218242 -0.5633902913547438 0.7040625922196365
    outer loop
      vertex 1.139081330846241 1.139081330846241 -0.41329331941752967
      vertex 0.8780289464061379 0.8780289464061379 -0.7824771419825587
      vertex 1.2066466597087648 0.6258717062610999 -0.7824771419825587
    endloop
  endfacet
  facet normal -0.27175801689781237 -0.656081890078315 0.7040625922196365
    outer loop
      vertex 1.2066466597087648 0.6258717062610999 -0.7824771419825587
      vertex 1.684881896497434 0.823963227343675 -0.41329331941752967
      vertex 1.3912385709912793 0.9455942752686617 -0.41329331941752967
    endloop
  endfacet
  facet normal -0.4323045753218241 -0.5633902913547437 0.7040625922196365
    outer loop
      vertex 1.2066466597087648 0.6258717062610999 -0.7824771419825587
      vertex 1.3912385709912793 0.9455942752686617 -0.41329331941752967
      vertex 1.139081330846241 1.139081330846241 -0.41329331941752967
    endloop
  endfacet
  facet normal -0.30634421182563465 -0.39923554967420855 0.8641551942546335
    outer loop
      vertex 1.6173165676349102 1.3371728519288164 -0.15224093497742652
      vertex 1.139081330846241 1.139081330846241 -0.41329331941752967
      vertex 1.3912385709912793 0.9455942752686617 -0.41329331941752967
    endloop
  endfacet
  facet normal -0.5633902913547437 -0.4323045753218241 0.7040625922196365
    outer loop
      vertex 0.6258717062610999 1.2066466597087648 -0.7824771419825587
      vertex 1.139081330846241 1.139081330846241 -0.41329331941752967
      vertex 0.9455942752686617 1.3912385709912793 -0.41329331941752967
    endloop
  endfacet
  facet normal -0.656081890078315 -0.27175801689781237 0.7040625922196366
    outer loop
      vertex 0.823963227343675 1.684881896497434 -0.41329331941752967
      vertex 0.6258717062610999 1.2066466597087648 -0.7824771419825587
      vertex 0.9455942752686617 1.3912385709912793 -0.41329331941752967
    endloop
  endfacet
  facet normal -0.3992355496742077 -0.306344211825635 0.8641551942546336
    outer loop
      vertex 1.3371728519288164 1.6173165676349102 -0.15224093497742652
      vertex 1.139081330846241 1.139081330846241 -0.41329331941752967
      vertex 1.458803899853803 1.458803899853803 -0.15224093497742652
    endloop
  endfacet
  facet normal -0.19257602219889125 -0.4649196445804251 0.8641551942546334
    outer loop
      vertex 1.6173165676349102 1.3371728519288164 -0.15224093497742652
      vertex 1.3912385709912793 0.9455942752686617 -0.41329331941752967
      vertex 1.684881896497434 0.823963227343675 -0.41329331941752967
    endloop
  endfacet
  facet normal 0 -0.7071067811865476 0.7071067811865476
    outer loop
      vertex 2 0.7824771419825587 -0.41329331941752967
      vertex 2 0.41329331941752967 -0.7824771419825587
      vertex 8 0.45249868110585134 -0.743271780294237
    endloop
  endfacet
  facet normal 0 -0.9659258262890683 0.2588190451025204
    outer loop
      vertex 2 0.15224093497742652 -1.2346331352698203
      vertex 8 0.13789077663494362 -1.288188655300625
      vertex 8 0.15224093497742652 -1.2346331352698203
    endloop
  endfacet
  facet normal 0 -0.8660254037844388 0.49999999999999983
    outer loop
      vertex 2 0.41329331941752967 -0.7824771419825587
      vertex 8 0.38557094230884614 -0.830493707641383
      vertex 8 0.41329331941752967 -0.7824771419825587
    endloop
  endfacet
  facet normal -0.8604508387494533 -0.11328050197253516 0.4967815233764364
    outer loop
      vertex 0.21520179833495434 1.5217647632113311 -1.2346331352698203
      vertex 0.4673590384799926 1.5893300920738547 -0.7824771419825587
      vertex 0.41329331941752967 2 -0.7824771419825587
    endloop
  endfacet
  facet normal -0.9582091399530057 -0.1261506264858836 0.2567513652305284
    outer loop
      vertex 0.017110277252379236 2 -1.7389476155598969
      vertex 0.21520179833495434 1.5217647632113311 -1.2346331352698203
      vertex 0.15224093497742652 2 -1.2346331352698203
    endloop
  endfacet
  facet normal -0.7040625922196365 -0.09269159872357136 0.7040625922196365
    outer loop
      vertex 0.41329331941752967 2 -0.7824771419825587
      vertex 0.823963227343675 1.684881896497434 -0.41329331941752967
      vertex 0.7824771419825587 2 -0.41329331941752967
    endloop
  endfacet
  facet normal -0.4649196445804252 -0.1925760221988911 0.8641551942546335
    outer loop
      vertex 0.823963227343675 1.684881896497434 -0.41329331941752967
      vertex 1.3371728519288164 1.6173165676349102 -0.15224093497742652
      vertex 1.2607123787712278 1.8019084789174247 -0.15224093497742652
    endloop
  endfacet
  facet normal -0.24104106520869362 -0.09984247829829845 0.9653655703464423
    outer loop
      vertex 1.2607123787712278 1.8019084789174247 -0.15224093497742652
      vertex 1.3371728519288164 1.6173165676349102 -0.15224093497742652
      vertex 1.7739220033563692 1.8694738077799484 -0.017110277252379236
    endloop
  endfacet
  facet normal -0.4989202340245258 -0.06568409490621717 0.8641551942546335
    outer loop
      vertex 1.2607123787712278 1.8019084789174247 -0.15224093497742652
      vertex 1.2346331352698203 2 -0.15224093497742652
      vertex 0.823963227343675 1.684881896497434 -0.41329331941752967
    endloop
  endfacet
  facet normal -0.25866892497513927 -0.03405441002122396 0.9653655703464424
    outer loop
      vertex 1.2607123787712278 1.8019084789174247 -0.15224093497742652
      vertex 1.7389476155598969 2 -0.017110277252379236
      vertex 1.2346331352698203 2 -0.15224093497742652
    endloop
  endfacet
  facet normal -0.09984247829829808 -0.24104106520869364 0.9653655703464423
    outer loop
      vertex 1.8019084789174247 1.2607123787712278 -0.15224093497742652
      vertex 1.9324346711374765 1.747842759854962 -0.017110277252379236
      vertex 1.8694738077799484 1.7739220033563692 -0.017110277252379236
    endloop
  endfacet
  facet normal -0.20698665518746986 -0.15882644667684076 0.9653655703464425
    outer loop
      vertex 1.7739220033563692 1.8694738077799484 -0.017110277252379236
      vertex 1.3371728519288164 1.6173165676349102 -0.15224093497742652
      vertex 1.8154080887174855 1.8154080887174855 -0.017110277252379236
    endloop
  endfacet
  facet normal -0.034054410021224245 -0.25866892497513927 0.9653655703464424
    outer loop
      vertex 1.9324346711374765 1.747842759854962 -0.017110277252379236
      vertex 1.8019084789174247 1.2607123787712278 -0.15224093497742652
      vertex 2 1.7389476155598969 -0.017110277252379236
    endloop
  endfacet
  facet normal -0.24104106520869364 -0.09984247829829808 0.9653655703464423
    outer loop
      vertex 1.2607123787712278 1.8019084789174247 -0.15224093497742652
      vertex 1.7739220033563692 1.8694738077799484 -0.017110277252379236
      vertex 1.747842759854962 1.9324346711374765 -0.017110277252379236
    endloop
  endfacet
  facet normal 0 0 1
    outer loop
      vertex 1.8694738077799484 1.7739220033563692 -0.017110277252379236
      vertex 1.9324346711374765 1.7974909717471663 -0.017110277252379236
      vertex 1.8696547740213543 1.8356561552653028 -0.017110277252379236
    endloop
  endfacet
  facet normal 0 0 1
    outer loop
      vertex 1.8154080887174855 1.8154080887174855 -0.017110277252379236
      vertex 1.8696547740213543 1.8356561552653028 -0.017110277252379236
      vertex 1.8157882730419466 1.8850496678035698 -0.017110277252379236
    endloop
  endfacet
  facet normal -0.25866892497513927 -0.03405441002122396 0.9653655703464424
    outer loop
      vertex 1.2607123787712278 1.8019084789174247 -0.15224093497742652
      vertex 1.747842759854962 1.9324346711374765 -0.017110277252379236
      vertex 1.7389476155598969 2 -0.017110277252379236
    endloop
  endfacet
  facet normal 0 0 1
    outer loop
      vertex 1.747842759854962 1.9324346711374765 -0.017110277252379236
      vertex 1.7739220033563692 1.8694738077799484 -0.017110277252379236
      vertex 1.7484581869278617 2.0035143536897633 -0.017110277252379236
    endloop
  endfacet
  facet normal 0 0 1
    outer loop
      vertex 1.9998925695963876 1.7731541062538394 -0.017110277252379236
      vertex 1.9324346711374765 1.7974909717471663 -0.017110277252379236
      vertex 1.9324346711374765 1.747842759854962 -0.017110277252379236
    endloop
  endfacet
  facet normal 0 0 1
    outer loop
      vertex 1.9998925695963876 1.7731541062538394 -0.017110277252379236
      vertex 2 1.7389476155598969 -0.017110277252379236
      vertex 8.261052384440102 4.091978747497597 -0.017110277252379236
    endloop
  endfacet
  facet normal 1 0 0
    outer loop
      vertex 9.98288972274762 2 -28.261052384440102
      vertex 9.98288972274762 23 -28.261052384440102
      vertex 9.98288972274762 2 -9.98288972274762
    endloop
  endfacet
  facet normal -1 0 0
    outer loop
      vertex 0.017110277252379236 2 -28.261052384440102
      vertex 0.017110277252379236 2 -8.261052384440102
      vertex 0.017110277252379236 23 -8.261052384440102
    endloop
  endfacet
  facet normal -0.5 0 0.8660254037844386
    outer loop
      vertex 1.2346331352698203 23 -0.15224093497742652
      vertex 0.7824771419825587 2 -0.41329331941752967
      vertex 1.2346331352698203 2 -0.15224093497742652
    endloop
  endfacet
  facet normal 0 0 1
    outer loop
      vertex 1.8696547740213543 1.8356561552653028 -0.017110277252379236
      vertex 1.932195645305951 23.225903212241867 -0.017110277252379236
      vertex 1.8157882730419466 1.8850496678035698 -0.017110277252379236
    endloop
  endfacet
  facet normal 0 0 1
    outer loop
      vertex 1.9998925695963876 1.7731541062538394 -0.017110277252379236
      vertex 1.932195645305951 23.225903212241867 -0.017110277252379236
      vertex 1.9324346711374765 1.7974909717471663 -0.017110277252379236
    endloop
  endfacet
  facet normal 0 0 1
    outer loop
      vertex 1.8696547740213543 1.8356561552653028 -0.017110277252379236
      vertex 1.9324346711374765 1.7974909717471663 -0.017110277252379236
      vertex 1.932195645305951 23.225903212241867 -0.017110277252379236
    endloop
  endfacet
  facet normal 0 0 1
    outer loop
      vertex 1.7484581869278617 2.0035143536897633 -0.017110277252379236
      vertex 1.930141006493464 23.000226579847368 -0.017110277252379236
      vertex 1.7389476155598969 2 -0.017110277252379236
    endloop
  endfacet
  facet normal 0 0 1
    outer loop
      vertex 1.8157882730419466 1.8850496678035698 -0.017110277252379236
      vertex 1.932195645305951 23.225903212241867 -0.017110277252379236
      vertex 1.7739220033563692 1.8694738077799484 -0.017110277252379236
    endloop
  endfacet
  facet normal 0 0 1
    outer loop
      vertex 1.7739220033563692 1.8694738077799484 -0.017110277252379236
      vertex 1.932195645305951 23.225903212241867 -0.017110277252379236
      vertex 1.7484581869278617 2.0035143536897633 -0.017110277252379236
    endloop
  endfacet
  facet normal 0 0 1
    outer loop
      vertex 1.9998925695963876 1.7731541062538394 -0.017110277252379236
      vertex 8.261052384440102 4.091978747497597 -0.017110277252379236
      vertex 1.932195645305951 23.225903212241867 -0.017110277252379236
    endloop
  endfacet
  facet normal -0.8660254037844386 0 0.5
    outer loop
      vertex 0.2827671271974781 12.5 -1.0085551386261895
      vertex 0.41329331941752967 2 -0.7824771419825587
      vertex 0.41329331941752967 23 -0.7824771419825587
    endloop
  endfacet
  facet normal 0 0 1
    outer loop
      vertex 1.932195645305951 23.225903212241867 -0.017110277252379236
      vertex 8.261052384440102 4.091978747497597 -0.017110277252379236
      vertex 8.261052384440102 4.410053200036261 -0.017110277252379236
    endloop
  endfacet
  facet normal -0.7071067811865458 0 -0.7071067811865491
    outer loop
      vertex 0.7824771419825587 2 -29.58670668058247
      vertex 0.41329331941752967 23 -29.217522858017443
      vertex 0.7824771419825587 23 -29.58670668058247
    endloop
  endfacet
  facet normal -0.4999999999999988 0 -0.8660254037844394
    outer loop
      vertex 0.7824771419825587 2 -29.58670668058247
      vertex 0.7824771419825587 23 -29.58670668058247
      vertex 1.2346331352698203 23 -29.847759065022572
    endloop
  endfacet
  facet normal -0.8660254037844395 0 -0.49999999999999856
    outer loop
      vertex 0.41329331941752967 2 -29.217522858017443
      vertex 0.15224093497742652 23 -28.76536686473018
      vertex 0.41329331941752967 23 -29.217522858017443
    endloop
  endfacet
  facet normal -0.9659258262890683 0 -0.2588190451025204
    outer loop
      vertex 0.017110277252379236 2 -28.261052384440102
      vertex 0.017110277252379236 23 -28.261052384440102
      vertex 0.15224093497742652 23 -28.76536686473018
    endloop
  endfacet
  facet normal -0.25881904510252496 0 -0.9659258262890671
    outer loop
      vertex 1.7389476155598969 2 -29.982889722747622
      vertex 1.2346331352698203 23 -29.847759065022572
      vertex 1.7389476155598969 23 -29.982889722747622
    endloop
  endfacet
  facet normal 0 0 -1
    outer loop
      vertex 8.184591911282514 1.8154080887174855 -29.982889722747622
      vertex 1.7389476155598969 23 -29.982889722747622
      vertex 1.747842759854962 23.067565328862525 -29.982889722747622
    endloop
  endfacet
  facet normal 0 0 -1
    outer loop
      vertex 8.184591911282514 1.8154080887174855 -29.982889722747622
      vertex 1.747842759854962 23.067565328862525 -29.982889722747622
      vertex 1.7739220033563692 23.130526192220053 -29.982889722747622
    endloop
  endfacet
  facet normal 0 0 -1
    outer loop
      vertex 8.184591911282514 1.8154080887174855 -29.982889722747622
      vertex 1.7739220033563692 23.130526192220053 -29.982889722747622
      vertex 1.8154080887174855 23.184591911282514 -29.982889722747622
    endloop
  endfacet
  facet normal 0 0 -1
    outer loop
      vertex 8.184591911282514 1.8154080887174855 -29.982889722747622
      vertex 1.8154080887174855 23.184591911282514 -29.982889722747622
      vertex 1.8694738077799484 23.22607799664363 -29.982889722747622
    endloop
  endfacet
  facet normal 0 0 -1
    outer loop
      vertex 8.184591911282514 1.8154080887174855 -29.982889722747622
      vertex 1.8694738077799484 23.22607799664363 -29.982889722747622
      vertex 1.9324346711374765 23.25215724014504 -29.982889722747622
    endloop
  endfacet
  facet normal 0 0 -1
    outer loop
      vertex 8.184591911282514 1.8154080887174855 -29.982889722747622
      vertex 1.9324346711374765 23.25215724014504 -29.982889722747622
      vertex 2 23.261052384440102 -29.982889722747622
    endloop
  endfacet
  facet normal 0 0 -1
    outer loop
      vertex 8.184591911282514 1.8154080887174855 -29.982889722747622
      vertex 2 23.261052384440102 -29.982889722747622
      vertex 8 23.261052384440102 -29.982889722747622
    endloop
  endfacet
  facet normal 0 0 -1
    outer loop
      vertex 8.184591911282514 1.8154080887174855 -29.982889722747622
      vertex 8.252157240145038 23.067565328862525 -29.982889722747622
      vertex 8.261052384440102 23 -29.982889722747622
    endloop
  endfacet
  facet normal 0 0 -1
    outer loop
      vertex 8.184591911282514 1.8154080887174855 -29.982889722747622
      vertex 8.226077996643632 23.130526192220053 -29.982889722747622
      vertex 8.252157240145038 23.067565328862525 -29.982889722747622
    endloop
  endfacet
  facet normal 0 0 -1
    outer loop
      vertex 8.184591911282514 1.8154080887174855 -29.982889722747622
      vertex 8.184591911282514 23.184591911282514 -29.982889722747622
      vertex 8.226077996643632 23.130526192220053 -29.982889722747622
    endloop
  endfacet
  facet normal 0 0 -1
    outer loop
      vertex 8.184591911282514 1.8154080887174855 -29.982889722747622
      vertex 8.130526192220051 23.22607799664363 -29.982889722747622
      vertex 8.184591911282514 23.184591911282514 -29.982889722747622
    endloop
  endfacet
  facet normal 0 0 -1
    outer loop
      vertex 8.184591911282514 1.8154080887174855 -29.982889722747622
      vertex 8.067565328862523 23.25215724014504 -29.982889722747622
      vertex 8.130526192220051 23.22607799664363 -29.982889722747622
    endloop
  endfacet
  facet normal 0 0 -1
    outer loop
      vertex 8.184591911282514 1.8154080887174855 -29.982889722747622
      vertex 8 23.261052384440102 -29.982889722747622
      vertex 8.067565328862523 23.25215724014504 -29.982889722747622
    endloop
  endfacet
  facet normal 0.2588190451025248 0 -0.9659258262890672
    outer loop
      vertex 8.261052384440102 2 -29.982889722747622
      vertex 8.261052384440102 23 -29.982889722747622
      vertex 8.76536686473018 23 -29.847759065022572
    endloop
  endfacet
  facet normal 0.4999999999999988 0 -0.8660254037844394
    outer loop
      vertex 9.21752285801744 2 -29.58670668058247
      vertex 8.76536686473018 23 -29.847759065022572
      vertex 9.21752285801744 23 -29.58670668058247
    endloop
  endfacet
  facet normal 0.7071067811865458 0 -0.7071067811865491
    outer loop
      vertex 9.21752285801744 2 -29.58670668058247
      vertex 9.21752285801744 23 -29.58670668058247
      vertex 9.58670668058247 23 -29.217522858017443
    endloop
  endfacet
  facet normal 0.8660254037844387 0 -0.49999999999999983
    outer loop
      vertex 9.847759065022574 2 -28.76536686473018
      vertex 9.58670668058247 23 -29.217522858017443
      vertex 9.847759065022574 23 -28.76536686473018
    endloop
  endfacet
  facet normal 0.965925826289069 0 -0.25881904510251846
    outer loop
      vertex 9.98288972274762 2 -28.261052384440102
      vertex 9.847759065022574 23 -28.76536686473018
      vertex 9.98288972274762 23 -28.261052384440102
    endloop
  endfacet
  facet normal -0.7040625922196349 0.09269159872357095 -0.7040625922196382
    outer loop
      vertex 0.41329331941752967 23 -29.217522858017443
      vertex 0.823963227343675 23.315118103502567 -29.58670668058247
      vertex 0.7824771419825587 23 -29.58670668058247
    endloop
  endfacet
  facet normal -0.704062592219635 0.09269159872357118 -0.7040625922196382
    outer loop
      vertex 0.41329331941752967 23 -29.217522858017443
      vertex 0.4673590384799926 23.410669907926145 -29.217522858017443
      vertex 0.823963227343675 23.315118103502567 -29.58670668058247
    endloop
  endfacet
  facet normal -0.49892023402452473 0.0656840949062166 -0.8641551942546343
    outer loop
      vertex 1.2346331352698203 23 -29.847759065022572
      vertex 0.7824771419825587 23 -29.58670668058247
      vertex 0.823963227343675 23.315118103502567 -29.58670668058247
    endloop
  endfacet
  facet normal -0.49892023402452423 0.06568409490621734 -0.8641551942546344
    outer loop
      vertex 1.2346331352698203 23 -29.847759065022572
      vertex 0.823963227343675 23.315118103502567 -29.58670668058247
      vertex 1.2607123787712278 23.198091521082574 -29.847759065022572
    endloop
  endfacet
  facet normal -0.2586689249751437 0.03405441002122479 -0.9653655703464411
    outer loop
      vertex 1.747842759854962 23.067565328862525 -29.982889722747622
      vertex 1.2346331352698203 23 -29.847759065022572
      vertex 1.2607123787712278 23.198091521082574 -29.847759065022572
    endloop
  endfacet
  facet normal -0.2410410652086984 0.099842478298299 -0.9653655703464412
    outer loop
      vertex 1.747842759854962 23.067565328862525 -29.982889722747622
      vertex 1.2607123787712278 23.198091521082574 -29.847759065022572
      vertex 1.3371728519288164 23.38268343236509 -29.847759065022572
    endloop
  endfacet
  facet normal -0.4649196445804243 0.19257602219888792 -0.8641551942546346
    outer loop
      vertex 1.2607123787712278 23.198091521082574 -29.847759065022572
      vertex 0.823963227343675 23.315118103502567 -29.58670668058247
      vertex 1.3371728519288164 23.38268343236509 -29.847759065022572
    endloop
  endfacet
  facet normal -0.20698665518747303 0.15882644667684387 -0.9653655703464413
    outer loop
      vertex 1.7739220033563692 23.130526192220053 -29.982889722747622
      vertex 1.3371728519288164 23.38268343236509 -29.847759065022572
      vertex 1.458803899853803 23.5411961001462 -29.847759065022572
    endloop
  endfacet
  facet normal -0.8604508387494543 0.11328050197253478 -0.49678152337643483
    outer loop
      vertex 0.41329331941752967 23 -29.217522858017443
      vertex 0.15224093497742652 23 -28.76536686473018
      vertex 0.21520179833495434 23.47823523678867 -28.76536686473018
    endloop
  endfacet
  facet normal -0.9582091399530059 0.12615062648588324 -0.25675136523052816
    outer loop
      vertex 0.15224093497742652 23 -28.76536686473018
      vertex 0.017110277252379236 23 -28.261052384440102
      vertex 0.21520179833495434 23.47823523678867 -28.76536686473018
    endloop
  endfacet
  facet normal -0.8604508387494539 0.11328050197253524 -0.4967815233764351
    outer loop
      vertex 0.41329331941752967 23 -29.217522858017443
      vertex 0.21520179833495434 23.47823523678867 -28.76536686473018
      vertex 0.4673590384799926 23.410669907926145 -29.217522858017443
    endloop
  endfacet
  facet normal -0.9582091399530059 0.1261506264858837 -0.2567513652305278
    outer loop
      vertex 0.017110277252379236 23 -28.261052384440102
      vertex 0.08467560611490277 23.51320962458514 -28.261052384440102
      vertex 0.21520179833495434 23.47823523678867 -28.76536686473018
    endloop
  endfacet
  facet normal -0.25866892497514365 0.03405441002122416 -0.9653655703464412
    outer loop
      vertex 1.7389476155598969 23 -29.982889722747622
      vertex 1.2346331352698203 23 -29.847759065022572
      vertex 1.747842759854962 23.067565328862525 -29.982889722747622
    endloop
  endfacet
  facet normal -0.2410410652086979 0.09984247829829976 -0.9653655703464412
    outer loop
      vertex 1.747842759854962 23.067565328862525 -29.982889722747622
      vertex 1.3371728519288164 23.38268343236509 -29.847759065022572
      vertex 1.7739220033563692 23.130526192220053 -29.982889722747622
    endloop
  endfacet
  facet normal -0.20698665518746928 0.15882644667684684 -0.9653655703464417
    outer loop
      vertex 1.7739220033563692 23.130526192220053 -29.982889722747622
      vertex 1.458803899853803 23.5411961001462 -29.847759065022572
      vertex 1.8154080887174855 23.184591911282514 -29.982889722747622
    endloop
  endfacet
  facet normal -0.15882644667684687 0.20698665518746895 -0.9653655703464418
    outer loop
      vertex 1.8154080887174855 23.184591911282514 -29.982889722747622
      vertex 1.458803899853803 23.5411961001462 -29.847759065022572
      vertex 1.8694738077799484 23.22607799664363 -29.982889722747622
    endloop
  endfacet
  facet normal -0.0998424782982982 0.24104106520869825 -0.9653655703464413
    outer loop
      vertex 1.8694738077799484 23.22607799664363 -29.982889722747622
      vertex 1.8019084789174247 23.739287621228772 -29.847759065022572
      vertex 1.9324346711374765 23.25215724014504 -29.982889722747622
    endloop
  endfacet
  facet normal -0.656081890078314 0.2717580168978107 -0.704062592219638
    outer loop
      vertex 0.4673590384799926 23.410669907926145 -29.217522858017443
      vertex 0.6258717062610999 23.793353340291237 -29.217522858017443
      vertex 0.823963227343675 23.315118103502567 -29.58670668058247
    endloop
  endfacet
  facet normal -0.4649196445804243 0.192576022198892 -0.8641551942546336
    outer loop
      vertex 1.3371728519288164 23.38268343236509 -29.847759065022572
      vertex 0.823963227343675 23.315118103502567 -29.58670668058247
      vertex 0.9455942752686617 23.60876142900872 -29.58670668058247
    endloop
  endfacet
  facet normal -0.39923554967420866 0.3063442118256345 -0.8641551942546335
    outer loop
      vertex 1.3371728519288164 23.38268343236509 -29.847759065022572
      vertex 0.9455942752686617 23.60876142900872 -29.58670668058247
      vertex 1.139081330846241 23.860918669153758 -29.58670668058247
    endloop
  endfacet
  facet normal -0.3992355496742074 0.30634421182563515 -0.8641551942546337
    outer loop
      vertex 1.3371728519288164 23.38268343236509 -29.847759065022572
      vertex 1.139081330846241 23.860918669153758 -29.58670668058247
      vertex 1.458803899853803 23.5411961001462 -29.847759065022572
    endloop
  endfacet
  facet normal -0.6560818900783119 0.27175801689781254 -0.7040625922196393
    outer loop
      vertex 0.823963227343675 23.315118103502567 -29.58670668058247
      vertex 0.6258717062610999 23.793353340291237 -29.217522858017443
      vertex 0.9455942752686617 23.60876142900872 -29.58670668058247
    endloop
  endfacet
  facet normal -0.3063442118256324 0.399235549674208 -0.8641551942546344
    outer loop
      vertex 1.458803899853803 23.5411961001462 -29.847759065022572
      vertex 1.3912385709912793 24.05440572473134 -29.58670668058247
      vertex 1.6173165676349102 23.662827148071184 -29.847759065022572
    endloop
  endfacet
  facet normal -0.5633902913547415 0.43230457532182187 -0.7040625922196398
    outer loop
      vertex 0.6258717062610999 23.793353340291237 -29.217522858017443
      vertex 1.139081330846241 23.860918669153758 -29.58670668058247
      vertex 0.9455942752686617 23.60876142900872 -29.58670668058247
    endloop
  endfacet
  facet normal -0.8018125360509226 0.3321216269130571 -0.4967815233764356
    outer loop
      vertex 0.4673590384799926 23.410669907926145 -29.217522858017443
      vertex 0.21520179833495434 23.47823523678867 -28.76536686473018
      vertex 0.6258717062610999 23.793353340291237 -29.217522858017443
    endloop
  endfacet
  facet normal -0.8018125360509225 0.33212162691306 -0.4967815233764335
    outer loop
      vertex 0.6258717062610999 23.793353340291237 -29.217522858017443
      vertex 0.21520179833495434 23.47823523678867 -28.76536686473018
      vertex 0.3997937096174691 23.923879532511286 -28.76536686473018
    endloop
  endfacet
  facet normal -0.8929087705806836 0.3698549227364053 -0.25675136523052694
    outer loop
      vertex 0.21520179833495434 23.47823523678867 -28.76536686473018
      vertex 0.08467560611490277 23.51320962458514 -28.261052384440102
      vertex 0.2827671271974783 23.99144486137381 -28.261052384440102
    endloop
  endfacet
  facet normal -0.8929087705806825 0.36985492273640713 -0.25675136523052894
    outer loop
      vertex 0.21520179833495434 23.47823523678867 -28.76536686473018
      vertex 0.2827671271974783 23.99144486137381 -28.261052384440102
      vertex 0.3997937096174691 23.923879532511286 -28.76536686473018
    endloop
  endfacet
  facet normal -0.30634421182563604 0.39923554967420705 -0.8641551942546337
    outer loop
      vertex 1.458803899853803 23.5411961001462 -29.847759065022572
      vertex 1.139081330846241 23.860918669153758 -29.58670668058247
      vertex 1.3912385709912793 24.05440572473134 -29.58670668058247
    endloop
  endfacet
  facet normal -0.5633902913547406 0.43230457532182603 -0.7040625922196379
    outer loop
      vertex 0.6258717062610999 23.793353340291237 -29.217522858017443
      vertex 0.8780289464061379 24.12197105359386 -29.217522858017443
      vertex 1.139081330846241 23.860918669153758 -29.58670668058247
    endloop
  endfacet
  facet normal -0.43230457532182553 0.5633902913547413 -0.7040625922196377
    outer loop
      vertex 1.139081330846241 23.860918669153758 -29.58670668058247
      vertex 0.8780289464061379 24.12197105359386 -29.217522858017443
      vertex 1.3912385709912793 24.05440572473134 -29.58670668058247
    endloop
  endfacet
  facet normal -0.4323045753218246 0.5633902913547433 -0.7040625922196367
    outer loop
      vertex 0.8780289464061379 24.12197105359386 -29.217522858017443
      vertex 1.2066466597087648 24.3741282937389 -29.217522858017443
      vertex 1.3912385709912793 24.05440572473134 -29.58670668058247
    endloop
  endfacet
  facet normal -0.6885320340783838 0.5283292118363981 -0.49678152337643733
    outer loop
      vertex 0.6258717062610999 23.793353340291237 -29.217522858017443
      vertex 0.6934370351236234 24.306562964876377 -28.76536686473018
      vertex 0.8780289464061379 24.12197105359386 -29.217522858017443
    endloop
  endfacet
  facet normal -0.6885320340783895 0.5283292118363949 -0.49678152337643294
    outer loop
      vertex 0.6258717062610999 23.793353340291237 -29.217522858017443
      vertex 0.3997937096174691 23.923879532511286 -28.76536686473018
      vertex 0.6934370351236234 24.306562964876377 -28.76536686473018
    endloop
  endfacet
  facet normal -0.7667581440948007 0.5883542172165982 -0.2567513652305295
    outer loop
      vertex 0.3997937096174691 23.923879532511286 -28.76536686473018
      vertex 0.2827671271974783 23.99144486137381 -28.261052384440102
      vertex 0.6934370351236234 24.306562964876377 -28.76536686473018
    endloop
  endfacet
  facet normal -0.1588264466768429 0.206986655187474 -0.9653655703464412
    outer loop
      vertex 1.8694738077799484 23.22607799664363 -29.982889722747622
      vertex 1.458803899853803 23.5411961001462 -29.847759065022572
      vertex 1.6173165676349102 23.662827148071184 -29.847759065022572
    endloop
  endfacet
  facet normal -0.09984247829830026 0.24104106520869792 -0.9653655703464411
    outer loop
      vertex 1.8694738077799484 23.22607799664363 -29.982889722747622
      vertex 1.6173165676349102 23.662827148071184 -29.847759065022572
      vertex 1.8019084789174247 23.739287621228772 -29.847759065022572
    endloop
  endfacet
  facet normal -0.03405441002121971 0.2586689249751435 -0.9653655703464413
    outer loop
      vertex 1.9324346711374765 23.25215724014504 -29.982889722747622
      vertex 2 23.76536686473018 -29.847759065022572
      vertex 2 23.261052384440102 -29.982889722747622
    endloop
  endfacet
  facet normal -0.0340544100212237 0.25866892497514393 -0.9653655703464412
    outer loop
      vertex 1.9324346711374765 23.25215724014504 -29.982889722747622
      vertex 1.8019084789174247 23.739287621228772 -29.847759065022572
      vertex 2 23.76536686473018 -29.847759065022572
    endloop
  endfacet
  facet normal -0.1925760221988905 0.4649196445804237 -0.8641551942546343
    outer loop
      vertex 1.3912385709912793 24.05440572473134 -29.58670668058247
      vertex 1.8019084789174247 23.739287621228772 -29.847759065022572
      vertex 1.6173165676349102 23.662827148071184 -29.847759065022572
    endloop
  endfacet
  facet normal -0.19257602219888936 0.46491964458042484 -0.864155194254634
    outer loop
      vertex 1.3912385709912793 24.05440572473134 -29.58670668058247
      vertex 1.684881896497434 24.176036772656325 -29.58670668058247
      vertex 1.8019084789174247 23.739287621228772 -29.847759065022572
    endloop
  endfacet
  facet normal -0.06568409490621516 0.49892023402452335 -0.8641551942546353
    outer loop
      vertex 1.8019084789174247 23.739287621228772 -29.847759065022572
      vertex 2 24.217522858017443 -29.58670668058247
      vertex 2 23.76536686473018 -29.847759065022572
    endloop
  endfacet
  facet normal -0.06568409490621945 0.49892023402452457 -0.8641551942546342
    outer loop
      vertex 1.8019084789174247 23.739287621228772 -29.847759065022572
      vertex 1.684881896497434 24.176036772656325 -29.58670668058247
      vertex 2 24.217522858017443 -29.58670668058247
    endloop
  endfacet
  facet normal -0.2717580168978167 0.6560818900783129 -0.7040625922196367
    outer loop
      vertex 1.3912385709912793 24.05440572473134 -29.58670668058247
      vertex 1.2066466597087648 24.3741282937389 -29.217522858017443
      vertex 1.5893300920738547 24.53264096152001 -29.217522858017443
    endloop
  endfacet
  facet normal -0.7667581440947998 0.5883542172166001 -0.2567513652305276
    outer loop
      vertex 0.6934370351236234 24.306562964876377 -28.76536686473018
      vertex 0.2827671271974783 23.99144486137381 -28.261052384440102
      vertex 0.5978852307000442 24.402114769299956 -28.261052384440102
    endloop
  endfacet
  facet normal -0.588354217216601 0.7667581440947994 -0.25675136523052755
    outer loop
      vertex 0.6934370351236234 24.306562964876377 -28.76536686473018
      vertex 0.5978852307000442 24.402114769299956 -28.261052384440102
      vertex 1.0085551386261895 24.717232872802523 -28.261052384440102
    endloop
  endfacet
  facet normal -0.5283292118363951 0.6885320340783857 -0.4967815233764379
    outer loop
      vertex 0.8780289464061379 24.12197105359386 -29.217522858017443
      vertex 0.6934370351236234 24.306562964876377 -28.76536686473018
      vertex 1.2066466597087648 24.3741282937389 -29.217522858017443
    endloop
  endfacet
  facet normal -0.5283292118363937 0.6885320340783881 -0.49678152337643583
    outer loop
      vertex 1.2066466597087648 24.3741282937389 -29.217522858017443
      vertex 0.6934370351236234 24.306562964876377 -28.76536686473018
      vertex 1.0761204674887133 24.60020629038253 -28.76536686473018
    endloop
  endfacet
  facet normal -0.3321216269130637 0.8018125360509195 -0.4967815233764363
    outer loop
      vertex 1.2066466597087648 24.3741282937389 -29.217522858017443
      vertex 1.0761204674887133 24.60020629038253 -28.76536686473018
      vertex 1.5893300920738547 24.53264096152001 -29.217522858017443
    endloop
  endfacet
  facet normal -0.588354217216598 0.7667581440948007 -0.2567513652305305
    outer loop
      vertex 0.6934370351236234 24.306562964876377 -28.76536686473018
      vertex 1.0085551386261895 24.717232872802523 -28.261052384440102
      vertex 1.0761204674887133 24.60020629038253 -28.76536686473018
    endloop
  endfacet
  facet normal -0.33212162691305785 0.8018125360509255 -0.4967815233764305
    outer loop
      vertex 1.0761204674887133 24.60020629038253 -28.76536686473018
      vertex 1.5217647632113311 24.784798201665044 -28.76536686473018
      vertex 1.5893300920738547 24.53264096152001 -29.217522858017443
    endloop
  endfacet
  facet normal -0.3698549227364036 0.8929087705806834 -0.25675136523053055
    outer loop
      vertex 1.0761204674887133 24.60020629038253 -28.76536686473018
      vertex 1.0085551386261895 24.717232872802523 -28.261052384440102
      vertex 1.5217647632113311 24.784798201665044 -28.76536686473018
    endloop
  endfacet
  facet normal -0.36985492273640347 0.8929087705806835 -0.25675136523053044
    outer loop
      vertex 1.5217647632113311 24.784798201665044 -28.76536686473018
      vertex 1.0085551386261895 24.717232872802523 -28.261052384440102
      vertex 1.4867903754148588 24.915324393885097 -28.261052384440102
    endloop
  endfacet
  facet normal -0.2717580168978088 0.6560818900783123 -0.7040625922196403
    outer loop
      vertex 1.3912385709912793 24.05440572473134 -29.58670668058247
      vertex 1.5893300920738547 24.53264096152001 -29.217522858017443
      vertex 1.684881896497434 24.176036772656325 -29.58670668058247
    endloop
  endfacet
  facet normal -0.09269159872357467 0.704062592219632 -0.7040625922196405
    outer loop
      vertex 1.684881896497434 24.176036772656325 -29.58670668058247
      vertex 1.5893300920738547 24.53264096152001 -29.217522858017443
      vertex 2 24.217522858017443 -29.58670668058247
    endloop
  endfacet
  facet normal -0.09269159872356766 0.7040625922196367 -0.7040625922196367
    outer loop
      vertex 2 24.217522858017443 -29.58670668058247
      vertex 1.5893300920738547 24.53264096152001 -29.217522858017443
      vertex 2 24.58670668058247 -29.217522858017443
    endloop
  endfacet
  facet normal -0.1132805019725308 0.8604508387494555 -0.4967815233764337
    outer loop
      vertex 1.5893300920738547 24.53264096152001 -29.217522858017443
      vertex 2 24.847759065022572 -28.76536686473018
      vertex 2 24.58670668058247 -29.217522858017443
    endloop
  endfacet
  facet normal -0.11328050197253585 0.8604508387494569 -0.49678152337643017
    outer loop
      vertex 1.5217647632113311 24.784798201665044 -28.76536686473018
      vertex 2 24.847759065022572 -28.76536686473018
      vertex 1.5893300920738547 24.53264096152001 -29.217522858017443
    endloop
  endfacet
  facet normal -0.12615062648588385 0.9582091399530046 -0.25675136523053255
    outer loop
      vertex 1.5217647632113311 24.784798201665044 -28.76536686473018
      vertex 2 24.982889722747622 -28.261052384440102
      vertex 2 24.847759065022572 -28.76536686473018
    endloop
  endfacet
  facet normal -0.12615062648588593 0.9582091399530048 -0.2567513652305306
    outer loop
      vertex 1.5217647632113311 24.784798201665044 -28.76536686473018
      vertex 1.4867903754148588 24.915324393885097 -28.261052384440102
      vertex 2 24.982889722747622 -28.261052384440102
    endloop
  endfacet
  facet normal 0 0.2588190451025248 -0.9659258262890673
    outer loop
      vertex 2 23.261052384440102 -29.982889722747622
      vertex 2 23.76536686473018 -29.847759065022572
      vertex 8 23.76536686473018 -29.847759065022572
    endloop
  endfacet
  facet normal 0 0.4999999999999973 -0.8660254037844403
    outer loop
      vertex 2 23.76536686473018 -29.847759065022572
      vertex 2 24.217522858017443 -29.58670668058247
      vertex 8 23.76536686473018 -29.847759065022572
    endloop
  endfacet
  facet normal 0 0.2588190451025248 -0.9659258262890673
    outer loop
      vertex 2 23.261052384440102 -29.982889722747622
      vertex 8 23.76536686473018 -29.847759065022572
      vertex 8 23.261052384440102 -29.982889722747622
    endloop
  endfacet
  facet normal 0 0.4999999999999973 -0.8660254037844403
    outer loop
      vertex 2 24.217522858017443 -29.58670668058247
      vertex 8 24.217522858017443 -29.58670668058247
      vertex 8 23.76536686473018 -29.847759065022572
    endloop
  endfacet
  facet normal 0 0.7071067811865476 -0.7071067811865476
    outer loop
      vertex 2 24.217522858017443 -29.58670668058247
      vertex 2 24.58670668058247 -29.217522858017443
      vertex 8 24.217522858017443 -29.58670668058247
    endloop
  endfacet
  facet normal 0 0.8660254037844403 -0.4999999999999973
    outer loop
      vertex 2 24.58670668058247 -29.217522858017443
      vertex 2 24.847759065022572 -28.76536686473018
      vertex 8 24.58670668058247 -29.217522858017443
    endloop
  endfacet
  facet normal 0 0.9659258262890673 -0.2588190451025248
    outer loop
      vertex 2 24.847759065022572 -28.76536686473018
      vertex 2 24.982889722747622 -28.261052384440102
      vertex 8 24.982889722747622 -28.261052384440102
    endloop
  endfacet
  facet normal 0 0.7071067811865476 -0.7071067811865476
    outer loop
      vertex 2 24.58670668058247 -29.217522858017443
      vertex 8 24.58670668058247 -29.217522858017443
      vertex 8 24.217522858017443 -29.58670668058247
    endloop
  endfacet
  facet normal 0 0.8660254037844403 -0.4999999999999973
    outer loop
      vertex 2 24.847759065022572 -28.76536686473018
      vertex 8 24.847759065022572 -28.76536686473018
      vertex 8 24.58670668058247 -29.217522858017443
    endloop
  endfacet
  facet normal 0 0.9659258262890673 -0.2588190451025248
    outer loop
      vertex 2 24.847759065022572 -28.76536686473018
      vertex 8 24.982889722747622 -28.261052384440102
      vertex 8 24.847759065022572 -28.76536686473018
    endloop
  endfacet
  facet normal 0.25866892497514343 0.034054410021219034 -0.9653655703464414
    outer loop
      vertex 8.261052384440102 23 -29.982889722747622
      vertex 8.252157240145038 23.067565328862525 -29.982889722747622
      vertex 8.76536686473018 23 -29.847759065022572
    endloop
  endfacet
  facet normal 0.15882644667684753 0.20698665518746812 -0.9653655703464418
    outer loop
      vertex 8.184591911282514 23.184591911282514 -29.982889722747622
      vertex 8.130526192220051 23.22607799664363 -29.982889722747622
      vertex 8.541196100146196 23.5411961001462 -29.847759065022572
    endloop
  endfacet
  facet normal 0.09984247829829813 0.24104106520869806 -0.9653655703464414
    outer loop
      vertex 8.130526192220051 23.22607799664363 -29.982889722747622
      vertex 8.067565328862523 23.25215724014504 -29.982889722747622
      vertex 8.198091521082576 23.739287621228772 -29.847759065022572
    endloop
  endfacet
  facet normal 0.25866892497514404 0.0340544100212239 -0.9653655703464411
    outer loop
      vertex 8.252157240145038 23.067565328862525 -29.982889722747622
      vertex 8.739287621228772 23.198091521082574 -29.847759065022572
      vertex 8.76536686473018 23 -29.847759065022572
    endloop
  endfacet
  facet normal 0.24104106520869864 0.09984247829829836 -0.9653655703464411
    outer loop
      vertex 8.252157240145038 23.067565328862525 -29.982889722747622
      vertex 8.226077996643632 23.130526192220053 -29.982889722747622
      vertex 8.739287621228772 23.198091521082574 -29.847759065022572
    endloop
  endfacet
  facet normal 0.4989202340245248 0.06568409490621573 -0.8641551942546344
    outer loop
      vertex 8.76536686473018 23 -29.847759065022572
      vertex 8.739287621228772 23.198091521082574 -29.847759065022572
      vertex 9.21752285801744 23 -29.58670668058247
    endloop
  endfacet
  facet normal 0.498920234024525 0.06568409490621664 -0.864155194254634
    outer loop
      vertex 8.739287621228772 23.198091521082574 -29.847759065022572
      vertex 9.176036772656325 23.315118103502567 -29.58670668058247
      vertex 9.21752285801744 23 -29.58670668058247
    endloop
  endfacet
  facet normal 0.2069866551874653 0.15882644667685059 -0.9653655703464417
    outer loop
      vertex 8.226077996643632 23.130526192220053 -29.982889722747622
      vertex 8.184591911282514 23.184591911282514 -29.982889722747622
      vertex 8.541196100146196 23.5411961001462 -29.847759065022572
    endloop
  endfacet
  facet normal 0.24104106520869864 0.09984247829829909 -0.965365570346441
    outer loop
      vertex 8.226077996643632 23.130526192220053 -29.982889722747622
      vertex 8.662827148071184 23.38268343236509 -29.847759065022572
      vertex 8.739287621228772 23.198091521082574 -29.847759065022572
    endloop
  endfacet
  facet normal 0.2069866551874729 0.15882644667684465 -0.9653655703464412
    outer loop
      vertex 8.226077996643632 23.130526192220053 -29.982889722747622
      vertex 8.541196100146196 23.5411961001462 -29.847759065022572
      vertex 8.662827148071184 23.38268343236509 -29.847759065022572
    endloop
  endfacet
  facet normal 0.4649196445804248 0.19257602219888814 -0.8641551942546344
    outer loop
      vertex 8.739287621228772 23.198091521082574 -29.847759065022572
      vertex 8.662827148071184 23.38268343236509 -29.847759065022572
      vertex 9.176036772656325 23.315118103502567 -29.58670668058247
    endloop
  endfacet
  facet normal 0.704062592219635 0.09269159872357038 -0.7040625922196384
    outer loop
      vertex 9.21752285801744 23 -29.58670668058247
      vertex 9.532640961520007 23.410669907926145 -29.217522858017443
      vertex 9.58670668058247 23 -29.217522858017443
    endloop
  endfacet
  facet normal 0.7040625922196345 0.0926915987235709 -0.7040625922196385
    outer loop
      vertex 9.21752285801744 23 -29.58670668058247
      vertex 9.176036772656325 23.315118103502567 -29.58670668058247
      vertex 9.532640961520007 23.410669907926145 -29.217522858017443
    endloop
  endfacet
  facet normal 0.8604508387494536 0.11328050197253425 -0.49678152337643605
    outer loop
      vertex 9.58670668058247 23 -29.217522858017443
      vertex 9.532640961520007 23.410669907926145 -29.217522858017443
      vertex 9.847759065022574 23 -28.76536686473018
    endloop
  endfacet
  facet normal 0.8604508387494537 0.11328050197253511 -0.49678152337643544
    outer loop
      vertex 9.847759065022574 23 -28.76536686473018
      vertex 9.532640961520007 23.410669907926145 -29.217522858017443
      vertex 9.784798201665046 23.47823523678867 -28.76536686473018
    endloop
  endfacet
  facet normal 0.9582091399530065 0.12615062648588293 -0.25675136523052633
    outer loop
      vertex 9.847759065022574 23 -28.76536686473018
      vertex 9.915324393885097 23.51320962458514 -28.261052384440102
      vertex 9.98288972274762 23 -28.261052384440102
    endloop
  endfacet
  facet normal 0.958209139953006 0.12615062648588368 -0.25675136523052694
    outer loop
      vertex 9.847759065022574 23 -28.76536686473018
      vertex 9.784798201665046 23.47823523678867 -28.76536686473018
      vertex 9.915324393885097 23.51320962458514 -28.261052384440102
    endloop
  endfacet
  facet normal 0.034054410021219936 0.25866892497514354 -0.9653655703464415
    outer loop
      vertex 8 23.261052384440102 -29.982889722747622
      vertex 8 23.76536686473018 -29.847759065022572
      vertex 8.067565328862523 23.25215724014504 -29.982889722747622
    endloop
  endfacet
  facet normal 0.03405441002122358 0.2586689249751439 -0.9653655703464412
    outer loop
      vertex 8.067565328862523 23.25215724014504 -29.982889722747622
      vertex 8 23.76536686473018 -29.847759065022572
      vertex 8.198091521082576 23.739287621228772 -29.847759065022572
    endloop
  endfacet
  facet normal 0.09984247829830065 0.2410410652086978 -0.9653655703464411
    outer loop
      vertex 8.130526192220051 23.22607799664363 -29.982889722747622
      vertex 8.198091521082576 23.739287621228772 -29.847759065022572
      vertex 8.38268343236509 23.662827148071184 -29.847759065022572
    endloop
  endfacet
  facet normal 0.158826446676843 0.20698665518747383 -0.9653655703464413
    outer loop
      vertex 8.130526192220051 23.22607799664363 -29.982889722747622
      vertex 8.38268343236509 23.662827148071184 -29.847759065022572
      vertex 8.541196100146196 23.5411961001462 -29.847759065022572
    endloop
  endfacet
  facet normal 0.46491964458042473 0.19257602219889025 -0.8641551942546338
    outer loop
      vertex 8.662827148071184 23.38268343236509 -29.847759065022572
      vertex 9.054405724731339 23.60876142900872 -29.58670668058247
      vertex 9.176036772656325 23.315118103502567 -29.58670668058247
    endloop
  endfacet
  facet normal 0.39923554967420677 0.3063442118256363 -0.8641551942546337
    outer loop
      vertex 8.662827148071184 23.38268343236509 -29.847759065022572
      vertex 8.541196100146196 23.5411961001462 -29.847759065022572
      vertex 8.860918669153758 23.860918669153758 -29.58670668058247
    endloop
  endfacet
  facet normal 0.3992355496742074 0.30634421182563604 -0.8641551942546336
    outer loop
      vertex 8.662827148071184 23.38268343236509 -29.847759065022572
      vertex 8.860918669153758 23.860918669153758 -29.58670668058247
      vertex 9.054405724731339 23.60876142900872 -29.58670668058247
    endloop
  endfacet
  facet normal 0.3063442118256324 0.3992355496742074 -0.8641551942546347
    outer loop
      vertex 8.541196100146196 23.5411961001462 -29.847759065022572
      vertex 8.38268343236509 23.662827148071184 -29.847759065022572
      vertex 8.608761429008721 24.05440572473134 -29.58670668058247
    endloop
  endfacet
  facet normal 0.06568409490621493 0.49892023402452335 -0.8641551942546352
    outer loop
      vertex 8 23.76536686473018 -29.847759065022572
      vertex 8 24.217522858017443 -29.58670668058247
      vertex 8.198091521082576 23.739287621228772 -29.847759065022572
    endloop
  endfacet
  facet normal 0.06568409490621938 0.4989202340245247 -0.8641551942546342
    outer loop
      vertex 8.198091521082576 23.739287621228772 -29.847759065022572
      vertex 8 24.217522858017443 -29.58670668058247
      vertex 8.315118103502567 24.176036772656325 -29.58670668058247
    endloop
  endfacet
  facet normal 0.19257602219889114 0.46491964458042306 -0.8641551942546346
    outer loop
      vertex 8.198091521082576 23.739287621228772 -29.847759065022572
      vertex 8.608761429008721 24.05440572473134 -29.58670668058247
      vertex 8.38268343236509 23.662827148071184 -29.847759065022572
    endloop
  endfacet
  facet normal 0.30634421182563726 0.3992355496742062 -0.8641551942546336
    outer loop
      vertex 8.541196100146196 23.5411961001462 -29.847759065022572
      vertex 8.608761429008721 24.05440572473134 -29.58670668058247
      vertex 8.860918669153758 23.860918669153758 -29.58670668058247
    endloop
  endfacet
  facet normal 0.19257602219888928 0.46491964458042495 -0.8641551942546339
    outer loop
      vertex 8.198091521082576 23.739287621228772 -29.847759065022572
      vertex 8.315118103502567 24.176036772656325 -29.58670668058247
      vertex 8.608761429008721 24.05440572473134 -29.58670668058247
    endloop
  endfacet
  facet normal 0.4323045753218268 0.5633902913547394 -0.7040625922196383
    outer loop
      vertex 8.860918669153758 23.860918669153758 -29.58670668058247
      vertex 8.608761429008721 24.05440572473134 -29.58670668058247
      vertex 9.121971053593862 24.12197105359386 -29.217522858017443
    endloop
  endfacet
  facet normal 0.43230457532182465 0.5633902913547438 -0.7040625922196362
    outer loop
      vertex 8.608761429008721 24.05440572473134 -29.58670668058247
      vertex 8.793353340291235 24.3741282937389 -29.217522858017443
      vertex 9.121971053593862 24.12197105359386 -29.217522858017443
    endloop
  endfacet
  facet normal 0.09269159872357456 0.7040625922196322 -0.7040625922196405
    outer loop
      vertex 8.315118103502567 24.176036772656325 -29.58670668058247
      vertex 8 24.217522858017443 -29.58670668058247
      vertex 8.410669907926145 24.53264096152001 -29.217522858017443
    endloop
  endfacet
  facet normal 0.09269159872356766 0.7040625922196367 -0.7040625922196367
    outer loop
      vertex 8 24.217522858017443 -29.58670668058247
      vertex 8 24.58670668058247 -29.217522858017443
      vertex 8.410669907926145 24.53264096152001 -29.217522858017443
    endloop
  endfacet
  facet normal 0.2717580168978087 0.6560818900783125 -0.7040625922196402
    outer loop
      vertex 8.608761429008721 24.05440572473134 -29.58670668058247
      vertex 8.315118103502567 24.176036772656325 -29.58670668058247
      vertex 8.410669907926145 24.53264096152001 -29.217522858017443
    endloop
  endfacet
  facet normal 0.271758016897817 0.6560818900783131 -0.7040625922196365
    outer loop
      vertex 8.608761429008721 24.05440572473134 -29.58670668058247
      vertex 8.410669907926145 24.53264096152001 -29.217522858017443
      vertex 8.793353340291235 24.3741282937389 -29.217522858017443
    endloop
  endfacet
  facet normal 0.5283292118363924 0.6885320340783894 -0.49678152337643555
    outer loop
      vertex 8.793353340291235 24.3741282937389 -29.217522858017443
      vertex 8.923879532511286 24.60020629038253 -28.76536686473018
      vertex 9.306562964876377 24.306562964876377 -28.76536686473018
    endloop
  endfacet
  facet normal 0.33212162691306385 0.8018125360509195 -0.496781523376436
    outer loop
      vertex 8.793353340291235 24.3741282937389 -29.217522858017443
      vertex 8.410669907926145 24.53264096152001 -29.217522858017443
      vertex 8.923879532511286 24.60020629038253 -28.76536686473018
    endloop
  endfacet
  facet normal 0.1132805019725308 0.8604508387494555 -0.4967815233764337
    outer loop
      vertex 8 24.58670668058247 -29.217522858017443
      vertex 8 24.847759065022572 -28.76536686473018
      vertex 8.410669907926145 24.53264096152001 -29.217522858017443
    endloop
  endfacet
  facet normal 0.11328050197253592 0.8604508387494569 -0.49678152337643006
    outer loop
      vertex 8.410669907926145 24.53264096152001 -29.217522858017443
      vertex 8 24.847759065022572 -28.76536686473018
      vertex 8.478235236788668 24.784798201665044 -28.76536686473018
    endloop
  endfacet
  facet normal 0.12615062648588396 0.9582091399530046 -0.2567513652305325
    outer loop
      vertex 8 24.847759065022572 -28.76536686473018
      vertex 8 24.982889722747622 -28.261052384440102
      vertex 8.478235236788668 24.784798201665044 -28.76536686473018
    endloop
  endfacet
  facet normal 0.33212162691305797 0.8018125360509255 -0.4967815233764302
    outer loop
      vertex 8.410669907926145 24.53264096152001 -29.217522858017443
      vertex 8.478235236788668 24.784798201665044 -28.76536686473018
      vertex 8.923879532511286 24.60020629038253 -28.76536686473018
    endloop
  endfacet
  facet normal 0.3698549227364037 0.8929087705806832 -0.2567513652305314
    outer loop
      vertex 8.478235236788668 24.784798201665044 -28.76536686473018
      vertex 8.991444861373811 24.717232872802523 -28.261052384440102
      vertex 8.923879532511286 24.60020629038253 -28.76536686473018
    endloop
  endfacet
  facet normal 0.3698549227364029 0.892908770580684 -0.2567513652305305
    outer loop
      vertex 8.478235236788668 24.784798201665044 -28.76536686473018
      vertex 8.51320962458514 24.915324393885097 -28.261052384440102
      vertex 8.991444861373811 24.717232872802523 -28.261052384440102
    endloop
  endfacet
  facet normal 0.12615062648588604 0.9582091399530047 -0.2567513652305306
    outer loop
      vertex 8.478235236788668 24.784798201665044 -28.76536686473018
      vertex 8 24.982889722747622 -28.261052384440102
      vertex 8.51320962458514 24.915324393885097 -28.261052384440102
    endloop
  endfacet
  facet normal 0.6560818900783137 0.27175801689780993 -0.7040625922196385
    outer loop
      vertex 9.176036772656325 23.315118103502567 -29.58670668058247
      vertex 9.3741282937389 23.793353340291237 -29.217522858017443
      vertex 9.532640961520007 23.410669907926145 -29.217522858017443
    endloop
  endfacet
  facet normal 0.656081890078313 0.2717580168978106 -0.704062592219639
    outer loop
      vertex 9.176036772656325 23.315118103502567 -29.58670668058247
      vertex 9.054405724731339 23.60876142900872 -29.58670668058247
      vertex 9.3741282937389 23.793353340291237 -29.217522858017443
    endloop
  endfacet
  facet normal 0.56339029135474 0.4323045753218242 -0.7040625922196394
    outer loop
      vertex 9.054405724731339 23.60876142900872 -29.58670668058247
      vertex 8.860918669153758 23.860918669153758 -29.58670668058247
      vertex 9.3741282937389 23.793353340291237 -29.217522858017443
    endloop
  endfacet
  facet normal 0.8018125360509227 0.3321216269130562 -0.496781523376436
    outer loop
      vertex 9.532640961520007 23.410669907926145 -29.217522858017443
      vertex 9.3741282937389 23.793353340291237 -29.217522858017443
      vertex 9.784798201665046 23.47823523678867 -28.76536686473018
    endloop
  endfacet
  facet normal 0.8018125360509227 0.33212162691306135 -0.4967815233764324
    outer loop
      vertex 9.3741282937389 23.793353340291237 -29.217522858017443
      vertex 9.60020629038253 23.923879532511286 -28.76536686473018
      vertex 9.784798201665046 23.47823523678867 -28.76536686473018
    endloop
  endfacet
  facet normal 0.8929087705806836 0.3698549227364062 -0.2567513652305262
    outer loop
      vertex 9.784798201665046 23.47823523678867 -28.76536686473018
      vertex 9.717232872802521 23.99144486137381 -28.261052384440102
      vertex 9.915324393885097 23.51320962458514 -28.261052384440102
    endloop
  endfacet
  facet normal 0.8929087705806821 0.36985492273640824 -0.2567513652305286
    outer loop
      vertex 9.784798201665046 23.47823523678867 -28.76536686473018
      vertex 9.60020629038253 23.923879532511286 -28.76536686473018
      vertex 9.717232872802521 23.99144486137381 -28.261052384440102
    endloop
  endfacet
  facet normal 0.5633902913547396 0.43230457532182615 -0.7040625922196386
    outer loop
      vertex 8.860918669153758 23.860918669153758 -29.58670668058247
      vertex 9.121971053593862 24.12197105359386 -29.217522858017443
      vertex 9.3741282937389 23.793353340291237 -29.217522858017443
    endloop
  endfacet
  facet normal 0.6885320340783828 0.5283292118363984 -0.4967815233764383
    outer loop
      vertex 9.3741282937389 23.793353340291237 -29.217522858017443
      vertex 9.121971053593862 24.12197105359386 -29.217522858017443
      vertex 9.306562964876377 24.306562964876377 -28.76536686473018
    endloop
  endfacet
  facet normal 0.688532034078391 0.5283292118363937 -0.49678152337643194
    outer loop
      vertex 9.3741282937389 23.793353340291237 -29.217522858017443
      vertex 9.306562964876377 24.306562964876377 -28.76536686473018
      vertex 9.60020629038253 23.923879532511286 -28.76536686473018
    endloop
  endfacet
  facet normal 0.766758144094802 0.5883542172165966 -0.25675136523052916
    outer loop
      vertex 9.60020629038253 23.923879532511286 -28.76536686473018
      vertex 9.306562964876377 24.306562964876377 -28.76536686473018
      vertex 9.717232872802521 23.99144486137381 -28.261052384440102
    endloop
  endfacet
  facet normal 0.5283292118363947 0.6885320340783855 -0.49678152337643866
    outer loop
      vertex 8.793353340291235 24.3741282937389 -29.217522858017443
      vertex 9.306562964876377 24.306562964876377 -28.76536686473018
      vertex 9.121971053593862 24.12197105359386 -29.217522858017443
    endloop
  endfacet
  facet normal 0.7667581440948011 0.588354217216599 -0.256751365230527
    outer loop
      vertex 9.306562964876377 24.306562964876377 -28.76536686473018
      vertex 9.402114769299956 24.402114769299956 -28.261052384440102
      vertex 9.717232872802521 23.99144486137381 -28.261052384440102
    endloop
  endfacet
  facet normal 0.5883542172166011 0.7667581440947995 -0.25675136523052705
    outer loop
      vertex 9.306562964876377 24.306562964876377 -28.76536686473018
      vertex 8.991444861373811 24.717232872802523 -28.261052384440102
      vertex 9.402114769299956 24.402114769299956 -28.261052384440102
    endloop
  endfacet
  facet normal 0.5883542172165963 0.7667581440948016 -0.25675136523053177
    outer loop
      vertex 8.923879532511286 24.60020629038253 -28.76536686473018
      vertex 8.991444861373811 24.717232872802523 -28.261052384440102
      vertex 9.306562964876377 24.306562964876377 -28.76536686473018
    endloop
  endfacet
  facet normal -1 0 0
    outer loop
      vertex 0.017110277252379236 2 -28.261052384440102
      vertex 0.017110277252379236 23 -8.261052384440102
      vertex 0.017110277252379236 23 -28.261052384440102
    endloop
  endfacet
  facet normal 1 0 0
    outer loop
      vertex 9.98288972274762 23 -28.261052384440102
      vertex 9.98288972274762 23 -9.98288972274762
      vertex 9.98288972274762 2 -9.98288972274762
    endloop
  endfacet
  facet normal -0.7071067811865476 0 0.7071067811865476
    outer loop
      vertex 0.7824771419825587 2 -0.41329331941752967
      vertex 0.7824771419825587 23 -0.41329331941752967
      vertex 0.41329331941752967 23 -0.7824771419825587
    endloop
  endfacet
  facet normal -0.25881904510252063 0 0.9659258262890683
    outer loop
      vertex 1.4867903754148586 12.5 -0.08467560611490288
      vertex 1.7389476155598969 12.5 -0.017110277252379236
      vertex 1.7389476155598969 23 -0.017110277252379236
    endloop
  endfacet
  facet normal 0 0 1
    outer loop
      vertex 1.7484581869278617 2.0035143536897633 -0.017110277252379236
      vertex 1.932195645305951 23.225903212241867 -0.017110277252379236
      vertex 1.930141006493464 23.000226579847368 -0.017110277252379236
    endloop
  endfacet
  facet normal 0 0 1
    outer loop
      vertex 8.072668079900401 23.007505978156892 -0.017110277252379236
      vertex 1.932195645305951 23.225903212241867 -0.017110277252379236
      vertex 8.261052384440102 4.410053200036261 -0.017110277252379236
    endloop
  endfacet
  facet normal -0.9914448613738105 0.13052619222005152 0
    outer loop
      vertex 0.017110277252379236 23 -28.261052384440102
      vertex 0.08467560611490277 23.51320962458514 -8.261052384440102
      vertex 0.08467560611490277 23.51320962458514 -28.261052384440102
    endloop
  endfacet
  facet normal -0.9238795325112868 0.38268343236508945 0
    outer loop
      vertex 0.08467560611490277 23.51320962458514 -28.261052384440102
      vertex 0.2827671271974783 23.99144486137381 -8.261052384440102
      vertex 0.2827671271974783 23.99144486137381 -28.261052384440102
    endloop
  endfacet
  facet normal -0.7933533402912354 0.6087614290087204 0
    outer loop
      vertex 0.2827671271974783 23.99144486137381 -28.261052384440102
      vertex 0.5978852307000442 24.402114769299956 -8.261052384440102
      vertex 0.5978852307000442 24.402114769299956 -28.261052384440102
    endloop
  endfacet
  facet normal -0.6087614290087212 0.7933533402912347 0
    outer loop
      vertex 0.5978852307000442 24.402114769299956 -28.261052384440102
      vertex 1.0085551386261895 24.717232872802523 -8.261052384440102
      vertex 1.0085551386261895 24.717232872802523 -28.261052384440102
    endloop
  endfacet
  facet normal -0.3826834323650879 0.9238795325112875 0
    outer loop
      vertex 1.0085551386261895 24.717232872802523 -28.261052384440102
      vertex 1.4867903754148588 24.915324393885097 -8.261052384440102
      vertex 1.4867903754148588 24.915324393885097 -28.261052384440102
    endloop
  endfacet
  facet normal -0.13052619222005393 0.9914448613738102 5.026842620747827e-19
    outer loop
      vertex 1.4867903754148588 24.915324393885097 -28.261052384440102
      vertex 1.6129947988235704 24.93193952143343 -8.261052384440102
      vertex 2 24.982889722747622 -28.261052384440102
    endloop
  endfacet
  facet normal 0 1 0
    outer loop
      vertex 2 24.982889722747622 -28.261052384440102
      vertex 8 24.982889722747622 -8.261052384440102
      vertex 8 24.982889722747622 -28.261052384440102
    endloop
  endfacet
  facet normal 0.9914448613738106 0.13052619222005069 -1.100076132112147e-18
    outer loop
      vertex 9.98288972274762 23 -28.261052384440102
      vertex 9.915324393885097 23.51320962458514 -28.261052384440102
      vertex 9.948521524334936 23.261052384440102 -9.98288972274762
    endloop
  endfacet
  facet normal 0.9238795325112866 0.3826834323650902 0
    outer loop
      vertex 9.915324393885097 23.51320962458514 -28.261052384440102
      vertex 9.717232872802521 23.99144486137381 -28.261052384440102
      vertex 9.915324393885097 23.51320962458514 -9.915324393885097
    endloop
  endfacet
  facet normal 0.38268343236508734 0.9238795325112878 0
    outer loop
      vertex 8.991444861373811 24.717232872802523 -28.261052384440102
      vertex 8.51320962458514 24.915324393885097 -28.261052384440102
      vertex 8.991444861373811 24.717232872802523 -8.99144486137381
    endloop
  endfacet
  facet normal 0.13052619222005402 0.9914448613738099 0
    outer loop
      vertex 8 24.982889722747622 -28.261052384440102
      vertex 8.51320962458514 24.915324393885097 -8.51320962458514
      vertex 8.51320962458514 24.915324393885097 -28.261052384440102
    endloop
  endfacet
  facet normal 0.7933533402912364 0.608761429008719 0
    outer loop
      vertex 9.717232872802521 23.99144486137381 -28.261052384440102
      vertex 9.402114769299956 24.402114769299956 -28.261052384440102
      vertex 9.717232872802521 23.99144486137381 -9.717232872802521
    endloop
  endfacet
  facet normal 0.6087614290087212 0.7933533402912347 2.6044636555369114e-17
    outer loop
      vertex 8.991444861373811 24.717232872802523 -28.261052384440102
      vertex 9.161549906895331 24.58670668058247 -9.21752285801744
      vertex 9.402114769299956 24.402114769299956 -28.261052384440102
    endloop
  endfacet
  facet normal -0.9914448613738105 0.13052619222005152 0
    outer loop
      vertex 0.017110277252379236 23 -28.261052384440102
      vertex 0.017110277252379236 23 -8.261052384440102
      vertex 0.08467560611490277 23.51320962458514 -8.261052384440102
    endloop
  endfacet
  facet normal -0.9238795325112868 0.38268343236508945 0
    outer loop
      vertex 0.08467560611490277 23.51320962458514 -28.261052384440102
      vertex 0.08467560611490277 23.51320962458514 -8.261052384440102
      vertex 0.2827671271974783 23.99144486137381 -8.261052384440102
    endloop
  endfacet
  facet normal -0.7933533402912354 0.6087614290087204 0
    outer loop
      vertex 0.2827671271974783 23.99144486137381 -28.261052384440102
      vertex 0.2827671271974783 23.99144486137381 -8.261052384440102
      vertex 0.5978852307000442 24.402114769299956 -8.261052384440102
    endloop
  endfacet
  facet normal -0.6087614290087212 0.7933533402912347 0
    outer loop
      vertex 0.5978852307000442 24.402114769299956 -28.261052384440102
      vertex 0.5978852307000442 24.402114769299956 -8.261052384440102
      vertex 1.0085551386261895 24.717232872802523 -8.261052384440102
    endloop
  endfacet
  facet normal -0.3826834323650879 0.9238795325112875 0
    outer loop
      vertex 1.0085551386261895 24.717232872802523 -28.261052384440102
      vertex 1.0085551386261895 24.717232872802523 -8.261052384440102
      vertex 1.4867903754148588 24.915324393885097 -8.261052384440102
    endloop
  endfacet
  facet normal -0.13052619222005385 0.9914448613738102 0
    outer loop
      vertex 1.4867903754148588 24.915324393885097 -28.261052384440102
      vertex 1.4867903754148588 24.915324393885097 -8.261052384440102
      vertex 1.6129947988235704 24.93193952143343 -8.261052384440102
    endloop
  endfacet
  facet normal -0.13052619222005396 0.9914448613738102 0
    outer loop
      vertex 2 24.982889722747622 -28.261052384440102
      vertex 1.6129947988235704 24.93193952143343 -8.261052384440102
      vertex 2 24.982889722747622 -8.261052384440102
    endloop
  endfacet
  facet normal 0 1 0
    outer loop
      vertex 2 24.982889722747622 -28.261052384440102
      vertex 2 24.982889722747622 -8.261052384440102
      vertex 8 24.982889722747622 -8.261052384440102
    endloop
  endfacet
  facet normal 0.9914448613738106 0.13052619222005063 0
    outer loop
      vertex 9.98288972274762 23 -28.261052384440102
      vertex 9.948521524334936 23.261052384440102 -9.98288972274762
      vertex 9.98288972274762 23 -9.98288972274762
    endloop
  endfacet
  facet normal 0.9914448613738106 0.13052619222005074 0
    outer loop
      vertex 9.915324393885097 23.51320962458514 -28.261052384440102
      vertex 9.915324393885097 23.51320962458514 -9.915324393885097
      vertex 9.948521524334936 23.261052384440102 -9.98288972274762
    endloop
  endfacet
  facet normal 0.923879532511287 0.38268343236508956 -1.926656472369327e-17
    outer loop
      vertex 9.717232872802521 23.99144486137381 -28.261052384440102
      vertex 9.810877445166453 23.76536686473018 -9.847759065022574
      vertex 9.915324393885097 23.51320962458514 -9.915324393885097
    endloop
  endfacet
  facet normal 0.9238795325112863 0.38268343236509095 0
    outer loop
      vertex 9.717232872802521 23.99144486137381 -28.261052384440102
      vertex 9.717232872802521 23.99144486137381 -9.717232872802521
      vertex 9.810877445166453 23.76536686473018 -9.847759065022574
    endloop
  endfacet
  facet normal 0.7933533402912366 0.6087614290087188 -7.779165225317785e-18
    outer loop
      vertex 9.402114769299956 24.402114769299956 -28.261052384440102
      vertex 9.543757124589646 24.217522858017443 -9.58670668058247
      vertex 9.717232872802521 23.99144486137381 -9.717232872802521
    endloop
  endfacet
  facet normal 0.13052619222005404 0.9914448613738102 0
    outer loop
      vertex 8 24.982889722747622 -28.261052384440102
      vertex 8 24.982889722747622 -8.261052384440102
      vertex 8.51320962458514 24.915324393885097 -8.51320962458514
    endloop
  endfacet
  facet normal 0.6087614290087231 0.7933533402912334 0
    outer loop
      vertex 8.991444861373811 24.717232872802523 -28.261052384440102
      vertex 8.991444861373811 24.717232872802523 -8.99144486137381
      vertex 9.161549906895331 24.58670668058247 -9.21752285801744
    endloop
  endfacet
  facet normal 0.38268343236508706 0.923879532511288 0
    outer loop
      vertex 8.51320962458514 24.915324393885097 -28.261052384440102
      vertex 8.51320962458514 24.915324393885097 -8.51320962458514
      vertex 8.676326757871248 24.847759065022572 -8.76536686473018
    endloop
  endfacet
  facet normal 0.3826834323650874 0.9238795325112877 -4.14910644755259e-18
    outer loop
      vertex 8.51320962458514 24.915324393885097 -28.261052384440102
      vertex 8.676326757871248 24.847759065022572 -8.76536686473018
      vertex 8.991444861373811 24.717232872802523 -8.99144486137381
    endloop
  endfacet
  facet normal 0.7933533402912362 0.6087614290087193 0
    outer loop
      vertex 9.402114769299956 24.402114769299956 -28.261052384440102
      vertex 9.402114769299956 24.402114769299956 -9.402114769299956
      vertex 9.543757124589646 24.217522858017443 -9.58670668058247
    endloop
  endfacet
  facet normal 0.60876142900872 0.7933533402912358 0
    outer loop
      vertex 9.402114769299956 24.402114769299956 -28.261052384440102
      vertex 9.161549906895331 24.58670668058247 -9.21752285801744
      vertex 9.402114769299956 24.402114769299956 -9.402114769299956
    endloop
  endfacet
  facet normal 0 0 1
    outer loop
      vertex 1.7389476155598969 23 -0.017110277252379236
      vertex 1.7389476155598969 12.5 -0.017110277252379236
      vertex 1.930141006493464 23.000226579847368 -0.017110277252379236
    endloop
  endfacet
  facet normal -0.13052619222005396 0.9914448613738102 -2.6927525669136706e-16
    outer loop
      vertex 2 24.982889722747622 -8.261052384440102
      vertex 1.6129947988235704 24.93193952143343 -8.261052384440102
      vertex 1.5880851858147575 24.928660108666886 -6.973751183676292
    endloop
  endfacet
  facet normal -0.9582091399530058 0.12615062648588327 0.2567513652305284
    outer loop
      vertex 0.017110277252379236 23 -1.7389476155598969
      vertex 0.15224093497742652 23 -1.2346331352698203
      vertex 0.21520179833495434 23.47823523678867 -1.2346331352698203
    endloop
  endfacet
  facet normal -0.8604508387494532 0.11328050197253516 0.49678152337643666
    outer loop
      vertex 0.41329331941752967 23 -0.7824771419825587
      vertex 0.4673590384799926 23.410669907926145 -0.7824771419825587
      vertex 0.21520179833495434 23.47823523678867 -1.2346331352698203
    endloop
  endfacet
  facet normal -0.7040625922196365 0.09269159872357123 0.7040625922196365
    outer loop
      vertex 0.41329331941752967 23 -0.7824771419825587
      vertex 0.7824771419825587 23 -0.41329331941752967
      vertex 0.823963227343675 23.315118103502567 -0.41329331941752967
    endloop
  endfacet
  facet normal -0.49892023402452595 0.06568409490621674 0.8641551942546334
    outer loop
      vertex 0.823963227343675 23.315118103502567 -0.41329331941752967
      vertex 0.7824771419825587 23 -0.41329331941752967
      vertex 1.2346331352698203 23 -0.15224093497742652
    endloop
  endfacet
  facet normal -0.49892023402452557 0.06568409490621743 0.8641551942546336
    outer loop
      vertex 0.823963227343675 23.315118103502567 -0.41329331941752967
      vertex 1.2346331352698203 23 -0.15224093497742652
      vertex 1.2607123787712278 23.198091521082574 -0.15224093497742652
    endloop
  endfacet
  facet normal -0.2586689249751393 0.0340544100212237 0.9653655703464425
    outer loop
      vertex 1.2346331352698203 23 -0.15224093497742652
      vertex 1.7389476155598969 23 -0.017110277252379236
      vertex 1.747842759854962 23.067565328862525 -0.017110277252379236
    endloop
  endfacet
  facet normal 0 0 1
    outer loop
      vertex 1.747842759854962 23.067565328862525 -0.017110277252379236
      vertex 1.7389476155598969 23 -0.017110277252379236
      vertex 1.8107629140621408 23.1304854830697 -0.017110277252379236
    endloop
  endfacet
  facet normal 0 0 1
    outer loop
      vertex 1.7389476155598969 23 -0.017110277252379236
      vertex 1.930141006493464 23.000226579847368 -0.017110277252379236
      vertex 1.8694738077799484 23.22607799664363 -0.017110277252379236
    endloop
  endfacet
  facet normal 0 0 1
    outer loop
      vertex 1.7389476155598969 23 -0.017110277252379236
      vertex 1.8694738077799484 23.22607799664363 -0.017110277252379236
      vertex 1.8107629140621408 23.1304854830697 -0.017110277252379236
    endloop
  endfacet
  facet normal -0.24104106520869378 0.09984247829829815 0.9653655703464423
    outer loop
      vertex 1.3371728519288164 23.38268343236509 -0.15224093497742652
      vertex 1.747842759854962 23.067565328862525 -0.017110277252379236
      vertex 1.7739220033563692 23.130526192220053 -0.017110277252379236
    endloop
  endfacet
  facet normal 0 0 1
    outer loop
      vertex 1.8107629140621408 23.1304854830697 -0.017110277252379236
      vertex 1.8694738077799484 23.22607799664363 -0.017110277252379236
      vertex 1.7739220033563692 23.130526192220053 -0.017110277252379236
    endloop
  endfacet
  facet normal 0 0 1
    outer loop
      vertex 1.7739220033563692 23.130526192220053 -0.017110277252379236
      vertex 1.8694738077799484 23.22607799664363 -0.017110277252379236
      vertex 1.8154080887174855 23.184591911282514 -0.017110277252379236
    endloop
  endfacet
  facet normal 0 0 1
    outer loop
      vertex 1.930141006493464 23.000226579847368 -0.017110277252379236
      vertex 1.932195645305951 23.225903212241867 -0.017110277252379236
      vertex 1.8694738077799484 23.22607799664363 -0.017110277252379236
    endloop
  endfacet
  facet normal -0.20698665518746578 0.15882644667684415 0.9653655703464428
    outer loop
      vertex 1.7739220033563692 23.130526192220053 -0.017110277252379236
      vertex 1.8154080887174855 23.184591911282514 -0.017110277252379236
      vertex 1.458803899853803 23.5411961001462 -0.15224093497742652
    endloop
  endfacet
  facet normal -0.15882644667684426 0.2069866551874655 0.9653655703464429
    outer loop
      vertex 1.458803899853803 23.5411961001462 -0.15224093497742652
      vertex 1.8154080887174855 23.184591911282514 -0.017110277252379236
      vertex 1.8694738077799484 23.22607799664363 -0.017110277252379236
    endloop
  endfacet
  facet normal 0 0 1
    outer loop
      vertex 5.85851244088721 23.176281800646528 -0.017110277252379236
      vertex 5.206061519879848 23.216780062938387 -0.017110277252379236
      vertex 1.932195645305951 23.225903212241867 -0.017110277252379236
    endloop
  endfacet
  facet normal 0 0 1
    outer loop
      vertex 1.9324346711374765 23.25215724014504 -0.017110277252379236
      vertex 8.11606432103893 23.232068299824146 -0.017110277252379236
      vertex 2 23.261052384440102 -0.017110277252379236
    endloop
  endfacet
  facet normal 0 0 1
    outer loop
      vertex 6.266578956135503 23.12556181311388 -0.017110277252379236
      vertex 5.85851244088721 23.176281800646528 -0.017110277252379236
      vertex 1.932195645305951 23.225903212241867 -0.017110277252379236
    endloop
  endfacet
  facet normal 0 0 1
    outer loop
      vertex 8.072668079900401 23.007505978156892 -0.017110277252379236
      vertex 6.266578956135503 23.12556181311388 -0.017110277252379236
      vertex 1.932195645305951 23.225903212241867 -0.017110277252379236
    endloop
  endfacet
  facet normal -0.13052619222005313 0.9914448613738102 0
    outer loop
      vertex 2 24.982889722747622 -8.261052384440102
      vertex 1.5880851858147575 24.928660108666886 -6.973751183676292
      vertex 2 24.982889722747622 -1.7389476155598969
    endloop
  endfacet
  facet normal -0.6560818900783134 0.2717580168978132 0.7040625922196376
    outer loop
      vertex 0.823963227343675 23.315118103502567 -0.41329331941752967
      vertex 0.9455942752686617 23.60876142900872 -0.41329331941752967
      vertex 0.6258717062610999 23.793353340291237 -0.7824771419825587
    endloop
  endfacet
  facet normal -0.46491964458042545 0.1925760221988924 0.8641551942546329
    outer loop
      vertex 0.9455942752686617 23.60876142900872 -0.41329331941752967
      vertex 0.823963227343675 23.315118103502567 -0.41329331941752967
      vertex 1.3371728519288164 23.38268343236509 -0.15224093497742652
    endloop
  endfacet
  facet normal -0.3992355496742096 0.30634421182563526 0.8641551942546326
    outer loop
      vertex 1.139081330846241 23.860918669153758 -0.41329331941752967
      vertex 0.9455942752686617 23.60876142900872 -0.41329331941752967
      vertex 1.3371728519288164 23.38268343236509 -0.15224093497742652
    endloop
  endfacet
  facet normal -0.39923554967420843 0.306344211825636 0.8641551942546329
    outer loop
      vertex 1.139081330846241 23.860918669153758 -0.41329331941752967
      vertex 1.3371728519288164 23.38268343236509 -0.15224093497742652
      vertex 1.458803899853803 23.5411961001462 -0.15224093497742652
    endloop
  endfacet
  facet normal -0.3063442118256332 0.399235549674209 0.8641551942546337
    outer loop
      vertex 1.3912385709912793 24.05440572473134 -0.41329331941752967
      vertex 1.458803899853803 23.5411961001462 -0.15224093497742652
      vertex 1.6173165676349102 23.662827148071184 -0.15224093497742652
    endloop
  endfacet
  facet normal -0.43230457532182653 0.5633902913547426 0.7040625922196361
    outer loop
      vertex 1.139081330846241 23.860918669153758 -0.41329331941752967
      vertex 1.3912385709912793 24.05440572473134 -0.41329331941752967
      vertex 0.8780289464061379 24.12197105359386 -0.7824771419825587
    endloop
  endfacet
  facet normal -0.4323045753218256 0.5633902913547446 0.704062592219635
    outer loop
      vertex 0.8780289464061379 24.12197105359386 -0.7824771419825587
      vertex 1.3912385709912793 24.05440572473134 -0.41329331941752967
      vertex 1.2066466597087648 24.3741282937389 -0.7824771419825587
    endloop
  endfacet
  facet normal -0.034054410021219145 0.2586689249751392 0.9653655703464427
    outer loop
      vertex 1.9324346711374765 23.25215724014504 -0.017110277252379236
      vertex 2 23.261052384440102 -0.017110277252379236
      vertex 2 23.76536686473018 -0.15224093497742652
    endloop
  endfacet
  facet normal -0.0340544100212232 0.25866892497513955 0.9653655703464423
    outer loop
      vertex 1.9324346711374765 23.25215724014504 -0.017110277252379236
      vertex 2 23.76536686473018 -0.15224093497742652
      vertex 1.8019084789174247 23.739287621228772 -0.15224093497742652
    endloop
  endfacet
  facet normal -0.06568409490621534 0.49892023402452457 0.8641551942546344
    outer loop
      vertex 2 23.76536686473018 -0.15224093497742652
      vertex 2 24.217522858017443 -0.41329331941752967
      vertex 1.8019084789174247 23.739287621228772 -0.15224093497742652
    endloop
  endfacet
  facet normal -0.5883542172166009 0.7667581440947994 0.2567513652305278
    outer loop
      vertex 0.6934370351236234 24.306562964876377 -1.2346331352698203
      vertex 1.0085551386261895 24.717232872802523 -1.7389476155598969
      vertex 0.5978852307000442 24.402114769299956 -1.7389476155598969
    endloop
  endfacet
  facet normal -0.5283292118363946 0.6885320340783849 0.4967815233764393
    outer loop
      vertex 0.8780289464061379 24.12197105359386 -0.7824771419825587
      vertex 1.2066466597087648 24.3741282937389 -0.7824771419825587
      vertex 0.6934370351236234 24.306562964876377 -1.2346331352698203
    endloop
  endfacet
  facet normal -0.5283292118363931 0.6885320340783875 0.4967815233764374
    outer loop
      vertex 0.6934370351236234 24.306562964876377 -1.2346331352698203
      vertex 1.2066466597087648 24.3741282937389 -0.7824771419825587
      vertex 1.0761204674887133 24.60020629038253 -1.2346331352698203
    endloop
  endfacet
  facet normal -0.3321216269130633 0.8018125360509187 0.49678152337643766
    outer loop
      vertex 1.0761204674887133 24.60020629038253 -1.2346331352698203
      vertex 1.2066466597087648 24.3741282937389 -0.7824771419825587
      vertex 1.5893300920738547 24.53264096152001 -0.7824771419825587
    endloop
  endfacet
  facet normal -0.2717580168978174 0.6560818900783145 0.7040625922196351
    outer loop
      vertex 1.2066466597087648 24.3741282937389 -0.7824771419825587
      vertex 1.3912385709912793 24.05440572473134 -0.41329331941752967
      vertex 1.5893300920738547 24.53264096152001 -0.7824771419825587
    endloop
  endfacet
  facet normal -0.3698549227364036 0.8929087705806834 0.25675136523053077
    outer loop
      vertex 1.0761204674887133 24.60020629038253 -1.2346331352698203
      vertex 1.5217647632113311 24.784798201665044 -1.2346331352698203
      vertex 1.0085551386261895 24.717232872802523 -1.7389476155598969
    endloop
  endfacet
  facet normal -0.33212162691305747 0.8018125360509247 0.49678152337643194
    outer loop
      vertex 1.5217647632113311 24.784798201665044 -1.2346331352698203
      vertex 1.0761204674887133 24.60020629038253 -1.2346331352698203
      vertex 1.5893300920738547 24.53264096152001 -0.7824771419825587
    endloop
  endfacet
  facet normal -0.36985492273640347 0.8929087705806835 0.25675136523053066
    outer loop
      vertex 1.4867903754148588 24.915324393885097 -1.7389476155598969
      vertex 1.0085551386261895 24.717232872802523 -1.7389476155598969
      vertex 1.5217647632113311 24.784798201665044 -1.2346331352698203
    endloop
  endfacet
  facet normal -0.0926915987235749 0.7040625922196336 0.7040625922196388
    outer loop
      vertex 1.684881896497434 24.176036772656325 -0.41329331941752967
      vertex 2 24.217522858017443 -0.41329331941752967
      vertex 1.5893300920738547 24.53264096152001 -0.7824771419825587
    endloop
  endfacet
  facet normal 0 0.2588190451025204 0.9659258262890683
    outer loop
      vertex 2 23.261052384440102 -0.017110277252379236
      vertex 8 23.76536686473018 -0.15224093497742652
      vertex 2 23.76536686473018 -0.15224093497742652
    endloop
  endfacet
  facet normal 0 0.2588190451025204 0.9659258262890683
    outer loop
      vertex 2 23.261052384440102 -0.017110277252379236
      vertex 8 23.261052384440102 -0.017110277252379236
      vertex 8 23.76536686473018 -0.15224093497742652
    endloop
  endfacet
  facet normal 0 0.7071067811865492 0.7071067811865459
    outer loop
      vertex 2 24.58670668058247 -0.7824771419825587
      vertex 2 24.217522858017443 -0.41329331941752967
      vertex 8 24.217522858017443 -0.41329331941752967
    endloop
  endfacet
  facet normal 0 0.9659258262890671 0.258819045102525
    outer loop
      vertex 2 24.847759065022572 -1.2346331352698203
      vertex 8 24.982889722747622 -1.7389476155598969
      vertex 2 24.982889722747622 -1.7389476155598969
    endloop
  endfacet
  facet normal 0 0.7071067811865492 0.7071067811865459
    outer loop
      vertex 2 24.58670668058247 -0.7824771419825587
      vertex 8 24.217522858017443 -0.41329331941752967
      vertex 8 24.58670668058247 -0.7824771419825587
    endloop
  endfacet
  facet normal 0 0.9659258262890671 0.258819045102525
    outer loop
      vertex 8 24.982889722747622 -1.7389476155598969
      vertex 2 24.847759065022572 -1.2346331352698203
      vertex 8 24.847759065022572 -1.2346331352698203
    endloop
  endfacet
  facet normal 0 0 1
    outer loop
      vertex 5.85851244088721 23.176281800646528 -0.017110277252379236
      vertex 8.194652921705874 23.171480147222372 -0.017110277252379236
      vertex 5.206061519879848 23.216780062938387 -0.017110277252379236
    endloop
  endfacet
  facet normal 0 0 1
    outer loop
      vertex 6.266578956135503 23.12556181311388 -0.017110277252379236
      vertex 8.229032535314262 23.123393304890858 -0.017110277252379236
      vertex 5.85851244088721 23.176281800646528 -0.017110277252379236
    endloop
  endfacet
  facet normal 0 0 1
    outer loop
      vertex 2 23.261052384440102 -0.017110277252379236
      vertex 8.11606432103893 23.232068299824146 -0.017110277252379236
      vertex 8.096268081338623 23.240268170792 -0.017110277252379236
    endloop
  endfacet
  facet normal 0 0 1
    outer loop
      vertex 8.072668079900401 23.007505978156892 -0.017110277252379236
      vertex 8.252157240145038 23.067565328862525 -0.017110277252379236
      vertex 6.266578956135503 23.12556181311388 -0.017110277252379236
    endloop
  endfacet
  facet normal 0 0 1
    outer loop
      vertex 8.072668079900401 23.007505978156892 -0.017110277252379236
      vertex 8.260034970872823 23.00772802328801 -0.017110277252379236
      vertex 8.252157240145038 23.067565328862525 -0.017110277252379236
    endloop
  endfacet
  facet normal -0.8018125360509164 -0.3321216269130624 -0.49678152337644216
    outer loop
      vertex 51.1258717062611 1.2066466597087648 -49.71752285801744
      vertex 50.89979370961747 1.0761204674887133 -49.26536686473018
      vertex 50.96735903847999 1.5893300920738547 -49.71752285801744
    endloop
  endfacet
  facet normal -0.3063442118256338 -0.3992355496741968 -0.8641551942546392
    outer loop
      vertex 51.958803899853805 1.458803899853803 -50.34775906502257
      vertex 52.11731656763491 1.3371728519288164 -50.34775906502257
      vertex 51.63908133084624 1.139081330846241 -50.08670668058247
    endloop
  endfacet
  facet normal -0.09984247829829897 -0.2410410652086983 -0.9653655703464412
    outer loop
      vertex 52.11731656763491 1.3371728519288164 -50.34775906502257
      vertex 52.36947380777995 1.7739220033563692 -50.48288972274762
      vertex 52.301908478917426 1.2607123787712278 -50.34775906502257
    endloop
  endfacet
  facet normal -0.1588264466768468 -0.20698665518747228 -0.965365570346441
    outer loop
      vertex 52.11731656763491 1.3371728519288164 -50.34775906502257
      vertex 51.958803899853805 1.458803899853803 -50.34775906502257
      vertex 52.31540808871748 1.8154080887174855 -50.48288972274762
    endloop
  endfacet
  facet normal -0.38268343236508034 -0.9238795325112905 0
    outer loop
      vertex 51.986790375414856 0.08467560611490277 -48.761052384440106
      vertex 51.986790375414856 0.08467560611490277 -43.03339114145136
      vertex 51.92045773603521 0.1121514849739547 -42.238947615559894
    endloop
  endfacet
  facet normal -0.7040625922196367 -0.09269159872356736 -0.7040625922196367
    outer loop
      vertex 51.28247714198256 2 -50.08670668058247
      vertex 51.323963227343675 1.684881896497434 -50.08670668058247
      vertex 50.91329331941753 2 -49.71752285801744
    endloop
  endfacet
  facet normal -0.86045083874945 -0.11328050197253753 -0.4967815233764412
    outer loop
      vertex 50.96735903847999 1.5893300920738547 -49.71752285801744
      vertex 50.71520179833495 1.5217647632113311 -49.26536686473018
      vertex 50.91329331941753 2 -49.71752285801744
    endloop
  endfacet
  facet normal -0.46491964458041646 -0.19257602219888745 -0.864155194254639
    outer loop
      vertex 51.44559427526866 1.3912385709912793 -50.08670668058247
      vertex 51.76071237877123 1.8019084789174247 -50.34775906502257
      vertex 51.83717285192882 1.6173165676349102 -50.34775906502257
    endloop
  endfacet
  facet normal -0.24104106520869942 -0.09984247829830081 -0.9653655703464408
    outer loop
      vertex 52.27392200335637 1.8694738077799484 -50.48288972274762
      vertex 51.83717285192882 1.6173165676349102 -50.34775906502257
      vertex 51.76071237877123 1.8019084789174247 -50.34775906502257
    endloop
  endfacet
  facet normal -0.49892023402451346 -0.06568409490623184 -0.8641551942546395
    outer loop
      vertex 51.323963227343675 1.684881896497434 -50.08670668058247
      vertex 51.73463313526982 2 -50.34775906502257
      vertex 51.76071237877123 1.8019084789174247 -50.34775906502257
    endloop
  endfacet
  facet normal -0.2586689249751434 -0.03405441002123291 -0.9653655703464411
    outer loop
      vertex 51.76071237877123 1.8019084789174247 -50.34775906502257
      vertex 51.73463313526982 2 -50.34775906502257
      vertex 52.238947615559894 2 -50.48288972274762
    endloop
  endfacet
  facet normal -0.24104106520869972 -0.09984247829829881 -0.965365570346441
    outer loop
      vertex 52.27392200335637 1.8694738077799484 -50.48288972274762
      vertex 51.76071237877123 1.8019084789174247 -50.34775906502257
      vertex 52.24784275985496 1.9324346711374765 -50.48288972274762
    endloop
  endfacet
  facet normal -0.25866892497514327 -0.03405441002123331 -0.965365570346441
    outer loop
      vertex 51.76071237877123 1.8019084789174247 -50.34775906502257
      vertex 52.238947615559894 2 -50.48288972274762
      vertex 52.24784275985496 1.9324346711374765 -50.48288972274762
    endloop
  endfacet
  facet normal 0 -0.4999999999999936 -0.8660254037844423
    outer loop
      vertex 52.5 1.2346331352698203 -50.34775906502257
      vertex 58.5 1.2346331352698203 -50.34775906502257
      vertex 52.5 0.7824771419825587 -50.08670668058247
    endloop
  endfacet
  facet normal -0.38268343236516916 -0.9238795325112539 -1.0660577439604796e-15
    outer loop
      vertex 51.50855513862619 0.2827671271974783 -8.991444861373811
      vertex 51.986790375414856 0.08467560611490277 -48.761052384440106
      vertex 51.92045773603521 0.1121514849739547 -42.238947615559894
    endloop
  endfacet
  facet normal -0.38268343236509433 -0.9238795325112849 0
    outer loop
      vertex 51.50855513862619 0.2827671271974783 -8.991444861373811
      vertex 51.50855513862619 0.2827671271974783 -42.238947615559894
      vertex 51.986790375414856 0.08467560611490277 -48.761052384440106
    endloop
  endfacet
  facet normal -0.6087614290087171 -0.7933533402912379 0
    outer loop
      vertex 51.097885230700044 0.5978852307000442 -9.402114769299956
      vertex 51.097885230700044 0.5978852307000442 -42.238947615559894
      vertex 51.50855513862619 0.2827671271974783 -42.238947615559894
    endloop
  endfacet
  facet normal -0.793353340291238 -0.6087614290087169 0
    outer loop
      vertex 51.097885230700044 0.5978852307000442 -42.238947615559894
      vertex 50.78276712719748 1.0085551386261895 -9.717232872802521
      vertex 50.78276712719748 1.0085551386261895 -42.238947615559894
    endloop
  endfacet
  facet normal -0.9238795325112827 -0.3826834323650996 0
    outer loop
      vertex 50.78276712719748 1.0085551386261895 -42.238947615559894
      vertex 50.5846756061149 1.4867903754148588 -9.915324393885097
      vertex 50.5846756061149 1.4867903754148588 -42.238947615559894
    endloop
  endfacet
  facet normal -0.38268343236508057 -0.9238795325112905 2.325462128423072e-16
    outer loop
      vertex 51.50855513862619 0.2827671271974783 -8.991444861373811
      vertex 51.92045773603521 0.1121514849739547 -42.238947615559894
      vertex 51.986790375414856 0.08467560611490277 -42.238947615559894
    endloop
  endfacet
  facet normal -0.13052619222005063 -0.9914448613738105 0
    outer loop
      vertex 52.5 0.017110277252379236 -42.238947615559894
      vertex 51.986790375414856 0.08467560611490277 -8.51320962458514
      vertex 51.986790375414856 0.08467560611490277 -42.238947615559894
    endloop
  endfacet
  facet normal -0.9914448613738109 -0.1305261922200472 0
    outer loop
      vertex 50.51711027725238 2 -9.98288972274762
      vertex 50.51711027725238 2 -42.238947615559894
      vertex 50.5846756061149 1.4867903754148588 -42.238947615559894
    endloop
  endfacet
  facet normal 0 -1 0
    outer loop
      vertex 52.5 0.017110277252379236 -8.261052384440102
      vertex 52.5 0.017110277252379236 -42.238947615559894
      vertex 58.5 0.017110277252379236 -42.238947615559894
    endloop
  endfacet
  facet normal 0.13052619222005063 -0.9914448613738104 0
    outer loop
      vertex 58.5 0.017110277252379236 -42.238947615559894
      vertex 59.013209624585144 0.08467560611490277 -41.986790375414856
      vertex 58.5 0.017110277252379236 -8.261052384440102
    endloop
  endfacet
  facet normal 0.38268343236509583 -0.9238795325112842 0
    outer loop
      vertex 59.013209624585144 0.08467560611490277 -41.986790375414856
      vertex 59.176326757871244 0.15224093497742652 -41.73463313526982
      vertex 59.013209624585144 0.08467560611490277 -8.261052384440102
    endloop
  endfacet
  facet normal 0.3826834323650935 -0.9238795325112852 -1.3324074848153968e-17
    outer loop
      vertex 59.013209624585144 0.08467560611490277 -8.261052384440102
      vertex 59.176326757871244 0.15224093497742652 -41.73463313526982
      vertex 59.49144486137381 0.2827671271974783 -41.508555138626186
    endloop
  endfacet
  facet normal 0.6087614290087104 -0.7933533402912429 0
    outer loop
      vertex 59.49144486137381 0.2827671271974783 -41.508555138626186
      vertex 59.66154990689533 0.41329331941752967 -41.28247714198256
      vertex 59.49144486137381 0.2827671271974783 -8.261052384440102
    endloop
  endfacet
  facet normal 0.6087614290087218 -0.7933533402912344 9.249545979799309e-17
    outer loop
      vertex 59.49144486137381 0.2827671271974783 -8.261052384440102
      vertex 59.66154990689533 0.41329331941752967 -41.28247714198256
      vertex 59.902114769299956 0.5978852307000442 -41.097885230700044
    endloop
  endfacet
  facet normal 0.7933533402912376 -0.6087614290087174 0
    outer loop
      vertex 59.902114769299956 0.5978852307000442 -41.097885230700044
      vertex 60.043757124589646 0.7824771419825587 -40.91329331941753
      vertex 59.902114769299956 0.5978852307000442 -8.261052384440102
    endloop
  endfacet
  facet normal 0.7933533402912385 -0.6087614290087164 9.663039902037859e-18
    outer loop
      vertex 59.902114769299956 0.5978852307000442 -8.261052384440102
      vertex 60.043757124589646 0.7824771419825587 -40.91329331941753
      vertex 60.21723287280252 1.0085551386261895 -40.78276712719748
    endloop
  endfacet
  facet normal 0.9238795325112806 -0.3826834323651046 0
    outer loop
      vertex 60.21723287280252 1.0085551386261895 -40.78276712719748
      vertex 60.310877445166454 1.2346331352698203 -40.65224093497743
      vertex 60.21723287280252 1.0085551386261895 -8.261052384440102
    endloop
  endfacet
  facet normal 0.9238795325112844 -0.38268343236509517 7.755878729755214e-17
    outer loop
      vertex 60.21723287280252 1.0085551386261895 -8.261052384440102
      vertex 60.310877445166454 1.2346331352698203 -40.65224093497743
      vertex 60.4153243938851 1.4867903754148588 -40.58467560611491
    endloop
  endfacet
  facet normal 0.9914448613738123 -0.1305261922200372 0
    outer loop
      vertex 60.4153243938851 1.4867903754148588 -40.58467560611491
      vertex 60.448521524334936 1.7389476155598969 -40.51711027725238
      vertex 60.4153243938851 1.4867903754148588 -8.261052384440102
    endloop
  endfacet
  facet normal 0.9914448613738096 -0.13052619222005682 -1.560462104196137e-16
    outer loop
      vertex 60.4153243938851 1.4867903754148588 -8.261052384440102
      vertex 60.448521524334936 1.7389476155598969 -40.51711027725238
      vertex 60.48288972274762 2 -40.51711027725238
    endloop
  endfacet
  facet normal -0.2588190451025248 0 -0.9659258262890672
    outer loop
      vertex 52.238947615559894 2 -50.48288972274762
      vertex 51.73463313526982 2 -50.34775906502257
      vertex 52.238947615559894 23 -50.48288972274762
    endloop
  endfacet
  facet normal -0.8660254037844373 0 -0.5000000000000023
    outer loop
      vertex 50.91329331941753 2 -49.71752285801744
      vertex 50.782767127197474 12.5 -49.49144486137381
      vertex 50.91329331941753 23 -49.71752285801744
    endloop
  endfacet
  facet normal -0.9659258262890638 0 -0.2588190451025375
    outer loop
      vertex 50.65224093497743 2 -49.26536686473018
      vertex 50.5846756061149 12.5 -49.013209624585144
      vertex 50.65224093497743 23 -49.26536686473018
    endloop
  endfacet
  facet normal 1 0 0
    outer loop
      vertex 60.48288972274762 2 -1.7389476155598969
      vertex 60.48288972274762 2 -40.51711027725238
      vertex 60.48288972274762 23 -40.51711027725238
    endloop
  endfacet
  facet normal -0.7933533402912376 -0.6087614290087174 0
    outer loop
      vertex 51.097885230700044 0.5978852307000442 -9.402114769299956
      vertex 50.956242875410354 0.7824771419825587 -9.58670668058247
      vertex 51.097885230700044 0.5978852307000442 -42.238947615559894
    endloop
  endfacet
  facet normal -0.7933533402912385 -0.6087614290087164 -9.663039902037857e-18
    outer loop
      vertex 51.097885230700044 0.5978852307000442 -42.238947615559894
      vertex 50.956242875410354 0.7824771419825587 -9.58670668058247
      vertex 50.78276712719748 1.0085551386261895 -9.717232872802521
    endloop
  endfacet
  facet normal -0.9238795325112806 -0.3826834323651046 0
    outer loop
      vertex 50.78276712719748 1.0085551386261895 -9.717232872802521
      vertex 50.689122554833546 1.2346331352698203 -9.847759065022574
      vertex 50.78276712719748 1.0085551386261895 -42.238947615559894
    endloop
  endfacet
  facet normal -0.9238795325112844 -0.38268343236509517 -7.677536520363747e-17
    outer loop
      vertex 50.5846756061149 1.4867903754148588 -9.915324393885097
      vertex 50.78276712719748 1.0085551386261895 -42.238947615559894
      vertex 50.689122554833546 1.2346331352698203 -9.847759065022574
    endloop
  endfacet
  facet normal -0.9914448613738123 -0.1305261922200372 0
    outer loop
      vertex 50.5846756061149 1.4867903754148588 -9.915324393885097
      vertex 50.551478475665064 1.7389476155598969 -9.98288972274762
      vertex 50.5846756061149 1.4867903754148588 -42.238947615559894
    endloop
  endfacet
  facet normal -0.38268343236509583 -0.9238795325112842 0
    outer loop
      vertex 51.986790375414856 0.08467560611490277 -8.51320962458514
      vertex 51.823673242128756 0.15224093497742652 -8.76536686473018
      vertex 51.986790375414856 0.08467560611490277 -42.238947615559894
    endloop
  endfacet
  facet normal -0.3826834323650935 -0.9238795325112852 1.3324074848153968e-17
    outer loop
      vertex 51.986790375414856 0.08467560611490277 -42.238947615559894
      vertex 51.823673242128756 0.15224093497742652 -8.76536686473018
      vertex 51.50855513862619 0.2827671271974783 -8.991444861373811
    endloop
  endfacet
  facet normal -0.6087614290087104 -0.7933533402912429 0
    outer loop
      vertex 51.50855513862619 0.2827671271974783 -8.991444861373811
      vertex 51.33845009310467 0.41329331941752967 -9.21752285801744
      vertex 51.50855513862619 0.2827671271974783 -42.238947615559894
    endloop
  endfacet
  facet normal -0.1305261922200506 -0.9914448613738104 0
    outer loop
      vertex 51.986790375414856 0.08467560611490277 -8.51320962458514
      vertex 52.5 0.017110277252379236 -42.238947615559894
      vertex 52.5 0.017110277252379236 -8.261052384440102
    endloop
  endfacet
  facet normal -0.6087614290087217 -0.7933533402912344 -9.24954597979931e-17
    outer loop
      vertex 51.097885230700044 0.5978852307000442 -9.402114769299956
      vertex 51.50855513862619 0.2827671271974783 -42.238947615559894
      vertex 51.33845009310467 0.41329331941752967 -9.21752285801744
    endloop
  endfacet
  facet normal -0.9914448613738096 -0.13052619222005682 1.5604621041961376e-16
    outer loop
      vertex 50.51711027725238 2 -9.98288972274762
      vertex 50.5846756061149 1.4867903754148588 -42.238947615559894
      vertex 50.551478475665064 1.7389476155598969 -9.98288972274762
    endloop
  endfacet
  facet normal 0 -1 0
    outer loop
      vertex 58.5 0.017110277252379236 -42.238947615559894
      vertex 58.5 0.017110277252379236 -8.261052384440102
      vertex 52.5 0.017110277252379236 -8.261052384440102
    endloop
  endfacet
  facet normal 0.13052619222004985 -0.9914448613738106 -1.1998389293806372e-17
    outer loop
      vertex 58.5 0.017110277252379236 -8.261052384440102
      vertex 59.013209624585144 0.08467560611490277 -41.986790375414856
      vertex 58.94202593435278 0.07530409550832388 -8.261052384440102
    endloop
  endfacet
  facet normal 0.1305261922200554 -0.9914448613738099 0
    outer loop
      vertex 59.013209624585144 0.08467560611490277 -41.986790375414856
      vertex 59.013209624585144 0.08467560611490277 -8.261052384440102
      vertex 58.94202593435278 0.07530409550832388 -8.261052384440102
    endloop
  endfacet
  facet normal 0.38268343236509433 -0.9238795325112849 0
    outer loop
      vertex 59.013209624585144 0.08467560611490277 -8.261052384440102
      vertex 59.49144486137381 0.2827671271974783 -41.508555138626186
      vertex 59.49144486137381 0.2827671271974783 -8.261052384440102
    endloop
  endfacet
  facet normal 0.6087614290087171 -0.7933533402912379 0
    outer loop
      vertex 59.902114769299956 0.5978852307000442 -41.097885230700044
      vertex 59.902114769299956 0.5978852307000442 -8.261052384440102
      vertex 59.49144486137381 0.2827671271974783 -8.261052384440102
    endloop
  endfacet
  facet normal 0.7933533402912379 -0.6087614290087168 0
    outer loop
      vertex 59.902114769299956 0.5978852307000442 -8.261052384440102
      vertex 60.21723287280252 1.0085551386261895 -40.78276712719748
      vertex 60.21723287280252 1.0085551386261895 -8.261052384440102
    endloop
  endfacet
  facet normal 0.9238795325112826 -0.3826834323650996 0
    outer loop
      vertex 60.4153243938851 1.4867903754148588 -40.58467560611491
      vertex 60.4153243938851 1.4867903754148588 -8.261052384440102
      vertex 60.21723287280252 1.0085551386261895 -8.261052384440102
    endloop
  endfacet
  facet normal 0.9914448613738109 -0.1305261922200472 0
    outer loop
      vertex 60.4153243938851 1.4867903754148588 -8.261052384440102
      vertex 60.48288972274762 2 -40.51711027725238
      vertex 60.48288972274762 2 -1.7389476155598969
    endloop
  endfacet
  facet normal 0.1305261922200554 -0.9914448613738099 0
    outer loop
      vertex 59.013209624585144 0.08467560611490277 -8.261052384440102
      vertex 59.013209624585144 0.08467560611490277 -1.7389476155598969
      vertex 58.94202593435278 0.07530409550832388 -8.261052384440102
    endloop
  endfacet
  facet normal 0 -0.7071067811865475 0.7071067811865475
    outer loop
      vertex 52.5 0.7824771419825587 -0.41329331941752967
      vertex 52.5 0.743271780294237 -0.45249868110585134
      vertex 58.5 0.41329331941752967 -0.7824771419825587
    endloop
  endfacet
  facet normal 0 -0.9659258262890683 0.25881904510252063
    outer loop
      vertex 58.5 0.017110277252379236 -1.7389476155598969
      vertex 58.5 0.15224093497742652 -1.2346331352698203
      vertex 52.5 0.15224093497742652 -1.2346331352698203
    endloop
  endfacet
  facet normal 0 -0.7071067811865476 0.7071067811865476
    outer loop
      vertex 52.5 0.7824771419825587 -0.41329331941752967
      vertex 58.5 0.41329331941752967 -0.7824771419825587
      vertex 58.5 0.7824771419825587 -0.41329331941752967
    endloop
  endfacet
  facet normal 0 -0.5 0.8660254037844386
    outer loop
      vertex 58.5 1.2346331352698203 -0.15224093497742652
      vertex 52.5 1.2346331352698203 -0.15224093497742652
      vertex 52.5 0.7824771419825587 -0.41329331941752967
    endloop
  endfacet
  facet normal 0 -0.5 0.8660254037844386
    outer loop
      vertex 52.5 0.7824771419825587 -0.41329331941752967
      vertex 58.5 0.7824771419825587 -0.41329331941752967
      vertex 58.5 1.2346331352698203 -0.15224093497742652
    endloop
  endfacet
  facet normal 0.12615062648588277 -0.9582091399530058 0.2567513652305284
    outer loop
      vertex 58.5 0.017110277252379236 -1.7389476155598969
      vertex 59.013209624585144 0.08467560611490277 -1.7389476155598969
      vertex 58.5 0.15224093497742652 -1.2346331352698203
    endloop
  endfacet
  facet normal 0.09269159872357059 -0.7040625922196366 0.7040625922196366
    outer loop
      vertex 58.5 0.41329331941752967 -0.7824771419825587
      vertex 58.91066990792615 0.4673590384799926 -0.7824771419825587
      vertex 58.5 0.7824771419825587 -0.41329331941752967
    endloop
  endfacet
  facet normal 0.09269159872357205 -0.7040625922196355 0.7040625922196374
    outer loop
      vertex 58.91066990792615 0.4673590384799926 -0.7824771419825587
      vertex 58.81511810350256 0.823963227343675 -0.41329331941752967
      vertex 58.5 0.7824771419825587 -0.41329331941752967
    endloop
  endfacet
  facet normal 0.1261506264858832 -0.9582091399530056 0.25675136523052877
    outer loop
      vertex 58.5 0.15224093497742652 -1.2346331352698203
      vertex 59.013209624585144 0.08467560611490277 -1.7389476155598969
      vertex 58.97823523678867 0.21520179833495434 -1.2346331352698203
    endloop
  endfacet
  facet normal 0.332121626913062 -0.8018125360509196 0.49678152337643716
    outer loop
      vertex 59.29335334029123 0.6258717062610999 -0.7824771419825587
      vertex 58.91066990792615 0.4673590384799926 -0.7824771419825587
      vertex 59.423879532511286 0.3997937096174691 -1.2346331352698203
    endloop
  endfacet
  facet normal 0.5883542172165972 -0.7667581440948028 0.2567513652305259
    outer loop
      vertex 59.49144486137381 0.2827671271974783 -1.7389476155598969
      vertex 59.902114769299956 0.5978852307000442 -1.7389476155598969
      vertex 59.423879532511286 0.3997937096174691 -1.2346331352698203
    endloop
  endfacet
  facet normal 0.7667581440948013 -0.5883542172165984 0.2567513652305276
    outer loop
      vertex 59.902114769299956 0.5978852307000442 -1.7389476155598969
      vertex 60.10020629038253 1.0761204674887133 -1.2346331352698203
      vertex 59.80656296487638 0.6934370351236234 -1.2346331352698203
    endloop
  endfacet
  facet normal 0.528329211836394 -0.688532034078386 0.49678152337643855
    outer loop
      vertex 59.62197105359386 0.8780289464061379 -0.7824771419825587
      vertex 59.29335334029123 0.6258717062610999 -0.7824771419825587
      vertex 59.80656296487638 0.6934370351236234 -1.2346331352698203
    endloop
  endfacet
  facet normal 0.06568409490621749 -0.498920234024526 0.8641551942546335
    outer loop
      vertex 58.5 0.7824771419825587 -0.41329331941752967
      vertex 58.81511810350256 0.823963227343675 -0.41329331941752967
      vertex 58.5 1.2346331352698203 -0.15224093497742652
    endloop
  endfacet
  facet normal 0.06568409490621756 -0.498920234024526 0.8641551942546334
    outer loop
      vertex 58.5 1.2346331352698203 -0.15224093497742652
      vertex 58.81511810350256 0.823963227343675 -0.41329331941752967
      vertex 58.698091521082574 1.2607123787712278 -0.15224093497742652
    endloop
  endfacet
  facet normal 0.034054410021224155 -0.25866892497513927 0.9653655703464424
    outer loop
      vertex 58.5 1.2346331352698203 -0.15224093497742652
      vertex 58.698091521082574 1.2607123787712278 -0.15224093497742652
      vertex 58.5 1.7389476155598969 -0.017110277252379236
    endloop
  endfacet
  facet normal 0.09984247829829727 -0.24104106520869426 0.9653655703464423
    outer loop
      vertex 58.88268343236509 1.3371728519288164 -0.15224093497742652
      vertex 58.63052619222005 1.7739220033563692 -0.017110277252379236
      vertex 58.698091521082574 1.2607123787712278 -0.15224093497742652
    endloop
  endfacet
  facet normal 0.766758144094803 -0.588354217216597 0.25675136523052566
    outer loop
      vertex 60.10020629038253 1.0761204674887133 -1.2346331352698203
      vertex 59.902114769299956 0.5978852307000442 -1.7389476155598969
      vertex 60.21723287280252 1.0085551386261895 -1.7389476155598969
    endloop
  endfacet
  facet normal 0.6885320340783875 -0.5283292118363931 0.4967815233764374
    outer loop
      vertex 60.10020629038253 1.0761204674887133 -1.2346331352698203
      vertex 59.8741282937389 1.2066466597087648 -0.7824771419825587
      vertex 59.80656296487638 0.6934370351236234 -1.2346331352698203
    endloop
  endfacet
  facet normal 0.4323045753218255 -0.5633902913547459 0.7040625922196339
    outer loop
      vertex 59.29335334029123 0.6258717062610999 -0.7824771419825587
      vertex 59.62197105359386 0.8780289464061379 -0.7824771419825587
      vertex 59.36091866915376 1.139081330846241 -0.41329331941752967
    endloop
  endfacet
  facet normal 0.19257602219888872 -0.4649196445804262 0.8641551942546335
    outer loop
      vertex 58.88268343236509 1.3371728519288164 -0.15224093497742652
      vertex 58.698091521082574 1.2607123787712278 -0.15224093497742652
      vertex 59.10876142900872 0.9455942752686617 -0.41329331941752967
    endloop
  endfacet
  facet normal 0.8018125360509187 -0.3321216269130633 0.49678152337643766
    outer loop
      vertex 60.10020629038253 1.0761204674887133 -1.2346331352698203
      vertex 60.03264096152001 1.5893300920738547 -0.7824771419825587
      vertex 59.8741282937389 1.2066466597087648 -0.7824771419825587
    endloop
  endfacet
  facet normal 0.8018125360509202 -0.33212162691306196 0.49678152337643633
    outer loop
      vertex 60.10020629038253 1.0761204674887133 -1.2346331352698203
      vertex 60.28479820166505 1.5217647632113311 -1.2346331352698203
      vertex 60.03264096152001 1.5893300920738547 -0.7824771419825587
    endloop
  endfacet
  facet normal 0.15882644667684412 -0.20698665518746875 0.9653655703464422
    outer loop
      vertex 59.041196100146195 1.458803899853803 -0.15224093497742652
      vertex 58.68459191128252 1.8154080887174855 -0.017110277252379236
      vertex 58.88268343236509 1.3371728519288164 -0.15224093497742652
    endloop
  endfacet
  facet normal 0.39923554967420766 -0.3063442118256308 0.8641551942546352
    outer loop
      vertex 59.55440572473134 1.3912385709912793 -0.41329331941752967
      vertex 59.16282714807118 1.6173165676349102 -0.15224093497742652
      vertex 59.36091866915376 1.139081330846241 -0.41329331941752967
    endloop
  endfacet
  facet normal 0.39923554967420677 -0.3063442118256315 0.8641551942546354
    outer loop
      vertex 59.36091866915376 1.139081330846241 -0.41329331941752967
      vertex 59.16282714807118 1.6173165676349102 -0.15224093497742652
      vertex 59.041196100146195 1.458803899853803 -0.15224093497742652
    endloop
  endfacet
  facet normal 0.5633902913547469 -0.432304575321822 0.7040625922196353
    outer loop
      vertex 59.55440572473134 1.3912385709912793 -0.41329331941752967
      vertex 59.36091866915376 1.139081330846241 -0.41329331941752967
      vertex 59.8741282937389 1.2066466597087648 -0.7824771419825587
    endloop
  endfacet
  facet normal 0.6560818900783139 -0.27175801689780943 0.7040625922196386
    outer loop
      vertex 60.03264096152001 1.5893300920738547 -0.7824771419825587
      vertex 59.676036772656325 1.684881896497434 -0.41329331941752967
      vertex 59.55440572473134 1.3912385709912793 -0.41329331941752967
    endloop
  endfacet
  facet normal 0.09984247829829289 -0.2410410652086949 0.9653655703464428
    outer loop
      vertex 58.63052619222005 1.7739220033563692 -0.017110277252379236
      vertex 58.56756532886252 1.747842759854962 -0.017110277252379236
      vertex 58.698091521082574 1.2607123787712278 -0.15224093497742652
    endloop
  endfacet
  facet normal 0 0 1
    outer loop
      vertex 58.56756532886252 1.747842759854962 -0.017110277252379236
      vertex 58.630768753774234 1.8163866479296076 -0.017110277252379236
      vertex 58.5001284500921 1.7498125144141585 -0.017110277252379236
    endloop
  endfacet
  facet normal 0 0 1
    outer loop
      vertex 58.56756532886252 1.747842759854962 -0.017110277252379236
      vertex 58.63052619222005 1.7739220033563692 -0.017110277252379236
      vertex 58.630768753774234 1.8163866479296076 -0.017110277252379236
    endloop
  endfacet
  facet normal 0 0 1
    outer loop
      vertex 58.630768753774234 1.8163866479296076 -0.017110277252379236
      vertex 58.684765074713475 1.8698753210219767 -0.017110277252379236
      vertex 58.5001284500921 1.7498125144141585 -0.017110277252379236
    endloop
  endfacet
  facet normal 0 0 1
    outer loop
      vertex 58.630768753774234 1.8163866479296076 -0.017110277252379236
      vertex 58.68459191128252 1.8154080887174855 -0.017110277252379236
      vertex 58.684765074713475 1.8698753210219767 -0.017110277252379236
    endloop
  endfacet
  facet normal 0 0 1
    outer loop
      vertex 58.72607799664363 1.8694738077799484 -0.017110277252379236
      vertex 58.75215724014504 1.9324346711374765 -0.017110277252379236
      vertex 58.761052384440106 2 -0.017110277252379236
    endloop
  endfacet
  facet normal 0.206986655187472 -0.15882644667684137 0.9653655703464418
    outer loop
      vertex 59.041196100146195 1.458803899853803 -0.15224093497742652
      vertex 59.16282714807118 1.6173165676349102 -0.15224093497742652
      vertex 58.68459191128252 1.8154080887174855 -0.017110277252379236
    endloop
  endfacet
  facet normal 0.46491964458042234 -0.19257602219888995 0.8641551942546352
    outer loop
      vertex 59.55440572473134 1.3912385709912793 -0.41329331941752967
      vertex 59.23928762122877 1.8019084789174247 -0.15224093497742652
      vertex 59.16282714807118 1.6173165676349102 -0.15224093497742652
    endloop
  endfacet
  facet normal 0.2410410652086957 -0.09984247829829712 0.9653655703464421
    outer loop
      vertex 58.75215724014504 1.9324346711374765 -0.017110277252379236
      vertex 58.72607799664363 1.8694738077799484 -0.017110277252379236
      vertex 59.23928762122877 1.8019084789174247 -0.15224093497742652
    endloop
  endfacet
  facet normal 0.25866892497513905 -0.034054410021232336 0.9653655703464423
    outer loop
      vertex 59.23928762122877 1.8019084789174247 -0.15224093497742652
      vertex 59.26536686473018 2 -0.15224093497742652
      vertex 58.761052384440106 2 -0.017110277252379236
    endloop
  endfacet
  facet normal 0.49892023402451985 -0.0656840949062326 0.8641551942546359
    outer loop
      vertex 59.26536686473018 2 -0.15224093497742652
      vertex 59.23928762122877 1.8019084789174247 -0.15224093497742652
      vertex 59.676036772656325 1.684881896497434 -0.41329331941752967
    endloop
  endfacet
  facet normal 0.7040625922196317 -0.09269159872356672 0.704062592219642
    outer loop
      vertex 59.71752285801744 2 -0.41329331941752967
      vertex 59.676036772656325 1.684881896497434 -0.41329331941752967
      vertex 60.08670668058247 2 -0.7824771419825587
    endloop
  endfacet
  facet normal 0.9659258262890671 -3.2656000497803754e-16 0.25881904510252496
    outer loop
      vertex 60.48288972274762 2 -1.7389476155598969
      vertex 60.4153243938851 12.5 -1.4867903754148586
      vertex 60.34775906502257 2 -1.2346331352698203
    endloop
  endfacet
  facet normal -1 0 0
    outer loop
      vertex 50.51711027725238 2 -9.98288972274762
      vertex 50.51711027725238 23 -9.98288972274762
      vertex 50.51711027725238 2 -42.238947615559894
    endloop
  endfacet
  facet normal 0 0 1
    outer loop
      vertex 58.5001284500921 1.7498125144141585 -0.017110277252379236
      vertex 58.684765074713475 1.8698753210219767 -0.017110277252379236
      vertex 58.75215724014504 23.067565328862525 -0.017110277252379236
    endloop
  endfacet
  facet normal 0 0 1
    outer loop
      vertex 58.684765074713475 1.8698753210219767 -0.017110277252379236
      vertex 58.72607799664363 1.8694738077799484 -0.017110277252379236
      vertex 58.75215724014504 23.067565328862525 -0.017110277252379236
    endloop
  endfacet
  facet normal 0 0 1
    outer loop
      vertex 58.72607799664363 1.8694738077799484 -0.017110277252379236
      vertex 58.761052384440106 2 -0.017110277252379236
      vertex 58.75215724014504 23.067565328862525 -0.017110277252379236
    endloop
  endfacet
  facet normal 0.2588190451025204 0 0.9659258262890683
    outer loop
      vertex 58.761052384440106 2 -0.017110277252379236
      vertex 59.26536686473018 2 -0.15224093497742652
      vertex 59.26536686473018 23 -0.15224093497742652
    endloop
  endfacet
  facet normal 0.7071067811865424 0 0.7071067811865526
    outer loop
      vertex 60.08670668058247 2 -0.7824771419825587
      vertex 59.71752285801744 23 -0.41329331941752967
      vertex 59.71752285801744 2 -0.41329331941752967
    endloop
  endfacet
  facet normal 0.5000000000000044 0 0.866025403784436
    outer loop
      vertex 59.71752285801744 2 -0.41329331941752967
      vertex 59.71752285801744 23 -0.41329331941752967
      vertex 59.26536686473018 2 -0.15224093497742652
    endloop
  endfacet
  facet normal 0.8660254037844483 0 0.49999999999998346
    outer loop
      vertex 60.34775906502257 2 -1.2346331352698203
      vertex 60.34775906502257 23 -1.2346331352698203
      vertex 60.217232872802526 12.5 -1.0085551386261895
    endloop
  endfacet
  facet normal 0.8660254037844364 0 0.5000000000000038
    outer loop
      vertex 60.217232872802526 12.5 -1.0085551386261895
      vertex 60.08670668058247 23 -0.7824771419825587
      vertex 60.08670668058247 2 -0.7824771419825587
    endloop
  endfacet
  facet normal 0.9659258262890705 0 0.2588190451025123
    outer loop
      vertex 60.48288972274762 2 -1.7389476155598969
      vertex 60.48288972274762 23 -1.7389476155598969
      vertex 60.4153243938851 12.5 -1.4867903754148586
    endloop
  endfacet
  facet normal -1 0 0
    outer loop
      vertex 50.51711027725238 23 -9.98288972274762
      vertex 50.51711027725238 23 -42.238947615559894
      vertex 50.51711027725238 2 -42.238947615559894
    endloop
  endfacet
  facet normal -0.8604508387494499 0.11328050197253751 -0.4967815233764415
    outer loop
      vertex 50.96735903847999 23.410669907926145 -49.71752285801744
      vertex 50.91329331941753 23 -49.71752285801744
      vertex 50.71520179833495 23.47823523678867 -49.26536686473018
    endloop
  endfacet
  facet normal -0.20698665518747458 0.1588264466768441 -0.9653655703464409
    outer loop
      vertex 52.31540808871748 23.184591911282514 -50.48288972274762
      vertex 52.27392200335637 23.130526192220053 -50.48288972274762
      vertex 51.958803899853805 23.5411961001462 -50.34775906502257
    endloop
  endfacet
  facet normal 0 0 -1
    outer loop
      vertex 52.43243467113748 23.25215724014504 -50.48288972274762
      vertex 52.5 23.261052384440102 -50.48288972274762
      vertex 52.51928120286064 23.25121871376909 -50.48288972274762
    endloop
  endfacet
  facet normal -0.6885320340783874 0.5283292118363909 -0.4967815233764399
    outer loop
      vertex 51.19343703512362 24.306562964876377 -49.26536686473018
      vertex 51.1258717062611 23.793353340291237 -49.71752285801744
      vertex 50.89979370961747 23.923879532511286 -49.26536686473018
    endloop
  endfacet
  facet normal -0.5633902913547499 0.43230457532182387 -0.7040625922196317
    outer loop
      vertex 51.44559427526866 23.60876142900872 -50.08670668058247
      vertex 51.1258717062611 23.793353340291237 -49.71752285801744
      vertex 51.63908133084624 23.860918669153758 -50.08670668058247
    endloop
  endfacet
  facet normal -0.5633902913547483 0.43230457532183275 -0.7040625922196277
    outer loop
      vertex 51.63908133084624 23.860918669153758 -50.08670668058247
      vertex 51.1258717062611 23.793353340291237 -49.71752285801744
      vertex 51.37802894640614 24.12197105359386 -49.71752285801744
    endloop
  endfacet
  facet normal -0.43230457532183003 0.5633902913547509 -0.7040625922196272
    outer loop
      vertex 51.37802894640614 24.12197105359386 -49.71752285801744
      vertex 51.70664665970877 24.3741282937389 -49.71752285801744
      vertex 51.89123857099128 24.05440572473134 -50.08670668058247
    endloop
  endfacet
  facet normal 6.075534976335593e-16 0.4999999999999921 -0.8660254037844431
    outer loop
      vertex 52.5 24.217522858017443 -50.08670668058247
      vertex 57.75000000000001 23.821886363891085 -50.31512751696756
      vertex 52.5 23.76536686473018 -50.34775906502257
    endloop
  endfacet
  facet normal -0.5883542172165979 0.766758144094802 -0.256751365230527
    outer loop
      vertex 51.19343703512362 24.306562964876377 -49.26536686473018
      vertex 51.097885230700044 24.402114769299956 -48.761052384440106
      vertex 51.50855513862619 24.717232872802523 -48.761052384440106
    endloop
  endfacet
  facet normal 0 0.2588190451025248 -0.9659258262890673
    outer loop
      vertex 52.5 23.76536686473018 -50.34775906502257
      vertex 58.5 23.261052384440102 -50.48288972274762
      vertex 52.5 23.261052384440102 -50.48288972274762
    endloop
  endfacet
  facet normal -3.012452759099717e-16 0.7071067811865543 -0.7071067811865408
    outer loop
      vertex 52.5 24.217522858017443 -50.08670668058247
      vertex 52.5 24.58670668058247 -49.71752285801744
      vertex 58.5 24.533966134501753 -49.77026340409816
    endloop
  endfacet
  facet normal -4.2528744834349615e-15 0.49999999999999223 -0.8660254037844433
    outer loop
      vertex 58.5 24.217522858017443 -50.08670668058247
      vertex 58.5 23.76536686473018 -50.34775906502257
      vertex 57.75000000000001 23.821886363891085 -50.31512751696756
    endloop
  endfacet
  facet normal -0.9914448613738109 0.1305261922200473 8.186890037446209e-17
    outer loop
      vertex 50.51711027725238 23 -42.238947615559894
      vertex 50.551478475665064 23.261052384440102 -9.98288972274762
      vertex 50.5846756061149 23.51320962458514 -42.238947615559894
    endloop
  endfacet
  facet normal -0.9238795325112829 0.382683432365099 0
    outer loop
      vertex 50.78276712719748 23.99144486137381 -9.717232872802523
      vertex 50.78276712719748 23.99144486137381 -42.238947615559894
      vertex 50.5846756061149 23.51320962458514 -42.238947615559894
    endloop
  endfacet
  facet normal -0.7933533402912379 0.6087614290087168 -2.21689328713815e-17
    outer loop
      vertex 50.956242875410354 24.217522858017443 -9.58670668058247
      vertex 51.097885230700044 24.402114769299956 -42.238947615559894
      vertex 50.78276712719748 23.99144486137381 -42.238947615559894
    endloop
  endfacet
  facet normal -0.6087614290087179 0.7933533402912373 -2.3544865120679157e-17
    outer loop
      vertex 51.33845009310467 24.58670668058247 -9.21752285801744
      vertex 51.50855513862619 24.717232872802523 -42.238947615559894
      vertex 51.097885230700044 24.402114769299956 -42.238947615559894
    endloop
  endfacet
  facet normal -0.38268343236509217 0.9238795325112859 -2.9233762115953665e-17
    outer loop
      vertex 51.82367324212875 24.847759065022572 -8.76536686473018
      vertex 51.986790375414856 24.915324393885097 -42.238947615559894
      vertex 51.50855513862619 24.717232872802523 -42.238947615559894
    endloop
  endfacet
  facet normal -0.13052619222005318 0.9914448613738103 0
    outer loop
      vertex 52.5 24.982889722747622 -8.261052384440102
      vertex 52.5 24.982889722747622 -42.238947615559894
      vertex 51.986790375414856 24.915324393885097 -42.238947615559894
    endloop
  endfacet
  facet normal 0 1 0
    outer loop
      vertex 52.5 24.982889722747622 -42.238947615559894
      vertex 58.5 24.982889722747622 -8.261052384440102
      vertex 58.5 24.982889722747622 -42.238947615559894
    endloop
  endfacet
  facet normal 0.7933533402912395 0.6087614290087148 0
    outer loop
      vertex 60.21723287280252 23.99144486137381 -40.78276712719748
      vertex 60.043757124589646 24.217522858017443 -40.91329331941753
      vertex 60.21723287280252 23.99144486137381 -8.261052384440102
    endloop
  endfacet
  facet normal 0.9238795325112812 0.3826834323651033 0
    outer loop
      vertex 60.21723287280252 23.99144486137381 -8.261052384440102
      vertex 60.310877445166454 23.76536686473018 -40.65224093497743
      vertex 60.21723287280252 23.99144486137381 -40.78276712719748
    endloop
  endfacet
  facet normal 0.7933533402912362 0.6087614290087193 4.9664084523167455e-17
    outer loop
      vertex 59.902114769299956 24.402114769299956 -41.097885230700044
      vertex 60.21723287280252 23.99144486137381 -8.261052384440102
      vertex 60.043757124589646 24.217522858017443 -40.91329331941753
    endloop
  endfacet
  facet normal 0.6087614290087199 0.7933533402912357 0
    outer loop
      vertex 59.902114769299956 24.402114769299956 -41.097885230700044
      vertex 59.66154990689533 24.58670668058247 -41.28247714198256
      vertex 59.902114769299956 24.402114769299956 -8.261052384440102
    endloop
  endfacet
  facet normal 0.13052619222005313 0.9914448613738102 0
    outer loop
      vertex 59.013209624585144 24.915324393885097 -41.986790375414856
      vertex 58.5 24.982889722747622 -42.238947615559894
      vertex 59.013209624585144 24.915324393885097 -8.261052384440102
    endloop
  endfacet
  facet normal 0.3826834323650948 0.9238795325112847 0
    outer loop
      vertex 59.49144486137381 24.717232872802523 -41.50855513862619
      vertex 59.17632675787125 24.847759065022572 -41.73463313526982
      vertex 59.49144486137381 24.717232872802523 -8.261052384440102
    endloop
  endfacet
  facet normal 0.608761429008715 0.7933533402912395 0
    outer loop
      vertex 59.49144486137381 24.717232872802523 -41.50855513862619
      vertex 59.49144486137381 24.717232872802523 -8.261052384440102
      vertex 59.66154990689533 24.58670668058247 -41.28247714198256
    endloop
  endfacet
  facet normal 0.38268343236508706 0.923879532511288 0
    outer loop
      vertex 59.013209624585144 24.915324393885097 -41.986790375414856
      vertex 59.013209624585144 24.915324393885097 -8.261052384440102
      vertex 59.17632675787125 24.847759065022572 -41.73463313526982
    endloop
  endfacet
  facet normal 0.9914448613738096 0.13052619222005724 0
    outer loop
      vertex 60.48288972274762 23 -40.51711027725238
      vertex 60.448521524334936 23.261052384440102 -40.51711027725238
      vertex 60.48288972274762 23 -8.261052384440102
    endloop
  endfacet
  facet normal 0.9914448613738124 0.13052619222003695 -1.9018573904438484e-16
    outer loop
      vertex 60.473518212141045 23.07118369023237 -8.261052384440102
      vertex 60.448521524334936 23.261052384440102 -40.51711027725238
      vertex 60.4153243938851 23.51320962458514 -40.5846756061149
    endloop
  endfacet
  facet normal 0.9238795325112845 0.38268343236509517 0
    outer loop
      vertex 60.4153243938851 23.51320962458514 -40.5846756061149
      vertex 60.310877445166454 23.76536686473018 -40.65224093497743
      vertex 60.4153243938851 23.51320962458514 -8.261052384440102
    endloop
  endfacet
  facet normal 1 0 0
    outer loop
      vertex 60.48288972274762 2 -1.7389476155598969
      vertex 60.48288972274762 23 -40.51711027725238
      vertex 60.48288972274762 23 -8.261052384440102
    endloop
  endfacet
  facet normal 0.2588190451025204 0 0.9659258262890683
    outer loop
      vertex 58.761052384440106 2 -0.017110277252379236
      vertex 59.26536686473018 23 -0.15224093497742652
      vertex 58.761052384440106 23 -0.017110277252379236
    endloop
  endfacet
  facet normal 1 0 0
    outer loop
      vertex 60.48288972274762 2 -1.7389476155598969
      vertex 60.48288972274762 23 -8.261052384440102
      vertex 60.48288972274762 23 -1.7389476155598969
    endloop
  endfacet
  facet normal -0.9914448613738096 0.13052619222005724 0
    outer loop
      vertex 50.51711027725238 23 -9.98288972274762
      vertex 50.551478475665064 23.261052384440102 -9.98288972274762
      vertex 50.51711027725238 23 -42.238947615559894
    endloop
  endfacet
  facet normal -0.9914448613738123 0.13052619222003697 0
    outer loop
      vertex 50.5846756061149 23.51320962458514 -9.915324393885097
      vertex 50.5846756061149 23.51320962458514 -42.238947615559894
      vertex 50.551478475665064 23.261052384440102 -9.98288972274762
    endloop
  endfacet
  facet normal -0.9238795325112845 0.38268343236509517 0
    outer loop
      vertex 50.5846756061149 23.51320962458514 -42.238947615559894
      vertex 50.5846756061149 23.51320962458514 -9.915324393885097
      vertex 50.689122554833546 23.76536686473018 -9.847759065022574
    endloop
  endfacet
  facet normal -0.9238795325112811 0.3826834323651034 -7.47473303700618e-17
    outer loop
      vertex 50.5846756061149 23.51320962458514 -42.238947615559894
      vertex 50.689122554833546 23.76536686473018 -9.847759065022574
      vertex 50.78276712719748 23.99144486137381 -9.717232872802523
    endloop
  endfacet
  facet normal -0.7933533402912396 0.6087614290087149 0
    outer loop
      vertex 50.78276712719748 23.99144486137381 -9.717232872802523
      vertex 50.956242875410354 24.217522858017443 -9.58670668058247
      vertex 50.78276712719748 23.99144486137381 -42.238947615559894
    endloop
  endfacet
  facet normal -0.7933533402912362 0.6087614290087193 0
    outer loop
      vertex 51.097885230700044 24.402114769299956 -9.402114769299954
      vertex 51.097885230700044 24.402114769299956 -42.238947615559894
      vertex 50.956242875410354 24.217522858017443 -9.58670668058247
    endloop
  endfacet
  facet normal -0.6087614290087199 0.7933533402912357 0
    outer loop
      vertex 51.097885230700044 24.402114769299956 -9.402114769299954
      vertex 51.33845009310467 24.58670668058247 -9.21752285801744
      vertex 51.097885230700044 24.402114769299956 -42.238947615559894
    endloop
  endfacet
  facet normal -0.608761429008715 0.7933533402912395 0
    outer loop
      vertex 51.50855513862619 24.717232872802523 -8.991444861373806
      vertex 51.50855513862619 24.717232872802523 -42.238947615559894
      vertex 51.33845009310467 24.58670668058247 -9.21752285801744
    endloop
  endfacet
  facet normal -0.3826834323650948 0.9238795325112847 0
    outer loop
      vertex 51.50855513862619 24.717232872802523 -8.991444861373806
      vertex 51.82367324212875 24.847759065022572 -8.76536686473018
      vertex 51.50855513862619 24.717232872802523 -42.238947615559894
    endloop
  endfacet
  facet normal -0.382683432365087 0.923879532511288 0
    outer loop
      vertex 51.82367324212875 24.847759065022572 -8.76536686473018
      vertex 51.986790375414856 24.915324393885097 -8.51320962458514
      vertex 51.986790375414856 24.915324393885097 -42.238947615559894
    endloop
  endfacet
  facet normal -0.13052619222005316 0.9914448613738102 0
    outer loop
      vertex 52.5 24.982889722747622 -8.261052384440102
      vertex 51.986790375414856 24.915324393885097 -42.238947615559894
      vertex 51.986790375414856 24.915324393885097 -8.51320962458514
    endloop
  endfacet
  facet normal 0 1 0
    outer loop
      vertex 52.5 24.982889722747622 -8.261052384440102
      vertex 58.5 24.982889722747622 -8.261052384440102
      vertex 52.5 24.982889722747622 -42.238947615559894
    endloop
  endfacet
  facet normal 0.13052619222005318 0.9914448613738103 0
    outer loop
      vertex 58.5 24.982889722747622 -42.238947615559894
      vertex 58.5 24.982889722747622 -8.261052384440102
      vertex 59.013209624585144 24.915324393885097 -8.261052384440102
    endloop
  endfacet
  facet normal 0.793353340291238 0.6087614290087169 0
    outer loop
      vertex 59.902114769299956 24.402114769299956 -41.097885230700044
      vertex 59.902114769299956 24.402114769299956 -8.261052384440102
      vertex 60.21723287280252 23.99144486137381 -8.261052384440102
    endloop
  endfacet
  facet normal 0.38268343236509217 0.9238795325112859 2.9233762115953665e-17
    outer loop
      vertex 59.17632675787125 24.847759065022572 -41.73463313526982
      vertex 59.013209624585144 24.915324393885097 -8.261052384440102
      vertex 59.49144486137381 24.717232872802523 -8.261052384440102
    endloop
  endfacet
  facet normal 0.6087614290087181 0.7933533402912372 2.0375535115060454e-17
    outer loop
      vertex 59.902114769299956 24.402114769299956 -8.261052384440102
      vertex 59.66154990689533 24.58670668058247 -41.28247714198256
      vertex 59.49144486137381 24.717232872802523 -1.7389476155598969
    endloop
  endfacet
  facet normal 0.608761429008715 0.7933533402912396 0
    outer loop
      vertex 59.66154990689533 24.58670668058247 -41.28247714198256
      vertex 59.49144486137381 24.717232872802523 -8.261052384440102
      vertex 59.49144486137381 24.717232872802523 -1.7389476155598969
    endloop
  endfacet
  facet normal 0.9914448613738136 0.13052619222002676 -2.510231994269823e-16
    outer loop
      vertex 60.473518212141045 23.07118369023237 -8.261052384440102
      vertex 60.48288972274762 23 -8.261052384440102
      vertex 60.448521524334936 23.261052384440102 -40.51711027725238
    endloop
  endfacet
  facet normal 0.9914448613738105 0.1305261922200506 0
    outer loop
      vertex 60.4153243938851 23.51320962458514 -40.5846756061149
      vertex 60.4153243938851 23.51320962458514 -8.261052384440102
      vertex 60.473518212141045 23.07118369023237 -8.261052384440102
    endloop
  endfacet
  facet normal 0.923879532511283 0.3826834323650991 3.5176778367520944e-17
    outer loop
      vertex 60.21723287280252 23.99144486137381 -8.261052384440102
      vertex 60.4153243938851 23.51320962458514 -8.261052384440102
      vertex 60.310877445166454 23.76536686473018 -40.65224093497743
    endloop
  endfacet
  facet normal 0 0 1
    outer loop
      vertex 52.23993511855913 20.661163972300187 -0.017110277252379236
      vertex 52.238947615559894 20.660799069427924 -0.017110277252379236
      vertex 52.238947615559894 20.619768365276567 -0.017110277252379236
    endloop
  endfacet
  facet normal 0.8660254037844424 2.923851207361517e-16 0.49999999999999367
    outer loop
      vertex 60.34775906502257 23 -1.2346331352698203
      vertex 60.08670668058247 23 -0.7824771419825587
      vertex 60.217232872802526 12.5 -1.0085551386261895
    endloop
  endfacet
  facet normal 0 0 1
    outer loop
      vertex 58.75215724014504 23.067565328862525 -0.017110277252379236
      vertex 52.23993511855913 20.661163972300187 -0.017110277252379236
      vertex 52.238947615559894 20.619768365276567 -0.017110277252379236
    endloop
  endfacet
  facet normal 0 0 1
    outer loop
      vertex 52.23993511855913 20.661163972300187 -0.017110277252379236
      vertex 52.24784275985496 23.067565328862525 -0.017110277252379236
      vertex 52.24682780482269 23.05985598000196 -0.017110277252379236
    endloop
  endfacet
  facet normal 0 0 1
    outer loop
      vertex 52.49796458886015 23.088887960106153 -0.017110277252379236
      vertex 52.25701514985717 23.089709437205226 -0.017110277252379236
      vertex 52.24784275985496 23.067565328862525 -0.017110277252379236
    endloop
  endfacet
  facet normal 0 0 1
    outer loop
      vertex 52.23993511855913 20.661163972300187 -0.017110277252379236
      vertex 58.75215724014504 23.067565328862525 -0.017110277252379236
      vertex 52.24784275985496 23.067565328862525 -0.017110277252379236
    endloop
  endfacet
  facet normal 0 0 1
    outer loop
      vertex 52.24784275985496 23.067565328862525 -0.017110277252379236
      vertex 58.75215724014504 23.067565328862525 -0.017110277252379236
      vertex 52.49796458886015 23.088887960106153 -0.017110277252379236
    endloop
  endfacet
  facet normal 0 0 1
    outer loop
      vertex 52.49796458886015 23.088887960106153 -0.017110277252379236
      vertex 58.75215724014504 23.067565328862525 -0.017110277252379236
      vertex 58.5 23.261052384440102 -0.017110277252379236
    endloop
  endfacet
  facet normal 0 0 1
    outer loop
      vertex 58.5 23.261052384440102 -0.017110277252379236
      vertex 58.75215724014504 23.067565328862525 -0.017110277252379236
      vertex 58.56756532886252 23.25215724014504 -0.017110277252379236
    endloop
  endfacet
  facet normal 0 0 1
    outer loop
      vertex 58.75215724014504 23.067565328862525 -0.017110277252379236
      vertex 58.68459191128252 23.184591911282514 -0.017110277252379236
      vertex 58.63052619222005 23.22607799664363 -0.017110277252379236
    endloop
  endfacet
  facet normal 0 0 1
    outer loop
      vertex 58.56756532886252 23.25215724014504 -0.017110277252379236
      vertex 58.75215724014504 23.067565328862525 -0.017110277252379236
      vertex 58.63052619222005 23.22607799664363 -0.017110277252379236
    endloop
  endfacet
  facet normal 0.15882644667684295 0.20698665518746892 0.9653655703464423
    outer loop
      vertex 59.041196100146195 23.5411961001462 -0.15224093497742652
      vertex 58.63052619222005 23.22607799664363 -0.017110277252379236
      vertex 58.68459191128252 23.184591911282514 -0.017110277252379236
    endloop
  endfacet
  facet normal 0.25866892497513905 0.03405441002123205 0.9653655703464422
    outer loop
      vertex 58.75215724014504 23.067565328862525 -0.017110277252379236
      vertex 58.761052384440106 23 -0.017110277252379236
      vertex 59.26536686473018 23 -0.15224093497742652
    endloop
  endfacet
  facet normal 0.8604508387494576 0.1132805019725292 0.4967815233764302
    outer loop
      vertex 60.08670668058247 23 -0.7824771419825587
      vertex 60.34775906502257 23 -1.2346331352698203
      vertex 60.28479820166505 23.47823523678867 -1.2346331352698203
    endloop
  endfacet
  facet normal 0.25866892497513905 0.03405441002123254 0.9653655703464422
    outer loop
      vertex 59.26536686473018 23 -0.15224093497742652
      vertex 59.23928762122877 23.198091521082574 -0.15224093497742652
      vertex 58.75215724014504 23.067565328862525 -0.017110277252379236
    endloop
  endfacet
  facet normal 0.24104106520869611 0.0998424782982973 0.965365570346442
    outer loop
      vertex 58.72607799664363 23.130526192220053 -0.017110277252379236
      vertex 58.75215724014504 23.067565328862525 -0.017110277252379236
      vertex 59.23928762122877 23.198091521082574 -0.15224093497742652
    endloop
  endfacet
  facet normal 0.49892023402451957 0.06568409490623298 0.864155194254636
    outer loop
      vertex 59.676036772656325 23.315118103502567 -0.41329331941752967
      vertex 59.23928762122877 23.198091521082574 -0.15224093497742652
      vertex 59.26536686473018 23 -0.15224093497742652
    endloop
  endfacet
  facet normal 0.24104106520869603 0.09984247829829801 0.965365570346442
    outer loop
      vertex 58.72607799664363 23.130526192220053 -0.017110277252379236
      vertex 59.23928762122877 23.198091521082574 -0.15224093497742652
      vertex 59.16282714807118 23.38268343236509 -0.15224093497742652
    endloop
  endfacet
  facet normal 0.2069866551874714 0.15882644667684115 0.9653655703464421
    outer loop
      vertex 58.72607799664363 23.130526192220053 -0.017110277252379236
      vertex 59.16282714807118 23.38268343236509 -0.15224093497742652
      vertex 59.041196100146195 23.5411961001462 -0.15224093497742652
    endloop
  endfacet
  facet normal 0.4649196445804234 0.19257602219888756 0.8641551942546353
    outer loop
      vertex 59.23928762122877 23.198091521082574 -0.15224093497742652
      vertex 59.676036772656325 23.315118103502567 -0.41329331941752967
      vertex 59.16282714807118 23.38268343236509 -0.15224093497742652
    endloop
  endfacet
  facet normal 0.13052619222005327 0.9914448613738103 0
    outer loop
      vertex 59.013209624585144 24.915324393885097 -1.7389476155598969
      vertex 58.5 24.982889722747622 -8.261052384440102
      vertex 58.5 24.982889722747622 -7.466608858548635
    endloop
  endfacet
  facet normal 0.608761429008718 0.7933533402912373 0
    outer loop
      vertex 59.902114769299956 24.402114769299956 -8.261052384440102
      vertex 59.49144486137381 24.717232872802523 -1.7389476155598969
      vertex 59.902114769299956 24.402114769299956 -1.7389476155598969
    endloop
  endfacet
  facet normal 0 0.4999999999999985 0.8660254037844394
    outer loop
      vertex 52.5 24.217522858017443 -0.41329331941752967
      vertex 52.5 23.76536686473018 -0.15224093497742652
      vertex 58.5 24.217522858017443 -0.41329331941752967
    endloop
  endfacet
  facet normal 0 0.4999999999999985 0.8660254037844394
    outer loop
      vertex 52.5 23.76536686473018 -0.15224093497742652
      vertex 58.5 23.76536686473018 -0.15224093497742652
      vertex 58.5 24.217522858017443 -0.41329331941752967
    endloop
  endfacet
  facet normal 0 0.8660254037844393 0.4999999999999987
    outer loop
      vertex 52.5 24.847759065022572 -1.2346331352698203
      vertex 52.5 24.58670668058247 -0.7824771419825587
      vertex 58.5 24.847759065022572 -1.2346331352698203
    endloop
  endfacet
  facet normal 0 0.8660254037844393 0.4999999999999987
    outer loop
      vertex 52.5 24.58670668058247 -0.7824771419825587
      vertex 58.5 24.58670668058247 -0.7824771419825587
      vertex 58.5 24.847759065022572 -1.2346331352698203
    endloop
  endfacet
  facet normal 0.034054410021223384 0.25866892497513955 0.9653655703464424
    outer loop
      vertex 58.56756532886252 23.25215724014504 -0.017110277252379236
      vertex 58.698091521082574 23.739287621228772 -0.15224093497742652
      vertex 58.5 23.76536686473018 -0.15224093497742652
    endloop
  endfacet
  facet normal 0.8929087705806806 0.36985492273641113 0.25675136523052916
    outer loop
      vertex 60.4153243938851 23.51320962458514 -1.7389476155598969
      vertex 60.10020629038253 23.923879532511286 -1.2346331352698203
      vertex 60.28479820166505 23.47823523678867 -1.2346331352698203
    endloop
  endfacet
  facet normal 0.1588264466768428 0.2069866551874689 0.9653655703464423
    outer loop
      vertex 59.041196100146195 23.5411961001462 -0.15224093497742652
      vertex 58.88268343236509 23.662827148071184 -0.15224093497742652
      vertex 58.63052619222005 23.22607799664363 -0.017110277252379236
    endloop
  endfacet
  facet normal 0.39923554967420744 0.3063442118256324 0.8641551942546347
    outer loop
      vertex 59.16282714807118 23.38268343236509 -0.15224093497742652
      vertex 59.36091866915376 23.860918669153758 -0.41329331941752967
      vertex 59.041196100146195 23.5411961001462 -0.15224093497742652
    endloop
  endfacet
  facet normal 0.306344211825637 0.39923554967420455 0.8641551942546344
    outer loop
      vertex 58.88268343236509 23.662827148071184 -0.15224093497742652
      vertex 59.041196100146195 23.5411961001462 -0.15224093497742652
      vertex 59.36091866915376 23.860918669153758 -0.41329331941752967
    endloop
  endfacet
  facet normal 0.6560818900783136 0.2717580168978108 0.7040625922196384
    outer loop
      vertex 60.03264096152001 23.410669907926145 -0.7824771419825587
      vertex 59.55440572473134 23.60876142900872 -0.41329331941752967
      vertex 59.676036772656325 23.315118103502567 -0.41329331941752967
    endloop
  endfacet
  facet normal 0.7667581440948027 0.5883542172165968 0.2567513652305269
    outer loop
      vertex 60.21723287280252 23.99144486137381 -1.7389476155598969
      vertex 59.902114769299956 24.402114769299956 -1.7389476155598969
      vertex 60.10020629038253 23.923879532511286 -1.2346331352698203
    endloop
  endfacet
  facet normal 0.6885320340783895 0.5283292118363926 0.4967815233764356
    outer loop
      vertex 60.10020629038253 23.923879532511286 -1.2346331352698203
      vertex 59.80656296487638 24.306562964876377 -1.2346331352698203
      vertex 59.8741282937389 23.793353340291237 -0.7824771419825587
    endloop
  endfacet
  facet normal 0.19257602219888859 0.4649196445804259 0.8641551942546337
    outer loop
      vertex 58.88268343236509 23.662827148071184 -0.15224093497742652
      vertex 59.10876142900872 24.05440572473134 -0.41329331941752967
      vertex 58.698091521082574 23.739287621228772 -0.15224093497742652
    endloop
  endfacet
  facet normal 0.30634421182563565 0.39923554967420694 0.8641551942546338
    outer loop
      vertex 59.10876142900872 24.05440572473134 -0.41329331941752967
      vertex 58.88268343236509 23.662827148071184 -0.15224093497742652
      vertex 59.36091866915376 23.860918669153758 -0.41329331941752967
    endloop
  endfacet
  facet normal 0.432304575321828 0.5633902913547449 0.7040625922196333
    outer loop
      vertex 59.62197105359386 24.12197105359386 -0.7824771419825587
      vertex 59.10876142900872 24.05440572473134 -0.41329331941752967
      vertex 59.36091866915376 23.860918669153758 -0.41329331941752967
    endloop
  endfacet
  facet normal 0.432304575321827 0.5633902913547468 0.7040625922196323
    outer loop
      vertex 59.62197105359386 24.12197105359386 -0.7824771419825587
      vertex 59.29335334029123 24.3741282937389 -0.7824771419825587
      vertex 59.10876142900872 24.05440572473134 -0.41329331941752967
    endloop
  endfacet
  facet normal 0.11328050197253543 0.8604508387494563 0.49678152337643117
    outer loop
      vertex 58.91066990792615 24.53264096152001 -0.7824771419825587
      vertex 58.97823523678867 24.784798201665044 -1.2346331352698203
      vertex 58.5 24.847759065022572 -1.2346331352698203
    endloop
  endfacet
  facet normal 0.5283292118363914 0.6885320340783879 0.4967815233764386
    outer loop
      vertex 59.80656296487638 24.306562964876377 -1.2346331352698203
      vertex 59.423879532511286 24.60020629038253 -1.2346331352698203
      vertex 59.29335334029123 24.3741282937389 -0.7824771419825587
    endloop
  endfacet
  facet normal 0.5283292118363936 0.6885320340783841 0.49678152337644166
    outer loop
      vertex 59.29335334029123 24.3741282937389 -0.7824771419825587
      vertex 59.62197105359386 24.12197105359386 -0.7824771419825587
      vertex 59.80656296487638 24.306562964876377 -1.2346331352698203
    endloop
  endfacet
  facet normal 0.5883542172165978 0.7667581440948018 0.25675136523052716
    outer loop
      vertex 59.80656296487638 24.306562964876377 -1.2346331352698203
      vertex 59.902114769299956 24.402114769299956 -1.7389476155598969
      vertex 59.49144486137381 24.717232872802523 -1.7389476155598969
    endloop
  endfacet
  facet normal 0.3698549227364049 0.8929087705806825 0.2567513652305318
    outer loop
      vertex 58.97823523678867 24.784798201665044 -1.2346331352698203
      vertex 59.423879532511286 24.60020629038253 -1.2346331352698203
      vertex 59.013209624585144 24.915324393885097 -1.7389476155598969
    endloop
  endfacet
  facet normal 0.3698549227364077 0.8929087705806822 0.25675136523052927
    outer loop
      vertex 59.423879532511286 24.60020629038253 -1.2346331352698203
      vertex 59.49144486137381 24.717232872802523 -1.7389476155598969
      vertex 59.013209624585144 24.915324393885097 -1.7389476155598969
    endloop
  endfacet
  facet normal 0.332121626913059 0.8018125360509248 0.4967815233764306
    outer loop
      vertex 59.423879532511286 24.60020629038253 -1.2346331352698203
      vertex 58.97823523678867 24.784798201665044 -1.2346331352698203
      vertex 58.91066990792615 24.53264096152001 -0.7824771419825587
    endloop
  endfacet
  facet normal 0.9659258262890671 3.2656000497803754e-16 0.25881904510252496
    outer loop
      vertex 60.34775906502257 23 -1.2346331352698203
      vertex 60.4153243938851 12.5 -1.4867903754148586
      vertex 60.48288972274762 23 -1.7389476155598969
    endloop
  endfacet
  facet normal 0.9914448613738106 0.1305261922200506 0
    outer loop
      vertex 60.4153243938851 23.51320962458514 -1.7389476155598969
      vertex 60.473518212141045 23.07118369023237 -8.261052384440102
      vertex 60.4153243938851 23.51320962458514 -8.261052384440102
    endloop
  endfacet
  facet normal 0.991444861373811 0.1305261922200473 2.278819268016181e-16
    outer loop
      vertex 60.48288972274762 23 -1.7389476155598969
      vertex 60.473518212141045 23.07118369023237 -8.261052384440102
      vertex 60.4153243938851 23.51320962458514 -1.7389476155598969
    endloop
  endfacet
  facet normal 0.9582091399530054 0.12615062648587652 0.25675136523053294
    outer loop
      vertex 60.48288972274762 23 -1.7389476155598969
      vertex 60.28479820166505 23.47823523678867 -1.2346331352698203
      vertex 60.34775906502257 23 -1.2346331352698203
    endloop
  endfacet
  facet normal -0.7667581440948014 -0.5883542172165984 -0.25675136523052744
    outer loop
      vertex 51.19343703512362 0.6934370351236234 -49.26536686473018
      vertex 51.097885230700044 0.5978852307000442 -48.761052384440106
      vertex 50.89979370961747 1.0761204674887133 -49.26536686473018
    endloop
  endfacet
  facet normal -0.6885320340783829 -0.528329211836393 -0.49678152337644377
    outer loop
      vertex 51.37802894640614 0.8780289464061379 -49.71752285801744
      vertex 51.19343703512362 0.6934370351236234 -49.26536686473018
      vertex 51.1258717062611 1.2066466597087648 -49.71752285801744
    endloop
  endfacet
  facet normal -0.6885320340783855 -0.5283292118363916 -0.49678152337644166
    outer loop
      vertex 51.1258717062611 1.2066466597087648 -49.71752285801744
      vertex 51.19343703512362 0.6934370351236234 -49.26536686473018
      vertex 50.89979370961747 1.0761204674887133 -49.26536686473018
    endloop
  endfacet
  facet normal -0.766758144094803 -0.5883542172165971 -0.25675136523052544
    outer loop
      vertex 50.89979370961747 1.0761204674887133 -49.26536686473018
      vertex 51.097885230700044 0.5978852307000442 -48.761052384440106
      vertex 50.78276712719748 1.0085551386261895 -48.761052384440106
    endloop
  endfacet
  facet normal -0.6560818900783191 -0.27175801689781937 -0.70406259221963
    outer loop
      vertex 51.44559427526866 1.3912385709912793 -50.08670668058247
      vertex 51.1258717062611 1.2066466597087648 -49.71752285801744
      vertex 50.96735903847999 1.5893300920738547 -49.71752285801744
    endloop
  endfacet
  facet normal -0.6560818900783185 -0.27175801689781137 -0.7040625922196335
    outer loop
      vertex 51.44559427526866 1.3912385709912793 -50.08670668058247
      vertex 50.96735903847999 1.5893300920738547 -49.71752285801744
      vertex 51.323963227343675 1.684881896497434 -50.08670668058247
    endloop
  endfacet
  facet normal -0.8929087705806802 -0.3698549227364153 -0.2567513652305251
    outer loop
      vertex 50.89979370961747 1.0761204674887133 -49.26536686473018
      vertex 50.78276712719748 1.0085551386261895 -48.761052384440106
      vertex 50.5846756061149 1.4867903754148588 -48.761052384440106
    endloop
  endfacet
  facet normal -0.8929087705806811 -0.36985492273640974 -0.2567513652305302
    outer loop
      vertex 50.89979370961747 1.0761204674887133 -49.26536686473018
      vertex 50.5846756061149 1.4867903754148588 -48.761052384440106
      vertex 50.71520179833495 1.5217647632113311 -49.26536686473018
    endloop
  endfacet
  facet normal -0.8018125360509178 -0.332121626913061 -0.49678152337644077
    outer loop
      vertex 50.96735903847999 1.5893300920738547 -49.71752285801744
      vertex 50.89979370961747 1.0761204674887133 -49.26536686473018
      vertex 50.71520179833495 1.5217647632113311 -49.26536686473018
    endloop
  endfacet
  facet normal -0.3321216269130588 -0.8018125360509195 -0.49678152337643944
    outer loop
      vertex 52.08933009207385 0.4673590384799926 -49.71752285801744
      vertex 52.02176476321133 0.21520179833495434 -49.26536686473018
      vertex 51.576120467488714 0.3997937096174691 -49.26536686473018
    endloop
  endfacet
  facet normal -0.36985492273641 -0.8929087705806819 -0.25675136523052655
    outer loop
      vertex 51.576120467488714 0.3997937096174691 -49.26536686473018
      vertex 51.986790375414856 0.08467560611490277 -48.761052384440106
      vertex 51.50855513862619 0.2827671271974783 -48.761052384440106
    endloop
  endfacet
  facet normal -0.369854922736407 -0.8929087705806823 -0.2567513652305294
    outer loop
      vertex 52.02176476321133 0.21520179833495434 -49.26536686473018
      vertex 51.986790375414856 0.08467560611490277 -48.761052384440106
      vertex 51.576120467488714 0.3997937096174691 -49.26536686473018
    endloop
  endfacet
  facet normal -0.1261506264858828 -0.9582091399530058 -0.25675136523052816
    outer loop
      vertex 52.5 0.15224093497742652 -49.26536686473018
      vertex 52.5 0.017110277252379236 -48.761052384440106
      vertex 51.986790375414856 0.08467560611490277 -48.761052384440106
    endloop
  endfacet
  facet normal -0.12615062648588324 -0.9582091399530059 -0.2567513652305286
    outer loop
      vertex 52.5 0.15224093497742652 -49.26536686473018
      vertex 51.986790375414856 0.08467560611490277 -48.761052384440106
      vertex 52.02176476321133 0.21520179833495434 -49.26536686473018
    endloop
  endfacet
  facet normal -0.11328050197253436 -0.860450838749451 -0.4967815233764403
    outer loop
      vertex 52.02176476321133 0.21520179833495434 -49.26536686473018
      vertex 52.08933009207385 0.4673590384799926 -49.71752285801744
      vertex 52.5 0.15224093497742652 -49.26536686473018
    endloop
  endfacet
  facet normal -0.11328050197253389 -0.8604508387494509 -0.49678152337644066
    outer loop
      vertex 52.5 0.41329331941752967 -49.71752285801744
      vertex 52.5 0.15224093497742652 -49.26536686473018
      vertex 52.08933009207385 0.4673590384799926 -49.71752285801744
    endloop
  endfacet
  facet normal -0.27175801689781814 -0.6560818900783195 -0.70406259221963
    outer loop
      vertex 51.70664665970877 0.6258717062610999 -49.71752285801744
      vertex 51.89123857099128 0.9455942752686617 -50.08670668058247
      vertex 52.08933009207385 0.4673590384799926 -49.71752285801744
    endloop
  endfacet
  facet normal -0.09269159872357126 -0.7040625922196416 -0.7040625922196315
    outer loop
      vertex 52.5 0.41329331941752967 -49.71752285801744
      vertex 52.08933009207385 0.4673590384799926 -49.71752285801744
      vertex 52.5 0.7824771419825587 -50.08670668058247
    endloop
  endfacet
  facet normal -0.09269159872357274 -0.7040625922196406 -0.7040625922196322
    outer loop
      vertex 52.5 0.7824771419825587 -50.08670668058247
      vertex 52.08933009207385 0.4673590384799926 -49.71752285801744
      vertex 52.18488189649744 0.823963227343675 -50.08670668058247
    endloop
  endfacet
  facet normal -0.2717580168978089 -0.656081890078319 -0.7040625922196342
    outer loop
      vertex 52.18488189649744 0.823963227343675 -50.08670668058247
      vertex 52.08933009207385 0.4673590384799926 -49.71752285801744
      vertex 51.89123857099128 0.9455942752686617 -50.08670668058247
    endloop
  endfacet
  facet normal -0.5283292118363918 -0.6885320340783854 -0.49678152337644194
    outer loop
      vertex 51.19343703512362 0.6934370351236234 -49.26536686473018
      vertex 51.70664665970877 0.6258717062610999 -49.71752285801744
      vertex 51.576120467488714 0.3997937096174691 -49.26536686473018
    endloop
  endfacet
  facet normal -0.332121626913061 -0.8018125360509172 -0.4967815233764416
    outer loop
      vertex 51.576120467488714 0.3997937096174691 -49.26536686473018
      vertex 51.70664665970877 0.6258717062610999 -49.71752285801744
      vertex 52.08933009207385 0.4673590384799926 -49.71752285801744
    endloop
  endfacet
  facet normal -0.5883542172165973 -0.7667581440948029 -0.25675136523052566
    outer loop
      vertex 51.576120467488714 0.3997937096174691 -49.26536686473018
      vertex 51.50855513862619 0.2827671271974783 -48.761052384440106
      vertex 51.097885230700044 0.5978852307000442 -48.761052384440106
    endloop
  endfacet
  facet normal -0.5883542172165985 -0.7667581440948011 -0.25675136523052755
    outer loop
      vertex 51.097885230700044 0.5978852307000442 -48.761052384440106
      vertex 51.19343703512362 0.6934370351236234 -49.26536686473018
      vertex 51.576120467488714 0.3997937096174691 -49.26536686473018
    endloop
  endfacet
  facet normal -0.5283292118363925 -0.688532034078384 -0.49678152337644305
    outer loop
      vertex 51.70664665970877 0.6258717062610999 -49.71752285801744
      vertex 51.19343703512362 0.6934370351236234 -49.26536686473018
      vertex 51.37802894640614 0.8780289464061379 -49.71752285801744
    endloop
  endfacet
  facet normal -0.4323045753218286 -0.56339029135475 -0.7040625922196286
    outer loop
      vertex 51.37802894640614 0.8780289464061379 -49.71752285801744
      vertex 51.63908133084624 1.139081330846241 -50.08670668058247
      vertex 51.70664665970877 0.6258717062610999 -49.71752285801744
    endloop
  endfacet
  facet normal -0.4323045753218285 -0.5633902913547502 -0.7040625922196289
    outer loop
      vertex 51.89123857099128 0.9455942752686617 -50.08670668058247
      vertex 51.70664665970877 0.6258717062610999 -49.71752285801744
      vertex 51.63908133084624 1.139081330846241 -50.08670668058247
    endloop
  endfacet
  facet normal -0.30634421182563026 -0.3992355496742032 -0.8641551942546375
    outer loop
      vertex 52.11731656763491 1.3371728519288164 -50.34775906502257
      vertex 51.89123857099128 0.9455942752686617 -50.08670668058247
      vertex 51.63908133084624 1.139081330846241 -50.08670668058247
    endloop
  endfacet
  facet normal -0.5633902913547502 -0.43230457532182975 -0.704062592219628
    outer loop
      vertex 51.63908133084624 1.139081330846241 -50.08670668058247
      vertex 51.37802894640614 0.8780289464061379 -49.71752285801744
      vertex 51.1258717062611 1.2066466597087648 -49.71752285801744
    endloop
  endfacet
  facet normal -0.06568409490621664 -0.4989202340245196 -0.8641551942546372
    outer loop
      vertex 52.5 1.2346331352698203 -50.34775906502257
      vertex 52.5 0.7824771419825587 -50.08670668058247
      vertex 52.18488189649744 0.823963227343675 -50.08670668058247
    endloop
  endfacet
  facet normal -0.19257602219888575 -0.4649196445804207 -0.8641551942546372
    outer loop
      vertex 52.18488189649744 0.823963227343675 -50.08670668058247
      vertex 51.89123857099128 0.9455942752686617 -50.08670668058247
      vertex 52.301908478917426 1.2607123787712278 -50.34775906502257
    endloop
  endfacet
  facet normal -0.19257602219888625 -0.4649196445804203 -0.8641551942546373
    outer loop
      vertex 51.89123857099128 0.9455942752686617 -50.08670668058247
      vertex 52.11731656763491 1.3371728519288164 -50.34775906502257
      vertex 52.301908478917426 1.2607123787712278 -50.34775906502257
    endloop
  endfacet
  facet normal -0.06568409490621671 -0.4989202340245196 -0.8641551942546372
    outer loop
      vertex 52.5 1.2346331352698203 -50.34775906502257
      vertex 52.18488189649744 0.823963227343675 -50.08670668058247
      vertex 52.301908478917426 1.2607123787712278 -50.34775906502257
    endloop
  endfacet
  facet normal -0.563390291354751 -0.4323045753218251 -0.7040625922196301
    outer loop
      vertex 51.63908133084624 1.139081330846241 -50.08670668058247
      vertex 51.1258717062611 1.2066466597087648 -49.71752285801744
      vertex 51.44559427526866 1.3912385709912793 -50.08670668058247
    endloop
  endfacet
  facet normal -0.3992355496742026 -0.306344211825627 -0.8641551942546389
    outer loop
      vertex 51.44559427526866 1.3912385709912793 -50.08670668058247
      vertex 51.83717285192882 1.6173165676349102 -50.34775906502257
      vertex 51.63908133084624 1.139081330846241 -50.08670668058247
    endloop
  endfacet
  facet normal -0.3992355496742018 -0.3063442118256275 -0.8641551942546392
    outer loop
      vertex 51.63908133084624 1.139081330846241 -50.08670668058247
      vertex 51.83717285192882 1.6173165676349102 -50.34775906502257
      vertex 51.958803899853805 1.458803899853803 -50.34775906502257
    endloop
  endfacet
  facet normal -0.03405441002122473 -0.25866892497514365 -0.9653655703464413
    outer loop
      vertex 52.5 1.2346331352698203 -50.34775906502257
      vertex 52.301908478917426 1.2607123787712278 -50.34775906502257
      vertex 52.5 1.7389476155598969 -50.48288972274762
    endloop
  endfacet
  facet normal -0.793353340291238 -0.6087614290087169 0
    outer loop
      vertex 51.097885230700044 0.5978852307000442 -48.761052384440106
      vertex 51.097885230700044 0.5978852307000442 -42.238947615559894
      vertex 50.78276712719748 1.0085551386261895 -48.761052384440106
    endloop
  endfacet
  facet normal -0.608761429008717 -0.7933533402912379 0
    outer loop
      vertex 51.097885230700044 0.5978852307000442 -48.761052384440106
      vertex 51.50855513862619 0.2827671271974783 -42.238947615559894
      vertex 51.097885230700044 0.5978852307000442 -42.238947615559894
    endloop
  endfacet
  facet normal -0.9238795325112826 -0.3826834323650996 0
    outer loop
      vertex 50.78276712719748 1.0085551386261895 -48.761052384440106
      vertex 50.78276712719748 1.0085551386261895 -42.238947615559894
      vertex 50.5846756061149 1.4867903754148588 -48.761052384440106
    endloop
  endfacet
  facet normal -0.793353340291238 -0.6087614290087169 0
    outer loop
      vertex 50.78276712719748 1.0085551386261895 -48.761052384440106
      vertex 51.097885230700044 0.5978852307000442 -42.238947615559894
      vertex 50.78276712719748 1.0085551386261895 -42.238947615559894
    endloop
  endfacet
  facet normal -0.9238795325112826 -0.3826834323650996 0
    outer loop
      vertex 50.5846756061149 1.4867903754148588 -48.761052384440106
      vertex 50.78276712719748 1.0085551386261895 -42.238947615559894
      vertex 50.5846756061149 1.4867903754148588 -42.238947615559894
    endloop
  endfacet
  facet normal -0.608761429008717 -0.7933533402912379 0
    outer loop
      vertex 51.50855513862619 0.2827671271974783 -42.238947615559894
      vertex 51.097885230700044 0.5978852307000442 -48.761052384440106
      vertex 51.50855513862619 0.2827671271974783 -48.761052384440106
    endloop
  endfacet
  facet normal -0.3826834323650944 -0.923879532511285 0
    outer loop
      vertex 51.986790375414856 0.08467560611490277 -48.761052384440106
      vertex 51.50855513862619 0.2827671271974783 -42.238947615559894
      vertex 51.50855513862619 0.2827671271974783 -48.761052384440106
    endloop
  endfacet
  facet normal -0.13052619222005063 -0.9914448613738105 0
    outer loop
      vertex 52.5 0.017110277252379236 -48.761052384440106
      vertex 52.5 0.017110277252379236 -42.238947615559894
      vertex 51.986790375414856 0.08467560611490277 -48.761052384440106
    endloop
  endfacet
  facet normal -0.1305261922200506 -0.9914448613738105 0
    outer loop
      vertex 51.986790375414856 0.08467560611490277 -43.03339114145136
      vertex 51.986790375414856 0.08467560611490277 -48.761052384440106
      vertex 52.5 0.017110277252379236 -42.238947615559894
    endloop
  endfacet
  facet normal -0.7040625922196391 -0.0926915987235741 -0.7040625922196337
    outer loop
      vertex 51.323963227343675 1.684881896497434 -50.08670668058247
      vertex 50.96735903847999 1.5893300920738547 -49.71752285801744
      vertex 50.91329331941753 2 -49.71752285801744
    endloop
  endfacet
  facet normal -0.9582091399530056 -0.12615062648587938 -0.25675136523053044
    outer loop
      vertex 50.51711027725238 2 -48.761052384440106
      vertex 50.71520179833495 1.5217647632113311 -49.26536686473018
      vertex 50.5846756061149 1.4867903754148588 -48.761052384440106
    endloop
  endfacet
  facet normal -0.8604508387494552 -0.1132805019725292 -0.4967815233764346
    outer loop
      vertex 50.91329331941753 2 -49.71752285801744
      vertex 50.71520179833495 1.5217647632113311 -49.26536686473018
      vertex 50.65224093497743 2 -49.26536686473018
    endloop
  endfacet
  facet normal -0.9582091399530055 -0.12615062648587683 -0.25675136523053277
    outer loop
      vertex 50.51711027725238 2 -48.761052384440106
      vertex 50.65224093497743 2 -49.26536686473018
      vertex 50.71520179833495 1.5217647632113311 -49.26536686473018
    endloop
  endfacet
  facet normal -0.46491964458041757 -0.19257602219888637 -0.8641551942546387
    outer loop
      vertex 51.76071237877123 1.8019084789174247 -50.34775906502257
      vertex 51.44559427526866 1.3912385709912793 -50.08670668058247
      vertex 51.323963227343675 1.684881896497434 -50.08670668058247
    endloop
  endfacet
  facet normal -0.4989202340245242 -0.06568409490621378 -0.8641551942546347
    outer loop
      vertex 51.323963227343675 1.684881896497434 -50.08670668058247
      vertex 51.28247714198256 2 -50.08670668058247
      vertex 51.73463313526982 2 -50.34775906502257
    endloop
  endfacet
  facet normal -0.20698665518747553 -0.158826446676844 -0.9653655703464407
    outer loop
      vertex 52.31540808871748 1.8154080887174855 -50.48288972274762
      vertex 51.958803899853805 1.458803899853803 -50.34775906502257
      vertex 51.83717285192882 1.6173165676349102 -50.34775906502257
    endloop
  endfacet
  facet normal -0.09984247829829458 -0.24104106520869897 -0.9653655703464417
    outer loop
      vertex 52.43243467113748 1.747842759854962 -50.48288972274762
      vertex 52.301908478917426 1.2607123787712278 -50.34775906502257
      vertex 52.36947380777995 1.7739220033563692 -50.48288972274762
    endloop
  endfacet
  facet normal -0.1588264466768407 -0.20698665518747486 -0.9653655703464414
    outer loop
      vertex 52.36947380777995 1.7739220033563692 -50.48288972274762
      vertex 52.11731656763491 1.3371728519288164 -50.34775906502257
      vertex 52.31540808871748 1.8154080887174855 -50.48288972274762
    endloop
  endfacet
  facet normal -0.20698665518747733 -0.15882644667683954 -0.9653655703464409
    outer loop
      vertex 51.83717285192882 1.6173165676349102 -50.34775906502257
      vertex 52.27392200335637 1.8694738077799484 -50.48288972274762
      vertex 52.31540808871748 1.8154080887174855 -50.48288972274762
    endloop
  endfacet
  facet normal -0.03405441002122589 -0.2586689249751432 -0.9653655703464412
    outer loop
      vertex 52.5 1.7389476155598969 -50.48288972274762
      vertex 52.301908478917426 1.2607123787712278 -50.34775906502257
      vertex 52.43243467113748 1.747842759854962 -50.48288972274762
    endloop
  endfacet
  facet normal -0.9914448613738109 -0.13052619222004716 0
    outer loop
      vertex 50.51711027725238 2 -48.761052384440106
      vertex 50.5846756061149 1.4867903754148588 -48.761052384440106
      vertex 50.51711027725238 2 -42.238947615559894
    endloop
  endfacet
  facet normal -0.9914448613738109 -0.13052619222004716 0
    outer loop
      vertex 50.51711027725238 2 -42.238947615559894
      vertex 50.5846756061149 1.4867903754148588 -48.761052384440106
      vertex 50.5846756061149 1.4867903754148588 -42.238947615559894
    endloop
  endfacet
  facet normal 0 -1 0
    outer loop
      vertex 52.5 0.017110277252379236 -48.761052384440106
      vertex 58.5 0.017110277252379236 -42.238947615559894
      vertex 52.5 0.017110277252379236 -42.238947615559894
    endloop
  endfacet
  facet normal -0.38268343236508034 -0.9238795325112906 0
    outer loop
      vertex 51.986790375414856 0.08467560611490277 -42.238947615559894
      vertex 51.92045773603521 0.1121514849739547 -42.238947615559894
      vertex 51.986790375414856 0.08467560611490277 -43.03339114145136
    endloop
  endfacet
  facet normal -0.13052619222005063 -0.9914448613738106 0
    outer loop
      vertex 52.5 0.017110277252379236 -42.238947615559894
      vertex 51.986790375414856 0.08467560611490277 -42.238947615559894
      vertex 51.986790375414856 0.08467560611490277 -43.03339114145136
    endloop
  endfacet
  facet normal -0.8660254037844397 -1.2277643598011673e-16 -0.49999999999999806
    outer loop
      vertex 50.65224093497743 2 -49.26536686473018
      vertex 50.782767127197474 12.5 -49.49144486137381
      vertex 50.91329331941753 2 -49.71752285801744
    endloop
  endfacet
  facet normal -0.9659258262890672 -3.278257414314406e-16 -0.2588190451025248
    outer loop
      vertex 50.51711027725238 2 -48.761052384440106
      vertex 50.5846756061149 12.5 -49.013209624585144
      vertex 50.65224093497743 2 -49.26536686473018
    endloop
  endfacet
  facet normal 0 -0.9659258262890683 -0.2588190451025204
    outer loop
      vertex 52.5 0.15224093497742652 -49.26536686473018
      vertex 94.5 0.017110277252379236 -48.761052384440106
      vertex 52.5 0.017110277252379236 -48.761052384440106
    endloop
  endfacet
  facet normal 0 -0.866025403784436 -0.5000000000000044
    outer loop
      vertex 52.5 0.41329331941752967 -49.71752285801744
      vertex 94.5 0.41329331941752967 -49.71752285801744
      vertex 52.5 0.15224093497742652 -49.26536686473018
    endloop
  endfacet
  facet normal 0 -0.7071067811865526 -0.7071067811865424
    outer loop
      vertex 94.5 0.41329331941752967 -49.71752285801744
      vertex 52.5 0.41329331941752967 -49.71752285801744
      vertex 52.5 0.7824771419825587 -50.08670668058247
    endloop
  endfacet
  facet normal 0 -0.25881904510252496 -0.9659258262890671
    outer loop
      vertex 52.5 1.2346331352698203 -50.34775906502257
      vertex 52.5 1.7389476155598969 -50.48288972274762
      vertex 94.5 1.7389476155598969 -50.48288972274762
    endloop
  endfacet
  facet normal 0 -0.49999999999999367 -0.8660254037844424
    outer loop
      vertex 58.5 1.2346331352698203 -50.34775906502257
      vertex 94.5 1.2346331352698203 -50.34775906502257
      vertex 52.5 0.7824771419825587 -50.08670668058247
    endloop
  endfacet
  facet normal 0 -0.258819045102525 -0.9659258262890671
    outer loop
      vertex 58.5 1.2346331352698203 -50.34775906502257
      vertex 52.5 1.2346331352698203 -50.34775906502257
      vertex 94.5 1.7389476155598969 -50.48288972274762
    endloop
  endfacet
  facet normal 0 -1 0
    outer loop
      vertex 58.5 0.017110277252379236 -42.238947615559894
      vertex 52.5 0.017110277252379236 -48.761052384440106
      vertex 88.5 0.017110277252379236 -42.238947615559894
    endloop
  endfacet
  facet normal 0 0 -1
    outer loop
      vertex 52.5 1.7389476155598969 -50.48288972274762
      vertex 52.43243467113748 1.747842759854962 -50.48288972274762
      vertex 94.5 1.7389476155598969 -50.48288972274762
    endloop
  endfacet
  facet normal 0 0 -1
    outer loop
      vertex 52.36947380777995 1.7739220033563692 -50.48288972274762
      vertex 94.63052619222005 1.7739220033563692 -50.48288972274762
      vertex 52.43243467113748 1.747842759854962 -50.48288972274762
    endloop
  endfacet
  facet normal 0 0 -1
    outer loop
      vertex 52.27392200335637 1.8694738077799484 -50.48288972274762
      vertex 94.63052619222005 1.7739220033563692 -50.48288972274762
      vertex 52.31540808871748 1.8154080887174855 -50.48288972274762
    endloop
  endfacet
  facet normal 0 0 -1
    outer loop
      vertex 94.63052619222005 1.7739220033563692 -50.48288972274762
      vertex 52.36947380777995 1.7739220033563692 -50.48288972274762
      vertex 52.31540808871748 1.8154080887174855 -50.48288972274762
    endloop
  endfacet
  facet normal 0 0 -1
    outer loop
      vertex 94.63052619222005 1.7739220033563692 -50.48288972274762
      vertex 52.27392200335637 1.8694738077799484 -50.48288972274762
      vertex 52.24784275985496 1.9324346711374765 -50.48288972274762
    endloop
  endfacet
  facet normal 0 0 -1
    outer loop
      vertex 52.24784275985496 1.9324346711374765 -50.48288972274762
      vertex 52.238947615559894 2 -50.48288972274762
      vertex 94.63052619222005 1.7739220033563692 -50.48288972274762
    endloop
  endfacet
  facet normal 0 -0.9659258262890685 0.25881904510252
    outer loop
      vertex 58.5 0.017110277252379236 -42.238947615559894
      vertex 88.5 0.017110277252379236 -42.238947615559894
      vertex 59.013209624585144 0.08467560611490277 -41.986790375414856
    endloop
  endfacet
  facet normal 7.171817453708543e-18 -0.9659258262890683 0.25881904510252085
    outer loop
      vertex 59.013209624585144 0.08467560611490277 -41.986790375414856
      vertex 88.5 0.017110277252379236 -42.238947615559894
      vertex 59.176326757871244 0.15224093497742652 -41.73463313526982
    endloop
  endfacet
  facet normal 0 -0.8660254037844392 0.4999999999999992
    outer loop
      vertex 59.49144486137381 0.2827671271974783 -41.508555138626186
      vertex 59.176326757871244 0.15224093497742652 -41.73463313526982
      vertex 87.50855513862619 0.2827671271974783 -41.508555138626186
    endloop
  endfacet
  facet normal 0 -0.866025403784433 0.5000000000000098
    outer loop
      vertex 59.49144486137381 0.2827671271974783 -41.508555138626186
      vertex 87.50855513862619 0.2827671271974783 -41.508555138626186
      vertex 59.66154990689533 0.41329331941752967 -41.28247714198256
    endloop
  endfacet
  facet normal 0 -0.7071067811865526 0.7071067811865425
    outer loop
      vertex 59.902114769299956 0.5978852307000442 -41.097885230700044
      vertex 59.66154990689533 0.41329331941752967 -41.28247714198256
      vertex 87.09788523070004 0.5978852307000442 -41.097885230700044
    endloop
  endfacet
  facet normal 0 -0.7071067811865526 0.7071067811865425
    outer loop
      vertex 59.902114769299956 0.5978852307000442 -41.097885230700044
      vertex 87.09788523070004 0.5978852307000442 -41.097885230700044
      vertex 60.043757124589646 0.7824771419825587 -40.91329331941753
    endloop
  endfacet
  facet normal 0 -0.49999999999998346 0.8660254037844483
    outer loop
      vertex 60.21723287280252 1.0085551386261895 -40.78276712719748
      vertex 60.043757124589646 0.7824771419825587 -40.91329331941753
      vertex 86.95624287541035 0.7824771419825587 -40.91329331941753
    endloop
  endfacet
  facet normal -2.2932422697974345e-16 -0.5000000000000038 0.8660254037844365
    outer loop
      vertex 60.21723287280252 1.0085551386261895 -40.78276712719748
      vertex 86.95624287541035 0.7824771419825587 -40.91329331941753
      vertex 60.310877445166454 1.2346331352698203 -40.65224093497743
    endloop
  endfacet
  facet normal -2.6226541635928145e-16 -0.25881904510251197 0.9659258262890706
    outer loop
      vertex 86.5846756061149 1.4867903754148588 -40.5846756061149
      vertex 60.4153243938851 1.4867903754148588 -40.58467560611491
      vertex 60.310877445166454 1.2346331352698203 -40.65224093497743
    endloop
  endfacet
  facet normal -2.6226541635927963e-16 -0.2588190451025379 0.9659258262890638
    outer loop
      vertex 60.4153243938851 1.4867903754148588 -40.58467560611491
      vertex 86.5846756061149 1.4867903754148588 -40.5846756061149
      vertex 60.448521524334936 1.7389476155598969 -40.51711027725238
    endloop
  endfacet
  facet normal 0 0 1
    outer loop
      vertex 60.48288972274762 2 -40.51711027725238
      vertex 60.448521524334936 1.7389476155598969 -40.51711027725238
      vertex 86.55147847566506 1.7389476155598969 -40.51711027725238
    endloop
  endfacet
  facet normal -0.7071067811865476 0 -0.7071067811865476
    outer loop
      vertex 50.91329331941753 2 -49.71752285801744
      vertex 50.91329331941753 23 -49.71752285801744
      vertex 51.28247714198256 2 -50.08670668058247
    endloop
  endfacet
  facet normal -0.49999999999999806 0 -0.8660254037844397
    outer loop
      vertex 51.28247714198256 2 -50.08670668058247
      vertex 51.28247714198256 23 -50.08670668058247
      vertex 51.73463313526982 2 -50.34775906502257
    endloop
  endfacet
  facet normal -1 0 0
    outer loop
      vertex 50.51711027725238 2 -48.761052384440106
      vertex 50.51711027725238 2 -42.238947615559894
      vertex 50.51711027725238 23 -48.761052384440106
    endloop
  endfacet
  facet normal -0.8660254037844423 0 -0.4999999999999938
    outer loop
      vertex 50.65224093497743 2 -49.26536686473018
      vertex 50.65224093497743 23 -49.26536686473018
      vertex 50.782767127197474 12.5 -49.49144486137381
    endloop
  endfacet
  facet normal -0.9659258262890706 0 -0.25881904510251214
    outer loop
      vertex 50.51711027725238 2 -48.761052384440106
      vertex 50.51711027725238 23 -48.761052384440106
      vertex 50.5846756061149 12.5 -49.013209624585144
    endloop
  endfacet
  facet normal 0 0 -1
    outer loop
      vertex 52.238947615559894 2 -50.48288972274762
      vertex 52.238947615559894 23 -50.48288972274762
      vertex 94.63052619222005 1.7739220033563692 -50.48288972274762
    endloop
  endfacet
  facet normal 0 0 1
    outer loop
      vertex 86.51711027725239 2 -40.51711027725238
      vertex 60.48288972274762 23 -40.51711027725238
      vertex 60.48288972274762 2 -40.51711027725238
    endloop
  endfacet
  facet normal 0 -0.9659258262890683 -0.2588190451025204
    outer loop
      vertex 94.5 0.017110277252379236 -48.761052384440106
      vertex 52.5 0.15224093497742652 -49.26536686473018
      vertex 94.5 0.15224093497742652 -49.26536686473018
    endloop
  endfacet
  facet normal 0 -0.866025403784436 -0.5000000000000044
    outer loop
      vertex 94.5 0.15224093497742652 -49.26536686473018
      vertex 52.5 0.15224093497742652 -49.26536686473018
      vertex 94.5 0.41329331941752967 -49.71752285801744
    endloop
  endfacet
  facet normal 0 -0.7071067811865526 -0.7071067811865424
    outer loop
      vertex 94.5 0.7824771419825587 -50.08670668058247
      vertex 94.5 0.41329331941752967 -49.71752285801744
      vertex 52.5 0.7824771419825587 -50.08670668058247
    endloop
  endfacet
  facet normal 0 -0.49999999999999367 -0.8660254037844424
    outer loop
      vertex 94.5 1.2346331352698203 -50.34775906502257
      vertex 94.5 0.7824771419825587 -50.08670668058247
      vertex 52.5 0.7824771419825587 -50.08670668058247
    endloop
  endfacet
  facet normal 0 -0.25881904510252496 -0.965925826289067
    outer loop
      vertex 58.5 1.2346331352698203 -50.34775906502257
      vertex 94.5 1.7389476155598969 -50.48288972274762
      vertex 94.5 1.2346331352698203 -50.34775906502257
    endloop
  endfacet
  facet normal 0 -1 0
    outer loop
      vertex 94.5 0.017110277252379236 -48.761052384440106
      vertex 94.5 0.017110277252379236 -42.238947615559894
      vertex 52.5 0.017110277252379236 -48.761052384440106
    endloop
  endfacet
  facet normal 0 -1 0
    outer loop
      vertex 52.5 0.017110277252379236 -48.761052384440106
      vertex 94.5 0.017110277252379236 -42.238947615559894
      vertex 88.5 0.017110277252379236 -42.238947615559894
    endloop
  endfacet
  facet normal 0 0 -1
    outer loop
      vertex 94.5 1.7389476155598969 -50.48288972274762
      vertex 52.43243467113748 1.747842759854962 -50.48288972274762
      vertex 94.63052619222005 1.7739220033563692 -50.48288972274762
    endloop
  endfacet
  facet normal 0 -0.9659258262890682 0.2588190451025208
    outer loop
      vertex 87.98679037541486 0.08467560611490277 -41.986790375414856
      vertex 87.82367324212875 0.15224093497742652 -41.73463313526982
      vertex 59.176326757871244 0.15224093497742652 -41.73463313526982
    endloop
  endfacet
  facet normal 0 -0.8660254037844392 0.49999999999999917
    outer loop
      vertex 87.50855513862619 0.2827671271974783 -41.508555138626186
      vertex 59.176326757871244 0.15224093497742652 -41.73463313526982
      vertex 87.82367324212875 0.15224093497742652 -41.73463313526982
    endloop
  endfacet
  facet normal 0 -0.866025403784433 0.5000000000000097
    outer loop
      vertex 87.50855513862619 0.2827671271974783 -41.508555138626186
      vertex 87.33845009310467 0.41329331941752967 -41.28247714198256
      vertex 59.66154990689533 0.41329331941752967 -41.28247714198256
    endloop
  endfacet
  facet normal 0 -0.7071067811865526 0.7071067811865425
    outer loop
      vertex 87.33845009310467 0.41329331941752967 -41.28247714198256
      vertex 87.09788523070004 0.5978852307000442 -41.097885230700044
      vertex 59.66154990689533 0.41329331941752967 -41.28247714198256
    endloop
  endfacet
  facet normal 0 -0.7071067811865526 0.7071067811865425
    outer loop
      vertex 87.09788523070004 0.5978852307000442 -41.097885230700044
      vertex 86.95624287541035 0.7824771419825587 -40.91329331941753
      vertex 60.043757124589646 0.7824771419825587 -40.91329331941753
    endloop
  endfacet
  facet normal -2.339828471673348e-16 -0.500000000000004 0.8660254037844364
    outer loop
      vertex 86.78276712719747 1.0085551386261895 -40.782767127197474
      vertex 60.310877445166454 1.2346331352698203 -40.65224093497743
      vertex 86.95624287541035 0.7824771419825587 -40.91329331941753
    endloop
  endfacet
  facet normal 0 -0.4999999999999835 0.8660254037844481
    outer loop
      vertex 86.78276712719747 1.0085551386261895 -40.782767127197474
      vertex 86.68912255483355 1.2346331352698203 -40.65224093497743
      vertex 60.310877445166454 1.2346331352698203 -40.65224093497743
    endloop
  endfacet
  facet normal 0 -0.2588190451025375 0.9659258262890638
    outer loop
      vertex 86.68912255483355 1.2346331352698203 -40.65224093497743
      vertex 86.5846756061149 1.4867903754148588 -40.5846756061149
      vertex 60.310877445166454 1.2346331352698203 -40.65224093497743
    endloop
  endfacet
  facet normal 0 -0.2588190451025125 0.9659258262890704
    outer loop
      vertex 86.5846756061149 1.4867903754148588 -40.5846756061149
      vertex 86.55147847566506 1.7389476155598969 -40.51711027725238
      vertex 60.448521524334936 1.7389476155598969 -40.51711027725238
    endloop
  endfacet
  facet normal 0 0 1
    outer loop
      vertex 60.48288972274762 2 -40.51711027725238
      vertex 86.55147847566506 1.7389476155598969 -40.51711027725238
      vertex 86.51711027725239 2 -40.51711027725238
    endloop
  endfacet
  facet normal -7.514641675996551e-18 -0.9659258262890685 0.25881904510252
    outer loop
      vertex 88.5 0.017110277252379236 -42.238947615559894
      vertex 87.98679037541486 0.08467560611490277 -41.986790375414856
      vertex 59.176326757871244 0.15224093497742652 -41.73463313526982
    endloop
  endfacet
  facet normal 0.1261506264858828 -0.9582091399530058 -0.25675136523052816
    outer loop
      vertex 94.5 0.017110277252379236 -48.761052384440106
      vertex 94.5 0.15224093497742652 -49.26536686473018
      vertex 95.01320962458514 0.08467560611490277 -48.761052384440106
    endloop
  endfacet
  facet normal 0.09269159872357129 -0.7040625922196418 -0.7040625922196313
    outer loop
      vertex 94.5 0.41329331941752967 -49.71752285801744
      vertex 94.81511810350257 0.823963227343675 -50.08670668058247
      vertex 94.91066990792615 0.4673590384799926 -49.71752285801744
    endloop
  endfacet
  facet normal 0.0926915987235707 -0.7040625922196417 -0.7040625922196315
    outer loop
      vertex 94.5 0.41329331941752967 -49.71752285801744
      vertex 94.5 0.7824771419825587 -50.08670668058247
      vertex 94.81511810350257 0.823963227343675 -50.08670668058247
    endloop
  endfacet
  facet normal 0.27175801689781565 -0.6560818900783193 -0.7040625922196312
    outer loop
      vertex 94.91066990792615 0.4673590384799926 -49.71752285801744
      vertex 94.81511810350257 0.823963227343675 -50.08670668058247
      vertex 95.10876142900872 0.9455942752686617 -50.08670668058247
    endloop
  endfacet
  facet normal 0.3321216269130505 -0.801812536050925 -0.49678152337643605
    outer loop
      vertex 94.97823523678866 0.21520179833495434 -49.26536686473018
      vertex 94.91066990792615 0.4673590384799926 -49.71752285801744
      vertex 95.4238795325113 0.3997937096174691 -49.26536686473018
    endloop
  endfacet
  facet normal 0.3698549227363964 -0.8929087705806853 -0.25675136523053455
    outer loop
      vertex 95.01320962458514 0.08467560611490277 -48.761052384440106
      vertex 94.97823523678866 0.21520179833495434 -49.26536686473018
      vertex 95.4238795325113 0.3997937096174691 -49.26536686473018
    endloop
  endfacet
  facet normal 0.3698549227364106 -0.8929087705806832 -0.2567513652305217
    outer loop
      vertex 95.4238795325113 0.3997937096174691 -49.26536686473018
      vertex 95.49144486137381 0.2827671271974783 -48.761052384440106
      vertex 95.01320962458514 0.08467560611490277 -48.761052384440106
    endloop
  endfacet
  facet normal 0.27175801689781814 -0.6560818900783195 -0.70406259221963
    outer loop
      vertex 94.91066990792615 0.4673590384799926 -49.71752285801744
      vertex 95.10876142900872 0.9455942752686617 -50.08670668058247
      vertex 95.29335334029123 0.6258717062610999 -49.71752285801744
    endloop
  endfacet
  facet normal 0.3321216269130602 -0.8018125360509152 -0.4967815233764455
    outer loop
      vertex 95.29335334029123 0.6258717062610999 -49.71752285801744
      vertex 95.4238795325113 0.3997937096174691 -49.26536686473018
      vertex 94.91066990792615 0.4673590384799926 -49.71752285801744
    endloop
  endfacet
  facet normal 0.5883542172165985 -0.7667581440948045 -0.2567513652305179
    outer loop
      vertex 95.49144486137381 0.2827671271974783 -48.761052384440106
      vertex 95.4238795325113 0.3997937096174691 -49.26536686473018
      vertex 95.90211476929996 0.5978852307000442 -48.761052384440106
    endloop
  endfacet
  facet normal 0.5883542172166054 -0.7667581440947958 -0.2567513652305279
    outer loop
      vertex 95.90211476929996 0.5978852307000442 -48.761052384440106
      vertex 95.4238795325113 0.3997937096174691 -49.26536686473018
      vertex 95.80656296487638 0.6934370351236234 -49.26536686473018
    endloop
  endfacet
  facet normal 0.5283292118363834 -0.6885320340783869 -0.49678152337644854
    outer loop
      vertex 95.29335334029123 0.6258717062610999 -49.71752285801744
      vertex 95.62197105359387 0.8780289464061379 -49.71752285801744
      vertex 95.4238795325113 0.3997937096174691 -49.26536686473018
    endloop
  endfacet
  facet normal 0.5283292118363996 -0.6885320340783827 -0.49678152337643705
    outer loop
      vertex 95.80656296487638 0.6934370351236234 -49.26536686473018
      vertex 95.4238795325113 0.3997937096174691 -49.26536686473018
      vertex 95.62197105359387 0.8780289464061379 -49.71752285801744
    endloop
  endfacet
  facet normal 0.766758144094796 -0.588354217216605 -0.2567513652305277
    outer loop
      vertex 95.90211476929996 0.5978852307000442 -48.761052384440106
      vertex 95.80656296487638 0.6934370351236234 -49.26536686473018
      vertex 96.21723287280253 1.0085551386261895 -48.761052384440106
    endloop
  endfacet
  facet normal 0.06568409490621518 -0.49892023402451974 -0.8641551942546372
    outer loop
      vertex 94.81511810350257 0.823963227343675 -50.08670668058247
      vertex 94.5 0.7824771419825587 -50.08670668058247
      vertex 94.5 1.2346331352698203 -50.34775906502257
    endloop
  endfacet
  facet normal 0.06568409490621661 -0.49892023402451885 -0.8641551942546376
    outer loop
      vertex 94.69809152108257 1.2607123787712278 -50.34775906502257
      vertex 94.81511810350257 0.823963227343675 -50.08670668058247
      vertex 94.5 1.2346331352698203 -50.34775906502257
    endloop
  endfacet
  facet normal 0.03405441002122477 -0.258668924975144 -0.9653655703464411
    outer loop
      vertex 94.69809152108257 1.2607123787712278 -50.34775906502257
      vertex 94.5 1.2346331352698203 -50.34775906502257
      vertex 94.56756532886253 1.747842759854962 -50.48288972274762
    endloop
  endfacet
  facet normal 0.03405441002122237 -0.25866892497514365 -0.9653655703464413
    outer loop
      vertex 94.56756532886253 1.747842759854962 -50.48288972274762
      vertex 94.5 1.2346331352698203 -50.34775906502257
      vertex 94.5 1.7389476155598969 -50.48288972274762
    endloop
  endfacet
  facet normal 0.0998424782983027 -0.24104106520869806 -0.9653655703464409
    outer loop
      vertex 94.88268343236508 1.3371728519288164 -50.34775906502257
      vertex 94.69809152108257 1.2607123787712278 -50.34775906502257
      vertex 94.56756532886253 1.747842759854962 -50.48288972274762
    endloop
  endfacet
  facet normal 0.43230457532182237 -0.563390291354754 -0.7040625922196293
    outer loop
      vertex 95.62197105359387 0.8780289464061379 -49.71752285801744
      vertex 95.29335334029123 0.6258717062610999 -49.71752285801744
      vertex 95.10876142900872 0.9455942752686617 -50.08670668058247
    endloop
  endfacet
  facet normal 0.4323045753218259 -0.5633902913547468 -0.7040625922196329
    outer loop
      vertex 95.36091866915376 1.139081330846241 -50.08670668058247
      vertex 95.62197105359387 0.8780289464061379 -49.71752285801744
      vertex 95.10876142900872 0.9455942752686617 -50.08670668058247
    endloop
  endfacet
  facet normal 0.306344211825629 -0.3992355496742014 -0.8641551942546388
    outer loop
      vertex 95.36091866915376 1.139081330846241 -50.08670668058247
      vertex 95.10876142900872 0.9455942752686617 -50.08670668058247
      vertex 95.0411961001462 1.458803899853803 -50.34775906502257
    endloop
  endfacet
  facet normal 0.5633902913547458 -0.4323045753218265 -0.7040625922196335
    outer loop
      vertex 95.62197105359387 0.8780289464061379 -49.71752285801744
      vertex 95.36091866915376 1.139081330846241 -50.08670668058247
      vertex 95.8741282937389 1.2066466597087648 -49.71752285801744
    endloop
  endfacet
  facet normal 0.6885320340783867 -0.5283292118363959 -0.49678152337643555
    outer loop
      vertex 95.80656296487638 0.6934370351236234 -49.26536686473018
      vertex 95.62197105359387 0.8780289464061379 -49.71752285801744
      vertex 95.8741282937389 1.2066466597087648 -49.71752285801744
    endloop
  endfacet
  facet normal 0.6885320340783893 -0.5283292118363945 -0.49678152337643366
    outer loop
      vertex 95.80656296487638 0.6934370351236234 -49.26536686473018
      vertex 95.8741282937389 1.2066466597087648 -49.71752285801744
      vertex 96.10020629038253 1.0761204674887133 -49.26536686473018
    endloop
  endfacet
  facet normal 0.7667581440947997 -0.5883542172165972 -0.25675136523053554
    outer loop
      vertex 96.10020629038253 1.0761204674887133 -49.26536686473018
      vertex 96.21723287280253 1.0085551386261895 -48.761052384440106
      vertex 95.80656296487638 0.6934370351236234 -49.26536686473018
    endloop
  endfacet
  facet normal 0.30634421182562444 -0.39923554967420244 -0.8641551942546398
    outer loop
      vertex 95.0411961001462 1.458803899853803 -50.34775906502257
      vertex 95.10876142900872 0.9455942752686617 -50.08670668058247
      vertex 94.88268343236508 1.3371728519288164 -50.34775906502257
    endloop
  endfacet
  facet normal 0.5633902913547468 -0.4323045753218218 -0.7040625922196356
    outer loop
      vertex 95.55440572473134 1.3912385709912793 -50.08670668058247
      vertex 95.8741282937389 1.2066466597087648 -49.71752285801744
      vertex 95.36091866915376 1.139081330846241 -50.08670668058247
    endloop
  endfacet
  facet normal 0.3992355496741919 -0.3063442118256379 -0.8641551942546399
    outer loop
      vertex 95.16282714807119 1.6173165676349102 -50.34775906502257
      vertex 95.36091866915376 1.139081330846241 -50.08670668058247
      vertex 95.0411961001462 1.458803899853803 -50.34775906502257
    endloop
  endfacet
  facet normal 0.46491964458041724 -0.19257602219889744 -0.8641551942546363
    outer loop
      vertex 95.16282714807119 1.6173165676349102 -50.34775906502257
      vertex 95.67603677265633 1.684881896497434 -50.08670668058247
      vertex 95.55440572473134 1.3912385709912793 -50.08670668058247
    endloop
  endfacet
  facet normal 0.65608189007831 -0.27175801689782375 -0.7040625922196369
    outer loop
      vertex 95.8741282937389 1.2066466597087648 -49.71752285801744
      vertex 95.55440572473134 1.3912385709912793 -50.08670668058247
      vertex 95.67603677265633 1.684881896497434 -50.08670668058247
    endloop
  endfacet
  facet normal 0.6560818900783353 -0.2717580168978016 -0.7040625922196218
    outer loop
      vertex 95.67603677265633 1.684881896497434 -50.08670668058247
      vertex 96.03264096152 1.5893300920738547 -49.71752285801744
      vertex 95.8741282937389 1.2066466597087648 -49.71752285801744
    endloop
  endfacet
  facet normal 0.8018125360509271 -0.3321216269130521 -0.4967815233764319
    outer loop
      vertex 95.8741282937389 1.2066466597087648 -49.71752285801744
      vertex 96.28479820166504 1.5217647632113311 -49.26536686473018
      vertex 96.10020629038253 1.0761204674887133 -49.26536686473018
    endloop
  endfacet
  facet normal 0.892908770580682 -0.36985492273640286 -0.2567513652305365
    outer loop
      vertex 96.21723287280253 1.0085551386261895 -48.761052384440106
      vertex 96.10020629038253 1.0761204674887133 -49.26536686473018
      vertex 96.4153243938851 1.4867903754148588 -48.761052384440106
    endloop
  endfacet
  facet normal 0.8929087705806831 -0.3698549227363963 -0.2567513652305424
    outer loop
      vertex 96.28479820166504 1.5217647632113311 -49.26536686473018
      vertex 96.4153243938851 1.4867903754148588 -48.761052384440106
      vertex 96.10020629038253 1.0761204674887133 -49.26536686473018
    endloop
  endfacet
  facet normal 0.8018125360509268 -0.3321216269130369 -0.49678152337644216
    outer loop
      vertex 96.03264096152 1.5893300920738547 -49.71752285801744
      vertex 96.28479820166504 1.5217647632113311 -49.26536686473018
      vertex 95.8741282937389 1.2066466597087648 -49.71752285801744
    endloop
  endfacet
  facet normal 0.13052619222005063 -0.9914448613738105 0
    outer loop
      vertex 95.01320962458514 0.08467560611490277 -48.761052384440106
      vertex 95.01320962458514 0.08467560611490277 -42.238947615559894
      vertex 94.5 0.017110277252379236 -48.761052384440106
    endloop
  endfacet
  facet normal 0.3826834323650944 -0.923879532511285 0
    outer loop
      vertex 95.49144486137381 0.2827671271974783 -48.761052384440106
      vertex 95.01320962458514 0.08467560611490277 -42.238947615559894
      vertex 95.01320962458514 0.08467560611490277 -48.761052384440106
    endloop
  endfacet
  facet normal 0.608761429008717 -0.7933533402912379 0
    outer loop
      vertex 95.49144486137381 0.2827671271974783 -42.238947615559894
      vertex 95.49144486137381 0.2827671271974783 -48.761052384440106
      vertex 95.90211476929996 0.5978852307000442 -48.761052384440106
    endloop
  endfacet
  facet normal 0.13052619222005063 -0.9914448613738105 0
    outer loop
      vertex 94.5 0.017110277252379236 -48.761052384440106
      vertex 95.01320962458514 0.08467560611490277 -42.238947615559894
      vertex 94.5 0.017110277252379236 -42.238947615559894
    endloop
  endfacet
  facet normal 0.3826834323650944 -0.923879532511285 0
    outer loop
      vertex 95.49144486137381 0.2827671271974783 -48.761052384440106
      vertex 95.49144486137381 0.2827671271974783 -42.238947615559894
      vertex 95.01320962458514 0.08467560611490277 -42.238947615559894
    endloop
  endfacet
  facet normal 0.608761429008717 -0.7933533402912379 0
    outer loop
      vertex 95.90211476929996 0.5978852307000442 -48.761052384440106
      vertex 95.90211476929996 0.5978852307000442 -42.238947615559894
      vertex 95.49144486137381 0.2827671271974783 -42.238947615559894
    endloop
  endfacet
  facet normal 0.7933533402912315 -0.6087614290087255 0
    outer loop
      vertex 95.90211476929996 0.5978852307000442 -48.761052384440106
      vertex 96.21723287280253 1.0085551386261895 -42.238947615559894
      vertex 95.90211476929996 0.5978852307000442 -42.238947615559894
    endloop
  endfacet
  facet normal 0.7933533402912315 -0.6087614290087255 0
    outer loop
      vertex 96.21723287280253 1.0085551386261895 -48.761052384440106
      vertex 96.21723287280253 1.0085551386261895 -42.238947615559894
      vertex 95.90211476929996 0.5978852307000442 -48.761052384440106
    endloop
  endfacet
  facet normal 0.9238795325112875 -0.38268343236508795 0
    outer loop
      vertex 96.21723287280253 1.0085551386261895 -42.238947615559894
      vertex 96.21723287280253 1.0085551386261895 -48.761052384440106
      vertex 96.4153243938851 1.4867903754148588 -48.761052384440106
    endloop
  endfacet
  facet normal 0.9238795325112875 -0.38268343236508795 0
    outer loop
      vertex 96.21723287280253 1.0085551386261895 -42.238947615559894
      vertex 96.4153243938851 1.4867903754148588 -48.761052384440106
      vertex 96.4153243938851 1.4867903754148588 -42.238947615559894
    endloop
  endfacet
  facet normal 0 0 -1
    outer loop
      vertex 94.56756532886253 1.747842759854962 -50.48288972274762
      vertex 94.5 1.7389476155598969 -50.48288972274762
      vertex 94.63052619222005 1.7739220033563692 -50.48288972274762
    endloop
  endfacet
  facet normal 0.09984247829831344 -0.24104106520869012 -0.9653655703464418
    outer loop
      vertex 94.63052619222005 1.7739220033563692 -50.48288972274762
      vertex 94.88268343236508 1.3371728519288164 -50.34775906502257
      vertex 94.56756532886253 1.747842759854962 -50.48288972274762
    endloop
  endfacet
  facet normal 0.1588264466768407 -0.20698665518747486 -0.9653655703464414
    outer loop
      vertex 94.68459191128251 1.8154080887174855 -50.48288972274762
      vertex 94.88268343236508 1.3371728519288164 -50.34775906502257
      vertex 94.63052619222005 1.7739220033563692 -50.48288972274762
    endloop
  endfacet
  facet normal 0 0 -1
    outer loop
      vertex 94.68459191128251 1.8154080887174855 -50.48288972274762
      vertex 94.63052619222005 1.7739220033563692 -50.48288972274762
      vertex 94.68461644304827 1.8280122541845942 -50.48288972274762
    endloop
  endfacet
  facet normal 0.24104106520868224 -0.09984247829831862 -0.9653655703464433
    outer loop
      vertex 95.16282714807119 1.6173165676349102 -50.34775906502257
      vertex 94.72607799664362 1.8694738077799484 -50.48288972274762
      vertex 94.75215724014504 1.9324346711374765 -50.48288972274762
    endloop
  endfacet
  facet normal 0 0 -1
    outer loop
      vertex 94.68461644304827 1.8280122541845942 -50.48288972274762
      vertex 94.75215724014504 1.9324346711374765 -50.48288972274762
      vertex 94.72607799664362 1.8694738077799484 -50.48288972274762
    endloop
  endfacet
  facet normal 0 0 -1
    outer loop
      vertex 94.75215724014504 1.9324346711374765 -50.48288972274762
      vertex 94.68461644304827 1.8280122541845942 -50.48288972274762
      vertex 94.7610523844401 2 -50.48288972274762
    endloop
  endfacet
  facet normal 0.25866892497514327 -0.03405441002123328 -0.965365570346441
    outer loop
      vertex 94.7610523844401 2 -50.48288972274762
      vertex 95.23928762122877 1.8019084789174247 -50.34775906502257
      vertex 94.75215724014504 1.9324346711374765 -50.48288972274762
    endloop
  endfacet
  facet normal 0.4649196445804169 -0.19257602219886977 -0.8641551942546426
    outer loop
      vertex 95.23928762122877 1.8019084789174247 -50.34775906502257
      vertex 95.67603677265633 1.684881896497434 -50.08670668058247
      vertex 95.16282714807119 1.6173165676349102 -50.34775906502257
    endloop
  endfacet
  facet normal 0.2410410652087015 -0.09984247829829246 -0.965365570346441
    outer loop
      vertex 95.16282714807119 1.6173165676349102 -50.34775906502257
      vertex 94.75215724014504 1.9324346711374765 -50.48288972274762
      vertex 95.23928762122877 1.8019084789174247 -50.34775906502257
    endloop
  endfacet
  facet normal 0.4989202340245076 -0.06568409490623094 -0.864155194254643
    outer loop
      vertex 95.67603677265633 1.684881896497434 -50.08670668058247
      vertex 95.23928762122877 1.8019084789174247 -50.34775906502257
      vertex 95.26536686473018 2 -50.34775906502257
    endloop
  endfacet
  facet normal 0.4989202340245183 -0.065684094906213 -0.8641551942546382
    outer loop
      vertex 95.67603677265633 1.684881896497434 -50.08670668058247
      vertex 95.26536686473018 2 -50.34775906502257
      vertex 95.71752285801745 2 -50.08670668058247
    endloop
  endfacet
  facet normal 0.7040625922196525 -0.09269159872357578 -0.7040625922196201
    outer loop
      vertex 96.03264096152 1.5893300920738547 -49.71752285801744
      vertex 95.67603677265633 1.684881896497434 -50.08670668058247
      vertex 96.08670668058247 2 -49.71752285801744
    endloop
  endfacet
  facet normal 0.7040625922196502 -0.09269159872356914 -0.7040625922196232
    outer loop
      vertex 95.71752285801745 2 -50.08670668058247
      vertex 96.08670668058247 2 -49.71752285801744
      vertex 95.67603677265633 1.684881896497434 -50.08670668058247
    endloop
  endfacet
  facet normal 0.8604508387494496 -0.11328050197254129 -0.4967815233764415
    outer loop
      vertex 96.28479820166504 1.5217647632113311 -49.26536686473018
      vertex 96.03264096152 1.5893300920738547 -49.71752285801744
      vertex 96.34775906502257 2 -49.26536686473018
    endloop
  endfacet
  facet normal 0.9582091399530007 -0.12615062648589045 -0.2567513652305434
    outer loop
      vertex 96.4153243938851 1.4867903754148588 -48.761052384440106
      vertex 96.28479820166504 1.5217647632113311 -49.26536686473018
      vertex 96.34775906502257 2 -49.26536686473018
    endloop
  endfacet
  facet normal 0.8604508387494484 -0.1132805019725373 -0.4967815233764443
    outer loop
      vertex 96.08670668058247 2 -49.71752285801744
      vertex 96.34775906502257 2 -49.26536686473018
      vertex 96.03264096152 1.5893300920738547 -49.71752285801744
    endloop
  endfacet
  facet normal 0.95820913995301 -0.12615062648586672 -0.25675136523052056
    outer loop
      vertex 96.4153243938851 1.4867903754148588 -48.761052384440106
      vertex 96.34775906502257 2 -49.26536686473018
      vertex 96.48288972274761 2 -48.761052384440106
    endloop
  endfacet
  facet normal 0.9914448613738127 -0.13052619222003367 0
    outer loop
      vertex 96.48288972274761 2 -48.761052384440106
      vertex 96.48288972274761 2 -42.238947615559894
      vertex 96.4153243938851 1.4867903754148588 -48.761052384440106
    endloop
  endfacet
  facet normal 0.9914448613738127 -0.13052619222003367 0
    outer loop
      vertex 96.4153243938851 1.4867903754148588 -48.761052384440106
      vertex 96.48288972274761 2 -42.238947615559894
      vertex 96.4153243938851 1.4867903754148588 -42.238947615559894
    endloop
  endfacet
  facet normal 0.4999999999999921 -6.316024902482219e-16 -0.8660254037844431
    outer loop
      vertex 95.26536686473018 2 -50.34775906502257
      vertex 95.49144486137382 12.5 -50.217232872802526
      vertex 95.71752285801745 2 -50.08670668058247
    endloop
  endfacet
  facet normal 0.7071067811865612 0 -0.707106781186534
    outer loop
      vertex 95.71752285801745 2 -50.08670668058247
      vertex 95.90211476929996 12.5 -49.902114769299956
      vertex 96.08670668058247 2 -49.71752285801744
    endloop
  endfacet
  facet normal 0.8660254037844338 -4.164272931696714e-16 -0.5000000000000082
    outer loop
      vertex 96.34775906502257 2 -49.26536686473018
      vertex 96.08670668058247 2 -49.71752285801744
      vertex 96.21723287280253 12.5 -49.49144486137381
    endloop
  endfacet
  facet normal 0 0 -1
    outer loop
      vertex 94.7610523844401 2 -50.48288972274762
      vertex 94.68461644304827 1.8280122541845942 -50.48288972274762
      vertex 94.7610523844401 23 -50.48288972274762
    endloop
  endfacet
  facet normal 0.4999999999999702 0 -0.8660254037844559
    outer loop
      vertex 95.26536686473018 2 -50.34775906502257
      vertex 95.26536686473018 23 -50.34775906502257
      vertex 95.49144486137382 12.5 -50.217232872802526
    endloop
  endfacet
  facet normal 0.7071067811865612 0 -0.707106781186534
    outer loop
      vertex 95.71752285801745 2 -50.08670668058247
      vertex 95.71752285801745 23 -50.08670668058247
      vertex 95.90211476929996 12.5 -49.902114769299956
    endloop
  endfacet
  facet normal 0.8660254037844254 0 -0.5000000000000228
    outer loop
      vertex 96.08670668058247 2 -49.71752285801744
      vertex 96.08670668058247 23 -49.71752285801744
      vertex 96.21723287280253 12.5 -49.49144486137381
    endloop
  endfacet
  facet normal -0.7071067811865476 0 -0.7071067811865476
    outer loop
      vertex 51.28247714198256 23 -50.08670668058247
      vertex 51.28247714198256 2 -50.08670668058247
      vertex 50.91329331941753 23 -49.71752285801744
    endloop
  endfacet
  facet normal -0.49999999999999806 0 -0.8660254037844397
    outer loop
      vertex 51.73463313526982 2 -50.34775906502257
      vertex 51.28247714198256 23 -50.08670668058247
      vertex 51.73463313526982 23 -50.34775906502257
    endloop
  endfacet
  facet normal -0.2588190451025248 0 -0.9659258262890672
    outer loop
      vertex 52.238947615559894 23 -50.48288972274762
      vertex 51.73463313526982 2 -50.34775906502257
      vertex 51.73463313526982 23 -50.34775906502257
    endloop
  endfacet
  facet normal -1 0 0
    outer loop
      vertex 50.51711027725238 2 -42.238947615559894
      vertex 50.51711027725238 23 -42.238947615559894
      vertex 50.51711027725238 23 -48.761052384440106
    endloop
  endfacet
  facet normal 0 0 -1
    outer loop
      vertex 52.238947615559894 23 -50.48288972274762
      vertex 52.24784275985496 23.067565328862525 -50.48288972274762
      vertex 94.63052619222005 1.7739220033563692 -50.48288972274762
    endloop
  endfacet
  facet normal 0 0 -1
    outer loop
      vertex 52.24784275985496 23.067565328862525 -50.48288972274762
      vertex 52.27392200335637 23.130526192220053 -50.48288972274762
      vertex 94.63052619222005 1.7739220033563692 -50.48288972274762
    endloop
  endfacet
  facet normal 0 0 -1
    outer loop
      vertex 94.63052619222005 1.7739220033563692 -50.48288972274762
      vertex 52.27392200335637 23.130526192220053 -50.48288972274762
      vertex 52.31540808871748 23.184591911282514 -50.48288972274762
    endloop
  endfacet
  facet normal 0 0 -1
    outer loop
      vertex 94.63052619222005 1.7739220033563692 -50.48288972274762
      vertex 52.31540808871748 23.184591911282514 -50.48288972274762
      vertex 52.36947380777995 23.22607799664363 -50.48288972274762
    endloop
  endfacet
  facet normal 0 0 -1
    outer loop
      vertex 52.43243467113748 23.25215724014504 -50.48288972274762
      vertex 94.63052619222005 1.7739220033563692 -50.48288972274762
      vertex 52.36947380777995 23.22607799664363 -50.48288972274762
    endloop
  endfacet
  facet normal 0 0 -1
    outer loop
      vertex 52.43243467113748 23.25215724014504 -50.48288972274762
      vertex 52.51928120286064 23.25121871376909 -50.48288972274762
      vertex 94.63052619222005 1.7739220033563692 -50.48288972274762
    endloop
  endfacet
  facet normal -0.8660254037844397 1.2404217243351997e-16 -0.49999999999999806
    outer loop
      vertex 50.782767127197474 12.5 -49.49144486137381
      vertex 50.65224093497743 23 -49.26536686473018
      vertex 50.91329331941753 23 -49.71752285801744
    endloop
  endfacet
  facet normal -0.9659258262890672 3.278257414314406e-16 -0.2588190451025248
    outer loop
      vertex 50.51711027725238 23 -48.761052384440106
      vertex 50.65224093497743 23 -49.26536686473018
      vertex 50.5846756061149 12.5 -49.013209624585144
    endloop
  endfacet
  facet normal -0.7040625922196367 0.09269159872356723 -0.7040625922196367
    outer loop
      vertex 51.28247714198256 23 -50.08670668058247
      vertex 50.91329331941753 23 -49.71752285801744
      vertex 51.323963227343675 23.315118103502567 -50.08670668058247
    endloop
  endfacet
  facet normal -0.7040625922196391 0.09269159872357412 -0.7040625922196336
    outer loop
      vertex 51.323963227343675 23.315118103502567 -50.08670668058247
      vertex 50.91329331941753 23 -49.71752285801744
      vertex 50.96735903847999 23.410669907926145 -49.71752285801744
    endloop
  endfacet
  facet normal -0.860450838749455 0.11328050197252887 -0.4967815233764346
    outer loop
      vertex 50.91329331941753 23 -49.71752285801744
      vertex 50.65224093497743 23 -49.26536686473018
      vertex 50.71520179833495 23.47823523678867 -49.26536686473018
    endloop
  endfacet
  facet normal -0.9582091399530055 0.12615062648587647 -0.2567513652305327
    outer loop
      vertex 50.51711027725238 23 -48.761052384440106
      vertex 50.71520179833495 23.47823523678867 -49.26536686473018
      vertex 50.65224093497743 23 -49.26536686473018
    endloop
  endfacet
  facet normal -0.9582091399530057 0.12615062648587952 -0.25675136523053
    outer loop
      vertex 50.51711027725238 23 -48.761052384440106
      vertex 50.5846756061149 23.51320962458514 -48.761052384440106
      vertex 50.71520179833495 23.47823523678867 -49.26536686473018
    endloop
  endfacet
  facet normal -0.2586689249751433 0.03405441002123262 -0.9653655703464411
    outer loop
      vertex 52.238947615559894 23 -50.48288972274762
      vertex 51.73463313526982 23 -50.34775906502257
      vertex 52.24784275985496 23.067565328862525 -50.48288972274762
    endloop
  endfacet
  facet normal -0.4989202340245242 0.0656840949062137 -0.8641551942546347
    outer loop
      vertex 51.28247714198256 23 -50.08670668058247
      vertex 51.323963227343675 23.315118103502567 -50.08670668058247
      vertex 51.73463313526982 23 -50.34775906502257
    endloop
  endfacet
  facet normal -0.4989202340245133 0.0656840949062321 -0.8641551942546398
    outer loop
      vertex 51.73463313526982 23 -50.34775906502257
      vertex 51.323963227343675 23.315118103502567 -50.08670668058247
      vertex 51.76071237877123 23.198091521082574 -50.34775906502257
    endloop
  endfacet
  facet normal -0.25866892497514343 0.03405441002123308 -0.9653655703464411
    outer loop
      vertex 52.24784275985496 23.067565328862525 -50.48288972274762
      vertex 51.73463313526982 23 -50.34775906502257
      vertex 51.76071237877123 23.198091521082574 -50.34775906502257
    endloop
  endfacet
  facet normal -0.4649196445804174 0.19257602219888512 -0.8641551942546389
    outer loop
      vertex 51.76071237877123 23.198091521082574 -50.34775906502257
      vertex 51.323963227343675 23.315118103502567 -50.08670668058247
      vertex 51.83717285192882 23.38268343236509 -50.34775906502257
    endloop
  endfacet
  facet normal -0.24104106520870006 0.09984247829829969 -0.9653655703464407
    outer loop
      vertex 51.76071237877123 23.198091521082574 -50.34775906502257
      vertex 51.83717285192882 23.38268343236509 -50.34775906502257
      vertex 52.27392200335637 23.130526192220053 -50.48288972274762
    endloop
  endfacet
  facet normal -0.2410410652087001 0.09984247829829897 -0.9653655703464407
    outer loop
      vertex 52.24784275985496 23.067565328862525 -50.48288972274762
      vertex 51.76071237877123 23.198091521082574 -50.34775906502257
      vertex 52.27392200335637 23.130526192220053 -50.48288972274762
    endloop
  endfacet
  facet normal -0.15882644667684553 0.2069866551874723 -0.9653655703464412
    outer loop
      vertex 52.36947380777995 23.22607799664363 -50.48288972274762
      vertex 52.31540808871748 23.184591911282514 -50.48288972274762
      vertex 51.958803899853805 23.5411961001462 -50.34775906502257
    endloop
  endfacet
  facet normal -0.2069866551874749 0.15882644667684384 -0.9653655703464409
    outer loop
      vertex 51.958803899853805 23.5411961001462 -50.34775906502257
      vertex 52.27392200335637 23.130526192220053 -50.48288972274762
      vertex 51.83717285192882 23.38268343236509 -50.34775906502257
    endloop
  endfacet
  facet normal -0.09984247829829307 0.24104106520869947 -0.9653655703464415
    outer loop
      vertex 52.43243467113748 23.25215724014504 -50.48288972274762
      vertex 52.36947380777995 23.22607799664363 -50.48288972274762
      vertex 52.301908478917426 23.739287621228772 -50.34775906502257
    endloop
  endfacet
  facet normal -0.9914448613738108 0.1305261922200473 0
    outer loop
      vertex 50.51711027725238 23 -48.761052384440106
      vertex 50.5846756061149 23.51320962458514 -42.238947615559894
      vertex 50.5846756061149 23.51320962458514 -48.761052384440106
    endloop
  endfacet
  facet normal -0.9914448613738108 0.1305261922200473 0
    outer loop
      vertex 50.51711027725238 23 -48.761052384440106
      vertex 50.51711027725238 23 -42.238947615559894
      vertex 50.5846756061149 23.51320962458514 -42.238947615559894
    endloop
  endfacet
  facet normal -0.6560818900783183 0.2717580168978127 -0.7040625922196333
    outer loop
      vertex 51.323963227343675 23.315118103502567 -50.08670668058247
      vertex 50.96735903847999 23.410669907926145 -49.71752285801744
      vertex 51.44559427526866 23.60876142900872 -50.08670668058247
    endloop
  endfacet
  facet normal -0.6560818900783186 0.2717580168978181 -0.704062592219631
    outer loop
      vertex 51.1258717062611 23.793353340291237 -49.71752285801744
      vertex 51.44559427526866 23.60876142900872 -50.08670668058247
      vertex 50.96735903847999 23.410669907926145 -49.71752285801744
    endloop
  endfacet
  facet normal -0.8018125360509172 0.33212162691306135 -0.4967815233764415
    outer loop
      vertex 51.1258717062611 23.793353340291237 -49.71752285801744
      vertex 50.96735903847999 23.410669907926145 -49.71752285801744
      vertex 50.71520179833495 23.47823523678867 -49.26536686473018
    endloop
  endfacet
  facet normal -0.8018125360509173 0.3321216269130623 -0.496781523376441
    outer loop
      vertex 51.1258717062611 23.793353340291237 -49.71752285801744
      vertex 50.71520179833495 23.47823523678867 -49.26536686473018
      vertex 50.89979370961747 23.923879532511286 -49.26536686473018
    endloop
  endfacet
  facet normal -0.8929087705806807 0.3698549227364113 -0.256751365230529
    outer loop
      vertex 50.71520179833495 23.47823523678867 -49.26536686473018
      vertex 50.5846756061149 23.51320962458514 -48.761052384440106
      vertex 50.89979370961747 23.923879532511286 -49.26536686473018
    endloop
  endfacet
  facet normal -0.8929087705806803 0.3698549227364147 -0.25675136523052583
    outer loop
      vertex 50.78276712719748 23.99144486137381 -48.761052384440106
      vertex 50.89979370961747 23.923879532511286 -49.26536686473018
      vertex 50.5846756061149 23.51320962458514 -48.761052384440106
    endloop
  endfacet
  facet normal -0.6885320340783793 0.5283292118363955 -0.49678152337644627
    outer loop
      vertex 51.1258717062611 23.793353340291237 -49.71752285801744
      vertex 51.19343703512362 24.306562964876377 -49.26536686473018
      vertex 51.37802894640614 24.12197105359386 -49.71752285801744
    endloop
  endfacet
  facet normal -0.7667581440948027 0.5883542172165968 -0.25675136523052666
    outer loop
      vertex 50.78276712719748 23.99144486137381 -48.761052384440106
      vertex 51.097885230700044 24.402114769299956 -48.761052384440106
      vertex 50.89979370961747 23.923879532511286 -49.26536686473018
    endloop
  endfacet
  facet normal -0.7667581440948026 0.5883542172165971 -0.25675136523052694
    outer loop
      vertex 51.19343703512362 24.306562964876377 -49.26536686473018
      vertex 50.89979370961747 23.923879532511286 -49.26536686473018
      vertex 51.097885230700044 24.402114769299956 -48.761052384440106
    endloop
  endfacet
  facet normal -0.46491964458041746 0.19257602219888734 -0.8641551942546385
    outer loop
      vertex 51.83717285192882 23.38268343236509 -50.34775906502257
      vertex 51.323963227343675 23.315118103502567 -50.08670668058247
      vertex 51.44559427526866 23.60876142900872 -50.08670668058247
    endloop
  endfacet
  facet normal -0.39923554967420377 0.30634421182562765 -0.8641551942546382
    outer loop
      vertex 51.44559427526866 23.60876142900872 -50.08670668058247
      vertex 51.63908133084624 23.860918669153758 -50.08670668058247
      vertex 51.83717285192882 23.38268343236509 -50.34775906502257
    endloop
  endfacet
  facet normal -0.3992355496742023 0.30634421182562843 -0.8641551942546385
    outer loop
      vertex 51.958803899853805 23.5411961001462 -50.34775906502257
      vertex 51.83717285192882 23.38268343236509 -50.34775906502257
      vertex 51.63908133084624 23.860918669153758 -50.08670668058247
    endloop
  endfacet
  facet normal -0.3063442118256331 0.3992355496741995 -0.8641551942546382
    outer loop
      vertex 51.958803899853805 23.5411961001462 -50.34775906502257
      vertex 51.63908133084624 23.860918669153758 -50.08670668058247
      vertex 52.11731656763491 23.662827148071184 -50.34775906502257
    endloop
  endfacet
  facet normal -0.15882644667684545 0.2069866551874723 -0.965365570346441
    outer loop
      vertex 52.36947380777995 23.22607799664363 -50.48288972274762
      vertex 51.958803899853805 23.5411961001462 -50.34775906502257
      vertex 52.11731656763491 23.662827148071184 -50.34775906502257
    endloop
  endfacet
  facet normal -0.09984247829829909 0.2410410652086986 -0.9653655703464411
    outer loop
      vertex 52.301908478917426 23.739287621228772 -50.34775906502257
      vertex 52.36947380777995 23.22607799664363 -50.48288972274762
      vertex 52.11731656763491 23.662827148071184 -50.34775906502257
    endloop
  endfacet
  facet normal -0.0340544100212207 0.2586689249751435 -0.9653655703464414
    outer loop
      vertex 52.5 23.76536686473018 -50.34775906502257
      vertex 52.5 23.261052384440102 -50.48288972274762
      vertex 52.43243467113748 23.25215724014504 -50.48288972274762
    endloop
  endfacet
  facet normal -0.03405441002122388 0.2586689249751438 -0.9653655703464411
    outer loop
      vertex 52.5 23.76536686473018 -50.34775906502257
      vertex 52.43243467113748 23.25215724014504 -50.48288972274762
      vertex 52.301908478917426 23.739287621228772 -50.34775906502257
    endloop
  endfacet
  facet normal -0.30634421182563176 0.39923554967420183 -0.8641551942546376
    outer loop
      vertex 51.89123857099128 24.05440572473134 -50.08670668058247
      vertex 52.11731656763491 23.662827148071184 -50.34775906502257
      vertex 51.63908133084624 23.860918669153758 -50.08670668058247
    endloop
  endfacet
  facet normal -0.43230457532183103 0.5633902913547489 -0.7040625922196282
    outer loop
      vertex 51.63908133084624 23.860918669153758 -50.08670668058247
      vertex 51.37802894640614 24.12197105359386 -49.71752285801744
      vertex 51.89123857099128 24.05440572473134 -50.08670668058247
    endloop
  endfacet
  facet normal -0.19257602219888614 0.4649196445804199 -0.8641551942546374
    outer loop
      vertex 52.11731656763491 23.662827148071184 -50.34775906502257
      vertex 51.89123857099128 24.05440572473134 -50.08670668058247
      vertex 52.301908478917426 23.739287621228772 -50.34775906502257
    endloop
  endfacet
  facet normal -0.19257602219888442 0.46491964458042173 -0.8641551942546368
    outer loop
      vertex 51.89123857099128 24.05440572473134 -50.08670668058247
      vertex 52.18488189649744 24.176036772656325 -50.08670668058247
      vertex 52.301908478917426 23.739287621228772 -50.34775906502257
    endloop
  endfacet
  facet normal -0.0656840949062149 0.49892023402451824 -0.864155194254638
    outer loop
      vertex 52.5 24.217522858017443 -50.08670668058247
      vertex 52.5 23.76536686473018 -50.34775906502257
      vertex 52.301908478917426 23.739287621228772 -50.34775906502257
    endloop
  endfacet
  facet normal -0.06568409490621949 0.4989202340245195 -0.864155194254637
    outer loop
      vertex 52.301908478917426 23.739287621228772 -50.34775906502257
      vertex 52.18488189649744 24.176036772656325 -50.08670668058247
      vertex 52.5 24.217522858017443 -50.08670668058247
    endloop
  endfacet
  facet normal -0.2717580168978233 0.6560818900783191 -0.7040625922196285
    outer loop
      vertex 51.89123857099128 24.05440572473134 -50.08670668058247
      vertex 51.70664665970877 24.3741282937389 -49.71752285801744
      vertex 52.08933009207385 24.53264096152001 -49.71752285801744
    endloop
  endfacet
  facet normal -0.27175801689780593 0.6560818900783177 -0.7040625922196363
    outer loop
      vertex 51.89123857099128 24.05440572473134 -50.08670668058247
      vertex 52.08933009207385 24.53264096152001 -49.71752285801744
      vertex 52.18488189649744 24.176036772656325 -50.08670668058247
    endloop
  endfacet
  facet normal -0.09269159872357634 0.7040625922196377 -0.7040625922196346
    outer loop
      vertex 52.5 24.217522858017443 -50.08670668058247
      vertex 52.18488189649744 24.176036772656325 -50.08670668058247
      vertex 52.08933009207385 24.53264096152001 -49.71752285801744
    endloop
  endfacet
  facet normal -0.09269159872356772 0.7040625922196436 -0.70406259221963
    outer loop
      vertex 52.5 24.217522858017443 -50.08670668058247
      vertex 52.08933009207385 24.53264096152001 -49.71752285801744
      vertex 52.5 24.58670668058247 -49.71752285801744
    endloop
  endfacet
  facet normal -0.528329211836392 0.6885320340783821 -0.4967815233764461
    outer loop
      vertex 51.37802894640614 24.12197105359386 -49.71752285801744
      vertex 51.19343703512362 24.306562964876377 -49.26536686473018
      vertex 51.70664665970877 24.3741282937389 -49.71752285801744
    endloop
  endfacet
  facet normal -0.5283292118363898 0.688532034078386 -0.496781523376443
    outer loop
      vertex 51.70664665970877 24.3741282937389 -49.71752285801744
      vertex 51.19343703512362 24.306562964876377 -49.26536686473018
      vertex 51.576120467488714 24.60020629038253 -49.26536686473018
    endloop
  endfacet
  facet normal -0.3321216269130663 0.8018125360509141 -0.4967815233764431
    outer loop
      vertex 51.70664665970877 24.3741282937389 -49.71752285801744
      vertex 51.576120467488714 24.60020629038253 -49.26536686473018
      vertex 52.08933009207385 24.53264096152001 -49.71752285801744
    endloop
  endfacet
  facet normal -0.5883542172165969 0.7667581440948024 -0.2567513652305279
    outer loop
      vertex 51.50855513862619 24.717232872802523 -48.761052384440106
      vertex 51.576120467488714 24.60020629038253 -49.26536686473018
      vertex 51.19343703512362 24.306562964876377 -49.26536686473018
    endloop
  endfacet
  facet normal -0.33212162691305813 0.8018125360509226 -0.49678152337643505
    outer loop
      vertex 52.08933009207385 24.53264096152001 -49.71752285801744
      vertex 51.576120467488714 24.60020629038253 -49.26536686473018
      vertex 52.02176476321133 24.784798201665044 -49.26536686473018
    endloop
  endfacet
  facet normal -0.3698549227364078 0.8929087705806823 -0.2567513652305291
    outer loop
      vertex 51.50855513862619 24.717232872802523 -48.761052384440106
      vertex 51.986790375414856 24.915324393885097 -48.761052384440106
      vertex 51.576120467488714 24.60020629038253 -49.26536686473018
    endloop
  endfacet
  facet normal -0.3698549227364049 0.8929087705806825 -0.2567513652305316
    outer loop
      vertex 52.02176476321133 24.784798201665044 -49.26536686473018
      vertex 51.576120467488714 24.60020629038253 -49.26536686473018
      vertex 51.986790375414856 24.915324393885097 -48.761052384440106
    endloop
  endfacet
  facet normal -0.11328050197252937 0.860450838749452 -0.49678152337643966
    outer loop
      vertex 52.5 24.58670668058247 -49.71752285801744
      vertex 52.08933009207385 24.53264096152001 -49.71752285801744
      vertex 52.5 24.847759065022572 -49.26536686473018
    endloop
  endfacet
  facet normal -0.11328050197253504 0.8604508387494537 -0.49678152337643555
    outer loop
      vertex 52.08933009207385 24.53264096152001 -49.71752285801744
      vertex 52.02176476321133 24.784798201665044 -49.26536686473018
      vertex 52.5 24.847759065022572 -49.26536686473018
    endloop
  endfacet
  facet normal -0.12615062648588346 0.9582091399530046 -0.2567513652305325
    outer loop
      vertex 52.5 24.982889722747622 -48.761052384440106
      vertex 52.5 24.847759065022572 -49.26536686473018
      vertex 52.02176476321133 24.784798201665044 -49.26536686473018
    endloop
  endfacet
  facet normal -0.12615062648588515 0.9582091399530048 -0.256751365230531
    outer loop
      vertex 52.02176476321133 24.784798201665044 -49.26536686473018
      vertex 51.986790375414856 24.915324393885097 -48.761052384440106
      vertex 52.5 24.982889722747622 -48.761052384440106
    endloop
  endfacet
  facet normal -0.923879532511283 0.38268343236509905 0
    outer loop
      vertex 50.5846756061149 23.51320962458514 -48.761052384440106
      vertex 50.5846756061149 23.51320962458514 -42.238947615559894
      vertex 50.78276712719748 23.99144486137381 -48.761052384440106
    endloop
  endfacet
  facet normal -0.923879532511283 0.38268343236509905 0
    outer loop
      vertex 50.5846756061149 23.51320962458514 -42.238947615559894
      vertex 50.78276712719748 23.99144486137381 -42.238947615559894
      vertex 50.78276712719748 23.99144486137381 -48.761052384440106
    endloop
  endfacet
  facet normal -0.793353340291238 0.6087614290087169 0
    outer loop
      vertex 50.78276712719748 23.99144486137381 -42.238947615559894
      vertex 51.097885230700044 24.402114769299956 -42.238947615559894
      vertex 50.78276712719748 23.99144486137381 -48.761052384440106
    endloop
  endfacet
  facet normal -0.793353340291238 0.6087614290087169 0
    outer loop
      vertex 51.097885230700044 24.402114769299956 -48.761052384440106
      vertex 50.78276712719748 23.99144486137381 -48.761052384440106
      vertex 51.097885230700044 24.402114769299956 -42.238947615559894
    endloop
  endfacet
  facet normal -0.6087614290087179 0.7933533402912373 0
    outer loop
      vertex 51.097885230700044 24.402114769299956 -48.761052384440106
      vertex 51.097885230700044 24.402114769299956 -42.238947615559894
      vertex 51.50855513862619 24.717232872802523 -48.761052384440106
    endloop
  endfacet
  facet normal -0.38268343236509217 0.9238795325112859 0
    outer loop
      vertex 51.986790375414856 24.915324393885097 -48.761052384440106
      vertex 51.50855513862619 24.717232872802523 -48.761052384440106
      vertex 51.986790375414856 24.915324393885097 -42.238947615559894
    endloop
  endfacet
  facet normal -0.13052619222005316 0.9914448613738102 0
    outer loop
      vertex 51.986790375414856 24.915324393885097 -48.761052384440106
      vertex 51.986790375414856 24.915324393885097 -42.238947615559894
      vertex 52.5 24.982889722747622 -48.761052384440106
    endloop
  endfacet
  facet normal -0.6087614290087179 0.7933533402912373 0
    outer loop
      vertex 51.097885230700044 24.402114769299956 -42.238947615559894
      vertex 51.50855513862619 24.717232872802523 -42.238947615559894
      vertex 51.50855513862619 24.717232872802523 -48.761052384440106
    endloop
  endfacet
  facet normal -0.38268343236509217 0.9238795325112859 0
    outer loop
      vertex 51.50855513862619 24.717232872802523 -42.238947615559894
      vertex 51.986790375414856 24.915324393885097 -42.238947615559894
      vertex 51.50855513862619 24.717232872802523 -48.761052384440106
    endloop
  endfacet
  facet normal -0.13052619222005316 0.9914448613738102 0
    outer loop
      vertex 52.5 24.982889722747622 -48.761052384440106
      vertex 51.986790375414856 24.915324393885097 -42.238947615559894
      vertex 52.5 24.982889722747622 -42.238947615559894
    endloop
  endfacet
  facet normal 0 0 -1
    outer loop
      vertex 58.5 23.261052384440102 -50.48288972274762
      vertex 52.51928120286064 23.25121871376909 -50.48288972274762
      vertex 52.5 23.261052384440102 -50.48288972274762
    endloop
  endfacet
  facet normal 0 0.5000000000000346 -0.8660254037844187
    outer loop
      vertex 58.5 23.76536686473018 -50.34775906502257
      vertex 52.5 23.76536686473018 -50.34775906502257
      vertex 57.75000000000001 23.821886363891085 -50.31512751696756
    endloop
  endfacet
  facet normal 0 0.4999999999999861 -0.8660254037844467
    outer loop
      vertex 57.75000000000001 23.821886363891085 -50.31512751696756
      vertex 52.5 24.217522858017443 -50.08670668058247
      vertex 58.5 24.217522858017443 -50.08670668058247
    endloop
  endfacet
  facet normal 0 0.7071067811865516 -0.7071067811865436
    outer loop
      vertex 52.5 24.217522858017443 -50.08670668058247
      vertex 58.5 24.533966134501753 -49.77026340409816
      vertex 58.5 24.217522858017443 -50.08670668058247
    endloop
  endfacet
  facet normal 0 1 0
    outer loop
      vertex 52.5 24.982889722747622 -48.761052384440106
      vertex 52.5 24.982889722747622 -42.238947615559894
      vertex 58.5 24.982889722747622 -42.238947615559894
    endloop
  endfacet
  facet normal 0 0.8660254037844367 -0.5000000000000031
    outer loop
      vertex 52.5 24.847759065022572 -49.26536686473018
      vertex 88.5 24.847759065022572 -49.26536686473018
      vertex 52.5 24.58670668058247 -49.71752285801744
    endloop
  endfacet
  facet normal 0 0.9659258262890672 -0.2588190451025248
    outer loop
      vertex 52.5 24.982889722747622 -48.761052384440106
      vertex 88.5 24.982889722747622 -48.761052384440106
      vertex 52.5 24.847759065022572 -49.26536686473018
    endloop
  endfacet
  facet normal 0 0 -1
    outer loop
      vertex 58.5 23.261052384440102 -50.48288972274762
      vertex 88.5 23.261052384440102 -50.48288972274762
      vertex 52.51928120286064 23.25121871376909 -50.48288972274762
    endloop
  endfacet
  facet normal -4.027063584213172e-17 0.25881904510252435 -0.9659258262890674
    outer loop
      vertex 58.5 23.261052384440102 -50.48288972274762
      vertex 52.5 23.76536686473018 -50.34775906502257
      vertex 88.5 23.33309731019583 -50.463585343072616
    endloop
  endfacet
  facet normal 0 0.2588190451025275 -0.9659258262890665
    outer loop
      vertex 58.5 23.76536686473018 -50.34775906502257
      vertex 88.5 23.33309731019583 -50.463585343072616
      vertex 52.5 23.76536686473018 -50.34775906502257
    endloop
  endfacet
  facet normal 0 0.7071067811865714 -0.7071067811865238
    outer loop
      vertex 52.5 24.58670668058247 -49.71752285801744
      vertex 88.5 24.58670668058247 -49.71752285801744
      vertex 58.5 24.533966134501753 -49.77026340409816
    endloop
  endfacet
  facet normal 0 0.49999999999999223 -0.8660254037844433
    outer loop
      vertex 58.5 24.217522858017443 -50.08670668058247
      vertex 94.5 24.217522858017443 -50.08670668058247
      vertex 58.5 23.76536686473018 -50.34775906502257
    endloop
  endfacet
  facet normal 0 0.7071067811865515 -0.7071067811865435
    outer loop
      vertex 58.5 24.217522858017443 -50.08670668058247
      vertex 58.5 24.533966134501753 -49.77026340409816
      vertex 94.5 24.217522858017443 -50.08670668058247
    endloop
  endfacet
  facet normal 0 1 0
    outer loop
      vertex 88.5 24.982889722747622 -42.238947615559894
      vertex 52.5 24.982889722747622 -48.761052384440106
      vertex 58.5 24.982889722747622 -42.238947615559894
    endloop
  endfacet
  facet normal 0 0 1
    outer loop
      vertex 60.48288972274762 23 -40.51711027725238
      vertex 86.51711027725239 23 -40.51711027725238
      vertex 60.448521524334936 23.261052384440102 -40.51711027725238
    endloop
  endfacet
  facet normal 0 0.2588190451025121 0.9659258262890706
    outer loop
      vertex 86.55147847566506 23.261052384440102 -40.51711027725238
      vertex 60.4153243938851 23.51320962458514 -40.5846756061149
      vertex 60.448521524334936 23.261052384440102 -40.51711027725238
    endloop
  endfacet
  facet normal 0 0.7071067811865543 0.7071067811865408
    outer loop
      vertex 59.902114769299956 24.402114769299956 -41.097885230700044
      vertex 86.95624287541035 24.217522858017443 -40.91329331941753
      vertex 59.66154990689533 24.58670668058247 -41.28247714198256
    endloop
  endfacet
  facet normal 0 0.9659258262890672 0.2588190451025248
    outer loop
      vertex 59.013209624585144 24.915324393885097 -41.986790375414856
      vertex 59.17632675787125 24.847759065022572 -41.73463313526982
      vertex 87.82367324212875 24.847759065022572 -41.73463313526982
    endloop
  endfacet
  facet normal 0 0.9659258262890672 0.2588190451025248
    outer loop
      vertex 59.013209624585144 24.915324393885097 -41.986790375414856
      vertex 88.5 24.982889722747622 -42.238947615559894
      vertex 58.5 24.982889722747622 -42.238947615559894
    endloop
  endfacet
  facet normal -1.737797257260616e-17 0.8660254037844364 0.500000000000004
    outer loop
      vertex 59.49144486137381 24.717232872802523 -41.50855513862619
      vertex 87.33845009310467 24.58670668058247 -41.28247714198256
      vertex 59.17632675787125 24.847759065022572 -41.73463313526982
    endloop
  endfacet
  facet normal 0 0.8660254037844372 0.5000000000000023
    outer loop
      vertex 59.49144486137381 24.717232872802523 -41.50855513862619
      vertex 59.66154990689533 24.58670668058247 -41.28247714198256
      vertex 87.33845009310467 24.58670668058247 -41.28247714198256
    endloop
  endfacet
  facet normal 0 0.2588190451025375 0.9659258262890638
    outer loop
      vertex 60.4153243938851 23.51320962458514 -40.5846756061149
      vertex 86.68912255483355 23.76536686473018 -40.65224093497743
      vertex 60.310877445166454 23.76536686473018 -40.65224093497743
    endloop
  endfacet
  facet normal 0 0.5000000000000023 0.8660254037844373
    outer loop
      vertex 60.21723287280252 23.99144486137381 -40.78276712719748
      vertex 60.310877445166454 23.76536686473018 -40.65224093497743
      vertex 86.68912255483355 23.76536686473018 -40.65224093497743
    endloop
  endfacet
  facet normal 0 0.49999999999998196 0.866025403784449
    outer loop
      vertex 60.21723287280252 23.99144486137381 -40.78276712719748
      vertex 86.95624287541035 24.217522858017443 -40.91329331941753
      vertex 60.043757124589646 24.217522858017443 -40.91329331941753
    endloop
  endfacet
  facet normal 0 0.7071067811865542 0.7071067811865407
    outer loop
      vertex 59.902114769299956 24.402114769299956 -41.097885230700044
      vertex 60.043757124589646 24.217522858017443 -40.91329331941753
      vertex 86.95624287541035 24.217522858017443 -40.91329331941753
    endloop
  endfacet
  facet normal 0 0 -1
    outer loop
      vertex 52.51928120286064 23.25121871376909 -50.48288972274762
      vertex 94.5 23.261052384440102 -50.48288972274762
      vertex 94.63052619222005 1.7739220033563692 -50.48288972274762
    endloop
  endfacet
  facet normal 0 0 1
    outer loop
      vertex 86.51711027725239 2 -40.51711027725238
      vertex 86.51711027725239 23 -40.51711027725238
      vertex 60.48288972274762 23 -40.51711027725238
    endloop
  endfacet
  facet normal 0 0 -1
    outer loop
      vertex 94.7610523844401 23 -50.48288972274762
      vertex 94.68461644304827 1.8280122541845942 -50.48288972274762
      vertex 94.75196502378596 23.03391449166796 -50.48288972274762
    endloop
  endfacet
  facet normal 0 0 -1
    outer loop
      vertex 94.72607799664362 23.130526192220053 -50.48288972274762
      vertex 94.75196502378596 23.03391449166796 -50.48288972274762
      vertex 94.68461644304827 1.8280122541845942 -50.48288972274762
    endloop
  endfacet
  facet normal 0 0 -1
    outer loop
      vertex 94.63052619222005 23.22607799664363 -50.48288972274762
      vertex 94.63052619222005 1.7739220033563692 -50.48288972274762
      vertex 94.5 23.261052384440102 -50.48288972274762
    endloop
  endfacet
  facet normal 0 0 -1
    outer loop
      vertex 94.72607799664362 23.130526192220053 -50.48288972274762
      vertex 94.63052619222005 1.7739220033563692 -50.48288972274762
      vertex 94.63052619222005 23.22607799664363 -50.48288972274762
    endloop
  endfacet
  facet normal 0.9659258262890706 0 -0.25881904510251214
    outer loop
      vertex 96.48288972274761 23 -48.761052384440106
      vertex 96.34775906502257 2 -49.26536686473018
      vertex 96.34775906502257 23 -49.26536686473018
    endloop
  endfacet
  facet normal 0 0.8660254037844358 -0.5000000000000049
    outer loop
      vertex 88.5 24.58670668058247 -49.71752285801744
      vertex 52.5 24.58670668058247 -49.71752285801744
      vertex 88.5 24.810465867245416 -49.329960578056934
    endloop
  endfacet
  facet normal -1.7055798709609057e-16 0.8660254037844427 -0.49999999999999295
    outer loop
      vertex 88.5 24.847759065022572 -49.26536686473018
      vertex 88.5 24.810465867245416 -49.329960578056934
      vertex 52.5 24.58670668058247 -49.71752285801744
    endloop
  endfacet
  facet normal 0 0.9659258262890672 -0.2588190451025248
    outer loop
      vertex 88.5 24.847759065022572 -49.26536686473018
      vertex 52.5 24.847759065022572 -49.26536686473018
      vertex 88.5 24.982889722747622 -48.761052384440106
    endloop
  endfacet
  facet normal 0 0 -1
    outer loop
      vertex 52.51928120286064 23.25121871376909 -50.48288972274762
      vertex 88.5 23.261052384440102 -50.48288972274762
      vertex 94.5 23.261052384440102 -50.48288972274762
    endloop
  endfacet
  facet normal 0 0.2588190451025087 -0.9659258262890715
    outer loop
      vertex 58.5 23.261052384440102 -50.48288972274762
      vertex 88.5 23.33309731019583 -50.463585343072616
      vertex 88.5 23.261052384440102 -50.48288972274762
    endloop
  endfacet
  facet normal 0 0.25881904510252746 -0.9659258262890664
    outer loop
      vertex 88.5 23.33309731019583 -50.463585343072616
      vertex 58.5 23.76536686473018 -50.34775906502257
      vertex 94.5 23.76536686473018 -50.34775906502257
    endloop
  endfacet
  facet normal 0 0.7071067811865713 -0.7071067811865237
    outer loop
      vertex 58.5 24.533966134501753 -49.77026340409816
      vertex 88.5 24.58670668058247 -49.71752285801744
      vertex 94.5 24.58670668058247 -49.71752285801744
    endloop
  endfacet
  facet normal 0 0.49999999999999223 -0.8660254037844433
    outer loop
      vertex 94.5 23.76536686473018 -50.34775906502257
      vertex 58.5 23.76536686473018 -50.34775906502257
      vertex 94.5 24.217522858017443 -50.08670668058247
    endloop
  endfacet
  facet normal 4.9838372852752666e-17 0.7071067811865543 -0.7071067811865407
    outer loop
      vertex 58.5 24.533966134501753 -49.77026340409816
      vertex 94.5 24.58670668058247 -49.71752285801744
      vertex 94.5 24.217522858017443 -50.08670668058247
    endloop
  endfacet
  facet normal 0 1 0
    outer loop
      vertex 88.5 24.982889722747622 -48.761052384440106
      vertex 52.5 24.982889722747622 -48.761052384440106
      vertex 94.5 24.982889722747622 -42.238947615559894
    endloop
  endfacet
  facet normal 0 1 0
    outer loop
      vertex 52.5 24.982889722747622 -48.761052384440106
      vertex 88.5 24.982889722747622 -42.238947615559894
      vertex 94.5 24.982889722747622 -42.238947615559894
    endloop
  endfacet
  facet normal 0 0 1
    outer loop
      vertex 60.448521524334936 23.261052384440102 -40.51711027725238
      vertex 86.51711027725239 23 -40.51711027725238
      vertex 86.55147847566506 23.261052384440102 -40.51711027725238
    endloop
  endfacet
  facet normal 0 0.7071067811865543 0.7071067811865407
    outer loop
      vertex 87.09788523070004 24.402114769299956 -41.097885230700044
      vertex 59.66154990689533 24.58670668058247 -41.28247714198256
      vertex 86.95624287541035 24.217522858017443 -40.91329331941753
    endloop
  endfacet
  facet normal 0 0.7071067811865542 0.7071067811865408
    outer loop
      vertex 87.09788523070004 24.402114769299956 -41.097885230700044
      vertex 87.33845009310467 24.58670668058247 -41.28247714198256
      vertex 59.66154990689533 24.58670668058247 -41.28247714198256
    endloop
  endfacet
  facet normal 0 0.9659258262890672 0.2588190451025248
    outer loop
      vertex 87.98679037541486 24.915324393885097 -41.986790375414856
      vertex 59.013209624585144 24.915324393885097 -41.986790375414856
      vertex 87.82367324212875 24.847759065022572 -41.73463313526982
    endloop
  endfacet
  facet normal 1.6786288063886767e-17 0.8660254037844373 0.5000000000000024
    outer loop
      vertex 87.50855513862619 24.717232872802523 -41.50855513862619
      vertex 59.17632675787125 24.847759065022572 -41.73463313526982
      vertex 87.33845009310467 24.58670668058247 -41.28247714198256
    endloop
  endfacet
  facet normal 0 0.8660254037844363 0.500000000000004
    outer loop
      vertex 87.50855513862619 24.717232872802523 -41.50855513862619
      vertex 87.82367324212875 24.847759065022572 -41.73463313526982
      vertex 59.17632675787125 24.847759065022572 -41.73463313526982
    endloop
  endfacet
  facet normal 2.625609737733362e-16 0.25881904510253745 0.9659258262890639
    outer loop
      vertex 86.55147847566506 23.261052384440102 -40.51711027725238
      vertex 86.5846756061149 23.51320962458514 -40.58467560611491
      vertex 60.4153243938851 23.51320962458514 -40.5846756061149
    endloop
  endfacet
  facet normal 2.6226541635928145e-16 0.25881904510251197 0.9659258262890706
    outer loop
      vertex 86.5846756061149 23.51320962458514 -40.58467560611491
      vertex 86.68912255483355 23.76536686473018 -40.65224093497743
      vertex 60.4153243938851 23.51320962458514 -40.5846756061149
    endloop
  endfacet
  facet normal -2.3163398625832105e-16 0.499999999999982 0.866025403784449
    outer loop
      vertex 86.78276712719747 23.99144486137381 -40.782767127197474
      vertex 60.21723287280252 23.99144486137381 -40.78276712719748
      vertex 86.68912255483355 23.76536686473018 -40.65224093497743
    endloop
  endfacet
  facet normal -2.316339862583179e-16 0.5000000000000024 0.8660254037844372
    outer loop
      vertex 60.21723287280252 23.99144486137381 -40.78276712719748
      vertex 86.78276712719747 23.99144486137381 -40.782767127197474
      vertex 86.95624287541035 24.217522858017443 -40.91329331941753
    endloop
  endfacet
  facet normal 0 0.9659258262890672 0.2588190451025248
    outer loop
      vertex 59.013209624585144 24.915324393885097 -41.986790375414856
      vertex 87.98679037541486 24.915324393885097 -41.986790375414856
      vertex 88.5 24.982889722747622 -42.238947615559894
    endloop
  endfacet
  facet normal 0.4999999999999921 6.316024902482219e-16 -0.8660254037844431
    outer loop
      vertex 95.71752285801745 23 -50.08670668058247
      vertex 95.49144486137382 12.5 -50.217232872802526
      vertex 95.26536686473018 23 -50.34775906502257
    endloop
  endfacet
  facet normal 0.7071067811865612 0 -0.707106781186534
    outer loop
      vertex 96.08670668058247 23 -49.71752285801744
      vertex 95.90211476929996 12.5 -49.902114769299956
      vertex 95.71752285801745 23 -50.08670668058247
    endloop
  endfacet
  facet normal 0.8660254037844338 4.1706016139637303e-16 -0.5000000000000082
    outer loop
      vertex 96.21723287280253 12.5 -49.49144486137381
      vertex 96.08670668058247 23 -49.71752285801744
      vertex 96.34775906502257 23 -49.26536686473018
    endloop
  endfacet
  facet normal 0.2586689249751433 0.03405441002123226 -0.9653655703464411
    outer loop
      vertex 95.26536686473018 23 -50.34775906502257
      vertex 94.7610523844401 23 -50.48288972274762
      vertex 94.75215724014504 23.067565328862525 -50.48288972274762
    endloop
  endfacet
  facet normal 0 0 -1
    outer loop
      vertex 94.7610523844401 23 -50.48288972274762
      vertex 94.75196502378596 23.03391449166796 -50.48288972274762
      vertex 94.75215724014504 23.067565328862525 -50.48288972274762
    endloop
  endfacet
  facet normal 0 0 -1
    outer loop
      vertex 94.72607799664362 23.130526192220053 -50.48288972274762
      vertex 94.63052619222005 23.22607799664363 -50.48288972274762
      vertex 94.68459191128251 23.184591911282514 -50.48288972274762
    endloop
  endfacet
  facet normal 0.24104106520868201 0.09984247829831867 -0.9653655703464433
    outer loop
      vertex 94.75215724014504 23.067565328862525 -50.48288972274762
      vertex 94.72607799664362 23.130526192220053 -50.48288972274762
      vertex 95.16282714807119 23.38268343236509 -50.34775906502257
    endloop
  endfacet
  facet normal 0 0 -1
    outer loop
      vertex 94.5 23.261052384440102 -50.48288972274762
      vertex 94.56756532886253 23.25215724014504 -50.48288972274762
      vertex 94.63052619222005 23.22607799664363 -50.48288972274762
    endloop
  endfacet
  facet normal 0.15882644667684423 0.2069866551874706 -0.9653655703464417
    outer loop
      vertex 94.63052619222005 23.22607799664363 -50.48288972274762
      vertex 95.0411961001462 23.5411961001462 -50.34775906502257
      vertex 94.68459191128251 23.184591911282514 -50.48288972274762
    endloop
  endfacet
  facet normal 0.20698665518747036 0.15882644667684098 -0.9653655703464422
    outer loop
      vertex 95.16282714807119 23.38268343236509 -50.34775906502257
      vertex 94.72607799664362 23.130526192220053 -50.48288972274762
      vertex 94.68459191128251 23.184591911282514 -50.48288972274762
    endloop
  endfacet
  facet normal 0.09984247829831217 0.24104106520869115 -0.9653655703464417
    outer loop
      vertex 94.56756532886253 23.25215724014504 -50.48288972274762
      vertex 94.88268343236508 23.662827148071184 -50.34775906502257
      vertex 94.63052619222005 23.22607799664363 -50.48288972274762
    endloop
  endfacet
  facet normal 0.20698665518746748 0.1588264466768474 -0.9653655703464418
    outer loop
      vertex 95.16282714807119 23.38268343236509 -50.34775906502257
      vertex 94.68459191128251 23.184591911282514 -50.48288972274762
      vertex 95.0411961001462 23.5411961001462 -50.34775906502257
    endloop
  endfacet
  facet normal 0.24104106520870228 0.09984247829829135 -0.965365570346441
    outer loop
      vertex 95.23928762122877 23.198091521082574 -50.34775906502257
      vertex 94.75215724014504 23.067565328862525 -50.48288972274762
      vertex 95.16282714807119 23.38268343236509 -50.34775906502257
    endloop
  endfacet
  facet normal 0.4989202340245183 0.06568409490621292 -0.8641551942546382
    outer loop
      vertex 95.71752285801745 23 -50.08670668058247
      vertex 95.26536686473018 23 -50.34775906502257
      vertex 95.67603677265633 23.315118103502567 -50.08670668058247
    endloop
  endfacet
  facet normal 0.49892023402450725 0.06568409490623127 -0.8641551942546432
    outer loop
      vertex 95.67603677265633 23.315118103502567 -50.08670668058247
      vertex 95.26536686473018 23 -50.34775906502257
      vertex 95.23928762122877 23.198091521082574 -50.34775906502257
    endloop
  endfacet
  facet normal 0.7040625922196502 0.092691598723569 -0.7040625922196231
    outer loop
      vertex 96.08670668058247 23 -49.71752285801744
      vertex 95.71752285801745 23 -50.08670668058247
      vertex 95.67603677265633 23.315118103502567 -50.08670668058247
    endloop
  endfacet
  facet normal 0.7040625922196525 0.09269159872357578 -0.70406259221962
    outer loop
      vertex 96.08670668058247 23 -49.71752285801744
      vertex 95.67603677265633 23.315118103502567 -50.08670668058247
      vertex 96.03264096152 23.410669907926145 -49.71752285801744
    endloop
  endfacet
  facet normal 0.8604508387494484 0.11328050197253726 -0.4967815233764443
    outer loop
      vertex 96.34775906502257 23 -49.26536686473018
      vertex 96.08670668058247 23 -49.71752285801744
      vertex 96.03264096152 23.410669907926145 -49.71752285801744
    endloop
  endfacet
  facet normal 0.95820913995301 0.12615062648586683 -0.2567513652305205
    outer loop
      vertex 96.48288972274761 23 -48.761052384440106
      vertex 96.34775906502257 23 -49.26536686473018
      vertex 96.4153243938851 23.51320962458514 -48.761052384440106
    endloop
  endfacet
  facet normal 0.8604508387494495 0.11328050197254096 -0.49678152337644177
    outer loop
      vertex 96.03264096152 23.410669907926145 -49.71752285801744
      vertex 96.28479820166504 23.47823523678867 -49.26536686473018
      vertex 96.34775906502257 23 -49.26536686473018
    endloop
  endfacet
  facet normal 0.958209139953001 0.12615062648589015 -0.256751365230543
    outer loop
      vertex 96.28479820166504 23.47823523678867 -49.26536686473018
      vertex 96.4153243938851 23.51320962458514 -48.761052384440106
      vertex 96.34775906502257 23 -49.26536686473018
    endloop
  endfacet
  facet normal 0.9914448613738127 0.1305261922200338 0
    outer loop
      vertex 96.4153243938851 23.51320962458514 -48.761052384440106
      vertex 96.4153243938851 23.51320962458514 -42.238947615559894
      vertex 96.48288972274761 23 -48.761052384440106
    endloop
  endfacet
  facet normal 0.9914448613738127 0.1305261922200338 0
    outer loop
      vertex 96.48288972274761 23 -48.761052384440106
      vertex 96.4153243938851 23.51320962458514 -42.238947615559894
      vertex 96.48288972274761 23 -42.238947615559894
    endloop
  endfacet
  facet normal 0 0.8660254037844427 -0.499999999999993
    outer loop
      vertex 94.5 24.847759065022572 -49.26536686473018
      vertex 88.5 24.810465867245416 -49.329960578056934
      vertex 88.5 24.847759065022572 -49.26536686473018
    endloop
  endfacet
  facet normal 0 0.9659258262890673 -0.2588190451025248
    outer loop
      vertex 94.5 24.847759065022572 -49.26536686473018
      vertex 88.5 24.982889722747622 -48.761052384440106
      vertex 94.5 24.982889722747622 -48.761052384440106
    endloop
  endfacet
  facet normal 0.034054410021217243 0.2586689249751435 -0.9653655703464415
    outer loop
      vertex 94.56756532886253 23.25215724014504 -50.48288972274762
      vertex 94.5 23.261052384440102 -50.48288972274762
      vertex 94.5 23.76536686473018 -50.34775906502257
    endloop
  endfacet
  facet normal 0.03405441002122394 0.25866892497514427 -0.9653655703464411
    outer loop
      vertex 94.5 23.76536686473018 -50.34775906502257
      vertex 94.69809152108257 23.739287621228772 -50.34775906502257
      vertex 94.56756532886253 23.25215724014504 -50.48288972274762
    endloop
  endfacet
  facet normal 0.15882644667684054 0.20698665518747525 -0.9653655703464413
    outer loop
      vertex 95.0411961001462 23.5411961001462 -50.34775906502257
      vertex 94.63052619222005 23.22607799664363 -50.48288972274762
      vertex 94.88268343236508 23.662827148071184 -50.34775906502257
    endloop
  endfacet
  facet normal 0.09984247829830274 0.24104106520869814 -0.9653655703464409
    outer loop
      vertex 94.88268343236508 23.662827148071184 -50.34775906502257
      vertex 94.56756532886253 23.25215724014504 -50.48288972274762
      vertex 94.69809152108257 23.739287621228772 -50.34775906502257
    endloop
  endfacet
  facet normal 0.19257602219889133 0.4649196445804145 -0.8641551942546392
    outer loop
      vertex 94.88268343236508 23.662827148071184 -50.34775906502257
      vertex 94.69809152108257 23.739287621228772 -50.34775906502257
      vertex 95.10876142900872 24.05440572473134 -50.08670668058247
    endloop
  endfacet
  facet normal 0.19257602219888767 0.46491964458041835 -0.8641551942546379
    outer loop
      vertex 95.10876142900872 24.05440572473134 -50.08670668058247
      vertex 94.69809152108257 23.739287621228772 -50.34775906502257
      vertex 94.81511810350257 24.176036772656325 -50.08670668058247
    endloop
  endfacet
  facet normal 0.39923554967419256 0.3063442118256388 -0.8641551942546393
    outer loop
      vertex 95.36091866915376 23.860918669153758 -50.08670668058247
      vertex 95.16282714807119 23.38268343236509 -50.34775906502257
      vertex 95.0411961001462 23.5411961001462 -50.34775906502257
    endloop
  endfacet
  facet normal 0.3992355496742075 0.3063442118256305 -0.8641551942546354
    outer loop
      vertex 95.55440572473134 23.60876142900872 -50.08670668058247
      vertex 95.16282714807119 23.38268343236509 -50.34775906502257
      vertex 95.36091866915376 23.860918669153758 -50.08670668058247
    endloop
  endfacet
  facet normal 0.6560818900783084 0.2717580168978245 -0.7040625922196379
    outer loop
      vertex 95.55440572473134 23.60876142900872 -50.08670668058247
      vertex 95.8741282937389 23.793353340291237 -49.71752285801744
      vertex 95.67603677265633 23.315118103502567 -50.08670668058247
    endloop
  endfacet
  facet normal 0.3063442118256224 0.3992355496742034 -0.86415519425464
    outer loop
      vertex 95.0411961001462 23.5411961001462 -50.34775906502257
      vertex 94.88268343236508 23.662827148071184 -50.34775906502257
      vertex 95.10876142900872 24.05440572473134 -50.08670668058247
    endloop
  endfacet
  facet normal 0.5633902913547457 0.4323045753218206 -0.7040625922196372
    outer loop
      vertex 95.36091866915376 23.860918669153758 -50.08670668058247
      vertex 95.8741282937389 23.793353340291237 -49.71752285801744
      vertex 95.55440572473134 23.60876142900872 -50.08670668058247
    endloop
  endfacet
  facet normal 0.8018125360509268 0.3321216269130357 -0.4967815233764431
    outer loop
      vertex 96.28479820166504 23.47823523678867 -49.26536686473018
      vertex 96.03264096152 23.410669907926145 -49.71752285801744
      vertex 95.8741282937389 23.793353340291237 -49.71752285801744
    endloop
  endfacet
  facet normal 0.8018125360509271 0.3321216269130536 -0.4967815233764307
    outer loop
      vertex 96.28479820166504 23.47823523678867 -49.26536686473018
      vertex 95.8741282937389 23.793353340291237 -49.71752285801744
      vertex 96.10020629038253 23.923879532511286 -49.26536686473018
    endloop
  endfacet
  facet normal 0.8929087705806827 0.3698549227363978 -0.2567513652305411
    outer loop
      vertex 96.4153243938851 23.51320962458514 -48.761052384440106
      vertex 96.28479820166504 23.47823523678867 -49.26536686473018
      vertex 96.10020629038253 23.923879532511286 -49.26536686473018
    endloop
  endfacet
  facet normal 0.8929087705806821 0.36985492273640214 -0.25675136523053715
    outer loop
      vertex 96.4153243938851 23.51320962458514 -48.761052384440106
      vertex 96.10020629038253 23.923879532511286 -49.26536686473018
      vertex 96.21723287280253 23.99144486137381 -48.761052384440106
    endloop
  endfacet
  facet normal 0.3063442118256313 0.39923554967420116 -0.864155194254638
    outer loop
      vertex 95.0411961001462 23.5411961001462 -50.34775906502257
      vertex 95.10876142900872 24.05440572473134 -50.08670668058247
      vertex 95.36091866915376 23.860918669153758 -50.08670668058247
    endloop
  endfacet
  facet normal 0.43230457532182387 0.563390291354755 -0.7040625922196279
    outer loop
      vertex 95.62197105359387 24.12197105359386 -49.71752285801744
      vertex 95.10876142900872 24.05440572473134 -50.08670668058247
      vertex 95.29335334029123 24.3741282937389 -49.71752285801744
    endloop
  endfacet
  facet normal 0.4323045753218284 0.5633902913547456 -0.7040625922196324
    outer loop
      vertex 95.62197105359387 24.12197105359386 -49.71752285801744
      vertex 95.36091866915376 23.860918669153758 -50.08670668058247
      vertex 95.10876142900872 24.05440572473134 -50.08670668058247
    endloop
  endfacet
  facet normal 0.6885320340783829 0.5283292118363984 -0.4967815233764382
    outer loop
      vertex 95.62197105359387 24.12197105359386 -49.71752285801744
      vertex 95.80656296487638 24.306562964876377 -49.26536686473018
      vertex 95.8741282937389 23.793353340291237 -49.71752285801744
    endloop
  endfacet
  facet normal 0.6885320340783911 0.5283292118363938 -0.4967815233764318
    outer loop
      vertex 96.10020629038253 23.923879532511286 -49.26536686473018
      vertex 95.8741282937389 23.793353340291237 -49.71752285801744
      vertex 95.80656296487638 24.306562964876377 -49.26536686473018
    endloop
  endfacet
  facet normal 0.7667581440948004 0.5883542172165954 -0.25675136523053677
    outer loop
      vertex 96.21723287280253 23.99144486137381 -48.761052384440106
      vertex 96.10020629038253 23.923879532511286 -49.26536686473018
      vertex 95.80656296487638 24.306562964876377 -49.26536686473018
    endloop
  endfacet
  facet normal 0.2717580168978127 0.6560818900783183 -0.7040625922196333
    outer loop
      vertex 95.10876142900872 24.05440572473134 -50.08670668058247
      vertex 94.81511810350257 24.176036772656325 -50.08670668058247
      vertex 94.91066990792615 24.53264096152001 -49.71752285801744
    endloop
  endfacet
  facet normal 0.09269159872356772 0.7040625922196436 -0.70406259221963
    outer loop
      vertex 94.5 24.217522858017443 -50.08670668058247
      vertex 94.5 24.58670668058247 -49.71752285801744
      vertex 94.91066990792615 24.53264096152001 -49.71752285801744
    endloop
  endfacet
  facet normal 0.11328050197252937 0.860450838749452 -0.49678152337643966
    outer loop
      vertex 94.5 24.58670668058247 -49.71752285801744
      vertex 94.5 24.847759065022572 -49.26536686473018
      vertex 94.91066990792615 24.53264096152001 -49.71752285801744
    endloop
  endfacet
  facet normal 0.11328050197253679 0.8604508387494543 -0.4967815233764344
    outer loop
      vertex 94.91066990792615 24.53264096152001 -49.71752285801744
      vertex 94.5 24.847759065022572 -49.26536686473018
      vertex 94.97823523678866 24.784798201665044 -49.26536686473018
    endloop
  endfacet
  facet normal 0.12615062648588538 0.9582091399530045 -0.2567513652305327
    outer loop
      vertex 94.97823523678866 24.784798201665044 -49.26536686473018
      vertex 94.5 24.847759065022572 -49.26536686473018
      vertex 95.01320962458514 24.915324393885097 -48.761052384440106
    endloop
  endfacet
  facet normal 0.27175801689782325 0.6560818900783191 -0.7040625922196285
    outer loop
      vertex 95.29335334029123 24.3741282937389 -49.71752285801744
      vertex 95.10876142900872 24.05440572473134 -50.08670668058247
      vertex 94.91066990792615 24.53264096152001 -49.71752285801744
    endloop
  endfacet
  facet normal 0.5283292118363836 0.688532034078386 -0.49678152337644954
    outer loop
      vertex 95.29335334029123 24.3741282937389 -49.71752285801744
      vertex 95.4238795325113 24.60020629038253 -49.26536686473018
      vertex 95.62197105359387 24.12197105359386 -49.71752285801744
    endloop
  endfacet
  facet normal 0.5283292118363971 0.6885320340783826 -0.49678152337644
    outer loop
      vertex 95.80656296487638 24.306562964876377 -49.26536686473018
      vertex 95.62197105359387 24.12197105359386 -49.71752285801744
      vertex 95.4238795325113 24.60020629038253 -49.26536686473018
    endloop
  endfacet
  facet normal 0.33212162691306535 0.801812536050912 -0.496781523376447
    outer loop
      vertex 95.29335334029123 24.3741282937389 -49.71752285801744
      vertex 94.91066990792615 24.53264096152001 -49.71752285801744
      vertex 95.4238795325113 24.60020629038253 -49.26536686473018
    endloop
  endfacet
  facet normal 0.5883542172166039 0.7667581440947974 -0.25675136523052716
    outer loop
      vertex 95.80656296487638 24.306562964876377 -49.26536686473018
      vertex 95.4238795325113 24.60020629038253 -49.26536686473018
      vertex 95.90211476929996 24.402114769299956 -48.761052384440106
    endloop
  endfacet
  facet normal 0.5883542172165989 0.7667581440948034 -0.25675136523052
    outer loop
      vertex 95.90211476929996 24.402114769299956 -48.761052384440106
      vertex 95.4238795325113 24.60020629038253 -49.26536686473018
      vertex 95.49144486137381 24.717232872802523 -48.761052384440106
    endloop
  endfacet
  facet normal 0.7667581440947963 0.5883542172166051 -0.2567513652305273
    outer loop
      vertex 96.21723287280253 23.99144486137381 -48.761052384440106
      vertex 95.80656296487638 24.306562964876377 -49.26536686473018
      vertex 95.90211476929996 24.402114769299956 -48.761052384440106
    endloop
  endfacet
  facet normal 0.3321216269130497 0.801812536050928 -0.49678152337643167
    outer loop
      vertex 95.4238795325113 24.60020629038253 -49.26536686473018
      vertex 94.91066990792615 24.53264096152001 -49.71752285801744
      vertex 94.97823523678866 24.784798201665044 -49.26536686473018
    endloop
  endfacet
  facet normal 0.3698549227363943 0.8929087705806855 -0.2567513652305368
    outer loop
      vertex 95.4238795325113 24.60020629038253 -49.26536686473018
      vertex 94.97823523678866 24.784798201665044 -49.26536686473018
      vertex 95.01320962458514 24.915324393885097 -48.761052384440106
    endloop
  endfacet
  facet normal 0.36985492273640824 0.8929087705806834 -0.2567513652305242
    outer loop
      vertex 95.49144486137381 24.717232872802523 -48.761052384440106
      vertex 95.4238795325113 24.60020629038253 -49.26536686473018
      vertex 95.01320962458514 24.915324393885097 -48.761052384440106
    endloop
  endfacet
  facet normal 0 1 0
    outer loop
      vertex 88.5 24.982889722747622 -48.761052384440106
      vertex 94.5 24.982889722747622 -42.238947615559894
      vertex 94.5 24.982889722747622 -48.761052384440106
    endloop
  endfacet
  facet normal 0.9238795325112878 0.38268343236508734 0
    outer loop
      vertex 96.21723287280253 23.99144486137381 -48.761052384440106
      vertex 96.21723287280253 23.99144486137381 -42.238947615559894
      vertex 96.4153243938851 23.51320962458514 -48.761052384440106
    endloop
  endfacet
  facet normal 0.9238795325112878 0.38268343236508734 0
    outer loop
      vertex 96.4153243938851 23.51320962458514 -48.761052384440106
      vertex 96.21723287280253 23.99144486137381 -42.238947615559894
      vertex 96.4153243938851 23.51320962458514 -42.238947615559894
    endloop
  endfacet
  facet normal 0.7933533402912315 0.6087614290087255 0
    outer loop
      vertex 96.21723287280253 23.99144486137381 -48.761052384440106
      vertex 95.90211476929996 24.402114769299956 -42.238947615559894
      vertex 96.21723287280253 23.99144486137381 -42.238947615559894
    endloop
  endfacet
  facet normal 0.13052619222005316 0.9914448613738102 0
    outer loop
      vertex 94.5 24.982889722747622 -48.761052384440106
      vertex 95.01320962458514 24.915324393885097 -42.238947615559894
      vertex 95.01320962458514 24.915324393885097 -48.761052384440106
    endloop
  endfacet
  facet normal 0.7933533402912315 0.6087614290087255 0
    outer loop
      vertex 95.90211476929996 24.402114769299956 -48.761052384440106
      vertex 95.90211476929996 24.402114769299956 -42.238947615559894
      vertex 96.21723287280253 23.99144486137381 -48.761052384440106
    endloop
  endfacet
  facet normal 0.38268343236509217 0.9238795325112859 0
    outer loop
      vertex 95.49144486137381 24.717232872802523 -48.761052384440106
      vertex 95.01320962458514 24.915324393885097 -48.761052384440106
      vertex 95.01320962458514 24.915324393885097 -42.238947615559894
    endloop
  endfacet
  facet normal 0.13052619222005316 0.9914448613738102 0
    outer loop
      vertex 95.01320962458514 24.915324393885097 -42.238947615559894
      vertex 94.5 24.982889722747622 -48.761052384440106
      vertex 94.5 24.982889722747622 -42.238947615559894
    endloop
  endfacet
  facet normal 0.38268343236509217 0.9238795325112859 0
    outer loop
      vertex 95.01320962458514 24.915324393885097 -42.238947615559894
      vertex 95.49144486137381 24.717232872802523 -42.238947615559894
      vertex 95.49144486137381 24.717232872802523 -48.761052384440106
    endloop
  endfacet
  facet normal 0.6087614290087179 0.7933533402912373 0
    outer loop
      vertex 95.49144486137381 24.717232872802523 -48.761052384440106
      vertex 95.49144486137381 24.717232872802523 -42.238947615559894
      vertex 95.90211476929996 24.402114769299956 -42.238947615559894
    endloop
  endfacet
  facet normal 0.126150626485885 -0.9582091399530049 -0.25675136523053027
    outer loop
      vertex 95.01320962458514 0.08467560611490277 -48.761052384440106
      vertex 94.5 0.15224093497742652 -49.26536686473018
      vertex 94.97823523678866 0.21520179833495434 -49.26536686473018
    endloop
  endfacet
  facet normal 0.11328050197253611 -0.8604508387494516 -0.4967815233764391
    outer loop
      vertex 94.97823523678866 0.21520179833495434 -49.26536686473018
      vertex 94.5 0.15224093497742652 -49.26536686473018
      vertex 94.91066990792615 0.4673590384799926 -49.71752285801744
    endloop
  endfacet
  facet normal 0.11328050197253385 -0.8604508387494509 -0.49678152337644066
    outer loop
      vertex 94.5 0.15224093497742652 -49.26536686473018
      vertex 94.5 0.41329331941752967 -49.71752285801744
      vertex 94.91066990792615 0.4673590384799926 -49.71752285801744
    endloop
  endfacet
  facet normal 0.19257602219888909 -0.4649196445804174 -0.8641551942546382
    outer loop
      vertex 94.69809152108257 1.2607123787712278 -50.34775906502257
      vertex 95.10876142900872 0.9455942752686617 -50.08670668058247
      vertex 94.81511810350257 0.823963227343675 -50.08670668058247
    endloop
  endfacet
  facet normal 0.19257602219889142 -0.46491964458041485 -0.8641551942546389
    outer loop
      vertex 95.10876142900872 0.9455942752686617 -50.08670668058247
      vertex 94.69809152108257 1.2607123787712278 -50.34775906502257
      vertex 94.88268343236508 1.3371728519288164 -50.34775906502257
    endloop
  endfacet
  facet normal 0.15882644667684148 -0.20698665518747453 -0.9653655703464413
    outer loop
      vertex 94.68459191128251 1.8154080887174855 -50.48288972274762
      vertex 95.0411961001462 1.458803899853803 -50.34775906502257
      vertex 94.88268343236508 1.3371728519288164 -50.34775906502257
    endloop
  endfacet
  facet normal 0.3992355496742063 -0.3063442118256299 -0.8641551942546362
    outer loop
      vertex 95.36091866915376 1.139081330846241 -50.08670668058247
      vertex 95.16282714807119 1.6173165676349102 -50.34775906502257
      vertex 95.55440572473134 1.3912385709912793 -50.08670668058247
    endloop
  endfacet
  facet normal 0.20698665518746812 -0.15882644667684764 -0.9653655703464417
    outer loop
      vertex 95.0411961001462 1.458803899853803 -50.34775906502257
      vertex 94.68459191128251 1.8154080887174855 -50.48288972274762
      vertex 95.16282714807119 1.6173165676349102 -50.34775906502257
    endloop
  endfacet
  facet normal 0.20698665518747295 -0.15882644667683654 -0.9653655703464424
    outer loop
      vertex 95.16282714807119 1.6173165676349102 -50.34775906502257
      vertex 94.68459191128251 1.8154080887174855 -50.48288972274762
      vertex 94.72607799664362 1.8694738077799484 -50.48288972274762
    endloop
  endfacet
  facet normal 0 0 -1
    outer loop
      vertex 94.68459191128251 1.8154080887174855 -50.48288972274762
      vertex 94.68461644304827 1.8280122541845942 -50.48288972274762
      vertex 94.72607799664362 1.8694738077799484 -50.48288972274762
    endloop
  endfacet
  facet normal 0.2586689249751434 -0.03405441002123291 -0.9653655703464411
    outer loop
      vertex 95.23928762122877 1.8019084789174247 -50.34775906502257
      vertex 94.7610523844401 2 -50.48288972274762
      vertex 95.26536686473018 2 -50.34775906502257
    endloop
  endfacet
  facet normal -0.1305261922200506 -0.9914448613738105 0
    outer loop
      vertex 88.5 0.017110277252379236 -29.738947615559898
      vertex 87.98679037541486 0.08467560611490277 -41.986790375414856
      vertex 88.5 0.017110277252379236 -42.238947615559894
    endloop
  endfacet
  facet normal 0 -1 0
    outer loop
      vertex 88.5 0.017110277252379236 -29.738947615559898
      vertex 88.5 0.017110277252379236 -42.238947615559894
      vertex 94.5 0.017110277252379236 -42.238947615559894
    endloop
  endfacet
  facet normal 0.1305261922200506 -0.9914448613738105 0
    outer loop
      vertex 94.5 0.017110277252379236 -29.738947615559898
      vertex 94.5 0.017110277252379236 -42.238947615559894
      vertex 95.01320962458514 0.08467560611490277 -42.238947615559894
    endloop
  endfacet
  facet normal 0.3826834323650944 -0.923879532511285 0
    outer loop
      vertex 95.01320962458514 0.08467560611490277 -29.738947615559898
      vertex 95.01320962458514 0.08467560611490277 -42.238947615559894
      vertex 95.49144486137381 0.2827671271974783 -42.238947615559894
    endloop
  endfacet
  facet normal 0.6087614290087171 -0.7933533402912379 0
    outer loop
      vertex 95.49144486137381 0.2827671271974783 -29.738947615559898
      vertex 95.49144486137381 0.2827671271974783 -42.238947615559894
      vertex 95.90211476929996 0.5978852307000442 -42.238947615559894
    endloop
  endfacet
  facet normal 0.7933533402912314 -0.6087614290087254 0
    outer loop
      vertex 95.90211476929996 0.5978852307000442 -29.738947615559898
      vertex 95.90211476929996 0.5978852307000442 -42.238947615559894
      vertex 96.21723287280253 1.0085551386261895 -42.238947615559894
    endloop
  endfacet
  facet normal 0.9238795325112876 -0.3826834323650879 0
    outer loop
      vertex 96.21723287280253 1.0085551386261895 -29.738947615559898
      vertex 96.21723287280253 1.0085551386261895 -42.238947615559894
      vertex 96.4153243938851 1.4867903754148588 -42.238947615559894
    endloop
  endfacet
  facet normal 0.9914448613738127 -0.1305261922200337 0
    outer loop
      vertex 96.4153243938851 1.4867903754148588 -29.738947615559898
      vertex 96.4153243938851 1.4867903754148588 -42.238947615559894
      vertex 96.48288972274761 2 -42.238947615559894
    endloop
  endfacet
  facet normal -0.6087614290087215 -0.7933533402912345 2.6266834938965944e-16
    outer loop
      vertex 87.50855513862619 0.2827671271974783 -29.738947615559898
      vertex 87.09788523070004 0.5978852307000442 -41.097885230700044
      vertex 87.33845009310467 0.41329331941752967 -41.28247714198256
    endloop
  endfacet
  facet normal -0.7933533402912378 -0.6087614290087172 -4.794148637799235e-16
    outer loop
      vertex 86.78276712719747 1.0085551386261895 -29.738947615559898
      vertex 86.95624287541035 0.7824771419825587 -40.91329331941753
      vertex 87.09788523070004 0.5978852307000442 -41.097885230700044
    endloop
  endfacet
  facet normal -0.7933533402912264 -0.6087614290087321 0
    outer loop
      vertex 86.78276712719747 1.0085551386261895 -29.738947615559898
      vertex 86.78276712719747 1.0085551386261895 -40.782767127197474
      vertex 86.95624287541035 0.7824771419825587 -40.91329331941753
    endloop
  endfacet
  facet normal -0.9238795325112908 -0.3826834323650798 0
    outer loop
      vertex 86.78276712719747 1.0085551386261895 -29.738947615559898
      vertex 86.68912255483355 1.2346331352698203 -40.65224093497743
      vertex 86.78276712719747 1.0085551386261895 -40.782767127197474
    endloop
  endfacet
  facet normal -0.9238795325112845 -0.3826834323650951 -3.7067585076203584e-16
    outer loop
      vertex 86.78276712719747 1.0085551386261895 -29.738947615559898
      vertex 86.5846756061149 1.4867903754148588 -40.5846756061149
      vertex 86.68912255483355 1.2346331352698203 -40.65224093497743
    endloop
  endfacet
  facet normal -0.3826834323650817 -0.9238795325112902 0
    outer loop
      vertex 87.98679037541486 0.08467560611490277 -29.738947615559898
      vertex 87.82367324212875 0.15224093497742652 -41.73463313526982
      vertex 87.98679037541486 0.08467560611490277 -41.986790375414856
    endloop
  endfacet
  facet normal -0.38268343236510094 -0.9238795325112822 0
    outer loop
      vertex 87.50855513862619 0.2827671271974783 -29.738947615559898
      vertex 87.50855513862619 0.2827671271974783 -41.508555138626186
      vertex 87.82367324212875 0.15224093497742652 -41.73463313526982
    endloop
  endfacet
  facet normal -0.6087614290087104 -0.7933533402912429 0
    outer loop
      vertex 87.50855513862619 0.2827671271974783 -29.738947615559898
      vertex 87.33845009310467 0.41329331941752967 -41.28247714198256
      vertex 87.50855513862619 0.2827671271974783 -41.508555138626186
    endloop
  endfacet
  facet normal -0.6087614290087171 -0.7933533402912379 0
    outer loop
      vertex 87.09788523070004 0.5978852307000442 -29.738947615559898
      vertex 87.09788523070004 0.5978852307000442 -41.097885230700044
      vertex 87.50855513862619 0.2827671271974783 -29.738947615559898
    endloop
  endfacet
  facet normal -0.7933533402912313 -0.6087614290087255 0
    outer loop
      vertex 87.09788523070004 0.5978852307000442 -29.738947615559898
      vertex 86.78276712719747 1.0085551386261895 -29.738947615559898
      vertex 87.09788523070004 0.5978852307000442 -41.097885230700044
    endloop
  endfacet
  facet normal -0.9238795325112875 -0.3826834323650879 0
    outer loop
      vertex 86.78276712719747 1.0085551386261895 -29.738947615559898
      vertex 86.5846756061149 1.4867903754148588 -29.738947615559898
      vertex 86.5846756061149 1.4867903754148588 -40.5846756061149
    endloop
  endfacet
  facet normal -0.3826834323650944 -0.9238795325112849 2.0114602487656166e-16
    outer loop
      vertex 87.98679037541486 0.08467560611490277 -29.738947615559898
      vertex 87.50855513862619 0.2827671271974783 -29.738947615559898
      vertex 87.82367324212875 0.15224093497742652 -41.73463313526982
    endloop
  endfacet
  facet normal -0.13052619222005063 -0.9914448613738106 0
    outer loop
      vertex 87.98679037541486 0.08467560611490277 -29.738947615559898
      vertex 87.98679037541486 0.08467560611490277 -41.986790375414856
      vertex 88.5 0.017110277252379236 -29.738947615559898
    endloop
  endfacet
  facet normal -0.9914448613738124 -0.13052619222003728 1.7197848010420016e-16
    outer loop
      vertex 86.51711027725239 2 -29.738947615559898
      vertex 86.55147847566506 1.7389476155598969 -40.51711027725238
      vertex 86.5846756061149 1.4867903754148588 -40.5846756061149
    endloop
  endfacet
  facet normal -0.9914448613738132 -0.13052619222003028 0
    outer loop
      vertex 86.51711027725239 2 -29.738947615559898
      vertex 86.51711027725239 2 -40.51711027725238
      vertex 86.55147847566506 1.7389476155598969 -40.51711027725238
    endloop
  endfacet
  facet normal -0.9914448613738128 -0.1305261922200337 0
    outer loop
      vertex 86.5846756061149 1.4867903754148588 -29.738947615559898
      vertex 86.51711027725239 2 -29.738947615559898
      vertex 86.5846756061149 1.4867903754148588 -40.5846756061149
    endloop
  endfacet
  facet normal 0 -1 0
    outer loop
      vertex 88.5 0.017110277252379236 -29.738947615559898
      vertex 94.5 0.017110277252379236 -42.238947615559894
      vertex 94.5 0.017110277252379236 -29.738947615559898
    endloop
  endfacet
  facet normal 0.1305261922200506 -0.9914448613738105 0
    outer loop
      vertex 94.5 0.017110277252379236 -29.738947615559898
      vertex 95.01320962458514 0.08467560611490277 -42.238947615559894
      vertex 95.01320962458514 0.08467560611490277 -29.738947615559898
    endloop
  endfacet
  facet normal 0.3826834323650944 -0.923879532511285 0
    outer loop
      vertex 95.01320962458514 0.08467560611490277 -29.738947615559898
      vertex 95.49144486137381 0.2827671271974783 -42.238947615559894
      vertex 95.49144486137381 0.2827671271974783 -29.738947615559898
    endloop
  endfacet
  facet normal 0.6087614290087171 -0.7933533402912379 0
    outer loop
      vertex 95.49144486137381 0.2827671271974783 -29.738947615559898
      vertex 95.90211476929996 0.5978852307000442 -42.238947615559894
      vertex 95.90211476929996 0.5978852307000442 -29.738947615559898
    endloop
  endfacet
  facet normal 0.7933533402912314 -0.6087614290087254 0
    outer loop
      vertex 95.90211476929996 0.5978852307000442 -29.738947615559898
      vertex 96.21723287280253 1.0085551386261895 -42.238947615559894
      vertex 96.21723287280253 1.0085551386261895 -29.738947615559898
    endloop
  endfacet
  facet normal 0.9238795325112876 -0.3826834323650879 0
    outer loop
      vertex 96.21723287280253 1.0085551386261895 -29.738947615559898
      vertex 96.4153243938851 1.4867903754148588 -42.238947615559894
      vertex 96.4153243938851 1.4867903754148588 -29.738947615559898
    endloop
  endfacet
  facet normal 0.9914448613738127 -0.1305261922200337 0
    outer loop
      vertex 96.4153243938851 1.4867903754148588 -29.738947615559898
      vertex 96.48288972274761 2 -42.238947615559894
      vertex 96.48288972274761 2 -29.738947615559898
    endloop
  endfacet
  facet normal -0.5883542172165985 -0.7667581440948045 0.2567513652305179
    outer loop
      vertex 87.09788523070004 0.5978852307000442 -29.738947615559898
      vertex 87.50855513862619 0.2827671271974783 -29.738947615559898
      vertex 87.5761204674887 0.3997937096174691 -29.23463313526982
    endloop
  endfacet
  facet normal -0.5883542172166054 -0.7667581440947958 0.2567513652305279
    outer loop
      vertex 87.09788523070004 0.5978852307000442 -29.738947615559898
      vertex 87.5761204674887 0.3997937096174691 -29.23463313526982
      vertex 87.19343703512362 0.6934370351236234 -29.23463313526982
    endloop
  endfacet
  facet normal -0.766758144094796 -0.588354217216605 0.2567513652305277
    outer loop
      vertex 87.09788523070004 0.5978852307000442 -29.738947615559898
      vertex 87.19343703512362 0.6934370351236234 -29.23463313526982
      vertex 86.78276712719747 1.0085551386261895 -29.738947615559898
    endloop
  endfacet
  facet normal -0.5283292118364017 -0.6885320340783855 0.4967815233764312
    outer loop
      vertex 87.19343703512362 0.6934370351236234 -29.23463313526982
      vertex 87.5761204674887 0.3997937096174691 -29.23463313526982
      vertex 87.37802894640613 0.8780289464061379 -28.782477141982557
    endloop
  endfacet
  facet normal -0.7667581440947997 -0.5883542172165972 0.2567513652305356
    outer loop
      vertex 87.19343703512362 0.6934370351236234 -29.23463313526982
      vertex 86.89979370961747 1.0761204674887133 -29.23463313526982
      vertex 86.78276712719747 1.0085551386261895 -29.738947615559898
    endloop
  endfacet
  facet normal -0.6885320340783919 -0.5283292118363965 0.4967815233764277
    outer loop
      vertex 87.19343703512362 0.6934370351236234 -29.23463313526982
      vertex 87.1258717062611 1.2066466597087648 -28.782477141982557
      vertex 86.89979370961747 1.0761204674887133 -29.23463313526982
    endloop
  endfacet
  facet normal -0.6885320340783894 -0.528329211836398 0.4967815233764298
    outer loop
      vertex 87.19343703512362 0.6934370351236234 -29.23463313526982
      vertex 87.37802894640613 0.8780289464061379 -28.782477141982557
      vertex 87.1258717062611 1.2066466597087648 -28.782477141982557
    endloop
  endfacet
  facet normal -0.5633902913547404 -0.43230457532182237 0.7040625922196403
    outer loop
      vertex 87.37802894640613 0.8780289464061379 -28.782477141982557
      vertex 87.63908133084624 1.139081330846241 -28.41329331941753
      vertex 87.1258717062611 1.2066466597087648 -28.782477141982557
    endloop
  endfacet
  facet normal -0.892908770580682 -0.36985492273640286 0.2567513652305365
    outer loop
      vertex 86.78276712719747 1.0085551386261895 -29.738947615559898
      vertex 86.89979370961747 1.0761204674887133 -29.23463313526982
      vertex 86.5846756061149 1.4867903754148588 -29.738947615559898
    endloop
  endfacet
  facet normal -0.8929087705806831 -0.3698549227363963 0.25675136523054237
    outer loop
      vertex 86.89979370961747 1.0761204674887133 -29.23463313526982
      vertex 86.71520179833496 1.5217647632113311 -29.23463313526982
      vertex 86.5846756061149 1.4867903754148588 -29.738947615559898
    endloop
  endfacet
  facet normal -0.8018125360509302 -0.3321216269130533 0.49678152337642595
    outer loop
      vertex 86.89979370961747 1.0761204674887133 -29.23463313526982
      vertex 87.1258717062611 1.2066466597087648 -28.782477141982557
      vertex 86.71520179833496 1.5217647632113311 -29.23463313526982
    endloop
  endfacet
  facet normal -0.5633902913547414 -0.43230457532181765 0.7040625922196424
    outer loop
      vertex 87.1258717062611 1.2066466597087648 -28.782477141982557
      vertex 87.63908133084624 1.139081330846241 -28.41329331941753
      vertex 87.44559427526866 1.3912385709912793 -28.41329331941753
    endloop
  endfacet
  facet normal -0.80181253605093 -0.33212162691303826 0.4967815233764364
    outer loop
      vertex 86.71520179833496 1.5217647632113311 -29.23463313526982
      vertex 87.1258717062611 1.2066466597087648 -28.782477141982557
      vertex 86.96735903848 1.5893300920738547 -28.782477141982557
    endloop
  endfacet
  facet normal -0.6560818900783038 -0.2717580168978211 0.7040625922196435
    outer loop
      vertex 87.1258717062611 1.2066466597087648 -28.782477141982557
      vertex 87.44559427526866 1.3912385709912793 -28.41329331941753
      vertex 87.32396322734367 1.684881896497434 -28.41329331941753
    endloop
  endfacet
  facet normal -0.656081890078329 -0.27175801689779905 0.7040625922196286
    outer loop
      vertex 87.1258717062611 1.2066466597087648 -28.782477141982557
      vertex 87.32396322734367 1.684881896497434 -28.41329331941753
      vertex 86.96735903848 1.5893300920738547 -28.782477141982557
    endloop
  endfacet
  facet normal -0.126150626485885 -0.9582091399530049 0.25675136523053027
    outer loop
      vertex 87.98679037541486 0.08467560611490277 -29.738947615559898
      vertex 88.5 0.15224093497742652 -29.23463313526982
      vertex 88.02176476321134 0.21520179833495434 -29.23463313526982
    endloop
  endfacet
  facet normal -0.3698549227364106 -0.8929087705806831 0.25675136523052167
    outer loop
      vertex 87.98679037541486 0.08467560611490277 -29.738947615559898
      vertex 87.5761204674887 0.3997937096174691 -29.23463313526982
      vertex 87.50855513862619 0.2827671271974783 -29.738947615559898
    endloop
  endfacet
  facet normal -0.3698549227363964 -0.8929087705806853 0.25675136523053455
    outer loop
      vertex 87.98679037541486 0.08467560611490277 -29.738947615559898
      vertex 88.02176476321134 0.21520179833495434 -29.23463313526982
      vertex 87.5761204674887 0.3997937096174691 -29.23463313526982
    endloop
  endfacet
  facet normal -0.1261506264858828 -0.9582091399530058 0.25675136523052816
    outer loop
      vertex 87.98679037541486 0.08467560611490277 -29.738947615559898
      vertex 88.5 0.017110277252379236 -29.738947615559898
      vertex 88.5 0.15224093497742652 -29.23463313526982
    endloop
  endfacet
  facet normal -0.3321216269130518 -0.8018125360509282 0.49678152337643017
    outer loop
      vertex 87.5761204674887 0.3997937096174691 -29.23463313526982
      vertex 88.02176476321134 0.21520179833495434 -29.23463313526982
      vertex 88.08933009207385 0.4673590384799926 -28.782477141982557
    endloop
  endfacet
  facet normal -0.11328050197253654 -0.8604508387494549 0.4967815233764332
    outer loop
      vertex 88.02176476321134 0.21520179833495434 -29.23463313526982
      vertex 88.5 0.15224093497742652 -29.23463313526982
      vertex 88.08933009207385 0.4673590384799926 -28.782477141982557
    endloop
  endfacet
  facet normal -0.11328050197253438 -0.8604508387494543 0.49678152337643483
    outer loop
      vertex 88.5 0.15224093497742652 -29.23463313526982
      vertex 88.5 0.41329331941752967 -28.782477141982557
      vertex 88.08933009207385 0.4673590384799926 -28.782477141982557
    endloop
  endfacet
  facet normal -0.3321216269130615 -0.8018125360509184 0.4967815233764397
    outer loop
      vertex 87.5761204674887 0.3997937096174691 -29.23463313526982
      vertex 88.08933009207385 0.4673590384799926 -28.782477141982557
      vertex 87.70664665970877 0.6258717062610999 -28.782477141982557
    endloop
  endfacet
  facet normal -0.5283292118363854 -0.6885320340783896 0.49678152337644277
    outer loop
      vertex 87.37802894640613 0.8780289464061379 -28.782477141982557
      vertex 87.5761204674887 0.3997937096174691 -29.23463313526982
      vertex 87.70664665970877 0.6258717062610999 -28.782477141982557
    endloop
  endfacet
  facet normal -0.27175801689781554 -0.6560818900783133 0.7040625922196367
    outer loop
      vertex 88.08933009207385 0.4673590384799926 -28.782477141982557
      vertex 87.89123857099128 0.9455942752686617 -28.41329331941753
      vertex 87.70664665970877 0.6258717062610999 -28.782477141982557
    endloop
  endfacet
  facet normal -0.2717580168978131 -0.6560818900783131 0.7040625922196381
    outer loop
      vertex 88.08933009207385 0.4673590384799926 -28.782477141982557
      vertex 88.18488189649743 0.823963227343675 -28.41329331941753
      vertex 87.89123857099128 0.9455942752686617 -28.41329331941753
    endloop
  endfacet
  facet normal -0.0926915987235704 -0.7040625922196351 0.7040625922196382
    outer loop
      vertex 88.08933009207385 0.4673590384799926 -28.782477141982557
      vertex 88.5 0.41329331941752967 -28.782477141982557
      vertex 88.18488189649743 0.823963227343675 -28.41329331941753
    endloop
  endfacet
  facet normal -0.09269159872356993 -0.704062592219635 0.7040625922196384
    outer loop
      vertex 88.5 0.41329331941752967 -28.782477141982557
      vertex 88.5 0.7824771419825587 -28.41329331941753
      vertex 88.18488189649743 0.823963227343675 -28.41329331941753
    endloop
  endfacet
  facet normal -0.4323045753218183 -0.5633902913547487 0.7040625922196362
    outer loop
      vertex 87.37802894640613 0.8780289464061379 -28.782477141982557
      vertex 87.70664665970877 0.6258717062610999 -28.782477141982557
      vertex 87.89123857099128 0.9455942752686617 -28.41329331941753
    endloop
  endfacet
  facet normal -0.432304575321822 -0.5633902913547415 0.7040625922196398
    outer loop
      vertex 87.37802894640613 0.8780289464061379 -28.782477141982557
      vertex 87.89123857099128 0.9455942752686617 -28.41329331941753
      vertex 87.63908133084624 1.139081330846241 -28.41329331941753
    endloop
  endfacet
  facet normal -0.19257602219889097 -0.46491964458042206 0.8641551942546352
    outer loop
      vertex 88.18488189649743 0.823963227343675 -28.41329331941753
      vertex 88.30190847891743 1.2607123787712278 -28.152240934977428
      vertex 87.89123857099128 0.9455942752686617 -28.41329331941753
    endloop
  endfacet
  facet normal -0.30634421182563204 -0.39923554967420544 0.8641551942546357
    outer loop
      vertex 87.89123857099128 0.9455942752686617 -28.41329331941753
      vertex 87.9588038998538 1.458803899853803 -28.152240934977428
      vertex 87.63908133084624 1.139081330846241 -28.41329331941753
    endloop
  endfacet
  facet normal -0.19257602219889333 -0.46491964458041957 0.864155194254636
    outer loop
      vertex 87.89123857099128 0.9455942752686617 -28.41329331941753
      vertex 88.30190847891743 1.2607123787712278 -28.152240934977428
      vertex 88.11731656763492 1.3371728519288164 -28.152240934977428
    endloop
  endfacet
  facet normal -0.06568409490621584 -0.4989202340245248 0.8641551942546343
    outer loop
      vertex 88.5 0.7824771419825587 -28.41329331941753
      vertex 88.5 1.2346331352698203 -28.152240934977428
      vertex 88.18488189649743 0.823963227343675 -28.41329331941753
    endloop
  endfacet
  facet normal -0.0656840949062173 -0.4989202340245239 0.8641551942546346
    outer loop
      vertex 88.18488189649743 0.823963227343675 -28.41329331941753
      vertex 88.5 1.2346331352698203 -28.152240934977428
      vertex 88.30190847891743 1.2607123787712278 -28.152240934977428
    endloop
  endfacet
  facet normal -0.30634421182562777 -0.39923554967420655 0.8641551942546368
    outer loop
      vertex 87.89123857099128 0.9455942752686617 -28.41329331941753
      vertex 88.11731656763492 1.3371728519288164 -28.152240934977428
      vertex 87.9588038998538 1.458803899853803 -28.152240934977428
    endloop
  endfacet
  facet normal -0.3992355496742104 -0.30634421182563304 0.8641551942546333
    outer loop
      vertex 87.63908133084624 1.139081330846241 -28.41329331941753
      vertex 87.83717285192881 1.6173165676349102 -28.152240934977428
      vertex 87.44559427526866 1.3912385709912793 -28.41329331941753
    endloop
  endfacet
  facet normal -0.399235549674196 -0.3063442118256411 0.864155194254637
    outer loop
      vertex 87.63908133084624 1.139081330846241 -28.41329331941753
      vertex 87.9588038998538 1.458803899853803 -28.152240934977428
      vertex 87.83717285192881 1.6173165676349102 -28.152240934977428
    endloop
  endfacet
  facet normal -0.464919644580422 -0.19257602219889944 0.8641551942546334
    outer loop
      vertex 87.44559427526866 1.3912385709912793 -28.41329331941753
      vertex 87.83717285192881 1.6173165676349102 -28.152240934977428
      vertex 87.32396322734367 1.684881896497434 -28.41329331941753
    endloop
  endfacet
  facet normal -0.15882644667684143 -0.20698665518747453 0.9653655703464413
    outer loop
      vertex 88.11731656763492 1.3371728519288164 -28.152240934977428
      vertex 88.31540808871749 1.8154080887174855 -28.017110277252378
      vertex 87.9588038998538 1.458803899853803 -28.152240934977428
    endloop
  endfacet
  facet normal -0.0998424782983027 -0.24104106520869806 0.9653655703464409
    outer loop
      vertex 88.11731656763492 1.3371728519288164 -28.152240934977428
      vertex 88.30190847891743 1.2607123787712278 -28.152240934977428
      vertex 88.43243467113747 1.747842759854962 -28.017110277252378
    endloop
  endfacet
  facet normal -0.03405441002122477 -0.258668924975144 0.9653655703464411
    outer loop
      vertex 88.30190847891743 1.2607123787712278 -28.152240934977428
      vertex 88.5 1.2346331352698203 -28.152240934977428
      vertex 88.43243467113747 1.747842759854962 -28.017110277252378
    endloop
  endfacet
  facet normal -0.03405441002122265 -0.25866892497514365 0.9653655703464413
    outer loop
      vertex 88.5 1.2346331352698203 -28.152240934977428
      vertex 88.5 1.7389476155598969 -28.017110277252378
      vertex 88.43243467113747 1.747842759854962 -28.017110277252378
    endloop
  endfacet
  facet normal -0.9582091399530007 -0.12615062648589045 0.2567513652305434
    outer loop
      vertex 86.5846756061149 1.4867903754148588 -29.738947615559898
      vertex 86.71520179833496 1.5217647632113311 -29.23463313526982
      vertex 86.65224093497743 2 -29.23463313526982
    endloop
  endfacet
  facet normal -0.95820913995301 -0.12615062648586672 0.25675136523052056
    outer loop
      vertex 86.5846756061149 1.4867903754148588 -29.738947615559898
      vertex 86.65224093497743 2 -29.23463313526982
      vertex 86.51711027725239 2 -29.738947615559898
    endloop
  endfacet
  facet normal -0.8604508387494529 -0.11328050197254172 0.49678152337643555
    outer loop
      vertex 86.71520179833496 1.5217647632113311 -29.23463313526982
      vertex 86.96735903848 1.5893300920738547 -28.782477141982557
      vertex 86.65224093497743 2 -29.23463313526982
    endloop
  endfacet
  facet normal -0.7040625922196457 -0.0926915987235749 0.704062592219627
    outer loop
      vertex 86.96735903848 1.5893300920738547 -28.782477141982557
      vertex 87.32396322734367 1.684881896497434 -28.41329331941753
      vertex 86.91329331941753 2 -28.782477141982557
    endloop
  endfacet
  facet normal -0.8604508387494518 -0.11328050197253775 0.4967815233764384
    outer loop
      vertex 86.96735903848 1.5893300920738547 -28.782477141982557
      vertex 86.91329331941753 2 -28.782477141982557
      vertex 86.65224093497743 2 -29.23463313526982
    endloop
  endfacet
  facet normal -0.7040625922196435 -0.09269159872356826 0.7040625922196301
    outer loop
      vertex 87.32396322734367 1.684881896497434 -28.41329331941753
      vertex 87.28247714198255 2 -28.41329331941753
      vertex 86.91329331941753 2 -28.782477141982557
    endloop
  endfacet
  facet normal -0.46491964458042156 -0.1925760221988718 0.8641551942546396
    outer loop
      vertex 87.32396322734367 1.684881896497434 -28.41329331941753
      vertex 87.83717285192881 1.6173165676349102 -28.152240934977428
      vertex 87.76071237877123 1.8019084789174247 -28.152240934977428
    endloop
  endfacet
  facet normal -0.20698665518746812 -0.15882644667684764 0.9653655703464417
    outer loop
      vertex 87.9588038998538 1.458803899853803 -28.152240934977428
      vertex 88.31540808871749 1.8154080887174855 -28.017110277252378
      vertex 87.83717285192881 1.6173165676349102 -28.152240934977428
    endloop
  endfacet
  facet normal -0.20698665518747295 -0.15882644667683654 0.9653655703464424
    outer loop
      vertex 87.83717285192881 1.6173165676349102 -28.152240934977428
      vertex 88.31540808871749 1.8154080887174855 -28.017110277252378
      vertex 88.27392200335638 1.8694738077799484 -28.017110277252378
    endloop
  endfacet
  facet normal -0.49892023402451263 -0.06568409490623163 0.8641551942546399
    outer loop
      vertex 87.32396322734367 1.684881896497434 -28.41329331941753
      vertex 87.76071237877123 1.8019084789174247 -28.152240934977428
      vertex 87.73463313526982 2 -28.152240934977428
    endloop
  endfacet
  facet normal -0.4989202340245234 -0.06568409490621369 0.8641551942546353
    outer loop
      vertex 87.32396322734367 1.684881896497434 -28.41329331941753
      vertex 87.73463313526982 2 -28.152240934977428
      vertex 87.28247714198255 2 -28.41329331941753
    endloop
  endfacet
  facet normal -0.2410410652087015 -0.09984247829829246 0.965365570346441
    outer loop
      vertex 87.83717285192881 1.6173165676349102 -28.152240934977428
      vertex 88.24784275985496 1.9324346711374765 -28.017110277252378
      vertex 87.76071237877123 1.8019084789174247 -28.152240934977428
    endloop
  endfacet
  facet normal -0.24104106520868224 -0.09984247829831862 0.9653655703464433
    outer loop
      vertex 87.83717285192881 1.6173165676349102 -28.152240934977428
      vertex 88.27392200335638 1.8694738077799484 -28.017110277252378
      vertex 88.24784275985496 1.9324346711374765 -28.017110277252378
    endloop
  endfacet
  facet normal -0.2586689249751434 -0.03405441002123291 0.9653655703464411
    outer loop
      vertex 87.76071237877123 1.8019084789174247 -28.152240934977428
      vertex 88.2389476155599 2 -28.017110277252378
      vertex 87.73463313526982 2 -28.152240934977428
    endloop
  endfacet
  facet normal -0.25866892497514327 -0.03405441002123331 0.965365570346441
    outer loop
      vertex 87.76071237877123 1.8019084789174247 -28.152240934977428
      vertex 88.24784275985496 1.9324346711374765 -28.017110277252378
      vertex 88.2389476155599 2 -28.017110277252378
    endloop
  endfacet
  facet normal -0.09984247829831344 -0.24104106520868987 0.9653655703464418
    outer loop
      vertex 88.11731656763492 1.3371728519288164 -28.152240934977428
      vertex 88.43243467113747 1.747842759854962 -28.017110277252378
      vertex 88.36947380777995 1.7739220033563692 -28.017110277252378
    endloop
  endfacet
  facet normal -0.1588264466768408 -0.20698665518747497 0.9653655703464413
    outer loop
      vertex 88.11731656763492 1.3371728519288164 -28.152240934977428
      vertex 88.36947380777995 1.7739220033563692 -28.017110277252378
      vertex 88.31540808871749 1.8154080887174855 -28.017110277252378
    endloop
  endfacet
  facet normal 0 -0.9659258262890683 0.2588190451025204
    outer loop
      vertex 88.5 0.017110277252379236 -29.738947615559898
      vertex 94.5 0.017110277252379236 -29.738947615559898
      vertex 88.5 0.15224093497742652 -29.23463313526982
    endloop
  endfacet
  facet normal 0 -0.8660254037844394 0.4999999999999985
    outer loop
      vertex 88.5 0.15224093497742652 -29.23463313526982
      vertex 94.5 0.41329331941752967 -28.782477141982557
      vertex 88.5 0.41329331941752967 -28.782477141982557
    endloop
  endfacet
  facet normal 0 -0.7071067811865459 0.7071067811865492
    outer loop
      vertex 88.5 0.41329331941752967 -28.782477141982557
      vertex 94.5 0.41329331941752967 -28.782477141982557
      vertex 88.5 0.7824771419825587 -28.41329331941753
    endloop
  endfacet
  facet normal 0 -0.9659258262890683 0.2588190451025204
    outer loop
      vertex 88.5 0.15224093497742652 -29.23463313526982
      vertex 94.5 0.017110277252379236 -29.738947615559898
      vertex 94.5 0.15224093497742652 -29.23463313526982
    endloop
  endfacet
  facet normal 0 -0.8660254037844394 0.4999999999999985
    outer loop
      vertex 88.5 0.15224093497742652 -29.23463313526982
      vertex 94.5 0.15224093497742652 -29.23463313526982
      vertex 94.5 0.41329331941752967 -28.782477141982557
    endloop
  endfacet
  facet normal 0 -0.7071067811865459 0.7071067811865492
    outer loop
      vertex 88.5 0.7824771419825587 -28.41329331941753
      vertex 94.5 0.41329331941752967 -28.782477141982557
      vertex 94.5 0.7824771419825587 -28.41329331941753
    endloop
  endfacet
  facet normal 0.1261506264858828 -0.9582091399530058 0.25675136523052816
    outer loop
      vertex 94.5 0.017110277252379236 -29.738947615559898
      vertex 95.01320962458514 0.08467560611490277 -29.738947615559898
      vertex 94.5 0.15224093497742652 -29.23463313526982
    endloop
  endfacet
  facet normal 0.12615062648588501 -0.958209139953005 0.2567513652305304
    outer loop
      vertex 94.5 0.15224093497742652 -29.23463313526982
      vertex 95.01320962458514 0.08467560611490277 -29.738947615559898
      vertex 94.97823523678866 0.21520179833495434 -29.23463313526982
    endloop
  endfacet
  facet normal 0.11328050197253654 -0.8604508387494549 0.4967815233764332
    outer loop
      vertex 94.5 0.15224093497742652 -29.23463313526982
      vertex 94.97823523678866 0.21520179833495434 -29.23463313526982
      vertex 94.91066990792615 0.4673590384799926 -28.782477141982557
    endloop
  endfacet
  facet normal 0.11328050197253438 -0.8604508387494543 0.49678152337643483
    outer loop
      vertex 94.5 0.15224093497742652 -29.23463313526982
      vertex 94.91066990792615 0.4673590384799926 -28.782477141982557
      vertex 94.5 0.41329331941752967 -28.782477141982557
    endloop
  endfacet
  facet normal 0.0926915987235704 -0.7040625922196351 0.7040625922196382
    outer loop
      vertex 94.5 0.41329331941752967 -28.782477141982557
      vertex 94.91066990792615 0.4673590384799926 -28.782477141982557
      vertex 94.81511810350257 0.823963227343675 -28.41329331941753
    endloop
  endfacet
  facet normal 0.09269159872356993 -0.704062592219635 0.7040625922196384
    outer loop
      vertex 94.5 0.41329331941752967 -28.782477141982557
      vertex 94.81511810350257 0.823963227343675 -28.41329331941753
      vertex 94.5 0.7824771419825587 -28.41329331941753
    endloop
  endfacet
  facet normal 0.2717580168978131 -0.6560818900783131 0.7040625922196381
    outer loop
      vertex 94.91066990792615 0.4673590384799926 -28.782477141982557
      vertex 95.10876142900872 0.9455942752686617 -28.41329331941753
      vertex 94.81511810350257 0.823963227343675 -28.41329331941753
    endloop
  endfacet
  facet normal 0.3698549227363964 -0.8929087705806853 0.25675136523053455
    outer loop
      vertex 95.01320962458514 0.08467560611490277 -29.738947615559898
      vertex 95.4238795325113 0.3997937096174691 -29.23463313526982
      vertex 94.97823523678866 0.21520179833495434 -29.23463313526982
    endloop
  endfacet
  facet normal 0.3698549227364106 -0.8929087705806831 0.25675136523052167
    outer loop
      vertex 95.01320962458514 0.08467560611490277 -29.738947615559898
      vertex 95.49144486137381 0.2827671271974783 -29.738947615559898
      vertex 95.4238795325113 0.3997937096174691 -29.23463313526982
    endloop
  endfacet
  facet normal 0.3321216269130518 -0.8018125360509282 0.4967815233764302
    outer loop
      vertex 94.91066990792615 0.4673590384799926 -28.782477141982557
      vertex 94.97823523678866 0.21520179833495434 -29.23463313526982
      vertex 95.4238795325113 0.3997937096174691 -29.23463313526982
    endloop
  endfacet
  facet normal 0.5883542172165985 -0.7667581440948045 0.2567513652305179
    outer loop
      vertex 95.49144486137381 0.2827671271974783 -29.738947615559898
      vertex 95.90211476929996 0.5978852307000442 -29.738947615559898
      vertex 95.4238795325113 0.3997937096174691 -29.23463313526982
    endloop
  endfacet
  facet normal 0.5883542172166054 -0.7667581440947958 0.2567513652305279
    outer loop
      vertex 95.4238795325113 0.3997937096174691 -29.23463313526982
      vertex 95.90211476929996 0.5978852307000442 -29.738947615559898
      vertex 95.80656296487638 0.6934370351236234 -29.23463313526982
    endloop
  endfacet
  facet normal 0.766758144094796 -0.588354217216605 0.2567513652305277
    outer loop
      vertex 95.90211476929996 0.5978852307000442 -29.738947615559898
      vertex 96.21723287280253 1.0085551386261895 -29.738947615559898
      vertex 95.80656296487638 0.6934370351236234 -29.23463313526982
    endloop
  endfacet
  facet normal 0.3321216269130615 -0.8018125360509184 0.4967815233764397
    outer loop
      vertex 94.91066990792615 0.4673590384799926 -28.782477141982557
      vertex 95.4238795325113 0.3997937096174691 -29.23463313526982
      vertex 95.29335334029123 0.6258717062610999 -28.782477141982557
    endloop
  endfacet
  facet normal 0.5283292118364017 -0.6885320340783855 0.4967815233764313
    outer loop
      vertex 95.4238795325113 0.3997937096174691 -29.23463313526982
      vertex 95.80656296487638 0.6934370351236234 -29.23463313526982
      vertex 95.62197105359387 0.8780289464061379 -28.782477141982557
    endloop
  endfacet
  facet normal 0.5283292118363854 -0.6885320340783895 0.4967815233764426
    outer loop
      vertex 95.4238795325113 0.3997937096174691 -29.23463313526982
      vertex 95.62197105359387 0.8780289464061379 -28.782477141982557
      vertex 95.29335334029123 0.6258717062610999 -28.782477141982557
    endloop
  endfacet
  facet normal 0.27175801689781554 -0.6560818900783133 0.7040625922196367
    outer loop
      vertex 94.91066990792615 0.4673590384799926 -28.782477141982557
      vertex 95.29335334029123 0.6258717062610999 -28.782477141982557
      vertex 95.10876142900872 0.9455942752686617 -28.41329331941753
    endloop
  endfacet
  facet normal 0.7667581440947997 -0.5883542172165972 0.2567513652305356
    outer loop
      vertex 95.80656296487638 0.6934370351236234 -29.23463313526982
      vertex 96.21723287280253 1.0085551386261895 -29.738947615559898
      vertex 96.10020629038253 1.0761204674887133 -29.23463313526982
    endloop
  endfacet
  facet normal 0.4323045753218183 -0.5633902913547487 0.7040625922196361
    outer loop
      vertex 95.29335334029123 0.6258717062610999 -28.782477141982557
      vertex 95.62197105359387 0.8780289464061379 -28.782477141982557
      vertex 95.10876142900872 0.9455942752686617 -28.41329331941753
    endloop
  endfacet
  facet normal 0.4323045753218218 -0.5633902913547415 0.7040625922196397
    outer loop
      vertex 95.10876142900872 0.9455942752686617 -28.41329331941753
      vertex 95.62197105359387 0.8780289464061379 -28.782477141982557
      vertex 95.36091866915376 1.139081330846241 -28.41329331941753
    endloop
  endfacet
  facet normal 0.5633902913547404 -0.43230457532182237 0.7040625922196403
    outer loop
      vertex 95.62197105359387 0.8780289464061379 -28.782477141982557
      vertex 95.8741282937389 1.2066466597087648 -28.782477141982557
      vertex 95.36091866915376 1.139081330846241 -28.41329331941753
    endloop
  endfacet
  facet normal 0.6885320340783919 -0.5283292118363965 0.4967815233764277
    outer loop
      vertex 95.80656296487638 0.6934370351236234 -29.23463313526982
      vertex 96.10020629038253 1.0761204674887133 -29.23463313526982
      vertex 95.8741282937389 1.2066466597087648 -28.782477141982557
    endloop
  endfacet
  facet normal 0.6885320340783894 -0.528329211836398 0.4967815233764298
    outer loop
      vertex 95.80656296487638 0.6934370351236234 -29.23463313526982
      vertex 95.8741282937389 1.2066466597087648 -28.782477141982557
      vertex 95.62197105359387 0.8780289464061379 -28.782477141982557
    endloop
  endfacet
  facet normal 0.892908770580682 -0.36985492273640286 0.2567513652305365
    outer loop
      vertex 96.21723287280253 1.0085551386261895 -29.738947615559898
      vertex 96.4153243938851 1.4867903754148588 -29.738947615559898
      vertex 96.10020629038253 1.0761204674887133 -29.23463313526982
    endloop
  endfacet
  facet normal 0.8929087705806831 -0.3698549227363963 0.25675136523054237
    outer loop
      vertex 96.10020629038253 1.0761204674887133 -29.23463313526982
      vertex 96.4153243938851 1.4867903754148588 -29.738947615559898
      vertex 96.28479820166504 1.5217647632113311 -29.23463313526982
    endloop
  endfacet
  facet normal 0.5633902913547414 -0.43230457532181765 0.7040625922196424
    outer loop
      vertex 95.36091866915376 1.139081330846241 -28.41329331941753
      vertex 95.8741282937389 1.2066466597087648 -28.782477141982557
      vertex 95.55440572473134 1.3912385709912793 -28.41329331941753
    endloop
  endfacet
  facet normal 0.6560818900783038 -0.27175801689782114 0.7040625922196436
    outer loop
      vertex 95.55440572473134 1.3912385709912793 -28.41329331941753
      vertex 95.8741282937389 1.2066466597087648 -28.782477141982557
      vertex 95.67603677265633 1.684881896497434 -28.41329331941753
    endloop
  endfacet
  facet normal 0.8018125360509302 -0.3321216269130533 0.49678152337642595
    outer loop
      vertex 96.10020629038253 1.0761204674887133 -29.23463313526982
      vertex 96.28479820166504 1.5217647632113311 -29.23463313526982
      vertex 95.8741282937389 1.2066466597087648 -28.782477141982557
    endloop
  endfacet
  facet normal 0.80181253605093 -0.33212162691303826 0.4967815233764364
    outer loop
      vertex 96.28479820166504 1.5217647632113311 -29.23463313526982
      vertex 96.03264096152 1.5893300920738547 -28.782477141982557
      vertex 95.8741282937389 1.2066466597087648 -28.782477141982557
    endloop
  endfacet
  facet normal 0.656081890078329 -0.27175801689779905 0.7040625922196286
    outer loop
      vertex 95.8741282937389 1.2066466597087648 -28.782477141982557
      vertex 96.03264096152 1.5893300920738547 -28.782477141982557
      vertex 95.67603677265633 1.684881896497434 -28.41329331941753
    endloop
  endfacet
  facet normal 0 -0.4999999999999987 0.8660254037844393
    outer loop
      vertex 88.5 0.7824771419825587 -28.41329331941753
      vertex 94.5 0.7824771419825587 -28.41329331941753
      vertex 88.5 1.2346331352698203 -28.152240934977428
    endloop
  endfacet
  facet normal 0 -0.258819045102525 0.9659258262890671
    outer loop
      vertex 88.5 1.2346331352698203 -28.152240934977428
      vertex 94.5 1.7389476155598969 -28.017110277252378
      vertex 88.5 1.7389476155598969 -28.017110277252378
    endloop
  endfacet
  facet normal 0 -0.4999999999999987 0.8660254037844393
    outer loop
      vertex 88.5 1.2346331352698203 -28.152240934977428
      vertex 94.5 0.7824771419825587 -28.41329331941753
      vertex 94.5 1.2346331352698203 -28.152240934977428
    endloop
  endfacet
  facet normal 0 -0.258819045102525 0.9659258262890671
    outer loop
      vertex 88.5 1.2346331352698203 -28.152240934977428
      vertex 94.5 1.2346331352698203 -28.152240934977428
      vertex 94.5 1.7389476155598969 -28.017110277252378
    endloop
  endfacet
  facet normal 0.06568409490621584 -0.4989202340245248 0.8641551942546343
    outer loop
      vertex 94.5 0.7824771419825587 -28.41329331941753
      vertex 94.81511810350257 0.823963227343675 -28.41329331941753
      vertex 94.5 1.2346331352698203 -28.152240934977428
    endloop
  endfacet
  facet normal 0.19257602219889097 -0.46491964458042206 0.8641551942546352
    outer loop
      vertex 94.81511810350257 0.823963227343675 -28.41329331941753
      vertex 95.10876142900872 0.9455942752686617 -28.41329331941753
      vertex 94.69809152108257 1.2607123787712278 -28.152240934977428
    endloop
  endfacet
  facet normal 0.0656840949062173 -0.4989202340245239 0.8641551942546346
    outer loop
      vertex 94.81511810350257 0.823963227343675 -28.41329331941753
      vertex 94.69809152108257 1.2607123787712278 -28.152240934977428
      vertex 94.5 1.2346331352698203 -28.152240934977428
    endloop
  endfacet
  facet normal 0.19257602219889333 -0.46491964458041957 0.864155194254636
    outer loop
      vertex 95.10876142900872 0.9455942752686617 -28.41329331941753
      vertex 94.88268343236508 1.3371728519288164 -28.152240934977428
      vertex 94.69809152108257 1.2607123787712278 -28.152240934977428
    endloop
  endfacet
  facet normal 0.03405441002122477 -0.258668924975144 0.9653655703464412
    outer loop
      vertex 94.5 1.2346331352698203 -28.152240934977428
      vertex 94.69809152108257 1.2607123787712278 -28.152240934977428
      vertex 94.56756532886253 1.747842759854962 -28.017110277252378
    endloop
  endfacet
  facet normal 0.03405441002122265 -0.25866892497514365 0.9653655703464413
    outer loop
      vertex 94.5 1.2346331352698203 -28.152240934977428
      vertex 94.56756532886253 1.747842759854962 -28.017110277252378
      vertex 94.5 1.7389476155598969 -28.017110277252378
    endloop
  endfacet
  facet normal 0.0998424782983027 -0.24104106520869806 0.9653655703464409
    outer loop
      vertex 94.69809152108257 1.2607123787712278 -28.152240934977428
      vertex 94.88268343236508 1.3371728519288164 -28.152240934977428
      vertex 94.56756532886253 1.747842759854962 -28.017110277252378
    endloop
  endfacet
  facet normal 0.15882644667684143 -0.20698665518747453 0.9653655703464413
    outer loop
      vertex 94.88268343236508 1.3371728519288164 -28.152240934977428
      vertex 95.0411961001462 1.458803899853803 -28.152240934977428
      vertex 94.68459191128251 1.8154080887174855 -28.017110277252378
    endloop
  endfacet
  facet normal 0.30634421182563204 -0.39923554967420544 0.8641551942546357
    outer loop
      vertex 95.10876142900872 0.9455942752686617 -28.41329331941753
      vertex 95.36091866915376 1.139081330846241 -28.41329331941753
      vertex 95.0411961001462 1.458803899853803 -28.152240934977428
    endloop
  endfacet
  facet normal 0.30634421182562777 -0.39923554967420655 0.8641551942546368
    outer loop
      vertex 95.10876142900872 0.9455942752686617 -28.41329331941753
      vertex 95.0411961001462 1.458803899853803 -28.152240934977428
      vertex 94.88268343236508 1.3371728519288164 -28.152240934977428
    endloop
  endfacet
  facet normal 0.399235549674196 -0.3063442118256411 0.864155194254637
    outer loop
      vertex 95.36091866915376 1.139081330846241 -28.41329331941753
      vertex 95.16282714807119 1.6173165676349102 -28.152240934977428
      vertex 95.0411961001462 1.458803899853803 -28.152240934977428
    endloop
  endfacet
  facet normal 0.3992355496742104 -0.30634421182563304 0.8641551942546333
    outer loop
      vertex 95.36091866915376 1.139081330846241 -28.41329331941753
      vertex 95.55440572473134 1.3912385709912793 -28.41329331941753
      vertex 95.16282714807119 1.6173165676349102 -28.152240934977428
    endloop
  endfacet
  facet normal 0.464919644580422 -0.19257602219889944 0.8641551942546334
    outer loop
      vertex 95.55440572473134 1.3912385709912793 -28.41329331941753
      vertex 95.67603677265633 1.684881896497434 -28.41329331941753
      vertex 95.16282714807119 1.6173165676349102 -28.152240934977428
    endloop
  endfacet
  facet normal 0.9582091399530007 -0.12615062648589045 0.2567513652305434
    outer loop
      vertex 96.4153243938851 1.4867903754148588 -29.738947615559898
      vertex 96.34775906502257 2 -29.23463313526982
      vertex 96.28479820166504 1.5217647632113311 -29.23463313526982
    endloop
  endfacet
  facet normal 0.95820913995301 -0.12615062648586672 0.25675136523052056
    outer loop
      vertex 96.4153243938851 1.4867903754148588 -29.738947615559898
      vertex 96.48288972274761 2 -29.738947615559898
      vertex 96.34775906502257 2 -29.23463313526982
    endloop
  endfacet
  facet normal 0.8604508387494529 -0.11328050197254172 0.49678152337643555
    outer loop
      vertex 96.28479820166504 1.5217647632113311 -29.23463313526982
      vertex 96.34775906502257 2 -29.23463313526982
      vertex 96.03264096152 1.5893300920738547 -28.782477141982557
    endloop
  endfacet
  facet normal 0.7040625922196458 -0.09269159872357485 0.7040625922196269
    outer loop
      vertex 95.67603677265633 1.684881896497434 -28.41329331941753
      vertex 96.03264096152 1.5893300920738547 -28.782477141982557
      vertex 96.08670668058247 2 -28.782477141982557
    endloop
  endfacet
  facet normal 0.8604508387494518 -0.11328050197253775 0.4967815233764384
    outer loop
      vertex 96.03264096152 1.5893300920738547 -28.782477141982557
      vertex 96.34775906502257 2 -29.23463313526982
      vertex 96.08670668058247 2 -28.782477141982557
    endloop
  endfacet
  facet normal 0.7040625922196435 -0.09269159872356826 0.7040625922196301
    outer loop
      vertex 95.67603677265633 1.684881896497434 -28.41329331941753
      vertex 96.08670668058247 2 -28.782477141982557
      vertex 95.71752285801745 2 -28.41329331941753
    endloop
  endfacet
  facet normal 0.09984247829831344 -0.24104106520868987 0.9653655703464418
    outer loop
      vertex 94.88268343236508 1.3371728519288164 -28.152240934977428
      vertex 94.63052619222005 1.7739220033563692 -28.017110277252378
      vertex 94.56756532886253 1.747842759854962 -28.017110277252378
    endloop
  endfacet
  facet normal 0.1588264466768408 -0.20698665518747497 0.9653655703464413
    outer loop
      vertex 94.88268343236508 1.3371728519288164 -28.152240934977428
      vertex 94.68459191128251 1.8154080887174855 -28.017110277252378
      vertex 94.63052619222005 1.7739220033563692 -28.017110277252378
    endloop
  endfacet
  facet normal 0.20698665518746812 -0.15882644667684764 0.9653655703464417
    outer loop
      vertex 95.0411961001462 1.458803899853803 -28.152240934977428
      vertex 95.16282714807119 1.6173165676349102 -28.152240934977428
      vertex 94.68459191128251 1.8154080887174855 -28.017110277252378
    endloop
  endfacet
  facet normal 0.20698665518747303 -0.15882644667683637 0.9653655703464424
    outer loop
      vertex 94.68459191128251 1.8154080887174855 -28.017110277252378
      vertex 95.16282714807119 1.6173165676349102 -28.152240934977428
      vertex 94.72607799664362 1.8694738077799484 -28.017110277252378
    endloop
  endfacet
  facet normal 0.24104106520868204 -0.0998424782983187 0.9653655703464433
    outer loop
      vertex 94.72607799664362 1.8694738077799484 -28.017110277252378
      vertex 95.16282714807119 1.6173165676349102 -28.152240934977428
      vertex 94.75215724014504 1.9324346711374765 -28.017110277252378
    endloop
  endfacet
  facet normal 0.25866892497514327 -0.03405441002123328 0.9653655703464412
    outer loop
      vertex 94.75215724014504 1.9324346711374765 -28.017110277252378
      vertex 95.23928762122877 1.8019084789174247 -28.152240934977428
      vertex 94.7610523844401 2 -28.017110277252378
    endloop
  endfacet
  facet normal 0.46491964458042156 -0.1925760221988718 0.8641551942546396
    outer loop
      vertex 95.67603677265633 1.684881896497434 -28.41329331941753
      vertex 95.23928762122877 1.8019084789174247 -28.152240934977428
      vertex 95.16282714807119 1.6173165676349102 -28.152240934977428
    endloop
  endfacet
  facet normal 0.24104106520870153 -0.0998424782982924 0.965365570346441
    outer loop
      vertex 94.75215724014504 1.9324346711374765 -28.017110277252378
      vertex 95.16282714807119 1.6173165676349102 -28.152240934977428
      vertex 95.23928762122877 1.8019084789174247 -28.152240934977428
    endloop
  endfacet
  facet normal 0.2586689249751434 -0.034054410021233016 0.9653655703464411
    outer loop
      vertex 94.7610523844401 2 -28.017110277252378
      vertex 95.23928762122877 1.8019084789174247 -28.152240934977428
      vertex 95.26536686473018 2 -28.152240934977428
    endloop
  endfacet
  facet normal 0.49892023402451263 -0.06568409490623163 0.8641551942546399
    outer loop
      vertex 95.67603677265633 1.684881896497434 -28.41329331941753
      vertex 95.26536686473018 2 -28.152240934977428
      vertex 95.23928762122877 1.8019084789174247 -28.152240934977428
    endloop
  endfacet
  facet normal 0.4989202340245234 -0.06568409490621369 0.8641551942546353
    outer loop
      vertex 95.67603677265633 1.684881896497434 -28.41329331941753
      vertex 95.71752285801745 2 -28.41329331941753
      vertex 95.26536686473018 2 -28.152240934977428
    endloop
  endfacet
  facet normal 0 0 -1
    outer loop
      vertex 94.68461644304827 1.8280122541845942 -50.48288972274762
      vertex 94.63052619222005 1.7739220033563692 -50.48288972274762
      vertex 94.72607799664362 23.130526192220053 -50.48288972274762
    endloop
  endfacet
  facet normal 0.2588190451025248 0 -0.9659258262890672
    outer loop
      vertex 94.7610523844401 23 -50.48288972274762
      vertex 95.26536686473018 2 -50.34775906502257
      vertex 94.7610523844401 2 -50.48288972274762
    endloop
  endfacet
  facet normal 0.9659258262890706 0 -0.25881904510251214
    outer loop
      vertex 96.48288972274761 23 -48.761052384440106
      vertex 96.48288972274761 2 -48.761052384440106
      vertex 96.34775906502257 2 -49.26536686473018
    endloop
  endfacet
  facet normal 1 0 0
    outer loop
      vertex 96.48288972274761 2 -48.761052384440106
      vertex 96.48288972274761 23 -48.761052384440106
      vertex 96.48288972274761 2 -42.238947615559894
    endloop
  endfacet
  facet normal 1 0 0
    outer loop
      vertex 96.48288972274761 23 -48.761052384440106
      vertex 96.48288972274761 2 -29.738947615559898
      vertex 96.48288972274761 2 -42.238947615559894
    endloop
  endfacet
  facet normal 0.5000000000000142 0 -0.8660254037844305
    outer loop
      vertex 95.71752285801745 23 -50.08670668058247
      vertex 95.71752285801745 2 -50.08670668058247
      vertex 95.49144486137382 12.5 -50.217232872802526
    endloop
  endfacet
  facet normal 0.7071067811865612 0 -0.707106781186534
    outer loop
      vertex 96.08670668058247 23 -49.71752285801744
      vertex 96.08670668058247 2 -49.71752285801744
      vertex 95.90211476929996 12.5 -49.902114769299956
    endloop
  endfacet
  facet normal 0.8660254037844423 0 -0.4999999999999938
    outer loop
      vertex 96.34775906502257 2 -49.26536686473018
      vertex 96.21723287280253 12.5 -49.49144486137381
      vertex 96.34775906502257 23 -49.26536686473018
    endloop
  endfacet
  facet normal -1 0 0
    outer loop
      vertex 86.51711027725239 2 -29.738947615559898
      vertex 86.51711027725239 23 -29.738947615559898
      vertex 86.51711027725239 2 -40.51711027725238
    endloop
  endfacet
  facet normal -0.9659258262890706 0 0.25881904510251214
    outer loop
      vertex 86.51711027725239 2 -29.738947615559898
      vertex 86.65224093497743 2 -29.23463313526982
      vertex 86.65224093497743 23 -29.23463313526982
    endloop
  endfacet
  facet normal -0.8660254037844373 0 0.5000000000000023
    outer loop
      vertex 86.65224093497743 2 -29.23463313526982
      vertex 86.91329331941753 2 -28.782477141982557
      vertex 86.91329331941753 23 -28.782477141982557
    endloop
  endfacet
  facet normal -0.7071067811865543 0 0.7071067811865408
    outer loop
      vertex 86.91329331941753 2 -28.782477141982557
      vertex 87.28247714198255 2 -28.41329331941753
      vertex 87.28247714198255 23 -28.41329331941753
    endloop
  endfacet
  facet normal -0.4999999999999972 0 0.8660254037844402
    outer loop
      vertex 87.28247714198255 2 -28.41329331941753
      vertex 87.73463313526982 2 -28.152240934977428
      vertex 87.28247714198255 23 -28.41329331941753
    endloop
  endfacet
  facet normal 0 0 1
    outer loop
      vertex 88.36947380777995 1.7739220033563692 -28.017110277252378
      vertex 88.43243467113747 23.25215724014504 -28.017110277252378
      vertex 88.31540808871749 1.8154080887174855 -28.017110277252378
    endloop
  endfacet
  facet normal 0 0 1
    outer loop
      vertex 88.31540808871749 1.8154080887174855 -28.017110277252378
      vertex 88.43243467113747 23.25215724014504 -28.017110277252378
      vertex 88.27392200335638 1.8694738077799484 -28.017110277252378
    endloop
  endfacet
  facet normal 0 0 1
    outer loop
      vertex 88.43243467113747 1.747842759854962 -28.017110277252378
      vertex 88.5 1.7389476155598969 -28.017110277252378
      vertex 88.43243467113747 23.25215724014504 -28.017110277252378
    endloop
  endfacet
  facet normal 0 0 1
    outer loop
      vertex 88.43243467113747 1.747842759854962 -28.017110277252378
      vertex 88.43243467113747 23.25215724014504 -28.017110277252378
      vertex 88.36947380777995 1.7739220033563692 -28.017110277252378
    endloop
  endfacet
  facet normal -0.2588190451025248 0 0.9659258262890672
    outer loop
      vertex 87.73463313526982 2 -28.152240934977428
      vertex 88.2389476155599 2 -28.017110277252378
      vertex 88.2389476155599 23 -28.017110277252378
    endloop
  endfacet
  facet normal 0 0 1
    outer loop
      vertex 88.27392200335638 1.8694738077799484 -28.017110277252378
      vertex 88.43243467113747 23.25215724014504 -28.017110277252378
      vertex 88.24784275985496 1.9324346711374765 -28.017110277252378
    endloop
  endfacet
  facet normal 0 0 1
    outer loop
      vertex 88.24784275985496 1.9324346711374765 -28.017110277252378
      vertex 88.43243467113747 23.25215724014504 -28.017110277252378
      vertex 88.2389476155599 2 -28.017110277252378
    endloop
  endfacet
  facet normal 0.9659258262890706 0 0.25881904510251214
    outer loop
      vertex 96.48288972274761 2 -29.738947615559898
      vertex 96.48288972274761 23 -29.738947615559898
      vertex 96.34775906502257 2 -29.23463313526982
    endloop
  endfacet
  facet normal 0.8660254037844373 0 0.5000000000000023
    outer loop
      vertex 96.34775906502257 2 -29.23463313526982
      vertex 96.08670668058247 23 -28.782477141982557
      vertex 96.08670668058247 2 -28.782477141982557
    endloop
  endfacet
  facet normal 0.7071067811865543 0 0.7071067811865408
    outer loop
      vertex 95.71752285801745 2 -28.41329331941753
      vertex 96.08670668058247 2 -28.782477141982557
      vertex 96.08670668058247 23 -28.782477141982557
    endloop
  endfacet
  facet normal 0 0 1
    outer loop
      vertex 88.5 1.7389476155598969 -28.017110277252378
      vertex 94.5 1.7389476155598969 -28.017110277252378
      vertex 88.43243467113747 23.25215724014504 -28.017110277252378
    endloop
  endfacet
  facet normal 0 0 1
    outer loop
      vertex 94.5 1.7389476155598969 -28.017110277252378
      vertex 94.56756532886253 1.747842759854962 -28.017110277252378
      vertex 88.43243467113747 23.25215724014504 -28.017110277252378
    endloop
  endfacet
  facet normal 0 0 1
    outer loop
      vertex 94.56756532886253 1.747842759854962 -28.017110277252378
      vertex 94.63052619222005 1.7739220033563692 -28.017110277252378
      vertex 88.43243467113747 23.25215724014504 -28.017110277252378
    endloop
  endfacet
  facet normal 0 0 1
    outer loop
      vertex 94.63052619222005 1.7739220033563692 -28.017110277252378
      vertex 94.68459191128251 1.8154080887174855 -28.017110277252378
      vertex 88.43243467113747 23.25215724014504 -28.017110277252378
    endloop
  endfacet
  facet normal 0 0 1
    outer loop
      vertex 94.68459191128251 1.8154080887174855 -28.017110277252378
      vertex 94.72607799664362 1.8694738077799484 -28.017110277252378
      vertex 88.43243467113747 23.25215724014504 -28.017110277252378
    endloop
  endfacet
  facet normal 0 0 1
    outer loop
      vertex 94.72607799664362 1.8694738077799484 -28.017110277252378
      vertex 94.75215724014504 1.9324346711374765 -28.017110277252378
      vertex 88.43243467113747 23.25215724014504 -28.017110277252378
    endloop
  endfacet
  facet normal 0 0 1
    outer loop
      vertex 94.75215724014504 1.9324346711374765 -28.017110277252378
      vertex 94.7610523844401 2 -28.017110277252378
      vertex 88.43243467113747 23.25215724014504 -28.017110277252378
    endloop
  endfacet
  facet normal 0.2588190451025248 0 0.9659258262890672
    outer loop
      vertex 94.7610523844401 2 -28.017110277252378
      vertex 95.26536686473018 2 -28.152240934977428
      vertex 95.26536686473018 23 -28.152240934977428
    endloop
  endfacet
  facet normal 0.4999999999999972 0 0.8660254037844402
    outer loop
      vertex 95.71752285801745 2 -28.41329331941753
      vertex 95.26536686473018 23 -28.152240934977428
      vertex 95.26536686473018 2 -28.152240934977428
    endloop
  endfacet
  facet normal 0.2588190451025248 0 -0.9659258262890672
    outer loop
      vertex 94.7610523844401 23 -50.48288972274762
      vertex 95.26536686473018 23 -50.34775906502257
      vertex 95.26536686473018 2 -50.34775906502257
    endloop
  endfacet
  facet normal 1 0 0
    outer loop
      vertex 96.48288972274761 2 -29.738947615559898
      vertex 96.48288972274761 23 -48.761052384440106
      vertex 96.48288972274761 23 -42.238947615559894
    endloop
  endfacet
  facet normal -1 0 0
    outer loop
      vertex 86.51711027725239 23 -29.738947615559898
      vertex 86.51711027725239 23 -40.51711027725238
      vertex 86.51711027725239 2 -40.51711027725238
    endloop
  endfacet
  facet normal 1 0 0
    outer loop
      vertex 96.48288972274761 2 -29.738947615559898
      vertex 96.48288972274761 23 -42.238947615559894
      vertex 96.48288972274761 23 -29.738947615559898
    endloop
  endfacet
  facet normal -0.9659258262890706 0 0.25881904510251214
    outer loop
      vertex 86.51711027725239 2 -29.738947615559898
      vertex 86.65224093497743 23 -29.23463313526982
      vertex 86.51711027725239 23 -29.738947615559898
    endloop
  endfacet
  facet normal -0.8660254037844373 0 0.5000000000000023
    outer loop
      vertex 86.65224093497743 2 -29.23463313526982
      vertex 86.91329331941753 23 -28.782477141982557
      vertex 86.65224093497743 23 -29.23463313526982
    endloop
  endfacet
  facet normal -0.7071067811865543 0 0.7071067811865408
    outer loop
      vertex 86.91329331941753 2 -28.782477141982557
      vertex 87.28247714198255 23 -28.41329331941753
      vertex 86.91329331941753 23 -28.782477141982557
    endloop
  endfacet
  facet normal -0.4999999999999972 0 0.8660254037844402
    outer loop
      vertex 87.73463313526982 2 -28.152240934977428
      vertex 87.73463313526982 23 -28.152240934977428
      vertex 87.28247714198255 23 -28.41329331941753
    endloop
  endfacet
  facet normal -0.2588190451025248 0 0.9659258262890672
    outer loop
      vertex 87.73463313526982 2 -28.152240934977428
      vertex 88.2389476155599 23 -28.017110277252378
      vertex 87.73463313526982 23 -28.152240934977428
    endloop
  endfacet
  facet normal 0 0 1
    outer loop
      vertex 88.2389476155599 2 -28.017110277252378
      vertex 88.43243467113747 23.25215724014504 -28.017110277252378
      vertex 88.2389476155599 23 -28.017110277252378
    endloop
  endfacet
  facet normal 0.9659258262890706 0 0.25881904510251214
    outer loop
      vertex 96.34775906502257 2 -29.23463313526982
      vertex 96.48288972274761 23 -29.738947615559898
      vertex 96.34775906502257 23 -29.23463313526982
    endloop
  endfacet
  facet normal 0.8660254037844373 0 0.5000000000000023
    outer loop
      vertex 96.34775906502257 2 -29.23463313526982
      vertex 96.34775906502257 23 -29.23463313526982
      vertex 96.08670668058247 23 -28.782477141982557
    endloop
  endfacet
  facet normal 0.7071067811865543 0 0.7071067811865408
    outer loop
      vertex 95.71752285801745 2 -28.41329331941753
      vertex 96.08670668058247 23 -28.782477141982557
      vertex 95.71752285801745 23 -28.41329331941753
    endloop
  endfacet
  facet normal 0 0 1
    outer loop
      vertex 94.7610523844401 2 -28.017110277252378
      vertex 94.7610523844401 23 -28.017110277252378
      vertex 88.43243467113747 23.25215724014504 -28.017110277252378
    endloop
  endfacet
  facet normal 0.2588190451025248 0 0.9659258262890672
    outer loop
      vertex 94.7610523844401 2 -28.017110277252378
      vertex 95.26536686473018 23 -28.152240934977428
      vertex 94.7610523844401 23 -28.017110277252378
    endloop
  endfacet
  facet normal 0.4999999999999972 0 0.8660254037844402
    outer loop
      vertex 95.71752285801745 2 -28.41329331941753
      vertex 95.71752285801745 23 -28.41329331941753
      vertex 95.26536686473018 23 -28.152240934977428
    endloop
  endfacet
  facet normal 0 0 -1
    outer loop
      vertex 94.72607799664362 23.130526192220053 -50.48288972274762
      vertex 94.75215724014504 23.067565328862525 -50.48288972274762
      vertex 94.75196502378596 23.03391449166796 -50.48288972274762
    endloop
  endfacet
  facet normal 0.25866892497514343 0.03405441002123311 -0.9653655703464411
    outer loop
      vertex 95.26536686473018 23 -50.34775906502257
      vertex 94.75215724014504 23.067565328862525 -50.48288972274762
      vertex 95.23928762122877 23.198091521082574 -50.34775906502257
    endloop
  endfacet
  facet normal 0.4649196445804172 0.19257602219886713 -0.864155194254643
    outer loop
      vertex 95.67603677265633 23.315118103502567 -50.08670668058247
      vertex 95.23928762122877 23.198091521082574 -50.34775906502257
      vertex 95.16282714807119 23.38268343236509 -50.34775906502257
    endloop
  endfacet
  facet normal 1.4497428903167283e-15 0.2588190451025087 -0.9659258262890715
    outer loop
      vertex 88.5 23.261052384440102 -50.48288972274762
      vertex 88.5 23.33309731019583 -50.463585343072616
      vertex 94.5 23.76536686473018 -50.34775906502257
    endloop
  endfacet
  facet normal 0 0.2588190451025248 -0.9659258262890673
    outer loop
      vertex 94.5 23.261052384440102 -50.48288972274762
      vertex 88.5 23.261052384440102 -50.48288972274762
      vertex 94.5 23.76536686473018 -50.34775906502257
    endloop
  endfacet
  facet normal 1.705579870960892e-16 0.8660254037844358 -0.5000000000000049
    outer loop
      vertex 88.5 24.58670668058247 -49.71752285801744
      vertex 88.5 24.810465867245416 -49.329960578056934
      vertex 94.5 24.847759065022572 -49.26536686473018
    endloop
  endfacet
  facet normal 0 0.9659258262890673 -0.2588190451025248
    outer loop
      vertex 94.5 24.847759065022572 -49.26536686473018
      vertex 88.5 24.847759065022572 -49.26536686473018
      vertex 88.5 24.982889722747622 -48.761052384440106
    endloop
  endfacet
  facet normal 0 0.8660254037844368 -0.5000000000000032
    outer loop
      vertex 94.5 24.58670668058247 -49.71752285801744
      vertex 88.5 24.58670668058247 -49.71752285801744
      vertex 94.5 24.847759065022572 -49.26536686473018
    endloop
  endfacet
  facet normal 0.06568409490621485 0.4989202340245182 -0.864155194254638
    outer loop
      vertex 94.69809152108257 23.739287621228772 -50.34775906502257
      vertex 94.5 23.76536686473018 -50.34775906502257
      vertex 94.5 24.217522858017443 -50.08670668058247
    endloop
  endfacet
  facet normal 0.0656840949062179 0.49892023402451907 -0.8641551942546374
    outer loop
      vertex 94.81511810350257 24.176036772656325 -50.08670668058247
      vertex 94.69809152108257 23.739287621228772 -50.34775906502257
      vertex 94.5 24.217522858017443 -50.08670668058247
    endloop
  endfacet
  facet normal 0.46491964458041773 0.1925760221988987 -0.8641551942546359
    outer loop
      vertex 95.67603677265633 23.315118103502567 -50.08670668058247
      vertex 95.16282714807119 23.38268343236509 -50.34775906502257
      vertex 95.55440572473134 23.60876142900872 -50.08670668058247
    endloop
  endfacet
  facet normal 0.6560818900783357 0.27175801689780066 -0.7040625922196216
    outer loop
      vertex 95.67603677265633 23.315118103502567 -50.08670668058247
      vertex 95.8741282937389 23.793353340291237 -49.71752285801744
      vertex 96.03264096152 23.410669907926145 -49.71752285801744
    endloop
  endfacet
  facet normal 0.5633902913547439 0.43230457532182937 -0.7040625922196332
    outer loop
      vertex 95.8741282937389 23.793353340291237 -49.71752285801744
      vertex 95.36091866915376 23.860918669153758 -50.08670668058247
      vertex 95.62197105359387 24.12197105359386 -49.71752285801744
    endloop
  endfacet
  facet normal 0.09269159872357437 0.7040625922196391 -0.7040625922196336
    outer loop
      vertex 94.91066990792615 24.53264096152001 -49.71752285801744
      vertex 94.81511810350257 24.176036772656325 -50.08670668058247
      vertex 94.5 24.217522858017443 -50.08670668058247
    endloop
  endfacet
  facet normal 0.12615062648588513 0.9582091399530044 -0.25675136523053244
    outer loop
      vertex 95.01320962458514 24.915324393885097 -48.761052384440106
      vertex 94.5 24.847759065022572 -49.26536686473018
      vertex 94.5 24.982889722747622 -48.761052384440106
    endloop
  endfacet
  facet normal 0.6087614290087179 0.7933533402912373 0
    outer loop
      vertex 95.90211476929996 24.402114769299956 -48.761052384440106
      vertex 95.49144486137381 24.717232872802523 -48.761052384440106
      vertex 95.90211476929996 24.402114769299956 -42.238947615559894
    endloop
  endfacet
  facet normal -0.13052619222005316 0.9914448613738102 0
    outer loop
      vertex 88.5 24.982889722747622 -29.738947615559898
      vertex 88.5 24.982889722747622 -42.238947615559894
      vertex 87.98679037541486 24.915324393885097 -41.986790375414856
    endloop
  endfacet
  facet normal 0.9914448613738128 0.1305261922200338 0
    outer loop
      vertex 96.48288972274761 23 -29.738947615559898
      vertex 96.48288972274761 23 -42.238947615559894
      vertex 96.4153243938851 23.51320962458514 -42.238947615559894
    endloop
  endfacet
  facet normal 0 1 0
    outer loop
      vertex 94.5 24.982889722747622 -29.738947615559898
      vertex 94.5 24.982889722747622 -42.238947615559894
      vertex 88.5 24.982889722747622 -42.238947615559894
    endloop
  endfacet
  facet normal 0.9238795325112877 0.3826834323650873 0
    outer loop
      vertex 96.4153243938851 23.51320962458514 -29.738947615559898
      vertex 96.4153243938851 23.51320962458514 -42.238947615559894
      vertex 96.21723287280253 23.99144486137381 -42.238947615559894
    endloop
  endfacet
  facet normal 0.7933533402912314 0.6087614290087254 0
    outer loop
      vertex 96.21723287280253 23.99144486137381 -29.738947615559898
      vertex 96.21723287280253 23.99144486137381 -42.238947615559894
      vertex 95.90211476929996 24.402114769299956 -42.238947615559894
    endloop
  endfacet
  facet normal 0.13052619222005316 0.9914448613738102 0
    outer loop
      vertex 95.01320962458514 24.915324393885097 -29.738947615559898
      vertex 95.01320962458514 24.915324393885097 -42.238947615559894
      vertex 94.5 24.982889722747622 -42.238947615559894
    endloop
  endfacet
  facet normal 0.608761429008718 0.7933533402912374 0
    outer loop
      vertex 95.90211476929996 24.402114769299956 -29.738947615559898
      vertex 95.90211476929996 24.402114769299956 -42.238947615559894
      vertex 95.49144486137381 24.717232872802523 -42.238947615559894
    endloop
  endfacet
  facet normal 0.38268343236509217 0.9238795325112859 0
    outer loop
      vertex 95.49144486137381 24.717232872802523 -29.738947615559898
      vertex 95.49144486137381 24.717232872802523 -42.238947615559894
      vertex 95.01320962458514 24.915324393885097 -42.238947615559894
    endloop
  endfacet
  facet normal -0.9914448613738132 0.13052619222003073 0
    outer loop
      vertex 86.51711027725239 23 -29.738947615559898
      vertex 86.55147847566506 23.261052384440102 -40.51711027725238
      vertex 86.51711027725239 23 -40.51711027725238
    endloop
  endfacet
  facet normal -0.9914448613738128 0.1305261922200338 7.586633813583403e-17
    outer loop
      vertex 86.51711027725239 23 -29.738947615559898
      vertex 86.5846756061149 23.51320962458514 -29.738947615559898
      vertex 86.55147847566506 23.261052384440102 -40.51711027725238
    endloop
  endfacet
  facet normal -0.9914448613738123 0.13052619222003697 0
    outer loop
      vertex 86.5846756061149 23.51320962458514 -29.738947615559898
      vertex 86.5846756061149 23.51320962458514 -40.58467560611491
      vertex 86.55147847566506 23.261052384440102 -40.51711027725238
    endloop
  endfacet
  facet normal -0.9238795325112845 0.38268343236509506 -4.007932636364514e-16
    outer loop
      vertex 86.78276712719747 23.99144486137381 -29.738947615559898
      vertex 86.68912255483355 23.76536686473018 -40.65224093497743
      vertex 86.5846756061149 23.51320962458514 -40.58467560611491
    endloop
  endfacet
  facet normal -0.9238795325112914 0.38268343236507857 0
    outer loop
      vertex 86.78276712719747 23.99144486137381 -29.738947615559898
      vertex 86.78276712719747 23.99144486137381 -40.782767127197474
      vertex 86.68912255483355 23.76536686473018 -40.65224093497743
    endloop
  endfacet
  facet normal -0.7933533402912277 0.6087614290087305 -2.913988670310748e-16
    outer loop
      vertex 87.09788523070004 24.402114769299956 -29.738947615559898
      vertex 86.95624287541035 24.217522858017443 -40.91329331941753
      vertex 86.78276712719747 23.99144486137381 -40.782767127197474
    endloop
  endfacet
  facet normal -0.7933533402912363 0.6087614290087194 0
    outer loop
      vertex 87.09788523070004 24.402114769299956 -29.738947615559898
      vertex 87.09788523070004 24.402114769299956 -41.097885230700044
      vertex 86.95624287541035 24.217522858017443 -40.91329331941753
    endloop
  endfacet
  facet normal -0.6087614290087198 0.7933533402912357 1.1369227063134532e-16
    outer loop
      vertex 87.50855513862619 24.717232872802523 -29.738947615559898
      vertex 87.33845009310467 24.58670668058247 -41.28247714198256
      vertex 87.09788523070004 24.402114769299956 -41.097885230700044
    endloop
  endfacet
  facet normal -0.6087614290087149 0.7933533402912394 0
    outer loop
      vertex 87.50855513862619 24.717232872802523 -29.738947615559898
      vertex 87.50855513862619 24.717232872802523 -41.50855513862619
      vertex 87.33845009310467 24.58670668058247 -41.28247714198256
    endloop
  endfacet
  facet normal -0.3826834323650947 0.9238795325112846 1.2260655906805887e-16
    outer loop
      vertex 87.98679037541486 24.915324393885097 -29.738947615559898
      vertex 87.82367324212875 24.847759065022572 -41.73463313526982
      vertex 87.50855513862619 24.717232872802523 -41.50855513862619
    endloop
  endfacet
  facet normal -0.382683432365087 0.9238795325112878 0
    outer loop
      vertex 87.98679037541486 24.915324393885097 -29.738947615559898
      vertex 87.98679037541486 24.915324393885097 -41.986790375414856
      vertex 87.82367324212875 24.847759065022572 -41.73463313526982
    endloop
  endfacet
  facet normal -0.9238795325112878 0.3826834323650873 0
    outer loop
      vertex 86.5846756061149 23.51320962458514 -29.738947615559898
      vertex 86.78276712719747 23.99144486137381 -29.738947615559898
      vertex 86.5846756061149 23.51320962458514 -40.58467560611491
    endloop
  endfacet
  facet normal -0.7933533402912315 0.6087614290087255 0
    outer loop
      vertex 86.78276712719747 23.99144486137381 -29.738947615559898
      vertex 87.09788523070004 24.402114769299956 -29.738947615559898
      vertex 86.78276712719747 23.99144486137381 -40.782767127197474
    endloop
  endfacet
  facet normal -0.6087614290087179 0.7933533402912373 0
    outer loop
      vertex 87.09788523070004 24.402114769299956 -29.738947615559898
      vertex 87.50855513862619 24.717232872802523 -29.738947615559898
      vertex 87.09788523070004 24.402114769299956 -41.097885230700044
    endloop
  endfacet
  facet normal -0.38268343236509217 0.9238795325112857 0
    outer loop
      vertex 87.50855513862619 24.717232872802523 -29.738947615559898
      vertex 87.98679037541486 24.915324393885097 -29.738947615559898
      vertex 87.50855513862619 24.717232872802523 -41.50855513862619
    endloop
  endfacet
  facet normal -0.13052619222005316 0.9914448613738102 0
    outer loop
      vertex 87.98679037541486 24.915324393885097 -29.738947615559898
      vertex 88.5 24.982889722747622 -29.738947615559898
      vertex 87.98679037541486 24.915324393885097 -41.986790375414856
    endloop
  endfacet
  facet normal 0.9914448613738128 0.1305261922200338 0
    outer loop
      vertex 96.48288972274761 23 -29.738947615559898
      vertex 96.4153243938851 23.51320962458514 -42.238947615559894
      vertex 96.4153243938851 23.51320962458514 -29.738947615559898
    endloop
  endfacet
  facet normal 0 1 0
    outer loop
      vertex 88.5 24.982889722747622 -29.738947615559898
      vertex 94.5 24.982889722747622 -29.738947615559898
      vertex 88.5 24.982889722747622 -42.238947615559894
    endloop
  endfacet
  facet normal 0.9238795325112877 0.3826834323650873 0
    outer loop
      vertex 96.4153243938851 23.51320962458514 -29.738947615559898
      vertex 96.21723287280253 23.99144486137381 -42.238947615559894
      vertex 96.21723287280253 23.99144486137381 -29.738947615559898
    endloop
  endfacet
  facet normal 0.13052619222005316 0.9914448613738102 0
    outer loop
      vertex 94.5 24.982889722747622 -29.738947615559898
      vertex 95.01320962458514 24.915324393885097 -29.738947615559898
      vertex 94.5 24.982889722747622 -42.238947615559894
    endloop
  endfacet
  facet normal 0.7933533402912314 0.6087614290087254 0
    outer loop
      vertex 96.21723287280253 23.99144486137381 -29.738947615559898
      vertex 95.90211476929996 24.402114769299956 -42.238947615559894
      vertex 95.90211476929996 24.402114769299956 -29.738947615559898
    endloop
  endfacet
  facet normal 0.608761429008718 0.7933533402912374 0
    outer loop
      vertex 95.90211476929996 24.402114769299956 -29.738947615559898
      vertex 95.49144486137381 24.717232872802523 -42.238947615559894
      vertex 95.49144486137381 24.717232872802523 -29.738947615559898
    endloop
  endfacet
  facet normal 0.38268343236509217 0.9238795325112859 0
    outer loop
      vertex 95.49144486137381 24.717232872802523 -29.738947615559898
      vertex 95.01320962458514 24.915324393885097 -42.238947615559894
      vertex 95.01320962458514 24.915324393885097 -29.738947615559898
    endloop
  endfacet
  facet normal -0.95820913995301 0.12615062648586683 0.2567513652305205
    outer loop
      vertex 86.51711027725239 23 -29.738947615559898
      vertex 86.65224093497743 23 -29.23463313526982
      vertex 86.5846756061149 23.51320962458514 -29.738947615559898
    endloop
  endfacet
  facet normal -0.958209139953001 0.12615062648589015 0.256751365230543
    outer loop
      vertex 86.65224093497743 23 -29.23463313526982
      vertex 86.71520179833496 23.47823523678867 -29.23463313526982
      vertex 86.5846756061149 23.51320962458514 -29.738947615559898
    endloop
  endfacet
  facet normal -0.8604508387494517 0.11328050197253778 0.4967815233764384
    outer loop
      vertex 86.65224093497743 23 -29.23463313526982
      vertex 86.91329331941753 23 -28.782477141982557
      vertex 86.96735903848 23.410669907926145 -28.782477141982557
    endloop
  endfacet
  facet normal -0.7040625922196436 0.09269159872356807 0.7040625922196301
    outer loop
      vertex 86.91329331941753 23 -28.782477141982557
      vertex 87.28247714198255 23 -28.41329331941753
      vertex 87.32396322734367 23.315118103502567 -28.41329331941753
    endloop
  endfacet
  facet normal -0.8604508387494528 0.11328050197254139 0.49678152337643583
    outer loop
      vertex 86.65224093497743 23 -29.23463313526982
      vertex 86.96735903848 23.410669907926145 -28.782477141982557
      vertex 86.71520179833496 23.47823523678867 -29.23463313526982
    endloop
  endfacet
  facet normal -0.7040625922196458 0.09269159872357491 0.7040625922196269
    outer loop
      vertex 86.91329331941753 23 -28.782477141982557
      vertex 87.32396322734367 23.315118103502567 -28.41329331941753
      vertex 86.96735903848 23.410669907926145 -28.782477141982557
    endloop
  endfacet
  facet normal -0.2586689249751433 0.03405441002123226 0.9653655703464411
    outer loop
      vertex 87.73463313526982 23 -28.152240934977428
      vertex 88.2389476155599 23 -28.017110277252378
      vertex 88.24784275985496 23.067565328862525 -28.017110277252378
    endloop
  endfacet
  facet normal -0.4989202340245234 0.0656840949062136 0.8641551942546353
    outer loop
      vertex 87.28247714198255 23 -28.41329331941753
      vertex 87.73463313526982 23 -28.152240934977428
      vertex 87.32396322734367 23.315118103502567 -28.41329331941753
    endloop
  endfacet
  facet normal -0.49892023402451235 0.06568409490623198 0.8641551942546402
    outer loop
      vertex 87.32396322734367 23.315118103502567 -28.41329331941753
      vertex 87.73463313526982 23 -28.152240934977428
      vertex 87.76071237877123 23.198091521082574 -28.152240934977428
    endloop
  endfacet
  facet normal -0.25866892497514343 0.03405441002123311 0.9653655703464411
    outer loop
      vertex 87.73463313526982 23 -28.152240934977428
      vertex 88.24784275985496 23.067565328862525 -28.017110277252378
      vertex 87.76071237877123 23.198091521082574 -28.152240934977428
    endloop
  endfacet
  facet normal -0.24104106520870228 0.09984247829829135 0.965365570346441
    outer loop
      vertex 87.76071237877123 23.198091521082574 -28.152240934977428
      vertex 88.24784275985496 23.067565328862525 -28.017110277252378
      vertex 87.83717285192881 23.38268343236509 -28.152240934977428
    endloop
  endfacet
  facet normal -0.24104106520868196 0.09984247829831858 0.9653655703464433
    outer loop
      vertex 87.83717285192881 23.38268343236509 -28.152240934977428
      vertex 88.24784275985496 23.067565328862525 -28.017110277252378
      vertex 88.27392200335638 23.130526192220053 -28.017110277252378
    endloop
  endfacet
  facet normal -0.4649196445804219 0.19257602219886918 0.8641551942546402
    outer loop
      vertex 87.32396322734367 23.315118103502567 -28.41329331941753
      vertex 87.76071237877123 23.198091521082574 -28.152240934977428
      vertex 87.83717285192881 23.38268343236509 -28.152240934977428
    endloop
  endfacet
  facet normal -0.20698665518747036 0.15882644667684098 0.9653655703464422
    outer loop
      vertex 87.83717285192881 23.38268343236509 -28.152240934977428
      vertex 88.27392200335638 23.130526192220053 -28.017110277252378
      vertex 88.31540808871749 23.184591911282514 -28.017110277252378
    endloop
  endfacet
  facet normal -0.20698665518746748 0.1588264466768474 0.9653655703464418
    outer loop
      vertex 87.83717285192881 23.38268343236509 -28.152240934977428
      vertex 88.31540808871749 23.184591911282514 -28.017110277252378
      vertex 87.9588038998538 23.5411961001462 -28.152240934977428
    endloop
  endfacet
  facet normal 0 0 1
    outer loop
      vertex 88.2389476155599 23 -28.017110277252378
      vertex 88.43243467113747 23.25215724014504 -28.017110277252378
      vertex 88.24784275985496 23.067565328862525 -28.017110277252378
    endloop
  endfacet
  facet normal 0 0 1
    outer loop
      vertex 88.24784275985496 23.067565328862525 -28.017110277252378
      vertex 88.43243467113747 23.25215724014504 -28.017110277252378
      vertex 88.27392200335638 23.130526192220053 -28.017110277252378
    endloop
  endfacet
  facet normal 0 0 1
    outer loop
      vertex 88.27392200335638 23.130526192220053 -28.017110277252378
      vertex 88.43243467113747 23.25215724014504 -28.017110277252378
      vertex 88.31540808871749 23.184591911282514 -28.017110277252378
    endloop
  endfacet
  facet normal 0 0 1
    outer loop
      vertex 88.31540808871749 23.184591911282514 -28.017110277252378
      vertex 88.43243467113747 23.25215724014504 -28.017110277252378
      vertex 88.36947380777995 23.22607799664363 -28.017110277252378
    endloop
  endfacet
  facet normal -0.15882644667684423 0.2069866551874706 0.9653655703464417
    outer loop
      vertex 88.31540808871749 23.184591911282514 -28.017110277252378
      vertex 88.36947380777995 23.22607799664363 -28.017110277252378
      vertex 87.9588038998538 23.5411961001462 -28.152240934977428
    endloop
  endfacet
  facet normal -0.09984247829831217 0.24104106520869115 0.9653655703464417
    outer loop
      vertex 88.36947380777995 23.22607799664363 -28.017110277252378
      vertex 88.43243467113747 23.25215724014504 -28.017110277252378
      vertex 88.11731656763492 23.662827148071184 -28.152240934977428
    endloop
  endfacet
  facet normal -0.8929087705806827 0.3698549227363978 0.2567513652305411
    outer loop
      vertex 86.5846756061149 23.51320962458514 -29.738947615559898
      vertex 86.71520179833496 23.47823523678867 -29.23463313526982
      vertex 86.89979370961747 23.923879532511286 -29.23463313526982
    endloop
  endfacet
  facet normal -0.8929087705806821 0.36985492273640214 0.25675136523053715
    outer loop
      vertex 86.5846756061149 23.51320962458514 -29.738947615559898
      vertex 86.89979370961747 23.923879532511286 -29.23463313526982
      vertex 86.78276712719747 23.99144486137381 -29.738947615559898
    endloop
  endfacet
  facet normal -0.80181253605093 0.33212162691303687 0.49678152337643716
    outer loop
      vertex 86.96735903848 23.410669907926145 -28.782477141982557
      vertex 87.1258717062611 23.793353340291237 -28.782477141982557
      vertex 86.71520179833496 23.47823523678867 -29.23463313526982
    endloop
  endfacet
  facet normal -0.6560818900783295 0.2717580168977981 0.7040625922196285
    outer loop
      vertex 86.96735903848 23.410669907926145 -28.782477141982557
      vertex 87.32396322734367 23.315118103502567 -28.41329331941753
      vertex 87.1258717062611 23.793353340291237 -28.782477141982557
    endloop
  endfacet
  facet normal -0.6560818900783022 0.271758016897822 0.7040625922196448
    outer loop
      vertex 87.32396322734367 23.315118103502567 -28.41329331941753
      vertex 87.44559427526866 23.60876142900872 -28.41329331941753
      vertex 87.1258717062611 23.793353340291237 -28.782477141982557
    endloop
  endfacet
  facet normal -0.8018125360509302 0.3321216269130548 0.4967815233764248
    outer loop
      vertex 86.71520179833496 23.47823523678867 -29.23463313526982
      vertex 87.1258717062611 23.793353340291237 -28.782477141982557
      vertex 86.89979370961747 23.923879532511286 -29.23463313526982
    endloop
  endfacet
  facet normal -0.5633902913547403 0.43230457532181643 0.704062592219644
    outer loop
      vertex 87.1258717062611 23.793353340291237 -28.782477141982557
      vertex 87.44559427526866 23.60876142900872 -28.41329331941753
      vertex 87.63908133084624 23.860918669153758 -28.41329331941753
    endloop
  endfacet
  facet normal -0.7667581440948004 0.5883542172165954 0.25675136523053677
    outer loop
      vertex 86.78276712719747 23.99144486137381 -29.738947615559898
      vertex 86.89979370961747 23.923879532511286 -29.23463313526982
      vertex 87.19343703512362 24.306562964876377 -29.23463313526982
    endloop
  endfacet
  facet normal -0.5633902913547385 0.43230457532182526 0.70406259221964
    outer loop
      vertex 87.1258717062611 23.793353340291237 -28.782477141982557
      vertex 87.63908133084624 23.860918669153758 -28.41329331941753
      vertex 87.37802894640613 24.12197105359386 -28.782477141982557
    endloop
  endfacet
  facet normal -0.6885320340783938 0.5283292118363958 0.4967815233764259
    outer loop
      vertex 87.1258717062611 23.793353340291237 -28.782477141982557
      vertex 87.19343703512362 24.306562964876377 -29.23463313526982
      vertex 86.89979370961747 23.923879532511286 -29.23463313526982
    endloop
  endfacet
  facet normal -0.6885320340783856 0.5283292118364005 0.49678152337643217
    outer loop
      vertex 87.1258717062611 23.793353340291237 -28.782477141982557
      vertex 87.37802894640613 24.12197105359386 -28.782477141982557
      vertex 87.19343703512362 24.306562964876377 -29.23463313526982
    endloop
  endfacet
  facet normal -0.7667581440947963 0.5883542172166051 0.2567513652305273
    outer loop
      vertex 86.78276712719747 23.99144486137381 -29.738947615559898
      vertex 87.19343703512362 24.306562964876377 -29.23463313526982
      vertex 87.09788523070004 24.402114769299956 -29.738947615559898
    endloop
  endfacet
  facet normal -0.5883542172166039 0.7667581440947974 0.25675136523052716
    outer loop
      vertex 87.19343703512362 24.306562964876377 -29.23463313526982
      vertex 87.5761204674887 24.60020629038253 -29.23463313526982
      vertex 87.09788523070004 24.402114769299956 -29.738947615559898
    endloop
  endfacet
  facet normal -0.5883542172165989 0.7667581440948034 0.25675136523052
    outer loop
      vertex 87.09788523070004 24.402114769299956 -29.738947615559898
      vertex 87.5761204674887 24.60020629038253 -29.23463313526982
      vertex 87.50855513862619 24.717232872802523 -29.738947615559898
    endloop
  endfacet
  facet normal -0.528329211836399 0.6885320340783854 0.4967815233764342
    outer loop
      vertex 87.37802894640613 24.12197105359386 -28.782477141982557
      vertex 87.5761204674887 24.60020629038253 -29.23463313526982
      vertex 87.19343703512362 24.306562964876377 -29.23463313526982
    endloop
  endfacet
  facet normal -0.4323045753218243 0.5633902913547402 0.7040625922196393
    outer loop
      vertex 87.37802894640613 24.12197105359386 -28.782477141982557
      vertex 87.63908133084624 23.860918669153758 -28.41329331941753
      vertex 87.89123857099128 24.05440572473134 -28.41329331941753
    endloop
  endfacet
  facet normal -0.43230457532181976 0.5633902913547496 0.7040625922196346
    outer loop
      vertex 87.37802894640613 24.12197105359386 -28.782477141982557
      vertex 87.89123857099128 24.05440572473134 -28.41329331941753
      vertex 87.70664665970877 24.3741282937389 -28.782477141982557
    endloop
  endfacet
  facet normal -0.5283292118363857 0.6885320340783887 0.4967815233764437
    outer loop
      vertex 87.37802894640613 24.12197105359386 -28.782477141982557
      vertex 87.70664665970877 24.3741282937389 -28.782477141982557
      vertex 87.5761204674887 24.60020629038253 -29.23463313526982
    endloop
  endfacet
  facet normal -0.27175801689781015 0.6560818900783121 0.7040625922196401
    outer loop
      vertex 87.89123857099128 24.05440572473134 -28.41329331941753
      vertex 88.18488189649743 24.176036772656325 -28.41329331941753
      vertex 88.08933009207385 24.53264096152001 -28.782477141982557
    endloop
  endfacet
  facet normal -0.27175801689782064 0.6560818900783127 0.7040625922196353
    outer loop
      vertex 87.89123857099128 24.05440572473134 -28.41329331941753
      vertex 88.08933009207385 24.53264096152001 -28.782477141982557
      vertex 87.70664665970877 24.3741282937389 -28.782477141982557
    endloop
  endfacet
  facet normal -0.3321216269130667 0.8018125360509152 0.4967815233764412
    outer loop
      vertex 87.70664665970877 24.3741282937389 -28.782477141982557
      vertex 88.08933009207385 24.53264096152001 -28.782477141982557
      vertex 87.5761204674887 24.60020629038253 -29.23463313526982
    endloop
  endfacet
  facet normal -0.09269159872357353 0.7040625922196322 0.7040625922196404
    outer loop
      vertex 88.18488189649743 24.176036772656325 -28.41329331941753
      vertex 88.5 24.217522858017443 -28.41329331941753
      vertex 88.08933009207385 24.53264096152001 -28.782477141982557
    endloop
  endfacet
  facet normal -0.09269159872356683 0.7040625922196369 0.7040625922196369
    outer loop
      vertex 88.08933009207385 24.53264096152001 -28.782477141982557
      vertex 88.5 24.217522858017443 -28.41329331941753
      vertex 88.5 24.58670668058247 -28.782477141982557
    endloop
  endfacet
  facet normal -0.36985492273640824 0.8929087705806834 0.2567513652305242
    outer loop
      vertex 87.50855513862619 24.717232872802523 -29.738947615559898
      vertex 87.5761204674887 24.60020629038253 -29.23463313526982
      vertex 87.98679037541486 24.915324393885097 -29.738947615559898
    endloop
  endfacet
  facet normal -0.3698549227363943 0.8929087705806855 0.2567513652305368
    outer loop
      vertex 87.5761204674887 24.60020629038253 -29.23463313526982
      vertex 88.02176476321134 24.784798201665044 -29.23463313526982
      vertex 87.98679037541486 24.915324393885097 -29.738947615559898
    endloop
  endfacet
  facet normal -0.12615062648588538 0.9582091399530045 0.2567513652305327
    outer loop
      vertex 88.02176476321134 24.784798201665044 -29.23463313526982
      vertex 88.5 24.847759065022572 -29.23463313526982
      vertex 87.98679037541486 24.915324393885097 -29.738947615559898
    endloop
  endfacet
  facet normal -0.12615062648588513 0.9582091399530044 0.25675136523053244
    outer loop
      vertex 87.98679037541486 24.915324393885097 -29.738947615559898
      vertex 88.5 24.847759065022572 -29.23463313526982
      vertex 88.5 24.982889722747622 -29.738947615559898
    endloop
  endfacet
  facet normal -0.3321216269130511 0.8018125360509312 0.49678152337642584
    outer loop
      vertex 88.08933009207385 24.53264096152001 -28.782477141982557
      vertex 88.02176476321134 24.784798201665044 -29.23463313526982
      vertex 87.5761204674887 24.60020629038253 -29.23463313526982
    endloop
  endfacet
  facet normal -0.11328050197252981 0.8604508387494554 0.49678152337643383
    outer loop
      vertex 88.08933009207385 24.53264096152001 -28.782477141982557
      vertex 88.5 24.58670668058247 -28.782477141982557
      vertex 88.5 24.847759065022572 -29.23463313526982
    endloop
  endfacet
  facet normal -0.11328050197253729 0.8604508387494576 0.49678152337642856
    outer loop
      vertex 88.08933009207385 24.53264096152001 -28.782477141982557
      vertex 88.5 24.847759065022572 -29.23463313526982
      vertex 88.02176476321134 24.784798201665044 -29.23463313526982
    endloop
  endfacet
  facet normal -0.4649196445804224 0.1925760221989006 0.8641551942546328
    outer loop
      vertex 87.32396322734367 23.315118103502567 -28.41329331941753
      vertex 87.83717285192881 23.38268343236509 -28.152240934977428
      vertex 87.44559427526866 23.60876142900872 -28.41329331941753
    endloop
  endfacet
  facet normal -0.39923554967421165 0.3063442118256337 0.8641551942546324
    outer loop
      vertex 87.83717285192881 23.38268343236509 -28.152240934977428
      vertex 87.63908133084624 23.860918669153758 -28.41329331941753
      vertex 87.44559427526866 23.60876142900872 -28.41329331941753
    endloop
  endfacet
  facet normal -0.39923554967419667 0.30634421182564203 0.8641551942546364
    outer loop
      vertex 87.83717285192881 23.38268343236509 -28.152240934977428
      vertex 87.9588038998538 23.5411961001462 -28.152240934977428
      vertex 87.63908133084624 23.860918669153758 -28.41329331941753
    endloop
  endfacet
  facet normal -0.15882644667684054 0.20698665518747525 0.9653655703464413
    outer loop
      vertex 88.36947380777995 23.22607799664363 -28.017110277252378
      vertex 88.11731656763492 23.662827148071184 -28.152240934977428
      vertex 87.9588038998538 23.5411961001462 -28.152240934977428
    endloop
  endfacet
  facet normal -0.30634421182562543 0.3992355496742075 0.8641551942546372
    outer loop
      vertex 87.89123857099128 24.05440572473134 -28.41329331941753
      vertex 87.9588038998538 23.5411961001462 -28.152240934977428
      vertex 88.11731656763492 23.662827148071184 -28.152240934977428
    endloop
  endfacet
  facet normal -0.034054410021217243 0.2586689249751435 0.9653655703464415
    outer loop
      vertex 88.43243467113747 23.25215724014504 -28.017110277252378
      vertex 88.5 23.261052384440102 -28.017110277252378
      vertex 88.5 23.76536686473018 -28.152240934977428
    endloop
  endfacet
  facet normal -0.09984247829830274 0.2410410652086981 0.9653655703464409
    outer loop
      vertex 88.43243467113747 23.25215724014504 -28.017110277252378
      vertex 88.30190847891743 23.739287621228772 -28.152240934977428
      vertex 88.11731656763492 23.662827148071184 -28.152240934977428
    endloop
  endfacet
  facet normal -0.03405441002122393 0.25866892497514427 0.9653655703464411
    outer loop
      vertex 88.43243467113747 23.25215724014504 -28.017110277252378
      vertex 88.5 23.76536686473018 -28.152240934977428
      vertex 88.30190847891743 23.739287621228772 -28.152240934977428
    endloop
  endfacet
  facet normal -0.30634421182563437 0.39923554967420527 0.8641551942546352
    outer loop
      vertex 87.63908133084624 23.860918669153758 -28.41329331941753
      vertex 87.9588038998538 23.5411961001462 -28.152240934977428
      vertex 87.89123857099128 24.05440572473134 -28.41329331941753
    endloop
  endfacet
  facet normal -0.19257602219889333 0.4649196445804193 0.864155194254636
    outer loop
      vertex 87.89123857099128 24.05440572473134 -28.41329331941753
      vertex 88.11731656763492 23.662827148071184 -28.152240934977428
      vertex 88.30190847891743 23.739287621228772 -28.152240934977428
    endloop
  endfacet
  facet normal -0.19257602219888964 0.464919644580423 0.8641551942546348
    outer loop
      vertex 87.89123857099128 24.05440572473134 -28.41329331941753
      vertex 88.30190847891743 23.739287621228772 -28.152240934977428
      vertex 88.18488189649743 24.176036772656325 -28.41329331941753
    endloop
  endfacet
  facet normal -0.06568409490621548 0.4989202340245233 0.8641551942546352
    outer loop
      vertex 88.5 24.217522858017443 -28.41329331941753
      vertex 88.30190847891743 23.739287621228772 -28.152240934977428
      vertex 88.5 23.76536686473018 -28.152240934977428
    endloop
  endfacet
  facet normal -0.06568409490621857 0.4989202340245242 0.8641551942546344
    outer loop
      vertex 88.18488189649743 24.176036772656325 -28.41329331941753
      vertex 88.30190847891743 23.739287621228772 -28.152240934977428
      vertex 88.5 24.217522858017443 -28.41329331941753
    endloop
  endfacet
  facet normal 0.95820913995301 0.12615062648586683 0.2567513652305205
    outer loop
      vertex 96.48288972274761 23 -29.738947615559898
      vertex 96.4153243938851 23.51320962458514 -29.738947615559898
      vertex 96.34775906502257 23 -29.23463313526982
    endloop
  endfacet
  facet normal 0.958209139953001 0.12615062648589015 0.256751365230543
    outer loop
      vertex 96.34775906502257 23 -29.23463313526982
      vertex 96.4153243938851 23.51320962458514 -29.738947615559898
      vertex 96.28479820166504 23.47823523678867 -29.23463313526982
    endloop
  endfacet
  facet normal 0.8604508387494517 0.11328050197253778 0.4967815233764384
    outer loop
      vertex 96.34775906502257 23 -29.23463313526982
      vertex 96.03264096152 23.410669907926145 -28.782477141982557
      vertex 96.08670668058247 23 -28.782477141982557
    endloop
  endfacet
  facet normal 0.7040625922196435 0.09269159872356812 0.70406259221963
    outer loop
      vertex 95.71752285801745 23 -28.41329331941753
      vertex 96.08670668058247 23 -28.782477141982557
      vertex 95.67603677265633 23.315118103502567 -28.41329331941753
    endloop
  endfacet
  facet normal 0.8604508387494528 0.11328050197254139 0.49678152337643583
    outer loop
      vertex 96.34775906502257 23 -29.23463313526982
      vertex 96.28479820166504 23.47823523678867 -29.23463313526982
      vertex 96.03264096152 23.410669907926145 -28.782477141982557
    endloop
  endfacet
  facet normal 0.7040625922196458 0.09269159872357491 0.7040625922196269
    outer loop
      vertex 96.08670668058247 23 -28.782477141982557
      vertex 96.03264096152 23.410669907926145 -28.782477141982557
      vertex 95.67603677265633 23.315118103502567 -28.41329331941753
    endloop
  endfacet
  facet normal 0 0 1
    outer loop
      vertex 88.43243467113747 23.25215724014504 -28.017110277252378
      vertex 94.5 23.261052384440102 -28.017110277252378
      vertex 88.5 23.261052384440102 -28.017110277252378
    endloop
  endfacet
  facet normal 0 0 1
    outer loop
      vertex 88.43243467113747 23.25215724014504 -28.017110277252378
      vertex 94.7610523844401 23 -28.017110277252378
      vertex 94.75215724014504 23.067565328862525 -28.017110277252378
    endloop
  endfacet
  facet normal 0 0 1
    outer loop
      vertex 88.43243467113747 23.25215724014504 -28.017110277252378
      vertex 94.75215724014504 23.067565328862525 -28.017110277252378
      vertex 94.72607799664362 23.130526192220053 -28.017110277252378
    endloop
  endfacet
  facet normal 0 0 1
    outer loop
      vertex 88.43243467113747 23.25215724014504 -28.017110277252378
      vertex 94.72607799664362 23.130526192220053 -28.017110277252378
      vertex 94.68459191128251 23.184591911282514 -28.017110277252378
    endloop
  endfacet
  facet normal 0 0 1
    outer loop
      vertex 88.43243467113747 23.25215724014504 -28.017110277252378
      vertex 94.68459191128251 23.184591911282514 -28.017110277252378
      vertex 94.63052619222005 23.22607799664363 -28.017110277252378
    endloop
  endfacet
  facet normal 0 0 1
    outer loop
      vertex 88.43243467113747 23.25215724014504 -28.017110277252378
      vertex 94.56756532886253 23.25215724014504 -28.017110277252378
      vertex 94.5 23.261052384440102 -28.017110277252378
    endloop
  endfacet
  facet normal 0 0 1
    outer loop
      vertex 88.43243467113747 23.25215724014504 -28.017110277252378
      vertex 94.63052619222005 23.22607799664363 -28.017110277252378
      vertex 94.56756532886253 23.25215724014504 -28.017110277252378
    endloop
  endfacet
  facet normal 0.2586689249751433 0.03405441002123262 0.9653655703464411
    outer loop
      vertex 94.7610523844401 23 -28.017110277252378
      vertex 95.26536686473018 23 -28.152240934977428
      vertex 94.75215724014504 23.067565328862525 -28.017110277252378
    endloop
  endfacet
  facet normal 0.24104106520868201 0.09984247829831867 0.9653655703464433
    outer loop
      vertex 94.75215724014504 23.067565328862525 -28.017110277252378
      vertex 95.16282714807119 23.38268343236509 -28.152240934977428
      vertex 94.72607799664362 23.130526192220053 -28.017110277252378
    endloop
  endfacet
  facet normal 0.15882644667684423 0.2069866551874706 0.9653655703464417
    outer loop
      vertex 94.68459191128251 23.184591911282514 -28.017110277252378
      vertex 95.0411961001462 23.5411961001462 -28.152240934977428
      vertex 94.63052619222005 23.22607799664363 -28.017110277252378
    endloop
  endfacet
  facet normal 0.20698665518747034 0.15882644667684084 0.9653655703464422
    outer loop
      vertex 94.72607799664362 23.130526192220053 -28.017110277252378
      vertex 95.16282714807119 23.38268343236509 -28.152240934977428
      vertex 94.68459191128251 23.184591911282514 -28.017110277252378
    endloop
  endfacet
  facet normal 0.09984247829831217 0.24104106520869115 0.9653655703464417
    outer loop
      vertex 94.63052619222005 23.22607799664363 -28.017110277252378
      vertex 94.88268343236508 23.662827148071184 -28.152240934977428
      vertex 94.56756532886253 23.25215724014504 -28.017110277252378
    endloop
  endfacet
  facet normal 0.20698665518746748 0.15882644667684745 0.9653655703464418
    outer loop
      vertex 94.68459191128251 23.184591911282514 -28.017110277252378
      vertex 95.16282714807119 23.38268343236509 -28.152240934977428
      vertex 95.0411961001462 23.5411961001462 -28.152240934977428
    endloop
  endfacet
  facet normal 0.25866892497514343 0.03405441002123308 0.9653655703464411
    outer loop
      vertex 94.75215724014504 23.067565328862525 -28.017110277252378
      vertex 95.26536686473018 23 -28.152240934977428
      vertex 95.23928762122877 23.198091521082574 -28.152240934977428
    endloop
  endfacet
  facet normal 0.24104106520870228 0.09984247829829129 0.965365570346441
    outer loop
      vertex 94.75215724014504 23.067565328862525 -28.017110277252378
      vertex 95.23928762122877 23.198091521082574 -28.152240934977428
      vertex 95.16282714807119 23.38268343236509 -28.152240934977428
    endloop
  endfacet
  facet normal 0.4989202340245234 0.0656840949062136 0.8641551942546353
    outer loop
      vertex 95.71752285801745 23 -28.41329331941753
      vertex 95.67603677265633 23.315118103502567 -28.41329331941753
      vertex 95.26536686473018 23 -28.152240934977428
    endloop
  endfacet
  facet normal 0.49892023402451235 0.06568409490623198 0.8641551942546402
    outer loop
      vertex 95.67603677265633 23.315118103502567 -28.41329331941753
      vertex 95.23928762122877 23.198091521082574 -28.152240934977428
      vertex 95.26536686473018 23 -28.152240934977428
    endloop
  endfacet
  facet normal 0.4649196445804219 0.19257602219886918 0.8641551942546402
    outer loop
      vertex 95.67603677265633 23.315118103502567 -28.41329331941753
      vertex 95.16282714807119 23.38268343236509 -28.152240934977428
      vertex 95.23928762122877 23.198091521082574 -28.152240934977428
    endloop
  endfacet
  facet normal 0 0.7071067811865476 0.7071067811865476
    outer loop
      vertex 88.5 24.217522858017443 -28.41329331941753
      vertex 94.5 24.217522858017443 -28.41329331941753
      vertex 88.5 24.58670668058247 -28.782477141982557
    endloop
  endfacet
  facet normal 0 0.9659258262890673 0.2588190451025248
    outer loop
      vertex 88.5 24.982889722747622 -29.738947615559898
      vertex 88.5 24.847759065022572 -29.23463313526982
      vertex 94.5 24.847759065022572 -29.23463313526982
    endloop
  endfacet
  facet normal 0 0.8660254037844403 0.4999999999999973
    outer loop
      vertex 88.5 24.58670668058247 -28.782477141982557
      vertex 94.5 24.847759065022572 -29.23463313526982
      vertex 88.5 24.847759065022572 -29.23463313526982
    endloop
  endfacet
  facet normal 0 0.7071067811865476 0.7071067811865476
    outer loop
      vertex 88.5 24.58670668058247 -28.782477141982557
      vertex 94.5 24.217522858017443 -28.41329331941753
      vertex 94.5 24.58670668058247 -28.782477141982557
    endloop
  endfacet
  facet normal 0 0.9659258262890673 0.2588190451025248
    outer loop
      vertex 88.5 24.982889722747622 -29.738947615559898
      vertex 94.5 24.847759065022572 -29.23463313526982
      vertex 94.5 24.982889722747622 -29.738947615559898
    endloop
  endfacet
  facet normal 0 0.8660254037844403 0.4999999999999973
    outer loop
      vertex 88.5 24.58670668058247 -28.782477141982557
      vertex 94.5 24.58670668058247 -28.782477141982557
      vertex 94.5 24.847759065022572 -29.23463313526982
    endloop
  endfacet
  facet normal 0.8929087705806827 0.3698549227363978 0.2567513652305411
    outer loop
      vertex 96.4153243938851 23.51320962458514 -29.738947615559898
      vertex 96.10020629038253 23.923879532511286 -29.23463313526982
      vertex 96.28479820166504 23.47823523678867 -29.23463313526982
    endloop
  endfacet
  facet normal 0.8929087705806821 0.36985492273640214 0.25675136523053715
    outer loop
      vertex 96.4153243938851 23.51320962458514 -29.738947615559898
      vertex 96.21723287280253 23.99144486137381 -29.738947615559898
      vertex 96.10020629038253 23.923879532511286 -29.23463313526982
    endloop
  endfacet
  facet normal 0.6560818900783022 0.271758016897822 0.7040625922196448
    outer loop
      vertex 95.67603677265633 23.315118103502567 -28.41329331941753
      vertex 95.8741282937389 23.793353340291237 -28.782477141982557
      vertex 95.55440572473134 23.60876142900872 -28.41329331941753
    endloop
  endfacet
  facet normal 0.5633902913547404 0.4323045753218165 0.704062592219644
    outer loop
      vertex 95.55440572473134 23.60876142900872 -28.41329331941753
      vertex 95.8741282937389 23.793353340291237 -28.782477141982557
      vertex 95.36091866915376 23.860918669153758 -28.41329331941753
    endloop
  endfacet
  facet normal 0.80181253605093 0.33212162691303687 0.49678152337643716
    outer loop
      vertex 96.03264096152 23.410669907926145 -28.782477141982557
      vertex 96.28479820166504 23.47823523678867 -29.23463313526982
      vertex 95.8741282937389 23.793353340291237 -28.782477141982557
    endloop
  endfacet
  facet normal 0.6560818900783294 0.27175801689779816 0.7040625922196286
    outer loop
      vertex 95.67603677265633 23.315118103502567 -28.41329331941753
      vertex 96.03264096152 23.410669907926145 -28.782477141982557
      vertex 95.8741282937389 23.793353340291237 -28.782477141982557
    endloop
  endfacet
  facet normal 0.8018125360509302 0.3321216269130548 0.4967815233764248
    outer loop
      vertex 96.28479820166504 23.47823523678867 -29.23463313526982
      vertex 96.10020629038253 23.923879532511286 -29.23463313526982
      vertex 95.8741282937389 23.793353340291237 -28.782477141982557
    endloop
  endfacet
  facet normal 0.7667581440948004 0.5883542172165954 0.25675136523053677
    outer loop
      vertex 96.21723287280253 23.99144486137381 -29.738947615559898
      vertex 95.80656296487638 24.306562964876377 -29.23463313526982
      vertex 96.10020629038253 23.923879532511286 -29.23463313526982
    endloop
  endfacet
  facet normal 0.5633902913547385 0.43230457532182526 0.70406259221964
    outer loop
      vertex 95.8741282937389 23.793353340291237 -28.782477141982557
      vertex 95.62197105359387 24.12197105359386 -28.782477141982557
      vertex 95.36091866915376 23.860918669153758 -28.41329331941753
    endloop
  endfacet
  facet normal 0.43230457532181976 0.5633902913547496 0.7040625922196346
    outer loop
      vertex 95.10876142900872 24.05440572473134 -28.41329331941753
      vertex 95.62197105359387 24.12197105359386 -28.782477141982557
      vertex 95.29335334029123 24.3741282937389 -28.782477141982557
    endloop
  endfacet
  facet normal 0.4323045753218243 0.5633902913547402 0.7040625922196392
    outer loop
      vertex 95.36091866915376 23.860918669153758 -28.41329331941753
      vertex 95.62197105359387 24.12197105359386 -28.782477141982557
      vertex 95.10876142900872 24.05440572473134 -28.41329331941753
    endloop
  endfacet
  facet normal 0.6885320340783938 0.5283292118363958 0.4967815233764259
    outer loop
      vertex 95.8741282937389 23.793353340291237 -28.782477141982557
      vertex 96.10020629038253 23.923879532511286 -29.23463313526982
      vertex 95.80656296487638 24.306562964876377 -29.23463313526982
    endloop
  endfacet
  facet normal 0.6885320340783856 0.5283292118364005 0.49678152337643217
    outer loop
      vertex 95.8741282937389 23.793353340291237 -28.782477141982557
      vertex 95.80656296487638 24.306562964876377 -29.23463313526982
      vertex 95.62197105359387 24.12197105359386 -28.782477141982557
    endloop
  endfacet
  facet normal 0.27175801689781015 0.6560818900783121 0.7040625922196401
    outer loop
      vertex 94.81511810350257 24.176036772656325 -28.41329331941753
      vertex 95.10876142900872 24.05440572473134 -28.41329331941753
      vertex 94.91066990792615 24.53264096152001 -28.782477141982557
    endloop
  endfacet
  facet normal 0.09269159872357353 0.7040625922196322 0.7040625922196404
    outer loop
      vertex 94.81511810350257 24.176036772656325 -28.41329331941753
      vertex 94.91066990792615 24.53264096152001 -28.782477141982557
      vertex 94.5 24.217522858017443 -28.41329331941753
    endloop
  endfacet
  facet normal 0.09269159872356687 0.7040625922196369 0.7040625922196369
    outer loop
      vertex 94.5 24.217522858017443 -28.41329331941753
      vertex 94.91066990792615 24.53264096152001 -28.782477141982557
      vertex 94.5 24.58670668058247 -28.782477141982557
    endloop
  endfacet
  facet normal 0.12615062648588538 0.9582091399530045 0.2567513652305327
    outer loop
      vertex 94.5 24.847759065022572 -29.23463313526982
      vertex 94.97823523678866 24.784798201665044 -29.23463313526982
      vertex 95.01320962458514 24.915324393885097 -29.738947615559898
    endloop
  endfacet
  facet normal 0.12615062648588513 0.9582091399530044 0.25675136523053244
    outer loop
      vertex 94.5 24.982889722747622 -29.738947615559898
      vertex 94.5 24.847759065022572 -29.23463313526982
      vertex 95.01320962458514 24.915324393885097 -29.738947615559898
    endloop
  endfacet
  facet normal 0.11328050197252983 0.8604508387494555 0.49678152337643383
    outer loop
      vertex 94.5 24.58670668058247 -28.782477141982557
      vertex 94.91066990792615 24.53264096152001 -28.782477141982557
      vertex 94.5 24.847759065022572 -29.23463313526982
    endloop
  endfacet
  facet normal 0.11328050197253729 0.8604508387494576 0.49678152337642856
    outer loop
      vertex 94.91066990792615 24.53264096152001 -28.782477141982557
      vertex 94.97823523678866 24.784798201665044 -29.23463313526982
      vertex 94.5 24.847759065022572 -29.23463313526982
    endloop
  endfacet
  facet normal 0.5883542172166039 0.7667581440947974 0.25675136523052716
    outer loop
      vertex 95.80656296487638 24.306562964876377 -29.23463313526982
      vertex 95.90211476929996 24.402114769299956 -29.738947615559898
      vertex 95.4238795325113 24.60020629038253 -29.23463313526982
    endloop
  endfacet
  facet normal 0.5883542172165989 0.7667581440948034 0.25675136523052
    outer loop
      vertex 95.90211476929996 24.402114769299956 -29.738947615559898
      vertex 95.49144486137381 24.717232872802523 -29.738947615559898
      vertex 95.4238795325113 24.60020629038253 -29.23463313526982
    endloop
  endfacet
  facet normal 0.7667581440947963 0.5883542172166051 0.2567513652305273
    outer loop
      vertex 96.21723287280253 23.99144486137381 -29.738947615559898
      vertex 95.90211476929996 24.402114769299956 -29.738947615559898
      vertex 95.80656296487638 24.306562964876377 -29.23463313526982
    endloop
  endfacet
  facet normal 0.528329211836399 0.6885320340783854 0.4967815233764342
    outer loop
      vertex 95.62197105359387 24.12197105359386 -28.782477141982557
      vertex 95.80656296487638 24.306562964876377 -29.23463313526982
      vertex 95.4238795325113 24.60020629038253 -29.23463313526982
    endloop
  endfacet
  facet normal 0.5283292118363857 0.6885320340783887 0.4967815233764437
    outer loop
      vertex 95.62197105359387 24.12197105359386 -28.782477141982557
      vertex 95.4238795325113 24.60020629038253 -29.23463313526982
      vertex 95.29335334029123 24.3741282937389 -28.782477141982557
    endloop
  endfacet
  facet normal 0.27175801689782064 0.6560818900783127 0.7040625922196353
    outer loop
      vertex 95.10876142900872 24.05440572473134 -28.41329331941753
      vertex 95.29335334029123 24.3741282937389 -28.782477141982557
      vertex 94.91066990792615 24.53264096152001 -28.782477141982557
    endloop
  endfacet
  facet normal 0.3321216269130667 0.8018125360509152 0.4967815233764412
    outer loop
      vertex 94.91066990792615 24.53264096152001 -28.782477141982557
      vertex 95.29335334029123 24.3741282937389 -28.782477141982557
      vertex 95.4238795325113 24.60020629038253 -29.23463313526982
    endloop
  endfacet
  facet normal 0.3698549227363943 0.8929087705806855 0.25675136523053677
    outer loop
      vertex 94.97823523678866 24.784798201665044 -29.23463313526982
      vertex 95.4238795325113 24.60020629038253 -29.23463313526982
      vertex 95.01320962458514 24.915324393885097 -29.738947615559898
    endloop
  endfacet
  facet normal 0.36985492273640824 0.8929087705806834 0.2567513652305242
    outer loop
      vertex 95.49144486137381 24.717232872802523 -29.738947615559898
      vertex 95.01320962458514 24.915324393885097 -29.738947615559898
      vertex 95.4238795325113 24.60020629038253 -29.23463313526982
    endloop
  endfacet
  facet normal 0.3321216269130511 0.8018125360509312 0.49678152337642584
    outer loop
      vertex 94.91066990792615 24.53264096152001 -28.782477141982557
      vertex 95.4238795325113 24.60020629038253 -29.23463313526982
      vertex 94.97823523678866 24.784798201665044 -29.23463313526982
    endloop
  endfacet
  facet normal 0 0.2588190451025248 0.9659258262890673
    outer loop
      vertex 88.5 23.261052384440102 -28.017110277252378
      vertex 94.5 23.261052384440102 -28.017110277252378
      vertex 88.5 23.76536686473018 -28.152240934977428
    endloop
  endfacet
  facet normal 0 0.4999999999999973 0.8660254037844403
    outer loop
      vertex 88.5 24.217522858017443 -28.41329331941753
      vertex 88.5 23.76536686473018 -28.152240934977428
      vertex 94.5 24.217522858017443 -28.41329331941753
    endloop
  endfacet
  facet normal 0 0.2588190451025248 0.9659258262890673
    outer loop
      vertex 88.5 23.76536686473018 -28.152240934977428
      vertex 94.5 23.261052384440102 -28.017110277252378
      vertex 94.5 23.76536686473018 -28.152240934977428
    endloop
  endfacet
  facet normal 0 0.4999999999999973 0.8660254037844403
    outer loop
      vertex 88.5 23.76536686473018 -28.152240934977428
      vertex 94.5 23.76536686473018 -28.152240934977428
      vertex 94.5 24.217522858017443 -28.41329331941753
    endloop
  endfacet
  facet normal 0.034054410021217243 0.2586689249751435 0.9653655703464415
    outer loop
      vertex 94.5 23.261052384440102 -28.017110277252378
      vertex 94.56756532886253 23.25215724014504 -28.017110277252378
      vertex 94.5 23.76536686473018 -28.152240934977428
    endloop
  endfacet
  facet normal 0.03405441002122393 0.25866892497514427 0.9653655703464411
    outer loop
      vertex 94.56756532886253 23.25215724014504 -28.017110277252378
      vertex 94.69809152108257 23.739287621228772 -28.152240934977428
      vertex 94.5 23.76536686473018 -28.152240934977428
    endloop
  endfacet
  facet normal 0.15882644667684054 0.20698665518747525 0.9653655703464413
    outer loop
      vertex 94.63052619222005 23.22607799664363 -28.017110277252378
      vertex 95.0411961001462 23.5411961001462 -28.152240934977428
      vertex 94.88268343236508 23.662827148071184 -28.152240934977428
    endloop
  endfacet
  facet normal 0.09984247829830274 0.2410410652086981 0.9653655703464409
    outer loop
      vertex 94.56756532886253 23.25215724014504 -28.017110277252378
      vertex 94.88268343236508 23.662827148071184 -28.152240934977428
      vertex 94.69809152108257 23.739287621228772 -28.152240934977428
    endloop
  endfacet
  facet normal 0.06568409490621548 0.4989202340245233 0.8641551942546352
    outer loop
      vertex 94.5 24.217522858017443 -28.41329331941753
      vertex 94.5 23.76536686473018 -28.152240934977428
      vertex 94.69809152108257 23.739287621228772 -28.152240934977428
    endloop
  endfacet
  facet normal 0.19257602219889333 0.4649196445804193 0.864155194254636
    outer loop
      vertex 95.10876142900872 24.05440572473134 -28.41329331941753
      vertex 94.69809152108257 23.739287621228772 -28.152240934977428
      vertex 94.88268343236508 23.662827148071184 -28.152240934977428
    endloop
  endfacet
  facet normal 0.19257602219888964 0.464919644580423 0.8641551942546348
    outer loop
      vertex 94.81511810350257 24.176036772656325 -28.41329331941753
      vertex 94.69809152108257 23.739287621228772 -28.152240934977428
      vertex 95.10876142900872 24.05440572473134 -28.41329331941753
    endloop
  endfacet
  facet normal 0.06568409490621857 0.4989202340245242 0.8641551942546344
    outer loop
      vertex 94.81511810350257 24.176036772656325 -28.41329331941753
      vertex 94.5 24.217522858017443 -28.41329331941753
      vertex 94.69809152108257 23.739287621228772 -28.152240934977428
    endloop
  endfacet
  facet normal 0.39923554967419667 0.30634421182564203 0.8641551942546364
    outer loop
      vertex 95.16282714807119 23.38268343236509 -28.152240934977428
      vertex 95.36091866915376 23.860918669153758 -28.41329331941753
      vertex 95.0411961001462 23.5411961001462 -28.152240934977428
    endloop
  endfacet
  facet normal 0.4649196445804224 0.1925760221989006 0.8641551942546328
    outer loop
      vertex 95.67603677265633 23.315118103502567 -28.41329331941753
      vertex 95.55440572473134 23.60876142900872 -28.41329331941753
      vertex 95.16282714807119 23.38268343236509 -28.152240934977428
    endloop
  endfacet
  facet normal 0.39923554967421165 0.3063442118256337 0.8641551942546324
    outer loop
      vertex 95.16282714807119 23.38268343236509 -28.152240934977428
      vertex 95.55440572473134 23.60876142900872 -28.41329331941753
      vertex 95.36091866915376 23.860918669153758 -28.41329331941753
    endloop
  endfacet
  facet normal 0.30634421182562543 0.3992355496742075 0.8641551942546372
    outer loop
      vertex 95.10876142900872 24.05440572473134 -28.41329331941753
      vertex 94.88268343236508 23.662827148071184 -28.152240934977428
      vertex 95.0411961001462 23.5411961001462 -28.152240934977428
    endloop
  endfacet
  facet normal 0.30634421182563437 0.39923554967420527 0.8641551942546352
    outer loop
      vertex 95.36091866915376 23.860918669153758 -28.41329331941753
      vertex 95.10876142900872 24.05440572473134 -28.41329331941753
      vertex 95.0411961001462 23.5411961001462 -28.152240934977428
    endloop
  endfacet
endsolid OpenSCAD_Model
