solid OpenSCAD_Model
  facet normal -1 0 0
    outer loop
      vertex -4 -4 0
      vertex -4 0 0
      vertex -4 -4 -1.9999999999999998
    endloop
  endfacet
  facet normal -1 0 0
    outer loop
      vertex -4 0 0
      vertex -4 57 0
      vertex -4 -4 -1.9999999999999998
    endloop
  endfacet
  facet normal 0 0 1
    outer loop
      vertex 0 0 0
      vertex 12 12 0
      vertex 12 45 0
    endloop
  endfacet
  facet normal 0 0 -1
    outer loop
      vertex -3 -4 -3
      vertex -3 60 -3
      vertex 12 12 -3
    endloop
  endfacet
  facet normal 0 -1 0
    outer loop
      vertex 163 -4 0
      vertex -4 -4 -1.9999999999999998
      vertex -3 -4 -3
    endloop
  endfacet
  facet normal 0 -1 0
    outer loop
      vertex -4 -4 0
      vertex -4 -4 -1.9999999999999998
      vertex 163 -4 0
    endloop
  endfacet
  facet normal 0 0 -1
    outer loop
      vertex -3 -4 -3
      vertex 12 12 -3
      vertex 147 12 -3
    endloop
  endfacet
  facet normal 0 0 1
    outer loop
      vertex 0 0 0
      vertex 147 12 0
      vertex 12 12 0
    endloop
  endfacet
  facet normal 0 0 1
    outer loop
      vertex 0 0 0
      vertex 12 45 0
      vertex 0 57 0
    endloop
  endfacet
  facet normal -1 0 0
    outer loop
      vertex -4 57 0
      vertex -4 60 -1.9999999999999998
      vertex -4 -4 -1.9999999999999998
    endloop
  endfacet
  facet normal 0 0 -1
    outer loop
      vertex 12 12 -3
      vertex -3 60 -3
      vertex 12 45 -3
    endloop
  endfacet
  facet normal -1 0 0
    outer loop
      vertex -4 57 0
      vertex -4 60 0
      vertex -4 60 -1.9999999999999998
    endloop
  endfacet
  facet normal 0 0 1
    outer loop
      vertex 0 57 0
      vertex 12 45 0
      vertex 159 57 0
    endloop
  endfacet
  facet normal 0 0 -1
    outer loop
      vertex 162 60 -3
      vertex 12 45 -3
      vertex -3 60 -3
    endloop
  endfacet
  facet normal 0 1 0
    outer loop
      vertex -3 61 -1.9999999999999998
      vertex -3 61 0
      vertex 162 61 0
    endloop
  endfacet
  facet normal 0 -1 0
    outer loop
      vertex -3 -4 -3
      vertex 162 -4 -3
      vertex 163 -4 -1.9999999999999998
    endloop
  endfacet
  facet normal 0 -1 0
    outer loop
      vertex 163 -4 0
      vertex -3 -4 -3
      vertex 163 -4 -1.9999999999999998
    endloop
  endfacet
  facet normal 0 0 -1
    outer loop
      vertex -3 -4 -3
      vertex 147 12 -3
      vertex 162 -4 -3
    endloop
  endfacet
  facet normal 0 0 1
    outer loop
      vertex 0 0 0
      vertex 159 0 0
      vertex 147 12 0
    endloop
  endfacet
  facet normal 0 0 -1
    outer loop
      vertex 162 -4 -3
      vertex 147 12 -3
      vertex 147 45 -3
    endloop
  endfacet
  facet normal 1 0 0
    outer loop
      vertex 163 -4 0
      vertex 163 -4 -1.9999999999999998
      vertex 163 60 -1.9999999999999998
    endloop
  endfacet
  facet normal 1 0 0
    outer loop
      vertex 163 -4 0
      vertex 163 60 -1.9999999999999998
      vertex 163 0 0
    endloop
  endfacet
  facet normal 0 0 1
    outer loop
      vertex 159 0 0
      vertex 159 57 0
      vertex 147 12 0
    endloop
  endfacet
  facet normal 0 0 -1
    outer loop
      vertex 162 60 -3
      vertex 147 45 -3
      vertex 12 45 -3
    endloop
  endfacet
  facet normal 0 0 1
    outer loop
      vertex 159 57 0
      vertex 12 45 0
      vertex 147 45 0
    endloop
  endfacet
  facet normal 0 1 0
    outer loop
      vertex -3 61 -1.9999999999999998
      vertex 162 61 0
      vertex 162 61 -1.9999999999999998
    endloop
  endfacet
  facet normal 0 0 -1
    outer loop
      vertex 162 -4 -3
      vertex 147 45 -3
      vertex 162 60 -3
    endloop
  endfacet
  facet normal 0 0 1
    outer loop
      vertex 159 57 0
      vertex 147 45 0
      vertex 147 12 0
    endloop
  endfacet
  facet normal 1 0 0
    outer loop
      vertex 163 0 0
      vertex 163 60 -1.9999999999999998
      vertex 163 57 0
    endloop
  endfacet
  facet normal 1 0 0
    outer loop
      vertex 163 57 0
      vertex 163 60 -1.9999999999999998
      vertex 163 60 0
    endloop
  endfacet
  facet normal -1 0 0
    outer loop
      vertex -4 -4 0
      vertex -4 0 19
      vertex -4 0 0
    endloop
  endfacet
  facet normal -1 0 0
    outer loop
      vertex -4 -4 0
      vertex -4 0 21
      vertex -4 0 19
    endloop
  endfacet
  facet normal 0 -1 0
    outer loop
      vertex -4 -4 0
      vertex 28.249966975705895 -4 33.12919337231927
      vertex 27.90900974233027 -4 33.40900974233027
    endloop
  endfacet
  facet normal 0 -1 0
    outer loop
      vertex -4 -4 0
      vertex 28.63896227717855 -4 32.92127105184961
      vertex 28.249966975705895 -4 33.12919337231927
    endloop
  endfacet
  facet normal 0 -1 0
    outer loop
      vertex -4 -4 0
      vertex 29.061046775463712 -4 32.79323311909273
      vertex 28.63896227717855 -4 32.92127105184961
    endloop
  endfacet
  facet normal 0 -1 0
    outer loop
      vertex -4 -4 0
      vertex 27.90900974233027 -4 33.40900974233027
      vertex 27.629193372319275 -4 33.749966975705895
    endloop
  endfacet
  facet normal 0 -1 0
    outer loop
      vertex -4 -4 0
      vertex 29.5 -4 32.75
      vertex 29.061046775463712 -4 32.79323311909273
    endloop
  endfacet
  facet normal 0 -1 0
    outer loop
      vertex -4 -4 0
      vertex 29.938953224536288 -4 32.79323311909273
      vertex 29.5 -4 32.75
    endloop
  endfacet
  facet normal 0 1 0
    outer loop
      vertex 0 0 0
      vertex 0 0 19
      vertex 159 0 19
    endloop
  endfacet
  facet normal -1 0 0
    outer loop
      vertex -4 -4 0
      vertex -4 0 50
      vertex -4 0 21
    endloop
  endfacet
  facet normal 0 1 0
    outer loop
      vertex -4 0 50
      vertex -1 0 20
      vertex -3 0 20
    endloop
  endfacet
  facet normal 0 -1 0
    outer loop
      vertex -4 -4 0
      vertex 27.629193372319275 -4 33.749966975705895
      vertex -4 -4 50
    endloop
  endfacet
  facet normal 0 1 0
    outer loop
      vertex -1 0 20
      vertex 25.579671183710442 0 33.3761466353308
      vertex 25.971797278462866 0 32.642530311220156
    endloop
  endfacet
  facet normal 0 1 0
    outer loop
      vertex -1 0 20
      vertex 25.33820112682229 0 34.17216673357823
      vertex 25.579671183710442 0 33.3761466353308
    endloop
  endfacet
  facet normal 0 1 0
    outer loop
      vertex -1 0 20
      vertex 25.256666666666668 0 35
      vertex 25.33820112682229 0 34.17216673357823
    endloop
  endfacet
  facet normal -1 0 0
    outer loop
      vertex -4 -4 0
      vertex -4 -4 50
      vertex -4 0 50
    endloop
  endfacet
  facet normal 0 1 0
    outer loop
      vertex -4 0 50
      vertex -3 0 20
      vertex -4 0 21
    endloop
  endfacet
  facet normal 0 1 0
    outer loop
      vertex -1 0 20
      vertex 25.33820112682229 0 35.82783326642177
      vertex 25.256666666666668 0 35
    endloop
  endfacet
  facet normal 0 1 0
    outer loop
      vertex -4 0 50
      vertex 25.33820112682229 0 35.82783326642177
      vertex -1 0 20
    endloop
  endfacet
  facet normal 0 1 0
    outer loop
      vertex -1 0 20
      vertex 27.142530311220156 0 31.471797278462866
      vertex 27.8761466353308 0 31.079671183710442
    endloop
  endfacet
  facet normal 0 1 0
    outer loop
      vertex -1 0 20
      vertex 27.8761466353308 0 31.079671183710442
      vertex 28.67216673357823 0 30.83820112682229
    endloop
  endfacet
  facet normal 0 1 0
    outer loop
      vertex -1 0 20
      vertex 26.499510225165086 0 31.999510225165086
      vertex 27.142530311220156 0 31.471797278462866
    endloop
  endfacet
  facet normal 0 1 0
    outer loop
      vertex -1 0 20
      vertex 25.971797278462866 0 32.642530311220156
      vertex 26.499510225165086 0 31.999510225165086
    endloop
  endfacet
  facet normal 0 -1 0
    outer loop
      vertex -4 -4 50
      vertex 27.293233119092733 -4 34.56104677546371
      vertex 27.25 -4 35
    endloop
  endfacet
  facet normal 0 -1 0
    outer loop
      vertex -4 -4 50
      vertex 27.25 -4 35
      vertex 27.293233119092733 -4 35.43895322453629
    endloop
  endfacet
  facet normal 0 1 0
    outer loop
      vertex -4 0 50
      vertex 25.579671183710442 0 36.6238533646692
      vertex 25.33820112682229 0 35.82783326642177
    endloop
  endfacet
  facet normal 0 1 0
    outer loop
      vertex -4 0 50
      vertex 25.971797278462866 0 37.357469688779844
      vertex 25.579671183710442 0 36.6238533646692
    endloop
  endfacet
  facet normal 0 1 0
    outer loop
      vertex -4 0 50
      vertex 26.499510225165086 0 38.00048977483492
      vertex 25.971797278462866 0 37.357469688779844
    endloop
  endfacet
  facet normal 0 1 0
    outer loop
      vertex -4 0 50
      vertex 27.142530311220156 0 38.528202721537134
      vertex 26.499510225165086 0 38.00048977483492
    endloop
  endfacet
  facet normal 0 -1 0
    outer loop
      vertex -4 -4 50
      vertex 27.629193372319275 -4 33.749966975705895
      vertex 27.421271051849605 -4 34.13896227717855
    endloop
  endfacet
  facet normal 0 -1 0
    outer loop
      vertex -4 -4 50
      vertex 27.421271051849605 -4 34.13896227717855
      vertex 27.293233119092733 -4 34.56104677546371
    endloop
  endfacet
  facet normal 0 -1 0
    outer loop
      vertex -4 -4 50
      vertex 27.293233119092733 -4 35.43895322453629
      vertex 27.421271051849605 -4 35.86103772282145
    endloop
  endfacet
  facet normal 0 -1 0
    outer loop
      vertex -4 -4 50
      vertex 27.421271051849605 -4 35.86103772282145
      vertex 27.629193372319275 -4 36.250033024294105
    endloop
  endfacet
  facet normal 0 -1 0
    outer loop
      vertex -4 -4 50
      vertex 27.629193372319275 -4 36.250033024294105
      vertex 27.90900974233027 -4 36.59099025766973
    endloop
  endfacet
  facet normal 0 -1 0
    outer loop
      vertex -4 -4 50
      vertex 27.90900974233027 -4 36.59099025766973
      vertex 28.249966975705895 -4 36.87080662768073
    endloop
  endfacet
  facet normal 0 -1 0
    outer loop
      vertex -4 -4 50
      vertex 28.249966975705895 -4 36.87080662768073
      vertex 28.63896227717855 -4 37.07872894815039
    endloop
  endfacet
  facet normal 0 -1 0
    outer loop
      vertex -4 -4 50
      vertex 28.63896227717855 -4 37.07872894815039
      vertex 29.061046775463712 -4 37.20676688090727
    endloop
  endfacet
  facet normal 0 -1 0
    outer loop
      vertex -4 -4 50
      vertex 29.061046775463712 -4 37.20676688090727
      vertex 29.5 -4 37.25
    endloop
  endfacet
  facet normal 0 -1 0
    outer loop
      vertex -4 -4 50
      vertex 29.5 -4 37.25
      vertex 29.938953224536288 -4 37.20676688090727
    endloop
  endfacet
  facet normal 0 -1 0
    outer loop
      vertex -4 -4 50
      vertex 29.938953224536288 -4 37.20676688090727
      vertex 30.36103772282145 -4 37.07872894815039
    endloop
  endfacet
  facet normal 0 1 0
    outer loop
      vertex -4 0 50
      vertex 27.8761466353308 0 38.92032881628956
      vertex 27.142530311220156 0 38.528202721537134
    endloop
  endfacet
  facet normal 0 1 0
    outer loop
      vertex -4 0 50
      vertex 28.67216673357823 0 39.16179887317771
      vertex 27.8761466353308 0 38.92032881628956
    endloop
  endfacet
  facet normal 0 1 0
    outer loop
      vertex -4 0 50
      vertex 29.5 0 39.24333333333333
      vertex 28.67216673357823 0 39.16179887317771
    endloop
  endfacet
  facet normal 0 1 0
    outer loop
      vertex -4 0 50
      vertex 30.32783326642177 0 39.16179887317771
      vertex 29.5 0 39.24333333333333
    endloop
  endfacet
  facet normal 0 1 0
    outer loop
      vertex -1 0 20
      vertex 28.67216673357823 0 30.83820112682229
      vertex 93.80000000000001 0 20
    endloop
  endfacet
  facet normal 0 1 0
    outer loop
      vertex 93.80000000000001 0 20
      vertex 28.67216673357823 0 30.83820112682229
      vertex 29.5 0 30.756666666666668
    endloop
  endfacet
  facet normal 0 1 0
    outer loop
      vertex 93.80000000000001 0 20
      vertex 29.5 0 30.756666666666668
      vertex 30.32783326642177 0 30.83820112682229
    endloop
  endfacet
  facet normal 0 1 0
    outer loop
      vertex 93.80000000000001 0 20
      vertex 30.32783326642177 0 30.83820112682229
      vertex 31.1238533646692 0 31.079671183710442
    endloop
  endfacet
  facet normal 0 1 0
    outer loop
      vertex 93.80000000000001 0 20
      vertex 31.1238533646692 0 31.079671183710442
      vertex 31.857469688779844 0 31.471797278462866
    endloop
  endfacet
  facet normal 0 1 0
    outer loop
      vertex 93.80000000000001 0 20
      vertex 31.857469688779844 0 31.471797278462866
      vertex 32.50048977483492 0 31.999510225165086
    endloop
  endfacet
  facet normal 0 1 0
    outer loop
      vertex 93.80000000000001 0 20
      vertex 32.50048977483492 0 31.999510225165086
      vertex 33.028202721537134 0 32.642530311220156
    endloop
  endfacet
  facet normal 0 1 0
    outer loop
      vertex 93.80000000000001 0 20
      vertex 33.028202721537134 0 32.642530311220156
      vertex 33.42032881628956 0 33.3761466353308
    endloop
  endfacet
  facet normal 0 1 0
    outer loop
      vertex 93.80000000000001 0 20
      vertex 33.42032881628956 0 33.3761466353308
      vertex 33.66179887317771 0 34.17216673357823
    endloop
  endfacet
  facet normal 0 1 0
    outer loop
      vertex 93.80000000000001 0 20
      vertex 33.66179887317771 0 34.17216673357823
      vertex 33.74333333333333 0 35
    endloop
  endfacet
  facet normal 0 1 0
    outer loop
      vertex -4 0 50
      vertex 93.80000000000001 0 20
      vertex 30.32783326642177 0 39.16179887317771
    endloop
  endfacet
  facet normal 0 1 0
    outer loop
      vertex 93.80000000000001 0 20
      vertex 32.50048977483492 0 38.00048977483492
      vertex 31.857469688779844 0 38.528202721537134
    endloop
  endfacet
  facet normal 0 1 0
    outer loop
      vertex 93.80000000000001 0 20
      vertex 33.028202721537134 0 37.357469688779844
      vertex 32.50048977483492 0 38.00048977483492
    endloop
  endfacet
  facet normal 0 1 0
    outer loop
      vertex 93.80000000000001 0 20
      vertex 31.857469688779844 0 38.528202721537134
      vertex 31.1238533646692 0 38.92032881628956
    endloop
  endfacet
  facet normal 0 1 0
    outer loop
      vertex 93.80000000000001 0 20
      vertex 31.1238533646692 0 38.92032881628956
      vertex 30.32783326642177 0 39.16179887317771
    endloop
  endfacet
  facet normal 0 1 0
    outer loop
      vertex 93.80000000000001 0 20
      vertex 33.74333333333333 0 35
      vertex 33.66179887317771 0 35.82783326642177
    endloop
  endfacet
  facet normal 0 1 0
    outer loop
      vertex 93.80000000000001 0 20
      vertex 33.66179887317771 0 35.82783326642177
      vertex 33.42032881628956 0 36.6238533646692
    endloop
  endfacet
  facet normal 0 1 0
    outer loop
      vertex 93.80000000000001 0 20
      vertex 33.42032881628956 0 36.6238533646692
      vertex 33.028202721537134 0 37.357469688779844
    endloop
  endfacet
  facet normal 0 -1 0
    outer loop
      vertex -4 -4 0
      vertex 163 -4 50
      vertex 29.938953224536288 -4 32.79323311909273
    endloop
  endfacet
  facet normal 0 0 1
    outer loop
      vertex -4 -4 50
      vertex 163 -4 50
      vertex -4 0 50
    endloop
  endfacet
  facet normal 0 -1 0
    outer loop
      vertex 163 -4 50
      vertex 30.36103772282145 -4 32.92127105184961
      vertex 29.938953224536288 -4 32.79323311909273
    endloop
  endfacet
  facet normal 0 -1 0
    outer loop
      vertex 163 -4 50
      vertex 30.750033024294105 -4 33.12919337231927
      vertex 30.36103772282145 -4 32.92127105184961
    endloop
  endfacet
  facet normal 0 -1 0
    outer loop
      vertex 163 -4 50
      vertex 31.09099025766973 -4 33.40900974233027
      vertex 30.750033024294105 -4 33.12919337231927
    endloop
  endfacet
  facet normal 0 -1 0
    outer loop
      vertex 163 -4 50
      vertex 31.370806627680725 -4 33.749966975705895
      vertex 31.09099025766973 -4 33.40900974233027
    endloop
  endfacet
  facet normal 0 -1 0
    outer loop
      vertex 163 -4 50
      vertex 31.578728948150395 -4 34.13896227717855
      vertex 31.370806627680725 -4 33.749966975705895
    endloop
  endfacet
  facet normal 0 -1 0
    outer loop
      vertex 163 -4 50
      vertex 31.706766880907267 -4 34.56104677546371
      vertex 31.578728948150395 -4 34.13896227717855
    endloop
  endfacet
  facet normal 0 -1 0
    outer loop
      vertex 163 -4 50
      vertex 31.75 -4 35
      vertex 31.706766880907267 -4 34.56104677546371
    endloop
  endfacet
  facet normal 0 -1 0
    outer loop
      vertex 163 -4 50
      vertex 31.706766880907267 -4 35.43895322453629
      vertex 31.75 -4 35
    endloop
  endfacet
  facet normal 0 -1 0
    outer loop
      vertex 163 -4 50
      vertex 31.578728948150395 -4 35.86103772282145
      vertex 31.706766880907267 -4 35.43895322453629
    endloop
  endfacet
  facet normal 0 -1 0
    outer loop
      vertex 163 -4 50
      vertex 31.370806627680725 -4 36.250033024294105
      vertex 31.578728948150395 -4 35.86103772282145
    endloop
  endfacet
  facet normal 0 -1 0
    outer loop
      vertex 163 -4 50
      vertex 31.09099025766973 -4 36.59099025766973
      vertex 31.370806627680725 -4 36.250033024294105
    endloop
  endfacet
  facet normal 0 -1 0
    outer loop
      vertex 163 -4 50
      vertex 30.750033024294105 -4 36.87080662768073
      vertex 31.09099025766973 -4 36.59099025766973
    endloop
  endfacet
  facet normal 0 -1 0
    outer loop
      vertex 163 -4 50
      vertex 30.36103772282145 -4 37.07872894815039
      vertex 30.750033024294105 -4 36.87080662768073
    endloop
  endfacet
  facet normal 0 -1 0
    outer loop
      vertex -4 -4 50
      vertex 30.36103772282145 -4 37.07872894815039
      vertex 163 -4 50
    endloop
  endfacet
  facet normal 0 1 0
    outer loop
      vertex 0 0 0
      vertex 159 0 19
      vertex 159 0 0
    endloop
  endfacet
  facet normal 0 -1 0
    outer loop
      vertex -4 -4 0
      vertex 163 -4 0
      vertex 129.5 -4 32.75
    endloop
  endfacet
  facet normal 0 -1 0
    outer loop
      vertex -4 -4 0
      vertex 128.2499669757059 -4 33.12919337231927
      vertex 127.90900974233027 -4 33.40900974233027
    endloop
  endfacet
  facet normal 0 -1 0
    outer loop
      vertex -4 -4 0
      vertex 128.63896227717854 -4 32.92127105184961
      vertex 128.2499669757059 -4 33.12919337231927
    endloop
  endfacet
  facet normal 0 -1 0
    outer loop
      vertex -4 -4 0
      vertex 129.06104677546372 -4 32.79323311909273
      vertex 128.63896227717854 -4 32.92127105184961
    endloop
  endfacet
  facet normal 0 -1 0
    outer loop
      vertex -4 -4 0
      vertex 127.90900974233027 -4 33.40900974233027
      vertex 127.62919337231928 -4 33.749966975705895
    endloop
  endfacet
  facet normal 0 -1 0
    outer loop
      vertex -4 -4 0
      vertex 127.62919337231928 -4 33.749966975705895
      vertex 127.4212710518496 -4 34.13896227717855
    endloop
  endfacet
  facet normal 0 -1 0
    outer loop
      vertex -4 -4 0
      vertex 127.4212710518496 -4 34.13896227717855
      vertex 127.29323311909273 -4 34.56104677546371
    endloop
  endfacet
  facet normal 0 -1 0
    outer loop
      vertex -4 -4 0
      vertex 127.29323311909273 -4 34.56104677546371
      vertex 127.25 -4 35
    endloop
  endfacet
  facet normal 0 -1 0
    outer loop
      vertex -4 -4 0
      vertex 127.25 -4 35
      vertex 127.29323311909273 -4 35.43895322453629
    endloop
  endfacet
  facet normal 0 -1 0
    outer loop
      vertex -4 -4 0
      vertex 129.5 -4 32.75
      vertex 129.06104677546372 -4 32.79323311909273
    endloop
  endfacet
  facet normal 0 -1 0
    outer loop
      vertex 163 -4 0
      vertex 129.93895322453628 -4 32.79323311909273
      vertex 129.5 -4 32.75
    endloop
  endfacet
  facet normal 0 -1 0
    outer loop
      vertex 163 -4 0
      vertex 130.36103772282146 -4 32.92127105184961
      vertex 129.93895322453628 -4 32.79323311909273
    endloop
  endfacet
  facet normal 0 -1 0
    outer loop
      vertex 163 -4 0
      vertex 130.7500330242941 -4 33.12919337231927
      vertex 130.36103772282146 -4 32.92127105184961
    endloop
  endfacet
  facet normal 0 -1 0
    outer loop
      vertex 163 -4 0
      vertex 131.09099025766974 -4 33.40900974233027
      vertex 130.7500330242941 -4 33.12919337231927
    endloop
  endfacet
  facet normal 0 -1 0
    outer loop
      vertex 163 -4 0
      vertex 131.37080662768074 -4 33.749966975705895
      vertex 131.09099025766974 -4 33.40900974233027
    endloop
  endfacet
  facet normal 1 0 0
    outer loop
      vertex 163 -4 0
      vertex 163 0 0
      vertex 163 -4 50
    endloop
  endfacet
  facet normal 1 0 0
    outer loop
      vertex 163 0 0
      vertex 163 0 19
      vertex 163 -4 50
    endloop
  endfacet
  facet normal 0 -1 0
    outer loop
      vertex -4 -4 0
      vertex 127.29323311909273 -4 35.43895322453629
      vertex 127.4212710518496 -4 35.86103772282145
    endloop
  endfacet
  facet normal 0 -1 0
    outer loop
      vertex -4 -4 0
      vertex 127.4212710518496 -4 35.86103772282145
      vertex 127.62919337231928 -4 36.250033024294105
    endloop
  endfacet
  facet normal 0 -1 0
    outer loop
      vertex -4 -4 0
      vertex 127.62919337231928 -4 36.250033024294105
      vertex 127.90900974233027 -4 36.59099025766973
    endloop
  endfacet
  facet normal 0 -1 0
    outer loop
      vertex -4 -4 0
      vertex 127.90900974233027 -4 36.59099025766973
      vertex 128.2499669757059 -4 36.87080662768073
    endloop
  endfacet
  facet normal 0 -1 0
    outer loop
      vertex -4 -4 0
      vertex 128.2499669757059 -4 36.87080662768073
      vertex 128.63896227717854 -4 37.07872894815039
    endloop
  endfacet
  facet normal 0 -1 0
    outer loop
      vertex -4 -4 0
      vertex 128.63896227717854 -4 37.07872894815039
      vertex 129.06104677546372 -4 37.20676688090727
    endloop
  endfacet
  facet normal 0 1 0
    outer loop
      vertex -4 0 50
      vertex 160 0 20
      vertex 93.80000000000001 0 20
    endloop
  endfacet
  facet normal 0 -1 0
    outer loop
      vertex -4 -4 0
      vertex 129.06104677546372 -4 37.20676688090727
      vertex 163 -4 50
    endloop
  endfacet
  facet normal 0 1 0
    outer loop
      vertex -4 0 50
      vertex 127.8761466353308 0 31.079671183710442
      vertex 160 0 20
    endloop
  endfacet
  facet normal 0 1 0
    outer loop
      vertex -4 0 50
      vertex 127.14253031122016 0 31.471797278462866
      vertex 127.8761466353308 0 31.079671183710442
    endloop
  endfacet
  facet normal 0 1 0
    outer loop
      vertex -4 0 50
      vertex 126.49951022516508 0 31.999510225165086
      vertex 127.14253031122016 0 31.471797278462866
    endloop
  endfacet
  facet normal 0 1 0
    outer loop
      vertex -4 0 50
      vertex 125.97179727846286 0 32.642530311220156
      vertex 126.49951022516508 0 31.999510225165086
    endloop
  endfacet
  facet normal 0 1 0
    outer loop
      vertex -4 0 50
      vertex 125.57967118371043 0 33.3761466353308
      vertex 125.97179727846286 0 32.642530311220156
    endloop
  endfacet
  facet normal 0 1 0
    outer loop
      vertex -4 0 50
      vertex 125.33820112682228 0 34.17216673357823
      vertex 125.57967118371043 0 33.3761466353308
    endloop
  endfacet
  facet normal 0 1 0
    outer loop
      vertex -4 0 50
      vertex 125.25666666666666 0 35
      vertex 125.33820112682228 0 34.17216673357823
    endloop
  endfacet
  facet normal 0 1 0
    outer loop
      vertex -4 0 50
      vertex 125.33820112682228 0 35.82783326642177
      vertex 125.25666666666666 0 35
    endloop
  endfacet
  facet normal 0 1 0
    outer loop
      vertex -4 0 50
      vertex 125.57967118371043 0 36.6238533646692
      vertex 125.33820112682228 0 35.82783326642177
    endloop
  endfacet
  facet normal 0 1 0
    outer loop
      vertex -4 0 50
      vertex 125.97179727846286 0 37.357469688779844
      vertex 125.57967118371043 0 36.6238533646692
    endloop
  endfacet
  facet normal 0 1 0
    outer loop
      vertex -4 0 50
      vertex 126.49951022516508 0 38.00048977483492
      vertex 125.97179727846286 0 37.357469688779844
    endloop
  endfacet
  facet normal 0 1 0
    outer loop
      vertex -4 0 50
      vertex 127.14253031122016 0 38.528202721537134
      vertex 126.49951022516508 0 38.00048977483492
    endloop
  endfacet
  facet normal 0 1 0
    outer loop
      vertex -4 0 50
      vertex 127.8761466353308 0 38.92032881628956
      vertex 127.14253031122016 0 38.528202721537134
    endloop
  endfacet
  facet normal 0 1 0
    outer loop
      vertex -4 0 50
      vertex 128.67216673357825 0 39.16179887317771
      vertex 127.8761466353308 0 38.92032881628956
    endloop
  endfacet
  facet normal 0 1 0
    outer loop
      vertex -4 0 50
      vertex 129.5 0 39.24333333333333
      vertex 128.67216673357825 0 39.16179887317771
    endloop
  endfacet
  facet normal 0 1 0
    outer loop
      vertex -4 0 50
      vertex 163 0 50
      vertex 129.5 0 39.24333333333333
    endloop
  endfacet
  facet normal 0 0 1
    outer loop
      vertex -4 0 50
      vertex 163 -4 50
      vertex 163 0 50
    endloop
  endfacet
  facet normal 0 1 0
    outer loop
      vertex 160 0 20
      vertex 128.67216673357825 0 30.83820112682229
      vertex 129.5 0 30.756666666666668
    endloop
  endfacet
  facet normal 0 1 0
    outer loop
      vertex 160 0 20
      vertex 127.8761466353308 0 31.079671183710442
      vertex 128.67216673357825 0 30.83820112682229
    endloop
  endfacet
  facet normal 0 1 0
    outer loop
      vertex 160 0 20
      vertex 129.5 0 30.756666666666668
      vertex 130.32783326642175 0 30.83820112682229
    endloop
  endfacet
  facet normal 0 1 0
    outer loop
      vertex 160 0 20
      vertex 130.32783326642175 0 30.83820112682229
      vertex 131.1238533646692 0 31.079671183710442
    endloop
  endfacet
  facet normal 0 1 0
    outer loop
      vertex 160 0 20
      vertex 131.1238533646692 0 31.079671183710442
      vertex 131.85746968877984 0 31.471797278462866
    endloop
  endfacet
  facet normal 0 1 0
    outer loop
      vertex 160 0 20
      vertex 131.85746968877984 0 31.471797278462866
      vertex 132.5004897748349 0 31.999510225165086
    endloop
  endfacet
  facet normal 0 1 0
    outer loop
      vertex 160 0 20
      vertex 132.5004897748349 0 31.999510225165086
      vertex 133.02820272153713 0 32.642530311220156
    endloop
  endfacet
  facet normal 0 1 0
    outer loop
      vertex 160 0 20
      vertex 133.02820272153713 0 32.642530311220156
      vertex 133.42032881628955 0 33.3761466353308
    endloop
  endfacet
  facet normal 0 1 0
    outer loop
      vertex 160 0 20
      vertex 133.42032881628955 0 33.3761466353308
      vertex 133.6617988731777 0 34.17216673357823
    endloop
  endfacet
  facet normal 0 1 0
    outer loop
      vertex 160 0 20
      vertex 133.6617988731777 0 34.17216673357823
      vertex 133.74333333333334 0 35
    endloop
  endfacet
  facet normal 0 -1 0
    outer loop
      vertex 163 -4 0
      vertex 163 -4 50
      vertex 131.37080662768074 -4 33.749966975705895
    endloop
  endfacet
  facet normal 1 0 0
    outer loop
      vertex 163 -4 50
      vertex 163 0 19
      vertex 163 0 21
    endloop
  endfacet
  facet normal 0 1 0
    outer loop
      vertex 163 0 50
      vertex 162 0 20
      vertex 160 0 20
    endloop
  endfacet
  facet normal 0 1 0
    outer loop
      vertex 160 0 20
      vertex 133.74333333333334 0 35
      vertex 133.6617988731777 0 35.82783326642177
    endloop
  endfacet
  facet normal 0 1 0
    outer loop
      vertex 160 0 20
      vertex 133.6617988731777 0 35.82783326642177
      vertex 133.42032881628955 0 36.6238533646692
    endloop
  endfacet
  facet normal 0 1 0
    outer loop
      vertex 163 0 50
      vertex 160 0 20
      vertex 133.42032881628955 0 36.6238533646692
    endloop
  endfacet
  facet normal 0 1 0
    outer loop
      vertex 163 0 50
      vertex 163 0 21
      vertex 162 0 20
    endloop
  endfacet
  facet normal 0 -1 0
    outer loop
      vertex 163 -4 50
      vertex 131.5787289481504 -4 34.13896227717855
      vertex 131.37080662768074 -4 33.749966975705895
    endloop
  endfacet
  facet normal 0 -1 0
    outer loop
      vertex 163 -4 50
      vertex 131.70676688090728 -4 34.56104677546371
      vertex 131.5787289481504 -4 34.13896227717855
    endloop
  endfacet
  facet normal 0 -1 0
    outer loop
      vertex 163 -4 50
      vertex 131.5787289481504 -4 35.86103772282145
      vertex 131.70676688090728 -4 35.43895322453629
    endloop
  endfacet
  facet normal 0 -1 0
    outer loop
      vertex 163 -4 50
      vertex 131.37080662768074 -4 36.250033024294105
      vertex 131.5787289481504 -4 35.86103772282145
    endloop
  endfacet
  facet normal 0 -1 0
    outer loop
      vertex 163 -4 50
      vertex 129.06104677546372 -4 37.20676688090727
      vertex 129.5 -4 37.25
    endloop
  endfacet
  facet normal 0 -1 0
    outer loop
      vertex 163 -4 50
      vertex 129.5 -4 37.25
      vertex 129.93895322453628 -4 37.20676688090727
    endloop
  endfacet
  facet normal 0 -1 0
    outer loop
      vertex 163 -4 50
      vertex 131.09099025766974 -4 36.59099025766973
      vertex 131.37080662768074 -4 36.250033024294105
    endloop
  endfacet
  facet normal 0 -1 0
    outer loop
      vertex 163 -4 50
      vertex 130.7500330242941 -4 36.87080662768073
      vertex 131.09099025766974 -4 36.59099025766973
    endloop
  endfacet
  facet normal 0 -1 0
    outer loop
      vertex 163 -4 50
      vertex 129.93895322453628 -4 37.20676688090727
      vertex 130.36103772282146 -4 37.07872894815039
    endloop
  endfacet
  facet normal 0 -1 0
    outer loop
      vertex 163 -4 50
      vertex 130.36103772282146 -4 37.07872894815039
      vertex 130.7500330242941 -4 36.87080662768073
    endloop
  endfacet
  facet normal 0 1 0
    outer loop
      vertex 163 0 50
      vertex 131.85746968877984 0 38.528202721537134
      vertex 131.1238533646692 0 38.92032881628956
    endloop
  endfacet
  facet normal 0 1 0
    outer loop
      vertex 163 0 50
      vertex 130.32783326642175 0 39.16179887317771
      vertex 129.5 0 39.24333333333333
    endloop
  endfacet
  facet normal 0 1 0
    outer loop
      vertex 163 0 50
      vertex 131.1238533646692 0 38.92032881628956
      vertex 130.32783326642175 0 39.16179887317771
    endloop
  endfacet
  facet normal 0 -1 0
    outer loop
      vertex 163 -4 50
      vertex 131.75 -4 35
      vertex 131.70676688090728 -4 34.56104677546371
    endloop
  endfacet
  facet normal 0 -1 0
    outer loop
      vertex 163 -4 50
      vertex 131.70676688090728 -4 35.43895322453629
      vertex 131.75 -4 35
    endloop
  endfacet
  facet normal 0 1 0
    outer loop
      vertex 163 0 50
      vertex 133.42032881628955 0 36.6238533646692
      vertex 133.02820272153713 0 37.357469688779844
    endloop
  endfacet
  facet normal 0 1 0
    outer loop
      vertex 163 0 50
      vertex 133.02820272153713 0 37.357469688779844
      vertex 132.5004897748349 0 38.00048977483492
    endloop
  endfacet
  facet normal 0 1 0
    outer loop
      vertex 163 0 50
      vertex 132.5004897748349 0 38.00048977483492
      vertex 131.85746968877984 0 38.528202721537134
    endloop
  endfacet
  facet normal 1 0 0
    outer loop
      vertex 163 -4 50
      vertex 163 0 21
      vertex 163 0 50
    endloop
  endfacet
  facet normal -1 0 0
    outer loop
      vertex -4 57 0
      vertex -4 57 19
      vertex -4 60 0
    endloop
  endfacet
  facet normal -1 0 0
    outer loop
      vertex -4 60 0
      vertex -4 57 19
      vertex -4 60 19
    endloop
  endfacet
  facet normal 0 0 1
    outer loop
      vertex -3 57 20
      vertex -1 57 20
      vertex -1 58 20
    endloop
  endfacet
  facet normal 0 0 1
    outer loop
      vertex -3 57 20
      vertex -1 58 20
      vertex -3 60 20
    endloop
  endfacet
  facet normal 0 -1 0
    outer loop
      vertex 0 57 0
      vertex 159 57 0
      vertex 0 57 19
    endloop
  endfacet
  facet normal 0 1 0
    outer loop
      vertex 162 61 19
      vertex -3 61 0
      vertex -3 61 19
    endloop
  endfacet
  facet normal 0 0 1
    outer loop
      vertex -1 58 20
      vertex 160 58 20
      vertex -3 60 20
    endloop
  endfacet
  facet normal 0 1 0
    outer loop
      vertex 162 61 19
      vertex 162 61 0
      vertex -3 61 0
    endloop
  endfacet
  facet normal 0 -1 0
    outer loop
      vertex 159 57 0
      vertex 159 57 19
      vertex 0 57 19
    endloop
  endfacet
  facet normal 0 0 1
    outer loop
      vertex 160 58 20
      vertex 162 60 20
      vertex -3 60 20
    endloop
  endfacet
  facet normal 1 0 0
    outer loop
      vertex 163 57 0
      vertex 163 60 0
      vertex 163 60 19
    endloop
  endfacet
  facet normal 1 0 0
    outer loop
      vertex 163 57 0
      vertex 163 60 19
      vertex 163 57 19
    endloop
  endfacet
  facet normal 0 0 1
    outer loop
      vertex 160 57 20
      vertex 162 60 20
      vertex 160 58 20
    endloop
  endfacet
  facet normal 0 0 1
    outer loop
      vertex 160 57 20
      vertex 162 57 20
      vertex 162 60 20
    endloop
  endfacet
  facet normal -1 0 0
    outer loop
      vertex -4 0 0
      vertex -4 11.870607753949095 13.888595339607956
      vertex -4 12.4358493703871 13.086013910151333
    endloop
  endfacet
  facet normal -1 0 0
    outer loop
      vertex -4 0 0
      vertex -4 10.861574713032898 15.572065263480047
      vertex -4 11.34542779999456 14.717945116135564
    endloop
  endfacet
  facet normal -1 0 0
    outer loop
      vertex -4 0 0
      vertex -4 11.34542779999456 14.717945116135564
      vertex -4 11.870607753949095 13.888595339607956
    endloop
  endfacet
  facet normal 1 0 0
    outer loop
      vertex 0 0 0
      vertex 0 12.4358493703871 13.086013910151333
      vertex 0 11.870607753949095 13.888595339607956
    endloop
  endfacet
  facet normal 1 0 0
    outer loop
      vertex 0 0 0
      vertex 0 11.34542779999456 14.717945116135564
      vertex 0 10.861574713032898 15.572065263480047
    endloop
  endfacet
  facet normal 1 0 0
    outer loop
      vertex 0 0 0
      vertex 0 11.870607753949095 13.888595339607956
      vertex 0 11.34542779999456 14.717945116135564
    endloop
  endfacet
  facet normal -1 0 0
    outer loop
      vertex -4 0 0
      vertex -4 15.068820903059631 10.180977492900817
      vertex -4 15.81213431672709 9.53979093274526
    endloop
  endfacet
  facet normal -1 0 0
    outer loop
      vertex -4 0 0
      vertex -4 15.81213431672709 9.53979093274526
      vertex -4 16.586013910151333 8.9358493703871
    endloop
  endfacet
  facet normal -1 0 0
    outer loop
      vertex -4 0 0
      vertex -4 16.586013910151333 8.9358493703871
      vertex -4 17.388595339607956 8.370607753949095
    endloop
  endfacet
  facet normal -1 0 0
    outer loop
      vertex -4 0 0
      vertex -4 17.388595339607956 8.370607753949095
      vertex -4 18.217945116135564 7.84542779999456
    endloop
  endfacet
  facet normal 1 0 0
    outer loop
      vertex 0 0 0
      vertex 0 15.81213431672709 9.53979093274526
      vertex 0 15.068820903059631 10.180977492900817
    endloop
  endfacet
  facet normal 1 0 0
    outer loop
      vertex 0 0 0
      vertex 0 16.586013910151333 8.9358493703871
      vertex 0 15.81213431672709 9.53979093274526
    endloop
  endfacet
  facet normal 1 0 0
    outer loop
      vertex 0 0 0
      vertex 0 17.388595339607956 8.370607753949095
      vertex 0 16.586013910151333 8.9358493703871
    endloop
  endfacet
  facet normal 1 0 0
    outer loop
      vertex 0 0 0
      vertex 0 18.217945116135564 7.84542779999456
      vertex 0 17.388595339607956 8.370607753949095
    endloop
  endfacet
  facet normal -1 0 0
    outer loop
      vertex -4 0 0
      vertex -4 12.4358493703871 13.086013910151333
      vertex -4 13.03979093274526 12.31213431672709
    endloop
  endfacet
  facet normal -1 0 0
    outer loop
      vertex -4 0 0
      vertex -4 13.03979093274526 12.31213431672709
      vertex -4 13.680977492900817 11.568820903059631
    endloop
  endfacet
  facet normal -1 0 0
    outer loop
      vertex -4 0 0
      vertex -4 13.680977492900817 11.568820903059631
      vertex -4 14.357864376269049 10.857864376269049
    endloop
  endfacet
  facet normal -1 0 0
    outer loop
      vertex -4 0 0
      vertex -4 14.357864376269049 10.857864376269049
      vertex -4 15.068820903059631 10.180977492900817
    endloop
  endfacet
  facet normal 1 0 0
    outer loop
      vertex 0 0 0
      vertex 0 13.03979093274526 12.31213431672709
      vertex 0 12.4358493703871 13.086013910151333
    endloop
  endfacet
  facet normal 1 0 0
    outer loop
      vertex 0 0 0
      vertex 0 13.680977492900817 11.568820903059631
      vertex 0 13.03979093274526 12.31213431672709
    endloop
  endfacet
  facet normal 1 0 0
    outer loop
      vertex 0 0 0
      vertex 0 14.357864376269049 10.857864376269049
      vertex 0 13.680977492900817 11.568820903059631
    endloop
  endfacet
  facet normal 1 0 0
    outer loop
      vertex 0 0 0
      vertex 0 15.068820903059631 10.180977492900817
      vertex 0 14.357864376269049 10.857864376269049
    endloop
  endfacet
  facet normal 1 0 0
    outer loop
      vertex 0 0 0
      vertex 0 10.420214137531133 16.44889813139436
      vertex 0 0 19
    endloop
  endfacet
  facet normal -1 0 0
    outer loop
      vertex -4 0 0
      vertex -4 0 19
      vertex -4 9.669118696339584 18.2622029321556
    endloop
  endfacet
  facet normal 0 0 1
    outer loop
      vertex -3 0 20
      vertex -1 0 20
      vertex -1 9.138227853118073 20
    endloop
  endfacet
  facet normal -1 0 0
    outer loop
      vertex -4 0 0
      vertex -4 10.420214137531133 16.44889813139436
      vertex -4 10.861574713032898 15.572065263480047
    endloop
  endfacet
  facet normal -1 0 0
    outer loop
      vertex -4 0 0
      vertex -4 9.669118696339584 18.2622029321556
      vertex -4 10.022409349774264 17.346331352698204
    endloop
  endfacet
  facet normal -1 0 0
    outer loop
      vertex -4 0 0
      vertex -4 10.022409349774264 17.346331352698204
      vertex -4 10.420214137531133 16.44889813139436
    endloop
  endfacet
  facet normal 1 0 0
    outer loop
      vertex 0 0 0
      vertex 0 10.861574713032898 15.572065263480047
      vertex 0 10.420214137531133 16.44889813139436
    endloop
  endfacet
  facet normal 0 0 1
    outer loop
      vertex -3 0 20
      vertex -1 9.138227853118073 20
      vertex -3 9.138227853118073 20
    endloop
  endfacet
  facet normal 1 0 0
    outer loop
      vertex 0 0 19
      vertex 0 10.420214137531133 16.44889813139436
      vertex 0 10.022409349774264 17.346331352698204
    endloop
  endfacet
  facet normal 1 0 0
    outer loop
      vertex 0 0 19
      vertex 0 10.022409349774264 17.346331352698204
      vertex 0 9.669118696339584 18.2622029321556
    endloop
  endfacet
  facet normal -1 0 0
    outer loop
      vertex -4 0 19
      vertex -4 9.425383467588306 19
      vertex -4 9.669118696339584 18.2622029321556
    endloop
  endfacet
  facet normal 1 0 0
    outer loop
      vertex 0 0 19
      vertex 0 9.669118696339584 18.2622029321556
      vertex 0 9.425383467588306 19
    endloop
  endfacet
  facet normal -1 0 0
    outer loop
      vertex -4 0 0
      vertex -4 24.598193559677433 5.384294391935391
      vertex -4 25.565390510892765 5.216469800704381
    endloop
  endfacet
  facet normal 1 0 0
    outer loop
      vertex 0 0 0
      vertex 0 25.565390510892765 5.216469800704381
      vertex 0 24.598193559677433 5.384294391935391
    endloop
  endfacet
  facet normal -1 0 0
    outer loop
      vertex -4 0 0
      vertex -4 18.217945116135564 7.84542779999456
      vertex -4 19.07206526348005 7.361574713032898
    endloop
  endfacet
  facet normal -1 0 0
    outer loop
      vertex -4 0 0
      vertex -4 19.07206526348005 7.361574713032898
      vertex -4 19.94889813139436 6.920214137531133
    endloop
  endfacet
  facet normal -1 0 0
    outer loop
      vertex -4 0 0
      vertex -4 20.846331352698204 6.522409349774264
      vertex -4 21.7622029321556 6.169118696339584
    endloop
  endfacet
  facet normal -1 0 0
    outer loop
      vertex -4 0 0
      vertex -4 19.94889813139436 6.920214137531133
      vertex -4 20.846331352698204 6.522409349774264
    endloop
  endfacet
  facet normal 1 0 0
    outer loop
      vertex 0 0 0
      vertex 0 19.07206526348005 7.361574713032898
      vertex 0 18.217945116135564 7.84542779999456
    endloop
  endfacet
  facet normal 1 0 0
    outer loop
      vertex 0 0 0
      vertex 0 19.94889813139436 6.920214137531133
      vertex 0 19.07206526348005 7.361574713032898
    endloop
  endfacet
  facet normal 1 0 0
    outer loop
      vertex 0 0 0
      vertex 0 21.7622029321556 6.169118696339584
      vertex 0 20.846331352698204 6.522409349774264
    endloop
  endfacet
  facet normal 1 0 0
    outer loop
      vertex 0 0 0
      vertex 0 20.846331352698204 6.522409349774264
      vertex 0 19.94889813139436 6.920214137531133
    endloop
  endfacet
  facet normal -1 0 0
    outer loop
      vertex -4 0 0
      vertex -4 21.7622029321556 6.169118696339584
      vertex -4 22.694306454910752 5.861193285355824
    endloop
  endfacet
  facet normal -1 0 0
    outer loop
      vertex -4 0 0
      vertex -4 22.694306454910752 5.861193285355824
      vertex -4 23.640396401934723 5.599374936109122
    endloop
  endfacet
  facet normal -1 0 0
    outer loop
      vertex -4 0 0
      vertex -4 23.640396401934723 5.599374936109122
      vertex -4 24.598193559677433 5.384294391935391
    endloop
  endfacet
  facet normal 1 0 0
    outer loop
      vertex 0 0 0
      vertex 0 22.694306454910752 5.861193285355824
      vertex 0 21.7622029321556 6.169118696339584
    endloop
  endfacet
  facet normal 1 0 0
    outer loop
      vertex 0 0 0
      vertex 0 23.640396401934723 5.599374936109122
      vertex 0 22.694306454910752 5.861193285355824
    endloop
  endfacet
  facet normal 1 0 0
    outer loop
      vertex 0 0 0
      vertex 0 24.598193559677433 5.384294391935391
      vertex 0 23.640396401934723 5.599374936109122
    endloop
  endfacet
  facet normal -1 0 0
    outer loop
      vertex -4 0 0
      vertex -4 25.565390510892765 5.216469800704381
      vertex -4 57 0
    endloop
  endfacet
  facet normal 1 0 0
    outer loop
      vertex 0 0 0
      vertex 0 57 0
      vertex 0 25.565390510892765 5.216469800704381
    endloop
  endfacet
  facet normal -1 0 0
    outer loop
      vertex -4 57 0
      vertex -4 25.565390510892765 5.216469800704381
      vertex -4 26.53965719340879 5.0963054665560605
    endloop
  endfacet
  facet normal 1 0 0
    outer loop
      vertex 0 57 0
      vertex 0 26.53965719340879 5.0963054665560605
      vertex 0 25.565390510892765 5.216469800704381
    endloop
  endfacet
  facet normal -1 0 0
    outer loop
      vertex -4 57 0
      vertex -4 26.53965719340879 5.0963054665560605
      vertex -4 27.51864651345164 5.024090875896551
    endloop
  endfacet
  facet normal -1 0 0
    outer loop
      vertex -4 57 0
      vertex -4 27.51864651345164 5.024090875896551
      vertex -4 28.5 5
    endloop
  endfacet
  facet normal -1 0 0
    outer loop
      vertex -4 57 0
      vertex -4 28.5 5
      vertex -4 29.48135348654836 5.024090875896551
    endloop
  endfacet
  facet normal 1 0 0
    outer loop
      vertex 0 57 0
      vertex 0 27.51864651345164 5.024090875896551
      vertex 0 26.53965719340879 5.0963054665560605
    endloop
  endfacet
  facet normal 1 0 0
    outer loop
      vertex 0 57 0
      vertex 0 28.5 5
      vertex 0 27.51864651345164 5.024090875896551
    endloop
  endfacet
  facet normal 1 0 0
    outer loop
      vertex 0 57 0
      vertex 0 29.48135348654836 5.024090875896551
      vertex 0 28.5 5
    endloop
  endfacet
  facet normal -1 0 0
    outer loop
      vertex -4 57 0
      vertex -4 29.48135348654836 5.024090875896551
      vertex -4 30.46034280659121 5.0963054665560605
    endloop
  endfacet
  facet normal -1 0 0
    outer loop
      vertex -4 57 0
      vertex -4 30.46034280659121 5.0963054665560605
      vertex -4 31.434609489107235 5.216469800704381
    endloop
  endfacet
  facet normal -1 0 0
    outer loop
      vertex -4 57 0
      vertex -4 31.434609489107235 5.216469800704381
      vertex -4 32.40180644032257 5.384294391935391
    endloop
  endfacet
  facet normal 1 0 0
    outer loop
      vertex 0 57 0
      vertex 0 30.46034280659121 5.0963054665560605
      vertex 0 29.48135348654836 5.024090875896551
    endloop
  endfacet
  facet normal 1 0 0
    outer loop
      vertex 0 57 0
      vertex 0 31.434609489107235 5.216469800704381
      vertex 0 30.46034280659121 5.0963054665560605
    endloop
  endfacet
  facet normal 1 0 0
    outer loop
      vertex 0 57 0
      vertex 0 32.40180644032257 5.384294391935391
      vertex 0 31.434609489107235 5.216469800704381
    endloop
  endfacet
  facet normal -1 0 0
    outer loop
      vertex -4 57 0
      vertex -4 32.40180644032257 5.384294391935391
      vertex -4 33.35960359806528 5.599374936109122
    endloop
  endfacet
  facet normal -1 0 0
    outer loop
      vertex -4 57 0
      vertex -4 33.35960359806528 5.599374936109122
      vertex -4 34.30569354508925 5.861193285355824
    endloop
  endfacet
  facet normal -1 0 0
    outer loop
      vertex -4 57 0
      vertex -4 34.30569354508925 5.861193285355824
      vertex -4 35.2377970678444 6.169118696339584
    endloop
  endfacet
  facet normal 1 0 0
    outer loop
      vertex 0 57 0
      vertex 0 33.35960359806528 5.599374936109122
      vertex 0 32.40180644032257 5.384294391935391
    endloop
  endfacet
  facet normal 1 0 0
    outer loop
      vertex 0 57 0
      vertex 0 34.30569354508925 5.861193285355824
      vertex 0 33.35960359806528 5.599374936109122
    endloop
  endfacet
  facet normal 1 0 0
    outer loop
      vertex 0 57 0
      vertex 0 35.2377970678444 6.169118696339584
      vertex 0 34.30569354508925 5.861193285355824
    endloop
  endfacet
  facet normal -1 0 0
    outer loop
      vertex -4 57 0
      vertex -4 35.2377970678444 6.169118696339584
      vertex -4 36.1536686473018 6.522409349774264
    endloop
  endfacet
  facet normal -1 0 0
    outer loop
      vertex -4 57 0
      vertex -4 36.1536686473018 6.522409349774264
      vertex -4 37.05110186860564 6.920214137531133
    endloop
  endfacet
  facet normal -1 0 0
    outer loop
      vertex -4 57 0
      vertex -4 37.05110186860564 6.920214137531133
      vertex -4 37.92793473651995 7.361574713032898
    endloop
  endfacet
  facet normal -1 0 0
    outer loop
      vertex -4 57 0
      vertex -4 37.92793473651995 7.361574713032898
      vertex -4 38.78205488386443 7.84542779999456
    endloop
  endfacet
  facet normal 1 0 0
    outer loop
      vertex 0 57 0
      vertex 0 36.1536686473018 6.522409349774264
      vertex 0 35.2377970678444 6.169118696339584
    endloop
  endfacet
  facet normal 1 0 0
    outer loop
      vertex 0 57 0
      vertex 0 37.05110186860564 6.920214137531133
      vertex 0 36.1536686473018 6.522409349774264
    endloop
  endfacet
  facet normal 1 0 0
    outer loop
      vertex 0 57 0
      vertex 0 37.92793473651995 7.361574713032898
      vertex 0 37.05110186860564 6.920214137531133
    endloop
  endfacet
  facet normal 1 0 0
    outer loop
      vertex 0 57 0
      vertex 0 38.78205488386443 7.84542779999456
      vertex 0 37.92793473651995 7.361574713032898
    endloop
  endfacet
  facet normal -1 0 0
    outer loop
      vertex -4 57 0
      vertex -4 38.78205488386443 7.84542779999456
      vertex -4 39.61140466039204 8.370607753949095
    endloop
  endfacet
  facet normal -1 0 0
    outer loop
      vertex -4 57 0
      vertex -4 39.61140466039204 8.370607753949095
      vertex -4 40.41398608984866 8.9358493703871
    endloop
  endfacet
  facet normal -1 0 0
    outer loop
      vertex -4 57 0
      vertex -4 40.41398608984866 8.9358493703871
      vertex -4 41.18786568327291 9.53979093274526
    endloop
  endfacet
  facet normal -1 0 0
    outer loop
      vertex -4 57 0
      vertex -4 41.18786568327291 9.53979093274526
      vertex -4 41.93117909694037 10.180977492900817
    endloop
  endfacet
  facet normal 1 0 0
    outer loop
      vertex 0 57 0
      vertex 0 39.61140466039204 8.370607753949095
      vertex 0 38.78205488386443 7.84542779999456
    endloop
  endfacet
  facet normal 1 0 0
    outer loop
      vertex 0 57 0
      vertex 0 40.41398608984866 8.9358493703871
      vertex 0 39.61140466039204 8.370607753949095
    endloop
  endfacet
  facet normal 1 0 0
    outer loop
      vertex 0 57 0
      vertex 0 41.18786568327291 9.53979093274526
      vertex 0 40.41398608984866 8.9358493703871
    endloop
  endfacet
  facet normal 1 0 0
    outer loop
      vertex 0 57 0
      vertex 0 41.93117909694037 10.180977492900817
      vertex 0 41.18786568327291 9.53979093274526
    endloop
  endfacet
  facet normal -1 0 0
    outer loop
      vertex -4 57 0
      vertex -4 41.93117909694037 10.180977492900817
      vertex -4 42.64213562373095 10.857864376269049
    endloop
  endfacet
  facet normal -1 0 0
    outer loop
      vertex -4 57 0
      vertex -4 42.64213562373095 10.857864376269049
      vertex -4 43.319022507099184 11.568820903059631
    endloop
  endfacet
  facet normal -1 0 0
    outer loop
      vertex -4 57 0
      vertex -4 43.319022507099184 11.568820903059631
      vertex -4 43.96020906725474 12.31213431672709
    endloop
  endfacet
  facet normal -1 0 0
    outer loop
      vertex -4 57 0
      vertex -4 43.96020906725474 12.31213431672709
      vertex -4 44.5641506296129 13.086013910151333
    endloop
  endfacet
  facet normal 1 0 0
    outer loop
      vertex 0 57 0
      vertex 0 42.64213562373095 10.857864376269049
      vertex 0 41.93117909694037 10.180977492900817
    endloop
  endfacet
  facet normal 1 0 0
    outer loop
      vertex 0 57 0
      vertex 0 43.319022507099184 11.568820903059631
      vertex 0 42.64213562373095 10.857864376269049
    endloop
  endfacet
  facet normal 1 0 0
    outer loop
      vertex 0 57 0
      vertex 0 43.96020906725474 12.31213431672709
      vertex 0 43.319022507099184 11.568820903059631
    endloop
  endfacet
  facet normal 1 0 0
    outer loop
      vertex 0 57 0
      vertex 0 44.5641506296129 13.086013910151333
      vertex 0 43.96020906725474 12.31213431672709
    endloop
  endfacet
  facet normal -1 0 0
    outer loop
      vertex -4 57 0
      vertex -4 44.5641506296129 13.086013910151333
      vertex -4 45.129392246050905 13.888595339607956
    endloop
  endfacet
  facet normal -1 0 0
    outer loop
      vertex -4 57 0
      vertex -4 45.129392246050905 13.888595339607956
      vertex -4 45.65457220000544 14.717945116135564
    endloop
  endfacet
  facet normal -1 0 0
    outer loop
      vertex -4 57 0
      vertex -4 45.65457220000544 14.717945116135564
      vertex -4 46.138425286967106 15.572065263480047
    endloop
  endfacet
  facet normal 1 0 0
    outer loop
      vertex 0 57 0
      vertex 0 45.129392246050905 13.888595339607956
      vertex 0 44.5641506296129 13.086013910151333
    endloop
  endfacet
  facet normal 1 0 0
    outer loop
      vertex 0 57 0
      vertex 0 45.65457220000544 14.717945116135564
      vertex 0 45.129392246050905 13.888595339607956
    endloop
  endfacet
  facet normal 1 0 0
    outer loop
      vertex 0 57 0
      vertex 0 46.138425286967106 15.572065263480047
      vertex 0 45.65457220000544 14.717945116135564
    endloop
  endfacet
  facet normal -1 0 0
    outer loop
      vertex -4 57 0
      vertex -4 46.138425286967106 15.572065263480047
      vertex -4 46.57978586246887 16.44889813139436
    endloop
  endfacet
  facet normal 1 0 0
    outer loop
      vertex 0 57 0
      vertex 0 46.57978586246887 16.44889813139436
      vertex 0 46.138425286967106 15.572065263480047
    endloop
  endfacet
  facet normal 1 0 0
    outer loop
      vertex 0 57 0
      vertex 0 46.977590650225736 17.346331352698204
      vertex 0 46.57978586246887 16.44889813139436
    endloop
  endfacet
  facet normal 1 0 0
    outer loop
      vertex 0 57 0
      vertex 0 47.33088130366042 18.2622029321556
      vertex 0 46.977590650225736 17.346331352698204
    endloop
  endfacet
  facet normal -1 0 0
    outer loop
      vertex -4 57 19
      vertex -4 46.57978586246887 16.44889813139436
      vertex -4 46.977590650225736 17.346331352698204
    endloop
  endfacet
  facet normal -1 0 0
    outer loop
      vertex -4 57 19
      vertex -4 46.977590650225736 17.346331352698204
      vertex -4 47.33088130366042 18.2622029321556
    endloop
  endfacet
  facet normal -1 0 0
    outer loop
      vertex -4 57 19
      vertex -4 47.33088130366042 18.2622029321556
      vertex -4 47.574616532411696 19
    endloop
  endfacet
  facet normal 1 0 0
    outer loop
      vertex 0 57 19
      vertex 0 47.574616532411696 19
      vertex 0 47.33088130366042 18.2622029321556
    endloop
  endfacet
  facet normal 0 0 1
    outer loop
      vertex -1 57 20
      vertex -3 47.861772146881925 20
      vertex -1 47.861772146881925 20
    endloop
  endfacet
  facet normal -1 0 0
    outer loop
      vertex -4 57 0
      vertex -4 46.57978586246887 16.44889813139436
      vertex -4 57 19
    endloop
  endfacet
  facet normal 1 0 0
    outer loop
      vertex 0 57 0
      vertex 0 57 19
      vertex 0 47.33088130366042 18.2622029321556
    endloop
  endfacet
  facet normal 0 0 1
    outer loop
      vertex -3 57 20
      vertex -3 47.861772146881925 20
      vertex -1 57 20
    endloop
  endfacet
  facet normal -1 0 0
    outer loop
      vertex 159 0 0
      vertex 159 11.870607753949095 13.888595339607956
      vertex 159 12.4358493703871 13.086013910151333
    endloop
  endfacet
  facet normal -1 0 0
    outer loop
      vertex 159 0 0
      vertex 159 10.861574713032898 15.572065263480047
      vertex 159 11.34542779999456 14.717945116135564
    endloop
  endfacet
  facet normal -1 0 0
    outer loop
      vertex 159 0 0
      vertex 159 11.34542779999456 14.717945116135564
      vertex 159 11.870607753949095 13.888595339607956
    endloop
  endfacet
  facet normal 1 0 0
    outer loop
      vertex 163 0 0
      vertex 163 12.4358493703871 13.086013910151333
      vertex 163 11.870607753949095 13.888595339607956
    endloop
  endfacet
  facet normal 1 0 0
    outer loop
      vertex 163 0 0
      vertex 163 11.34542779999456 14.717945116135564
      vertex 163 10.861574713032898 15.572065263480047
    endloop
  endfacet
  facet normal 1 0 0
    outer loop
      vertex 163 0 0
      vertex 163 11.870607753949095 13.888595339607956
      vertex 163 11.34542779999456 14.717945116135564
    endloop
  endfacet
  facet normal -1 0 0
    outer loop
      vertex 159 0 0
      vertex 159 15.068820903059631 10.180977492900817
      vertex 159 15.81213431672709 9.53979093274526
    endloop
  endfacet
  facet normal -1 0 0
    outer loop
      vertex 159 0 0
      vertex 159 15.81213431672709 9.53979093274526
      vertex 159 16.586013910151333 8.9358493703871
    endloop
  endfacet
  facet normal -1 0 0
    outer loop
      vertex 159 0 0
      vertex 159 16.586013910151333 8.9358493703871
      vertex 159 17.388595339607956 8.370607753949095
    endloop
  endfacet
  facet normal -1 0 0
    outer loop
      vertex 159 0 0
      vertex 159 17.388595339607956 8.370607753949095
      vertex 159 18.217945116135564 7.84542779999456
    endloop
  endfacet
  facet normal 1 0 0
    outer loop
      vertex 163 0 0
      vertex 163 15.81213431672709 9.53979093274526
      vertex 163 15.068820903059631 10.180977492900817
    endloop
  endfacet
  facet normal 1 0 0
    outer loop
      vertex 163 0 0
      vertex 163 16.586013910151333 8.9358493703871
      vertex 163 15.81213431672709 9.53979093274526
    endloop
  endfacet
  facet normal 1 0 0
    outer loop
      vertex 163 0 0
      vertex 163 17.388595339607956 8.370607753949095
      vertex 163 16.586013910151333 8.9358493703871
    endloop
  endfacet
  facet normal 1 0 0
    outer loop
      vertex 163 0 0
      vertex 163 18.217945116135564 7.84542779999456
      vertex 163 17.388595339607956 8.370607753949095
    endloop
  endfacet
  facet normal -1 0 0
    outer loop
      vertex 159 0 0
      vertex 159 12.4358493703871 13.086013910151333
      vertex 159 13.03979093274526 12.31213431672709
    endloop
  endfacet
  facet normal -1 0 0
    outer loop
      vertex 159 0 0
      vertex 159 13.03979093274526 12.31213431672709
      vertex 159 13.680977492900817 11.568820903059631
    endloop
  endfacet
  facet normal -1 0 0
    outer loop
      vertex 159 0 0
      vertex 159 13.680977492900817 11.568820903059631
      vertex 159 14.357864376269049 10.857864376269049
    endloop
  endfacet
  facet normal -1 0 0
    outer loop
      vertex 159 0 0
      vertex 159 14.357864376269049 10.857864376269049
      vertex 159 15.068820903059631 10.180977492900817
    endloop
  endfacet
  facet normal 1 0 0
    outer loop
      vertex 163 0 0
      vertex 163 13.03979093274526 12.31213431672709
      vertex 163 12.4358493703871 13.086013910151333
    endloop
  endfacet
  facet normal 1 0 0
    outer loop
      vertex 163 0 0
      vertex 163 13.680977492900817 11.568820903059631
      vertex 163 13.03979093274526 12.31213431672709
    endloop
  endfacet
  facet normal 1 0 0
    outer loop
      vertex 163 0 0
      vertex 163 14.357864376269049 10.857864376269049
      vertex 163 13.680977492900817 11.568820903059631
    endloop
  endfacet
  facet normal 1 0 0
    outer loop
      vertex 163 0 0
      vertex 163 15.068820903059631 10.180977492900817
      vertex 163 14.357864376269049 10.857864376269049
    endloop
  endfacet
  facet normal 1 0 0
    outer loop
      vertex 163 0 0
      vertex 163 10.420214137531133 16.44889813139436
      vertex 163 0 19
    endloop
  endfacet
  facet normal -1 0 0
    outer loop
      vertex 159 0 0
      vertex 159 0 19
      vertex 159 9.669118696339584 18.2622029321556
    endloop
  endfacet
  facet normal 0 0 1
    outer loop
      vertex 160 0 20
      vertex 162 0 20
      vertex 162 9.138227853118073 20
    endloop
  endfacet
  facet normal -1 0 0
    outer loop
      vertex 159 0 0
      vertex 159 10.420214137531133 16.44889813139436
      vertex 159 10.861574713032898 15.572065263480047
    endloop
  endfacet
  facet normal -1 0 0
    outer loop
      vertex 159 0 0
      vertex 159 9.669118696339584 18.2622029321556
      vertex 159 10.022409349774264 17.346331352698204
    endloop
  endfacet
  facet normal -1 0 0
    outer loop
      vertex 159 0 0
      vertex 159 10.022409349774264 17.346331352698204
      vertex 159 10.420214137531133 16.44889813139436
    endloop
  endfacet
  facet normal 1 0 0
    outer loop
      vertex 163 0 0
      vertex 163 10.861574713032898 15.572065263480047
      vertex 163 10.420214137531133 16.44889813139436
    endloop
  endfacet
  facet normal 0 0 1
    outer loop
      vertex 160 0 20
      vertex 162 9.138227853118073 20
      vertex 160 9.138227853118073 20
    endloop
  endfacet
  facet normal 1 0 0
    outer loop
      vertex 163 0 19
      vertex 163 10.420214137531133 16.44889813139436
      vertex 163 10.022409349774264 17.346331352698204
    endloop
  endfacet
  facet normal 1 0 0
    outer loop
      vertex 163 0 19
      vertex 163 10.022409349774264 17.346331352698204
      vertex 163 9.669118696339584 18.2622029321556
    endloop
  endfacet
  facet normal -1 0 0
    outer loop
      vertex 159 0 19
      vertex 159 9.425383467588304 19
      vertex 159 9.669118696339584 18.2622029321556
    endloop
  endfacet
  facet normal 1 0 0
    outer loop
      vertex 163 0 19
      vertex 163 9.669118696339584 18.2622029321556
      vertex 163 9.425383467588306 19
    endloop
  endfacet
  facet normal -1 0 0
    outer loop
      vertex 159 0 0
      vertex 159 24.598193559677433 5.384294391935391
      vertex 159 25.565390510892765 5.216469800704381
    endloop
  endfacet
  facet normal -1 0 0
    outer loop
      vertex 159 0 0
      vertex 159 25.565390510892765 5.216469800704381
      vertex 159 26.53965719340879 5.0963054665560605
    endloop
  endfacet
  facet normal -1 0 0
    outer loop
      vertex 159 0 0
      vertex 159 26.53965719340879 5.0963054665560605
      vertex 159 27.51864651345164 5.024090875896551
    endloop
  endfacet
  facet normal 1 0 0
    outer loop
      vertex 163 0 0
      vertex 163 25.565390510892765 5.216469800704381
      vertex 163 24.598193559677433 5.384294391935391
    endloop
  endfacet
  facet normal 1 0 0
    outer loop
      vertex 163 0 0
      vertex 163 26.53965719340879 5.0963054665560605
      vertex 163 25.565390510892765 5.216469800704381
    endloop
  endfacet
  facet normal 1 0 0
    outer loop
      vertex 163 0 0
      vertex 163 27.51864651345164 5.024090875896551
      vertex 163 26.53965719340879 5.0963054665560605
    endloop
  endfacet
  facet normal -1 0 0
    outer loop
      vertex 159 0 0
      vertex 159 27.51864651345164 5.024090875896551
      vertex 159 28.5 5
    endloop
  endfacet
  facet normal -1 0 0
    outer loop
      vertex 159 0 0
      vertex 159 28.5 5
      vertex 159 29.48135348654836 5.024090875896551
    endloop
  endfacet
  facet normal -1 0 0
    outer loop
      vertex 159 0 0
      vertex 159 29.48135348654836 5.024090875896551
      vertex 159 30.46034280659121 5.0963054665560605
    endloop
  endfacet
  facet normal 1 0 0
    outer loop
      vertex 163 0 0
      vertex 163 28.5 5
      vertex 163 27.51864651345164 5.024090875896551
    endloop
  endfacet
  facet normal 1 0 0
    outer loop
      vertex 163 0 0
      vertex 163 29.48135348654836 5.024090875896551
      vertex 163 28.5 5
    endloop
  endfacet
  facet normal 1 0 0
    outer loop
      vertex 163 0 0
      vertex 163 30.46034280659121 5.0963054665560605
      vertex 163 29.48135348654836 5.024090875896551
    endloop
  endfacet
  facet normal -1 0 0
    outer loop
      vertex 159 0 0
      vertex 159 18.217945116135564 7.84542779999456
      vertex 159 19.07206526348005 7.361574713032898
    endloop
  endfacet
  facet normal -1 0 0
    outer loop
      vertex 159 0 0
      vertex 159 19.07206526348005 7.361574713032898
      vertex 159 19.94889813139436 6.920214137531133
    endloop
  endfacet
  facet normal -1 0 0
    outer loop
      vertex 159 0 0
      vertex 159 20.846331352698204 6.522409349774264
      vertex 159 21.7622029321556 6.169118696339584
    endloop
  endfacet
  facet normal -1 0 0
    outer loop
      vertex 159 0 0
      vertex 159 19.94889813139436 6.920214137531133
      vertex 159 20.846331352698204 6.522409349774264
    endloop
  endfacet
  facet normal 1 0 0
    outer loop
      vertex 163 0 0
      vertex 163 19.07206526348005 7.361574713032898
      vertex 163 18.217945116135564 7.84542779999456
    endloop
  endfacet
  facet normal 1 0 0
    outer loop
      vertex 163 0 0
      vertex 163 19.94889813139436 6.920214137531133
      vertex 163 19.07206526348005 7.361574713032898
    endloop
  endfacet
  facet normal 1 0 0
    outer loop
      vertex 163 0 0
      vertex 163 21.7622029321556 6.169118696339584
      vertex 163 20.846331352698204 6.522409349774264
    endloop
  endfacet
  facet normal 1 0 0
    outer loop
      vertex 163 0 0
      vertex 163 20.846331352698204 6.522409349774264
      vertex 163 19.94889813139436 6.920214137531133
    endloop
  endfacet
  facet normal -1 0 0
    outer loop
      vertex 159 0 0
      vertex 159 21.7622029321556 6.169118696339584
      vertex 159 22.694306454910752 5.861193285355824
    endloop
  endfacet
  facet normal -1 0 0
    outer loop
      vertex 159 0 0
      vertex 159 22.694306454910752 5.861193285355824
      vertex 159 23.640396401934723 5.599374936109122
    endloop
  endfacet
  facet normal -1 0 0
    outer loop
      vertex 159 0 0
      vertex 159 23.640396401934723 5.599374936109122
      vertex 159 24.598193559677433 5.384294391935391
    endloop
  endfacet
  facet normal 1 0 0
    outer loop
      vertex 163 0 0
      vertex 163 22.694306454910752 5.861193285355824
      vertex 163 21.7622029321556 6.169118696339584
    endloop
  endfacet
  facet normal 1 0 0
    outer loop
      vertex 163 0 0
      vertex 163 23.640396401934723 5.599374936109122
      vertex 163 22.694306454910752 5.861193285355824
    endloop
  endfacet
  facet normal 1 0 0
    outer loop
      vertex 163 0 0
      vertex 163 24.598193559677433 5.384294391935391
      vertex 163 23.640396401934723 5.599374936109122
    endloop
  endfacet
  facet normal -1 0 0
    outer loop
      vertex 159 0 0
      vertex 159 30.46034280659121 5.0963054665560605
      vertex 159 31.434609489107235 5.216469800704381
    endloop
  endfacet
  facet normal 1 0 0
    outer loop
      vertex 163 0 0
      vertex 163 31.434609489107235 5.216469800704381
      vertex 163 30.46034280659121 5.0963054665560605
    endloop
  endfacet
  facet normal -1 0 0
    outer loop
      vertex 159 0 0
      vertex 159 31.434609489107235 5.216469800704381
      vertex 159 57 0
    endloop
  endfacet
  facet normal 1 0 0
    outer loop
      vertex 163 0 0
      vertex 163 57 0
      vertex 163 31.434609489107235 5.216469800704381
    endloop
  endfacet
  facet normal -1 0 0
    outer loop
      vertex 159 57 0
      vertex 159 31.434609489107235 5.216469800704381
      vertex 159 32.40180644032257 5.384294391935391
    endloop
  endfacet
  facet normal 1 0 0
    outer loop
      vertex 163 57 0
      vertex 163 32.40180644032257 5.384294391935391
      vertex 163 31.434609489107235 5.216469800704381
    endloop
  endfacet
  facet normal -1 0 0
    outer loop
      vertex 159 57 0
      vertex 159 32.40180644032257 5.384294391935391
      vertex 159 33.35960359806528 5.599374936109122
    endloop
  endfacet
  facet normal -1 0 0
    outer loop
      vertex 159 57 0
      vertex 159 33.35960359806528 5.599374936109122
      vertex 159 34.30569354508925 5.861193285355824
    endloop
  endfacet
  facet normal -1 0 0
    outer loop
      vertex 159 57 0
      vertex 159 34.30569354508925 5.861193285355824
      vertex 159 35.2377970678444 6.169118696339584
    endloop
  endfacet
  facet normal 1 0 0
    outer loop
      vertex 163 57 0
      vertex 163 33.35960359806528 5.599374936109122
      vertex 163 32.40180644032257 5.384294391935391
    endloop
  endfacet
  facet normal 1 0 0
    outer loop
      vertex 163 57 0
      vertex 163 34.30569354508925 5.861193285355824
      vertex 163 33.35960359806528 5.599374936109122
    endloop
  endfacet
  facet normal 1 0 0
    outer loop
      vertex 163 57 0
      vertex 163 35.2377970678444 6.169118696339584
      vertex 163 34.30569354508925 5.861193285355824
    endloop
  endfacet
  facet normal -1 0 0
    outer loop
      vertex 159 57 0
      vertex 159 35.2377970678444 6.169118696339584
      vertex 159 36.1536686473018 6.522409349774264
    endloop
  endfacet
  facet normal -1 0 0
    outer loop
      vertex 159 57 0
      vertex 159 36.1536686473018 6.522409349774264
      vertex 159 37.05110186860564 6.920214137531133
    endloop
  endfacet
  facet normal -1 0 0
    outer loop
      vertex 159 57 0
      vertex 159 37.05110186860564 6.920214137531133
      vertex 159 37.92793473651995 7.361574713032898
    endloop
  endfacet
  facet normal -1 0 0
    outer loop
      vertex 159 57 0
      vertex 159 37.92793473651995 7.361574713032898
      vertex 159 38.78205488386443 7.84542779999456
    endloop
  endfacet
  facet normal 1 0 0
    outer loop
      vertex 163 57 0
      vertex 163 36.1536686473018 6.522409349774264
      vertex 163 35.2377970678444 6.169118696339584
    endloop
  endfacet
  facet normal 1 0 0
    outer loop
      vertex 163 57 0
      vertex 163 37.05110186860564 6.920214137531133
      vertex 163 36.1536686473018 6.522409349774264
    endloop
  endfacet
  facet normal 1 0 0
    outer loop
      vertex 163 57 0
      vertex 163 37.92793473651995 7.361574713032898
      vertex 163 37.05110186860564 6.920214137531133
    endloop
  endfacet
  facet normal 1 0 0
    outer loop
      vertex 163 57 0
      vertex 163 38.78205488386443 7.84542779999456
      vertex 163 37.92793473651995 7.361574713032898
    endloop
  endfacet
  facet normal -1 0 0
    outer loop
      vertex 159 57 0
      vertex 159 38.78205488386443 7.84542779999456
      vertex 159 39.61140466039204 8.370607753949095
    endloop
  endfacet
  facet normal -1 0 0
    outer loop
      vertex 159 57 0
      vertex 159 39.61140466039204 8.370607753949095
      vertex 159 40.41398608984866 8.9358493703871
    endloop
  endfacet
  facet normal -1 0 0
    outer loop
      vertex 159 57 0
      vertex 159 40.41398608984866 8.9358493703871
      vertex 159 41.18786568327291 9.53979093274526
    endloop
  endfacet
  facet normal -1 0 0
    outer loop
      vertex 159 57 0
      vertex 159 41.18786568327291 9.53979093274526
      vertex 159 41.93117909694037 10.180977492900817
    endloop
  endfacet
  facet normal 1 0 0
    outer loop
      vertex 163 57 0
      vertex 163 39.61140466039204 8.370607753949095
      vertex 163 38.78205488386443 7.84542779999456
    endloop
  endfacet
  facet normal 1 0 0
    outer loop
      vertex 163 57 0
      vertex 163 40.41398608984866 8.9358493703871
      vertex 163 39.61140466039204 8.370607753949095
    endloop
  endfacet
  facet normal 1 0 0
    outer loop
      vertex 163 57 0
      vertex 163 41.18786568327291 9.53979093274526
      vertex 163 40.41398608984866 8.9358493703871
    endloop
  endfacet
  facet normal 1 0 0
    outer loop
      vertex 163 57 0
      vertex 163 41.93117909694037 10.180977492900817
      vertex 163 41.18786568327291 9.53979093274526
    endloop
  endfacet
  facet normal -1 0 0
    outer loop
      vertex 159 57 0
      vertex 159 41.93117909694037 10.180977492900817
      vertex 159 42.64213562373095 10.857864376269049
    endloop
  endfacet
  facet normal -1 0 0
    outer loop
      vertex 159 57 0
      vertex 159 42.64213562373095 10.857864376269049
      vertex 159 43.319022507099184 11.568820903059631
    endloop
  endfacet
  facet normal -1 0 0
    outer loop
      vertex 159 57 0
      vertex 159 43.319022507099184 11.568820903059631
      vertex 159 43.96020906725474 12.31213431672709
    endloop
  endfacet
  facet normal -1 0 0
    outer loop
      vertex 159 57 0
      vertex 159 43.96020906725474 12.31213431672709
      vertex 159 44.5641506296129 13.086013910151333
    endloop
  endfacet
  facet normal 1 0 0
    outer loop
      vertex 163 57 0
      vertex 163 42.64213562373095 10.857864376269049
      vertex 163 41.93117909694037 10.180977492900817
    endloop
  endfacet
  facet normal 1 0 0
    outer loop
      vertex 163 57 0
      vertex 163 43.319022507099184 11.568820903059631
      vertex 163 42.64213562373095 10.857864376269049
    endloop
  endfacet
  facet normal 1 0 0
    outer loop
      vertex 163 57 0
      vertex 163 43.96020906725474 12.31213431672709
      vertex 163 43.319022507099184 11.568820903059631
    endloop
  endfacet
  facet normal 1 0 0
    outer loop
      vertex 163 57 0
      vertex 163 44.5641506296129 13.086013910151333
      vertex 163 43.96020906725474 12.31213431672709
    endloop
  endfacet
  facet normal -1 0 0
    outer loop
      vertex 159 57 0
      vertex 159 44.5641506296129 13.086013910151333
      vertex 159 45.129392246050905 13.888595339607956
    endloop
  endfacet
  facet normal -1 0 0
    outer loop
      vertex 159 57 0
      vertex 159 45.129392246050905 13.888595339607956
      vertex 159 45.65457220000544 14.717945116135564
    endloop
  endfacet
  facet normal -1 0 0
    outer loop
      vertex 159 57 0
      vertex 159 45.65457220000544 14.717945116135564
      vertex 159 46.138425286967106 15.572065263480047
    endloop
  endfacet
  facet normal 1 0 0
    outer loop
      vertex 163 57 0
      vertex 163 45.129392246050905 13.888595339607956
      vertex 163 44.5641506296129 13.086013910151333
    endloop
  endfacet
  facet normal 1 0 0
    outer loop
      vertex 163 57 0
      vertex 163 45.65457220000544 14.717945116135564
      vertex 163 45.129392246050905 13.888595339607956
    endloop
  endfacet
  facet normal 1 0 0
    outer loop
      vertex 163 57 0
      vertex 163 46.138425286967106 15.572065263480047
      vertex 163 45.65457220000544 14.717945116135564
    endloop
  endfacet
  facet normal -1 0 0
    outer loop
      vertex 159 57 0
      vertex 159 46.138425286967106 15.572065263480047
      vertex 159 46.57978586246887 16.44889813139436
    endloop
  endfacet
  facet normal 1 0 0
    outer loop
      vertex 163 57 0
      vertex 163 46.57978586246887 16.44889813139436
      vertex 163 46.138425286967106 15.572065263480047
    endloop
  endfacet
  facet normal 1 0 0
    outer loop
      vertex 163 57 0
      vertex 163 46.977590650225736 17.346331352698204
      vertex 163 46.57978586246887 16.44889813139436
    endloop
  endfacet
  facet normal 1 0 0
    outer loop
      vertex 163 57 0
      vertex 163 47.33088130366042 18.2622029321556
      vertex 163 46.977590650225736 17.346331352698204
    endloop
  endfacet
  facet normal -1 0 0
    outer loop
      vertex 159 57 19
      vertex 159 46.57978586246887 16.44889813139436
      vertex 159 46.977590650225736 17.346331352698204
    endloop
  endfacet
  facet normal -1 0 0
    outer loop
      vertex 159 57 19
      vertex 159 46.977590650225736 17.346331352698204
      vertex 159 47.33088130366042 18.2622029321556
    endloop
  endfacet
  facet normal -1 0 0
    outer loop
      vertex 159 57 19
      vertex 159 47.33088130366042 18.2622029321556
      vertex 159 47.574616532411696 19
    endloop
  endfacet
  facet normal 1 0 0
    outer loop
      vertex 163 57 19
      vertex 163 47.574616532411696 19
      vertex 163 47.33088130366042 18.2622029321556
    endloop
  endfacet
  facet normal 0 0 1
    outer loop
      vertex 162 57 20
      vertex 160 47.861772146881925 20
      vertex 162 47.861772146881925 20
    endloop
  endfacet
  facet normal -1 0 0
    outer loop
      vertex 159 57 0
      vertex 159 46.57978586246887 16.44889813139436
      vertex 159 57 19
    endloop
  endfacet
  facet normal 1 0 0
    outer loop
      vertex 163 57 0
      vertex 163 57 19
      vertex 163 47.33088130366042 18.2622029321556
    endloop
  endfacet
  facet normal 0 0 1
    outer loop
      vertex 160 57 20
      vertex 160 47.861772146881925 20
      vertex 162 57 20
    endloop
  endfacet
  facet normal 0.47139673682599387 0 0.881921264348357
    outer loop
      vertex 128.63896227717854 -2.99 32.92127105184961
      vertex 128.2499669757059 -4 33.12919337231927
      vertex 128.63896227717854 -4 32.92127105184961
    endloop
  endfacet
  facet normal 0.29028467725445134 0 0.9569403357322123
    outer loop
      vertex 129.06104677546372 -2.99 32.79323311909273
      vertex 128.63896227717854 -4 32.92127105184961
      vertex 129.06104677546372 -4 32.79323311909273
    endloop
  endfacet
  facet normal 0.634393284163659 0 0.7730104533627259
    outer loop
      vertex 128.2499669757059 -2.99 33.12919337231927
      vertex 127.90900974233027 -4 33.40900974233027
      vertex 128.2499669757059 -4 33.12919337231927
    endloop
  endfacet
  facet normal 0.29028467725445134 0 0.9569403357322123
    outer loop
      vertex 128.63896227717854 -2.99 32.92127105184961
      vertex 128.63896227717854 -4 32.92127105184961
      vertex 129.06104677546372 -2.99 32.79323311909273
    endloop
  endfacet
  facet normal 0.47139673682599387 0 0.881921264348357
    outer loop
      vertex 128.2499669757059 -2.99 33.12919337231927
      vertex 128.2499669757059 -4 33.12919337231927
      vertex 128.63896227717854 -2.99 32.92127105184961
    endloop
  endfacet
  facet normal 0.634393284163659 0 0.7730104533627259
    outer loop
      vertex 128.2499669757059 -2.99 33.12919337231927
      vertex 127.90900974233027 -2.99 33.40900974233027
      vertex 127.90900974233027 -4 33.40900974233027
    endloop
  endfacet
  facet normal 0.09801714032956618 0 0.9951847266721964
    outer loop
      vertex 129.5 -2.99 32.75
      vertex 129.06104677546372 -4 32.79323311909273
      vertex 129.5 -4 32.75
    endloop
  endfacet
  facet normal -0.09801714032956618 0 0.9951847266721964
    outer loop
      vertex 129.93895322453628 -2.99 32.79323311909273
      vertex 129.5 -4 32.75
      vertex 129.93895322453628 -4 32.79323311909273
    endloop
  endfacet
  facet normal -0.29028467725445134 0 0.9569403357322123
    outer loop
      vertex 130.36103772282146 -2.99 32.92127105184961
      vertex 129.93895322453628 -4 32.79323311909273
      vertex 130.36103772282146 -4 32.92127105184961
    endloop
  endfacet
  facet normal 0.09801714032956618 0 0.9951847266721964
    outer loop
      vertex 129.06104677546372 -2.99 32.79323311909273
      vertex 129.06104677546372 -4 32.79323311909273
      vertex 129.5 -2.99 32.75
    endloop
  endfacet
  facet normal -0.09801714032956618 0 0.9951847266721964
    outer loop
      vertex 129.5 -2.99 32.75
      vertex 129.5 -4 32.75
      vertex 129.93895322453628 -2.99 32.79323311909273
    endloop
  endfacet
  facet normal -0.29028467725445134 0 0.9569403357322123
    outer loop
      vertex 129.93895322453628 -2.99 32.79323311909273
      vertex 129.93895322453628 -4 32.79323311909273
      vertex 130.36103772282146 -2.99 32.92127105184961
    endloop
  endfacet
  facet normal -0.47139673682599387 0 0.881921264348357
    outer loop
      vertex 130.7500330242941 -2.99 33.12919337231927
      vertex 130.36103772282146 -4 32.92127105184961
      vertex 130.7500330242941 -4 33.12919337231927
    endloop
  endfacet
  facet normal -0.6343932841636432 0 0.7730104533627389
    outer loop
      vertex 131.09099025766974 -2.99 33.40900974233027
      vertex 130.7500330242941 -4 33.12919337231927
      vertex 131.09099025766974 -4 33.40900974233027
    endloop
  endfacet
  facet normal -0.47139673682599387 0 0.881921264348357
    outer loop
      vertex 130.36103772282146 -2.99 32.92127105184961
      vertex 130.36103772282146 -4 32.92127105184961
      vertex 130.7500330242941 -2.99 33.12919337231927
    endloop
  endfacet
  facet normal -0.6343932841636432 0 0.7730104533627389
    outer loop
      vertex 130.7500330242941 -2.99 33.12919337231927
      vertex 130.7500330242941 -4 33.12919337231927
      vertex 131.09099025766974 -2.99 33.40900974233027
    endloop
  endfacet
  facet normal 0.8819212643483472 0 0.4713967368260122
    outer loop
      vertex 127.62919337231928 -2.99 33.749966975705895
      vertex 127.4212710518496 -4 34.13896227717855
      vertex 127.62919337231928 -4 33.749966975705895
    endloop
  endfacet
  facet normal 0.7730104533627402 0 0.6343932841636414
    outer loop
      vertex 127.90900974233027 -2.99 33.40900974233027
      vertex 127.62919337231928 -2.99 33.749966975705895
      vertex 127.62919337231928 -4 33.749966975705895
    endloop
  endfacet
  facet normal 0.8819212643483472 0 0.4713967368260122
    outer loop
      vertex 127.62919337231928 -2.99 33.749966975705895
      vertex 127.4212710518496 -2.99 34.13896227717855
      vertex 127.4212710518496 -4 34.13896227717855
    endloop
  endfacet
  facet normal 0.7730104533627402 0 0.6343932841636414
    outer loop
      vertex 127.90900974233027 -2.99 33.40900974233027
      vertex 127.62919337231928 -4 33.749966975705895
      vertex 127.90900974233027 -4 33.40900974233027
    endloop
  endfacet
  facet normal 0.9569403357322113 0 0.2902846772544545
    outer loop
      vertex 127.4212710518496 -2.99 34.13896227717855
      vertex 127.29323311909273 -4 34.56104677546371
      vertex 127.4212710518496 -4 34.13896227717855
    endloop
  endfacet
  facet normal 0.9951847266721966 0 0.09801714032956305
    outer loop
      vertex 127.29323311909273 -2.99 34.56104677546371
      vertex 127.25 -4 35
      vertex 127.29323311909273 -4 34.56104677546371
    endloop
  endfacet
  facet normal 0.9569403357322113 0 0.2902846772544545
    outer loop
      vertex 127.4212710518496 -2.99 34.13896227717855
      vertex 127.29323311909273 -2.99 34.56104677546371
      vertex 127.29323311909273 -4 34.56104677546371
    endloop
  endfacet
  facet normal 0.9951847266721966 0 0.09801714032956305
    outer loop
      vertex 127.29323311909273 -2.99 34.56104677546371
      vertex 127.25 -2.99 35
      vertex 127.25 -4 35
    endloop
  endfacet
  facet normal -0.7730104533627402 0 0.6343932841636414
    outer loop
      vertex 131.37080662768074 -2.99 33.749966975705895
      vertex 131.09099025766974 -4 33.40900974233027
      vertex 131.37080662768074 -4 33.749966975705895
    endloop
  endfacet
  facet normal -0.8819212643483606 0 0.47139673682598715
    outer loop
      vertex 131.5787289481504 -2.99 34.13896227717855
      vertex 131.37080662768074 -4 33.749966975705895
      vertex 131.5787289481504 -4 34.13896227717855
    endloop
  endfacet
  facet normal -0.7730104533627402 0 0.6343932841636414
    outer loop
      vertex 131.09099025766974 -2.99 33.40900974233027
      vertex 131.09099025766974 -4 33.40900974233027
      vertex 131.37080662768074 -2.99 33.749966975705895
    endloop
  endfacet
  facet normal -0.8819212643483606 0 0.47139673682598715
    outer loop
      vertex 131.37080662768074 -2.99 33.749966975705895
      vertex 131.37080662768074 -4 33.749966975705895
      vertex 131.5787289481504 -2.99 34.13896227717855
    endloop
  endfacet
  facet normal -0.9569403357322023 0 0.29028467725448404
    outer loop
      vertex 131.70676688090728 -2.99 34.56104677546371
      vertex 131.5787289481504 -4 34.13896227717855
      vertex 131.70676688090728 -4 34.56104677546371
    endloop
  endfacet
  facet normal -0.9569403357322023 0 0.29028467725448404
    outer loop
      vertex 131.5787289481504 -2.99 34.13896227717855
      vertex 131.5787289481504 -4 34.13896227717855
      vertex 131.70676688090728 -2.99 34.56104677546371
    endloop
  endfacet
  facet normal 0.9951847266721966 0 -0.09801714032956305
    outer loop
      vertex 127.25 -2.99 35
      vertex 127.29323311909273 -4 35.43895322453629
      vertex 127.25 -4 35
    endloop
  endfacet
  facet normal 0.9569403357322113 0 -0.2902846772544545
    outer loop
      vertex 127.29323311909273 -2.99 35.43895322453629
      vertex 127.4212710518496 -4 35.86103772282145
      vertex 127.29323311909273 -4 35.43895322453629
    endloop
  endfacet
  facet normal 0.9951847266721966 0 -0.09801714032956305
    outer loop
      vertex 127.25 -2.99 35
      vertex 127.29323311909273 -2.99 35.43895322453629
      vertex 127.29323311909273 -4 35.43895322453629
    endloop
  endfacet
  facet normal 0.9569403357322113 0 -0.2902846772544545
    outer loop
      vertex 127.29323311909273 -2.99 35.43895322453629
      vertex 127.4212710518496 -2.99 35.86103772282145
      vertex 127.4212710518496 -4 35.86103772282145
    endloop
  endfacet
  facet normal 0.8819212643483472 0 -0.4713967368260122
    outer loop
      vertex 127.4212710518496 -2.99 35.86103772282145
      vertex 127.62919337231928 -4 36.250033024294105
      vertex 127.4212710518496 -4 35.86103772282145
    endloop
  endfacet
  facet normal 0.7730104533627402 0 -0.6343932841636414
    outer loop
      vertex 127.62919337231928 -2.99 36.250033024294105
      vertex 127.90900974233027 -4 36.59099025766973
      vertex 127.62919337231928 -4 36.250033024294105
    endloop
  endfacet
  facet normal 0.8819212643483472 0 -0.4713967368260122
    outer loop
      vertex 127.4212710518496 -2.99 35.86103772282145
      vertex 127.62919337231928 -2.99 36.250033024294105
      vertex 127.62919337231928 -4 36.250033024294105
    endloop
  endfacet
  facet normal 0.634393284163659 0 -0.7730104533627259
    outer loop
      vertex 127.90900974233027 -2.99 36.59099025766973
      vertex 128.2499669757059 -4 36.87080662768073
      vertex 127.90900974233027 -4 36.59099025766973
    endloop
  endfacet
  facet normal 0.7730104533627402 0 -0.6343932841636414
    outer loop
      vertex 127.62919337231928 -2.99 36.250033024294105
      vertex 127.90900974233027 -2.99 36.59099025766973
      vertex 127.90900974233027 -4 36.59099025766973
    endloop
  endfacet
  facet normal -0.9569403357322023 0 -0.29028467725448404
    outer loop
      vertex 131.5787289481504 -2.99 35.86103772282145
      vertex 131.70676688090728 -4 35.43895322453629
      vertex 131.5787289481504 -4 35.86103772282145
    endloop
  endfacet
  facet normal -0.9569403357322023 0 -0.29028467725448404
    outer loop
      vertex 131.70676688090728 -2.99 35.43895322453629
      vertex 131.70676688090728 -4 35.43895322453629
      vertex 131.5787289481504 -2.99 35.86103772282145
    endloop
  endfacet
  facet normal -0.8819212643483606 0 -0.47139673682598715
    outer loop
      vertex 131.37080662768074 -2.99 36.250033024294105
      vertex 131.5787289481504 -4 35.86103772282145
      vertex 131.37080662768074 -4 36.250033024294105
    endloop
  endfacet
  facet normal -0.7730104533627402 0 -0.6343932841636414
    outer loop
      vertex 131.09099025766974 -2.99 36.59099025766973
      vertex 131.37080662768074 -4 36.250033024294105
      vertex 131.09099025766974 -4 36.59099025766973
    endloop
  endfacet
  facet normal -0.8819212643483606 0 -0.47139673682598715
    outer loop
      vertex 131.5787289481504 -2.99 35.86103772282145
      vertex 131.5787289481504 -4 35.86103772282145
      vertex 131.37080662768074 -2.99 36.250033024294105
    endloop
  endfacet
  facet normal -0.6343932841636432 0 -0.7730104533627389
    outer loop
      vertex 130.7500330242941 -2.99 36.87080662768073
      vertex 131.09099025766974 -2.99 36.59099025766973
      vertex 131.09099025766974 -4 36.59099025766973
    endloop
  endfacet
  facet normal -0.7730104533627402 0 -0.6343932841636414
    outer loop
      vertex 131.37080662768074 -2.99 36.250033024294105
      vertex 131.37080662768074 -4 36.250033024294105
      vertex 131.09099025766974 -2.99 36.59099025766973
    endloop
  endfacet
  facet normal -0.9951847266721998 0 0.09801714032953115
    outer loop
      vertex 131.75 -2.99 35
      vertex 131.70676688090728 -4 34.56104677546371
      vertex 131.75 -4 35
    endloop
  endfacet
  facet normal -0.9951847266721998 0 0.09801714032953115
    outer loop
      vertex 131.70676688090728 -2.99 34.56104677546371
      vertex 131.70676688090728 -4 34.56104677546371
      vertex 131.75 -2.99 35
    endloop
  endfacet
  facet normal -0.9951847266721998 0 -0.09801714032953115
    outer loop
      vertex 131.70676688090728 -2.99 35.43895322453629
      vertex 131.75 -4 35
      vertex 131.70676688090728 -4 35.43895322453629
    endloop
  endfacet
  facet normal -0.9951847266721998 0 -0.09801714032953115
    outer loop
      vertex 131.75 -2.99 35
      vertex 131.75 -4 35
      vertex 131.70676688090728 -2.99 35.43895322453629
    endloop
  endfacet
  facet normal 0.47139673682599387 0 -0.881921264348357
    outer loop
      vertex 128.2499669757059 -2.99 36.87080662768073
      vertex 128.63896227717854 -4 37.07872894815039
      vertex 128.2499669757059 -4 36.87080662768073
    endloop
  endfacet
  facet normal 0.29028467725445134 0 -0.9569403357322123
    outer loop
      vertex 128.63896227717854 -2.99 37.07872894815039
      vertex 129.06104677546372 -4 37.20676688090727
      vertex 128.63896227717854 -4 37.07872894815039
    endloop
  endfacet
  facet normal 0.634393284163659 0 -0.7730104533627259
    outer loop
      vertex 127.90900974233027 -2.99 36.59099025766973
      vertex 128.2499669757059 -2.99 36.87080662768073
      vertex 128.2499669757059 -4 36.87080662768073
    endloop
  endfacet
  facet normal 0.47139673682599387 0 -0.881921264348357
    outer loop
      vertex 128.2499669757059 -2.99 36.87080662768073
      vertex 128.63896227717854 -2.99 37.07872894815039
      vertex 128.63896227717854 -4 37.07872894815039
    endloop
  endfacet
  facet normal 0.29028467725445134 0 -0.9569403357322123
    outer loop
      vertex 128.63896227717854 -2.99 37.07872894815039
      vertex 129.06104677546372 -2.99 37.20676688090727
      vertex 129.06104677546372 -4 37.20676688090727
    endloop
  endfacet
  facet normal 0.09801714032956618 0 -0.9951847266721964
    outer loop
      vertex 129.06104677546372 -2.99 37.20676688090727
      vertex 129.5 -4 37.25
      vertex 129.06104677546372 -4 37.20676688090727
    endloop
  endfacet
  facet normal -0.09801714032956618 0 -0.9951847266721964
    outer loop
      vertex 129.5 -2.99 37.25
      vertex 129.93895322453628 -4 37.20676688090727
      vertex 129.5 -4 37.25
    endloop
  endfacet
  facet normal -0.29028467725445134 0 -0.9569403357322123
    outer loop
      vertex 129.93895322453628 -2.99 37.20676688090727
      vertex 130.36103772282146 -4 37.07872894815039
      vertex 129.93895322453628 -4 37.20676688090727
    endloop
  endfacet
  facet normal -0.29028467725445134 0 -0.9569403357322123
    outer loop
      vertex 129.93895322453628 -2.99 37.20676688090727
      vertex 130.36103772282146 -2.99 37.07872894815039
      vertex 130.36103772282146 -4 37.07872894815039
    endloop
  endfacet
  facet normal 0.09801714032956618 0 -0.9951847266721964
    outer loop
      vertex 129.06104677546372 -2.99 37.20676688090727
      vertex 129.5 -2.99 37.25
      vertex 129.5 -4 37.25
    endloop
  endfacet
  facet normal -0.09801714032956618 0 -0.9951847266721964
    outer loop
      vertex 129.5 -2.99 37.25
      vertex 129.93895322453628 -2.99 37.20676688090727
      vertex 129.93895322453628 -4 37.20676688090727
    endloop
  endfacet
  facet normal -0.6343932841636432 0 -0.7730104533627389
    outer loop
      vertex 130.7500330242941 -2.99 36.87080662768073
      vertex 131.09099025766974 -4 36.59099025766973
      vertex 130.7500330242941 -4 36.87080662768073
    endloop
  endfacet
  facet normal -0.47139673682599387 0 -0.881921264348357
    outer loop
      vertex 130.36103772282146 -2.99 37.07872894815039
      vertex 130.7500330242941 -4 36.87080662768073
      vertex 130.36103772282146 -4 37.07872894815039
    endloop
  endfacet
  facet normal -0.47139673682599387 0 -0.881921264348357
    outer loop
      vertex 130.7500330242941 -2.99 36.87080662768073
      vertex 130.7500330242941 -4 36.87080662768073
      vertex 130.36103772282146 -2.99 37.07872894815039
    endloop
  endfacet
  facet normal 0.9951847266721966 0 0.09801714032956305
    outer loop
      vertex 27.293233119092733 -2.99 34.56104677546371
      vertex 27.25 -4 35
      vertex 27.293233119092733 -4 34.56104677546371
    endloop
  endfacet
  facet normal 0.9951847266721966 0 0.09801714032956305
    outer loop
      vertex 27.293233119092733 -2.99 34.56104677546371
      vertex 27.25 -2.99 35
      vertex 27.25 -4 35
    endloop
  endfacet
  facet normal 0.9951847266721966 0 -0.09801714032956305
    outer loop
      vertex 27.25 -2.99 35
      vertex 27.293233119092733 -4 35.43895322453629
      vertex 27.25 -4 35
    endloop
  endfacet
  facet normal 0.9951847266721966 0 -0.09801714032956305
    outer loop
      vertex 27.25 -2.99 35
      vertex 27.293233119092733 -2.99 35.43895322453629
      vertex 27.293233119092733 -4 35.43895322453629
    endloop
  endfacet
  facet normal 0.47139673682598715 0 0.8819212643483606
    outer loop
      vertex 28.63896227717855 -2.99 32.92127105184961
      vertex 28.249966975705895 -4 33.12919337231927
      vertex 28.63896227717855 -4 32.92127105184961
    endloop
  endfacet
  facet normal 0.6343932841636511 0 0.7730104533627323
    outer loop
      vertex 28.249966975705895 -2.99 33.12919337231927
      vertex 27.90900974233027 -4 33.40900974233027
      vertex 28.249966975705895 -4 33.12919337231927
    endloop
  endfacet
  facet normal 0.47139673682598715 0 0.8819212643483606
    outer loop
      vertex 28.63896227717855 -2.99 32.92127105184961
      vertex 28.249966975705895 -2.99 33.12919337231927
      vertex 28.249966975705895 -4 33.12919337231927
    endloop
  endfacet
  facet normal 0.6343932841636511 0 0.7730104533627323
    outer loop
      vertex 27.90900974233027 -2.99 33.40900974233027
      vertex 27.90900974233027 -4 33.40900974233027
      vertex 28.249966975705895 -2.99 33.12919337231927
    endloop
  endfacet
  facet normal 0.29028467725446705 0 0.9569403357322075
    outer loop
      vertex 29.061046775463712 -2.99 32.79323311909273
      vertex 28.63896227717855 -4 32.92127105184961
      vertex 29.061046775463712 -4 32.79323311909273
    endloop
  endfacet
  facet normal 0.09801714032956384 0 0.9951847266721966
    outer loop
      vertex 29.5 -2.99 32.75
      vertex 29.061046775463712 -4 32.79323311909273
      vertex 29.5 -4 32.75
    endloop
  endfacet
  facet normal -0.09801714032956384 0 0.9951847266721966
    outer loop
      vertex 29.938953224536288 -2.99 32.79323311909273
      vertex 29.5 -4 32.75
      vertex 29.938953224536288 -4 32.79323311909273
    endloop
  endfacet
  facet normal 0.09801714032956384 0 0.9951847266721966
    outer loop
      vertex 29.061046775463712 -2.99 32.79323311909273
      vertex 29.061046775463712 -4 32.79323311909273
      vertex 29.5 -2.99 32.75
    endloop
  endfacet
  facet normal 0.29028467725446705 0 0.9569403357322075
    outer loop
      vertex 28.63896227717855 -2.99 32.92127105184961
      vertex 28.63896227717855 -4 32.92127105184961
      vertex 29.061046775463712 -2.99 32.79323311909273
    endloop
  endfacet
  facet normal -0.09801714032956384 0 0.9951847266721966
    outer loop
      vertex 29.5 -2.99 32.75
      vertex 29.5 -4 32.75
      vertex 29.938953224536288 -2.99 32.79323311909273
    endloop
  endfacet
  facet normal -0.29028467725446705 0 0.9569403357322075
    outer loop
      vertex 30.36103772282145 -2.99 32.92127105184961
      vertex 29.938953224536288 -4 32.79323311909273
      vertex 30.36103772282145 -4 32.92127105184961
    endloop
  endfacet
  facet normal -0.47139673682598715 0 0.8819212643483606
    outer loop
      vertex 30.750033024294105 -2.99 33.12919337231927
      vertex 30.36103772282145 -4 32.92127105184961
      vertex 30.750033024294105 -4 33.12919337231927
    endloop
  endfacet
  facet normal -0.6343932841636511 0 0.7730104533627323
    outer loop
      vertex 31.09099025766973 -2.99 33.40900974233027
      vertex 30.750033024294105 -4 33.12919337231927
      vertex 31.09099025766973 -4 33.40900974233027
    endloop
  endfacet
  facet normal -0.29028467725446705 0 0.9569403357322075
    outer loop
      vertex 29.938953224536288 -2.99 32.79323311909273
      vertex 29.938953224536288 -4 32.79323311909273
      vertex 30.36103772282145 -2.99 32.92127105184961
    endloop
  endfacet
  facet normal -0.47139673682598715 0 0.8819212643483606
    outer loop
      vertex 30.36103772282145 -2.99 32.92127105184961
      vertex 30.36103772282145 -4 32.92127105184961
      vertex 30.750033024294105 -2.99 33.12919337231927
    endloop
  endfacet
  facet normal -0.6343932841636511 0 0.7730104533627323
    outer loop
      vertex 30.750033024294105 -2.99 33.12919337231927
      vertex 30.750033024294105 -4 33.12919337231927
      vertex 31.09099025766973 -2.99 33.40900974233027
    endloop
  endfacet
  facet normal 0.7730104533627363 0 0.6343932841636463
    outer loop
      vertex 27.90900974233027 -2.99 33.40900974233027
      vertex 27.629193372319275 -4 33.749966975705895
      vertex 27.90900974233027 -4 33.40900974233027
    endloop
  endfacet
  facet normal 0.8819212643483539 0 0.4713967368259997
    outer loop
      vertex 27.629193372319275 -2.99 33.749966975705895
      vertex 27.421271051849605 -4 34.13896227717855
      vertex 27.629193372319275 -4 33.749966975705895
    endloop
  endfacet
  facet normal 0.7730104533627363 0 0.6343932841636463
    outer loop
      vertex 27.90900974233027 -2.99 33.40900974233027
      vertex 27.629193372319275 -2.99 33.749966975705895
      vertex 27.629193372319275 -4 33.749966975705895
    endloop
  endfacet
  facet normal 0.8819212643483539 0 0.4713967368259997
    outer loop
      vertex 27.629193372319275 -2.99 33.749966975705895
      vertex 27.421271051849605 -2.99 34.13896227717855
      vertex 27.421271051849605 -4 34.13896227717855
    endloop
  endfacet
  facet normal 0.9569403357322089 0 0.2902846772544619
    outer loop
      vertex 27.421271051849605 -2.99 34.13896227717855
      vertex 27.293233119092733 -4 34.56104677546371
      vertex 27.421271051849605 -4 34.13896227717855
    endloop
  endfacet
  facet normal 0.9569403357322089 0 0.2902846772544619
    outer loop
      vertex 27.421271051849605 -2.99 34.13896227717855
      vertex 27.293233119092733 -2.99 34.56104677546371
      vertex 27.293233119092733 -4 34.56104677546371
    endloop
  endfacet
  facet normal -0.7730104533627363 0 0.6343932841636463
    outer loop
      vertex 31.09099025766973 -2.99 33.40900974233027
      vertex 31.09099025766973 -4 33.40900974233027
      vertex 31.370806627680725 -2.99 33.749966975705895
    endloop
  endfacet
  facet normal -0.7730104533627363 0 0.6343932841636463
    outer loop
      vertex 31.370806627680725 -2.99 33.749966975705895
      vertex 31.09099025766973 -4 33.40900974233027
      vertex 31.370806627680725 -4 33.749966975705895
    endloop
  endfacet
  facet normal -0.8819212643483539 0 0.4713967368259997
    outer loop
      vertex 31.578728948150395 -2.99 34.13896227717855
      vertex 31.370806627680725 -4 33.749966975705895
      vertex 31.578728948150395 -4 34.13896227717855
    endloop
  endfacet
  facet normal -0.8819212643483539 0 0.4713967368259997
    outer loop
      vertex 31.370806627680725 -2.99 33.749966975705895
      vertex 31.370806627680725 -4 33.749966975705895
      vertex 31.578728948150395 -2.99 34.13896227717855
    endloop
  endfacet
  facet normal -0.9569403357322089 0 0.2902846772544619
    outer loop
      vertex 31.706766880907267 -2.99 34.56104677546371
      vertex 31.578728948150395 -4 34.13896227717855
      vertex 31.706766880907267 -4 34.56104677546371
    endloop
  endfacet
  facet normal -0.9951847266721966 0 0.09801714032956305
    outer loop
      vertex 31.75 -2.99 35
      vertex 31.706766880907267 -4 34.56104677546371
      vertex 31.75 -4 35
    endloop
  endfacet
  facet normal -0.9569403357322089 0 0.2902846772544619
    outer loop
      vertex 31.578728948150395 -2.99 34.13896227717855
      vertex 31.578728948150395 -4 34.13896227717855
      vertex 31.706766880907267 -2.99 34.56104677546371
    endloop
  endfacet
  facet normal -0.9951847266721966 0 0.09801714032956305
    outer loop
      vertex 31.706766880907267 -2.99 34.56104677546371
      vertex 31.706766880907267 -4 34.56104677546371
      vertex 31.75 -2.99 35
    endloop
  endfacet
  facet normal 0.9569403357322089 0 -0.2902846772544619
    outer loop
      vertex 27.293233119092733 -2.99 35.43895322453629
      vertex 27.421271051849605 -4 35.86103772282145
      vertex 27.293233119092733 -4 35.43895322453629
    endloop
  endfacet
  facet normal 0.9569403357322089 0 -0.2902846772544619
    outer loop
      vertex 27.293233119092733 -2.99 35.43895322453629
      vertex 27.421271051849605 -2.99 35.86103772282145
      vertex 27.421271051849605 -4 35.86103772282145
    endloop
  endfacet
  facet normal 0.8819212643483539 0 -0.4713967368259997
    outer loop
      vertex 27.421271051849605 -2.99 35.86103772282145
      vertex 27.629193372319275 -4 36.250033024294105
      vertex 27.421271051849605 -4 35.86103772282145
    endloop
  endfacet
  facet normal 0.7730104533627363 0 -0.6343932841636463
    outer loop
      vertex 27.629193372319275 -2.99 36.250033024294105
      vertex 27.90900974233027 -4 36.59099025766973
      vertex 27.629193372319275 -4 36.250033024294105
    endloop
  endfacet
  facet normal 0.6343932841636511 0 -0.7730104533627323
    outer loop
      vertex 27.90900974233027 -2.99 36.59099025766973
      vertex 28.249966975705895 -4 36.87080662768073
      vertex 27.90900974233027 -4 36.59099025766973
    endloop
  endfacet
  facet normal 0.8819212643483539 0 -0.4713967368259997
    outer loop
      vertex 27.421271051849605 -2.99 35.86103772282145
      vertex 27.629193372319275 -2.99 36.250033024294105
      vertex 27.629193372319275 -4 36.250033024294105
    endloop
  endfacet
  facet normal 0.7730104533627363 0 -0.6343932841636463
    outer loop
      vertex 27.629193372319275 -2.99 36.250033024294105
      vertex 27.90900974233027 -2.99 36.59099025766973
      vertex 27.90900974233027 -4 36.59099025766973
    endloop
  endfacet
  facet normal -0.9951847266721966 0 -0.09801714032956305
    outer loop
      vertex 31.706766880907267 -2.99 35.43895322453629
      vertex 31.75 -4 35
      vertex 31.706766880907267 -4 35.43895322453629
    endloop
  endfacet
  facet normal -0.9569403357322089 0 -0.2902846772544619
    outer loop
      vertex 31.578728948150395 -2.99 35.86103772282145
      vertex 31.706766880907267 -4 35.43895322453629
      vertex 31.578728948150395 -4 35.86103772282145
    endloop
  endfacet
  facet normal -0.9951847266721966 0 -0.09801714032956305
    outer loop
      vertex 31.75 -2.99 35
      vertex 31.75 -4 35
      vertex 31.706766880907267 -2.99 35.43895322453629
    endloop
  endfacet
  facet normal -0.9569403357322089 0 -0.2902846772544619
    outer loop
      vertex 31.706766880907267 -2.99 35.43895322453629
      vertex 31.706766880907267 -4 35.43895322453629
      vertex 31.578728948150395 -2.99 35.86103772282145
    endloop
  endfacet
  facet normal -0.7730104533627363 0 -0.6343932841636463
    outer loop
      vertex 31.09099025766973 -2.99 36.59099025766973
      vertex 31.370806627680725 -4 36.250033024294105
      vertex 31.09099025766973 -4 36.59099025766973
    endloop
  endfacet
  facet normal -0.6343932841636511 0 -0.7730104533627323
    outer loop
      vertex 31.09099025766973 -2.99 36.59099025766973
      vertex 31.09099025766973 -4 36.59099025766973
      vertex 30.750033024294105 -2.99 36.87080662768073
    endloop
  endfacet
  facet normal -0.8819212643483539 0 -0.4713967368259997
    outer loop
      vertex 31.370806627680725 -2.99 36.250033024294105
      vertex 31.578728948150395 -4 35.86103772282145
      vertex 31.370806627680725 -4 36.250033024294105
    endloop
  endfacet
  facet normal -0.8819212643483539 0 -0.4713967368259997
    outer loop
      vertex 31.578728948150395 -2.99 35.86103772282145
      vertex 31.578728948150395 -4 35.86103772282145
      vertex 31.370806627680725 -2.99 36.250033024294105
    endloop
  endfacet
  facet normal -0.7730104533627363 0 -0.6343932841636463
    outer loop
      vertex 31.370806627680725 -2.99 36.250033024294105
      vertex 31.370806627680725 -4 36.250033024294105
      vertex 31.09099025766973 -2.99 36.59099025766973
    endloop
  endfacet
  facet normal 0.47139673682598715 0 -0.8819212643483606
    outer loop
      vertex 28.249966975705895 -2.99 36.87080662768073
      vertex 28.63896227717855 -4 37.07872894815039
      vertex 28.249966975705895 -4 36.87080662768073
    endloop
  endfacet
  facet normal 0.6343932841636511 0 -0.7730104533627323
    outer loop
      vertex 27.90900974233027 -2.99 36.59099025766973
      vertex 28.249966975705895 -2.99 36.87080662768073
      vertex 28.249966975705895 -4 36.87080662768073
    endloop
  endfacet
  facet normal 0.47139673682598715 0 -0.8819212643483606
    outer loop
      vertex 28.249966975705895 -2.99 36.87080662768073
      vertex 28.63896227717855 -2.99 37.07872894815039
      vertex 28.63896227717855 -4 37.07872894815039
    endloop
  endfacet
  facet normal 0.29028467725446705 0 -0.9569403357322075
    outer loop
      vertex 28.63896227717855 -2.99 37.07872894815039
      vertex 29.061046775463712 -4 37.20676688090727
      vertex 28.63896227717855 -4 37.07872894815039
    endloop
  endfacet
  facet normal 0.09801714032956384 0 -0.9951847266721966
    outer loop
      vertex 29.061046775463712 -2.99 37.20676688090727
      vertex 29.5 -4 37.25
      vertex 29.061046775463712 -4 37.20676688090727
    endloop
  endfacet
  facet normal -0.09801714032956384 0 -0.9951847266721966
    outer loop
      vertex 29.5 -2.99 37.25
      vertex 29.938953224536288 -4 37.20676688090727
      vertex 29.5 -4 37.25
    endloop
  endfacet
  facet normal 0.29028467725446705 0 -0.9569403357322075
    outer loop
      vertex 28.63896227717855 -2.99 37.07872894815039
      vertex 29.061046775463712 -2.99 37.20676688090727
      vertex 29.061046775463712 -4 37.20676688090727
    endloop
  endfacet
  facet normal 0.09801714032956384 0 -0.9951847266721966
    outer loop
      vertex 29.061046775463712 -2.99 37.20676688090727
      vertex 29.5 -2.99 37.25
      vertex 29.5 -4 37.25
    endloop
  endfacet
  facet normal -0.09801714032956384 0 -0.9951847266721966
    outer loop
      vertex 29.5 -2.99 37.25
      vertex 29.938953224536288 -2.99 37.20676688090727
      vertex 29.938953224536288 -4 37.20676688090727
    endloop
  endfacet
  facet normal -0.47139673682598715 0 -0.8819212643483606
    outer loop
      vertex 30.36103772282145 -2.99 37.07872894815039
      vertex 30.750033024294105 -4 36.87080662768073
      vertex 30.36103772282145 -4 37.07872894815039
    endloop
  endfacet
  facet normal -0.6343932841636511 0 -0.7730104533627323
    outer loop
      vertex 30.750033024294105 -2.99 36.87080662768073
      vertex 31.09099025766973 -4 36.59099025766973
      vertex 30.750033024294105 -4 36.87080662768073
    endloop
  endfacet
  facet normal -0.29028467725446705 0 -0.9569403357322075
    outer loop
      vertex 29.938953224536288 -2.99 37.20676688090727
      vertex 30.36103772282145 -4 37.07872894815039
      vertex 29.938953224536288 -4 37.20676688090727
    endloop
  endfacet
  facet normal -0.29028467725446705 0 -0.9569403357322075
    outer loop
      vertex 29.938953224536288 -2.99 37.20676688090727
      vertex 30.36103772282145 -2.99 37.07872894815039
      vertex 30.36103772282145 -4 37.07872894815039
    endloop
  endfacet
  facet normal -0.47139673682598715 0 -0.8819212643483606
    outer loop
      vertex 30.36103772282145 -2.99 37.07872894815039
      vertex 30.750033024294105 -2.99 36.87080662768073
      vertex 30.750033024294105 -4 36.87080662768073
    endloop
  endfacet
  facet normal 0.734889859401224 0.5528469062770359 0.3928068135472698
    outer loop
      vertex 127.4212710518496 -2.99 34.13896227717855
      vertex 125.97179727846286 0 32.642530311220156
      vertex 125.57967118371043 0 33.3761466353308
    endloop
  endfacet
  facet normal 0.24188924145227406 0.552846906277035 0.7974019645633905
    outer loop
      vertex 128.63896227717854 -2.99 32.92127105184961
      vertex 129.06104677546372 -2.99 32.79323311909273
      vertex 128.67216673357825 0 30.83820112682229
    endloop
  endfacet
  facet normal 0.392806813547264 0.5528469062770344 0.7348898594012281
    outer loop
      vertex 128.2499669757059 -2.99 33.12919337231927
      vertex 128.63896227717854 -2.99 32.92127105184961
      vertex 127.8761466353308 0 31.079671183710442
    endloop
  endfacet
  facet normal 0.5286290400862402 0.5528469062770329 0.6441363490732485
    outer loop
      vertex 128.2499669757059 -2.99 33.12919337231927
      vertex 127.14253031122016 0 31.471797278462866
      vertex 127.90900974233027 -2.99 33.40900974233027
    endloop
  endfacet
  facet normal 0.6441363490732595 0.5528469062770348 0.5286290400862248
    outer loop
      vertex 127.90900974233027 -2.99 33.40900974233027
      vertex 126.49951022516508 0 31.999510225165086
      vertex 127.62919337231928 -2.99 33.749966975705895
    endloop
  endfacet
  facet normal 0.08167600146134242 0.5528469062770344 0.829270359415552
    outer loop
      vertex 129.06104677546372 -2.99 32.79323311909273
      vertex 129.5 -2.99 32.75
      vertex 129.5 0 30.756666666666668
    endloop
  endfacet
  facet normal -0.08167600146134235 0.5528469062770351 0.8292703594155514
    outer loop
      vertex 129.5 -2.99 32.75
      vertex 129.93895322453628 -2.99 32.79323311909273
      vertex 130.32783326642175 0 30.83820112682229
    endloop
  endfacet
  facet normal -0.24188924145227422 0.5528469062770341 0.7974019645633911
    outer loop
      vertex 129.93895322453628 -2.99 32.79323311909273
      vertex 130.36103772282146 -2.99 32.92127105184961
      vertex 131.1238533646692 0 31.079671183710442
    endloop
  endfacet
  facet normal -0.39280681354726427 0.5528469062770336 0.7348898594012286
    outer loop
      vertex 130.36103772282146 -2.99 32.92127105184961
      vertex 130.7500330242941 -2.99 33.12919337231927
      vertex 131.85746968877984 0 31.471797278462866
    endloop
  endfacet
  facet normal -0.5286290400862277 0.5528469062770313 0.6441363490732601
    outer loop
      vertex 130.7500330242941 -2.99 33.12919337231927
      vertex 131.09099025766974 -2.99 33.40900974233027
      vertex 132.5004897748349 0 31.999510225165086
    endloop
  endfacet
  facet normal 0.24188924145227853 0.5528469062770344 0.7974019645633896
    outer loop
      vertex 128.63896227717854 -2.99 32.92127105184961
      vertex 128.67216673357825 0 30.83820112682229
      vertex 127.8761466353308 0 31.079671183710442
    endloop
  endfacet
  facet normal 0.08167600146133776 0.552846906277035 0.8292703594155522
    outer loop
      vertex 129.06104677546372 -2.99 32.79323311909273
      vertex 129.5 0 30.756666666666668
      vertex 128.67216673357825 0 30.83820112682229
    endloop
  endfacet
  facet normal -0.08167600146133808 0.5528469062770346 0.8292703594155524
    outer loop
      vertex 129.5 -2.99 32.75
      vertex 130.32783326642175 0 30.83820112682229
      vertex 129.5 0 30.756666666666668
    endloop
  endfacet
  facet normal -0.24188924145227844 0.5528469062770348 0.7974019645633893
    outer loop
      vertex 129.93895322453628 -2.99 32.79323311909273
      vertex 131.1238533646692 0 31.079671183710442
      vertex 130.32783326642175 0 30.83820112682229
    endloop
  endfacet
  facet normal 0.39280681354726776 0.5528469062770339 0.7348898594012266
    outer loop
      vertex 128.2499669757059 -2.99 33.12919337231927
      vertex 127.8761466353308 0 31.079671183710442
      vertex 127.14253031122016 0 31.471797278462866
    endloop
  endfacet
  facet normal 0.5286290400862286 0.552846906277035 0.6441363490732562
    outer loop
      vertex 127.90900974233027 -2.99 33.40900974233027
      vertex 127.14253031122016 0 31.471797278462866
      vertex 126.49951022516508 0 31.999510225165086
    endloop
  endfacet
  facet normal 0.6441363490732525 0.5528469062770364 0.5286290400862319
    outer loop
      vertex 127.62919337231928 -2.99 33.749966975705895
      vertex 126.49951022516508 0 31.999510225165086
      vertex 125.97179727846286 0 32.642530311220156
    endloop
  endfacet
  facet normal -0.3928068135472676 0.5528469062770341 0.7348898594012264
    outer loop
      vertex 130.36103772282146 -2.99 32.92127105184961
      vertex 131.85746968877984 0 31.471797278462866
      vertex 131.1238533646692 0 31.079671183710442
    endloop
  endfacet
  facet normal 0.7974019645633874 0.5528469062770364 0.2418892414522811
    outer loop
      vertex 127.29323311909273 -2.99 34.56104677546371
      vertex 125.57967118371043 0 33.3761466353308
      vertex 125.33820112682228 0 34.17216673357823
    endloop
  endfacet
  facet normal 0.8292703594155515 0.552846906277036 0.0816760014613356
    outer loop
      vertex 127.25 -2.99 35
      vertex 125.33820112682228 0 34.17216673357823
      vertex 125.25666666666666 0 35
    endloop
  endfacet
  facet normal 0.8292703594155513 0.5528469062770365 -0.08167600146133558
    outer loop
      vertex 127.29323311909273 -2.99 35.43895322453629
      vertex 125.25666666666666 0 35
      vertex 125.33820112682228 0 35.82783326642177
    endloop
  endfacet
  facet normal 0.7974019645633879 0.5528469062770359 -0.2418892414522809
    outer loop
      vertex 127.4212710518496 -2.99 35.86103772282145
      vertex 125.33820112682228 0 35.82783326642177
      vertex 125.57967118371043 0 36.6238533646692
    endloop
  endfacet
  facet normal 0.7348898594012233 0.5528469062770369 -0.3928068135472695
    outer loop
      vertex 127.62919337231928 -2.99 36.250033024294105
      vertex 125.57967118371043 0 36.6238533646692
      vertex 125.97179727846286 0 37.357469688779844
    endloop
  endfacet
  facet normal 0.7348898594012183 0.5528469062770375 0.3928068135472783
    outer loop
      vertex 127.62919337231928 -2.99 33.749966975705895
      vertex 125.97179727846286 0 32.642530311220156
      vertex 127.4212710518496 -2.99 34.13896227717855
    endloop
  endfacet
  facet normal 0.7974019645633893 0.5528469062770357 0.24188924145227658
    outer loop
      vertex 127.4212710518496 -2.99 34.13896227717855
      vertex 125.57967118371043 0 33.3761466353308
      vertex 127.29323311909273 -2.99 34.56104677546371
    endloop
  endfacet
  facet normal 0.8292703594155507 0.5528469062770366 0.08167600146133965
    outer loop
      vertex 127.29323311909273 -2.99 34.56104677546371
      vertex 125.33820112682228 0 34.17216673357823
      vertex 127.25 -2.99 35
    endloop
  endfacet
  facet normal 0.8292703594155513 0.5528469062770358 -0.0816760014613397
    outer loop
      vertex 127.25 -2.99 35
      vertex 125.25666666666666 0 35
      vertex 127.29323311909273 -2.99 35.43895322453629
    endloop
  endfacet
  facet normal 0.7974019645633887 0.5528469062770366 -0.24188924145227642
    outer loop
      vertex 127.29323311909273 -2.99 35.43895322453629
      vertex 125.33820112682228 0 35.82783326642177
      vertex 127.4212710518496 -2.99 35.86103772282145
    endloop
  endfacet
  facet normal 0.7348898594012193 0.5528469062770355 -0.39280681354727887
    outer loop
      vertex 127.4212710518496 -2.99 35.86103772282145
      vertex 125.57967118371043 0 36.6238533646692
      vertex 127.62919337231928 -2.99 36.250033024294105
    endloop
  endfacet
  facet normal 0.6441363490732586 0.5528469062770368 -0.528629040086224
    outer loop
      vertex 127.62919337231928 -2.99 36.250033024294105
      vertex 125.97179727846286 0 37.357469688779844
      vertex 127.90900974233027 -2.99 36.59099025766973
    endloop
  endfacet
  facet normal -0.6441363490732608 0.5528469062770325 0.5286290400862258
    outer loop
      vertex 131.09099025766974 -2.99 33.40900974233027
      vertex 131.37080662768074 -2.99 33.749966975705895
      vertex 133.02820272153713 0 32.642530311220156
    endloop
  endfacet
  facet normal -0.5286290400862363 0.5528469062770331 0.6441363490732515
    outer loop
      vertex 130.7500330242941 -2.99 33.12919337231927
      vertex 132.5004897748349 0 31.999510225165086
      vertex 131.85746968877984 0 31.471797278462866
    endloop
  endfacet
  facet normal -0.6441363490732552 0.552846906277031 0.528629040086234
    outer loop
      vertex 131.09099025766974 -2.99 33.40900974233027
      vertex 133.02820272153713 0 32.642530311220156
      vertex 132.5004897748349 0 31.999510225165086
    endloop
  endfacet
  facet normal -0.7348898594012261 0.5528469062770321 0.39280681354727104
    outer loop
      vertex 131.37080662768074 -2.99 33.749966975705895
      vertex 133.42032881628955 0 33.3761466353308
      vertex 133.02820272153713 0 32.642530311220156
    endloop
  endfacet
  facet normal -0.7348898594012313 0.5528469062770341 0.3928068135472585
    outer loop
      vertex 131.37080662768074 -2.99 33.749966975705895
      vertex 131.5787289481504 -2.99 34.13896227717855
      vertex 133.42032881628955 0 33.3761466353308
    endloop
  endfacet
  facet normal -0.7974019645633853 0.5528469062770303 0.24188924145230223
    outer loop
      vertex 131.5787289481504 -2.99 34.13896227717855
      vertex 131.70676688090728 -2.99 34.56104677546371
      vertex 133.6617988731777 0 34.17216673357823
    endloop
  endfacet
  facet normal -0.829270359415553 0.552846906277037 0.08167600146131303
    outer loop
      vertex 131.70676688090728 -2.99 34.56104677546371
      vertex 131.75 -2.99 35
      vertex 133.74333333333334 0 35
    endloop
  endfacet
  facet normal -0.8292703594155578 0.5528469062770299 -0.0816760014613135
    outer loop
      vertex 131.75 -2.99 35
      vertex 131.70676688090728 -2.99 35.43895322453629
      vertex 133.6617988731777 0 35.82783326642177
    endloop
  endfacet
  facet normal -0.7974019645633827 0.5528469062770343 -0.24188924145230145
    outer loop
      vertex 131.70676688090728 -2.99 35.43895322453629
      vertex 131.5787289481504 -2.99 35.86103772282145
      vertex 133.42032881628955 0 36.6238533646692
    endloop
  endfacet
  facet normal -0.734889859401233 0.5528469062770316 -0.3928068135472594
    outer loop
      vertex 131.5787289481504 -2.99 35.86103772282145
      vertex 131.37080662768074 -2.99 36.250033024294105
      vertex 133.02820272153713 0 37.357469688779844
    endloop
  endfacet
  facet normal -0.7974019645633895 0.5528469062770333 0.2418892414522814
    outer loop
      vertex 131.5787289481504 -2.99 34.13896227717855
      vertex 133.6617988731777 0 34.17216673357823
      vertex 133.42032881628955 0 33.3761466353308
    endloop
  endfacet
  facet normal -0.8292703594155532 0.5528469062770317 0.08167600146135005
    outer loop
      vertex 131.70676688090728 -2.99 34.56104677546371
      vertex 133.74333333333334 0 35
      vertex 133.6617988731777 0 34.17216673357823
    endloop
  endfacet
  facet normal -0.8292703594155506 0.5528469062770354 -0.08167600146134979
    outer loop
      vertex 131.75 -2.99 35
      vertex 133.6617988731777 0 35.82783326642177
      vertex 133.74333333333334 0 35
    endloop
  endfacet
  facet normal -0.7974019645633909 0.5528469062770311 -0.24188924145228183
    outer loop
      vertex 131.70676688090728 -2.99 35.43895322453629
      vertex 133.42032881628955 0 36.6238533646692
      vertex 133.6617988731777 0 35.82783326642177
    endloop
  endfacet
  facet normal -0.7348898594012253 0.5528469062770334 -0.39280681354727054
    outer loop
      vertex 131.5787289481504 -2.99 35.86103772282145
      vertex 133.02820272153713 0 37.357469688779844
      vertex 133.42032881628955 0 36.6238533646692
    endloop
  endfacet
  facet normal 0.5286290400862389 0.5528469062770361 -0.6441363490732468
    outer loop
      vertex 127.90900974233027 -2.99 36.59099025766973
      vertex 126.49951022516508 0 38.00048977483492
      vertex 128.2499669757059 -2.99 36.87080662768073
    endloop
  endfacet
  facet normal 0.39280681354726427 0.5528469062770336 -0.7348898594012286
    outer loop
      vertex 128.2499669757059 -2.99 36.87080662768073
      vertex 127.14253031122016 0 38.528202721537134
      vertex 128.63896227717854 -2.99 37.07872894815039
    endloop
  endfacet
  facet normal 0.24188924145227414 0.5528469062770348 -0.7974019645633907
    outer loop
      vertex 128.63896227717854 -2.99 37.07872894815039
      vertex 127.8761466353308 0 38.92032881628956
      vertex 129.06104677546372 -2.99 37.20676688090727
    endloop
  endfacet
  facet normal 0.08167600146134235 0.5528469062770351 -0.8292703594155514
    outer loop
      vertex 129.06104677546372 -2.99 37.20676688090727
      vertex 128.67216673357825 0 39.16179887317771
      vertex 129.5 -2.99 37.25
    endloop
  endfacet
  facet normal -0.6441363490732614 0.552846906277031 -0.5286290400862265
    outer loop
      vertex 131.37080662768074 -2.99 36.250033024294105
      vertex 131.09099025766974 -2.99 36.59099025766973
      vertex 132.5004897748349 0 38.00048977483492
    endloop
  endfacet
  facet normal -0.5286290400862268 0.5528469062770337 -0.6441363490732589
    outer loop
      vertex 130.7500330242941 -2.99 36.87080662768073
      vertex 131.85746968877984 0 38.528202721537134
      vertex 131.09099025766974 -2.99 36.59099025766973
    endloop
  endfacet
  facet normal -0.08167600146134242 0.5528469062770344 -0.829270359415552
    outer loop
      vertex 129.5 -2.99 37.25
      vertex 129.5 0 39.24333333333333
      vertex 129.93895322453628 -2.99 37.20676688090727
    endloop
  endfacet
  facet normal -0.24188924145227406 0.552846906277035 -0.7974019645633905
    outer loop
      vertex 129.93895322453628 -2.99 37.20676688090727
      vertex 130.32783326642175 0 39.16179887317771
      vertex 130.36103772282146 -2.99 37.07872894815039
    endloop
  endfacet
  facet normal -0.3928068135472638 0.552846906277035 -0.7348898594012278
    outer loop
      vertex 130.7500330242941 -2.99 36.87080662768073
      vertex 130.36103772282146 -2.99 37.07872894815039
      vertex 131.1238533646692 0 38.92032881628956
    endloop
  endfacet
  facet normal 0.6441363490732542 0.5528469062770356 -0.5286290400862305
    outer loop
      vertex 127.90900974233027 -2.99 36.59099025766973
      vertex 125.97179727846286 0 37.357469688779844
      vertex 126.49951022516508 0 38.00048977483492
    endloop
  endfacet
  facet normal 0.5286290400862269 0.5528469062770336 -0.6441363490732587
    outer loop
      vertex 128.2499669757059 -2.99 36.87080662768073
      vertex 126.49951022516508 0 38.00048977483492
      vertex 127.14253031122016 0 38.528202721537134
    endloop
  endfacet
  facet normal 0.39280681354727026 0.5528469062770346 -0.7348898594012248
    outer loop
      vertex 128.63896227717854 -2.99 37.07872894815039
      vertex 127.14253031122016 0 38.528202721537134
      vertex 127.8761466353308 0 38.92032881628956
    endloop
  endfacet
  facet normal -0.2418892414522752 0.5528469062770349 -0.7974019645633903
    outer loop
      vertex 130.36103772282146 -2.99 37.07872894815039
      vertex 130.32783326642175 0 39.16179887317771
      vertex 131.1238533646692 0 38.92032881628956
    endloop
  endfacet
  facet normal -0.3928068135472705 0.552846906277034 -0.734889859401225
    outer loop
      vertex 130.7500330242941 -2.99 36.87080662768073
      vertex 131.1238533646692 0 38.92032881628956
      vertex 131.85746968877984 0 38.528202721537134
    endloop
  endfacet
  facet normal 0.24188924145227542 0.5528469062770349 -0.7974019645633901
    outer loop
      vertex 129.06104677546372 -2.99 37.20676688090727
      vertex 127.8761466353308 0 38.92032881628956
      vertex 128.67216673357825 0 39.16179887317771
    endloop
  endfacet
  facet normal 0.08167600146133808 0.5528469062770346 -0.8292703594155524
    outer loop
      vertex 129.5 -2.99 37.25
      vertex 128.67216673357825 0 39.16179887317771
      vertex 129.5 0 39.24333333333333
    endloop
  endfacet
  facet normal -0.08167600146133776 0.552846906277035 -0.8292703594155522
    outer loop
      vertex 129.93895322453628 -2.99 37.20676688090727
      vertex 129.5 0 39.24333333333333
      vertex 130.32783326642175 0 39.16179887317771
    endloop
  endfacet
  facet normal -0.644136349073256 0.5528469062770323 -0.5286290400862319
    outer loop
      vertex 131.37080662768074 -2.99 36.250033024294105
      vertex 132.5004897748349 0 38.00048977483492
      vertex 133.02820272153713 0 37.357469688779844
    endloop
  endfacet
  facet normal -0.5286290400862346 0.5528469062770323 -0.6441363490732538
    outer loop
      vertex 131.09099025766974 -2.99 36.59099025766973
      vertex 131.85746968877984 0 38.528202721537134
      vertex 132.5004897748349 0 38.00048977483492
    endloop
  endfacet
  facet normal 0.5286290400862305 0.5528469062770346 0.6441363490732549
    outer loop
      vertex 27.90900974233027 -2.99 33.40900974233027
      vertex 27.142530311220156 0 31.471797278462866
      vertex 26.499510225165086 0 31.999510225165086
    endloop
  endfacet
  facet normal 0.6441363490732549 0.5528469062770349 0.5286290400862304
    outer loop
      vertex 27.629193372319275 -2.99 33.749966975705895
      vertex 26.499510225165086 0 31.999510225165086
      vertex 25.971797278462866 0 32.642530311220156
    endloop
  endfacet
  facet normal 0.7348898594012261 0.5528469062770348 0.3928068135472674
    outer loop
      vertex 27.421271051849605 -2.99 34.13896227717855
      vertex 25.971797278462866 0 32.642530311220156
      vertex 25.579671183710442 0 33.3761466353308
    endloop
  endfacet
  facet normal 0.7348898594012252 0.5528469062770351 0.3928068135472686
    outer loop
      vertex 27.629193372319275 -2.99 33.749966975705895
      vertex 25.971797278462866 0 32.642530311220156
      vertex 27.421271051849605 -2.99 34.13896227717855
    endloop
  endfacet
  facet normal 0.7974019645633882 0.5528469062770347 0.24188924145228294
    outer loop
      vertex 27.421271051849605 -2.99 34.13896227717855
      vertex 25.579671183710442 0 33.3761466353308
      vertex 27.293233119092733 -2.99 34.56104677546371
    endloop
  endfacet
  facet normal 0.8292703594155516 0.5528469062770353 0.08167600146133974
    outer loop
      vertex 27.293233119092733 -2.99 34.56104677546371
      vertex 25.33820112682229 0 34.17216673357823
      vertex 27.25 -2.99 35
    endloop
  endfacet
  facet normal 0.8292703594155523 0.5528469062770345 -0.0816760014613398
    outer loop
      vertex 27.25 -2.99 35
      vertex 25.256666666666668 0 35
      vertex 27.293233119092733 -2.99 35.43895322453629
    endloop
  endfacet
  facet normal 0.797401964563388 0.552846906277035 -0.24188924145228288
    outer loop
      vertex 27.293233119092733 -2.99 35.43895322453629
      vertex 25.33820112682229 0 35.82783326642177
      vertex 27.421271051849605 -2.99 35.86103772282145
    endloop
  endfacet
  facet normal 0.7348898594012254 0.5528469062770349 -0.3928068135472687
    outer loop
      vertex 27.421271051849605 -2.99 35.86103772282145
      vertex 25.579671183710442 0 36.6238533646692
      vertex 27.629193372319275 -2.99 36.250033024294105
    endloop
  endfacet
  facet normal 0.6441363490732561 0.5528469062770349 -0.5286290400862288
    outer loop
      vertex 27.629193372319275 -2.99 36.250033024294105
      vertex 25.971797278462866 0 37.357469688779844
      vertex 27.90900974233027 -2.99 36.59099025766973
    endloop
  endfacet
  facet normal 0.7974019645633874 0.552846906277035 0.24188924145228435
    outer loop
      vertex 27.293233119092733 -2.99 34.56104677546371
      vertex 25.579671183710442 0 33.3761466353308
      vertex 25.33820112682229 0 34.17216673357823
    endloop
  endfacet
  facet normal 0.8292703594155524 0.5528469062770347 0.081676001461336
    outer loop
      vertex 27.25 -2.99 35
      vertex 25.33820112682229 0 34.17216673357823
      vertex 25.256666666666668 0 35
    endloop
  endfacet
  facet normal 0.829270359415552 0.552846906277035 -0.08167600146133566
    outer loop
      vertex 27.293233119092733 -2.99 35.43895322453629
      vertex 25.256666666666668 0 35
      vertex 25.33820112682229 0 35.82783326642177
    endloop
  endfacet
  facet normal 0.7974019645633875 0.5528469062770348 -0.24188924145228435
    outer loop
      vertex 27.421271051849605 -2.99 35.86103772282145
      vertex 25.33820112682229 0 35.82783326642177
      vertex 25.579671183710442 0 36.6238533646692
    endloop
  endfacet
  facet normal 0.734889859401226 0.552846906277035 -0.3928068135472673
    outer loop
      vertex 27.629193372319275 -2.99 36.250033024294105
      vertex 25.579671183710442 0 36.6238533646692
      vertex 25.971797278462866 0 37.357469688779844
    endloop
  endfacet
  facet normal 0.39280681354725805 0.5528469062770357 0.7348898594012304
    outer loop
      vertex 28.63896227717855 -2.99 32.92127105184961
      vertex 27.8761466353308 0 31.079671183710442
      vertex 28.249966975705895 -2.99 33.12919337231927
    endloop
  endfacet
  facet normal 0.24188924145228713 0.552846906277035 0.7974019645633866
    outer loop
      vertex 28.63896227717855 -2.99 32.92127105184961
      vertex 29.061046775463712 -2.99 32.79323311909273
      vertex 28.67216673357823 0 30.83820112682229
    endloop
  endfacet
  facet normal 0.08167600146134045 0.5528469062770345 0.8292703594155522
    outer loop
      vertex 29.061046775463712 -2.99 32.79323311909273
      vertex 29.5 -2.99 32.75
      vertex 29.5 0 30.756666666666668
    endloop
  endfacet
  facet normal 0.5286290400862331 0.5528469062770341 0.6441363490732532
    outer loop
      vertex 27.90900974233027 -2.99 33.40900974233027
      vertex 28.249966975705895 -2.99 33.12919337231927
      vertex 27.142530311220156 0 31.471797278462866
    endloop
  endfacet
  facet normal 0.6441363490732563 0.5528469062770346 0.5286290400862289
    outer loop
      vertex 27.90900974233027 -2.99 33.40900974233027
      vertex 26.499510225165086 0 31.999510225165086
      vertex 27.629193372319275 -2.99 33.749966975705895
    endloop
  endfacet
  facet normal -0.0816760014613404 0.5528469062770354 0.8292703594155515
    outer loop
      vertex 29.5 -2.99 32.75
      vertex 29.938953224536288 -2.99 32.79323311909273
      vertex 30.32783326642177 0 30.83820112682229
    endloop
  endfacet
  facet normal -0.24188924145228705 0.5528469062770354 0.7974019645633864
    outer loop
      vertex 29.938953224536288 -2.99 32.79323311909273
      vertex 30.36103772282145 -2.99 32.92127105184961
      vertex 31.1238533646692 0 31.079671183710442
    endloop
  endfacet
  facet normal -0.3928068135472586 0.552846906277034 0.7348898594012315
    outer loop
      vertex 30.36103772282145 -2.99 32.92127105184961
      vertex 30.750033024294105 -2.99 33.12919337231927
      vertex 31.857469688779844 0 31.471797278462866
    endloop
  endfacet
  facet normal -0.5286290400862327 0.5528469062770353 0.6441363490732527
    outer loop
      vertex 30.750033024294105 -2.99 33.12919337231927
      vertex 31.09099025766973 -2.99 33.40900974233027
      vertex 32.50048977483492 0 31.999510225165086
    endloop
  endfacet
  facet normal -0.6441363490732561 0.5528469062770349 0.5286290400862288
    outer loop
      vertex 31.09099025766973 -2.99 33.40900974233027
      vertex 31.370806627680725 -2.99 33.749966975705895
      vertex 33.028202721537134 0 32.642530311220156
    endloop
  endfacet
  facet normal 0.24188924145228527 0.5528469062770353 0.797401964563387
    outer loop
      vertex 28.63896227717855 -2.99 32.92127105184961
      vertex 28.67216673357823 0 30.83820112682229
      vertex 27.8761466353308 0 31.079671183710442
    endloop
  endfacet
  facet normal 0.08167600146133566 0.5528469062770351 0.8292703594155522
    outer loop
      vertex 29.061046775463712 -2.99 32.79323311909273
      vertex 29.5 0 30.756666666666668
      vertex 28.67216673357823 0 30.83820112682229
    endloop
  endfacet
  facet normal -0.081676001461336 0.5528469062770347 0.8292703594155524
    outer loop
      vertex 29.5 -2.99 32.75
      vertex 30.32783326642177 0 30.83820112682229
      vertex 29.5 0 30.756666666666668
    endloop
  endfacet
  facet normal -0.24188924145228535 0.5528469062770351 0.7974019645633871
    outer loop
      vertex 29.938953224536288 -2.99 32.79323311909273
      vertex 31.1238533646692 0 31.079671183710442
      vertex 30.32783326642177 0 30.83820112682229
    endloop
  endfacet
  facet normal 0.3928068135472661 0.5528469062770345 0.7348898594012271
    outer loop
      vertex 28.249966975705895 -2.99 33.12919337231927
      vertex 27.8761466353308 0 31.079671183710442
      vertex 27.142530311220156 0 31.471797278462866
    endloop
  endfacet
  facet normal -0.3928068135472658 0.5528469062770351 0.7348898594012266
    outer loop
      vertex 30.36103772282145 -2.99 32.92127105184961
      vertex 31.857469688779844 0 31.471797278462866
      vertex 31.1238533646692 0 31.079671183710442
    endloop
  endfacet
  facet normal -0.5286290400862288 0.5528469062770345 0.6441363490732566
    outer loop
      vertex 30.750033024294105 -2.99 33.12919337231927
      vertex 32.50048977483492 0 31.999510225165086
      vertex 31.857469688779844 0 31.471797278462866
    endloop
  endfacet
  facet normal -0.6441363490732565 0.5528469062770349 0.5286290400862281
    outer loop
      vertex 31.09099025766973 -2.99 33.40900974233027
      vertex 33.028202721537134 0 32.642530311220156
      vertex 32.50048977483492 0 31.999510225165086
    endloop
  endfacet
  facet normal -0.7348898594012244 0.5528469062770351 0.3928068135472701
    outer loop
      vertex 31.370806627680725 -2.99 33.749966975705895
      vertex 33.42032881628956 0 33.3761466353308
      vertex 33.028202721537134 0 32.642530311220156
    endloop
  endfacet
  facet normal -0.734889859401225 0.5528469062770354 0.3928068135472685
    outer loop
      vertex 31.370806627680725 -2.99 33.749966975705895
      vertex 31.578728948150395 -2.99 34.13896227717855
      vertex 33.42032881628956 0 33.3761466353308
    endloop
  endfacet
  facet normal -0.797401964563388 0.552846906277035 0.24188924145228288
    outer loop
      vertex 31.578728948150395 -2.99 34.13896227717855
      vertex 31.706766880907267 -2.99 34.56104677546371
      vertex 33.66179887317771 0 34.17216673357823
    endloop
  endfacet
  facet normal -0.8292703594155523 0.5528469062770345 0.0816760014613398
    outer loop
      vertex 31.706766880907267 -2.99 34.56104677546371
      vertex 31.75 -2.99 35
      vertex 33.74333333333333 0 35
    endloop
  endfacet
  facet normal -0.8292703594155516 0.5528469062770353 -0.08167600146133974
    outer loop
      vertex 31.75 -2.99 35
      vertex 31.706766880907267 -2.99 35.43895322453629
      vertex 33.66179887317771 0 35.82783326642177
    endloop
  endfacet
  facet normal -0.7974019645633877 0.5528469062770354 -0.2418892414522828
    outer loop
      vertex 31.706766880907267 -2.99 35.43895322453629
      vertex 31.578728948150395 -2.99 35.86103772282145
      vertex 33.42032881628956 0 36.6238533646692
    endloop
  endfacet
  facet normal -0.7348898594012252 0.5528469062770351 -0.3928068135472686
    outer loop
      vertex 31.578728948150395 -2.99 35.86103772282145
      vertex 31.370806627680725 -2.99 36.250033024294105
      vertex 33.028202721537134 0 37.357469688779844
    endloop
  endfacet
  facet normal -0.7974019645633883 0.5528469062770353 0.24188924145228102
    outer loop
      vertex 31.578728948150395 -2.99 34.13896227717855
      vertex 33.66179887317771 0 34.17216673357823
      vertex 33.42032881628956 0 33.3761466353308
    endloop
  endfacet
  facet normal -0.829270359415552 0.552846906277035 0.08167600146133566
    outer loop
      vertex 31.706766880907267 -2.99 34.56104677546371
      vertex 33.74333333333333 0 35
      vertex 33.66179887317771 0 34.17216673357823
    endloop
  endfacet
  facet normal -0.8292703594155524 0.5528469062770347 -0.081676001461336
    outer loop
      vertex 31.75 -2.99 35
      vertex 33.66179887317771 0 35.82783326642177
      vertex 33.74333333333333 0 35
    endloop
  endfacet
  facet normal -0.7974019645633882 0.5528469062770351 -0.24188924145228136
    outer loop
      vertex 31.706766880907267 -2.99 35.43895322453629
      vertex 33.42032881628956 0 36.6238533646692
      vertex 33.66179887317771 0 35.82783326642177
    endloop
  endfacet
  facet normal -0.7348898594012243 0.5528469062770353 -0.39280681354727004
    outer loop
      vertex 31.578728948150395 -2.99 35.86103772282145
      vertex 33.028202721537134 0 37.357469688779844
      vertex 33.42032881628956 0 36.6238533646692
    endloop
  endfacet
  facet normal 0.6441363490732562 0.552846906277035 -0.5286290400862286
    outer loop
      vertex 27.90900974233027 -2.99 36.59099025766973
      vertex 25.971797278462866 0 37.357469688779844
      vertex 26.499510225165086 0 38.00048977483492
    endloop
  endfacet
  facet normal 0.5286290400862284 0.5528469062770345 -0.6441363490732569
    outer loop
      vertex 28.249966975705895 -2.99 36.87080662768073
      vertex 26.499510225165086 0 38.00048977483492
      vertex 27.142530311220156 0 38.528202721537134
    endloop
  endfacet
  facet normal 0.5286290400862327 0.5528469062770354 -0.6441363490732527
    outer loop
      vertex 27.90900974233027 -2.99 36.59099025766973
      vertex 26.499510225165086 0 38.00048977483492
      vertex 28.249966975705895 -2.99 36.87080662768073
    endloop
  endfacet
  facet normal 0.3928068135472586 0.552846906277034 -0.7348898594012315
    outer loop
      vertex 28.249966975705895 -2.99 36.87080662768073
      vertex 27.142530311220156 0 38.528202721537134
      vertex 28.63896227717855 -2.99 37.07872894815039
    endloop
  endfacet
  facet normal 0.24188924145228693 0.552846906277036 -0.797401964563386
    outer loop
      vertex 28.63896227717855 -2.99 37.07872894815039
      vertex 27.8761466353308 0 38.92032881628956
      vertex 29.061046775463712 -2.99 37.20676688090727
    endloop
  endfacet
  facet normal 0.0816760014613404 0.5528469062770354 -0.8292703594155515
    outer loop
      vertex 29.061046775463712 -2.99 37.20676688090727
      vertex 28.67216673357823 0 39.16179887317771
      vertex 29.5 -2.99 37.25
    endloop
  endfacet
  facet normal -0.08167600146134045 0.5528469062770345 -0.8292703594155522
    outer loop
      vertex 29.5 -2.99 37.25
      vertex 29.5 0 39.24333333333333
      vertex 29.938953224536288 -2.99 37.20676688090727
    endloop
  endfacet
  facet normal -0.6441363490732559 0.5528469062770356 -0.5286290400862286
    outer loop
      vertex 31.370806627680725 -2.99 36.250033024294105
      vertex 31.09099025766973 -2.99 36.59099025766973
      vertex 32.50048977483492 0 38.00048977483492
    endloop
  endfacet
  facet normal -0.5286290400862331 0.5528469062770341 -0.6441363490732532
    outer loop
      vertex 31.09099025766973 -2.99 36.59099025766973
      vertex 30.750033024294105 -2.99 36.87080662768073
      vertex 31.857469688779844 0 38.528202721537134
    endloop
  endfacet
  facet normal -0.24188924145228713 0.552846906277035 -0.7974019645633866
    outer loop
      vertex 29.938953224536288 -2.99 37.20676688090727
      vertex 30.32783326642177 0 39.16179887317771
      vertex 30.36103772282145 -2.99 37.07872894815039
    endloop
  endfacet
  facet normal -0.3928068135472578 0.5528469062770363 -0.7348898594012301
    outer loop
      vertex 30.36103772282145 -2.99 37.07872894815039
      vertex 31.1238533646692 0 38.92032881628956
      vertex 30.750033024294105 -2.99 36.87080662768073
    endloop
  endfacet
  facet normal 0.39280681354726843 0.5528469062770356 -0.7348898594012249
    outer loop
      vertex 28.63896227717855 -2.99 37.07872894815039
      vertex 27.142530311220156 0 38.528202721537134
      vertex 27.8761466353308 0 38.92032881628956
    endloop
  endfacet
  facet normal -0.644136349073258 0.552846906277035 -0.5286290400862264
    outer loop
      vertex 31.370806627680725 -2.99 36.250033024294105
      vertex 32.50048977483492 0 38.00048977483492
      vertex 33.028202721537134 0 37.357469688779844
    endloop
  endfacet
  facet normal -0.2418892414522819 0.5528469062770358 -0.7974019645633876
    outer loop
      vertex 30.36103772282145 -2.99 37.07872894815039
      vertex 30.32783326642177 0 39.16179887317771
      vertex 31.1238533646692 0 38.92032881628956
    endloop
  endfacet
  facet normal -0.5286290400862262 0.5528469062770354 -0.6441363490732578
    outer loop
      vertex 31.09099025766973 -2.99 36.59099025766973
      vertex 31.857469688779844 0 38.528202721537134
      vertex 32.50048977483492 0 38.00048977483492
    endloop
  endfacet
  facet normal -0.3928068135472689 0.5528469062770347 -0.7348898594012255
    outer loop
      vertex 30.750033024294105 -2.99 36.87080662768073
      vertex 31.1238533646692 0 38.92032881628956
      vertex 31.857469688779844 0 38.528202721537134
    endloop
  endfacet
  facet normal 0.24188924145228233 0.5528469062770353 -0.7974019645633879
    outer loop
      vertex 29.061046775463712 -2.99 37.20676688090727
      vertex 27.8761466353308 0 38.92032881628956
      vertex 28.67216673357823 0 39.16179887317771
    endloop
  endfacet
  facet normal 0.081676001461336 0.5528469062770347 -0.8292703594155524
    outer loop
      vertex 29.5 -2.99 37.25
      vertex 28.67216673357823 0 39.16179887317771
      vertex 29.5 0 39.24333333333333
    endloop
  endfacet
  facet normal -0.08167600146133566 0.5528469062770351 -0.8292703594155522
    outer loop
      vertex 29.938953224536288 -2.99 37.20676688090727
      vertex 29.5 0 39.24333333333333
      vertex 30.32783326642177 0 39.16179887317771
    endloop
  endfacet
  facet normal -0.7071067811865475 0.7071067811865475 0
    outer loop
      vertex -3.5 60.5 -2.5
      vertex -4 60 -1.9999999999999998
      vertex -4 60 0
    endloop
  endfacet
  facet normal -0.7071067811865475 0.7071067811865475 0
    outer loop
      vertex -3.5 60.5 -2.5
      vertex -3 61 0
      vertex -3 61 -1.9999999999999998
    endloop
  endfacet
  facet normal -0.7071067811865475 0.7071067811865475 0
    outer loop
      vertex -3.5 60.5 -2.5
      vertex -4 60 0
      vertex -4 60 19
    endloop
  endfacet
  facet normal -0.7071067811865475 0.7071067811865475 0
    outer loop
      vertex -3.5 60.5 -2.5
      vertex -3 61 19
      vertex -3 61 0
    endloop
  endfacet
  facet normal -0.7071067811865476 0.7071067811865476 0
    outer loop
      vertex -3.5 60.5 -2.5
      vertex -4 60 19
      vertex -3.5 60.5 19.5
    endloop
  endfacet
  facet normal -0.7071067811865476 0.7071067811865476 0
    outer loop
      vertex -3.5 60.5 -2.5
      vertex -3.5 60.5 19.5
      vertex -3 61 19
    endloop
  endfacet
  facet normal 0.7071067811865476 0.7071067811865476 0
    outer loop
      vertex 162.5 60.5 -2.5
      vertex 162.5 60.5 19.5
      vertex 163 60 -1.9999999999999998
    endloop
  endfacet
  facet normal 0.7071067811865476 0.7071067811865476 0
    outer loop
      vertex 162.5 60.5 -2.5
      vertex 162 61 -1.9999999999999998
      vertex 162.5 60.5 19.5
    endloop
  endfacet
  facet normal 0.7071067811865475 0.7071067811865475 0
    outer loop
      vertex 162.5 60.5 19.5
      vertex 163 60 0
      vertex 163 60 -1.9999999999999998
    endloop
  endfacet
  facet normal 0.7071067811865475 0.7071067811865475 0
    outer loop
      vertex 162.5 60.5 19.5
      vertex 162 61 -1.9999999999999998
      vertex 162 61 0
    endloop
  endfacet
  facet normal 0.7071067811865475 0.7071067811865475 0
    outer loop
      vertex 162.5 60.5 19.5
      vertex 163 60 19
      vertex 163 60 0
    endloop
  endfacet
  facet normal 0.7071067811865475 0.7071067811865475 0
    outer loop
      vertex 162.5 60.5 19.5
      vertex 162 61 0
      vertex 162 61 19
    endloop
  endfacet
  facet normal 0 0.7071067811865475 0.7071067811865475
    outer loop
      vertex -3.5 60.5 19.5
      vertex -3 60 20
      vertex -3 61 19
    endloop
  endfacet
  facet normal 0 0.7071067811865475 0.7071067811865475
    outer loop
      vertex 162 61 19
      vertex -3 61 19
      vertex -3 60 20
    endloop
  endfacet
  facet normal 0 0.7071067811865475 0.7071067811865475
    outer loop
      vertex 162.5 60.5 19.5
      vertex -3 60 20
      vertex 162 60 20
    endloop
  endfacet
  facet normal 0 0.7071067811865476 0.7071067811865476
    outer loop
      vertex 162.5 60.5 19.5
      vertex 162 61 19
      vertex -3 60 20
    endloop
  endfacet
  facet normal 0 1 0
    outer loop
      vertex -4 0 19
      vertex -4 0 21
      vertex -3 0 20
    endloop
  endfacet
  facet normal -0.7071067811865476 0 0.7071067811865476
    outer loop
      vertex -3 0 20
      vertex -3 9.138227853118073 20
      vertex -4 0 19
    endloop
  endfacet
  facet normal -0.7071067811865499 0 0.7071067811865451
    outer loop
      vertex -3.8056935450892495 9.361193285355824 19.194306454910752
      vertex -4 9.425383467588306 19
      vertex -4 0 19
    endloop
  endfacet
  facet normal -0.7071067811865469 -1.2419035777068612e-16 0.7071067811865481
    outer loop
      vertex -3.8056935450892495 9.361193285355824 19.194306454910752
      vertex -4 0 19
      vertex -3 9.138227853118073 20
    endloop
  endfacet
  facet normal -0.7071067811865467 0 0.7071067811865483
    outer loop
      vertex -3.8056935450892477 47.638806714644176 19.194306454910752
      vertex -4 57 19
      vertex -4 47.574616532411696 19
    endloop
  endfacet
  facet normal -0.7071067811865478 0 0.7071067811865474
    outer loop
      vertex -3.8056935450892477 47.638806714644176 19.194306454910752
      vertex -3 47.861772146881925 20
      vertex -3 57 20
    endloop
  endfacet
  facet normal -0.7071067811865466 0 0.7071067811865485
    outer loop
      vertex -3.8056935450892477 47.638806714644176 19.194306454910752
      vertex -4 60 19
      vertex -4 57 19
    endloop
  endfacet
  facet normal -0.7071067811865476 0 0.7071067811865474
    outer loop
      vertex -3.8056935450892477 47.638806714644176 19.194306454910752
      vertex -3 57 20
      vertex -3 60 20
    endloop
  endfacet
  facet normal -0.7071067811865475 -2.501043353373426e-17 0.7071067811865475
    outer loop
      vertex -3.8056935450892477 47.638806714644176 19.194306454910752
      vertex -3.5 60.5 19.5
      vertex -4 60 19
    endloop
  endfacet
  facet normal -0.7071067811865475 -2.384910691346319e-17 0.7071067811865475
    outer loop
      vertex -3.8056935450892477 47.638806714644176 19.194306454910752
      vertex -3 60 20
      vertex -3.5 60.5 19.5
    endloop
  endfacet
  facet normal 0 1 0
    outer loop
      vertex 163 0 21
      vertex 163 0 19
      vertex 162 0 20
    endloop
  endfacet
  facet normal 0.7071067811865476 0 0.7071067811865476
    outer loop
      vertex 162 0 20
      vertex 163 0 19
      vertex 162 9.138227853118073 20
    endloop
  endfacet
  facet normal 0.7071067811865347 0 0.7071067811865605
    outer loop
      vertex 162.80569354508924 9.361193285355824 19.194306454910752
      vertex 163 0 19
      vertex 163 9.425383467588306 19
    endloop
  endfacet
  facet normal 0.7071067811865506 6.62348574776996e-16 0.7071067811865446
    outer loop
      vertex 162.80569354508924 9.361193285355824 19.194306454910752
      vertex 162 9.138227853118073 20
      vertex 163 0 19
    endloop
  endfacet
  facet normal 0.7071067811865347 0 0.7071067811865606
    outer loop
      vertex 162.80569354508924 47.638806714644176 19.194306454910752
      vertex 163 47.574616532411696 19
      vertex 163 57 19
    endloop
  endfacet
  facet normal 0.7071067811865505 -5.022961135253402e-16 0.7071067811865445
    outer loop
      vertex 162.80569354508924 47.638806714644176 19.194306454910752
      vertex 163 60 19
      vertex 162 47.861772146881925 20
    endloop
  endfacet
  facet normal 0.7071067811865345 0 0.7071067811865607
    outer loop
      vertex 162.80569354508924 47.638806714644176 19.194306454910752
      vertex 163 57 19
      vertex 163 60 19
    endloop
  endfacet
  facet normal 0.7071067811865476 0 0.7071067811865476
    outer loop
      vertex 162 57 20
      vertex 162 47.861772146881925 20
      vertex 163 60 19
    endloop
  endfacet
  facet normal 0.7071067811865476 0 0.7071067811865476
    outer loop
      vertex 162 57 20
      vertex 163 60 19
      vertex 162 60 20
    endloop
  endfacet
  facet normal 0.7071067811865475 0 0.7071067811865475
    outer loop
      vertex 162.5 60.5 19.5
      vertex 162 60 20
      vertex 163 60 19
    endloop
  endfacet
  facet normal 0.7035445979201046 0 0.7106511090102078
    outer loop
      vertex -1 0 19.99
      vertex 0 0 19
      vertex -1 9.140995225819479 19.99
    endloop
  endfacet
  facet normal 1 0 0
    outer loop
      vertex -1 0 19.99
      vertex -1 9.140995225819479 19.99
      vertex -1 0 20
    endloop
  endfacet
  facet normal 1 0 0
    outer loop
      vertex -1 9.140995225819479 19.99
      vertex -1 9.138227853118073 20
      vertex -1 0 20
    endloop
  endfacet
  facet normal 0.7035445979201024 0 0.71065110901021
    outer loop
      vertex -0.19626914637449833 9.361193285355824 19.194306454910752
      vertex 0 0 19
      vertex 0 9.425383467588306 19
    endloop
  endfacet
  facet normal 0.7035445979201053 1.1208455612417871e-16 0.7106511090102074
    outer loop
      vertex -0.19626914637449833 9.361193285355824 19.194306454910752
      vertex -1 9.140995225819479 19.99
      vertex 0 0 19
    endloop
  endfacet
  facet normal 0 1 0
    outer loop
      vertex -1 0 19.99
      vertex 160 0 19.99
      vertex 0 0 19
    endloop
  endfacet
  facet normal 0 1 0
    outer loop
      vertex -1 0 19.99
      vertex -1 0 20
      vertex 160 0 19.99
    endloop
  endfacet
  facet normal 0.7035445979201045 0 0.710651109010208
    outer loop
      vertex -0.19626914637449722 47.638806714644176 19.194306454910752
      vertex 0 47.574616532411696 19
      vertex 0 57 19
    endloop
  endfacet
  facet normal 0.7035445979201046 -1.3033087921416119e-17 0.7106511090102078
    outer loop
      vertex -0.19626914637449722 47.638806714644176 19.194306454910752
      vertex 0 57 19
      vertex -1 47.85900477418052 19.99
    endloop
  endfacet
  facet normal 1 0 0
    outer loop
      vertex -1 47.85900477418052 19.99
      vertex -1 58 19.99
      vertex -1 47.861772146881925 20
    endloop
  endfacet
  facet normal 0.7035445979201047 0 0.7106511090102078
    outer loop
      vertex -1 47.85900477418052 19.99
      vertex 0 57 19
      vertex -1 58 19.99
    endloop
  endfacet
  facet normal 1 0 0
    outer loop
      vertex -1 58 19.99
      vertex -1 57 20
      vertex -1 47.861772146881925 20
    endloop
  endfacet
  facet normal 1 0 0
    outer loop
      vertex -1 58 19.99
      vertex -1 58 20
      vertex -1 57 20
    endloop
  endfacet
  facet normal 0 -0.7035445979201047 0.7106511090102079
    outer loop
      vertex -1 58 19.99
      vertex 0 57 19
      vertex 159 57 19
    endloop
  endfacet
  facet normal 0 -1 0
    outer loop
      vertex -1 58 19.99
      vertex 160 58 20
      vertex -1 58 20
    endloop
  endfacet
  facet normal 0 1 0
    outer loop
      vertex 93.80000000000001 0 20
      vertex 160 0 19.99
      vertex -1 0 20
    endloop
  endfacet
  facet normal 0 1 0
    outer loop
      vertex 160 0 19.99
      vertex 159 0 19
      vertex 0 0 19
    endloop
  endfacet
  facet normal 0 1 0
    outer loop
      vertex 160 0 19.99
      vertex 93.80000000000001 0 20
      vertex 160 0 20
    endloop
  endfacet
  facet normal -0.7035445979201046 0 0.7106511090102078
    outer loop
      vertex 160 0 19.99
      vertex 160 9.140995225819477 19.99
      vertex 159 0 19
    endloop
  endfacet
  facet normal -1 0 0
    outer loop
      vertex 160 0 19.99
      vertex 160 0 20
      vertex 160 9.138227853118073 20
    endloop
  endfacet
  facet normal -1 0 0
    outer loop
      vertex 160 0 19.99
      vertex 160 9.138227853118073 20
      vertex 160 9.140995225819477 19.99
    endloop
  endfacet
  facet normal -0.7035445979200913 0 0.7106511090102212
    outer loop
      vertex 159.1962691463745 9.361193285355824 19.194306454910752
      vertex 159 9.425383467588304 19
      vertex 159 0 19
    endloop
  endfacet
  facet normal -0.7035445979201078 6.933602774193405e-16 0.7106511090102047
    outer loop
      vertex 159.1962691463745 9.361193285355824 19.194306454910752
      vertex 159 0 19
      vertex 160 9.140995225819477 19.99
    endloop
  endfacet
  facet normal 0 -0.7035445979201047 0.7106511090102078
    outer loop
      vertex -1 58 19.99
      vertex 159 57 19
      vertex 160 58 19.99
    endloop
  endfacet
  facet normal 0 -1 0
    outer loop
      vertex -1 58 19.99
      vertex 160 58 19.99
      vertex 160 58 20
    endloop
  endfacet
  facet normal -0.7035445979201427 0 0.7106511090101701
    outer loop
      vertex 159.19626914637448 47.638806714644176 19.194306454910752
      vertex 159 57 19
      vertex 159 47.574616532411696 19
    endloop
  endfacet
  facet normal -0.7035445979200956 1.9497499530438263e-15 0.7106511090102167
    outer loop
      vertex 159.19626914637448 47.638806714644176 19.194306454910752
      vertex 160 47.85900477418052 19.99
      vertex 159 57 19
    endloop
  endfacet
  facet normal -1 0 0
    outer loop
      vertex 160 47.85900477418052 19.99
      vertex 160 47.861772146881925 20
      vertex 160 57 20
    endloop
  endfacet
  facet normal -0.7035445979201047 0 0.7106511090102078
    outer loop
      vertex 160 47.85900477418052 19.99
      vertex 160 58 19.99
      vertex 159 57 19
    endloop
  endfacet
  facet normal -1 0 0
    outer loop
      vertex 160 47.85900477418052 19.99
      vertex 160 57 20
      vertex 160 58 20
    endloop
  endfacet
  facet normal -1 0 0
    outer loop
      vertex 160 47.85900477418052 19.99
      vertex 160 58 20
      vertex 160 58 19.99
    endloop
  endfacet
  facet normal 0 0.7071067811865475 -0.7071067811865475
    outer loop
      vertex -3.5 60.5 -2.5
      vertex 162 60 -3
      vertex -3 60 -3
    endloop
  endfacet
  facet normal 9.458388305323945e-19 0.7071067811865478 -0.7071067811865474
    outer loop
      vertex -3.5 60.5 -2.5
      vertex -3 61 -1.9999999999999998
      vertex 162 60 -3
    endloop
  endfacet
  facet normal 0 0.7071067811865476 -0.7071067811865475
    outer loop
      vertex -3 61 -1.9999999999999998
      vertex 162 61 -1.9999999999999998
      vertex 162 60 -3
    endloop
  endfacet
  facet normal -1.570092458683775e-16 0.7071067811865477 -0.7071067811865475
    outer loop
      vertex 162.5 60.5 -2.5
      vertex 162 60 -3
      vertex 162 61 -1.9999999999999998
    endloop
  endfacet
  facet normal -0.7071067811865477 0 -0.7071067811865475
    outer loop
      vertex -3 -4 -3
      vertex -4 -4 -1.9999999999999998
      vertex -3 60 -3
    endloop
  endfacet
  facet normal -0.7071067811865477 0 -0.7071067811865475
    outer loop
      vertex -4 -4 -1.9999999999999998
      vertex -4 60 -1.9999999999999998
      vertex -3 60 -3
    endloop
  endfacet
  facet normal -0.7071067811865477 -1.570092458683775e-16 -0.7071067811865475
    outer loop
      vertex -3.5 60.5 -2.5
      vertex -3 60 -3
      vertex -4 60 -1.9999999999999998
    endloop
  endfacet
  facet normal 0.7071067811865477 0 -0.7071067811865475
    outer loop
      vertex 162 -4 -3
      vertex 162 60 -3
      vertex 163 -4 -1.9999999999999998
    endloop
  endfacet
  facet normal 0.7071067811865475 -2.4155268595135e-18 -0.7071067811865475
    outer loop
      vertex 162.5 60.5 -2.5
      vertex 163 -4 -1.9999999999999998
      vertex 162 60 -3
    endloop
  endfacet
  facet normal 0.7071067811865477 0 -0.7071067811865474
    outer loop
      vertex 162.5 60.5 -2.5
      vertex 163 60 -1.9999999999999998
      vertex 163 -4 -1.9999999999999998
    endloop
  endfacet
  facet normal 0 0.8175848131515847 0.5758081914178439
    outer loop
      vertex 0 11.870607753949095 13.888595339607956
      vertex 0 12.4358493703871 13.086013910151333
      vertex -4 12.4358493703871 13.086013910151333
    endloop
  endfacet
  facet normal 0 0.8175848131515847 0.5758081914178439
    outer loop
      vertex 0 11.870607753949095 13.888595339607956
      vertex -4 12.4358493703871 13.086013910151333
      vertex -4 11.870607753949095 13.888595339607956
    endloop
  endfacet
  facet normal 0 0.8448535652497072 0.5349976198870969
    outer loop
      vertex 0 11.34542779999456 14.717945116135564
      vertex -4 11.870607753949095 13.888595339607956
      vertex -4 11.34542779999456 14.717945116135564
    endloop
  endfacet
  facet normal 0 0.8700869911087104 0.4928981922297859
    outer loop
      vertex 0 10.861574713032898 15.572065263480047
      vertex 0 11.34542779999456 14.717945116135564
      vertex -4 11.34542779999456 14.717945116135564
    endloop
  endfacet
  facet normal 0 0.8448535652497072 0.5349976198870969
    outer loop
      vertex 0 11.34542779999456 14.717945116135564
      vertex 0 11.870607753949095 13.888595339607956
      vertex -4 11.870607753949095 13.888595339607956
    endloop
  endfacet
  facet normal 0 0.8700869911087104 0.4928981922297859
    outer loop
      vertex 0 10.861574713032898 15.572065263480047
      vertex -4 11.34542779999456 14.717945116135564
      vertex -4 10.861574713032898 15.572065263480047
    endloop
  endfacet
  facet normal 0 0.8932243011955159 0.44961132965460554
    outer loop
      vertex 0 10.420214137531133 16.44889813139436
      vertex -4 10.861574713032898 15.572065263480047
      vertex -4 10.420214137531133 16.44889813139436
    endloop
  endfacet
  facet normal 0 0.8932243011955159 0.44961132965460554
    outer loop
      vertex 0 10.420214137531133 16.44889813139436
      vertex 0 10.861574713032898 15.572065263480047
      vertex -4 10.861574713032898 15.572065263480047
    endloop
  endfacet
  facet normal 0 0.9142097557035306 0.4052413140049901
    outer loop
      vertex -4 10.420214137531133 16.44889813139436
      vertex 0 10.022409349774264 17.346331352698204
      vertex 0 10.420214137531133 16.44889813139436
    endloop
  endfacet
  facet normal 0 0.9142097557035306 0.4052413140049901
    outer loop
      vertex -4 10.420214137531133 16.44889813139436
      vertex -4 10.022409349774264 17.346331352698204
      vertex 0 10.022409349774264 17.346331352698204
    endloop
  endfacet
  facet normal 0 0.9329927988347391 0.35989503653498756
    outer loop
      vertex -4 10.022409349774264 17.346331352698204
      vertex -4 9.669118696339584 18.2622029321556
      vertex 0 9.669118696339584 18.2622029321556
    endloop
  endfacet
  facet normal 0 0.9329927988347391 0.35989503653498756
    outer loop
      vertex -4 10.022409349774264 17.346331352698204
      vertex 0 9.669118696339584 18.2622029321556
      vertex 0 10.022409349774264 17.346331352698204
    endloop
  endfacet
  facet normal 0 0.9495281805930375 0.31368174039888946
    outer loop
      vertex -4 9.669118696339584 18.2622029321556
      vertex 0 9.425383467588306 19
      vertex 0 9.669118696339584 18.2622029321556
    endloop
  endfacet
  facet normal 0 0.9637760657954009 0.26671275747503886
    outer loop
      vertex -1 9.140995225819479 19.99
      vertex -3 9.138227853118073 20
      vertex -1 9.138227853118073 20
    endloop
  endfacet
  facet normal 0 0.9495281805930375 0.31368174039888946
    outer loop
      vertex -4 9.425383467588306 19
      vertex 0 9.425383467588306 19
      vertex -4 9.669118696339584 18.2622029321556
    endloop
  endfacet
  facet normal 0 0.9495281805930362 0.3136817403988928
    outer loop
      vertex -3.8056935450892495 9.361193285355824 19.194306454910752
      vertex 0 9.425383467588306 19
      vertex -4 9.425383467588306 19
    endloop
  endfacet
  facet normal 0 0.9637760657954397 0.2667127574748987
    outer loop
      vertex -3.8056935450892495 9.361193285355824 19.194306454910752
      vertex -3 9.138227853118073 20
      vertex -0.19626914637449833 9.361193285355824 19.194306454910752
    endloop
  endfacet
  facet normal -7.602597923333239e-16 0.9637760657954404 0.26671275747489614
    outer loop
      vertex -0.19626914637449833 9.361193285355824 19.194306454910752
      vertex -3 9.138227853118073 20
      vertex -1 9.140995225819479 19.99
    endloop
  endfacet
  facet normal 0 0.9495281805930362 0.3136817403988928
    outer loop
      vertex -3.8056935450892495 9.361193285355824 19.194306454910752
      vertex -0.19626914637449833 9.361193285355824 19.194306454910752
      vertex 0 9.425383467588306 19
    endloop
  endfacet
  facet normal 0 0.6152315905806276 0.7883464276266058
    outer loop
      vertex 0 15.81213431672709 9.53979093274526
      vertex -4 16.586013910151333 8.9358493703871
      vertex -4 15.81213431672709 9.53979093274526
    endloop
  endfacet
  facet normal 0 0.6531728429537764 0.7572088465064849
    outer loop
      vertex 0 15.068820903059631 10.180977492900817
      vertex -4 15.81213431672709 9.53979093274526
      vertex -4 15.068820903059631 10.180977492900817
    endloop
  endfacet
  facet normal 0 0.6531728429537764 0.7572088465064849
    outer loop
      vertex 0 15.81213431672709 9.53979093274526
      vertex -4 15.81213431672709 9.53979093274526
      vertex 0 15.068820903059631 10.180977492900817
    endloop
  endfacet
  facet normal 0 0.4052413140049901 0.9142097557035306
    outer loop
      vertex 0 19.94889813139436 6.920214137531133
      vertex -4 20.846331352698204 6.522409349774264
      vertex -4 19.94889813139436 6.920214137531133
    endloop
  endfacet
  facet normal 0 0.5349976198870969 0.8448535652497072
    outer loop
      vertex 0 17.388595339607956 8.370607753949095
      vertex -4 18.217945116135564 7.84542779999456
      vertex -4 17.388595339607956 8.370607753949095
    endloop
  endfacet
  facet normal 0 0.5758081914178439 0.8175848131515847
    outer loop
      vertex 0 17.388595339607956 8.370607753949095
      vertex -4 17.388595339607956 8.370607753949095
      vertex 0 16.586013910151333 8.9358493703871
    endloop
  endfacet
  facet normal 0 0.5349976198870969 0.8448535652497072
    outer loop
      vertex 0 18.217945116135564 7.84542779999456
      vertex -4 18.217945116135564 7.84542779999456
      vertex 0 17.388595339607956 8.370607753949095
    endloop
  endfacet
  facet normal 0 0.5758081914178439 0.8175848131515847
    outer loop
      vertex 0 16.586013910151333 8.9358493703871
      vertex -4 17.388595339607956 8.370607753949095
      vertex -4 16.586013910151333 8.9358493703871
    endloop
  endfacet
  facet normal 0 0.6152315905806276 0.7883464276266058
    outer loop
      vertex 0 16.586013910151333 8.9358493703871
      vertex -4 16.586013910151333 8.9358493703871
      vertex 0 15.81213431672709 9.53979093274526
    endloop
  endfacet
  facet normal 0 0.49289819222978515 0.8700869911087108
    outer loop
      vertex 0 18.217945116135564 7.84542779999456
      vertex -4 19.07206526348005 7.361574713032898
      vertex -4 18.217945116135564 7.84542779999456
    endloop
  endfacet
  facet normal 0 0.44961132965460626 0.8932243011955154
    outer loop
      vertex 0 19.07206526348005 7.361574713032898
      vertex -4 19.94889813139436 6.920214137531133
      vertex -4 19.07206526348005 7.361574713032898
    endloop
  endfacet
  facet normal 0 0.49289819222978515 0.8700869911087108
    outer loop
      vertex 0 19.07206526348005 7.361574713032898
      vertex -4 19.07206526348005 7.361574713032898
      vertex 0 18.217945116135564 7.84542779999456
    endloop
  endfacet
  facet normal 0 0.44961132965460626 0.8932243011955154
    outer loop
      vertex -4 19.94889813139436 6.920214137531133
      vertex 0 19.07206526348005 7.361574713032898
      vertex 0 19.94889813139436 6.920214137531133
    endloop
  endfacet
  facet normal 0 0.35989503653498756 0.9329927988347391
    outer loop
      vertex 0 20.846331352698204 6.522409349774264
      vertex -4 21.7622029321556 6.169118696339584
      vertex -4 20.846331352698204 6.522409349774264
    endloop
  endfacet
  facet normal 0 0.31368174039889013 0.9495281805930371
    outer loop
      vertex 0 21.7622029321556 6.169118696339584
      vertex -4 22.694306454910752 5.861193285355824
      vertex -4 21.7622029321556 6.169118696339584
    endloop
  endfacet
  facet normal 0 0.4052413140049901 0.9142097557035306
    outer loop
      vertex 0 20.846331352698204 6.522409349774264
      vertex -4 20.846331352698204 6.522409349774264
      vertex 0 19.94889813139436 6.920214137531133
    endloop
  endfacet
  facet normal 0 0.31368174039889013 0.9495281805930371
    outer loop
      vertex 0 22.694306454910752 5.861193285355824
      vertex -4 22.694306454910752 5.861193285355824
      vertex 0 21.7622029321556 6.169118696339584
    endloop
  endfacet
  facet normal 0 0.35989503653498756 0.9329927988347391
    outer loop
      vertex 0 21.7622029321556 6.169118696339584
      vertex -4 21.7622029321556 6.169118696339584
      vertex 0 20.846331352698204 6.522409349774264
    endloop
  endfacet
  facet normal 0 0.26671275747489803 0.96377606579544
    outer loop
      vertex 0 22.694306454910752 5.861193285355824
      vertex -4 23.640396401934723 5.599374936109122
      vertex -4 22.694306454910752 5.861193285355824
    endloop
  endfacet
  facet normal 0 0.2191012401568715 0.9757021300385282
    outer loop
      vertex 0 23.640396401934723 5.599374936109122
      vertex -4 24.598193559677433 5.384294391935391
      vertex -4 23.640396401934723 5.599374936109122
    endloop
  endfacet
  facet normal 0 0.26671275747489803 0.96377606579544
    outer loop
      vertex 0 23.640396401934723 5.599374936109122
      vertex -4 23.640396401934723 5.599374936109122
      vertex 0 22.694306454910752 5.861193285355824
    endloop
  endfacet
  facet normal 0 0.2191012401568715 0.9757021300385282
    outer loop
      vertex 0 24.598193559677433 5.384294391935391
      vertex -4 24.598193559677433 5.384294391935391
      vertex 0 23.640396401934723 5.599374936109122
    endloop
  endfacet
  facet normal 0 0.12241067519921832 0.9924795345987099
    outer loop
      vertex 0 25.565390510892765 5.216469800704381
      vertex -4 26.53965719340879 5.0963054665560605
      vertex -4 25.565390510892765 5.216469800704381
    endloop
  endfacet
  facet normal 0 0.17096188876030083 0.9852776423889413
    outer loop
      vertex 0 25.565390510892765 5.216469800704381
      vertex -4 25.565390510892765 5.216469800704381
      vertex 0 24.598193559677433 5.384294391935391
    endloop
  endfacet
  facet normal 0 0.12241067519921832 0.9924795345987099
    outer loop
      vertex 0 26.53965719340879 5.0963054665560605
      vertex -4 26.53965719340879 5.0963054665560605
      vertex 0 25.565390510892765 5.216469800704381
    endloop
  endfacet
  facet normal 0 0.17096188876030083 0.9852776423889413
    outer loop
      vertex 0 24.598193559677433 5.384294391935391
      vertex -4 25.565390510892765 5.216469800704381
      vertex -4 24.598193559677433 5.384294391935391
    endloop
  endfacet
  facet normal 0 0.07356456359966698 0.9972904566786903
    outer loop
      vertex 0 26.53965719340879 5.0963054665560605
      vertex -4 27.51864651345164 5.024090875896551
      vertex -4 26.53965719340879 5.0963054665560605
    endloop
  endfacet
  facet normal 0 0.024541228522911112 0.9996988186962041
    outer loop
      vertex 0 27.51864651345164 5.024090875896551
      vertex -4 28.5 5
      vertex -4 27.51864651345164 5.024090875896551
    endloop
  endfacet
  facet normal 0 0.07356456359966698 0.9972904566786903
    outer loop
      vertex 0 27.51864651345164 5.024090875896551
      vertex -4 27.51864651345164 5.024090875896551
      vertex 0 26.53965719340879 5.0963054665560605
    endloop
  endfacet
  facet normal 0 0.024541228522911112 0.9996988186962041
    outer loop
      vertex 0 28.5 5
      vertex -4 28.5 5
      vertex 0 27.51864651345164 5.024090875896551
    endloop
  endfacet
  facet normal 0 0.7242470829514667 0.6895405447370672
    outer loop
      vertex 0 13.680977492900817 11.568820903059631
      vertex -4 14.357864376269049 10.857864376269049
      vertex -4 13.680977492900817 11.568820903059631
    endloop
  endfacet
  facet normal 0 0.7572088465064849 0.6531728429537764
    outer loop
      vertex 0 13.03979093274526 12.31213431672709
      vertex 0 13.680977492900817 11.568820903059631
      vertex -4 13.680977492900817 11.568820903059631
    endloop
  endfacet
  facet normal 0 0.7242470829514667 0.6895405447370672
    outer loop
      vertex 0 13.680977492900817 11.568820903059631
      vertex 0 14.357864376269049 10.857864376269049
      vertex -4 14.357864376269049 10.857864376269049
    endloop
  endfacet
  facet normal 0 0.7572088465064849 0.6531728429537764
    outer loop
      vertex 0 13.03979093274526 12.31213431672709
      vertex -4 13.680977492900817 11.568820903059631
      vertex -4 13.03979093274526 12.31213431672709
    endloop
  endfacet
  facet normal 0 0.7883464276266058 0.6152315905806276
    outer loop
      vertex 0 12.4358493703871 13.086013910151333
      vertex -4 13.03979093274526 12.31213431672709
      vertex -4 12.4358493703871 13.086013910151333
    endloop
  endfacet
  facet normal 0 0.7883464276266058 0.6152315905806276
    outer loop
      vertex 0 12.4358493703871 13.086013910151333
      vertex 0 13.03979093274526 12.31213431672709
      vertex -4 13.03979093274526 12.31213431672709
    endloop
  endfacet
  facet normal 0 0.6895405447370672 0.7242470829514667
    outer loop
      vertex 0 14.357864376269049 10.857864376269049
      vertex -4 15.068820903059631 10.180977492900817
      vertex -4 14.357864376269049 10.857864376269049
    endloop
  endfacet
  facet normal 0 0.6895405447370672 0.7242470829514667
    outer loop
      vertex 0 15.068820903059631 10.180977492900817
      vertex -4 15.068820903059631 10.180977492900817
      vertex 0 14.357864376269049 10.857864376269049
    endloop
  endfacet
  facet normal 0 -0.024541228522911112 0.9996988186962041
    outer loop
      vertex 0 28.5 5
      vertex -4 29.48135348654836 5.024090875896551
      vertex -4 28.5 5
    endloop
  endfacet
  facet normal 0 -0.07356456359966698 0.9972904566786903
    outer loop
      vertex 0 29.48135348654836 5.024090875896551
      vertex -4 30.46034280659121 5.0963054665560605
      vertex -4 29.48135348654836 5.024090875896551
    endloop
  endfacet
  facet normal 0 -0.024541228522911112 0.9996988186962041
    outer loop
      vertex 0 29.48135348654836 5.024090875896551
      vertex -4 29.48135348654836 5.024090875896551
      vertex 0 28.5 5
    endloop
  endfacet
  facet normal 0 -0.07356456359966698 0.9972904566786903
    outer loop
      vertex 0 30.46034280659121 5.0963054665560605
      vertex -4 30.46034280659121 5.0963054665560605
      vertex 0 29.48135348654836 5.024090875896551
    endloop
  endfacet
  facet normal 0 -0.12241067519921832 0.9924795345987099
    outer loop
      vertex 0 30.46034280659121 5.0963054665560605
      vertex -4 31.434609489107235 5.216469800704381
      vertex -4 30.46034280659121 5.0963054665560605
    endloop
  endfacet
  facet normal 0 -0.17096188876030083 0.9852776423889413
    outer loop
      vertex 0 31.434609489107235 5.216469800704381
      vertex -4 32.40180644032257 5.384294391935391
      vertex -4 31.434609489107235 5.216469800704381
    endloop
  endfacet
  facet normal 0 -0.12241067519921832 0.9924795345987099
    outer loop
      vertex 0 31.434609489107235 5.216469800704381
      vertex -4 31.434609489107235 5.216469800704381
      vertex 0 30.46034280659121 5.0963054665560605
    endloop
  endfacet
  facet normal 0 -0.17096188876030083 0.9852776423889413
    outer loop
      vertex 0 32.40180644032257 5.384294391935391
      vertex -4 32.40180644032257 5.384294391935391
      vertex 0 31.434609489107235 5.216469800704381
    endloop
  endfacet
  facet normal 0 -0.2191012401568715 0.9757021300385282
    outer loop
      vertex 0 32.40180644032257 5.384294391935391
      vertex -4 33.35960359806528 5.599374936109122
      vertex -4 32.40180644032257 5.384294391935391
    endloop
  endfacet
  facet normal 0 -0.26671275747489803 0.96377606579544
    outer loop
      vertex 0 33.35960359806528 5.599374936109122
      vertex -4 34.30569354508925 5.861193285355824
      vertex -4 33.35960359806528 5.599374936109122
    endloop
  endfacet
  facet normal 0 -0.2191012401568715 0.9757021300385282
    outer loop
      vertex 0 33.35960359806528 5.599374936109122
      vertex -4 33.35960359806528 5.599374936109122
      vertex 0 32.40180644032257 5.384294391935391
    endloop
  endfacet
  facet normal 0 -0.26671275747489803 0.96377606579544
    outer loop
      vertex 0 34.30569354508925 5.861193285355824
      vertex -4 34.30569354508925 5.861193285355824
      vertex 0 33.35960359806528 5.599374936109122
    endloop
  endfacet
  facet normal 0 -0.3136817403988912 0.9495281805930368
    outer loop
      vertex 0 34.30569354508925 5.861193285355824
      vertex -4 35.2377970678444 6.169118696339584
      vertex -4 34.30569354508925 5.861193285355824
    endloop
  endfacet
  facet normal 0 -0.3598950365349851 0.9329927988347401
    outer loop
      vertex 0 35.2377970678444 6.169118696339584
      vertex -4 36.1536686473018 6.522409349774264
      vertex -4 35.2377970678444 6.169118696339584
    endloop
  endfacet
  facet normal 0 -0.4052413140049914 0.91420975570353
    outer loop
      vertex 0 36.1536686473018 6.522409349774264
      vertex -4 37.05110186860564 6.920214137531133
      vertex -4 36.1536686473018 6.522409349774264
    endloop
  endfacet
  facet normal 0 -0.3136817403988912 0.9495281805930368
    outer loop
      vertex 0 35.2377970678444 6.169118696339584
      vertex -4 35.2377970678444 6.169118696339584
      vertex 0 34.30569354508925 5.861193285355824
    endloop
  endfacet
  facet normal 0 -0.3598950365349851 0.9329927988347401
    outer loop
      vertex 0 36.1536686473018 6.522409349774264
      vertex -4 36.1536686473018 6.522409349774264
      vertex 0 35.2377970678444 6.169118696339584
    endloop
  endfacet
  facet normal 0 -0.4052413140049914 0.91420975570353
    outer loop
      vertex 0 37.05110186860564 6.920214137531133
      vertex -4 37.05110186860564 6.920214137531133
      vertex 0 36.1536686473018 6.522409349774264
    endloop
  endfacet
  facet normal 0 -0.44961132965460626 0.8932243011955154
    outer loop
      vertex 0 37.05110186860564 6.920214137531133
      vertex -4 37.92793473651995 7.361574713032898
      vertex -4 37.05110186860564 6.920214137531133
    endloop
  endfacet
  facet normal 0 -0.4928981922297867 0.8700869911087099
    outer loop
      vertex -4 37.92793473651995 7.361574713032898
      vertex 0 37.92793473651995 7.361574713032898
      vertex -4 38.78205488386443 7.84542779999456
    endloop
  endfacet
  facet normal 0 -0.44961132965460626 0.8932243011955154
    outer loop
      vertex 0 37.05110186860564 6.920214137531133
      vertex 0 37.92793473651995 7.361574713032898
      vertex -4 37.92793473651995 7.361574713032898
    endloop
  endfacet
  facet normal 0 -0.4928981922297867 0.8700869911087099
    outer loop
      vertex -4 38.78205488386443 7.84542779999456
      vertex 0 37.92793473651995 7.361574713032898
      vertex 0 38.78205488386443 7.84542779999456
    endloop
  endfacet
  facet normal 0 -0.5349976198870969 0.8448535652497072
    outer loop
      vertex -4 38.78205488386443 7.84542779999456
      vertex 0 38.78205488386443 7.84542779999456
      vertex -4 39.61140466039204 8.370607753949095
    endloop
  endfacet
  facet normal 0 -0.5758081914178439 0.8175848131515847
    outer loop
      vertex -4 39.61140466039204 8.370607753949095
      vertex 0 39.61140466039204 8.370607753949095
      vertex -4 40.41398608984866 8.9358493703871
    endloop
  endfacet
  facet normal 0 -0.5349976198870969 0.8448535652497072
    outer loop
      vertex -4 39.61140466039204 8.370607753949095
      vertex 0 38.78205488386443 7.84542779999456
      vertex 0 39.61140466039204 8.370607753949095
    endloop
  endfacet
  facet normal 0 -0.6152315905806258 0.788346427626607
    outer loop
      vertex -4 40.41398608984866 8.9358493703871
      vertex 0 40.41398608984866 8.9358493703871
      vertex -4 41.18786568327291 9.53979093274526
    endloop
  endfacet
  facet normal 0 -0.5758081914178439 0.8175848131515847
    outer loop
      vertex -4 40.41398608984866 8.9358493703871
      vertex 0 39.61140466039204 8.370607753949095
      vertex 0 40.41398608984866 8.9358493703871
    endloop
  endfacet
  facet normal 0 -0.6531728429537764 0.7572088465064849
    outer loop
      vertex -4 41.18786568327291 9.53979093274526
      vertex 0 41.18786568327291 9.53979093274526
      vertex -4 41.93117909694037 10.180977492900817
    endloop
  endfacet
  facet normal 0 -0.6152315905806258 0.788346427626607
    outer loop
      vertex -4 41.18786568327291 9.53979093274526
      vertex 0 40.41398608984866 8.9358493703871
      vertex 0 41.18786568327291 9.53979093274526
    endloop
  endfacet
  facet normal 0 -0.6531728429537764 0.7572088465064849
    outer loop
      vertex -4 41.93117909694037 10.180977492900817
      vertex 0 41.18786568327291 9.53979093274526
      vertex 0 41.93117909694037 10.180977492900817
    endloop
  endfacet
  facet normal 0 -0.6895405447370672 0.7242470829514667
    outer loop
      vertex -4 41.93117909694037 10.180977492900817
      vertex 0 41.93117909694037 10.180977492900817
      vertex -4 42.64213562373095 10.857864376269049
    endloop
  endfacet
  facet normal 0 -0.6895405447370672 0.7242470829514667
    outer loop
      vertex -4 42.64213562373095 10.857864376269049
      vertex 0 41.93117909694037 10.180977492900817
      vertex 0 42.64213562373095 10.857864376269049
    endloop
  endfacet
  facet normal 0 -0.7242470829514658 0.6895405447370682
    outer loop
      vertex -4 42.64213562373095 10.857864376269049
      vertex 0 42.64213562373095 10.857864376269049
      vertex -4 43.319022507099184 11.568820903059631
    endloop
  endfacet
  facet normal 0 -0.7572088465064866 0.6531728429537743
    outer loop
      vertex -4 43.96020906725474 12.31213431672709
      vertex -4 43.319022507099184 11.568820903059631
      vertex 0 43.319022507099184 11.568820903059631
    endloop
  endfacet
  facet normal 0 -0.7242470829514658 0.6895405447370682
    outer loop
      vertex -4 43.319022507099184 11.568820903059631
      vertex 0 42.64213562373095 10.857864376269049
      vertex 0 43.319022507099184 11.568820903059631
    endloop
  endfacet
  facet normal 0 -0.7883464276266067 0.6152315905806265
    outer loop
      vertex -4 44.5641506296129 13.086013910151333
      vertex -4 43.96020906725474 12.31213431672709
      vertex 0 43.96020906725474 12.31213431672709
    endloop
  endfacet
  facet normal 0 -0.7572088465064866 0.6531728429537743
    outer loop
      vertex -4 43.96020906725474 12.31213431672709
      vertex 0 43.319022507099184 11.568820903059631
      vertex 0 43.96020906725474 12.31213431672709
    endloop
  endfacet
  facet normal 0 -0.7883464276266067 0.6152315905806265
    outer loop
      vertex -4 44.5641506296129 13.086013910151333
      vertex 0 43.96020906725474 12.31213431672709
      vertex 0 44.5641506296129 13.086013910151333
    endloop
  endfacet
  facet normal 0 -0.817584813151583 0.5758081914178463
    outer loop
      vertex -4 45.129392246050905 13.888595339607956
      vertex -4 44.5641506296129 13.086013910151333
      vertex 0 44.5641506296129 13.086013910151333
    endloop
  endfacet
  facet normal 0 -0.8448535652497072 0.5349976198870969
    outer loop
      vertex -4 45.65457220000544 14.717945116135564
      vertex -4 45.129392246050905 13.888595339607956
      vertex 0 45.129392246050905 13.888595339607956
    endloop
  endfacet
  facet normal 0 -0.8700869911087088 0.49289819222978865
    outer loop
      vertex -4 46.138425286967106 15.572065263480047
      vertex -4 45.65457220000544 14.717945116135564
      vertex 0 45.65457220000544 14.717945116135564
    endloop
  endfacet
  facet normal 0 -0.817584813151583 0.5758081914178463
    outer loop
      vertex -4 45.129392246050905 13.888595339607956
      vertex 0 44.5641506296129 13.086013910151333
      vertex 0 45.129392246050905 13.888595339607956
    endloop
  endfacet
  facet normal 0 -0.8448535652497072 0.5349976198870969
    outer loop
      vertex -4 45.65457220000544 14.717945116135564
      vertex 0 45.129392246050905 13.888595339607956
      vertex 0 45.65457220000544 14.717945116135564
    endloop
  endfacet
  facet normal 0 -0.8932243011955173 0.44961132965460265
    outer loop
      vertex -4 46.57978586246887 16.44889813139436
      vertex -4 46.138425286967106 15.572065263480047
      vertex 0 46.138425286967106 15.572065263480047
    endloop
  endfacet
  facet normal 0 -0.9142097557035306 0.4052413140049901
    outer loop
      vertex -4 46.977590650225736 17.346331352698204
      vertex -4 46.57978586246887 16.44889813139436
      vertex 0 46.57978586246887 16.44889813139436
    endloop
  endfacet
  facet normal 0 -0.8700869911087088 0.49289819222978865
    outer loop
      vertex -4 46.138425286967106 15.572065263480047
      vertex 0 45.65457220000544 14.717945116135564
      vertex 0 46.138425286967106 15.572065263480047
    endloop
  endfacet
  facet normal 0 -0.8932243011955173 0.44961132965460265
    outer loop
      vertex -4 46.57978586246887 16.44889813139436
      vertex 0 46.138425286967106 15.572065263480047
      vertex 0 46.57978586246887 16.44889813139436
    endloop
  endfacet
  facet normal 0 -0.9329927988347378 0.3598950365349907
    outer loop
      vertex -4 47.33088130366042 18.2622029321556
      vertex -4 46.977590650225736 17.346331352698204
      vertex 0 46.977590650225736 17.346331352698204
    endloop
  endfacet
  facet normal 0 -0.9495281805930381 0.3136817403988874
    outer loop
      vertex -4 47.574616532411696 19
      vertex -4 47.33088130366042 18.2622029321556
      vertex 0 47.33088130366042 18.2622029321556
    endloop
  endfacet
  facet normal 0 -0.9142097557035306 0.4052413140049901
    outer loop
      vertex -4 46.977590650225736 17.346331352698204
      vertex 0 46.57978586246887 16.44889813139436
      vertex 0 46.977590650225736 17.346331352698204
    endloop
  endfacet
  facet normal 0 -0.9329927988347378 0.3598950365349907
    outer loop
      vertex -4 47.33088130366042 18.2622029321556
      vertex 0 46.977590650225736 17.346331352698204
      vertex 0 47.33088130366042 18.2622029321556
    endloop
  endfacet
  facet normal 0 -0.9495281805930388 0.3136817403988849
    outer loop
      vertex -3.8056935450892477 47.638806714644176 19.194306454910752
      vertex -4 47.574616532411696 19
      vertex -0.19626914637449722 47.638806714644176 19.194306454910752
    endloop
  endfacet
  facet normal 0 -0.9495281805930388 0.31368174039888497
    outer loop
      vertex -0.19626914637449722 47.638806714644176 19.194306454910752
      vertex -4 47.574616532411696 19
      vertex 0 47.574616532411696 19
    endloop
  endfacet
  facet normal -7.598331996530896e-16 -0.9637760657954401 0.2667127574748974
    outer loop
      vertex -3.8056935450892477 47.638806714644176 19.194306454910752
      vertex -1 47.85900477418052 19.99
      vertex -3 47.861772146881925 20
    endloop
  endfacet
  facet normal 0 -0.9637760657954407 0.2667127574748949
    outer loop
      vertex -3.8056935450892477 47.638806714644176 19.194306454910752
      vertex -0.19626914637449722 47.638806714644176 19.194306454910752
      vertex -1 47.85900477418052 19.99
    endloop
  endfacet
  facet normal 0 -0.9637760657954009 0.26671275747503886
    outer loop
      vertex -1 47.85900477418052 19.99
      vertex -1 47.861772146881925 20
      vertex -3 47.861772146881925 20
    endloop
  endfacet
  facet normal 0 -0.9495281805930381 0.3136817403988874
    outer loop
      vertex -4 47.574616532411696 19
      vertex 0 47.33088130366042 18.2622029321556
      vertex 0 47.574616532411696 19
    endloop
  endfacet
  facet normal 0 0.8175848131515847 0.5758081914178439
    outer loop
      vertex 163 11.870607753949095 13.888595339607956
      vertex 163 12.4358493703871 13.086013910151333
      vertex 159 12.4358493703871 13.086013910151333
    endloop
  endfacet
  facet normal 0 0.8175848131515847 0.5758081914178439
    outer loop
      vertex 163 11.870607753949095 13.888595339607956
      vertex 159 12.4358493703871 13.086013910151333
      vertex 159 11.870607753949095 13.888595339607956
    endloop
  endfacet
  facet normal 0 0.8448535652497072 0.5349976198870969
    outer loop
      vertex 163 11.34542779999456 14.717945116135564
      vertex 159 11.870607753949095 13.888595339607956
      vertex 159 11.34542779999456 14.717945116135564
    endloop
  endfacet
  facet normal 0 0.8700869911087104 0.4928981922297859
    outer loop
      vertex 163 10.861574713032898 15.572065263480047
      vertex 163 11.34542779999456 14.717945116135564
      vertex 159 11.34542779999456 14.717945116135564
    endloop
  endfacet
  facet normal 0 0.8448535652497072 0.5349976198870969
    outer loop
      vertex 163 11.34542779999456 14.717945116135564
      vertex 163 11.870607753949095 13.888595339607956
      vertex 159 11.870607753949095 13.888595339607956
    endloop
  endfacet
  facet normal 0 0.8700869911087104 0.4928981922297859
    outer loop
      vertex 163 10.861574713032898 15.572065263480047
      vertex 159 11.34542779999456 14.717945116135564
      vertex 159 10.861574713032898 15.572065263480047
    endloop
  endfacet
  facet normal 0 0.8932243011955159 0.44961132965460554
    outer loop
      vertex 159 10.861574713032898 15.572065263480047
      vertex 159 10.420214137531133 16.44889813139436
      vertex 163 10.420214137531133 16.44889813139436
    endloop
  endfacet
  facet normal 0 0.8932243011955159 0.44961132965460554
    outer loop
      vertex 163 10.420214137531133 16.44889813139436
      vertex 163 10.861574713032898 15.572065263480047
      vertex 159 10.861574713032898 15.572065263480047
    endloop
  endfacet
  facet normal 0 0.9142097557035306 0.4052413140049901
    outer loop
      vertex 159 10.420214137531133 16.44889813139436
      vertex 163 10.022409349774264 17.346331352698204
      vertex 163 10.420214137531133 16.44889813139436
    endloop
  endfacet
  facet normal 0 0.9142097557035306 0.4052413140049901
    outer loop
      vertex 159 10.420214137531133 16.44889813139436
      vertex 159 10.022409349774264 17.346331352698204
      vertex 163 10.022409349774264 17.346331352698204
    endloop
  endfacet
  facet normal 0 0.9329927988347391 0.35989503653498756
    outer loop
      vertex 159 10.022409349774264 17.346331352698204
      vertex 159 9.669118696339584 18.2622029321556
      vertex 163 9.669118696339584 18.2622029321556
    endloop
  endfacet
  facet normal 0 0.9329927988347391 0.35989503653498756
    outer loop
      vertex 159 10.022409349774264 17.346331352698204
      vertex 163 9.669118696339584 18.2622029321556
      vertex 163 10.022409349774264 17.346331352698204
    endloop
  endfacet
  facet normal 0 0.9495281805930375 0.31368174039888946
    outer loop
      vertex 159 9.669118696339584 18.2622029321556
      vertex 163 9.425383467588306 19
      vertex 163 9.669118696339584 18.2622029321556
    endloop
  endfacet
  facet normal -4.2864959535749253e-16 0.9495281805930366 0.31368174039889146
    outer loop
      vertex 159 9.669118696339584 18.2622029321556
      vertex 159 9.425383467588304 19
      vertex 163 9.425383467588306 19
    endloop
  endfacet
  facet normal 0 0.9637760657954451 0.2667127574748799
    outer loop
      vertex 160 9.140995225819477 19.99
      vertex 160 9.138227853118073 20
      vertex 162 9.138227853118073 20
    endloop
  endfacet
  facet normal -4.2173920125278317e-16 0.9495281805930387 0.3136817403988853
    outer loop
      vertex 159.1962691463745 9.361193285355824 19.194306454910752
      vertex 163 9.425383467588306 19
      vertex 159 9.425383467588304 19
    endloop
  endfacet
  facet normal 0 0.9495281805930361 0.31368174039889274
    outer loop
      vertex 159.1962691463745 9.361193285355824 19.194306454910752
      vertex 162.80569354508924 9.361193285355824 19.194306454910752
      vertex 163 9.425383467588306 19
    endloop
  endfacet
  facet normal 0 0.9637760657954397 0.2667127574748989
    outer loop
      vertex 159.1962691463745 9.361193285355824 19.194306454910752
      vertex 160 9.140995225819477 19.99
      vertex 162.80569354508924 9.361193285355824 19.194306454910752
    endloop
  endfacet
  facet normal -1.0091534682892593e-16 0.9637760657954398 0.2667127574748986
    outer loop
      vertex 160 9.140995225819477 19.99
      vertex 162 9.138227853118073 20
      vertex 162.80569354508924 9.361193285355824 19.194306454910752
    endloop
  endfacet
  facet normal 0 0.6152315905806276 0.7883464276266058
    outer loop
      vertex 163 15.81213431672709 9.53979093274526
      vertex 159 16.586013910151333 8.9358493703871
      vertex 159 15.81213431672709 9.53979093274526
    endloop
  endfacet
  facet normal 0 0.6531728429537764 0.7572088465064849
    outer loop
      vertex 163 15.068820903059631 10.180977492900817
      vertex 159 15.81213431672709 9.53979093274526
      vertex 159 15.068820903059631 10.180977492900817
    endloop
  endfacet
  facet normal 0 0.6531728429537764 0.7572088465064849
    outer loop
      vertex 163 15.81213431672709 9.53979093274526
      vertex 159 15.81213431672709 9.53979093274526
      vertex 163 15.068820903059631 10.180977492900817
    endloop
  endfacet
  facet normal 0 0.4052413140049901 0.9142097557035306
    outer loop
      vertex 163 19.94889813139436 6.920214137531133
      vertex 159 20.846331352698204 6.522409349774264
      vertex 159 19.94889813139436 6.920214137531133
    endloop
  endfacet
  facet normal 0 0.5349976198870969 0.8448535652497072
    outer loop
      vertex 163 17.388595339607956 8.370607753949095
      vertex 159 18.217945116135564 7.84542779999456
      vertex 159 17.388595339607956 8.370607753949095
    endloop
  endfacet
  facet normal 0 0.5758081914178439 0.8175848131515847
    outer loop
      vertex 163 17.388595339607956 8.370607753949095
      vertex 159 17.388595339607956 8.370607753949095
      vertex 163 16.586013910151333 8.9358493703871
    endloop
  endfacet
  facet normal 0 0.5349976198870969 0.8448535652497072
    outer loop
      vertex 163 18.217945116135564 7.84542779999456
      vertex 159 18.217945116135564 7.84542779999456
      vertex 163 17.388595339607956 8.370607753949095
    endloop
  endfacet
  facet normal 0 0.5758081914178439 0.8175848131515847
    outer loop
      vertex 163 16.586013910151333 8.9358493703871
      vertex 159 17.388595339607956 8.370607753949095
      vertex 159 16.586013910151333 8.9358493703871
    endloop
  endfacet
  facet normal 0 0.6152315905806276 0.7883464276266058
    outer loop
      vertex 163 16.586013910151333 8.9358493703871
      vertex 159 16.586013910151333 8.9358493703871
      vertex 163 15.81213431672709 9.53979093274526
    endloop
  endfacet
  facet normal 0 0.49289819222978515 0.8700869911087108
    outer loop
      vertex 163 18.217945116135564 7.84542779999456
      vertex 159 19.07206526348005 7.361574713032898
      vertex 159 18.217945116135564 7.84542779999456
    endloop
  endfacet
  facet normal 0 0.44961132965460626 0.8932243011955154
    outer loop
      vertex 159 19.94889813139436 6.920214137531133
      vertex 159 19.07206526348005 7.361574713032898
      vertex 163 19.07206526348005 7.361574713032898
    endloop
  endfacet
  facet normal 0 0.49289819222978515 0.8700869911087108
    outer loop
      vertex 163 19.07206526348005 7.361574713032898
      vertex 159 19.07206526348005 7.361574713032898
      vertex 163 18.217945116135564 7.84542779999456
    endloop
  endfacet
  facet normal 0 0.44961132965460626 0.8932243011955154
    outer loop
      vertex 163 19.94889813139436 6.920214137531133
      vertex 159 19.94889813139436 6.920214137531133
      vertex 163 19.07206526348005 7.361574713032898
    endloop
  endfacet
  facet normal 0 0.35989503653498756 0.9329927988347391
    outer loop
      vertex 163 20.846331352698204 6.522409349774264
      vertex 159 21.7622029321556 6.169118696339584
      vertex 159 20.846331352698204 6.522409349774264
    endloop
  endfacet
  facet normal 0 0.31368174039889013 0.9495281805930371
    outer loop
      vertex 163 21.7622029321556 6.169118696339584
      vertex 159 22.694306454910752 5.861193285355824
      vertex 159 21.7622029321556 6.169118696339584
    endloop
  endfacet
  facet normal 0 0.4052413140049901 0.9142097557035306
    outer loop
      vertex 163 20.846331352698204 6.522409349774264
      vertex 159 20.846331352698204 6.522409349774264
      vertex 163 19.94889813139436 6.920214137531133
    endloop
  endfacet
  facet normal 0 0.31368174039889013 0.9495281805930371
    outer loop
      vertex 163 22.694306454910752 5.861193285355824
      vertex 159 22.694306454910752 5.861193285355824
      vertex 163 21.7622029321556 6.169118696339584
    endloop
  endfacet
  facet normal 0 0.35989503653498756 0.9329927988347391
    outer loop
      vertex 163 21.7622029321556 6.169118696339584
      vertex 159 21.7622029321556 6.169118696339584
      vertex 163 20.846331352698204 6.522409349774264
    endloop
  endfacet
  facet normal 0 0.26671275747489803 0.96377606579544
    outer loop
      vertex 163 22.694306454910752 5.861193285355824
      vertex 159 23.640396401934723 5.599374936109122
      vertex 159 22.694306454910752 5.861193285355824
    endloop
  endfacet
  facet normal 0 0.2191012401568715 0.9757021300385282
    outer loop
      vertex 163 23.640396401934723 5.599374936109122
      vertex 159 24.598193559677433 5.384294391935391
      vertex 159 23.640396401934723 5.599374936109122
    endloop
  endfacet
  facet normal 0 0.26671275747489803 0.96377606579544
    outer loop
      vertex 163 23.640396401934723 5.599374936109122
      vertex 159 23.640396401934723 5.599374936109122
      vertex 163 22.694306454910752 5.861193285355824
    endloop
  endfacet
  facet normal 0 0.2191012401568715 0.9757021300385282
    outer loop
      vertex 163 24.598193559677433 5.384294391935391
      vertex 159 24.598193559677433 5.384294391935391
      vertex 163 23.640396401934723 5.599374936109122
    endloop
  endfacet
  facet normal 0 0.12241067519921832 0.9924795345987099
    outer loop
      vertex 163 25.565390510892765 5.216469800704381
      vertex 159 26.53965719340879 5.0963054665560605
      vertex 159 25.565390510892765 5.216469800704381
    endloop
  endfacet
  facet normal 0 0.17096188876030083 0.9852776423889413
    outer loop
      vertex 163 25.565390510892765 5.216469800704381
      vertex 159 25.565390510892765 5.216469800704381
      vertex 163 24.598193559677433 5.384294391935391
    endloop
  endfacet
  facet normal 0 0.12241067519921832 0.9924795345987099
    outer loop
      vertex 163 26.53965719340879 5.0963054665560605
      vertex 159 26.53965719340879 5.0963054665560605
      vertex 163 25.565390510892765 5.216469800704381
    endloop
  endfacet
  facet normal 0 0.17096188876030083 0.9852776423889413
    outer loop
      vertex 163 24.598193559677433 5.384294391935391
      vertex 159 25.565390510892765 5.216469800704381
      vertex 159 24.598193559677433 5.384294391935391
    endloop
  endfacet
  facet normal 0 0.07356456359966698 0.9972904566786903
    outer loop
      vertex 163 26.53965719340879 5.0963054665560605
      vertex 159 27.51864651345164 5.024090875896551
      vertex 159 26.53965719340879 5.0963054665560605
    endloop
  endfacet
  facet normal 0 0.024541228522911112 0.9996988186962041
    outer loop
      vertex 163 27.51864651345164 5.024090875896551
      vertex 159 28.5 5
      vertex 159 27.51864651345164 5.024090875896551
    endloop
  endfacet
  facet normal 0 0.07356456359966698 0.9972904566786903
    outer loop
      vertex 163 27.51864651345164 5.024090875896551
      vertex 159 27.51864651345164 5.024090875896551
      vertex 163 26.53965719340879 5.0963054665560605
    endloop
  endfacet
  facet normal 0 0.024541228522911112 0.9996988186962041
    outer loop
      vertex 163 28.5 5
      vertex 159 28.5 5
      vertex 163 27.51864651345164 5.024090875896551
    endloop
  endfacet
  facet normal 0 0.7242470829514667 0.6895405447370672
    outer loop
      vertex 163 13.680977492900817 11.568820903059631
      vertex 159 14.357864376269049 10.857864376269049
      vertex 159 13.680977492900817 11.568820903059631
    endloop
  endfacet
  facet normal 0 0.7572088465064849 0.6531728429537764
    outer loop
      vertex 163 13.03979093274526 12.31213431672709
      vertex 163 13.680977492900817 11.568820903059631
      vertex 159 13.680977492900817 11.568820903059631
    endloop
  endfacet
  facet normal 0 0.7242470829514667 0.6895405447370672
    outer loop
      vertex 163 13.680977492900817 11.568820903059631
      vertex 163 14.357864376269049 10.857864376269049
      vertex 159 14.357864376269049 10.857864376269049
    endloop
  endfacet
  facet normal 0 0.7572088465064849 0.6531728429537764
    outer loop
      vertex 163 13.03979093274526 12.31213431672709
      vertex 159 13.680977492900817 11.568820903059631
      vertex 159 13.03979093274526 12.31213431672709
    endloop
  endfacet
  facet normal 0 0.7883464276266058 0.6152315905806276
    outer loop
      vertex 163 12.4358493703871 13.086013910151333
      vertex 159 13.03979093274526 12.31213431672709
      vertex 159 12.4358493703871 13.086013910151333
    endloop
  endfacet
  facet normal 0 0.7883464276266058 0.6152315905806276
    outer loop
      vertex 163 12.4358493703871 13.086013910151333
      vertex 163 13.03979093274526 12.31213431672709
      vertex 159 13.03979093274526 12.31213431672709
    endloop
  endfacet
  facet normal 0 0.6895405447370672 0.7242470829514667
    outer loop
      vertex 163 14.357864376269049 10.857864376269049
      vertex 159 15.068820903059631 10.180977492900817
      vertex 159 14.357864376269049 10.857864376269049
    endloop
  endfacet
  facet normal 0 0.6895405447370672 0.7242470829514667
    outer loop
      vertex 163 15.068820903059631 10.180977492900817
      vertex 159 15.068820903059631 10.180977492900817
      vertex 163 14.357864376269049 10.857864376269049
    endloop
  endfacet
  facet normal 0 -0.024541228522911112 0.9996988186962041
    outer loop
      vertex 163 28.5 5
      vertex 159 29.48135348654836 5.024090875896551
      vertex 159 28.5 5
    endloop
  endfacet
  facet normal 0 -0.07356456359966698 0.9972904566786903
    outer loop
      vertex 163 29.48135348654836 5.024090875896551
      vertex 159 30.46034280659121 5.0963054665560605
      vertex 159 29.48135348654836 5.024090875896551
    endloop
  endfacet
  facet normal 0 -0.024541228522911112 0.9996988186962041
    outer loop
      vertex 163 29.48135348654836 5.024090875896551
      vertex 159 29.48135348654836 5.024090875896551
      vertex 163 28.5 5
    endloop
  endfacet
  facet normal 0 -0.07356456359966698 0.9972904566786903
    outer loop
      vertex 163 30.46034280659121 5.0963054665560605
      vertex 159 30.46034280659121 5.0963054665560605
      vertex 163 29.48135348654836 5.024090875896551
    endloop
  endfacet
  facet normal 0 -0.12241067519921832 0.9924795345987099
    outer loop
      vertex 163 30.46034280659121 5.0963054665560605
      vertex 159 31.434609489107235 5.216469800704381
      vertex 159 30.46034280659121 5.0963054665560605
    endloop
  endfacet
  facet normal 0 -0.17096188876030083 0.9852776423889413
    outer loop
      vertex 163 31.434609489107235 5.216469800704381
      vertex 159 32.40180644032257 5.384294391935391
      vertex 159 31.434609489107235 5.216469800704381
    endloop
  endfacet
  facet normal 0 -0.12241067519921832 0.9924795345987099
    outer loop
      vertex 163 31.434609489107235 5.216469800704381
      vertex 159 31.434609489107235 5.216469800704381
      vertex 163 30.46034280659121 5.0963054665560605
    endloop
  endfacet
  facet normal 0 -0.17096188876030083 0.9852776423889413
    outer loop
      vertex 163 32.40180644032257 5.384294391935391
      vertex 159 32.40180644032257 5.384294391935391
      vertex 163 31.434609489107235 5.216469800704381
    endloop
  endfacet
  facet normal 0 -0.2191012401568715 0.9757021300385282
    outer loop
      vertex 163 32.40180644032257 5.384294391935391
      vertex 159 33.35960359806528 5.599374936109122
      vertex 159 32.40180644032257 5.384294391935391
    endloop
  endfacet
  facet normal 0 -0.26671275747489803 0.96377606579544
    outer loop
      vertex 163 33.35960359806528 5.599374936109122
      vertex 159 34.30569354508925 5.861193285355824
      vertex 159 33.35960359806528 5.599374936109122
    endloop
  endfacet
  facet normal 0 -0.2191012401568715 0.9757021300385282
    outer loop
      vertex 163 33.35960359806528 5.599374936109122
      vertex 159 33.35960359806528 5.599374936109122
      vertex 163 32.40180644032257 5.384294391935391
    endloop
  endfacet
  facet normal 0 -0.26671275747489803 0.96377606579544
    outer loop
      vertex 163 34.30569354508925 5.861193285355824
      vertex 159 34.30569354508925 5.861193285355824
      vertex 163 33.35960359806528 5.599374936109122
    endloop
  endfacet
  facet normal 0 -0.3136817403988912 0.9495281805930368
    outer loop
      vertex 163 34.30569354508925 5.861193285355824
      vertex 159 35.2377970678444 6.169118696339584
      vertex 159 34.30569354508925 5.861193285355824
    endloop
  endfacet
  facet normal 0 -0.3598950365349851 0.9329927988347401
    outer loop
      vertex 163 35.2377970678444 6.169118696339584
      vertex 159 36.1536686473018 6.522409349774264
      vertex 159 35.2377970678444 6.169118696339584
    endloop
  endfacet
  facet normal 0 -0.4052413140049914 0.91420975570353
    outer loop
      vertex 163 36.1536686473018 6.522409349774264
      vertex 159 37.05110186860564 6.920214137531133
      vertex 159 36.1536686473018 6.522409349774264
    endloop
  endfacet
  facet normal 0 -0.3136817403988912 0.9495281805930368
    outer loop
      vertex 163 35.2377970678444 6.169118696339584
      vertex 159 35.2377970678444 6.169118696339584
      vertex 163 34.30569354508925 5.861193285355824
    endloop
  endfacet
  facet normal 0 -0.3598950365349851 0.9329927988347401
    outer loop
      vertex 163 36.1536686473018 6.522409349774264
      vertex 159 36.1536686473018 6.522409349774264
      vertex 163 35.2377970678444 6.169118696339584
    endloop
  endfacet
  facet normal 0 -0.4052413140049914 0.91420975570353
    outer loop
      vertex 163 37.05110186860564 6.920214137531133
      vertex 159 37.05110186860564 6.920214137531133
      vertex 163 36.1536686473018 6.522409349774264
    endloop
  endfacet
  facet normal 0 -0.44961132965460626 0.8932243011955154
    outer loop
      vertex 163 37.05110186860564 6.920214137531133
      vertex 159 37.92793473651995 7.361574713032898
      vertex 159 37.05110186860564 6.920214137531133
    endloop
  endfacet
  facet normal 0 -0.4928981922297867 0.8700869911087099
    outer loop
      vertex 159 37.92793473651995 7.361574713032898
      vertex 163 37.92793473651995 7.361574713032898
      vertex 159 38.78205488386443 7.84542779999456
    endloop
  endfacet
  facet normal 0 -0.44961132965460626 0.8932243011955154
    outer loop
      vertex 159 37.92793473651995 7.361574713032898
      vertex 163 37.05110186860564 6.920214137531133
      vertex 163 37.92793473651995 7.361574713032898
    endloop
  endfacet
  facet normal 0 -0.4928981922297867 0.8700869911087099
    outer loop
      vertex 159 38.78205488386443 7.84542779999456
      vertex 163 37.92793473651995 7.361574713032898
      vertex 163 38.78205488386443 7.84542779999456
    endloop
  endfacet
  facet normal 0 -0.5349976198870969 0.8448535652497072
    outer loop
      vertex 159 38.78205488386443 7.84542779999456
      vertex 163 38.78205488386443 7.84542779999456
      vertex 159 39.61140466039204 8.370607753949095
    endloop
  endfacet
  facet normal 0 -0.5758081914178439 0.8175848131515847
    outer loop
      vertex 159 39.61140466039204 8.370607753949095
      vertex 163 39.61140466039204 8.370607753949095
      vertex 159 40.41398608984866 8.9358493703871
    endloop
  endfacet
  facet normal 0 -0.5349976198870969 0.8448535652497072
    outer loop
      vertex 159 39.61140466039204 8.370607753949095
      vertex 163 38.78205488386443 7.84542779999456
      vertex 163 39.61140466039204 8.370607753949095
    endloop
  endfacet
  facet normal 0 -0.6152315905806258 0.788346427626607
    outer loop
      vertex 159 40.41398608984866 8.9358493703871
      vertex 163 40.41398608984866 8.9358493703871
      vertex 159 41.18786568327291 9.53979093274526
    endloop
  endfacet
  facet normal 0 -0.5758081914178439 0.8175848131515847
    outer loop
      vertex 159 40.41398608984866 8.9358493703871
      vertex 163 39.61140466039204 8.370607753949095
      vertex 163 40.41398608984866 8.9358493703871
    endloop
  endfacet
  facet normal 0 -0.6531728429537764 0.7572088465064849
    outer loop
      vertex 159 41.18786568327291 9.53979093274526
      vertex 163 41.18786568327291 9.53979093274526
      vertex 159 41.93117909694037 10.180977492900817
    endloop
  endfacet
  facet normal 0 -0.6152315905806258 0.788346427626607
    outer loop
      vertex 159 41.18786568327291 9.53979093274526
      vertex 163 40.41398608984866 8.9358493703871
      vertex 163 41.18786568327291 9.53979093274526
    endloop
  endfacet
  facet normal 0 -0.6531728429537764 0.7572088465064849
    outer loop
      vertex 159 41.93117909694037 10.180977492900817
      vertex 163 41.18786568327291 9.53979093274526
      vertex 163 41.93117909694037 10.180977492900817
    endloop
  endfacet
  facet normal 0 -0.6895405447370672 0.7242470829514667
    outer loop
      vertex 159 41.93117909694037 10.180977492900817
      vertex 163 41.93117909694037 10.180977492900817
      vertex 159 42.64213562373095 10.857864376269049
    endloop
  endfacet
  facet normal 0 -0.6895405447370672 0.7242470829514667
    outer loop
      vertex 159 42.64213562373095 10.857864376269049
      vertex 163 41.93117909694037 10.180977492900817
      vertex 163 42.64213562373095 10.857864376269049
    endloop
  endfacet
  facet normal 0 -0.7242470829514658 0.6895405447370682
    outer loop
      vertex 159 42.64213562373095 10.857864376269049
      vertex 163 42.64213562373095 10.857864376269049
      vertex 159 43.319022507099184 11.568820903059631
    endloop
  endfacet
  facet normal 0 -0.7572088465064866 0.6531728429537743
    outer loop
      vertex 159 43.96020906725474 12.31213431672709
      vertex 159 43.319022507099184 11.568820903059631
      vertex 163 43.319022507099184 11.568820903059631
    endloop
  endfacet
  facet normal 0 -0.7242470829514658 0.6895405447370682
    outer loop
      vertex 159 43.319022507099184 11.568820903059631
      vertex 163 42.64213562373095 10.857864376269049
      vertex 163 43.319022507099184 11.568820903059631
    endloop
  endfacet
  facet normal 0 -0.7883464276266067 0.6152315905806265
    outer loop
      vertex 159 44.5641506296129 13.086013910151333
      vertex 159 43.96020906725474 12.31213431672709
      vertex 163 43.96020906725474 12.31213431672709
    endloop
  endfacet
  facet normal 0 -0.7572088465064866 0.6531728429537743
    outer loop
      vertex 159 43.96020906725474 12.31213431672709
      vertex 163 43.319022507099184 11.568820903059631
      vertex 163 43.96020906725474 12.31213431672709
    endloop
  endfacet
  facet normal 0 -0.7883464276266067 0.6152315905806265
    outer loop
      vertex 159 44.5641506296129 13.086013910151333
      vertex 163 43.96020906725474 12.31213431672709
      vertex 163 44.5641506296129 13.086013910151333
    endloop
  endfacet
  facet normal 0 -0.817584813151583 0.5758081914178463
    outer loop
      vertex 159 45.129392246050905 13.888595339607956
      vertex 159 44.5641506296129 13.086013910151333
      vertex 163 44.5641506296129 13.086013910151333
    endloop
  endfacet
  facet normal 0 -0.8448535652497072 0.5349976198870969
    outer loop
      vertex 159 45.65457220000544 14.717945116135564
      vertex 159 45.129392246050905 13.888595339607956
      vertex 163 45.129392246050905 13.888595339607956
    endloop
  endfacet
  facet normal 0 -0.8700869911087088 0.49289819222978865
    outer loop
      vertex 159 46.138425286967106 15.572065263480047
      vertex 159 45.65457220000544 14.717945116135564
      vertex 163 45.65457220000544 14.717945116135564
    endloop
  endfacet
  facet normal 0 -0.817584813151583 0.5758081914178463
    outer loop
      vertex 159 45.129392246050905 13.888595339607956
      vertex 163 44.5641506296129 13.086013910151333
      vertex 163 45.129392246050905 13.888595339607956
    endloop
  endfacet
  facet normal 0 -0.8448535652497072 0.5349976198870969
    outer loop
      vertex 159 45.65457220000544 14.717945116135564
      vertex 163 45.129392246050905 13.888595339607956
      vertex 163 45.65457220000544 14.717945116135564
    endloop
  endfacet
  facet normal 0 -0.8932243011955173 0.44961132965460265
    outer loop
      vertex 159 46.57978586246887 16.44889813139436
      vertex 159 46.138425286967106 15.572065263480047
      vertex 163 46.138425286967106 15.572065263480047
    endloop
  endfacet
  facet normal 0 -0.9142097557035306 0.4052413140049901
    outer loop
      vertex 159 46.977590650225736 17.346331352698204
      vertex 159 46.57978586246887 16.44889813139436
      vertex 163 46.57978586246887 16.44889813139436
    endloop
  endfacet
  facet normal 0 -0.8700869911087088 0.49289819222978865
    outer loop
      vertex 159 46.138425286967106 15.572065263480047
      vertex 163 45.65457220000544 14.717945116135564
      vertex 163 46.138425286967106 15.572065263480047
    endloop
  endfacet
  facet normal 0 -0.8932243011955173 0.44961132965460265
    outer loop
      vertex 159 46.57978586246887 16.44889813139436
      vertex 163 46.138425286967106 15.572065263480047
      vertex 163 46.57978586246887 16.44889813139436
    endloop
  endfacet
  facet normal 0 -0.9329927988347378 0.3598950365349907
    outer loop
      vertex 159 47.33088130366042 18.2622029321556
      vertex 159 46.977590650225736 17.346331352698204
      vertex 163 46.977590650225736 17.346331352698204
    endloop
  endfacet
  facet normal 0 -0.9495281805930381 0.3136817403988874
    outer loop
      vertex 159 47.574616532411696 19
      vertex 159 47.33088130366042 18.2622029321556
      vertex 163 47.33088130366042 18.2622029321556
    endloop
  endfacet
  facet normal 0 -0.9142097557035306 0.4052413140049901
    outer loop
      vertex 159 46.977590650225736 17.346331352698204
      vertex 163 46.57978586246887 16.44889813139436
      vertex 163 46.977590650225736 17.346331352698204
    endloop
  endfacet
  facet normal 0 -0.9329927988347378 0.3598950365349907
    outer loop
      vertex 159 47.33088130366042 18.2622029321556
      vertex 163 46.977590650225736 17.346331352698204
      vertex 163 47.33088130366042 18.2622029321556
    endloop
  endfacet
  facet normal 0 -0.9495281805930388 0.3136817403988849
    outer loop
      vertex 159.19626914637448 47.638806714644176 19.194306454910752
      vertex 159 47.574616532411696 19
      vertex 162.80569354508924 47.638806714644176 19.194306454910752
    endloop
  endfacet
  facet normal 0 -0.9495281805930381 0.3136817403988874
    outer loop
      vertex 159 47.574616532411696 19
      vertex 163 47.33088130366042 18.2622029321556
      vertex 163 47.574616532411696 19
    endloop
  endfacet
  facet normal 0 -0.9495281805930388 0.31368174039888497
    outer loop
      vertex 162.80569354508924 47.638806714644176 19.194306454910752
      vertex 159 47.574616532411696 19
      vertex 163 47.574616532411696 19
    endloop
  endfacet
  facet normal 7.771544543851764e-16 -0.9637760657954411 0.26671275747489426
    outer loop
      vertex 159.19626914637448 47.638806714644176 19.194306454910752
      vertex 162 47.861772146881925 20
      vertex 160 47.85900477418052 19.99
    endloop
  endfacet
  facet normal 0 -0.9637760657954403 0.2667127574748967
    outer loop
      vertex 159.19626914637448 47.638806714644176 19.194306454910752
      vertex 162.80569354508924 47.638806714644176 19.194306454910752
      vertex 162 47.861772146881925 20
    endloop
  endfacet
  facet normal 0 -0.9637760657954009 0.26671275747503886
    outer loop
      vertex 160 47.85900477418052 19.99
      vertex 162 47.861772146881925 20
      vertex 160 47.861772146881925 20
    endloop
  endfacet
  facet normal 1 0 0
    outer loop
      vertex 12 12 0
      vertex 12 12 -3
      vertex 12 45 0
    endloop
  endfacet
  facet normal 0 1 0
    outer loop
      vertex 12 12 0
      vertex 147 12 -3
      vertex 12 12 -3
    endloop
  endfacet
  facet normal 1 0 0
    outer loop
      vertex 12 45 0
      vertex 12 12 -3
      vertex 12 45 -3
    endloop
  endfacet
  facet normal 0 -1 0
    outer loop
      vertex 12 45 0
      vertex 12 45 -3
      vertex 147 45 0
    endloop
  endfacet
  facet normal 0 1 0
    outer loop
      vertex 12 12 0
      vertex 147 12 0
      vertex 147 12 -3
    endloop
  endfacet
  facet normal -1 0 0
    outer loop
      vertex 147 12 -3
      vertex 147 12 0
      vertex 147 45 -3
    endloop
  endfacet
  facet normal 0 -1 0
    outer loop
      vertex 147 45 0
      vertex 12 45 -3
      vertex 147 45 -3
    endloop
  endfacet
  facet normal -1 0 0
    outer loop
      vertex 147 45 -3
      vertex 147 12 0
      vertex 147 45 0
    endloop
  endfacet
endsolid OpenSCAD_Model
