solid OpenSCAD_Model
  facet normal -0.6293203910498383 -0.7771459614569703 0
    outer loop
      vertex -6.465637775217204 -8.899186938124423 35
      vertex -6.465637775217204 -8.899186938124423 44.5
      vertex -7.360436669947441 -8.174593080251336 35
    endloop
  endfacet
  facet normal -0.6293203910498383 -0.7771459614569703 0
    outer loop
      vertex -6.465637775217204 -8.899186938124423 44.5
      vertex -7.360436669947441 -8.174593080251336 44.5
      vertex -7.360436669947441 -8.174593080251336 35
    endloop
  endfacet
  facet normal -0.7071067811865476 -0.7071067811865476 0
    outer loop
      vertex -8.174593080251336 -7.360436669947441 35
      vertex -7.360436669947441 -8.174593080251336 35
      vertex -8.174593080251336 -7.360436669947441 44.5
    endloop
  endfacet
  facet normal -0.7771459614569703 -0.6293203910498383 0
    outer loop
      vertex -8.174593080251336 -7.360436669947441 35
      vertex -8.899186938124423 -6.465637775217204 44.5
      vertex -8.899186938124423 -6.465637775217204 35
    endloop
  endfacet
  facet normal -0.8386705679454247 -0.5446390350150262 0
    outer loop
      vertex -8.899186938124423 -6.465637775217204 35
      vertex -9.526279441628825 -5.5 44.5
      vertex -9.526279441628825 -5.5 35
    endloop
  endfacet
  facet normal -0.7771459614569703 -0.6293203910498383 0
    outer loop
      vertex -8.174593080251336 -7.360436669947441 35
      vertex -8.174593080251336 -7.360436669947441 44.5
      vertex -8.899186938124423 -6.465637775217204 44.5
    endloop
  endfacet
  facet normal -0.7071067811865476 -0.7071067811865476 0
    outer loop
      vertex -7.360436669947441 -8.174593080251336 35
      vertex -7.360436669947441 -8.174593080251336 44.5
      vertex -8.174593080251336 -7.360436669947441 44.5
    endloop
  endfacet
  facet normal -0.8386705679454247 -0.5446390350150262 0
    outer loop
      vertex -8.899186938124423 -6.465637775217204 35
      vertex -8.899186938124423 -6.465637775217204 44.5
      vertex -9.526279441628825 -5.5 44.5
    endloop
  endfacet
  facet normal -0.45399049973954636 -0.8910065241883681 0
    outer loop
      vertex -4.474103073833803 -10.049000034068609 35
      vertex -4.474103073833803 -10.049000034068609 44.5
      vertex -5.5 -9.526279441628825 35
    endloop
  endfacet
  facet normal -0.35836794954530027 -0.9335804264972019 0
    outer loop
      vertex -3.3991869381244215 -10.461621679246688 35
      vertex -3.3991869381244215 -10.461621679246688 44.5
      vertex -4.474103073833803 -10.049000034068609 35
    endloop
  endfacet
  facet normal -0.5446390350150262 -0.8386705679454247 0
    outer loop
      vertex -6.465637775217204 -8.899186938124423 35
      vertex -5.5 -9.526279441628825 35
      vertex -5.5 -9.526279441628825 44.5
    endloop
  endfacet
  facet normal -0.25881904510252207 -0.965925826289068 0
    outer loop
      vertex -3.3991869381244215 -10.461621679246688 35
      vertex -2.2870285989953527 -10.759623608071863 35
      vertex -2.2870285989953527 -10.759623608071863 44.5
    endloop
  endfacet
  facet normal -0.15643446504022976 -0.9876883405951379 0
    outer loop
      vertex -2.2870285989953527 -10.759623608071863 35
      vertex -1.1498130959441881 -10.939740849051006 35
      vertex -1.1498130959441881 -10.939740849051006 44.5
    endloop
  endfacet
  facet normal -0.05233595624294448 -0.9986295347545738 0
    outer loop
      vertex -1.1498130959441881 -10.939740849051006 35
      vertex 0 -11 35
      vertex 0 -11 44.5
    endloop
  endfacet
  facet normal -0.45399049973954636 -0.8910065241883681 0
    outer loop
      vertex -5.5 -9.526279441628825 35
      vertex -4.474103073833803 -10.049000034068609 44.5
      vertex -5.5 -9.526279441628825 44.5
    endloop
  endfacet
  facet normal -0.35836794954530027 -0.9335804264972019 0
    outer loop
      vertex -4.474103073833803 -10.049000034068609 35
      vertex -3.3991869381244215 -10.461621679246688 44.5
      vertex -4.474103073833803 -10.049000034068609 44.5
    endloop
  endfacet
  facet normal -0.5446390350150262 -0.8386705679454247 0
    outer loop
      vertex -6.465637775217204 -8.899186938124423 35
      vertex -5.5 -9.526279441628825 44.5
      vertex -6.465637775217204 -8.899186938124423 44.5
    endloop
  endfacet
  facet normal -0.25881904510252207 -0.965925826289068 0
    outer loop
      vertex -3.3991869381244215 -10.461621679246688 35
      vertex -2.2870285989953527 -10.759623608071863 44.5
      vertex -3.3991869381244215 -10.461621679246688 44.5
    endloop
  endfacet
  facet normal -0.15643446504022976 -0.9876883405951379 0
    outer loop
      vertex -2.2870285989953527 -10.759623608071863 35
      vertex -1.1498130959441881 -10.939740849051006 44.5
      vertex -2.2870285989953527 -10.759623608071863 44.5
    endloop
  endfacet
  facet normal -0.05233595624294448 -0.9986295347545738 0
    outer loop
      vertex -1.1498130959441881 -10.939740849051006 35
      vertex 0 -11 44.5
      vertex -1.1498130959441881 -10.939740849051006 44.5
    endloop
  endfacet
  facet normal -0.8910065241883681 -0.45399049973954636 0
    outer loop
      vertex -9.526279441628825 -5.5 35
      vertex -10.049000034068609 -4.474103073833803 44.5
      vertex -10.049000034068609 -4.474103073833803 35
    endloop
  endfacet
  facet normal -0.9335804264972019 -0.35836794954530027 0
    outer loop
      vertex -10.049000034068609 -4.474103073833803 35
      vertex -10.461621679246688 -3.3991869381244215 44.5
      vertex -10.461621679246688 -3.3991869381244215 35
    endloop
  endfacet
  facet normal -0.8910065241883681 -0.45399049973954636 0
    outer loop
      vertex -9.526279441628825 -5.5 35
      vertex -9.526279441628825 -5.5 44.5
      vertex -10.049000034068609 -4.474103073833803 44.5
    endloop
  endfacet
  facet normal -0.9335804264972019 -0.35836794954530027 0
    outer loop
      vertex -10.049000034068609 -4.474103073833803 35
      vertex -10.049000034068609 -4.474103073833803 44.5
      vertex -10.461621679246688 -3.3991869381244215 44.5
    endloop
  endfacet
  facet normal -0.965925826289068 -0.25881904510252207 0
    outer loop
      vertex -10.461621679246688 -3.3991869381244215 35
      vertex -10.461621679246688 -3.3991869381244215 44.5
      vertex -10.759623608071863 -2.2870285989953527 44.5
    endloop
  endfacet
  facet normal -0.965925826289068 -0.25881904510252207 0
    outer loop
      vertex -10.461621679246688 -3.3991869381244215 35
      vertex -10.759623608071863 -2.2870285989953527 44.5
      vertex -10.759623608071863 -2.2870285989953527 35
    endloop
  endfacet
  facet normal -0.9876883405951379 -0.15643446504022976 0
    outer loop
      vertex -10.759623608071863 -2.2870285989953527 35
      vertex -10.939740849051006 -1.1498130959441881 44.5
      vertex -10.939740849051006 -1.1498130959441881 35
    endloop
  endfacet
  facet normal -0.9986295347545738 -0.05233595624294448 0
    outer loop
      vertex -10.939740849051006 -1.1498130959441881 35
      vertex -11 0 44.5
      vertex -11 0 35
    endloop
  endfacet
  facet normal -0.9876883405951379 -0.15643446504022976 0
    outer loop
      vertex -10.759623608071863 -2.2870285989953527 35
      vertex -10.759623608071863 -2.2870285989953527 44.5
      vertex -10.939740849051006 -1.1498130959441881 44.5
    endloop
  endfacet
  facet normal -0.9986295347545738 -0.05233595624294448 0
    outer loop
      vertex -10.939740849051006 -1.1498130959441881 35
      vertex -10.939740849051006 -1.1498130959441881 44.5
      vertex -11 0 44.5
    endloop
  endfacet
  facet normal -0.9986295347545738 0.05233595624294448 0
    outer loop
      vertex -11 0 35
      vertex -10.939740849051006 1.1498130959441881 44.5
      vertex -10.939740849051006 1.1498130959441881 35
    endloop
  endfacet
  facet normal -0.9876883405951379 0.15643446504022976 0
    outer loop
      vertex -10.939740849051006 1.1498130959441881 35
      vertex -10.759623608071863 2.2870285989953527 44.5
      vertex -10.759623608071863 2.2870285989953527 35
    endloop
  endfacet
  facet normal -0.9986295347545738 0.05233595624294448 0
    outer loop
      vertex -11 0 35
      vertex -11 0 44.5
      vertex -10.939740849051006 1.1498130959441881 44.5
    endloop
  endfacet
  facet normal -0.9876883405951379 0.15643446504022976 0
    outer loop
      vertex -10.939740849051006 1.1498130959441881 35
      vertex -10.939740849051006 1.1498130959441881 44.5
      vertex -10.759623608071863 2.2870285989953527 44.5
    endloop
  endfacet
  facet normal -0.965925826289068 0.25881904510252207 0
    outer loop
      vertex -10.759623608071863 2.2870285989953527 35
      vertex -10.759623608071863 2.2870285989953527 44.5
      vertex -10.461621679246688 3.3991869381244215 44.5
    endloop
  endfacet
  facet normal -0.965925826289068 0.25881904510252207 0
    outer loop
      vertex -10.759623608071863 2.2870285989953527 35
      vertex -10.461621679246688 3.3991869381244215 44.5
      vertex -10.461621679246688 3.3991869381244215 35
    endloop
  endfacet
  facet normal -0.9335804264972019 0.35836794954530027 0
    outer loop
      vertex -10.461621679246688 3.3991869381244215 35
      vertex -10.049000034068609 4.474103073833803 44.5
      vertex -10.049000034068609 4.474103073833803 35
    endloop
  endfacet
  facet normal -0.8910065241883681 0.45399049973954636 0
    outer loop
      vertex -10.049000034068609 4.474103073833803 35
      vertex -9.526279441628825 5.5 44.5
      vertex -9.526279441628825 5.5 35
    endloop
  endfacet
  facet normal -0.9335804264972019 0.35836794954530027 0
    outer loop
      vertex -10.461621679246688 3.3991869381244215 35
      vertex -10.461621679246688 3.3991869381244215 44.5
      vertex -10.049000034068609 4.474103073833803 44.5
    endloop
  endfacet
  facet normal -0.8910065241883681 0.45399049973954636 0
    outer loop
      vertex -10.049000034068609 4.474103073833803 35
      vertex -10.049000034068609 4.474103073833803 44.5
      vertex -9.526279441628825 5.5 44.5
    endloop
  endfacet
  facet normal -0.8386705679454247 0.5446390350150262 0
    outer loop
      vertex -9.526279441628825 5.5 35
      vertex -8.899186938124423 6.465637775217204 44.5
      vertex -8.899186938124423 6.465637775217204 35
    endloop
  endfacet
  facet normal -0.7771459614569703 0.6293203910498383 0
    outer loop
      vertex -8.899186938124423 6.465637775217204 35
      vertex -8.174593080251336 7.360436669947441 44.5
      vertex -8.174593080251336 7.360436669947441 35
    endloop
  endfacet
  facet normal -0.7071067811865476 0.7071067811865476 0
    outer loop
      vertex -8.174593080251336 7.360436669947441 35
      vertex -7.360436669947441 8.174593080251336 44.5
      vertex -7.360436669947441 8.174593080251336 35
    endloop
  endfacet
  facet normal -0.8386705679454247 0.5446390350150262 0
    outer loop
      vertex -9.526279441628825 5.5 35
      vertex -9.526279441628825 5.5 44.5
      vertex -8.899186938124423 6.465637775217204 44.5
    endloop
  endfacet
  facet normal -0.7771459614569703 0.6293203910498383 0
    outer loop
      vertex -8.899186938124423 6.465637775217204 35
      vertex -8.899186938124423 6.465637775217204 44.5
      vertex -8.174593080251336 7.360436669947441 44.5
    endloop
  endfacet
  facet normal -0.7071067811865476 0.7071067811865476 0
    outer loop
      vertex -8.174593080251336 7.360436669947441 35
      vertex -8.174593080251336 7.360436669947441 44.5
      vertex -7.360436669947441 8.174593080251336 44.5
    endloop
  endfacet
  facet normal -0.6293203910498383 0.7771459614569703 0
    outer loop
      vertex -7.360436669947441 8.174593080251336 35
      vertex -7.360436669947441 8.174593080251336 44.5
      vertex -6.465637775217204 8.899186938124423 35
    endloop
  endfacet
  facet normal -0.6293203910498383 0.7771459614569703 0
    outer loop
      vertex -7.360436669947441 8.174593080251336 44.5
      vertex -6.465637775217204 8.899186938124423 44.5
      vertex -6.465637775217204 8.899186938124423 35
    endloop
  endfacet
  facet normal -0.5446390350150262 0.8386705679454247 0
    outer loop
      vertex -6.465637775217204 8.899186938124423 35
      vertex -6.465637775217204 8.899186938124423 44.5
      vertex -5.5 9.526279441628825 35
    endloop
  endfacet
  facet normal -0.45399049973954636 0.8910065241883681 0
    outer loop
      vertex -5.5 9.526279441628825 35
      vertex -5.5 9.526279441628825 44.5
      vertex -4.474103073833803 10.049000034068609 35
    endloop
  endfacet
  facet normal -0.35836794954530027 0.9335804264972019 0
    outer loop
      vertex -4.474103073833803 10.049000034068609 35
      vertex -4.474103073833803 10.049000034068609 44.5
      vertex -3.3991869381244215 10.461621679246688 35
    endloop
  endfacet
  facet normal -0.25881904510252207 0.965925826289068 0
    outer loop
      vertex -3.3991869381244215 10.461621679246688 35
      vertex -3.3991869381244215 10.461621679246688 44.5
      vertex -2.2870285989953527 10.759623608071863 35
    endloop
  endfacet
  facet normal -0.15643446504022976 0.9876883405951379 0
    outer loop
      vertex -2.2870285989953527 10.759623608071863 35
      vertex -2.2870285989953527 10.759623608071863 44.5
      vertex -1.1498130959441881 10.939740849051006 35
    endloop
  endfacet
  facet normal -0.05233595624294448 0.9986295347545738 0
    outer loop
      vertex -1.1498130959441881 10.939740849051006 35
      vertex -1.1498130959441881 10.939740849051006 44.5
      vertex 0 11 35
    endloop
  endfacet
  facet normal -0.5446390350150262 0.8386705679454247 0
    outer loop
      vertex -6.465637775217204 8.899186938124423 44.5
      vertex -5.5 9.526279441628825 44.5
      vertex -5.5 9.526279441628825 35
    endloop
  endfacet
  facet normal -0.45399049973954636 0.8910065241883681 0
    outer loop
      vertex -4.474103073833803 10.049000034068609 35
      vertex -5.5 9.526279441628825 44.5
      vertex -4.474103073833803 10.049000034068609 44.5
    endloop
  endfacet
  facet normal -0.35836794954530027 0.9335804264972019 0
    outer loop
      vertex -3.3991869381244215 10.461621679246688 35
      vertex -4.474103073833803 10.049000034068609 44.5
      vertex -3.3991869381244215 10.461621679246688 44.5
    endloop
  endfacet
  facet normal -0.25881904510252207 0.965925826289068 0
    outer loop
      vertex -2.2870285989953527 10.759623608071863 35
      vertex -3.3991869381244215 10.461621679246688 44.5
      vertex -2.2870285989953527 10.759623608071863 44.5
    endloop
  endfacet
  facet normal -0.15643446504022976 0.9876883405951379 0
    outer loop
      vertex -1.1498130959441881 10.939740849051006 35
      vertex -2.2870285989953527 10.759623608071863 44.5
      vertex -1.1498130959441881 10.939740849051006 44.5
    endloop
  endfacet
  facet normal -0.05233595624294448 0.9986295347545738 0
    outer loop
      vertex -1.1498130959441881 10.939740849051006 44.5
      vertex 0 11 44.5
      vertex 0 11 35
    endloop
  endfacet
  facet normal 0.05233595624294448 -0.9986295347545738 0
    outer loop
      vertex 0 -11 35
      vertex 1.1498130959441881 -10.939740849051006 35
      vertex 1.1498130959441881 -10.939740849051006 44.5
    endloop
  endfacet
  facet normal 0.15643446504022976 -0.9876883405951379 0
    outer loop
      vertex 1.1498130959441881 -10.939740849051006 35
      vertex 2.2870285989953527 -10.759623608071863 35
      vertex 2.2870285989953527 -10.759623608071863 44.5
    endloop
  endfacet
  facet normal 0.25881904510252207 -0.965925826289068 0
    outer loop
      vertex 2.2870285989953527 -10.759623608071863 35
      vertex 3.3991869381244215 -10.461621679246688 35
      vertex 3.3991869381244215 -10.461621679246688 44.5
    endloop
  endfacet
  facet normal 0.35836794954530027 -0.9335804264972019 0
    outer loop
      vertex 3.3991869381244215 -10.461621679246688 35
      vertex 4.474103073833803 -10.049000034068609 35
      vertex 4.474103073833803 -10.049000034068609 44.5
    endloop
  endfacet
  facet normal 0.45399049973954636 -0.8910065241883681 0
    outer loop
      vertex 4.474103073833803 -10.049000034068609 35
      vertex 5.5 -9.526279441628825 35
      vertex 5.5 -9.526279441628825 44.5
    endloop
  endfacet
  facet normal 0.5446390350150262 -0.8386705679454247 0
    outer loop
      vertex 5.5 -9.526279441628825 35
      vertex 6.465637775217204 -8.899186938124423 35
      vertex 6.465637775217204 -8.899186938124423 44.5
    endloop
  endfacet
  facet normal 0.05233595624294448 -0.9986295347545738 0
    outer loop
      vertex 0 -11 35
      vertex 1.1498130959441881 -10.939740849051006 44.5
      vertex 0 -11 44.5
    endloop
  endfacet
  facet normal 0.15643446504022976 -0.9876883405951379 0
    outer loop
      vertex 1.1498130959441881 -10.939740849051006 35
      vertex 2.2870285989953527 -10.759623608071863 44.5
      vertex 1.1498130959441881 -10.939740849051006 44.5
    endloop
  endfacet
  facet normal 0.25881904510252207 -0.965925826289068 0
    outer loop
      vertex 2.2870285989953527 -10.759623608071863 35
      vertex 3.3991869381244215 -10.461621679246688 44.5
      vertex 2.2870285989953527 -10.759623608071863 44.5
    endloop
  endfacet
  facet normal 0.35836794954530027 -0.9335804264972019 0
    outer loop
      vertex 3.3991869381244215 -10.461621679246688 35
      vertex 4.474103073833803 -10.049000034068609 44.5
      vertex 3.3991869381244215 -10.461621679246688 44.5
    endloop
  endfacet
  facet normal 0.45399049973954636 -0.8910065241883681 0
    outer loop
      vertex 4.474103073833803 -10.049000034068609 35
      vertex 5.5 -9.526279441628825 44.5
      vertex 4.474103073833803 -10.049000034068609 44.5
    endloop
  endfacet
  facet normal 0.5446390350150262 -0.8386705679454247 0
    outer loop
      vertex 5.5 -9.526279441628825 35
      vertex 6.465637775217204 -8.899186938124423 44.5
      vertex 5.5 -9.526279441628825 44.5
    endloop
  endfacet
  facet normal 0.6293203910498383 -0.7771459614569703 0
    outer loop
      vertex 6.465637775217204 -8.899186938124423 35
      vertex 7.360436669947441 -8.174593080251336 35
      vertex 7.360436669947441 -8.174593080251336 44.5
    endloop
  endfacet
  facet normal 0.6293203910498383 -0.7771459614569703 0
    outer loop
      vertex 6.465637775217204 -8.899186938124423 35
      vertex 7.360436669947441 -8.174593080251336 44.5
      vertex 6.465637775217204 -8.899186938124423 44.5
    endloop
  endfacet
  facet normal 0.7071067811865476 -0.7071067811865476 0
    outer loop
      vertex 7.360436669947441 -8.174593080251336 35
      vertex 8.174593080251336 -7.360436669947441 35
      vertex 7.360436669947441 -8.174593080251336 44.5
    endloop
  endfacet
  facet normal 0.7771459614569703 -0.6293203910498383 0
    outer loop
      vertex 8.174593080251336 -7.360436669947441 35
      vertex 8.899186938124423 -6.465637775217204 35
      vertex 8.174593080251336 -7.360436669947441 44.5
    endloop
  endfacet
  facet normal 0.8386705679454247 -0.5446390350150262 0
    outer loop
      vertex 8.899186938124423 -6.465637775217204 35
      vertex 9.526279441628825 -5.5 35
      vertex 8.899186938124423 -6.465637775217204 44.5
    endloop
  endfacet
  facet normal 0.7071067811865476 -0.7071067811865476 0
    outer loop
      vertex 8.174593080251336 -7.360436669947441 35
      vertex 8.174593080251336 -7.360436669947441 44.5
      vertex 7.360436669947441 -8.174593080251336 44.5
    endloop
  endfacet
  facet normal 0.7771459614569703 -0.6293203910498383 0
    outer loop
      vertex 8.899186938124423 -6.465637775217204 35
      vertex 8.899186938124423 -6.465637775217204 44.5
      vertex 8.174593080251336 -7.360436669947441 44.5
    endloop
  endfacet
  facet normal 0.8386705679454247 -0.5446390350150262 0
    outer loop
      vertex 8.899186938124423 -6.465637775217204 44.5
      vertex 9.526279441628825 -5.5 35
      vertex 9.526279441628825 -5.5 44.5
    endloop
  endfacet
  facet normal 0.8910065241883681 -0.45399049973954636 0
    outer loop
      vertex 9.526279441628825 -5.5 35
      vertex 10.049000034068609 -4.474103073833803 35
      vertex 9.526279441628825 -5.5 44.5
    endloop
  endfacet
  facet normal 0.9335804264972019 -0.35836794954530027 0
    outer loop
      vertex 10.049000034068609 -4.474103073833803 35
      vertex 10.461621679246688 -3.3991869381244215 35
      vertex 10.049000034068609 -4.474103073833803 44.5
    endloop
  endfacet
  facet normal 0.965925826289068 -0.25881904510252207 0
    outer loop
      vertex 10.461621679246688 -3.3991869381244215 35
      vertex 10.759623608071863 -2.2870285989953527 35
      vertex 10.461621679246688 -3.3991869381244215 44.5
    endloop
  endfacet
  facet normal 0.8910065241883681 -0.45399049973954636 0
    outer loop
      vertex 10.049000034068609 -4.474103073833803 35
      vertex 10.049000034068609 -4.474103073833803 44.5
      vertex 9.526279441628825 -5.5 44.5
    endloop
  endfacet
  facet normal 0.9335804264972019 -0.35836794954530027 0
    outer loop
      vertex 10.461621679246688 -3.3991869381244215 35
      vertex 10.461621679246688 -3.3991869381244215 44.5
      vertex 10.049000034068609 -4.474103073833803 44.5
    endloop
  endfacet
  facet normal 0.9876883405951379 -0.15643446504022976 0
    outer loop
      vertex 10.759623608071863 -2.2870285989953527 35
      vertex 10.939740849051006 -1.1498130959441881 35
      vertex 10.759623608071863 -2.2870285989953527 44.5
    endloop
  endfacet
  facet normal 0.9986295347545738 -0.05233595624294448 0
    outer loop
      vertex 10.939740849051006 -1.1498130959441881 35
      vertex 11 0 35
      vertex 10.939740849051006 -1.1498130959441881 44.5
    endloop
  endfacet
  facet normal 0.965925826289068 -0.25881904510252207 0
    outer loop
      vertex 10.461621679246688 -3.3991869381244215 44.5
      vertex 10.759623608071863 -2.2870285989953527 35
      vertex 10.759623608071863 -2.2870285989953527 44.5
    endloop
  endfacet
  facet normal 0.9876883405951379 -0.15643446504022976 0
    outer loop
      vertex 10.939740849051006 -1.1498130959441881 35
      vertex 10.939740849051006 -1.1498130959441881 44.5
      vertex 10.759623608071863 -2.2870285989953527 44.5
    endloop
  endfacet
  facet normal 0.9986295347545738 -0.05233595624294448 0
    outer loop
      vertex 10.939740849051006 -1.1498130959441881 44.5
      vertex 11 0 35
      vertex 11 0 44.5
    endloop
  endfacet
  facet normal 0.9986295347545738 0.05233595624294448 0
    outer loop
      vertex 11 0 35
      vertex 10.939740849051006 1.1498130959441881 35
      vertex 11 0 44.5
    endloop
  endfacet
  facet normal 0.9876883405951379 0.15643446504022976 0
    outer loop
      vertex 10.939740849051006 1.1498130959441881 35
      vertex 10.759623608071863 2.2870285989953527 35
      vertex 10.939740849051006 1.1498130959441881 44.5
    endloop
  endfacet
  facet normal 0.965925826289068 0.25881904510252207 0
    outer loop
      vertex 10.759623608071863 2.2870285989953527 35
      vertex 10.461621679246688 3.3991869381244215 35
      vertex 10.759623608071863 2.2870285989953527 44.5
    endloop
  endfacet
  facet normal 0.9986295347545738 0.05233595624294448 0
    outer loop
      vertex 10.939740849051006 1.1498130959441881 35
      vertex 10.939740849051006 1.1498130959441881 44.5
      vertex 11 0 44.5
    endloop
  endfacet
  facet normal 0.9876883405951379 0.15643446504022976 0
    outer loop
      vertex 10.759623608071863 2.2870285989953527 35
      vertex 10.759623608071863 2.2870285989953527 44.5
      vertex 10.939740849051006 1.1498130959441881 44.5
    endloop
  endfacet
  facet normal 0.9335804264972019 0.35836794954530027 0
    outer loop
      vertex 10.461621679246688 3.3991869381244215 35
      vertex 10.049000034068609 4.474103073833803 35
      vertex 10.461621679246688 3.3991869381244215 44.5
    endloop
  endfacet
  facet normal 0.8910065241883681 0.45399049973954636 0
    outer loop
      vertex 10.049000034068609 4.474103073833803 35
      vertex 9.526279441628825 5.5 35
      vertex 10.049000034068609 4.474103073833803 44.5
    endloop
  endfacet
  facet normal 0.965925826289068 0.25881904510252207 0
    outer loop
      vertex 10.759623608071863 2.2870285989953527 44.5
      vertex 10.461621679246688 3.3991869381244215 35
      vertex 10.461621679246688 3.3991869381244215 44.5
    endloop
  endfacet
  facet normal 0.9335804264972019 0.35836794954530027 0
    outer loop
      vertex 10.049000034068609 4.474103073833803 35
      vertex 10.049000034068609 4.474103073833803 44.5
      vertex 10.461621679246688 3.3991869381244215 44.5
    endloop
  endfacet
  facet normal 0.8910065241883681 0.45399049973954636 0
    outer loop
      vertex 10.049000034068609 4.474103073833803 44.5
      vertex 9.526279441628825 5.5 35
      vertex 9.526279441628825 5.5 44.5
    endloop
  endfacet
  facet normal 0.05233595624294448 0.9986295347545738 0
    outer loop
      vertex 0 11 35
      vertex 0 11 44.5
      vertex 1.1498130959441881 10.939740849051006 35
    endloop
  endfacet
  facet normal 0.15643446504022976 0.9876883405951379 0
    outer loop
      vertex 1.1498130959441881 10.939740849051006 35
      vertex 1.1498130959441881 10.939740849051006 44.5
      vertex 2.2870285989953527 10.759623608071863 35
    endloop
  endfacet
  facet normal 0.25881904510252207 0.965925826289068 0
    outer loop
      vertex 2.2870285989953527 10.759623608071863 35
      vertex 2.2870285989953527 10.759623608071863 44.5
      vertex 3.3991869381244215 10.461621679246688 35
    endloop
  endfacet
  facet normal 0.5446390350150262 0.8386705679454247 0
    outer loop
      vertex 5.5 9.526279441628825 35
      vertex 5.5 9.526279441628825 44.5
      vertex 6.465637775217204 8.899186938124423 35
    endloop
  endfacet
  facet normal 0.35836794954530027 0.9335804264972019 0
    outer loop
      vertex 4.474103073833803 10.049000034068609 35
      vertex 3.3991869381244215 10.461621679246688 35
      vertex 3.3991869381244215 10.461621679246688 44.5
    endloop
  endfacet
  facet normal 0.45399049973954636 0.8910065241883681 0
    outer loop
      vertex 5.5 9.526279441628825 35
      vertex 4.474103073833803 10.049000034068609 35
      vertex 4.474103073833803 10.049000034068609 44.5
    endloop
  endfacet
  facet normal 0.05233595624294448 0.9986295347545738 0
    outer loop
      vertex 1.1498130959441881 10.939740849051006 35
      vertex 0 11 44.5
      vertex 1.1498130959441881 10.939740849051006 44.5
    endloop
  endfacet
  facet normal 0.15643446504022976 0.9876883405951379 0
    outer loop
      vertex 2.2870285989953527 10.759623608071863 35
      vertex 1.1498130959441881 10.939740849051006 44.5
      vertex 2.2870285989953527 10.759623608071863 44.5
    endloop
  endfacet
  facet normal 0.25881904510252207 0.965925826289068 0
    outer loop
      vertex 3.3991869381244215 10.461621679246688 35
      vertex 2.2870285989953527 10.759623608071863 44.5
      vertex 3.3991869381244215 10.461621679246688 44.5
    endloop
  endfacet
  facet normal 0.5446390350150262 0.8386705679454247 0
    outer loop
      vertex 5.5 9.526279441628825 44.5
      vertex 6.465637775217204 8.899186938124423 44.5
      vertex 6.465637775217204 8.899186938124423 35
    endloop
  endfacet
  facet normal 0.35836794954530027 0.9335804264972019 0
    outer loop
      vertex 4.474103073833803 10.049000034068609 35
      vertex 3.3991869381244215 10.461621679246688 44.5
      vertex 4.474103073833803 10.049000034068609 44.5
    endloop
  endfacet
  facet normal 0.45399049973954636 0.8910065241883681 0
    outer loop
      vertex 5.5 9.526279441628825 35
      vertex 4.474103073833803 10.049000034068609 44.5
      vertex 5.5 9.526279441628825 44.5
    endloop
  endfacet
  facet normal 0.8386705679454247 0.5446390350150262 0
    outer loop
      vertex 8.899186938124423 6.465637775217204 35
      vertex 9.526279441628825 5.5 44.5
      vertex 9.526279441628825 5.5 35
    endloop
  endfacet
  facet normal 0.7771459614569703 0.6293203910498383 0
    outer loop
      vertex 8.899186938124423 6.465637775217204 35
      vertex 8.174593080251336 7.360436669947441 35
      vertex 8.899186938124423 6.465637775217204 44.5
    endloop
  endfacet
  facet normal 0.7071067811865476 0.7071067811865476 0
    outer loop
      vertex 7.360436669947441 8.174593080251336 35
      vertex 8.174593080251336 7.360436669947441 44.5
      vertex 8.174593080251336 7.360436669947441 35
    endloop
  endfacet
  facet normal 0.8386705679454247 0.5446390350150262 0
    outer loop
      vertex 8.899186938124423 6.465637775217204 35
      vertex 8.899186938124423 6.465637775217204 44.5
      vertex 9.526279441628825 5.5 44.5
    endloop
  endfacet
  facet normal 0.7071067811865476 0.7071067811865476 0
    outer loop
      vertex 7.360436669947441 8.174593080251336 35
      vertex 7.360436669947441 8.174593080251336 44.5
      vertex 8.174593080251336 7.360436669947441 44.5
    endloop
  endfacet
  facet normal 0.7771459614569703 0.6293203910498383 0
    outer loop
      vertex 8.174593080251336 7.360436669947441 35
      vertex 8.174593080251336 7.360436669947441 44.5
      vertex 8.899186938124423 6.465637775217204 44.5
    endloop
  endfacet
  facet normal 0.6293203910498383 0.7771459614569703 0
    outer loop
      vertex 7.360436669947441 8.174593080251336 35
      vertex 6.465637775217204 8.899186938124423 35
      vertex 6.465637775217204 8.899186938124423 44.5
    endloop
  endfacet
  facet normal 0.6293203910498383 0.7771459614569703 0
    outer loop
      vertex 7.360436669947441 8.174593080251336 35
      vertex 6.465637775217204 8.899186938124423 44.5
      vertex 7.360436669947441 8.174593080251336 44.5
    endloop
  endfacet
  facet normal -0.4453017467181139 -0.5499018608222894 0.7066217501846234
    outer loop
      vertex -6.465637775217204 -8.899186938124423 44.5
      vertex -7.025871366768012 -7.80302066751264 45
      vertex -7.360436669947441 -8.174593080251336 44.5
    endloop
  endfacet
  facet normal -0.44530174671811185 -0.549901860822289 0.7066217501846248
    outer loop
      vertex -6.465637775217204 -8.899186938124423 44.5
      vertex -6.171745149070968 -8.494678440936948 45
      vertex -7.025871366768012 -7.80302066751264 45
    endloop
  endfacet
  facet normal -0.5003427336166779 -0.5003427336166779 0.7066217501846235
    outer loop
      vertex -7.360436669947441 -8.174593080251336 44.5
      vertex -7.025871366768012 -7.80302066751264 45
      vertex -7.80302066751264 -7.025871366768012 45
    endloop
  endfacet
  facet normal 0 0 1
    outer loop
      vertex -7.025871366768012 -7.80302066751264 45
      vertex -6.171745149070968 -8.494678440936948 45
      vertex -6.7289107760058045 -7.473212519001062 45
    endloop
  endfacet
  facet normal 0 0 1
    outer loop
      vertex -6.171745149070968 -8.494678440936948 45
      vertex -5.91088567843352 -8.135636181767886 45
      vertex -6.7289107760058045 -7.473212519001062 45
    endloop
  endfacet
  facet normal -0.5003427336166778 -0.5003427336166778 0.7066217501846233
    outer loop
      vertex -8.174593080251336 -7.360436669947441 44.5
      vertex -7.360436669947441 -8.174593080251336 44.5
      vertex -7.80302066751264 -7.025871366768012 45
    endloop
  endfacet
  facet normal 0 0 1
    outer loop
      vertex -7.025871366768012 -7.80302066751264 45
      vertex -6.7289107760058045 -7.473212519001062 45
      vertex -7.473212519001062 -6.7289107760058045 45
    endloop
  endfacet
  facet normal 0 0 1
    outer loop
      vertex -7.025871366768012 -7.80302066751264 45
      vertex -7.473212519001062 -6.7289107760058045 45
      vertex -7.80302066751264 -7.025871366768012 45
    endloop
  endfacet
  facet normal -0.5499018608222882 -0.4453017467181129 0.7066217501846248
    outer loop
      vertex -8.174593080251336 -7.360436669947441 44.5
      vertex -8.494678440936948 -6.171745149070968 45
      vertex -8.899186938124423 -6.465637775217204 44.5
    endloop
  endfacet
  facet normal -0.5499018608222903 -0.44530174671811285 0.7066217501846234
    outer loop
      vertex -8.174593080251336 -7.360436669947441 44.5
      vertex -7.80302066751264 -7.025871366768012 45
      vertex -8.494678440936948 -6.171745149070968 45
    endloop
  endfacet
  facet normal 0 0 1
    outer loop
      vertex -7.80302066751264 -7.025871366768012 45
      vertex -8.135636181767886 -5.91088567843352 45
      vertex -8.494678440936948 -6.171745149070968 45
    endloop
  endfacet
  facet normal -0.5934361481663689 -0.3853819406971232 0.7066217501846249
    outer loop
      vertex -8.899186938124423 -6.465637775217204 44.5
      vertex -8.494678440936948 -6.171745149070968 45
      vertex -9.093266739736606 -5.25 45
    endloop
  endfacet
  facet normal -0.5934361481663705 -0.38538194069712306 0.7066217501846237
    outer loop
      vertex -8.899186938124423 -6.465637775217204 44.5
      vertex -9.093266739736606 -5.25 45
      vertex -9.526279441628825 -5.5 44.5
    endloop
  endfacet
  facet normal 0 0 1
    outer loop
      vertex -8.494678440936948 -6.171745149070968 45
      vertex -8.135636181767886 -5.91088567843352 45
      vertex -8.708924112035936 -5.02809968043597 45
    endloop
  endfacet
  facet normal 0 0 1
    outer loop
      vertex -7.80302066751264 -7.025871366768012 45
      vertex -7.473212519001062 -6.7289107760058045 45
      vertex -8.135636181767886 -5.91088567843352 45
    endloop
  endfacet
  facet normal -0.253578107701381 -0.6605935554186149 0.7066217501846234
    outer loop
      vertex -3.3991869381244215 -10.461621679246688 44.5
      vertex -4.270734752295902 -9.59222730524731 45
      vertex -4.474103073833803 -10.049000034068609 44.5
    endloop
  endfacet
  facet normal -0.2535781077013801 -0.6605935554186143 0.706621750184624
    outer loop
      vertex -3.3991869381244215 -10.461621679246688 44.5
      vertex -3.244678440936948 -9.986093421099111 45
      vertex -4.270734752295902 -9.59222730524731 45
    endloop
  endfacet
  facet normal -0.3853819406971224 -0.5934361481663695 0.7066217501846249
    outer loop
      vertex -6.465637775217204 -8.899186938124423 44.5
      vertex -5.5 -9.526279441628825 44.5
      vertex -6.171745149070968 -8.494678440936948 45
    endloop
  endfacet
  facet normal -0.3853819406971239 -0.5934361481663699 0.7066217501846237
    outer loop
      vertex -5.5 -9.526279441628825 44.5
      vertex -5.25 -9.093266739736606 45
      vertex -6.171745149070968 -8.494678440936948 45
    endloop
  endfacet
  facet normal -0.32123980948750047 -0.6304686248866422 0.7066217501846237
    outer loop
      vertex -4.474103073833803 -10.049000034068609 44.5
      vertex -5.25 -9.093266739736606 45
      vertex -5.5 -9.526279441628825 44.5
    endloop
  endfacet
  facet normal 0 0 1
    outer loop
      vertex -5.25 -9.093266739736606 45
      vertex -4.270734752295902 -9.59222730524731 45
      vertex -5.02809968043597 -8.708924112035936 45
    endloop
  endfacet
  facet normal 0 0 1
    outer loop
      vertex -5.25 -9.093266739736606 45
      vertex -5.91088567843352 -8.135636181767886 45
      vertex -6.171745149070968 -8.494678440936948 45
    endloop
  endfacet
  facet normal 0 0 1
    outer loop
      vertex -5.25 -9.093266739736606 45
      vertex -5.02809968043597 -8.708924112035936 45
      vertex -5.91088567843352 -8.135636181767886 45
    endloop
  endfacet
  facet normal -0.3212398094875008 -0.6304686248866425 0.7066217501846235
    outer loop
      vertex -4.474103073833803 -10.049000034068609 44.5
      vertex -4.270734752295902 -9.59222730524731 45
      vertex -5.25 -9.093266739736606 45
    endloop
  endfacet
  facet normal 0 0 1
    outer loop
      vertex -4.270734752295902 -9.59222730524731 45
      vertex -4.09022477014206 -9.186795247272988 45
      vertex -5.02809968043597 -8.708924112035936 45
    endloop
  endfacet
  facet normal 0 0 1
    outer loop
      vertex -3.244678440936948 -9.986093421099111 45
      vertex -4.09022477014206 -9.186795247272988 45
      vertex -4.270734752295902 -9.59222730524731 45
    endloop
  endfacet
  facet normal 0 0 1
    outer loop
      vertex -3.244678440936948 -9.986093421099111 45
      vertex -3.1075365013319143 -9.564013931320417 45
      vertex -4.09022477014206 -9.186795247272988 45
    endloop
  endfacet
  facet normal -0.18313815110265505 -0.6834808847193312 0.706621750184624
    outer loop
      vertex -3.3991869381244215 -10.461621679246688 44.5
      vertex -2.2870285989953527 -10.759623608071863 44.5
      vertex -3.244678440936948 -9.986093421099111 45
    endloop
  endfacet
  facet normal -0.1831381511026551 -0.6834808847193312 0.7066217501846239
    outer loop
      vertex -3.244678440936948 -9.986093421099111 45
      vertex -2.2870285989953527 -10.759623608071863 44.5
      vertex -2.183072753586473 -10.27054980770496 45
    endloop
  endfacet
  facet normal -0.11069169459632412 -0.6988798544194937 0.706621750184624
    outer loop
      vertex -2.2870285989953527 -10.759623608071863 44.5
      vertex -1.1498130959441881 -10.939740849051006 44.5
      vertex -2.183072753586473 -10.27054980770496 45
    endloop
  endfacet
  facet normal 0 0 1
    outer loop
      vertex -3.244678440936948 -9.986093421099111 45
      vertex -2.183072753586473 -10.27054980770496 45
      vertex -3.1075365013319143 -9.564013931320417 45
    endloop
  endfacet
  facet normal 0 0 1
    outer loop
      vertex -2.183072753586473 -10.27054980770496 45
      vertex -2.090801412319356 -9.836447277337719 45
      vertex -3.1075365013319143 -9.564013931320417 45
    endloop
  endfacet
  facet normal 0 0 1
    outer loop
      vertex -2.183072753586473 -10.27054980770496 45
      vertex -1.0975488643103615 -10.44247990136687 45
      vertex -2.090801412319356 -9.836447277337719 45
    endloop
  endfacet
  facet normal -0.11069169459632439 -0.6988798544194941 0.7066217501846238
    outer loop
      vertex -2.183072753586473 -10.27054980770496 45
      vertex -1.1498130959441881 -10.939740849051006 44.5
      vertex -1.0975488643103615 -10.44247990136687 45
    endloop
  endfacet
  facet normal -0.037032476720272524 -0.7066217501846243 0.7066217501846238
    outer loop
      vertex -1.1498130959441881 -10.939740849051006 44.5
      vertex 0 -11 44.5
      vertex -1.0975488643103615 -10.44247990136687 45
    endloop
  endfacet
  facet normal 0 0 1
    outer loop
      vertex -1.0975488643103615 -10.44247990136687 45
      vertex 0 -10.5 45
      vertex -1.051159065505103 -10.00111044857558 45
    endloop
  endfacet
  facet normal -0.03703247672027231 -0.7066217501846241 0.7066217501846241
    outer loop
      vertex -1.0975488643103615 -10.44247990136687 45
      vertex 0 -11 44.5
      vertex 0 -10.5 45
    endloop
  endfacet
  facet normal 0 0 1
    outer loop
      vertex -1.0975488643103615 -10.44247990136687 45
      vertex -1.051159065505103 -10.00111044857558 45
      vertex -2.090801412319356 -9.836447277337719 45
    endloop
  endfacet
  facet normal 0 0 1
    outer loop
      vertex 0 -10.5 45
      vertex 0 -10.05619936087194 45
      vertex -1.051159065505103 -10.00111044857558 45
    endloop
  endfacet
  facet normal -0.6304686248866422 -0.32123980948750064 0.7066217501846237
    outer loop
      vertex -9.526279441628825 -5.5 44.5
      vertex -9.093266739736606 -5.25 45
      vertex -9.59222730524731 -4.270734752295902 45
    endloop
  endfacet
  facet normal -0.6304686248866426 -0.3212398094875006 0.7066217501846234
    outer loop
      vertex -9.526279441628825 -5.5 44.5
      vertex -9.59222730524731 -4.270734752295902 45
      vertex -10.049000034068609 -4.474103073833803 44.5
    endloop
  endfacet
  facet normal -0.6605935554186142 -0.2535781077013808 0.706621750184624
    outer loop
      vertex -10.049000034068609 -4.474103073833803 44.5
      vertex -9.986093421099111 -3.244678440936948 45
      vertex -10.461621679246688 -3.3991869381244215 44.5
    endloop
  endfacet
  facet normal -0.6605935554186151 -0.2535781077013804 0.7066217501846233
    outer loop
      vertex -10.049000034068609 -4.474103073833803 44.5
      vertex -9.59222730524731 -4.270734752295902 45
      vertex -9.986093421099111 -3.244678440936948 45
    endloop
  endfacet
  facet normal 0 0 1
    outer loop
      vertex -9.59222730524731 -4.270734752295902 45
      vertex -9.186795247272988 -4.09022477014206 45
      vertex -9.564013931320414 -3.1075365013319134 45
    endloop
  endfacet
  facet normal -0.6834808847193312 -0.1831381511026551 0.7066217501846241
    outer loop
      vertex -10.461621679246688 -3.3991869381244215 44.5
      vertex -9.986093421099111 -3.244678440936948 45
      vertex -10.27054980770496 -2.183072753586473 45
    endloop
  endfacet
  facet normal 0 0 1
    outer loop
      vertex -9.59222730524731 -4.270734752295902 45
      vertex -9.836447277337719 -2.090801412319356 45
      vertex -9.986093421099111 -3.244678440936948 45
    endloop
  endfacet
  facet normal 0 0 1
    outer loop
      vertex -9.59222730524731 -4.270734752295902 45
      vertex -9.564013931320414 -3.1075365013319134 45
      vertex -9.836447277337719 -2.090801412319356 45
    endloop
  endfacet
  facet normal 0 0 1
    outer loop
      vertex -8.494678440936948 -6.171745149070968 45
      vertex -8.708924112035936 -5.02809968043597 45
      vertex -9.093266739736606 -5.25 45
    endloop
  endfacet
  facet normal 0 0 1
    outer loop
      vertex -9.093266739736606 -5.25 45
      vertex -8.708924112035936 -5.02809968043597 45
      vertex -9.186795247272988 -4.09022477014206 45
    endloop
  endfacet
  facet normal 0 0 1
    outer loop
      vertex -9.59222730524731 -4.270734752295902 45
      vertex -9.093266739736606 -5.25 45
      vertex -9.186795247272988 -4.09022477014206 45
    endloop
  endfacet
  facet normal -0.6834808847193312 -0.18313815110265505 0.706621750184624
    outer loop
      vertex -10.461621679246688 -3.3991869381244215 44.5
      vertex -10.27054980770496 -2.183072753586473 45
      vertex -10.759623608071863 -2.2870285989953527 44.5
    endloop
  endfacet
  facet normal 0 0 1
    outer loop
      vertex -9.986093421099111 -3.244678440936948 45
      vertex -9.836447277337719 -2.090801412319356 45
      vertex -10.001110448575579 -1.0511590655051029 45
    endloop
  endfacet
  facet normal -0.6988798544194937 -0.11069169459632434 0.706621750184624
    outer loop
      vertex -10.759623608071863 -2.2870285989953527 44.5
      vertex -10.27054980770496 -2.183072753586473 45
      vertex -10.44247990136687 -1.0975488643103615 45
    endloop
  endfacet
  facet normal -0.6988798544194941 -0.11069169459632416 0.7066217501846238
    outer loop
      vertex -10.759623608071863 -2.2870285989953527 44.5
      vertex -10.44247990136687 -1.0975488643103615 45
      vertex -10.939740849051006 -1.1498130959441881 44.5
    endloop
  endfacet
  facet normal 0 0 1
    outer loop
      vertex -9.986093421099111 -3.244678440936948 45
      vertex -10.27054980770496 2.183072753586473 45
      vertex -10.27054980770496 -2.183072753586473 45
    endloop
  endfacet
  facet normal -0.7066217501846243 -0.037032476720272524 0.7066217501846238
    outer loop
      vertex -10.939740849051006 -1.1498130959441881 44.5
      vertex -10.44247990136687 -1.0975488643103615 45
      vertex -11 0 44.5
    endloop
  endfacet
  facet normal 0 0 1
    outer loop
      vertex -10.27054980770496 -2.183072753586473 45
      vertex -10.44247990136687 1.0975488643103615 45
      vertex -10.44247990136687 -1.0975488643103615 45
    endloop
  endfacet
  facet normal 0 0 1
    outer loop
      vertex -9.986093421099111 -3.244678440936948 45
      vertex -10.001110448575579 -1.0511590655051029 45
      vertex -10.27054980770496 2.183072753586473 45
    endloop
  endfacet
  facet normal -0.7066217501846241 -0.03703247672027231 0.7066217501846241
    outer loop
      vertex -10.44247990136687 -1.0975488643103615 45
      vertex -10.5 0 45
      vertex -11 0 44.5
    endloop
  endfacet
  facet normal 0 0 1
    outer loop
      vertex -10.44247990136687 -1.0975488643103615 45
      vertex -10.44247990136687 1.0975488643103615 45
      vertex -10.5 0 45
    endloop
  endfacet
  facet normal -0.706621750184624 0.03703247672027252 0.706621750184624
    outer loop
      vertex -11 0 44.5
      vertex -10.5 0 45
      vertex -10.939740849051006 1.1498130959441881 44.5
    endloop
  endfacet
  facet normal 0 0 1
    outer loop
      vertex -10.27054980770496 -2.183072753586473 45
      vertex -10.27054980770496 2.183072753586473 45
      vertex -10.44247990136687 1.0975488643103615 45
    endloop
  endfacet
  facet normal 0 0 1
    outer loop
      vertex -10.27054980770496 2.183072753586473 45
      vertex -10.001110448575579 -1.0511590655051029 45
      vertex -10.05619936087194 0 45
    endloop
  endfacet
  facet normal -0.7066217501846244 0.037032476720272316 0.7066217501846239
    outer loop
      vertex -10.939740849051006 1.1498130959441881 44.5
      vertex -10.5 0 45
      vertex -10.44247990136687 1.0975488643103615 45
    endloop
  endfacet
  facet normal 0 0 1
    outer loop
      vertex -10.27054980770496 2.183072753586473 45
      vertex -10.05619936087194 0 45
      vertex -10.001110448575579 1.0511590655051029 45
    endloop
  endfacet
  facet normal -0.6988798544194941 0.11069169459632416 0.7066217501846238
    outer loop
      vertex -10.939740849051006 1.1498130959441881 44.5
      vertex -10.44247990136687 1.0975488643103615 45
      vertex -10.759623608071863 2.2870285989953527 44.5
    endloop
  endfacet
  facet normal -0.6988798544194937 0.11069169459632434 0.706621750184624
    outer loop
      vertex -10.44247990136687 1.0975488643103615 45
      vertex -10.27054980770496 2.183072753586473 45
      vertex -10.759623608071863 2.2870285989953527 44.5
    endloop
  endfacet
  facet normal 0 0 1
    outer loop
      vertex -10.27054980770496 2.183072753586473 45
      vertex -10.001110448575579 1.0511590655051029 45
      vertex -9.836447277337719 2.090801412319356 45
    endloop
  endfacet
  facet normal -0.6834808847193313 0.18313815110265508 0.706621750184624
    outer loop
      vertex -10.759623608071863 2.2870285989953527 44.5
      vertex -10.27054980770496 2.183072753586473 45
      vertex -10.461621679246688 3.3991869381244215 44.5
    endloop
  endfacet
  facet normal 0 0 1
    outer loop
      vertex -10.27054980770496 2.183072753586473 45
      vertex -9.836447277337719 2.090801412319356 45
      vertex -9.986093421099111 3.244678440936948 45
    endloop
  endfacet
  facet normal -0.6834808847193312 0.1831381511026551 0.7066217501846241
    outer loop
      vertex -10.27054980770496 2.183072753586473 45
      vertex -9.986093421099111 3.244678440936948 45
      vertex -10.461621679246688 3.3991869381244215 44.5
    endloop
  endfacet
  facet normal 0 0 1
    outer loop
      vertex -9.986093421099111 3.244678440936948 45
      vertex -9.836447277337719 2.090801412319356 45
      vertex -9.564013931320414 3.107536501331913 45
    endloop
  endfacet
  facet normal -0.6605935554186142 0.2535781077013808 0.706621750184624
    outer loop
      vertex -10.461621679246688 3.3991869381244215 44.5
      vertex -9.986093421099111 3.244678440936948 45
      vertex -10.049000034068609 4.474103073833803 44.5
    endloop
  endfacet
  facet normal 0 0 1
    outer loop
      vertex -9.986093421099111 3.244678440936948 45
      vertex -9.564013931320414 3.107536501331913 45
      vertex -9.59222730524731 4.270734752295902 45
    endloop
  endfacet
  facet normal -0.6605935554186151 0.2535781077013804 0.7066217501846235
    outer loop
      vertex -9.986093421099111 3.244678440936948 45
      vertex -9.59222730524731 4.270734752295902 45
      vertex -10.049000034068609 4.474103073833803 44.5
    endloop
  endfacet
  facet normal 0 0 1
    outer loop
      vertex -9.59222730524731 4.270734752295902 45
      vertex -9.564013931320414 3.107536501331913 45
      vertex -9.186795247272988 4.09022477014206 45
    endloop
  endfacet
  facet normal -0.6304686248866425 0.3212398094875005 0.7066217501846235
    outer loop
      vertex -9.59222730524731 4.270734752295902 45
      vertex -9.526279441628825 5.5 44.5
      vertex -10.049000034068609 4.474103073833803 44.5
    endloop
  endfacet
  facet normal -0.6304686248866422 0.32123980948750064 0.7066217501846237
    outer loop
      vertex -9.59222730524731 4.270734752295902 45
      vertex -9.093266739736606 5.25 45
      vertex -9.526279441628825 5.5 44.5
    endloop
  endfacet
  facet normal 0 0 1
    outer loop
      vertex -9.59222730524731 4.270734752295902 45
      vertex -9.186795247272988 4.09022477014206 45
      vertex -8.708924112035936 5.02809968043597 45
    endloop
  endfacet
  facet normal 0 0 1
    outer loop
      vertex -9.59222730524731 4.270734752295902 45
      vertex -8.708924112035936 5.02809968043597 45
      vertex -9.093266739736606 5.25 45
    endloop
  endfacet
  facet normal 0 0 1
    outer loop
      vertex -9.093266739736606 5.25 45
      vertex -8.708924112035936 5.02809968043597 45
      vertex -8.135636181767886 5.91088567843352 45
    endloop
  endfacet
  facet normal -0.5934361481663705 0.38538194069712306 0.7066217501846237
    outer loop
      vertex -9.093266739736606 5.25 45
      vertex -8.899186938124423 6.465637775217204 44.5
      vertex -9.526279441628825 5.5 44.5
    endloop
  endfacet
  facet normal -0.5934361481663689 0.3853819406971233 0.7066217501846249
    outer loop
      vertex -9.093266739736606 5.25 45
      vertex -8.494678440936948 6.171745149070968 45
      vertex -8.899186938124423 6.465637775217204 44.5
    endloop
  endfacet
  facet normal 0 0 1
    outer loop
      vertex -9.093266739736606 5.25 45
      vertex -8.135636181767886 5.91088567843352 45
      vertex -8.494678440936948 6.171745149070968 45
    endloop
  endfacet
  facet normal 0 0 1
    outer loop
      vertex -8.494678440936948 6.171745149070968 45
      vertex -8.135636181767886 5.91088567843352 45
      vertex -7.473212519001062 6.7289107760058045 45
    endloop
  endfacet
  facet normal -0.5499018608222882 0.4453017467181129 0.7066217501846248
    outer loop
      vertex -8.494678440936948 6.171745149070968 45
      vertex -8.174593080251336 7.360436669947441 44.5
      vertex -8.899186938124423 6.465637775217204 44.5
    endloop
  endfacet
  facet normal 0 0 1
    outer loop
      vertex -8.494678440936948 6.171745149070968 45
      vertex -7.473212519001062 6.7289107760058045 45
      vertex -7.80302066751264 7.025871366768012 45
    endloop
  endfacet
  facet normal -0.5499018608222903 0.44530174671811285 0.7066217501846234
    outer loop
      vertex -8.494678440936948 6.171745149070968 45
      vertex -7.80302066751264 7.025871366768012 45
      vertex -8.174593080251336 7.360436669947441 44.5
    endloop
  endfacet
  facet normal 0 0 1
    outer loop
      vertex -7.80302066751264 7.025871366768012 45
      vertex -7.473212519001062 6.7289107760058045 45
      vertex -6.7289107760058045 7.473212519001062 45
    endloop
  endfacet
  facet normal -0.5003427336166778 0.5003427336166778 0.7066217501846233
    outer loop
      vertex -8.174593080251336 7.360436669947441 44.5
      vertex -7.80302066751264 7.025871366768012 45
      vertex -7.360436669947441 8.174593080251336 44.5
    endloop
  endfacet
  facet normal 0 0 1
    outer loop
      vertex -7.80302066751264 7.025871366768012 45
      vertex -6.7289107760058045 7.473212519001062 45
      vertex -7.025871366768012 7.80302066751264 45
    endloop
  endfacet
  facet normal -0.5003427336166779 0.5003427336166779 0.7066217501846235
    outer loop
      vertex -7.80302066751264 7.025871366768012 45
      vertex -7.025871366768012 7.80302066751264 45
      vertex -7.360436669947441 8.174593080251336 44.5
    endloop
  endfacet
  facet normal 0 0 1
    outer loop
      vertex -7.025871366768012 7.80302066751264 45
      vertex -6.7289107760058045 7.473212519001062 45
      vertex -5.91088567843352 8.135636181767886 45
    endloop
  endfacet
  facet normal 0 0 1
    outer loop
      vertex -7.025871366768012 7.80302066751264 45
      vertex -5.91088567843352 8.135636181767886 45
      vertex -6.171745149070968 8.494678440936948 45
    endloop
  endfacet
  facet normal -0.4453017467181139 0.5499018608222894 0.7066217501846234
    outer loop
      vertex -7.360436669947441 8.174593080251336 44.5
      vertex -7.025871366768012 7.80302066751264 45
      vertex -6.465637775217204 8.899186938124423 44.5
    endloop
  endfacet
  facet normal -0.44530174671811185 0.549901860822289 0.7066217501846248
    outer loop
      vertex -7.025871366768012 7.80302066751264 45
      vertex -6.171745149070968 8.494678440936948 45
      vertex -6.465637775217204 8.899186938124423 44.5
    endloop
  endfacet
  facet normal 0 0 1
    outer loop
      vertex -6.171745149070968 8.494678440936948 45
      vertex -5.91088567843352 8.135636181767886 45
      vertex -5.02809968043597 8.708924112035936 45
    endloop
  endfacet
  facet normal 0 0 1
    outer loop
      vertex -6.171745149070968 8.494678440936948 45
      vertex -5.02809968043597 8.708924112035936 45
      vertex -5.25 9.093266739736606 45
    endloop
  endfacet
  facet normal -0.3853819406971224 0.5934361481663695 0.7066217501846249
    outer loop
      vertex -6.465637775217204 8.899186938124423 44.5
      vertex -6.171745149070968 8.494678440936948 45
      vertex -5.5 9.526279441628825 44.5
    endloop
  endfacet
  facet normal -0.3853819406971239 0.5934361481663699 0.7066217501846237
    outer loop
      vertex -6.171745149070968 8.494678440936948 45
      vertex -5.25 9.093266739736606 45
      vertex -5.5 9.526279441628825 44.5
    endloop
  endfacet
  facet normal 0 0 1
    outer loop
      vertex -5.25 9.093266739736606 45
      vertex -5.02809968043597 8.708924112035936 45
      vertex -4.09022477014206 9.186795247272988 45
    endloop
  endfacet
  facet normal -0.32123980948750047 0.6304686248866422 0.7066217501846237
    outer loop
      vertex -5.5 9.526279441628825 44.5
      vertex -5.25 9.093266739736606 45
      vertex -4.474103073833803 10.049000034068609 44.5
    endloop
  endfacet
  facet normal 0 0 1
    outer loop
      vertex -5.25 9.093266739736606 45
      vertex -4.09022477014206 9.186795247272988 45
      vertex -4.270734752295902 9.59222730524731 45
    endloop
  endfacet
  facet normal -0.3212398094875008 0.6304686248866425 0.7066217501846235
    outer loop
      vertex -5.25 9.093266739736606 45
      vertex -4.270734752295902 9.59222730524731 45
      vertex -4.474103073833803 10.049000034068609 44.5
    endloop
  endfacet
  facet normal 0 0 1
    outer loop
      vertex -4.270734752295902 9.59222730524731 45
      vertex -4.09022477014206 9.186795247272988 45
      vertex -3.1075365013319143 9.564013931320417 45
    endloop
  endfacet
  facet normal -0.253578107701381 0.6605935554186149 0.7066217501846234
    outer loop
      vertex -4.270734752295902 9.59222730524731 45
      vertex -3.3991869381244215 10.461621679246688 44.5
      vertex -4.474103073833803 10.049000034068609 44.5
    endloop
  endfacet
  facet normal 0 0 1
    outer loop
      vertex -4.270734752295902 9.59222730524731 45
      vertex -3.1075365013319143 9.564013931320417 45
      vertex -3.244678440936948 9.986093421099111 45
    endloop
  endfacet
  facet normal -0.2535781077013801 0.6605935554186143 0.706621750184624
    outer loop
      vertex -4.270734752295902 9.59222730524731 45
      vertex -3.244678440936948 9.986093421099111 45
      vertex -3.3991869381244215 10.461621679246688 44.5
    endloop
  endfacet
  facet normal 0 0 1
    outer loop
      vertex -3.244678440936948 9.986093421099111 45
      vertex -3.1075365013319143 9.564013931320417 45
      vertex -2.090801412319356 9.836447277337719 45
    endloop
  endfacet
  facet normal 0 0 1
    outer loop
      vertex -3.244678440936948 9.986093421099111 45
      vertex -2.090801412319356 9.836447277337719 45
      vertex -2.183072753586473 10.27054980770496 45
    endloop
  endfacet
  facet normal 0 0 1
    outer loop
      vertex -2.183072753586473 10.27054980770496 45
      vertex -2.090801412319356 9.836447277337719 45
      vertex -1.051159065505103 10.00111044857558 45
    endloop
  endfacet
  facet normal -0.18313815110265505 0.6834808847193312 0.706621750184624
    outer loop
      vertex -3.244678440936948 9.986093421099111 45
      vertex -2.2870285989953527 10.759623608071863 44.5
      vertex -3.3991869381244215 10.461621679246688 44.5
    endloop
  endfacet
  facet normal -0.1831381511026551 0.6834808847193312 0.7066217501846239
    outer loop
      vertex -3.244678440936948 9.986093421099111 45
      vertex -2.183072753586473 10.27054980770496 45
      vertex -2.2870285989953527 10.759623608071863 44.5
    endloop
  endfacet
  facet normal -0.11069169459632412 0.6988798544194937 0.706621750184624
    outer loop
      vertex -2.183072753586473 10.27054980770496 45
      vertex -1.1498130959441881 10.939740849051006 44.5
      vertex -2.2870285989953527 10.759623608071863 44.5
    endloop
  endfacet
  facet normal 0 0 1
    outer loop
      vertex -2.183072753586473 10.27054980770496 45
      vertex -1.051159065505103 10.00111044857558 45
      vertex -1.0975488643103615 10.44247990136687 45
    endloop
  endfacet
  facet normal 0 0 1
    outer loop
      vertex -1.0975488643103615 10.44247990136687 45
      vertex -1.051159065505103 10.00111044857558 45
      vertex 0 10.05619936087194 45
    endloop
  endfacet
  facet normal -0.11069169459632439 0.6988798544194941 0.7066217501846238
    outer loop
      vertex -2.183072753586473 10.27054980770496 45
      vertex -1.0975488643103615 10.44247990136687 45
      vertex -1.1498130959441881 10.939740849051006 44.5
    endloop
  endfacet
  facet normal 0 0 1
    outer loop
      vertex -1.0975488643103615 10.44247990136687 45
      vertex 0 10.05619936087194 45
      vertex 0 10.5 45
    endloop
  endfacet
  facet normal -0.03703247672027231 0.7066217501846241 0.7066217501846241
    outer loop
      vertex -1.0975488643103615 10.44247990136687 45
      vertex 0 10.5 45
      vertex 0 11 44.5
    endloop
  endfacet
  facet normal -0.037032476720272524 0.7066217501846243 0.7066217501846238
    outer loop
      vertex -1.0975488643103615 10.44247990136687 45
      vertex 0 11 44.5
      vertex -1.1498130959441881 10.939740849051006 44.5
    endloop
  endfacet
  facet normal 0.037032476720272524 -0.7066217501846243 0.7066217501846238
    outer loop
      vertex 0 -11 44.5
      vertex 1.1498130959441881 -10.939740849051006 44.5
      vertex 1.0975488643103615 -10.44247990136687 45
    endloop
  endfacet
  facet normal 0.03703247672027231 -0.7066217501846241 0.7066217501846241
    outer loop
      vertex 0 -11 44.5
      vertex 1.0975488643103615 -10.44247990136687 45
      vertex 0 -10.5 45
    endloop
  endfacet
  facet normal 0 0 1
    outer loop
      vertex 0 -10.5 45
      vertex 1.0975488643103615 -10.44247990136687 45
      vertex 0 -10.05619936087194 45
    endloop
  endfacet
  facet normal 0.11069169459632439 -0.6988798544194941 0.7066217501846238
    outer loop
      vertex 1.1498130959441881 -10.939740849051006 44.5
      vertex 2.183072753586473 -10.27054980770496 45
      vertex 1.0975488643103615 -10.44247990136687 45
    endloop
  endfacet
  facet normal 0 0 1
    outer loop
      vertex 1.0975488643103615 -10.44247990136687 45
      vertex 1.051159065505103 -10.00111044857558 45
      vertex 0 -10.05619936087194 45
    endloop
  endfacet
  facet normal 0 0 1
    outer loop
      vertex 1.0975488643103615 -10.44247990136687 45
      vertex 2.183072753586473 -10.27054980770496 45
      vertex 1.051159065505103 -10.00111044857558 45
    endloop
  endfacet
  facet normal 0.11069169459632412 -0.6988798544194937 0.706621750184624
    outer loop
      vertex 1.1498130959441881 -10.939740849051006 44.5
      vertex 2.2870285989953527 -10.759623608071863 44.5
      vertex 2.183072753586473 -10.27054980770496 45
    endloop
  endfacet
  facet normal 0.1831381511026551 -0.6834808847193312 0.7066217501846241
    outer loop
      vertex 2.2870285989953527 -10.759623608071863 44.5
      vertex 3.244678440936948 -9.986093421099111 45
      vertex 2.183072753586473 -10.27054980770496 45
    endloop
  endfacet
  facet normal 0.18313815110265505 -0.6834808847193312 0.706621750184624
    outer loop
      vertex 2.2870285989953527 -10.759623608071863 44.5
      vertex 3.3991869381244215 -10.461621679246688 44.5
      vertex 3.244678440936948 -9.986093421099111 45
    endloop
  endfacet
  facet normal 0 0 1
    outer loop
      vertex 2.183072753586473 -10.27054980770496 45
      vertex 2.090801412319356 -9.836447277337719 45
      vertex 1.051159065505103 -10.00111044857558 45
    endloop
  endfacet
  facet normal 0 0 1
    outer loop
      vertex 2.183072753586473 -10.27054980770496 45
      vertex 3.244678440936948 -9.986093421099111 45
      vertex 2.090801412319356 -9.836447277337719 45
    endloop
  endfacet
  facet normal 0 0 1
    outer loop
      vertex 3.244678440936948 -9.986093421099111 45
      vertex 3.1075365013319143 -9.564013931320417 45
      vertex 2.090801412319356 -9.836447277337719 45
    endloop
  endfacet
  facet normal 0.2535781077013801 -0.6605935554186143 0.706621750184624
    outer loop
      vertex 3.3991869381244215 -10.461621679246688 44.5
      vertex 4.270734752295902 -9.59222730524731 45
      vertex 3.244678440936948 -9.986093421099111 45
    endloop
  endfacet
  facet normal 0 0 1
    outer loop
      vertex 3.244678440936948 -9.986093421099111 45
      vertex 4.270734752295902 -9.59222730524731 45
      vertex 3.1075365013319143 -9.564013931320417 45
    endloop
  endfacet
  facet normal 0.253578107701381 -0.6605935554186149 0.7066217501846234
    outer loop
      vertex 3.3991869381244215 -10.461621679246688 44.5
      vertex 4.474103073833803 -10.049000034068609 44.5
      vertex 4.270734752295902 -9.59222730524731 45
    endloop
  endfacet
  facet normal 0 0 1
    outer loop
      vertex 4.270734752295902 -9.59222730524731 45
      vertex 4.09022477014206 -9.186795247272988 45
      vertex 3.1075365013319143 -9.564013931320417 45
    endloop
  endfacet
  facet normal 0.3212398094875008 -0.6304686248866425 0.7066217501846235
    outer loop
      vertex 4.474103073833803 -10.049000034068609 44.5
      vertex 5.25 -9.093266739736606 45
      vertex 4.270734752295902 -9.59222730524731 45
    endloop
  endfacet
  facet normal 0 0 1
    outer loop
      vertex 4.270734752295902 -9.59222730524731 45
      vertex 5.25 -9.093266739736606 45
      vertex 4.09022477014206 -9.186795247272988 45
    endloop
  endfacet
  facet normal 0.32123980948750047 -0.6304686248866422 0.7066217501846237
    outer loop
      vertex 4.474103073833803 -10.049000034068609 44.5
      vertex 5.5 -9.526279441628825 44.5
      vertex 5.25 -9.093266739736606 45
    endloop
  endfacet
  facet normal 0 0 1
    outer loop
      vertex 5.25 -9.093266739736606 45
      vertex 5.02809968043597 -8.708924112035936 45
      vertex 4.09022477014206 -9.186795247272988 45
    endloop
  endfacet
  facet normal 0.3853819406971239 -0.5934361481663699 0.7066217501846237
    outer loop
      vertex 5.25 -9.093266739736606 45
      vertex 5.5 -9.526279441628825 44.5
      vertex 6.171745149070968 -8.494678440936948 45
    endloop
  endfacet
  facet normal 0.3853819406971224 -0.5934361481663695 0.7066217501846249
    outer loop
      vertex 5.5 -9.526279441628825 44.5
      vertex 6.465637775217204 -8.899186938124423 44.5
      vertex 6.171745149070968 -8.494678440936948 45
    endloop
  endfacet
  facet normal 0 0 1
    outer loop
      vertex 5.25 -9.093266739736606 45
      vertex 6.171745149070968 -8.494678440936948 45
      vertex 5.02809968043597 -8.708924112035936 45
    endloop
  endfacet
  facet normal 0 0 1
    outer loop
      vertex 6.171745149070968 -8.494678440936948 45
      vertex 5.91088567843352 -8.135636181767886 45
      vertex 5.02809968043597 -8.708924112035936 45
    endloop
  endfacet
  facet normal 0.44530174671811185 -0.549901860822289 0.7066217501846248
    outer loop
      vertex 6.171745149070968 -8.494678440936948 45
      vertex 6.465637775217204 -8.899186938124423 44.5
      vertex 7.025871366768012 -7.80302066751264 45
    endloop
  endfacet
  facet normal 0.4453017467181139 -0.5499018608222894 0.7066217501846234
    outer loop
      vertex 6.465637775217204 -8.899186938124423 44.5
      vertex 7.360436669947441 -8.174593080251336 44.5
      vertex 7.025871366768012 -7.80302066751264 45
    endloop
  endfacet
  facet normal 0 0 1
    outer loop
      vertex 6.171745149070968 -8.494678440936948 45
      vertex 7.025871366768012 -7.80302066751264 45
      vertex 5.91088567843352 -8.135636181767886 45
    endloop
  endfacet
  facet normal 0 0 1
    outer loop
      vertex 7.025871366768012 -7.80302066751264 45
      vertex 6.7289107760058045 -7.473212519001062 45
      vertex 5.91088567843352 -8.135636181767886 45
    endloop
  endfacet
  facet normal 0.5003427336166779 -0.5003427336166779 0.7066217501846233
    outer loop
      vertex 7.025871366768012 -7.80302066751264 45
      vertex 7.360436669947441 -8.174593080251336 44.5
      vertex 7.80302066751264 -7.025871366768012 45
    endloop
  endfacet
  facet normal 0 0 1
    outer loop
      vertex 7.025871366768012 -7.80302066751264 45
      vertex 7.80302066751264 -7.025871366768012 45
      vertex 6.7289107760058045 -7.473212519001062 45
    endloop
  endfacet
  facet normal 0.5003427336166778 -0.5003427336166778 0.7066217501846234
    outer loop
      vertex 7.360436669947441 -8.174593080251336 44.5
      vertex 8.174593080251336 -7.360436669947441 44.5
      vertex 7.80302066751264 -7.025871366768012 45
    endloop
  endfacet
  facet normal 0 0 1
    outer loop
      vertex 7.80302066751264 -7.025871366768012 45
      vertex 7.473212519001062 -6.7289107760058045 45
      vertex 6.7289107760058045 -7.473212519001062 45
    endloop
  endfacet
  facet normal 0.5499018608222903 -0.44530174671811285 0.7066217501846234
    outer loop
      vertex 7.80302066751264 -7.025871366768012 45
      vertex 8.174593080251336 -7.360436669947441 44.5
      vertex 8.494678440936948 -6.171745149070968 45
    endloop
  endfacet
  facet normal 0 0 1
    outer loop
      vertex 7.80302066751264 -7.025871366768012 45
      vertex 8.494678440936948 -6.171745149070968 45
      vertex 7.473212519001062 -6.7289107760058045 45
    endloop
  endfacet
  facet normal 0.5499018608222882 -0.4453017467181129 0.7066217501846248
    outer loop
      vertex 8.174593080251336 -7.360436669947441 44.5
      vertex 8.899186938124423 -6.465637775217204 44.5
      vertex 8.494678440936948 -6.171745149070968 45
    endloop
  endfacet
  facet normal 0 0 1
    outer loop
      vertex 8.494678440936948 -6.171745149070968 45
      vertex 8.135636181767886 -5.91088567843352 45
      vertex 7.473212519001062 -6.7289107760058045 45
    endloop
  endfacet
  facet normal 0 0 1
    outer loop
      vertex 8.494678440936948 -6.171745149070968 45
      vertex 9.093266739736606 -5.25 45
      vertex 8.135636181767886 -5.91088567843352 45
    endloop
  endfacet
  facet normal 0.5934361481663689 -0.3853819406971232 0.7066217501846249
    outer loop
      vertex 8.899186938124423 -6.465637775217204 44.5
      vertex 9.093266739736606 -5.25 45
      vertex 8.494678440936948 -6.171745149070968 45
    endloop
  endfacet
  facet normal 0.5934361481663705 -0.38538194069712306 0.7066217501846237
    outer loop
      vertex 8.899186938124423 -6.465637775217204 44.5
      vertex 9.526279441628825 -5.5 44.5
      vertex 9.093266739736606 -5.25 45
    endloop
  endfacet
  facet normal 0 0 1
    outer loop
      vertex 9.093266739736606 -5.25 45
      vertex 8.708924112035936 -5.02809968043597 45
      vertex 8.135636181767886 -5.91088567843352 45
    endloop
  endfacet
  facet normal 0 0 1
    outer loop
      vertex 9.093266739736606 -5.25 45
      vertex 9.59222730524731 -4.270734752295902 45
      vertex 8.708924112035936 -5.02809968043597 45
    endloop
  endfacet
  facet normal 0 0 1
    outer loop
      vertex 9.59222730524731 -4.270734752295902 45
      vertex 9.186795247272988 -4.09022477014206 45
      vertex 8.708924112035936 -5.02809968043597 45
    endloop
  endfacet
  facet normal 0.6304686248866422 -0.32123980948750064 0.7066217501846237
    outer loop
      vertex 9.093266739736606 -5.25 45
      vertex 9.526279441628825 -5.5 44.5
      vertex 9.59222730524731 -4.270734752295902 45
    endloop
  endfacet
  facet normal 0.6304686248866426 -0.3212398094875006 0.7066217501846234
    outer loop
      vertex 9.526279441628825 -5.5 44.5
      vertex 10.049000034068609 -4.474103073833803 44.5
      vertex 9.59222730524731 -4.270734752295902 45
    endloop
  endfacet
  facet normal 0 0 1
    outer loop
      vertex 9.59222730524731 -4.270734752295902 45
      vertex 9.564013931320414 -3.107536501331913 45
      vertex 9.186795247272988 -4.09022477014206 45
    endloop
  endfacet
  facet normal 0.6605935554186151 -0.2535781077013804 0.7066217501846233
    outer loop
      vertex 10.049000034068609 -4.474103073833803 44.5
      vertex 9.986093421099111 -3.244678440936948 45
      vertex 9.59222730524731 -4.270734752295902 45
    endloop
  endfacet
  facet normal 0 0 1
    outer loop
      vertex 9.59222730524731 -4.270734752295902 45
      vertex 9.986093421099111 -3.244678440936948 45
      vertex 9.564013931320414 -3.107536501331913 45
    endloop
  endfacet
  facet normal 0.6605935554186142 -0.2535781077013808 0.706621750184624
    outer loop
      vertex 10.049000034068609 -4.474103073833803 44.5
      vertex 10.461621679246688 -3.3991869381244215 44.5
      vertex 9.986093421099111 -3.244678440936948 45
    endloop
  endfacet
  facet normal 0 0 1
    outer loop
      vertex 9.986093421099111 -3.244678440936948 45
      vertex 9.836447277337719 -2.090801412319356 45
      vertex 9.564013931320414 -3.107536501331913 45
    endloop
  endfacet
  facet normal 0.6834808847193312 -0.1831381511026551 0.7066217501846241
    outer loop
      vertex 9.986093421099111 -3.244678440936948 45
      vertex 10.461621679246688 -3.3991869381244215 44.5
      vertex 10.27054980770496 -2.183072753586473 45
    endloop
  endfacet
  facet normal 0 0 1
    outer loop
      vertex 9.986093421099111 -3.244678440936948 45
      vertex 10.27054980770496 -2.183072753586473 45
      vertex 9.836447277337719 -2.090801412319356 45
    endloop
  endfacet
  facet normal 0.6834808847193312 -0.18313815110265505 0.706621750184624
    outer loop
      vertex 10.461621679246688 -3.3991869381244215 44.5
      vertex 10.759623608071863 -2.2870285989953527 44.5
      vertex 10.27054980770496 -2.183072753586473 45
    endloop
  endfacet
  facet normal 0 0 1
    outer loop
      vertex 10.27054980770496 -2.183072753586473 45
      vertex 10.001110448575579 -1.0511590655051029 45
      vertex 9.836447277337719 -2.090801412319356 45
    endloop
  endfacet
  facet normal 0.6988798544194937 -0.11069169459632434 0.706621750184624
    outer loop
      vertex 10.27054980770496 -2.183072753586473 45
      vertex 10.759623608071863 -2.2870285989953527 44.5
      vertex 10.44247990136687 -1.0975488643103615 45
    endloop
  endfacet
  facet normal 0.6988798544194941 -0.11069169459632416 0.7066217501846238
    outer loop
      vertex 10.759623608071863 -2.2870285989953527 44.5
      vertex 10.939740849051006 -1.1498130959441881 44.5
      vertex 10.44247990136687 -1.0975488643103615 45
    endloop
  endfacet
  facet normal 0 0 1
    outer loop
      vertex 10.27054980770496 -2.183072753586473 45
      vertex 10.05619936087194 0 45
      vertex 10.001110448575579 -1.0511590655051029 45
    endloop
  endfacet
  facet normal 0.7066217501846244 -0.037032476720272316 0.7066217501846239
    outer loop
      vertex 10.44247990136687 -1.0975488643103615 45
      vertex 10.939740849051006 -1.1498130959441881 44.5
      vertex 10.5 0 45
    endloop
  endfacet
  facet normal 0 0 1
    outer loop
      vertex 10.27054980770496 -2.183072753586473 45
      vertex 10.001110448575579 1.0511590655051029 45
      vertex 10.05619936087194 0 45
    endloop
  endfacet
  facet normal 0 0 1
    outer loop
      vertex 10.27054980770496 -2.183072753586473 45
      vertex 10.44247990136687 -1.0975488643103615 45
      vertex 10.27054980770496 2.183072753586473 45
    endloop
  endfacet
  facet normal 0.706621750184624 -0.03703247672027252 0.706621750184624
    outer loop
      vertex 10.939740849051006 -1.1498130959441881 44.5
      vertex 11 0 44.5
      vertex 10.5 0 45
    endloop
  endfacet
  facet normal 0 0 1
    outer loop
      vertex 10.44247990136687 -1.0975488643103615 45
      vertex 10.5 0 45
      vertex 10.44247990136687 1.0975488643103615 45
    endloop
  endfacet
  facet normal 0.7066217501846241 0.03703247672027231 0.7066217501846241
    outer loop
      vertex 10.5 0 45
      vertex 11 0 44.5
      vertex 10.44247990136687 1.0975488643103615 45
    endloop
  endfacet
  facet normal 0 0 1
    outer loop
      vertex 10.27054980770496 -2.183072753586473 45
      vertex 9.986093421099111 3.244678440936948 45
      vertex 10.001110448575579 1.0511590655051029 45
    endloop
  endfacet
  facet normal 0 0 1
    outer loop
      vertex 10.44247990136687 -1.0975488643103615 45
      vertex 10.44247990136687 1.0975488643103615 45
      vertex 10.27054980770496 2.183072753586473 45
    endloop
  endfacet
  facet normal 0.7066217501846243 0.037032476720272524 0.7066217501846238
    outer loop
      vertex 10.44247990136687 1.0975488643103615 45
      vertex 11 0 44.5
      vertex 10.939740849051006 1.1498130959441881 44.5
    endloop
  endfacet
  facet normal 0 0 1
    outer loop
      vertex 10.27054980770496 -2.183072753586473 45
      vertex 10.27054980770496 2.183072753586473 45
      vertex 9.986093421099111 3.244678440936948 45
    endloop
  endfacet
  facet normal 0.6988798544194941 0.11069169459632416 0.7066217501846238
    outer loop
      vertex 10.44247990136687 1.0975488643103615 45
      vertex 10.939740849051006 1.1498130959441881 44.5
      vertex 10.759623608071863 2.2870285989953527 44.5
    endloop
  endfacet
  facet normal 0.6988798544194937 0.11069169459632434 0.706621750184624
    outer loop
      vertex 10.44247990136687 1.0975488643103615 45
      vertex 10.759623608071863 2.2870285989953527 44.5
      vertex 10.27054980770496 2.183072753586473 45
    endloop
  endfacet
  facet normal 0 0 1
    outer loop
      vertex 9.986093421099111 3.244678440936948 45
      vertex 9.836447277337719 2.090801412319356 45
      vertex 10.001110448575579 1.0511590655051029 45
    endloop
  endfacet
  facet normal 0.6834808847193312 0.18313815110265505 0.706621750184624
    outer loop
      vertex 10.27054980770496 2.183072753586473 45
      vertex 10.759623608071863 2.2870285989953527 44.5
      vertex 10.461621679246688 3.3991869381244215 44.5
    endloop
  endfacet
  facet normal 0 0 1
    outer loop
      vertex 9.093266739736606 5.25 45
      vertex 9.186795247272988 4.09022477014206 45
      vertex 9.59222730524731 4.270734752295902 45
    endloop
  endfacet
  facet normal 0 0 1
    outer loop
      vertex 9.093266739736606 5.25 45
      vertex 8.708924112035936 5.02809968043597 45
      vertex 9.186795247272988 4.09022477014206 45
    endloop
  endfacet
  facet normal 0 0 1
    outer loop
      vertex 9.093266739736606 5.25 45
      vertex 8.494678440936948 6.171745149070968 45
      vertex 8.708924112035936 5.02809968043597 45
    endloop
  endfacet
  facet normal 0 0 1
    outer loop
      vertex 9.59222730524731 4.270734752295902 45
      vertex 9.564013931320414 3.1075365013319134 45
      vertex 9.836447277337719 2.090801412319356 45
    endloop
  endfacet
  facet normal 0 0 1
    outer loop
      vertex 9.986093421099111 3.244678440936948 45
      vertex 9.59222730524731 4.270734752295902 45
      vertex 9.836447277337719 2.090801412319356 45
    endloop
  endfacet
  facet normal 0.6834808847193312 0.1831381511026551 0.7066217501846241
    outer loop
      vertex 10.27054980770496 2.183072753586473 45
      vertex 10.461621679246688 3.3991869381244215 44.5
      vertex 9.986093421099111 3.244678440936948 45
    endloop
  endfacet
  facet normal 0 0 1
    outer loop
      vertex 9.59222730524731 4.270734752295902 45
      vertex 9.186795247272988 4.09022477014206 45
      vertex 9.564013931320414 3.1075365013319134 45
    endloop
  endfacet
  facet normal 0.6605935554186151 0.2535781077013804 0.7066217501846235
    outer loop
      vertex 9.986093421099111 3.244678440936948 45
      vertex 10.049000034068609 4.474103073833803 44.5
      vertex 9.59222730524731 4.270734752295902 45
    endloop
  endfacet
  facet normal 0.6605935554186142 0.2535781077013808 0.706621750184624
    outer loop
      vertex 9.986093421099111 3.244678440936948 45
      vertex 10.461621679246688 3.3991869381244215 44.5
      vertex 10.049000034068609 4.474103073833803 44.5
    endloop
  endfacet
  facet normal 0.6304686248866425 0.3212398094875005 0.7066217501846235
    outer loop
      vertex 9.59222730524731 4.270734752295902 45
      vertex 10.049000034068609 4.474103073833803 44.5
      vertex 9.526279441628825 5.5 44.5
    endloop
  endfacet
  facet normal 0.6304686248866422 0.32123980948750064 0.7066217501846237
    outer loop
      vertex 9.093266739736606 5.25 45
      vertex 9.59222730524731 4.270734752295902 45
      vertex 9.526279441628825 5.5 44.5
    endloop
  endfacet
  facet normal 0 0 1
    outer loop
      vertex 0 10.5 45
      vertex 0 10.05619936087194 45
      vertex 1.051159065505103 10.00111044857558 45
    endloop
  endfacet
  facet normal 0 0 1
    outer loop
      vertex 1.0975488643103615 10.44247990136687 45
      vertex 1.051159065505103 10.00111044857558 45
      vertex 2.090801412319356 9.836447277337719 45
    endloop
  endfacet
  facet normal 0.03703247672027231 0.7066217501846241 0.7066217501846241
    outer loop
      vertex 0 10.5 45
      vertex 1.0975488643103615 10.44247990136687 45
      vertex 0 11 44.5
    endloop
  endfacet
  facet normal 0 0 1
    outer loop
      vertex 0 10.5 45
      vertex 1.051159065505103 10.00111044857558 45
      vertex 1.0975488643103615 10.44247990136687 45
    endloop
  endfacet
  facet normal 0.037032476720272524 0.7066217501846243 0.7066217501846238
    outer loop
      vertex 0 11 44.5
      vertex 1.0975488643103615 10.44247990136687 45
      vertex 1.1498130959441881 10.939740849051006 44.5
    endloop
  endfacet
  facet normal 0.11069169459632439 0.6988798544194941 0.7066217501846238
    outer loop
      vertex 1.0975488643103615 10.44247990136687 45
      vertex 2.183072753586473 10.27054980770496 45
      vertex 1.1498130959441881 10.939740849051006 44.5
    endloop
  endfacet
  facet normal 0 0 1
    outer loop
      vertex 1.0975488643103615 10.44247990136687 45
      vertex 2.090801412319356 9.836447277337719 45
      vertex 2.183072753586473 10.27054980770496 45
    endloop
  endfacet
  facet normal 0 0 1
    outer loop
      vertex 2.183072753586473 10.27054980770496 45
      vertex 2.090801412319356 9.836447277337719 45
      vertex 3.1075365013319143 9.564013931320417 45
    endloop
  endfacet
  facet normal 0 0 1
    outer loop
      vertex 2.183072753586473 10.27054980770496 45
      vertex 3.1075365013319143 9.564013931320417 45
      vertex 3.244678440936948 9.986093421099111 45
    endloop
  endfacet
  facet normal 0.11069169459632412 0.6988798544194937 0.706621750184624
    outer loop
      vertex 1.1498130959441881 10.939740849051006 44.5
      vertex 2.183072753586473 10.27054980770496 45
      vertex 2.2870285989953527 10.759623608071863 44.5
    endloop
  endfacet
  facet normal 0.1831381511026551 0.6834808847193312 0.7066217501846241
    outer loop
      vertex 2.183072753586473 10.27054980770496 45
      vertex 3.244678440936948 9.986093421099111 45
      vertex 2.2870285989953527 10.759623608071863 44.5
    endloop
  endfacet
  facet normal 0.18313815110265505 0.6834808847193312 0.706621750184624
    outer loop
      vertex 2.2870285989953527 10.759623608071863 44.5
      vertex 3.244678440936948 9.986093421099111 45
      vertex 3.3991869381244215 10.461621679246688 44.5
    endloop
  endfacet
  facet normal 0 0 1
    outer loop
      vertex 3.244678440936948 9.986093421099111 45
      vertex 3.1075365013319143 9.564013931320417 45
      vertex 4.09022477014206 9.186795247272988 45
    endloop
  endfacet
  facet normal 0 0 1
    outer loop
      vertex 4.270734752295902 9.59222730524731 45
      vertex 3.244678440936948 9.986093421099111 45
      vertex 4.09022477014206 9.186795247272988 45
    endloop
  endfacet
  facet normal 0 0 1
    outer loop
      vertex 4.270734752295902 9.59222730524731 45
      vertex 4.09022477014206 9.186795247272988 45
      vertex 5.02809968043597 8.708924112035936 45
    endloop
  endfacet
  facet normal 0.32123980948750075 0.6304686248866423 0.7066217501846235
    outer loop
      vertex 4.270734752295902 9.59222730524731 45
      vertex 5.25 9.093266739736606 45
      vertex 4.474103073833803 10.049000034068609 44.5
    endloop
  endfacet
  facet normal 0 0 1
    outer loop
      vertex 5.25 9.093266739736606 45
      vertex 5.02809968043597 8.708924112035936 45
      vertex 5.91088567843352 8.135636181767886 45
    endloop
  endfacet
  facet normal 0 0 1
    outer loop
      vertex 6.171745149070968 8.494678440936948 45
      vertex 5.25 9.093266739736606 45
      vertex 5.91088567843352 8.135636181767886 45
    endloop
  endfacet
  facet normal 0 0 1
    outer loop
      vertex 4.270734752295902 9.59222730524731 45
      vertex 5.02809968043597 8.708924112035936 45
      vertex 5.25 9.093266739736606 45
    endloop
  endfacet
  facet normal 0.32123980948750047 0.6304686248866422 0.7066217501846237
    outer loop
      vertex 5.25 9.093266739736606 45
      vertex 5.5 9.526279441628825 44.5
      vertex 4.474103073833803 10.049000034068609 44.5
    endloop
  endfacet
  facet normal 0.3853819406971239 0.5934361481663699 0.7066217501846237
    outer loop
      vertex 6.171745149070968 8.494678440936948 45
      vertex 5.5 9.526279441628825 44.5
      vertex 5.25 9.093266739736606 45
    endloop
  endfacet
  facet normal 0.3853819406971224 0.5934361481663695 0.7066217501846249
    outer loop
      vertex 6.171745149070968 8.494678440936948 45
      vertex 6.465637775217204 8.899186938124423 44.5
      vertex 5.5 9.526279441628825 44.5
    endloop
  endfacet
  facet normal 0.2535781077013801 0.6605935554186143 0.706621750184624
    outer loop
      vertex 4.270734752295902 9.59222730524731 45
      vertex 3.3991869381244215 10.461621679246688 44.5
      vertex 3.244678440936948 9.986093421099111 45
    endloop
  endfacet
  facet normal 0.253578107701381 0.6605935554186149 0.7066217501846234
    outer loop
      vertex 4.270734752295902 9.59222730524731 45
      vertex 4.474103073833803 10.049000034068609 44.5
      vertex 3.3991869381244215 10.461621679246688 44.5
    endloop
  endfacet
  facet normal 0 0 1
    outer loop
      vertex 7.80302066751264 7.025871366768012 45
      vertex 7.473212519001062 6.7289107760058045 45
      vertex 8.135636181767886 5.91088567843352 45
    endloop
  endfacet
  facet normal 0 0 1
    outer loop
      vertex 8.494678440936948 6.171745149070968 45
      vertex 8.135636181767886 5.91088567843352 45
      vertex 8.708924112035936 5.02809968043597 45
    endloop
  endfacet
  facet normal 0.5934361481663705 0.38538194069712306 0.7066217501846237
    outer loop
      vertex 9.093266739736606 5.25 45
      vertex 9.526279441628825 5.5 44.5
      vertex 8.899186938124423 6.465637775217204 44.5
    endloop
  endfacet
  facet normal 0.5934361481663689 0.3853819406971233 0.7066217501846249
    outer loop
      vertex 9.093266739736606 5.25 45
      vertex 8.899186938124423 6.465637775217204 44.5
      vertex 8.494678440936948 6.171745149070968 45
    endloop
  endfacet
  facet normal 0 0 1
    outer loop
      vertex 8.494678440936948 6.171745149070968 45
      vertex 7.80302066751264 7.025871366768012 45
      vertex 8.135636181767886 5.91088567843352 45
    endloop
  endfacet
  facet normal 0.5499018608222903 0.44530174671811285 0.7066217501846234
    outer loop
      vertex 8.494678440936948 6.171745149070968 45
      vertex 8.174593080251336 7.360436669947441 44.5
      vertex 7.80302066751264 7.025871366768012 45
    endloop
  endfacet
  facet normal 0.5499018608222882 0.4453017467181129 0.7066217501846248
    outer loop
      vertex 8.494678440936948 6.171745149070968 45
      vertex 8.899186938124423 6.465637775217204 44.5
      vertex 8.174593080251336 7.360436669947441 44.5
    endloop
  endfacet
  facet normal 0 0 1
    outer loop
      vertex 7.80302066751264 7.025871366768012 45
      vertex 7.025871366768012 7.80302066751264 45
      vertex 7.473212519001062 6.7289107760058045 45
    endloop
  endfacet
  facet normal 0 0 1
    outer loop
      vertex 7.025871366768012 7.80302066751264 45
      vertex 6.7289107760058045 7.473212519001062 45
      vertex 7.473212519001062 6.7289107760058045 45
    endloop
  endfacet
  facet normal 0.5003427336166778 0.5003427336166778 0.7066217501846234
    outer loop
      vertex 7.80302066751264 7.025871366768012 45
      vertex 8.174593080251336 7.360436669947441 44.5
      vertex 7.360436669947441 8.174593080251336 44.5
    endloop
  endfacet
  facet normal 0 0 1
    outer loop
      vertex 6.171745149070968 8.494678440936948 45
      vertex 5.91088567843352 8.135636181767886 45
      vertex 6.7289107760058045 7.473212519001062 45
    endloop
  endfacet
  facet normal 0 0 1
    outer loop
      vertex 6.171745149070968 8.494678440936948 45
      vertex 6.7289107760058045 7.473212519001062 45
      vertex 7.025871366768012 7.80302066751264 45
    endloop
  endfacet
  facet normal 0.5003427336166779 0.5003427336166779 0.7066217501846235
    outer loop
      vertex 7.80302066751264 7.025871366768012 45
      vertex 7.360436669947441 8.174593080251336 44.5
      vertex 7.025871366768012 7.80302066751264 45
    endloop
  endfacet
  facet normal 0.44530174671811185 0.549901860822289 0.7066217501846248
    outer loop
      vertex 6.171745149070968 8.494678440936948 45
      vertex 7.025871366768012 7.80302066751264 45
      vertex 6.465637775217204 8.899186938124423 44.5
    endloop
  endfacet
  facet normal 0.4453017467181139 0.5499018608222894 0.7066217501846234
    outer loop
      vertex 7.025871366768012 7.80302066751264 45
      vertex 7.360436669947441 8.174593080251336 44.5
      vertex 6.465637775217204 8.899186938124423 44.5
    endloop
  endfacet
  facet normal -0.7071067811865476 -0.7071067811865476 0
    outer loop
      vertex -23.5 -5 1.5
      vertex -23.5 -5 13.5
      vertex -25 -3.5 1.5
    endloop
  endfacet
  facet normal -0.5773502691896257 -0.5773502691896257 -0.5773502691896257
    outer loop
      vertex -23.5 -5 1.5
      vertex -25 -3.5 1.5
      vertex -23.5 -3.5 0
    endloop
  endfacet
  facet normal -0.7071067811865476 -0.7071067811865476 0
    outer loop
      vertex -25 -3.5 1.5
      vertex -23.5 -5 13.5
      vertex -25 -3.5 13.5
    endloop
  endfacet
  facet normal 0 -1 0
    outer loop
      vertex -23.5 -5 1.5
      vertex -11 -5 13.5
      vertex -23.5 -5 13.5
    endloop
  endfacet
  facet normal -0.7071067811865476 0 -0.7071067811865476
    outer loop
      vertex -23.5 -3.5 0
      vertex -25 -3.5 1.5
      vertex -25 3.5 1.5
    endloop
  endfacet
  facet normal -1 0 0
    outer loop
      vertex -25 -3.5 1.5
      vertex -25 -3.5 13.5
      vertex -25 3.5 13.5
    endloop
  endfacet
  facet normal 0 -1 0
    outer loop
      vertex -23.5 -5 1.5
      vertex -9.599500000476837 -5 5.1096000000834465
      vertex -9.599500000476837 -5 5.818250000476837
    endloop
  endfacet
  facet normal 0 -1 0
    outer loop
      vertex -23.5 -5 1.5
      vertex -6.368249997496605 -5 5.1096000000834465
      vertex -9.599500000476837 -5 5.1096000000834465
    endloop
  endfacet
  facet normal 0 -1 0
    outer loop
      vertex -23.5 -5 1.5
      vertex -9.599500000476837 -5 5.818250000476837
      vertex -8.416199997067451 -5 7.990516667564713
    endloop
  endfacet
  facet normal 0 -1 0
    outer loop
      vertex -23.5 -5 1.5
      vertex -9.562200002372265 -5 8.361199997365475
      vertex -9.562200002372265 -5 9.110550001263618
    endloop
  endfacet
  facet normal 0 -1 0
    outer loop
      vertex -23.5 -5 1.5
      vertex -9.562200002372265 -5 9.110550001263618
      vertex -11 -5 13.5
    endloop
  endfacet
  facet normal 0 -1 0
    outer loop
      vertex -23.5 -5 1.5
      vertex -8.416199997067451 -5 7.990516667564713
      vertex -9.562200002372265 -5 8.361199997365475
    endloop
  endfacet
  facet normal -0.5773502691896257 -0.5773502691896257 0.5773502691896257
    outer loop
      vertex -23.5 -5 13.5
      vertex -23.5 -3.5 15
      vertex -25 -3.5 13.5
    endloop
  endfacet
  facet normal -3.400711006104429e-17 -0.7071067811865476 0.7071067811865476
    outer loop
      vertex -23.5 -5 13.5
      vertex -14.266092997226822 -3.766509636331165 14.733490363668835
      vertex -23.5 -3.5 15
    endloop
  endfacet
  facet normal -0.7071067811865476 0 0.7071067811865476
    outer loop
      vertex -25 -3.5 13.5
      vertex -23.5 -3.5 15
      vertex -25 3.5 13.5
    endloop
  endfacet
  facet normal 0 0 1
    outer loop
      vertex -23.5 -3.5 15
      vertex -15.849856583480626 -0.5379391646213386 15
      vertex -23.5 3.5 15
    endloop
  endfacet
  facet normal 1.1879220305324482e-16 -0.7071067811865493 0.7071067811865456
    outer loop
      vertex -23.5 -5 13.5
      vertex -12.459679660260814 -4.808568947343985 13.691431052656014
      vertex -12.891270141326112 -4.658923922691702 13.841076077308298
    endloop
  endfacet
  facet normal -4.270557861472981e-17 -0.7071067811865447 0.7071067811865503
    outer loop
      vertex -23.5 -5 13.5
      vertex -11.999147915045501 -4.915056291783111 13.584943708216889
      vertex -12.459679660260814 -4.808568947343985 13.691431052656014
    endloop
  endfacet
  facet normal 6.891027999483621e-17 -0.7071067811865522 0.7071067811865429
    outer loop
      vertex -23.5 -5 13.5
      vertex -11.511907597301807 -4.9787847909599465 13.521215209040053
      vertex -11.999147915045501 -4.915056291783111 13.584943708216889
    endloop
  endfacet
  facet normal -1.3473495974166313e-16 -0.7071067811865462 0.7071067811865487
    outer loop
      vertex -23.5 -5 13.5
      vertex -13.291448005115079 -4.46558551310739 14.03441448689261
      vertex -13.65745876975114 -4.2279056815884735 14.272094318411526
    endloop
  endfacet
  facet normal 0 -0.7071067811865476 0.7071067811865476
    outer loop
      vertex -23.5 -5 13.5
      vertex -12.891270141326112 -4.658923922691702 13.841076077308298
      vertex -13.291448005115079 -4.46558551310739 14.03441448689261
    endloop
  endfacet
  facet normal 4.4123013597590096e-16 -0.7071067811865495 0.7071067811865455
    outer loop
      vertex -23.5 -5 13.5
      vertex -13.994601565032944 -3.999999999999999 14.5
      vertex -14.266092997226822 -3.766509636331165 14.733490363668835
    endloop
  endfacet
  facet normal 3.8926500081714804e-17 -0.7071067811865475 0.7071067811865475
    outer loop
      vertex -23.5 -5 13.5
      vertex -13.65745876975114 -4.2279056815884735 14.272094318411526
      vertex -13.938926261462367 -4.045084971874737 14.454915028125262
    endloop
  endfacet
  facet normal 0 -0.7071067811865461 0.7071067811865488
    outer loop
      vertex -23.5 -5 13.5
      vertex -13.938926261462367 -4.045084971874737 14.454915028125262
      vertex -13.994601565032944 -3.999999999999999 14.5
    endloop
  endfacet
  facet normal 0 -0.7071067811865469 0.7071067811865481
    outer loop
      vertex -23.5 -3.5 15
      vertex -14.266092997226822 -3.766509636331165 14.733490363668835
      vertex -14.499758929693884 -3.5 15
    endloop
  endfacet
  facet normal 0 0 1
    outer loop
      vertex -23.5 -3.5 15
      vertex -14.499758929693884 -3.5 15
      vertex -14.556184345749516 -3.443574583944368 15
    endloop
  endfacet
  facet normal 0 0 1
    outer loop
      vertex -23.5 -3.5 15
      vertex -14.556184345749516 -3.443574583944368 15
      vertex -14.895185019832045 -3.0249436154563862 15
    endloop
  endfacet
  facet normal 0 0 1
    outer loop
      vertex -23.5 -3.5 15
      vertex -14.895185019832045 -3.0249436154563862 15
      vertex -15.188569760939428 -2.573170731707317 15
    endloop
  endfacet
  facet normal 0 -0.7071067811865327 0.7071067811865623
    outer loop
      vertex -23.5 -5 13.5
      vertex -11 -5 13.5
      vertex -11.511907597301807 -4.9787847909599465 13.521215209040053
    endloop
  endfacet
  facet normal 0 0 1
    outer loop
      vertex -23.5 -3.5 15
      vertex -15.188569760939428 -2.573170731707317 15
      vertex -15.433124184453384 -2.0932056509510693 15
    endloop
  endfacet
  facet normal 0 0 1
    outer loop
      vertex -23.5 -3.5 15
      vertex -15.433124184453384 -2.0932056509510693 15
      vertex -15.626168900933596 -1.5903069710515587 15
    endloop
  endfacet
  facet normal 0 0 1
    outer loop
      vertex -23.5 -3.5 15
      vertex -15.626168900933596 -1.5903069710515587 15
      vertex -15.765588872069097 -1.0699845551840785 15
    endloop
  endfacet
  facet normal 0 0 1
    outer loop
      vertex -23.5 -3.5 15
      vertex -15.765588872069097 -1.0699845551840785 15
      vertex -15.849856583480626 -0.5379391646213386 15
    endloop
  endfacet
  facet normal 0 -1 0
    outer loop
      vertex -23.5 -5 1.5
      vertex -4.568549998104572 -5 5.078778125345707
      vertex -6.368249997496605 -5 5.1096000000834465
    endloop
  endfacet
  facet normal 0 -1 0
    outer loop
      vertex -23.5 -5 1.5
      vertex -4.170900002121925 -5 5.041799999773502
      vertex -4.375843748450279 -5 5.0510445311665535
    endloop
  endfacet
  facet normal 0 -1 0
    outer loop
      vertex -23.5 -5 1.5
      vertex -4.375843748450279 -5 5.0510445311665535
      vertex -4.568549998104572 -5 5.078778125345707
    endloop
  endfacet
  facet normal 0 -0.7071067811865476 -0.7071067811865476
    outer loop
      vertex -23.5 -5 1.5
      vertex -23.5 -3.5 0
      vertex 23.5 -5 1.5
    endloop
  endfacet
  facet normal 0 -1 0
    outer loop
      vertex -11 -5 13.5
      vertex -9.562200002372265 -5 9.110550001263618
      vertex -8.365299999713898 -5 9.887000001966953
    endloop
  endfacet
  facet normal 0 -1 0
    outer loop
      vertex -8.416199997067451 -5 7.990516667564713
      vertex -9.599500000476837 -5 5.818250000476837
      vertex -8.416199997067451 -5 5.818250000476837
    endloop
  endfacet
  facet normal 0 -1 0
    outer loop
      vertex -7.46339999884367 -5 5.818250000476837
      vertex -6.368249997496605 -5 5.818250000476837
      vertex -5.856796093285084 -5 6.5961960926651955
    endloop
  endfacet
  facet normal 0 -1 0
    outer loop
      vertex -7.46339999884367 -5 5.818250000476837
      vertex -5.856796093285084 -5 6.5961960926651955
      vertex -5.8921593725681305 -5 6.842309378087521
    endloop
  endfacet
  facet normal 0 -1 0
    outer loop
      vertex -7.46339999884367 -5 5.818250000476837
      vertex -5.8921593725681305 -5 6.842309378087521
      vertex -5.913377344608307 -5 7.106277346611023
    endloop
  endfacet
  facet normal 0 -1 0
    outer loop
      vertex -7.46339999884367 -5 5.818250000476837
      vertex -5.913377344608307 -5 7.106277346611023
      vertex -5.920450001955032 -5 7.3880999982357025
    endloop
  endfacet
  facet normal 0 -1 0
    outer loop
      vertex -7.46339999884367 -5 5.818250000476837
      vertex -5.920450001955032 -5 7.3880999982357025
      vertex -5.913271874189377 -5 7.697782032191753
    endloop
  endfacet
  facet normal 0 -1 0
    outer loop
      vertex -7.46339999884367 -5 5.818250000476837
      vertex -5.913271874189377 -5 7.697782032191753
      vertex -5.891737498342991 -5 7.987703122198582
    endloop
  endfacet
  facet normal 0 -1 0
    outer loop
      vertex -7.46339999884367 -5 9.887000001966953
      vertex -7.46339999884367 -5 5.818250000476837
      vertex -5.891737498342991 -5 7.987703122198582
    endloop
  endfacet
  facet normal 0 -1 0
    outer loop
      vertex -9.562200002372265 -5 8.361199997365475
      vertex -8.416199997067451 -5 7.990516667564713
      vertex -8.416199997067451 -5 9.076650001108646
    endloop
  endfacet
  facet normal 0 -1 0
    outer loop
      vertex -11 -5 13.5
      vertex -8.365299999713898 -5 9.887000001966953
      vertex -7.46339999884367 -5 9.887000001966953
    endloop
  endfacet
  facet normal 0 -1 0
    outer loop
      vertex -7.46339999884367 -5 9.887000001966953
      vertex -5.891737498342991 -5 7.987703122198582
      vertex -5.8558468744158745 -5 8.257863283157349
    endloop
  endfacet
  facet normal 0 -1 0
    outer loop
      vertex -7.46339999884367 -5 9.887000001966953
      vertex -5.8558468744158745 -5 8.257863283157349
      vertex -5.805600002408028 -5 8.508262500166893
    endloop
  endfacet
  facet normal 0 -1 0
    outer loop
      vertex -7.46339999884367 -5 9.887000001966953
      vertex -5.805600002408028 -5 8.508262500166893
      vertex -5.74099687486887 -5 8.738900780677795
    endloop
  endfacet
  facet normal 0 -1 0
    outer loop
      vertex -7.46339999884367 -5 9.887000001966953
      vertex -5.74099687486887 -5 8.738900780677795
      vertex -5.6620374992489815 -5 8.949778124690056
    endloop
  endfacet
  facet normal 0 -1 0
    outer loop
      vertex -6.368249997496605 -5 5.1096000000834465
      vertex -5.573889844119549 -5 5.790289841592312
      vertex -5.665834374725819 -5 5.964984372258186
    endloop
  endfacet
  facet normal 0 -1 0
    outer loop
      vertex -6.368249997496605 -5 5.1096000000834465
      vertex -5.073243752121925 -5 5.272913284599781
      vertex -5.217000000178814 -5 5.374603122472763
    endloop
  endfacet
  facet normal 0 -1 0
    outer loop
      vertex -6.368249997496605 -5 5.1096000000834465
      vertex -5.348518751561642 -5 5.494782030582428
      vertex -5.467799998819828 -5 5.633450001478195
    endloop
  endfacet
  facet normal 0 -1 0
    outer loop
      vertex -6.368249997496605 -5 5.1096000000834465
      vertex -5.467799998819828 -5 5.633450001478195
      vertex -5.573889844119549 -5 5.790289841592312
    endloop
  endfacet
  facet normal 0 -1 0
    outer loop
      vertex -6.368249997496605 -5 5.1096000000834465
      vertex -5.217000000178814 -5 5.374603122472763
      vertex -5.348518751561642 -5 5.494782030582428
    endloop
  endfacet
  facet normal 0 -1 0
    outer loop
      vertex -6.368249997496605 -5 5.1096000000834465
      vertex -4.917249999940395 -5 5.189712502062321
      vertex -5.073243752121925 -5 5.272913284599781
    endloop
  endfacet
  facet normal 0 -1 0
    outer loop
      vertex -6.368249997496605 -5 5.1096000000834465
      vertex -4.7490187510848045 -5 5.125000782310963
      vertex -4.917249999940395 -5 5.189712502062321
    endloop
  endfacet
  facet normal 0 -1 0
    outer loop
      vertex -6.368249997496605 -5 5.1096000000834465
      vertex -4.568549998104572 -5 5.078778125345707
      vertex -4.7490187510848045 -5 5.125000782310963
    endloop
  endfacet
  facet normal 0 -1 0
    outer loop
      vertex -23.5 -5 1.5
      vertex 23.5 -5 1.5
      vertex -4.170900002121925 -5 5.041799999773502
    endloop
  endfacet
  facet normal 0 -1 0
    outer loop
      vertex -3.8148718774318695 -5 5.068925000727177
      vertex -1.8277499973773956 -5 5.1096000000834465
      vertex -3.652117967605591 -5 5.10283125191927
    endloop
  endfacet
  facet normal 0 -1 0
    outer loop
      vertex -3.652117967605591 -5 5.10283125191927
      vertex -1.8277499973773956 -5 5.1096000000834465
      vertex -3.4995374977588654 -5 5.1503000035882
    endloop
  endfacet
  facet normal 0 -1 0
    outer loop
      vertex -3.4995374977588654 -5 5.1503000035882
      vertex -1.8277499973773956 -5 5.1096000000834465
      vertex -3.357130467891693 -5 5.211331248283386
    endloop
  endfacet
  facet normal 0 -1 0
    outer loop
      vertex -3.357130467891693 -5 5.211331248283386
      vertex -1.8277499973773956 -5 5.1096000000834465
      vertex -3.224896878004074 -5 5.285925000905991
    endloop
  endfacet
  facet normal 0 -1 0
    outer loop
      vertex -3.224896878004074 -5 5.285925000905991
      vertex -1.8277499973773956 -5 5.1096000000834465
      vertex -3.1028367206454277 -5 5.3740812465548515
    endloop
  endfacet
  facet normal 0 -1 0
    outer loop
      vertex -3.1028367206454277 -5 5.3740812465548515
      vertex -1.8277499973773956 -5 5.1096000000834465
      vertex -2.9909500032663345 -5 5.47580000013113
    endloop
  endfacet
  facet normal 0 -1 0
    outer loop
      vertex -2.9909500032663345 -5 5.47580000013113
      vertex -1.8277499973773956 -5 5.1096000000834465
      vertex -2.890825003385544 -5 5.5894390642642975
    endloop
  endfacet
  facet normal 0 -1 0
    outer loop
      vertex -2.890825003385544 -5 5.5894390642642975
      vertex -1.8277499973773956 -5 5.1096000000834465
      vertex -2.804049998521805 -5 5.713356249034405
    endloop
  endfacet
  facet normal 0 -1 0
    outer loop
      vertex -2.804049998521805 -5 5.713356249034405
      vertex -1.8277499973773956 -5 5.1096000000834465
      vertex -2.7306250035762787 -5 5.847551561892033
    endloop
  endfacet
  facet normal 0 -1 0
    outer loop
      vertex -6.368249997496605 -5 5.818250000476837
      vertex -6.368249997496605 -5 5.1096000000834465
      vertex -5.665834374725819 -5 5.964984372258186
    endloop
  endfacet
  facet normal 0 -1 0
    outer loop
      vertex -6.368249997496605 -5 5.818250000476837
      vertex -5.7436335906386375 -5 6.157533593475819
      vertex -5.807287499308586 -5 6.367937497794628
    endloop
  endfacet
  facet normal 0 -1 0
    outer loop
      vertex -5.7436335906386375 -5 6.157533593475819
      vertex -6.368249997496605 -5 5.818250000476837
      vertex -5.665834374725819 -5 5.964984372258186
    endloop
  endfacet
  facet normal 0 -1 0
    outer loop
      vertex -6.368249997496605 -5 5.818250000476837
      vertex -5.807287499308586 -5 6.367937497794628
      vertex -5.856796093285084 -5 6.5961960926651955
    endloop
  endfacet
  facet normal 0 -1 0
    outer loop
      vertex -4.988049998879433 -5 7.659350000321865
      vertex -4.94804609566927 -5 7.721070311963558
      vertex -4.984632812440395 -5 7.848114065825939
    endloop
  endfacet
  facet normal 0 -1 0
    outer loop
      vertex -4.904334373772144 -5 7.779081247746944
      vertex -4.984632812440395 -5 7.848114065825939
      vertex -4.94804609566927 -5 7.721070311963558
    endloop
  endfacet
  facet normal 0 -1 0
    outer loop
      vertex -4.904334373772144 -5 7.779081247746944
      vertex -4.8569148406386375 -5 7.833382815122604
      vertex -4.984632812440395 -5 7.848114065825939
    endloop
  endfacet
  facet normal 0 -1 0
    outer loop
      vertex -4.974381253123283 -5 8.024481251835823
      vertex -4.984632812440395 -5 7.848114065825939
      vertex -4.80578750371933 -5 7.883974999189377
    endloop
  endfacet
  facet normal 0 -1 0
    outer loop
      vertex -4.80578750371933 -5 7.883974999189377
      vertex -4.984632812440395 -5 7.848114065825939
      vertex -4.8569148406386375 -5 7.833382815122604
    endloop
  endfacet
  facet normal 0 -1 0
    outer loop
      vertex -4.974381253123283 -5 8.024481251835823
      vertex -4.80578750371933 -5 7.883974999189377
      vertex -4.750952340662479 -5 7.930857814848423
    endloop
  endfacet
  facet normal 0 -1 0
    outer loop
      vertex -4.974381253123283 -5 8.024481251835823
      vertex -4.750952340662479 -5 7.930857814848423
      vertex -4.692409373819828 -5 7.974031247198582
    endloop
  endfacet
  facet normal 0 -1 0
    outer loop
      vertex -4.974381253123283 -5 8.024481251835823
      vertex -4.692409373819828 -5 7.974031247198582
      vertex -4.630158595740795 -5 8.013495311141014
    endloop
  endfacet
  facet normal 0 -1 0
    outer loop
      vertex -4.974381253123283 -5 8.024481251835823
      vertex -4.630158595740795 -5 8.013495311141014
      vertex -4.5641999989748 -5 8.04924999922514
    endloop
  endfacet
  facet normal 0 -1 0
    outer loop
      vertex -4.614940628409386 -5 5.937884375452995
      vertex -4.55568515509367 -5 5.890971094369888
      vertex -4.354715622961521 -5 5.801409378647804
    endloop
  endfacet
  facet normal 0 -1 0
    outer loop
      vertex -4.614940628409386 -5 5.937884375452995
      vertex -4.279991403222084 -5 5.788614846765995
      vertex -4.6703289076685905 -5 5.993327341973782
    endloop
  endfacet
  facet normal 0 -1 0
    outer loop
      vertex -4.721850000321865 -5 6.057300001382828
      vertex -4.6703289076685905 -5 5.993327341973782
      vertex -4.201399996876717 -5 5.784350000321865
    endloop
  endfacet
  facet normal 0 -1 0
    outer loop
      vertex -4.55568515509367 -5 5.890971094369888
      vertex -4.425572656095028 -5 5.822733595967293
      vertex -4.354715622961521 -5 5.801409378647804
    endloop
  endfacet
  facet normal 0 -1 0
    outer loop
      vertex -4.55568515509367 -5 5.890971094369888
      vertex -4.492562502622604 -5 5.852587498724461
      vertex -4.425572656095028 -5 5.822733595967293
    endloop
  endfacet
  facet normal 0 -1 0
    outer loop
      vertex -4.614940628409386 -5 5.937884375452995
      vertex -4.354715622961521 -5 5.801409378647804
      vertex -4.279991403222084 -5 5.788614846765995
    endloop
  endfacet
  facet normal 0 -1 0
    outer loop
      vertex -4.721850000321865 -5 6.057300001382828
      vertex -4.201399996876717 -5 5.784350000321865
      vertex -4.123099997639656 -5 5.7879257798194885
    endloop
  endfacet
  facet normal 0 -1 0
    outer loop
      vertex -4.6703289076685905 -5 5.993327341973782
      vertex -4.279991403222084 -5 5.788614846765995
      vertex -4.201399996876717 -5 5.784350000321865
    endloop
  endfacet
  facet normal 0 -1 0
    outer loop
      vertex -4.721850000321865 -5 6.057300001382828
      vertex -4.123099997639656 -5 5.7879257798194885
      vertex -4.04924999922514 -5 5.7986531257629395
    endloop
  endfacet
  facet normal 0 -1 0
    outer loop
      vertex -4.768338277935982 -5 6.127788282930851
      vertex -4.721850000321865 -5 6.057300001382828
      vertex -3.5648249983787537 -5 6.285712502896786
    endloop
  endfacet
  facet normal 0 -1 0
    outer loop
      vertex -4.808628126978874 -5 6.202778123319149
      vertex -4.768338277935982 -5 6.127788282930851
      vertex -3.5451703146100044 -5 6.367485158145428
    endloop
  endfacet
  facet normal 0 -1 0
    outer loop
      vertex -4.721850000321865 -5 6.057300001382828
      vertex -4.04924999922514 -5 5.7986531257629395
      vertex -3.9798500016331673 -5 5.816532030701637
    endloop
  endfacet
  facet normal 0 -1 0
    outer loop
      vertex -4.721850000321865 -5 6.057300001382828
      vertex -3.9798500016331673 -5 5.816532030701637
      vertex -3.9148999974131584 -5 5.841562502086163
    endloop
  endfacet
  facet normal 0 -1 0
    outer loop
      vertex -4.721850000321865 -5 6.057300001382828
      vertex -3.9148999974131584 -5 5.841562502086163
      vertex -3.8544000014662743 -5 5.873744532465935
    endloop
  endfacet
  facet normal 0 -1 0
    outer loop
      vertex -4.721850000321865 -5 6.057300001382828
      vertex -3.8544000014662743 -5 5.873744532465935
      vertex -3.7983499988913536 -5 5.913078121840954
    endloop
  endfacet
  facet normal 0 -1 0
    outer loop
      vertex -4.721850000321865 -5 6.057300001382828
      vertex -3.746749997138977 -5 5.9595632776618
      vertex -3.699600003659725 -5 6.013199999928474
    endloop
  endfacet
  facet normal 0 -1 0
    outer loop
      vertex -4.721850000321865 -5 6.057300001382828
      vertex -3.7983499988913536 -5 5.913078121840954
      vertex -3.746749997138977 -5 5.9595632776618
    endloop
  endfacet
  facet normal 0 -1 0
    outer loop
      vertex -4.721850000321865 -5 6.057300001382828
      vertex -3.699600003659725 -5 6.013199999928474
      vertex -3.65748281031847 -5 6.073141403496265
    endloop
  endfacet
  facet normal 0 -1 0
    outer loop
      vertex -4.721850000321865 -5 6.057300001382828
      vertex -3.65748281031847 -5 6.073141403496265
      vertex -3.620981253683567 -5 6.138540625572205
    endloop
  endfacet
  facet normal 0 -1 0
    outer loop
      vertex -4.721850000321865 -5 6.057300001382828
      vertex -3.620981253683567 -5 6.138540625572205
      vertex -3.5900953114032745 -5 6.209397658705711
    endloop
  endfacet
  facet normal 0 -1 0
    outer loop
      vertex -4.721850000321865 -5 6.057300001382828
      vertex -3.5900953114032745 -5 6.209397658705711
      vertex -3.5648249983787537 -5 6.285712502896786
    endloop
  endfacet
  facet normal 0 -1 0
    outer loop
      vertex -4.768338277935982 -5 6.127788282930851
      vertex -3.5648249983787537 -5 6.285712502896786
      vertex -3.5451703146100044 -5 6.367485158145428
    endloop
  endfacet
  facet normal 0 -1 0
    outer loop
      vertex -3.5199000015854836 -5 6.64554999768734
      vertex -4.8706125020980835 -5 6.366262502968311
      vertex -4.842719532549381 -5 6.2822695299983025
    endloop
  endfacet
  facet normal 0 -1 0
    outer loop
      vertex -3.5199000015854836 -5 6.64554999768734
      vertex -4.8923070281744 -5 6.454757034778595
      vertex -4.8706125020980835 -5 6.366262502968311
    endloop
  endfacet
  facet normal 0 -1 0
    outer loop
      vertex -4.808628126978874 -5 6.202778123319149
      vertex -3.5199000015854836 -5 6.64554999768734
      vertex -4.842719532549381 -5 6.2822695299983025
    endloop
  endfacet
  facet normal 0 -1 0
    outer loop
      vertex -4.907803125679493 -5 6.547753125429153
      vertex -4.8923070281744 -5 6.454757034778595
      vertex -3.5228406265378 -5 6.744281247258186
    endloop
  endfacet
  facet normal 0 -1 0
    outer loop
      vertex -4.9171007797122 -5 6.645250782370567
      vertex -4.907803125679493 -5 6.547753125429153
      vertex -3.5316625013947487 -5 6.837025001645088
    endloop
  endfacet
  facet normal 0 -1 0
    outer loop
      vertex -4.920199997723103 -5 6.747249998152256
      vertex -4.9171007797122 -5 6.645250782370567
      vertex -3.5316625013947487 -5 6.837025001645088
    endloop
  endfacet
  facet normal 0 -1 0
    outer loop
      vertex -4.917233593761921 -5 6.8282851576805115
      vertex -4.920199997723103 -5 6.747249998152256
      vertex -3.54636562615633 -5 6.923781253397465
    endloop
  endfacet
  facet normal 0 -1 0
    outer loop
      vertex -4.917233593761921 -5 6.8282851576805115
      vertex -3.54636562615633 -5 6.923781253397465
      vertex -4.908334374427795 -5 6.905240625143051
    endloop
  endfacet
  facet normal 0 -1 0
    outer loop
      vertex -4.893502347171307 -5 6.978116407990456
      vertex -4.908334374427795 -5 6.905240625143051
      vertex -3.54636562615633 -5 6.923781253397465
    endloop
  endfacet
  facet normal 0 -1 0
    outer loop
      vertex -4.872737497091293 -5 7.046912498772144
      vertex -4.893502347171307 -5 6.978116407990456
      vertex -3.54636562615633 -5 6.923781253397465
    endloop
  endfacet
  facet normal 0 -1 0
    outer loop
      vertex -4.846039846539497 -5 7.111628904938698
      vertex -4.872737497091293 -5 7.046912498772144
      vertex -3.54636562615633 -5 6.923781253397465
    endloop
  endfacet
  facet normal 0 -1 0
    outer loop
      vertex -4.808628126978874 -5 6.202778123319149
      vertex -3.5451703146100044 -5 6.367485158145428
      vertex -3.5311312526464462 -5 6.454715624451637
    endloop
  endfacet
  facet normal 0 -1 0
    outer loop
      vertex -4.808628126978874 -5 6.202778123319149
      vertex -3.5311312526464462 -5 6.454715624451637
      vertex -3.522707812488079 -5 6.547403909265995
    endloop
  endfacet
  facet normal 0 -1 0
    outer loop
      vertex -4.808628126978874 -5 6.202778123319149
      vertex -3.522707812488079 -5 6.547403909265995
      vertex -3.5199000015854836 -5 6.64554999768734
    endloop
  endfacet
  facet normal 0 -1 0
    outer loop
      vertex -4.8923070281744 -5 6.454757034778595
      vertex -3.5199000015854836 -5 6.64554999768734
      vertex -3.5228406265378 -5 6.744281247258186
    endloop
  endfacet
  facet normal 0 -1 0
    outer loop
      vertex -4.907803125679493 -5 6.547753125429153
      vertex -3.5228406265378 -5 6.744281247258186
      vertex -3.5316625013947487 -5 6.837025001645088
    endloop
  endfacet
  facet normal 0 -1 0
    outer loop
      vertex -4.920199997723103 -5 6.747249998152256
      vertex -3.5316625013947487 -5 6.837025001645088
      vertex -3.54636562615633 -5 6.923781253397465
    endloop
  endfacet
  facet normal 0 -1 0
    outer loop
      vertex -4.846039846539497 -5 7.111628904938698
      vertex -3.54636562615633 -5 6.923781253397465
      vertex -4.813409373164177 -5 7.172265626490116
    endloop
  endfacet
  facet normal 0 -1 0
    outer loop
      vertex -4.813409373164177 -5 7.172265626490116
      vertex -3.54636562615633 -5 6.923781253397465
      vertex -4.774846091866493 -5 7.228822655975819
    endloop
  endfacet
  facet normal 0 -1 0
    outer loop
      vertex -4.730350002646446 -5 7.281300000846386
      vertex -4.774846091866493 -5 7.228822655975819
      vertex -3.54636562615633 -5 6.923781253397465
    endloop
  endfacet
  facet normal 0 -1 0
    outer loop
      vertex -4.6809156239032745 -5 7.328585155308247
      vertex -4.730350002646446 -5 7.281300000846386
      vertex -3.54636562615633 -5 6.923781253397465
    endloop
  endfacet
  facet normal 0 -1 0
    outer loop
      vertex -4.6809156239032745 -5 7.328585155308247
      vertex -3.54636562615633 -5 6.923781253397465
      vertex -4.627562500536442 -5 7.36956562846899
    endloop
  endfacet
  facet normal 0 -1 0
    outer loop
      vertex -4.570290625095367 -5 7.404241405427456
      vertex -4.627562500536442 -5 7.36956562846899
      vertex -3.54636562615633 -5 6.923781253397465
    endloop
  endfacet
  facet normal 0 -1 0
    outer loop
      vertex -4.570290625095367 -5 7.404241405427456
      vertex -3.54636562615633 -5 6.923781253397465
      vertex -4.509099997580051 -5 7.4326125010848045
    endloop
  endfacet
  facet normal 0 -1 0
    outer loop
      vertex -4.443990625441074 -5 7.454678907990456
      vertex -4.509099997580051 -5 7.4326125010848045
      vertex -3.54636562615633 -5 6.923781253397465
    endloop
  endfacet
  facet normal 0 -1 0
    outer loop
      vertex -4.374962501227856 -5 7.470440626144409
      vertex -4.443990625441074 -5 7.454678907990456
      vertex -3.54636562615633 -5 6.923781253397465
    endloop
  endfacet
  facet normal 0 -1 0
    outer loop
      vertex -4.374962501227856 -5 7.470440626144409
      vertex -3.54636562615633 -5 6.923781253397465
      vertex -4.302015624940395 -5 7.479897655546665
    endloop
  endfacet
  facet normal 0 -1 0
    outer loop
      vertex -4.302015624940395 -5 7.479897655546665
      vertex -3.54636562615633 -5 6.923781253397465
      vertex -4.225149996578693 -5 7.483050003647804
    endloop
  endfacet
  facet normal 0 -1 0
    outer loop
      vertex -4.225149996578693 -5 7.483050003647804
      vertex -3.566950000822544 -5 7.004550002515316
      vertex -4.145124219357967 -5 7.479685939848423
    endloop
  endfacet
  facet normal 0 -1 0
    outer loop
      vertex -4.069496877491474 -5 7.469593748450279
      vertex -4.145124219357967 -5 7.479685939848423
      vertex -3.566950000822544 -5 7.004550002515316
    endloop
  endfacet
  facet normal 0 -1 0
    outer loop
      vertex -4.974381253123283 -5 8.024481251835823
      vertex -4.5641999989748 -5 8.04924999922514
      vertex -4.495274998247623 -5 8.081042967736721
    endloop
  endfacet
  facet normal 0 -1 0
    outer loop
      vertex -4.974381253123283 -5 8.024481251835823
      vertex -4.495274998247623 -5 8.081042967736721
      vertex -4.424125000834465 -5 8.108596876263618
    endloop
  endfacet
  facet normal 0 -1 0
    outer loop
      vertex -4.974381253123283 -5 8.024481251835823
      vertex -4.424125000834465 -5 8.108596876263618
      vertex -4.350749999284744 -5 8.131911717355251
    endloop
  endfacet
  facet normal 0 -1 0
    outer loop
      vertex -4.974381253123283 -5 8.024481251835823
      vertex -3.591099999845028 -5 8.73420000076294
      vertex -4.957295313477516 -5 8.188451565802097
    endloop
  endfacet
  facet normal 0 -1 0
    outer loop
      vertex -4.957295313477516 -5 8.188451565802097
      vertex -3.591099999845028 -5 8.73420000076294
      vertex -4.933375000953674 -5 8.340025000274181
    endloop
  endfacet
  facet normal 0 -1 0
    outer loop
      vertex -4.225149996578693 -5 7.483050003647804
      vertex -3.54636562615633 -5 6.923781253397465
      vertex -3.566950000822544 -5 7.004550002515316
    endloop
  endfacet
  facet normal 0 -1 0
    outer loop
      vertex -4.069496877491474 -5 7.469593748450279
      vertex -3.566950000822544 -5 7.004550002515316
      vertex -3.5934156253933907 -5 7.079331248998642
    endloop
  endfacet
  facet normal 0 -1 0
    outer loop
      vertex -3.9982679709792137 -5 7.4527734369039536
      vertex -4.069496877491474 -5 7.469593748450279
      vertex -3.5934156253933907 -5 7.079331248998642
    endloop
  endfacet
  facet normal 0 -1 0
    outer loop
      vertex -3.9982679709792137 -5 7.4527734369039536
      vertex -3.62576249986887 -5 7.148125000298023
      vertex -3.931437499821186 -5 7.429224997758865
    endloop
  endfacet
  facet normal 0 -1 0
    outer loop
      vertex -3.869005471467972 -5 7.398948438465595
      vertex -3.931437499821186 -5 7.429224997758865
      vertex -3.6639906242489815 -5 7.210931248962879
    endloop
  endfacet
  facet normal 0 -1 0
    outer loop
      vertex -3.9982679709792137 -5 7.4527734369039536
      vertex -3.5934156253933907 -5 7.079331248998642
      vertex -3.62576249986887 -5 7.148125000298023
    endloop
  endfacet
  facet normal 0 -1 0
    outer loop
      vertex -3.931437499821186 -5 7.429224997758865
      vertex -3.62576249986887 -5 7.148125000298023
      vertex -3.6639906242489815 -5 7.210931248962879
    endloop
  endfacet
  facet normal 0 -1 0
    outer loop
      vertex -3.869005471467972 -5 7.398948438465595
      vertex -3.6639906242489815 -5 7.210931248962879
      vertex -3.7080999985337257 -5 7.26775000244379
    endloop
  endfacet
  facet normal 0 -1 0
    outer loop
      vertex -3.869005471467972 -5 7.398948438465595
      vertex -3.7080999985337257 -5 7.26775000244379
      vertex -3.8109718784689903 -5 7.361943751573563
    endloop
  endfacet
  facet normal 0 -1 0
    outer loop
      vertex -3.7080999985337257 -5 7.26775000244379
      vertex -3.7573367208242416 -5 7.3182109370827675
      vertex -3.8109718784689903 -5 7.361943751573563
    endloop
  endfacet
  facet normal 0 -1 0
    outer loop
      vertex -4.197324998676777 -5 8.165824219584465
      vertex -4.11727499961853 -5 8.176421873271465
      vertex -1.8548500016331673 -5 8.778250001370907
    endloop
  endfacet
  facet normal 0 -1 0
    outer loop
      vertex -4.11727499961853 -5 8.176421873271465
      vertex -4.034999996423721 -5 8.182780466973782
      vertex -1.8548500016331673 -5 8.778250001370907
    endloop
  endfacet
  facet normal 0 -1 0
    outer loop
      vertex -4.034999996423721 -5 8.182780466973782
      vertex -3.9504999965429306 -5 8.184900000691414
      vertex -1.8548500016331673 -5 8.778250001370907
    endloop
  endfacet
  facet normal 0 -1 0
    outer loop
      vertex -3.9504999965429306 -5 8.184900000691414
      vertex -3.7944734394550323 -5 8.17854218930006
      vertex -1.8548500016331673 -5 8.778250001370907
    endloop
  endfacet
  facet normal 0 -1 0
    outer loop
      vertex -7.46339999884367 -5 9.887000001966953
      vertex -5.6620374992489815 -5 8.949778124690056
      vertex -5.568721875548363 -5 9.140894532203674
    endloop
  endfacet
  facet normal 0 -1 0
    outer loop
      vertex -7.46339999884367 -5 9.887000001966953
      vertex -5.568721875548363 -5 9.140894532203674
      vertex -5.461049996316433 -5 9.31225000321865
    endloop
  endfacet
  facet normal 0 -1 0
    outer loop
      vertex -7.46339999884367 -5 9.887000001966953
      vertex -5.461049996316433 -5 9.31225000321865
      vertex -5.34001562744379 -5 9.463644534349442
    endloop
  endfacet
  facet normal 0 -1 0
    outer loop
      vertex -7.46339999884367 -5 9.887000001966953
      vertex -5.34001562744379 -5 9.463644534349442
      vertex -5.206637501716614 -5 9.5948531255126
    endloop
  endfacet
  facet normal 0 -1 0
    outer loop
      vertex -7.46339999884367 -5 9.887000001966953
      vertex -5.206637501716614 -5 9.5948531255126
      vertex -5.0609156265854836 -5 9.705875784158707
    endloop
  endfacet
  facet normal 0 -1 0
    outer loop
      vertex -7.46339999884367 -5 9.887000001966953
      vertex -5.0609156265854836 -5 9.705875784158707
      vertex -4.9028500020504 -5 9.796712502837181
    endloop
  endfacet
  facet normal 0 -1 0
    outer loop
      vertex -7.46339999884367 -5 9.887000001966953
      vertex -4.9028500020504 -5 9.796712502837181
      vertex -4.7324406281113625 -5 9.867363281548023
    endloop
  endfacet
  facet normal 0 -1 0
    outer loop
      vertex -7.46339999884367 -5 9.887000001966953
      vertex -4.7324406281113625 -5 9.867363281548023
      vertex -4.549687497317791 -5 9.917828127741814
    endloop
  endfacet
  facet normal 0 -1 0
    outer loop
      vertex -4.933375000953674 -5 8.340025000274181
      vertex -3.591099999845028 -5 8.73420000076294
      vertex -4.902620315551758 -5 8.479201562702656
    endloop
  endfacet
  facet normal 0 -1 0
    outer loop
      vertex -4.902620315551758 -5 8.479201562702656
      vertex -3.591099999845028 -5 8.73420000076294
      vertex -4.865031249821186 -5 8.60598125308752
    endloop
  endfacet
  facet normal 0 -1 0
    outer loop
      vertex -4.865031249821186 -5 8.60598125308752
      vertex -3.591099999845028 -5 8.73420000076294
      vertex -4.82060781121254 -5 8.720364063978195
    endloop
  endfacet
  facet normal 0 -1 0
    outer loop
      vertex -4.82060781121254 -5 8.720364063978195
      vertex -3.591099999845028 -5 8.73420000076294
      vertex -4.769349999725819 -5 8.82235000282526
    endloop
  endfacet
  facet normal 0 -1 0
    outer loop
      vertex -4.769349999725819 -5 8.82235000282526
      vertex -3.591099999845028 -5 8.73420000076294
      vertex -4.712105467915535 -5 8.912150777876377
    endloop
  endfacet
  facet normal 0 -1 0
    outer loop
      vertex -4.712105467915535 -5 8.912150777876377
      vertex -3.591099999845028 -5 8.73420000076294
      vertex -4.649721875786781 -5 8.98997812718153
    endloop
  endfacet
  facet normal 0 -1 0
    outer loop
      vertex -4.649721875786781 -5 8.98997812718153
      vertex -3.591099999845028 -5 8.73420000076294
      vertex -4.582199215888977 -5 9.055832028388977
    endloop
  endfacet
  facet normal 0 -1 0
    outer loop
      vertex -4.582199215888977 -5 9.055832028388977
      vertex -3.591099999845028 -5 8.73420000076294
      vertex -4.509537503123283 -5 9.10971249639988
    endloop
  endfacet
  facet normal 0 -1 0
    outer loop
      vertex -4.509537503123283 -5 9.10971249639988
      vertex -3.591099999845028 -5 8.73420000076294
      vertex -4.4317367151379585 -5 9.151619531214237
    endloop
  endfacet
  facet normal 0 -1 0
    outer loop
      vertex -4.4317367151379585 -5 9.151619531214237
      vertex -3.591099999845028 -5 8.73420000076294
      vertex -4.348796874284744 -5 9.18155312538147
    endloop
  endfacet
  facet normal 0 -1 0
    outer loop
      vertex -4.348796874284744 -5 9.18155312538147
      vertex -3.591099999845028 -5 8.73420000076294
      vertex -4.260717965662479 -5 9.199513278901577
    endloop
  endfacet
  facet normal 0 -1 0
    outer loop
      vertex -4.260717965662479 -5 9.199513278901577
      vertex -3.6754437536001205 -5 8.940393753349781
      vertex -4.1674999967217445 -5 9.20549999922514
    endloop
  endfacet
  facet normal 0 -1 0
    outer loop
      vertex -4.1674999967217445 -5 9.20549999922514
      vertex -3.7325546890497208 -5 9.021398440003395
      vertex -4.0605921894311905 -5 9.198135934770107
    endloop
  endfacet
  facet normal 0 -1 0
    outer loop
      vertex -4.0605921894311905 -5 9.198135934770107
      vertex -3.799625001847744 -5 9.087674997746944
      vertex -3.963643752038479 -5 9.17604374885559
    endloop
  endfacet
  facet normal 0 -1 0
    outer loop
      vertex -4.974381253123283 -5 8.024481251835823
      vertex -2.6925999969244003 -5 8.859650000929832
      vertex -3.591099999845028 -5 8.73420000076294
    endloop
  endfacet
  facet normal 0 -1 0
    outer loop
      vertex -4.260717965662479 -5 9.199513278901577
      vertex -3.591099999845028 -5 8.73420000076294
      vertex -3.6282921880483627 -5 8.844660937786102
    endloop
  endfacet
  facet normal 0 -1 0
    outer loop
      vertex -4.260717965662479 -5 9.199513278901577
      vertex -3.6282921880483627 -5 8.844660937786102
      vertex -3.6754437536001205 -5 8.940393753349781
    endloop
  endfacet
  facet normal 0 -1 0
    outer loop
      vertex -4.1674999967217445 -5 9.20549999922514
      vertex -3.6754437536001205 -5 8.940393753349781
      vertex -3.7325546890497208 -5 9.021398440003395
    endloop
  endfacet
  facet normal 0 -1 0
    outer loop
      vertex -4.0605921894311905 -5 9.198135934770107
      vertex -3.7325546890497208 -5 9.021398440003395
      vertex -3.799625001847744 -5 9.087674997746944
    endloop
  endfacet
  facet normal 0 -1 0
    outer loop
      vertex -3.963643752038479 -5 9.17604374885559
      vertex -3.799625001847744 -5 9.087674997746944
      vertex -3.8766546845436096 -5 9.13922343403101
    endloop
  endfacet
  facet normal 0 -1 0
    outer loop
      vertex -2.7306250035762787 -5 5.847551561892033
      vertex -1.8277499973773956 -5 5.1096000000834465
      vertex -2.6705500036478043 -5 5.992025002837181
    endloop
  endfacet
  facet normal 0 -1 0
    outer loop
      vertex -2.6705500036478043 -5 5.992025002837181
      vertex -1.8277499973773956 -5 5.1096000000834465
      vertex -2.6238249987363815 -5 6.14677656441927
    endloop
  endfacet
  facet normal 0 -1 0
    outer loop
      vertex -2.6238249987363815 -5 6.14677656441927
      vertex -1.8277499973773956 -5 5.1096000000834465
      vertex -2.590449996292591 -5 6.311806246638298
    endloop
  endfacet
  facet normal 0 -1 0
    outer loop
      vertex -2.590449996292591 -5 6.311806246638298
      vertex -1.8277499973773956 -5 5.1096000000834465
      vertex -2.570424996316433 -5 6.487114064395428
    endloop
  endfacet
  facet normal 0 -1 0
    outer loop
      vertex -2.570424996316433 -5 6.487114064395428
      vertex -1.8277499973773956 -5 5.1096000000834465
      vertex -1.8277499973773956 -5 7.957750000059605
    endloop
  endfacet
  facet normal 0 -1 0
    outer loop
      vertex -2.656987503170967 -5 7.298249997198582
      vertex -2.616196095943451 -5 7.155531249940395
      vertex -1.8277499973773956 -5 7.957750000059605
    endloop
  endfacet
  facet normal 0 -1 0
    outer loop
      vertex -2.8492898419499397 -5 7.671731248497963
      vertex -2.773534372448921 -5 7.556350000202656
      vertex -1.8277499973773956 -5 7.957750000059605
    endloop
  endfacet
  facet normal 0 -1 0
    outer loop
      vertex -2.656987503170967 -5 7.298249997198582
      vertex -1.8277499973773956 -5 7.957750000059605
      vertex -2.7094335928559303 -5 7.431856252253056
    endloop
  endfacet
  facet normal 0 -1 0
    outer loop
      vertex -2.7094335928559303 -5 7.431856252253056
      vertex -1.8277499973773956 -5 7.957750000059605
      vertex -2.773534372448921 -5 7.556350000202656
    endloop
  endfacet
  facet normal 0 -1 0
    outer loop
      vertex -3.7944734394550323 -5 8.17854218930006
      vertex -3.6468187496066093 -5 8.159468747675419
      vertex -1.8548500016331673 -5 8.778250001370907
    endloop
  endfacet
  facet normal 0 -1 0
    outer loop
      vertex -3.6468187496066093 -5 8.159468747675419
      vertex -3.507535934448242 -5 8.12767969071865
      vertex -1.8548500016331673 -5 8.778250001370907
    endloop
  endfacet
  facet normal 0 -1 0
    outer loop
      vertex -3.254085935652256 -5 8.025954686105251
      vertex -3.139918752014637 -5 7.956018753349781
      vertex -1.8548500016331673 -5 8.778250001370907
    endloop
  endfacet
  facet normal 0 -1 0
    outer loop
      vertex -3.507535934448242 -5 8.12767969071865
      vertex -3.3766250014305115 -5 8.083175003528595
      vertex -1.8548500016331673 -5 8.778250001370907
    endloop
  endfacet
  facet normal 0 -1 0
    outer loop
      vertex -3.3766250014305115 -5 8.083175003528595
      vertex -3.254085935652256 -5 8.025954686105251
      vertex -1.8548500016331673 -5 8.778250001370907
    endloop
  endfacet
  facet normal 0 -1 0
    outer loop
      vertex -3.0341234356164932 -5 7.873367190361023
      vertex -2.936700001358986 -5 7.777999997138977
      vertex -1.832531251013279 -5 8.34009999781847
    endloop
  endfacet
  facet normal 0 -1 0
    outer loop
      vertex -2.936700001358986 -5 7.777999997138977
      vertex -2.8492898419499397 -5 7.671731248497963
      vertex -1.8282812535762787 -5 8.098549999296665
    endloop
  endfacet
  facet normal 0 -1 0
    outer loop
      vertex -3.139918752014637 -5 7.956018753349781
      vertex -3.0341234356164932 -5 7.873367190361023
      vertex -1.842826560139656 -5 8.576515622437
    endloop
  endfacet
  facet normal 0 -1 0
    outer loop
      vertex -2.570424996316433 -5 6.487114064395428
      vertex -1.8277499973773956 -5 7.957750000059605
      vertex -2.563749998807907 -5 6.672700002789497
    endloop
  endfacet
  facet normal 0 -1 0
    outer loop
      vertex -2.563749998807907 -5 6.672700002789497
      vertex -1.8277499973773956 -5 7.957750000059605
      vertex -2.569577343761921 -5 6.842756249010563
    endloop
  endfacet
  facet normal 0 -1 0
    outer loop
      vertex -1.8277499973773956 -5 7.957750000059605
      vertex -2.5870593786239624 -5 7.003700003027916
      vertex -2.569577343761921 -5 6.842756249010563
    endloop
  endfacet
  facet normal 0 -1 0
    outer loop
      vertex -1.8277499973773956 -5 7.957750000059605
      vertex -2.616196095943451 -5 7.155531249940395
      vertex -2.5870593786239624 -5 7.003700003027916
    endloop
  endfacet
  facet normal 0 -1 0
    outer loop
      vertex -2.8492898419499397 -5 7.671731248497963
      vertex -1.8277499973773956 -5 7.957750000059605
      vertex -1.8278828114271164 -5 8.029818750917912
    endloop
  endfacet
  facet normal 0 -1 0
    outer loop
      vertex -2.8492898419499397 -5 7.671731248497963
      vertex -1.8278828114271164 -5 8.029818750917912
      vertex -1.8282812535762787 -5 8.098549999296665
    endloop
  endfacet
  facet normal 0 -1 0
    outer loop
      vertex -2.936700001358986 -5 7.777999997138977
      vertex -1.8282812535762787 -5 8.098549999296665
      vertex -1.8289453089237213 -5 8.163943752646446
    endloop
  endfacet
  facet normal 0 -1 0
    outer loop
      vertex -2.936700001358986 -5 7.777999997138977
      vertex -1.8289453089237213 -5 8.163943752646446
      vertex -1.829874999821186 -5 8.226000003516674
    endloop
  endfacet
  facet normal 0 -1 0
    outer loop
      vertex -2.936700001358986 -5 7.777999997138977
      vertex -1.829874999821186 -5 8.226000003516674
      vertex -1.8310703113675117 -5 8.284718751907349
    endloop
  endfacet
  facet normal 0 -1 0
    outer loop
      vertex -2.936700001358986 -5 7.777999997138977
      vertex -1.8310703113675117 -5 8.284718751907349
      vertex -1.832531251013279 -5 8.34009999781847
    endloop
  endfacet
  facet normal 0 -1 0
    outer loop
      vertex -3.0341234356164932 -5 7.873367190361023
      vertex -1.832531251013279 -5 8.34009999781847
      vertex -1.834257811307907 -5 8.392143748700619
    endloop
  endfacet
  facet normal 0 -1 0
    outer loop
      vertex -3.0341234356164932 -5 7.873367190361023
      vertex -1.834257811307907 -5 8.392143748700619
      vertex -1.8362499997019768 -5 8.440849997103214
    endloop
  endfacet
  facet normal 0 -1 0
    outer loop
      vertex -3.139918752014637 -5 7.956018753349781
      vertex -1.842826560139656 -5 8.576515622437
      vertex -1.8451249971985817 -5 8.619300000369549
    endloop
  endfacet
  facet normal 0 -1 0
    outer loop
      vertex -3.139918752014637 -5 7.956018753349781
      vertex -1.8451249971985817 -5 8.619300000369549
      vertex -1.847476564347744 -5 8.660865627229214
    endloop
  endfacet
  facet normal 0 -1 0
    outer loop
      vertex -3.0341234356164932 -5 7.873367190361023
      vertex -1.8362499997019768 -5 8.440849997103214
      vertex -1.8383890613913536 -5 8.487290628254414
    endloop
  endfacet
  facet normal 0 -1 0
    outer loop
      vertex -3.0341234356164932 -5 7.873367190361023
      vertex -1.8383890613913536 -5 8.487290628254414
      vertex -1.840581253170967 -5 8.532512500882149
    endloop
  endfacet
  facet normal 0 -1 0
    outer loop
      vertex -3.0341234356164932 -5 7.873367190361023
      vertex -1.840581253170967 -5 8.532512500882149
      vertex -1.842826560139656 -5 8.576515622437
    endloop
  endfacet
  facet normal 0 -1 0
    outer loop
      vertex -0.874949999153614 -5 5.1096000000834465
      vertex 0.3320999965071678 -5 5.1096000000834465
      vertex 0.3320999965071678 -5 7.167700000107288
    endloop
  endfacet
  facet normal 0 -1 0
    outer loop
      vertex -0.874949999153614 -5 5.1096000000834465
      vertex 0.3320999965071678 -5 7.167700000107288
      vertex -0.874949999153614 -5 7.076150000095367
    endloop
  endfacet
  facet normal 0 -1 0
    outer loop
      vertex -0.8885499984025955 -5 8.04924999922514
      vertex -0.8431124985218048 -5 8.150759376585484
      vertex -0.902099996805191 -5 8.04924999922514
    endloop
  endfacet
  facet normal 0 -1 0
    outer loop
      vertex -0.902099996805191 -5 8.04924999922514
      vertex -0.8431124985218048 -5 8.150759376585484
      vertex -0.9023648425936699 -5 8.078264847397804
    endloop
  endfacet
  facet normal 0 -1 0
    outer loop
      vertex -0.9023648425936699 -5 8.078264847397804
      vertex -0.8431124985218048 -5 8.150759376585484
      vertex -0.9031593725085258 -5 8.112734377384186
    endloop
  endfacet
  facet normal 0 -1 0
    outer loop
      vertex -0.9031593725085258 -5 8.112734377384186
      vertex -0.8431124985218048 -5 8.150759376585484
      vertex -0.9044835940003395 -5 8.152658596634865
    endloop
  endfacet
  facet normal 0 -1 0
    outer loop
      vertex -0.8431124985218048 -5 8.150759376585484
      vertex -0.7949749976396561 -5 8.245062500238419
      vertex -0.9044835940003395 -5 8.152658596634865
    endloop
  endfacet
  facet normal 0 -1 0
    outer loop
      vertex -0.9044835940003395 -5 8.152658596634865
      vertex -0.7949749976396561 -5 8.245062500238419
      vertex -0.9063374996185303 -5 8.19803749769926
    endloop
  endfacet
  facet normal 0 -1 0
    outer loop
      vertex -0.9063374996185303 -5 8.19803749769926
      vertex -0.7949749976396561 -5 8.245062500238419
      vertex -0.9087210968136787 -5 8.248871095478535
    endloop
  endfacet
  facet normal 0 -1 0
    outer loop
      vertex -0.9087210968136787 -5 8.248871095478535
      vertex -0.7949749976396561 -5 8.245062500238419
      vertex -0.9116343781352043 -5 8.305159375071526
    endloop
  endfacet
  facet normal 0 -1 0
    outer loop
      vertex -0.9116343781352043 -5 8.305159375071526
      vertex -0.7441375032067299 -5 8.332159377634525
      vertex -0.915077343583107 -5 8.366902343928814
    endloop
  endfacet
  facet normal 0 -1 0
    outer loop
      vertex -0.9116343781352043 -5 8.305159375071526
      vertex -0.7949749976396561 -5 8.245062500238419
      vertex -0.7441375032067299 -5 8.332159377634525
    endloop
  endfacet
  facet normal 0 -1 0
    outer loop
      vertex -0.915077343583107 -5 8.366902343928814
      vertex -0.6906000003218651 -5 8.412050001323223
      vertex -0.9190500006079674 -5 8.4341000020504
    endloop
  endfacet
  facet normal 0 -1 0
    outer loop
      vertex -0.915077343583107 -5 8.366902343928814
      vertex -0.7441375032067299 -5 8.332159377634525
      vertex -0.6906000003218651 -5 8.412050001323223
    endloop
  endfacet
  facet normal 0 -1 0
    outer loop
      vertex -0.874949999153614 -5 7.076150000095367
      vertex 0.3320999965071678 -5 7.167700000107288
      vertex -0.8721164092421532 -5 7.190423436462879
    endloop
  endfacet
  facet normal 0 -1 0
    outer loop
      vertex -0.8721164092421532 -5 7.190423436462879
      vertex 0.2973468750715256 -5 7.5904781222343445
      vertex -0.8636156246066093 -5 7.299293749034405
    endloop
  endfacet
  facet normal 0 -1 0
    outer loop
      vertex 0.2973468750715256 -5 7.5904781222343445
      vertex -0.8494476526975632 -5 7.402760937809944
      vertex -0.8636156246066093 -5 7.299293749034405
    endloop
  endfacet
  facet normal 0 -1 0
    outer loop
      vertex 0.2973468750715256 -5 7.5904781222343445
      vertex -0.8296125009655952 -5 7.500825002789497
      vertex -0.8494476526975632 -5 7.402760937809944
    endloop
  endfacet
  facet normal 0 -1 0
    outer loop
      vertex 0.2973468750715256 -5 7.5904781222343445
      vertex -0.8041101545095444 -5 7.593485936522484
      vertex -0.8296125009655952 -5 7.500825002789497
    endloop
  endfacet
  facet normal 0 -1 0
    outer loop
      vertex 0.2973468750715256 -5 7.5904781222343445
      vertex -0.7729406282305717 -5 7.680743746459484
      vertex -0.8041101545095444 -5 7.593485936522484
    endloop
  endfacet
  facet normal 0 -1 0
    outer loop
      vertex -0.7729406282305717 -5 7.680743746459484
      vertex 0.2973468750715256 -5 7.5904781222343445
      vertex -0.7361039072275162 -5 7.762598440051079
    endloop
  endfacet
  facet normal 0 -1 0
    outer loop
      vertex -0.8721164092421532 -5 7.190423436462879
      vertex 0.3320999965071678 -5 7.167700000107288
      vertex 0.3234117180109024 -5 7.394188284873962
    endloop
  endfacet
  facet normal 0 -1 0
    outer loop
      vertex -0.7361039072275162 -5 7.762598440051079
      vertex 0.2973468750715256 -5 7.5904781222343445
      vertex -0.6935999989509583 -5 7.839050002396107
    endloop
  endfacet
  facet normal 0 -1 0
    outer loop
      vertex -0.8721164092421532 -5 7.190423436462879
      vertex 0.3234117180109024 -5 7.394188284873962
      vertex 0.2973468750715256 -5 7.5904781222343445
    endloop
  endfacet
  facet normal 0 -1 0
    outer loop
      vertex 0.2973468750715256 -5 7.5904781222343445
      vertex -0.6465804651379585 -5 7.908190622925758
      vertex -0.6935999989509583 -5 7.839050002396107
    endloop
  endfacet
  facet normal 0 -1 0
    outer loop
      vertex 0.2973468750715256 -5 7.5904781222343445
      vertex -0.5962218716740608 -5 7.968112498521805
      vertex -0.6465804651379585 -5 7.908190622925758
    endloop
  endfacet
  facet normal 0 -1 0
    outer loop
      vertex 0.2973468750715256 -5 7.5904781222343445
      vertex -0.5425242185592651 -5 8.018815621733665
      vertex -0.5962218716740608 -5 7.968112498521805
    endloop
  endfacet
  facet normal 0 -1 0
    outer loop
      vertex 0.2973468750715256 -5 7.5904781222343445
      vertex -0.4854874983429909 -5 8.060300000011921
      vertex -0.5425242185592651 -5 8.018815621733665
    endloop
  endfacet
  facet normal 0 -1 0
    outer loop
      vertex 0.2973468750715256 -5 7.5904781222343445
      vertex -0.42511171847581863 -5 8.09256562590599
      vertex -0.4854874983429909 -5 8.060300000011921
    endloop
  endfacet
  facet normal 0 -1 0
    outer loop
      vertex 0.2973468750715256 -5 7.5904781222343445
      vertex -0.3613968715071678 -5 8.115612499415874
      vertex -0.42511171847581863 -5 8.09256562590599
    endloop
  endfacet
  facet normal 0 -1 0
    outer loop
      vertex -0.3613968715071678 -5 8.115612499415874
      vertex 0.2539054676890373 -5 7.756569534540176
      vertex -0.2943429723381996 -5 8.129440627992153
    endloop
  endfacet
  facet normal 0 -1 0
    outer loop
      vertex -0.2943429723381996 -5 8.129440627992153
      vertex 0.2539054676890373 -5 7.756569534540176
      vertex -0.22394999861717224 -5 8.134049996733665
    endloop
  endfacet
  facet normal 0 -1 0
    outer loop
      vertex -0.22394999861717224 -5 8.134049996733665
      vertex 0.19308750331401825 -5 7.892462499439716
      vertex -0.09362578392028809 -5 8.11895078420639
    endloop
  endfacet
  facet normal 0 -1 0
    outer loop
      vertex -3.139918752014637 -5 7.956018753349781
      vertex -1.847476564347744 -5 8.660865627229214
      vertex -1.8498812466859818 -5 8.701212503015995
    endloop
  endfacet
  facet normal 0 -1 0
    outer loop
      vertex -3.139918752014637 -5 7.956018753349781
      vertex -1.8498812466859818 -5 8.701212503015995
      vertex -1.8523390591144562 -5 8.740340627729893
    endloop
  endfacet
  facet normal 0 -1 0
    outer loop
      vertex -3.139918752014637 -5 7.956018753349781
      vertex -1.8523390591144562 -5 8.740340627729893
      vertex -1.8548500016331673 -5 8.778250001370907
    endloop
  endfacet
  facet normal 0 -1 0
    outer loop
      vertex -0.9190500006079674 -5 8.4341000020504
      vertex -0.6906000003218651 -5 8.412050001323223
      vertex -0.9231820330023766 -5 8.500672653317451
    endloop
  endfacet
  facet normal 0 -1 0
    outer loop
      vertex -0.9231820330023766 -5 8.500672653317451
      vertex -0.6343624964356422 -5 8.484734371304512
      vertex -0.9271031245589256 -5 8.560515627264977
    endloop
  endfacet
  facet normal 0 -1 0
    outer loop
      vertex -0.9271031245589256 -5 8.560515627264977
      vertex -0.6343624964356422 -5 8.484734371304512
      vertex -0.9308132827281952 -5 8.613628908991814
    endloop
  endfacet
  facet normal 0 -1 0
    outer loop
      vertex -0.9308132827281952 -5 8.613628908991814
      vertex -0.575424998998642 -5 8.550212502479553
      vertex -0.9343125000596046 -5 8.660012498497963
    endloop
  endfacet
  facet normal 0 -1 0
    outer loop
      vertex -0.9343125000596046 -5 8.660012498497963
      vertex -0.575424998998642 -5 8.550212502479553
      vertex -0.9376007840037346 -5 8.699666403234005
    endloop
  endfacet
  facet normal 0 -1 0
    outer loop
      vertex -0.9376007840037346 -5 8.699666403234005
      vertex -0.5137875005602837 -5 8.608484372496605
      vertex -0.9406781271100044 -5 8.73259062319994
    endloop
  endfacet
  facet normal 0 -1 0
    outer loop
      vertex -0.9406781271100044 -5 8.73259062319994
      vertex -0.5137875005602837 -5 8.608484372496605
      vertex -0.9435445293784142 -5 8.758785158395767
    endloop
  endfacet
  facet normal 0 -1 0
    outer loop
      vertex -0.9461999982595444 -5 8.778250001370907
      vertex -0.9435445293784142 -5 8.758785158395767
      vertex -0.5137875005602837 -5 8.608484372496605
    endloop
  endfacet
  facet normal 0 -1 0
    outer loop
      vertex -0.9231820330023766 -5 8.500672653317451
      vertex -0.6906000003218651 -5 8.412050001323223
      vertex -0.6343624964356422 -5 8.484734371304512
    endloop
  endfacet
  facet normal 0 -1 0
    outer loop
      vertex -0.9308132827281952 -5 8.613628908991814
      vertex -0.6343624964356422 -5 8.484734371304512
      vertex -0.575424998998642 -5 8.550212502479553
    endloop
  endfacet
  facet normal 0 -1 0
    outer loop
      vertex -0.9376007840037346 -5 8.699666403234005
      vertex -0.575424998998642 -5 8.550212502479553
      vertex -0.5137875005602837 -5 8.608484372496605
    endloop
  endfacet
  facet normal 0 -1 0
    outer loop
      vertex -0.9461999982595444 -5 8.778250001370907
      vertex -0.5137875005602837 -5 8.608484372496605
      vertex -0.4494500011205673 -5 8.659550003707409
    endloop
  endfacet
  facet normal 0 -1 0
    outer loop
      vertex -0.9461999982595444 -5 8.778250001370907
      vertex -0.4494500011205673 -5 8.659550003707409
      vertex -0.38214609026908875 -5 8.704057812690735
    endloop
  endfacet
  facet normal 0 -1 0
    outer loop
      vertex -0.9461999982595444 -5 8.778250001370907
      vertex -0.38214609026908875 -5 8.704057812690735
      vertex -0.3116093724966049 -5 8.742631249129772
    endloop
  endfacet
  facet normal 0 -1 0
    outer loop
      vertex -0.9461999982595444 -5 8.778250001370907
      vertex -0.3116093724966049 -5 8.742631249129772
      vertex -0.23783984035253525 -5 8.77527031302452
    endloop
  endfacet
  facet normal 0 -1 0
    outer loop
      vertex -0.9461999982595444 -5 8.778250001370907
      vertex -0.23783984035253525 -5 8.77527031302452
      vertex -0.16083750128746033 -5 8.8019749969244
    endloop
  endfacet
  facet normal 0 -1 0
    outer loop
      vertex -0.9461999982595444 -5 8.778250001370907
      vertex -0.16083750128746033 -5 8.8019749969244
      vertex -0.08060234040021896 -5 8.822745315730572
    endloop
  endfacet
  facet normal 0 -1 0
    outer loop
      vertex 11 -5 13.5
      vertex -7.46339999884367 -5 9.887000001966953
      vertex -4.549687497317791 -5 9.917828127741814
    endloop
  endfacet
  facet normal 0 -1 0
    outer loop
      vertex -11 -5 13.5
      vertex -7.46339999884367 -5 9.887000001966953
      vertex 11 -5 13.5
    endloop
  endfacet
  facet normal -0.7071067811865476 0 -0.7071067811865476
    outer loop
      vertex -23.5 -3.5 0
      vertex -25 3.5 1.5
      vertex -23.5 3.5 0
    endloop
  endfacet
  facet normal -1 0 0
    outer loop
      vertex -25 -3.5 1.5
      vertex -25 3.5 13.5
      vertex -25 3.5 1.5
    endloop
  endfacet
  facet normal -0.5773502691896257 0.5773502691896257 -0.5773502691896257
    outer loop
      vertex -23.5 3.5 0
      vertex -25 3.5 1.5
      vertex -23.5 5 1.5
    endloop
  endfacet
  facet normal -0.7071067811865476 0.7071067811865476 0
    outer loop
      vertex -25 3.5 1.5
      vertex -25 3.5 13.5
      vertex -23.5 5 1.5
    endloop
  endfacet
  facet normal -0.7071067811865476 0.7071067811865476 0
    outer loop
      vertex -23.5 5 1.5
      vertex -25 3.5 13.5
      vertex -23.5 5 13.5
    endloop
  endfacet
  facet normal 0 1 0
    outer loop
      vertex -23.5 5 1.5
      vertex -23.5 5 13.5
      vertex -11 5 13.5
    endloop
  endfacet
  facet normal -0.7071067811865476 0 0.7071067811865476
    outer loop
      vertex -23.5 -3.5 15
      vertex -23.5 3.5 15
      vertex -25 3.5 13.5
    endloop
  endfacet
  facet normal -0.5773502691896257 0.5773502691896257 0.5773502691896257
    outer loop
      vertex -25 3.5 13.5
      vertex -23.5 3.5 15
      vertex -23.5 5 13.5
    endloop
  endfacet
  facet normal 6.607161054534867e-17 0.7071067811865476 0.7071067811865476
    outer loop
      vertex -23.5 3.5 15
      vertex -13.994601565032944 3.999999999999999 14.5
      vertex -23.5 5 13.5
    endloop
  endfacet
  facet normal 0 0 1
    outer loop
      vertex -15.849856583480626 -0.5379391646213386 15
      vertex -15.878048780487806 0 15
      vertex -23.5 3.5 15
    endloop
  endfacet
  facet normal 0 0 1
    outer loop
      vertex -23.5 3.5 15
      vertex -15.878048780487806 0 15
      vertex -15.849856583480626 0.5379391646213386 15
    endloop
  endfacet
  facet normal 0 0 1
    outer loop
      vertex -23.5 3.5 15
      vertex -15.849856583480626 0.5379391646213386 15
      vertex -15.765588872069097 1.0699845551840785 15
    endloop
  endfacet
  facet normal 0 0 1
    outer loop
      vertex -23.5 3.5 15
      vertex -15.765588872069097 1.0699845551840785 15
      vertex -15.626168900933596 1.5903069710515587 15
    endloop
  endfacet
  facet normal 0 0 1
    outer loop
      vertex -23.5 3.5 15
      vertex -15.626168900933596 1.5903069710515587 15
      vertex -15.433124184453384 2.0932056509510697 15
    endloop
  endfacet
  facet normal 0 0 1
    outer loop
      vertex -23.5 3.5 15
      vertex -15.433124184453384 2.0932056509510697 15
      vertex -15.188569760939428 2.573170731707317 15
    endloop
  endfacet
  facet normal 0 0 1
    outer loop
      vertex -23.5 3.5 15
      vertex -15.188569760939428 2.573170731707317 15
      vertex -14.895185019832045 3.0249436154563862 15
    endloop
  endfacet
  facet normal 0 0 1
    outer loop
      vertex -23.5 3.5 15
      vertex -14.895185019832045 3.0249436154563862 15
      vertex -14.556184345749516 3.443574583944368 15
    endloop
  endfacet
  facet normal -1.6012330727273607e-16 0.7071067811865496 0.7071067811865455
    outer loop
      vertex -23.5 3.5 15
      vertex -14.266092997226822 3.766509636331165 14.733490363668835
      vertex -13.994601565032944 3.999999999999999 14.5
    endloop
  endfacet
  facet normal 0 0 1
    outer loop
      vertex -23.5 3.5 15
      vertex -14.556184345749516 3.443574583944368 15
      vertex -14.499758929693884 3.5 15
    endloop
  endfacet
  facet normal 0 0.7071067811865469 0.7071067811865481
    outer loop
      vertex -23.5 3.5 15
      vertex -14.499758929693884 3.5 15
      vertex -14.266092997226822 3.766509636331165 14.733490363668835
    endloop
  endfacet
  facet normal -1.3473495974166313e-16 0.7071067811865462 0.7071067811865487
    outer loop
      vertex -23.5 5 13.5
      vertex -13.65745876975114 4.2279056815884735 14.272094318411526
      vertex -13.291448005115079 4.46558551310739 14.03441448689261
    endloop
  endfacet
  facet normal 0 0.7071067811865476 0.7071067811865476
    outer loop
      vertex -23.5 5 13.5
      vertex -13.291448005115079 4.46558551310739 14.03441448689261
      vertex -12.891270141326112 4.658923922691702 13.841076077308298
    endloop
  endfacet
  facet normal 1.1879220305324482e-16 0.7071067811865493 0.7071067811865456
    outer loop
      vertex -23.5 5 13.5
      vertex -12.891270141326112 4.658923922691702 13.841076077308298
      vertex -12.459679660260814 4.808568947343985 13.691431052656014
    endloop
  endfacet
  facet normal -4.270557861472981e-17 0.7071067811865447 0.7071067811865503
    outer loop
      vertex -23.5 5 13.5
      vertex -12.459679660260814 4.808568947343985 13.691431052656014
      vertex -11.999147915045501 4.915056291783111 13.584943708216889
    endloop
  endfacet
  facet normal 6.891027999483621e-17 0.7071067811865522 0.7071067811865429
    outer loop
      vertex -23.5 5 13.5
      vertex -11.999147915045501 4.915056291783111 13.584943708216889
      vertex -11.511907597301807 4.9787847909599465 13.521215209040053
    endloop
  endfacet
  facet normal 0 0.7071067811865461 0.7071067811865488
    outer loop
      vertex -23.5 5 13.5
      vertex -13.994601565032944 3.999999999999999 14.5
      vertex -13.938926261462367 4.045084971874737 14.454915028125262
    endloop
  endfacet
  facet normal 3.8926500081714804e-17 0.7071067811865475 0.7071067811865475
    outer loop
      vertex -23.5 5 13.5
      vertex -13.938926261462367 4.045084971874737 14.454915028125262
      vertex -13.65745876975114 4.2279056815884735 14.272094318411526
    endloop
  endfacet
  facet normal 0 0.7071067811865327 0.7071067811865623
    outer loop
      vertex -23.5 5 13.5
      vertex -11.511907597301807 4.9787847909599465 13.521215209040053
      vertex -11 5 13.5
    endloop
  endfacet
  facet normal 0 0 -1
    outer loop
      vertex -23.5 -3.5 0
      vertex -23.5 3.5 0
      vertex 23.5 3.5 0
    endloop
  endfacet
  facet normal 0 0.7071067811865476 -0.7071067811865476
    outer loop
      vertex -23.5 3.5 0
      vertex -23.5 5 1.5
      vertex 23.5 3.5 0
    endloop
  endfacet
  facet normal 0 1 0
    outer loop
      vertex -23.5 5 1.5
      vertex -11 5 13.5
      vertex 11 5 13.5
    endloop
  endfacet
  facet normal 0 1 0
    outer loop
      vertex -23.5 5 1.5
      vertex 11.513710349045212 5 6.1617387872822835
      vertex 11.661738787282284 5 6.013710349045212
    endloop
  endfacet
  facet normal 0 1 0
    outer loop
      vertex -23.5 5 1.5
      vertex 11.661738787282284 5 6.013710349045212
      vertex 11.824429495415053 5 5.881966011250105
    endloop
  endfacet
  facet normal 0 1 0
    outer loop
      vertex -23.5 5 1.5
      vertex 11.381966011250105 5 6.324429495415053
      vertex 11.513710349045212 5 6.1617387872822835
    endloop
  endfacet
  facet normal 0 1 0
    outer loop
      vertex -23.5 5 1.5
      vertex 11.172909084714798 5 6.6865267138484
      vertex 11.267949192431123 5 6.5
    endloop
  endfacet
  facet normal 0 1 0
    outer loop
      vertex -23.5 5 1.5
      vertex 11.267949192431123 5 6.5
      vertex 11.381966011250105 5 6.324429495415053
    endloop
  endfacet
  facet normal 0 1 0
    outer loop
      vertex -23.5 5 1.5
      vertex 11.097886967409693 5 6.881966011250105
      vertex 11.172909084714798 5 6.6865267138484
    endloop
  endfacet
  facet normal 0 1 0
    outer loop
      vertex -23.5 5 1.5
      vertex 11.043704798532389 5 7.084176618364482
      vertex 11.097886967409693 5 6.881966011250105
    endloop
  endfacet
  facet normal 0 1 0
    outer loop
      vertex -23.5 5 1.5
      vertex 11 5 7.5
      vertex 11.010956209263453 5 7.290943073464693
    endloop
  endfacet
  facet normal 0 1 0
    outer loop
      vertex -23.5 5 1.5
      vertex 11.010956209263453 5 7.290943073464693
      vertex 11.043704798532389 5 7.084176618364482
    endloop
  endfacet
  facet normal 0 1 0
    outer loop
      vertex -23.5 5 1.5
      vertex 11.010956209263453 5 7.709056926535307
      vertex 11 5 7.5
    endloop
  endfacet
  facet normal 0 1 0
    outer loop
      vertex -23.5 5 1.5
      vertex 11.043704798532389 5 7.915823381635518
      vertex 11.010956209263453 5 7.709056926535307
    endloop
  endfacet
  facet normal 0 1 0
    outer loop
      vertex -23.5 5 1.5
      vertex 11.097886967409693 5 8.118033988749895
      vertex 11.043704798532389 5 7.915823381635518
    endloop
  endfacet
  facet normal 0 1 0
    outer loop
      vertex -23.5 5 1.5
      vertex 11.172909084714798 5 8.3134732861516
      vertex 11.097886967409693 5 8.118033988749895
    endloop
  endfacet
  facet normal 0 1 0
    outer loop
      vertex -23.5 5 1.5
      vertex 11.267949192431123 5 8.5
      vertex 11.172909084714798 5 8.3134732861516
    endloop
  endfacet
  facet normal 0 1 0
    outer loop
      vertex -23.5 5 1.5
      vertex 11.381966011250105 5 8.675570504584947
      vertex 11.267949192431123 5 8.5
    endloop
  endfacet
  facet normal 0 1 0
    outer loop
      vertex -23.5 5 1.5
      vertex 11.513710349045212 5 8.838261212717716
      vertex 11.381966011250105 5 8.675570504584947
    endloop
  endfacet
  facet normal 0 1 0
    outer loop
      vertex -23.5 5 1.5
      vertex 11.661738787282284 5 8.986289650954788
      vertex 11.513710349045212 5 8.838261212717716
    endloop
  endfacet
  facet normal 0 1 0
    outer loop
      vertex -23.5 5 1.5
      vertex 11.824429495415053 5 9.118033988749895
      vertex 11.661738787282284 5 8.986289650954788
    endloop
  endfacet
  facet normal 0 -1 0
    outer loop
      vertex 23.5 -5 1.5
      vertex -3.987799219787121 -5 5.048581250011921
      vertex -4.170900002121925 -5 5.041799999773502
    endloop
  endfacet
  facet normal 0 -1 0
    outer loop
      vertex 23.5 -5 1.5
      vertex -3.8148718774318695 -5 5.068925000727177
      vertex -3.987799219787121 -5 5.048581250011921
    endloop
  endfacet
  facet normal 0 -1 0
    outer loop
      vertex 23.5 -5 1.5
      vertex -1.8277499973773956 -5 5.1096000000834465
      vertex -3.8148718774318695 -5 5.068925000727177
    endloop
  endfacet
  facet normal 0 -1 0
    outer loop
      vertex 0.2973468750715256 -5 7.5904781222343445
      vertex 0.2539054676890373 -5 7.756569534540176
      vertex -0.3613968715071678 -5 8.115612499415874
    endloop
  endfacet
  facet normal 0 -1 0
    outer loop
      vertex -0.22394999861717224 -5 8.134049996733665
      vertex 0.2539054676890373 -5 7.756569534540176
      vertex 0.19308750331401825 -5 7.892462499439716
    endloop
  endfacet
  facet normal 0 -1 0
    outer loop
      vertex -0.09362578392028809 -5 8.11895078420639
      vertex 0.19308750331401825 -5 7.892462499439716
      vertex 0.019321873784065247 -5 8.073653124272823
    endloop
  endfacet
  facet normal 0 -1 0
    outer loop
      vertex 0.019321873784065247 -5 8.073653124272823
      vertex 0.19308750331401825 -5 7.892462499439716
      vertex 0.11489296704530716 -5 7.9981570318341255
    endloop
  endfacet
  facet normal 0 -1 0
    outer loop
      vertex 1.2204499989748 -5 8.04924999922514
      vertex 1.2682281285524368 -5 8.152300000190735
      vertex 1.2000999972224236 -5 8.04924999922514
    endloop
  endfacet
  facet normal 0 -1 0
    outer loop
      vertex 1.2682281285524368 -5 8.152300000190735
      vertex 1.1448437497019768 -5 8.236796878278255
      vertex 1.2000999972224236 -5 8.04924999922514
    endloop
  endfacet
  facet normal 0 -1 0
    outer loop
      vertex 1.2682281285524368 -5 8.152300000190735
      vertex 1.3183375000953674 -5 8.247824996709824
      vertex 1.1448437497019768 -5 8.236796878278255
    endloop
  endfacet
  facet normal 0 -1 0
    outer loop
      vertex 1.0689250007271767 -5 8.399337500333786
      vertex 1.1448437497019768 -5 8.236796878278255
      vertex 1.3707781285047531 -5 8.335825003683567
    endloop
  endfacet
  facet normal 0 -1 0
    outer loop
      vertex 1.1448437497019768 -5 8.236796878278255
      vertex 1.3183375000953674 -5 8.247824996709824
      vertex 1.3707781285047531 -5 8.335825003683567
    endloop
  endfacet
  facet normal 0 -1 0
    outer loop
      vertex 1.0689250007271767 -5 8.399337500333786
      vertex 1.3707781285047531 -5 8.335825003683567
      vertex 1.4255499988794327 -5 8.416299998760223
    endloop
  endfacet
  facet normal 0 -1 0
    outer loop
      vertex 1.0689250007271767 -5 8.399337500333786
      vertex 1.4255499988794327 -5 8.416299998760223
      vertex 1.4826531261205673 -5 8.489249996840954
    endloop
  endfacet
  facet normal 0 -1 0
    outer loop
      vertex 1.278049997985363 -5 5.1096000000834465
      vertex 2.4851500019431114 -5 5.1096000000834465
      vertex 2.4851500019431114 -5 7.167700000107288
    endloop
  endfacet
  facet normal 0 -1 0
    outer loop
      vertex 1.278049997985363 -5 5.1096000000834465
      vertex 2.4851500019431114 -5 7.167700000107288
      vertex 1.278049997985363 -5 7.120250001549721
    endloop
  endfacet
  facet normal 0 -1 0
    outer loop
      vertex 1.278049997985363 -5 7.120250001549721
      vertex 2.4851500019431114 -5 7.167700000107288
      vertex 1.2848156243562698 -5 7.235719531774521
    endloop
  endfacet
  facet normal 0 -1 0
    outer loop
      vertex 1.2848156243562698 -5 7.235719531774521
      vertex 2.4851500019431114 -5 7.167700000107288
      vertex 1.2966125011444092 -5 7.344778127968311
    endloop
  endfacet
  facet normal 0 -1 0
    outer loop
      vertex 1.2966125011444092 -5 7.344778127968311
      vertex 2.4764609411358833 -5 7.394188284873962
      vertex 1.313440628349781 -5 7.4474257826805115
    endloop
  endfacet
  facet normal 0 -1 0
    outer loop
      vertex 1.313440628349781 -5 7.4474257826805115
      vertex 2.4764609411358833 -5 7.394188284873962
      vertex 1.3352999985218048 -5 7.543662503361702
    endloop
  endfacet
  facet normal 0 -1 0
    outer loop
      vertex 1.3352999985218048 -5 7.543662503361702
      vertex 2.4503937512636185 -5 7.5904781222343445
      vertex 1.3621906265616417 -5 7.633488282561302
    endloop
  endfacet
  facet normal 0 -1 0
    outer loop
      vertex 1.3621906265616417 -5 7.633488282561302
      vertex 2.4503937512636185 -5 7.5904781222343445
      vertex 1.3941124975681305 -5 7.716903127729893
    endloop
  endfacet
  facet normal 0 -1 0
    outer loop
      vertex 1.3941124975681305 -5 7.716903127729893
      vertex 2.4503937512636185 -5 7.5904781222343445
      vertex 1.4310656264424324 -5 7.793907031416893
    endloop
  endfacet
  facet normal 0 -1 0
    outer loop
      vertex 1.2966125011444092 -5 7.344778127968311
      vertex 2.4851500019431114 -5 7.167700000107288
      vertex 2.4764609411358833 -5 7.394188284873962
    endloop
  endfacet
  facet normal 0 -1 0
    outer loop
      vertex 1.3352999985218048 -5 7.543662503361702
      vertex 2.4764609411358833 -5 7.394188284873962
      vertex 2.4503937512636185 -5 7.5904781222343445
    endloop
  endfacet
  facet normal 0 -1 0
    outer loop
      vertex 1.4730499982833862 -5 7.864500001072884
      vertex 2.1723437532782555 -5 8.073653124272823
      vertex 1.5191124975681305 -5 7.927675783634186
    endloop
  endfacet
  facet normal 0 -1 0
    outer loop
      vertex 1.5191124975681305 -5 7.927675783634186
      vertex 2.1723437532782555 -5 8.073653124272823
      vertex 1.5683000013232231 -5 7.982428126037121
    endloop
  endfacet
  facet normal 0 -1 0
    outer loop
      vertex 1.4310656264424324 -5 7.793907031416893
      vertex 2.4503937512636185 -5 7.5904781222343445
      vertex 1.4730499982833862 -5 7.864500001072884
    endloop
  endfacet
  facet normal 0 -1 0
    outer loop
      vertex 1.5683000013232231 -5 7.982428126037121
      vertex 2.1723437532782555 -5 8.073653124272823
      vertex 1.6206125020980835 -5 8.028757028281689
    endloop
  endfacet
  facet normal 0 -1 0
    outer loop
      vertex 1.6206125020980835 -5 8.028757028281689
      vertex 2.1723437532782555 -5 8.073653124272823
      vertex 1.6760499998927116 -5 8.06666249781847
    endloop
  endfacet
  facet normal 0 -1 0
    outer loop
      vertex 1.6760499998927116 -5 8.06666249781847
      vertex 2.1723437532782555 -5 8.073653124272823
      vertex 1.7346125021576881 -5 8.096144534647465
    endloop
  endfacet
  facet normal 0 -1 0
    outer loop
      vertex 1.7346125021576881 -5 8.096144534647465
      vertex 2.0593859404325485 -5 8.11895078420639
      vertex 1.7963000014424324 -5 8.117203123867512
    endloop
  endfacet
  facet normal 0 -1 0
    outer loop
      vertex 1.7963000014424324 -5 8.117203123867512
      vertex 1.9290499985218048 -5 8.134049996733665
      vertex 1.8611124977469444 -5 8.129838280379772
    endloop
  endfacet
  facet normal 0 -1 0
    outer loop
      vertex 1.7963000014424324 -5 8.117203123867512
      vertex 2.0593859404325485 -5 8.11895078420639
      vertex 1.9290499985218048 -5 8.134049996733665
    endloop
  endfacet
  facet normal 0 -1 0
    outer loop
      vertex 1.4730499982833862 -5 7.864500001072884
      vertex 2.4503937512636185 -5 7.5904781222343445
      vertex 2.4069484397768974 -5 7.756569534540176
    endloop
  endfacet
  facet normal 0 -1 0
    outer loop
      vertex 1.4730499982833862 -5 7.864500001072884
      vertex 2.4069484397768974 -5 7.756569534540176
      vertex 2.3461249992251396 -5 7.892462499439716
    endloop
  endfacet
  facet normal 0 -1 0
    outer loop
      vertex 1.4730499982833862 -5 7.864500001072884
      vertex 2.2679234370589256 -5 7.9981570318341255
      vertex 2.1723437532782555 -5 8.073653124272823
    endloop
  endfacet
  facet normal 0 -1 0
    outer loop
      vertex 1.4730499982833862 -5 7.864500001072884
      vertex 2.3461249992251396 -5 7.892462499439716
      vertex 2.2679234370589256 -5 7.9981570318341255
    endloop
  endfacet
  facet normal 0 -1 0
    outer loop
      vertex 1.7346125021576881 -5 8.096144534647465
      vertex 2.1723437532782555 -5 8.073653124272823
      vertex 2.0593859404325485 -5 8.11895078420639
    endloop
  endfacet
  facet normal 0 -1 0
    outer loop
      vertex 0.8550999984145164 -5 8.649400003254414
      vertex 0.9723437502980232 -5 8.536871872842312
      vertex 1.6038531213998795 -5 8.612575002014637
    endloop
  endfacet
  facet normal 0 -1 0
    outer loop
      vertex 0.7171937525272369 -5 8.73692187666893
      vertex 1.8837999999523163 -5 8.776598438620567
      vertex 0.5586249977350235 -5 8.799437500536442
    endloop
  endfacet
  facet normal 0 -1 0
    outer loop
      vertex 0.7171937525272369 -5 8.73692187666893
      vertex 0.8550999984145164 -5 8.649400003254414
      vertex 1.7354499995708466 -5 8.706660933792591
    endloop
  endfacet
  facet normal 0 -1 0
    outer loop
      vertex 0.9723437502980232 -5 8.536871872842312
      vertex 1.0689250007271767 -5 8.399337500333786
      vertex 1.4826531261205673 -5 8.489249996840954
    endloop
  endfacet
  facet normal 0 -1 0
    outer loop
      vertex 0.9723437502980232 -5 8.536871872842312
      vertex 1.4826531261205673 -5 8.489249996840954
      vertex 1.5420875027775764 -5 8.554674997925758
    endloop
  endfacet
  facet normal 0 -1 0
    outer loop
      vertex 0.9723437502980232 -5 8.536871872842312
      vertex 1.5420875027775764 -5 8.554674997925758
      vertex 1.6038531213998795 -5 8.612575002014637
    endloop
  endfacet
  facet normal 0 -1 0
    outer loop
      vertex 0.8550999984145164 -5 8.649400003254414
      vertex 1.6038531213998795 -5 8.612575002014637
      vertex 1.6679499968886375 -5 8.66295000165701
    endloop
  endfacet
  facet normal 0 -1 0
    outer loop
      vertex 0.8550999984145164 -5 8.649400003254414
      vertex 1.6679499968886375 -5 8.66295000165701
      vertex 1.7354499995708466 -5 8.706660933792591
    endloop
  endfacet
  facet normal 0 -1 0
    outer loop
      vertex 0.7171937525272369 -5 8.73692187666893
      vertex 1.7354499995708466 -5 8.706660933792591
      vertex 1.8074000030755997 -5 8.744543753564358
    endloop
  endfacet
  facet normal 0 -1 0
    outer loop
      vertex 0.7171937525272369 -5 8.73692187666893
      vertex 1.8074000030755997 -5 8.744543753564358
      vertex 1.8837999999523163 -5 8.776598438620567
    endloop
  endfacet
  facet normal 0 -1 0
    outer loop
      vertex 0.5586249977350235 -5 8.799437500536442
      vertex 1.8837999999523163 -5 8.776598438620567
      vertex 1.964649997651577 -5 8.8028249964118
    endloop
  endfacet
  facet normal 0 -1 0
    outer loop
      vertex 11 -5 13.5
      vertex -4.974381253123283 -5 8.024481251835823
      vertex -4.350749999284744 -5 8.131911717355251
    endloop
  endfacet
  facet normal 0 -1 0
    outer loop
      vertex 11 -5 13.5
      vertex -4.549687497317791 -5 9.917828127741814
      vertex -4.354590624570847 -5 9.948107033967972
    endloop
  endfacet
  facet normal 0 -1 0
    outer loop
      vertex 11 -5 13.5
      vertex -4.350749999284744 -5 8.131911717355251
      vertex -4.275150001049042 -5 8.1509874984622
    endloop
  endfacet
  facet normal 0 -1 0
    outer loop
      vertex 11 -5 13.5
      vertex -4.275150001049042 -5 8.1509874984622
      vertex -4.197324998676777 -5 8.165824219584465
    endloop
  endfacet
  facet normal 0 -1 0
    outer loop
      vertex 11 -5 13.5
      vertex -2.6925999969244003 -5 8.859650000929832
      vertex -4.974381253123283 -5 8.024481251835823
    endloop
  endfacet
  facet normal 0 -1 0
    outer loop
      vertex 11 -5 13.5
      vertex -4.354590624570847 -5 9.948107033967972
      vertex -4.147150002419949 -5 9.958200000226498
    endloop
  endfacet
  facet normal 0 -1 0
    outer loop
      vertex 11 -5 13.5
      vertex -4.147150002419949 -5 9.958200000226498
      vertex -3.9994242191314697 -5 9.954014845192432
    endloop
  endfacet
  facet normal 0 -1 0
    outer loop
      vertex 11 -5 13.5
      vertex -3.9994242191314697 -5 9.954014845192432
      vertex -3.8596968725323677 -5 9.941459372639656
    endloop
  endfacet
  facet normal 0 -1 0
    outer loop
      vertex 11 -5 13.5
      vertex -3.8596968725323677 -5 9.941459372639656
      vertex -3.727967970073223 -5 9.92053359746933
    endloop
  endfacet
  facet normal 0 -1 0
    outer loop
      vertex 11 -5 13.5
      vertex -3.727967970073223 -5 9.92053359746933
      vertex -3.6042374968528748 -5 9.891237497329712
    endloop
  endfacet
  facet normal 0 -1 0
    outer loop
      vertex 11 -5 13.5
      vertex -3.6042374968528748 -5 9.891237497329712
      vertex -3.488505467772484 -5 9.853571094572544
    endloop
  endfacet
  facet normal 0 -1 0
    outer loop
      vertex 11 -5 13.5
      vertex -3.488505467772484 -5 9.853571094572544
      vertex -3.3807718753814697 -5 9.807534374296665
    endloop
  endfacet
  facet normal 0 -1 0
    outer loop
      vertex 11 -5 13.5
      vertex -3.3807718753814697 -5 9.807534374296665
      vertex -3.2810367196798325 -5 9.753127343952656
    endloop
  endfacet
  facet normal 0 -1 0
    outer loop
      vertex 11 -5 13.5
      vertex -3.2810367196798325 -5 9.753127343952656
      vertex -3.189300000667572 -5 9.690350003540516
    endloop
  endfacet
  facet normal 0 -1 0
    outer loop
      vertex 11 -5 13.5
      vertex -4.197324998676777 -5 8.165824219584465
      vertex -1.8548500016331673 -5 8.778250001370907
    endloop
  endfacet
  facet normal 0 -1 0
    outer loop
      vertex 11 -5 13.5
      vertex -2.778300002217293 -5 9.122637502849102
      vertex -2.7322437465190887 -5 8.99575312435627
    endloop
  endfacet
  facet normal 0 -1 0
    outer loop
      vertex 11 -5 13.5
      vertex -2.7322437465190887 -5 8.99575312435627
      vertex -2.6925999969244003 -5 8.859650000929832
    endloop
  endfacet
  facet normal 0 -1 0
    outer loop
      vertex 11 -5 13.5
      vertex -3.104768753051758 -5 9.618778124451637
      vertex -3.026649996638298 -5 9.537987500429153
    endloop
  endfacet
  facet normal 0 -1 0
    outer loop
      vertex 11 -5 13.5
      vertex -2.954943746328354 -5 9.447978124022484
      vertex -2.8896500021219254 -5 9.348750002682209
    endloop
  endfacet
  facet normal 0 -1 0
    outer loop
      vertex 11 -5 13.5
      vertex -3.026649996638298 -5 9.537987500429153
      vertex -2.954943746328354 -5 9.447978124022484
    endloop
  endfacet
  facet normal 0 -1 0
    outer loop
      vertex 11 -5 13.5
      vertex -2.8307687491178513 -5 9.240303121507168
      vertex -2.778300002217293 -5 9.122637502849102
    endloop
  endfacet
  facet normal 0 -1 0
    outer loop
      vertex 11 -5 13.5
      vertex -2.8896500021219254 -5 9.348750002682209
      vertex -2.8307687491178513 -5 9.240303121507168
    endloop
  endfacet
  facet normal 0 -1 0
    outer loop
      vertex 11 -5 13.5
      vertex -3.189300000667572 -5 9.690350003540516
      vertex -3.104768753051758 -5 9.618778124451637
    endloop
  endfacet
  facet normal 0 -1 0
    outer loop
      vertex 11 -5 13.5
      vertex -1.8548500016331673 -5 8.778250001370907
      vertex -0.9461999982595444 -5 8.778250001370907
    endloop
  endfacet
  facet normal 0 -1 0
    outer loop
      vertex 3.4311000034213066 -5 5.1096000000834465
      vertex 4.347000002861023 -5 7.957750000059605
      vertex 3.4311000034213066 -5 7.438950002193451
    endloop
  endfacet
  facet normal 0 -1 0
    outer loop
      vertex 3.4311000034213066 -5 5.1096000000834465
      vertex 4.347000002861023 -5 5.1096000000834465
      vertex 4.347000002861023 -5 7.957750000059605
    endloop
  endfacet
  facet normal 0 -1 0
    outer loop
      vertex 3.4311000034213066 -5 7.438950002193451
      vertex 4.347000002861023 -5 7.957750000059605
      vertex 3.4267031252384186 -5 7.604382812976837
    endloop
  endfacet
  facet normal 0 -1 0
    outer loop
      vertex 3.391528122127056 -5 7.905520312488079
      vertex 4.34646874666214 -5 8.098549999296665
      vertex 3.3607499971985817 -5 8.041225001215935
    endloop
  endfacet
  facet normal 0 -1 0
    outer loop
      vertex 3.4267031252384186 -5 7.604382812976837
      vertex 4.347000002861023 -5 7.957750000059605
      vertex 3.413512498140335 -5 7.759906247258186
    endloop
  endfacet
  facet normal 0 -1 0
    outer loop
      vertex 3.413512498140335 -5 7.759906247258186
      vertex 4.347000002861023 -5 7.957750000059605
      vertex 3.391528122127056 -5 7.905520312488079
    endloop
  endfacet
  facet normal 0 -1 0
    outer loop
      vertex 3.3607499971985817 -5 8.041225001215935
      vertex 4.343679688870907 -5 8.284718751907349
      vertex 3.321178123354912 -5 8.167020313441753
    endloop
  endfacet
  facet normal 0 -1 0
    outer loop
      vertex 3.321178123354912 -5 8.167020313441753
      vertex 4.336360938847065 -5 8.487290628254414
      vertex 3.2728125005960464 -5 8.282906249165535
    endloop
  endfacet
  facet normal 0 -1 0
    outer loop
      vertex 3.391528122127056 -5 7.905520312488079
      vertex 4.347000002861023 -5 7.957750000059605
      vertex 4.346867188811302 -5 8.029818750917912
    endloop
  endfacet
  facet normal 0 -1 0
    outer loop
      vertex 3.391528122127056 -5 7.905520312488079
      vertex 4.346867188811302 -5 8.029818750917912
      vertex 4.34646874666214 -5 8.098549999296665
    endloop
  endfacet
  facet normal 0 -1 0
    outer loop
      vertex 3.3607499971985817 -5 8.041225001215935
      vertex 4.34646874666214 -5 8.098549999296665
      vertex 4.345804683864117 -5 8.163943752646446
    endloop
  endfacet
  facet normal 0 -1 0
    outer loop
      vertex 3.3607499971985817 -5 8.041225001215935
      vertex 4.345804683864117 -5 8.163943752646446
      vertex 4.3448750004172325 -5 8.226000003516674
    endloop
  endfacet
  facet normal 0 -1 0
    outer loop
      vertex 3.3607499971985817 -5 8.041225001215935
      vertex 4.3448750004172325 -5 8.226000003516674
      vertex 4.343679688870907 -5 8.284718751907349
    endloop
  endfacet
  facet normal 0 -1 0
    outer loop
      vertex 3.321178123354912 -5 8.167020313441753
      vertex 4.34221874922514 -5 8.34009999781847
      vertex 4.3404921889305115 -5 8.392143748700619
    endloop
  endfacet
  facet normal 0 -1 0
    outer loop
      vertex 3.321178123354912 -5 8.167020313441753
      vertex 4.343679688870907 -5 8.284718751907349
      vertex 4.34221874922514 -5 8.34009999781847
    endloop
  endfacet
  facet normal 0 -1 0
    outer loop
      vertex 3.321178123354912 -5 8.167020313441753
      vertex 4.3404921889305115 -5 8.392143748700619
      vertex 4.338500000536442 -5 8.440849997103214
    endloop
  endfacet
  facet normal 0 -1 0
    outer loop
      vertex 3.321178123354912 -5 8.167020313441753
      vertex 4.338500000536442 -5 8.440849997103214
      vertex 4.336360938847065 -5 8.487290628254414
    endloop
  endfacet
  facet normal 0 -1 0
    outer loop
      vertex 3.2728125005960464 -5 8.282906249165535
      vertex 4.336360938847065 -5 8.487290628254414
      vertex 4.3341687470674515 -5 8.532512500882149
    endloop
  endfacet
  facet normal 0 -1 0
    outer loop
      vertex 5.2998000010848045 -5 5.1096000000834465
      vertex 6.506849996745586 -5 5.1096000000834465
      vertex 6.506849996745586 -5 7.167700000107288
    endloop
  endfacet
  facet normal 0 -1 0
    outer loop
      vertex 5.2998000010848045 -5 5.1096000000834465
      vertex 6.506849996745586 -5 7.167700000107288
      vertex 5.2998000010848045 -5 7.076150000095367
    endloop
  endfacet
  facet normal 0 -1 0
    outer loop
      vertex 5.286200001835823 -5 8.04924999922514
      vertex 5.331637501716614 -5 8.150759376585484
      vertex 5.2726500034332275 -5 8.04924999922514
    endloop
  endfacet
  facet normal 0 -1 0
    outer loop
      vertex 5.2726500034332275 -5 8.04924999922514
      vertex 5.331637501716614 -5 8.150759376585484
      vertex 5.272385157644749 -5 8.078264847397804
    endloop
  endfacet
  facet normal 0 -1 0
    outer loop
      vertex 5.272385157644749 -5 8.078264847397804
      vertex 5.331637501716614 -5 8.150759376585484
      vertex 5.271590627729893 -5 8.112734377384186
    endloop
  endfacet
  facet normal 0 -1 0
    outer loop
      vertex 5.271590627729893 -5 8.112734377384186
      vertex 5.331637501716614 -5 8.150759376585484
      vertex 5.270266406238079 -5 8.152658596634865
    endloop
  endfacet
  facet normal 0 -1 0
    outer loop
      vertex 5.270266406238079 -5 8.152658596634865
      vertex 5.3797750025987625 -5 8.245062500238419
      vertex 5.268412500619888 -5 8.19803749769926
    endloop
  endfacet
  facet normal 0 -1 0
    outer loop
      vertex 5.268412500619888 -5 8.19803749769926
      vertex 5.3797750025987625 -5 8.245062500238419
      vertex 5.26602890342474 -5 8.248871095478535
    endloop
  endfacet
  facet normal 0 -1 0
    outer loop
      vertex 5.331637501716614 -5 8.150759376585484
      vertex 5.3797750025987625 -5 8.245062500238419
      vertex 5.270266406238079 -5 8.152658596634865
    endloop
  endfacet
  facet normal 0 -1 0
    outer loop
      vertex 5.26602890342474 -5 8.248871095478535
      vertex 5.3797750025987625 -5 8.245062500238419
      vertex 5.263115622103214 -5 8.305159375071526
    endloop
  endfacet
  facet normal 0 -1 0
    outer loop
      vertex 5.263115622103214 -5 8.305159375071526
      vertex 5.430612497031689 -5 8.332159377634525
      vertex 5.259672656655312 -5 8.366902343928814
    endloop
  endfacet
  facet normal 0 -1 0
    outer loop
      vertex 5.263115622103214 -5 8.305159375071526
      vertex 5.3797750025987625 -5 8.245062500238419
      vertex 5.430612497031689 -5 8.332159377634525
    endloop
  endfacet
  facet normal 0 -1 0
    outer loop
      vertex 5.259672656655312 -5 8.366902343928814
      vertex 5.4841499999165535 -5 8.412050001323223
      vertex 5.255699999630451 -5 8.4341000020504
    endloop
  endfacet
  facet normal 0 -1 0
    outer loop
      vertex 5.259672656655312 -5 8.366902343928814
      vertex 5.430612497031689 -5 8.332159377634525
      vertex 5.4841499999165535 -5 8.412050001323223
    endloop
  endfacet
  facet normal 0 -1 0
    outer loop
      vertex 5.2998000010848045 -5 7.076150000095367
      vertex 6.506849996745586 -5 7.167700000107288
      vertex 5.302633590996265 -5 7.190423436462879
    endloop
  endfacet
  facet normal 0 -1 0
    outer loop
      vertex 5.302633590996265 -5 7.190423436462879
      vertex 6.506849996745586 -5 7.167700000107288
      vertex 5.311134375631809 -5 7.299293749034405
    endloop
  endfacet
  facet normal 0 -1 0
    outer loop
      vertex 5.311134375631809 -5 7.299293749034405
      vertex 6.498161718249321 -5 7.394188284873962
      vertex 5.325302340090275 -5 7.402760937809944
    endloop
  endfacet
  facet normal 0 -1 0
    outer loop
      vertex 5.325302340090275 -5 7.402760937809944
      vertex 6.498161718249321 -5 7.394188284873962
      vertex 5.345137499272823 -5 7.500825002789497
    endloop
  endfacet
  facet normal 0 -1 0
    outer loop
      vertex 5.345137499272823 -5 7.500825002789497
      vertex 6.498161718249321 -5 7.394188284873962
      vertex 5.370639845728874 -5 7.593485936522484
    endloop
  endfacet
  facet normal 0 -1 0
    outer loop
      vertex 5.370639845728874 -5 7.593485936522484
      vertex 6.472096875309944 -5 7.5904781222343445
      vertex 5.401809372007847 -5 7.680743746459484
    endloop
  endfacet
  facet normal 0 -1 0
    outer loop
      vertex 5.401809372007847 -5 7.680743746459484
      vertex 6.472096875309944 -5 7.5904781222343445
      vertex 5.438646093010902 -5 7.762598440051079
    endloop
  endfacet
  facet normal 0 -1 0
    outer loop
      vertex 5.438646093010902 -5 7.762598440051079
      vertex 6.472096875309944 -5 7.5904781222343445
      vertex 5.48115000128746 -5 7.839050002396107
    endloop
  endfacet
  facet normal 0 -1 0
    outer loop
      vertex 5.311134375631809 -5 7.299293749034405
      vertex 6.506849996745586 -5 7.167700000107288
      vertex 6.498161718249321 -5 7.394188284873962
    endloop
  endfacet
  facet normal 0 -1 0
    outer loop
      vertex 5.370639845728874 -5 7.593485936522484
      vertex 6.498161718249321 -5 7.394188284873962
      vertex 6.472096875309944 -5 7.5904781222343445
    endloop
  endfacet
  facet normal 0 -1 0
    outer loop
      vertex 5.48115000128746 -5 7.839050002396107
      vertex 6.472096875309944 -5 7.5904781222343445
      vertex 6.428655467927456 -5 7.756569534540176
    endloop
  endfacet
  facet normal 0 -1 0
    outer loop
      vertex 5.48115000128746 -5 7.839050002396107
      vertex 6.428655467927456 -5 7.756569534540176
      vertex 5.5281695276498795 -5 7.908190622925758
    endloop
  endfacet
  facet normal 0 -1 0
    outer loop
      vertex 5.5281695276498795 -5 7.908190622925758
      vertex 6.428655467927456 -5 7.756569534540176
      vertex 5.578528128564358 -5 7.968112498521805
    endloop
  endfacet
  facet normal 0 -1 0
    outer loop
      vertex 5.578528128564358 -5 7.968112498521805
      vertex 6.428655467927456 -5 7.756569534540176
      vertex 5.632225781679153 -5 8.018815621733665
    endloop
  endfacet
  facet normal 0 -1 0
    outer loop
      vertex 5.632225781679153 -5 8.018815621733665
      vertex 6.428655467927456 -5 7.756569534540176
      vertex 5.689262501895428 -5 8.060300000011921
    endloop
  endfacet
  facet normal 0 -1 0
    outer loop
      vertex 5.689262501895428 -5 8.060300000011921
      vertex 6.428655467927456 -5 7.756569534540176
      vertex 5.7496382817626 -5 8.09256562590599
    endloop
  endfacet
  facet normal 0 -1 0
    outer loop
      vertex 5.7496382817626 -5 8.09256562590599
      vertex 6.428655467927456 -5 7.756569534540176
      vertex 5.81335312128067 -5 8.115612499415874
    endloop
  endfacet
  facet normal 0 -1 0
    outer loop
      vertex 5.81335312128067 -5 8.115612499415874
      vertex 6.428655467927456 -5 7.756569534540176
      vertex 5.880407027900219 -5 8.129440627992153
    endloop
  endfacet
  facet normal 0 -1 0
    outer loop
      vertex 5.880407027900219 -5 8.129440627992153
      vertex 6.428655467927456 -5 7.756569534540176
      vertex 5.950800001621246 -5 8.134049996733665
    endloop
  endfacet
  facet normal 0 -1 0
    outer loop
      vertex 5.950800001621246 -5 8.134049996733665
      vertex 6.289642967283726 -5 7.9981570318341255
      vertex 6.194071874022484 -5 8.073653124272823
    endloop
  endfacet
  facet normal 0 -1 0
    outer loop
      vertex 5.950800001621246 -5 8.134049996733665
      vertex 6.428655467927456 -5 7.756569534540176
      vertex 6.367837503552437 -5 7.892462499439716
    endloop
  endfacet
  facet normal 0 -1 0
    outer loop
      vertex 5.950800001621246 -5 8.134049996733665
      vertex 6.367837503552437 -5 7.892462499439716
      vertex 6.289642967283726 -5 7.9981570318341255
    endloop
  endfacet
  facet normal 0 -1 0
    outer loop
      vertex 5.950800001621246 -5 8.134049996733665
      vertex 6.194071874022484 -5 8.073653124272823
      vertex 6.0811242163181305 -5 8.11895078420639
    endloop
  endfacet
  facet normal 0 -1 0
    outer loop
      vertex 3.1497000008821487 -5 8.484949998557568
      vertex 4.319899998605251 -5 8.778250001370907
      vertex 3.0753757804632187 -5 8.570379689335823
    endloop
  endfacet
  facet normal 0 -1 0
    outer loop
      vertex 2.9931031242012978 -5 8.644418753683567
      vertex 4.319899998605251 -5 8.778250001370907
      vertex 2.902882032096386 -5 8.707067184150219
    endloop
  endfacet
  facet normal 0 -1 0
    outer loop
      vertex 3.0753757804632187 -5 8.570379689335823
      vertex 4.319899998605251 -5 8.778250001370907
      vertex 2.9931031242012978 -5 8.644418753683567
    endloop
  endfacet
  facet normal 0 -1 0
    outer loop
      vertex 3.2728125005960464 -5 8.282906249165535
      vertex 4.327273435890675 -5 8.660865627229214
      vertex 3.215653121471405 -5 8.38888281583786
    endloop
  endfacet
  facet normal 0 -1 0
    outer loop
      vertex 3.215653121471405 -5 8.38888281583786
      vertex 4.319899998605251 -5 8.778250001370907
      vertex 3.1497000008821487 -5 8.484949998557568
    endloop
  endfacet
  facet normal 0 -1 0
    outer loop
      vertex 3.2728125005960464 -5 8.282906249165535
      vertex 4.3341687470674515 -5 8.532512500882149
      vertex 4.3319234400987625 -5 8.576515622437
    endloop
  endfacet
  facet normal 0 -1 0
    outer loop
      vertex 3.2728125005960464 -5 8.282906249165535
      vertex 4.329625003039837 -5 8.619300000369549
      vertex 4.327273435890675 -5 8.660865627229214
    endloop
  endfacet
  facet normal 0 -1 0
    outer loop
      vertex 3.2728125005960464 -5 8.282906249165535
      vertex 4.3319234400987625 -5 8.576515622437
      vertex 4.329625003039837 -5 8.619300000369549
    endloop
  endfacet
  facet normal 0 -1 0
    outer loop
      vertex 3.215653121471405 -5 8.38888281583786
      vertex 4.324868753552437 -5 8.701212503015995
      vertex 4.322410941123962 -5 8.740340627729893
    endloop
  endfacet
  facet normal 0 -1 0
    outer loop
      vertex 3.215653121471405 -5 8.38888281583786
      vertex 4.327273435890675 -5 8.660865627229214
      vertex 4.324868753552437 -5 8.701212503015995
    endloop
  endfacet
  facet normal 0 -1 0
    outer loop
      vertex 3.215653121471405 -5 8.38888281583786
      vertex 4.322410941123962 -5 8.740340627729893
      vertex 4.319899998605251 -5 8.778250001370907
    endloop
  endfacet
  facet normal 0 -1 0
    outer loop
      vertex 11 -5 13.5
      vertex -0.9461999982595444 -5 8.778250001370907
      vertex -0.08060234040021896 -5 8.822745315730572
    endloop
  endfacet
  facet normal 0 -1 0
    outer loop
      vertex 11 -5 13.5
      vertex -0.08060234040021896 -5 8.822745315730572
      vertex 0.002865627408027649 -5 8.837581247091293
    endloop
  endfacet
  facet normal 0 -1 0
    outer loop
      vertex 11 -5 13.5
      vertex 0.002865627408027649 -5 8.837581247091293
      vertex 0.08956640958786011 -5 8.846482813358307
    endloop
  endfacet
  facet normal 0 -1 0
    outer loop
      vertex 11 -5 13.5
      vertex 0.08956640958786011 -5 8.846482813358307
      vertex 0.17949999868869781 -5 8.849449999630451
    endloop
  endfacet
  facet normal 0 -1 0
    outer loop
      vertex 11 -5 13.5
      vertex 0.17949999868869781 -5 8.849449999630451
      vertex 0.3793937489390373 -5 8.836946874856949
    endloop
  endfacet
  facet normal 0 -1 0
    outer loop
      vertex 11 -5 13.5
      vertex 0.3793937489390373 -5 8.836946874856949
      vertex 0.5586249977350235 -5 8.799437500536442
    endloop
  endfacet
  facet normal 0 -1 0
    outer loop
      vertex 11 -5 13.5
      vertex 0.5586249977350235 -5 8.799437500536442
      vertex 1.964649997651577 -5 8.8028249964118
    endloop
  endfacet
  facet normal 0 -1 0
    outer loop
      vertex 5.255699999630451 -5 8.4341000020504
      vertex 5.4841499999165535 -5 8.412050001323223
      vertex 5.251567967236042 -5 8.500672653317451
    endloop
  endfacet
  facet normal 0 -1 0
    outer loop
      vertex 5.251567967236042 -5 8.500672653317451
      vertex 5.540387496352196 -5 8.484734371304512
      vertex 5.247646875679493 -5 8.560515627264977
    endloop
  endfacet
  facet normal 0 -1 0
    outer loop
      vertex 5.247646875679493 -5 8.560515627264977
      vertex 5.540387496352196 -5 8.484734371304512
      vertex 5.243936717510223 -5 8.613628908991814
    endloop
  endfacet
  facet normal 0 -1 0
    outer loop
      vertex 5.243936717510223 -5 8.613628908991814
      vertex 5.599325001239777 -5 8.550212502479553
      vertex 5.240437500178814 -5 8.660012498497963
    endloop
  endfacet
  facet normal 0 -1 0
    outer loop
      vertex 5.251567967236042 -5 8.500672653317451
      vertex 5.4841499999165535 -5 8.412050001323223
      vertex 5.540387496352196 -5 8.484734371304512
    endloop
  endfacet
  facet normal 0 -1 0
    outer loop
      vertex 5.243936717510223 -5 8.613628908991814
      vertex 5.540387496352196 -5 8.484734371304512
      vertex 5.599325001239777 -5 8.550212502479553
    endloop
  endfacet
  facet normal 0 -1 0
    outer loop
      vertex 5.240437500178814 -5 8.660012498497963
      vertex 5.599325001239777 -5 8.550212502479553
      vertex 5.237149216234684 -5 8.699666403234005
    endloop
  endfacet
  facet normal 0 -1 0
    outer loop
      vertex 5.237149216234684 -5 8.699666403234005
      vertex 5.660962499678135 -5 8.608484372496605
      vertex 5.234071873128414 -5 8.73259062319994
    endloop
  endfacet
  facet normal 0 -1 0
    outer loop
      vertex 5.234071873128414 -5 8.73259062319994
      vertex 5.660962499678135 -5 8.608484372496605
      vertex 5.231205470860004 -5 8.758785158395767
    endloop
  endfacet
  facet normal 0 -1 0
    outer loop
      vertex 5.228550001978874 -5 8.778250001370907
      vertex 5.231205470860004 -5 8.758785158395767
      vertex 5.660962499678135 -5 8.608484372496605
    endloop
  endfacet
  facet normal 0 -1 0
    outer loop
      vertex 5.237149216234684 -5 8.699666403234005
      vertex 5.599325001239777 -5 8.550212502479553
      vertex 5.660962499678135 -5 8.608484372496605
    endloop
  endfacet
  facet normal 0 -1 0
    outer loop
      vertex 5.228550001978874 -5 8.778250001370907
      vertex 5.660962499678135 -5 8.608484372496605
      vertex 5.725299999117851 -5 8.659550003707409
    endloop
  endfacet
  facet normal 0 -1 0
    outer loop
      vertex 5.228550001978874 -5 8.778250001370907
      vertex 5.725299999117851 -5 8.659550003707409
      vertex 5.79260390996933 -5 8.704057812690735
    endloop
  endfacet
  facet normal 0 -1 0
    outer loop
      vertex 5.228550001978874 -5 8.778250001370907
      vertex 5.79260390996933 -5 8.704057812690735
      vertex 5.863140627741814 -5 8.742631249129772
    endloop
  endfacet
  facet normal 0 -1 0
    outer loop
      vertex 5.228550001978874 -5 8.778250001370907
      vertex 5.863140627741814 -5 8.742631249129772
      vertex 5.936910159885883 -5 8.77527031302452
    endloop
  endfacet
  facet normal 0 -1 0
    outer loop
      vertex 5.228550001978874 -5 8.778250001370907
      vertex 5.936910159885883 -5 8.77527031302452
      vertex 6.013912498950958 -5 8.8019749969244
    endloop
  endfacet
  facet normal 0 -1 0
    outer loop
      vertex 11 -5 13.5
      vertex 1.964649997651577 -5 8.8028249964118
      vertex 2.0499500036239624 -5 8.823223434388638
    endloop
  endfacet
  facet normal 0 -1 0
    outer loop
      vertex 11 -5 13.5
      vertex 2.0499500036239624 -5 8.823223434388638
      vertex 2.1397000029683113 -5 8.837793752551079
    endloop
  endfacet
  facet normal 0 -1 0
    outer loop
      vertex 11 -5 13.5
      vertex 2.1397000029683113 -5 8.837793752551079
      vertex 2.2339000031352043 -5 8.846535935997963
    endloop
  endfacet
  facet normal 0 -1 0
    outer loop
      vertex 11 -5 13.5
      vertex 2.2339000031352043 -5 8.846535935997963
      vertex 2.332549996674061 -5 8.849449999630451
    endloop
  endfacet
  facet normal 0 -1 0
    outer loop
      vertex 11 -5 13.5
      vertex 2.332549996674061 -5 8.849449999630451
      vertex 2.462513282895088 -5 8.843754686415195
    endloop
  endfacet
  facet normal 0 -1 0
    outer loop
      vertex 11 -5 13.5
      vertex 2.462513282895088 -5 8.843754686415195
      vertex 2.584528125822544 -5 8.826668746769428
    endloop
  endfacet
  facet normal 0 -1 0
    outer loop
      vertex 11 -5 13.5
      vertex 2.584528125822544 -5 8.826668746769428
      vertex 2.698594532907009 -5 8.79819218814373
    endloop
  endfacet
  facet normal 0 -1 0
    outer loop
      vertex 11 -5 13.5
      vertex 2.698594532907009 -5 8.79819218814373
      vertex 2.8047124966979027 -5 8.75832500308752
    endloop
  endfacet
  facet normal 0 -1 0
    outer loop
      vertex 11 -5 13.5
      vertex 2.8047124966979027 -5 8.75832500308752
      vertex 2.902882032096386 -5 8.707067184150219
    endloop
  endfacet
  facet normal 0 -1 0
    outer loop
      vertex 11 -5 13.5
      vertex 2.902882032096386 -5 8.707067184150219
      vertex 4.319899998605251 -5 8.778250001370907
    endloop
  endfacet
  facet normal 0 -1 0
    outer loop
      vertex 23.5 -5 1.5
      vertex -0.874949999153614 -5 5.1096000000834465
      vertex -1.8277499973773956 -5 5.1096000000834465
    endloop
  endfacet
  facet normal 0 -1 0
    outer loop
      vertex 23.5 -5 1.5
      vertex 0.3320999965071678 -5 5.1096000000834465
      vertex -0.874949999153614 -5 5.1096000000834465
    endloop
  endfacet
  facet normal 0 -1 0
    outer loop
      vertex 23.5 -5 1.5
      vertex 1.278049997985363 -5 5.1096000000834465
      vertex 0.3320999965071678 -5 5.1096000000834465
    endloop
  endfacet
  facet normal 0 -1 0
    outer loop
      vertex 23.5 -5 1.5
      vertex 2.4851500019431114 -5 5.1096000000834465
      vertex 1.278049997985363 -5 5.1096000000834465
    endloop
  endfacet
  facet normal 0 -0.7071067811865476 -0.7071067811865476
    outer loop
      vertex -23.5 -3.5 0
      vertex 23.5 -3.5 0
      vertex 23.5 -5 1.5
    endloop
  endfacet
  facet normal 0 -1 0
    outer loop
      vertex 23.5 -5 1.5
      vertex 3.4311000034213066 -5 5.1096000000834465
      vertex 2.4851500019431114 -5 5.1096000000834465
    endloop
  endfacet
  facet normal 0 -1 0
    outer loop
      vertex 23.5 -5 1.5
      vertex 4.347000002861023 -5 5.1096000000834465
      vertex 3.4311000034213066 -5 5.1096000000834465
    endloop
  endfacet
  facet normal 0 -1 0
    outer loop
      vertex 23.5 -5 1.5
      vertex 5.2998000010848045 -5 5.1096000000834465
      vertex 4.347000002861023 -5 5.1096000000834465
    endloop
  endfacet
  facet normal 0 -1 0
    outer loop
      vertex 23.5 -5 1.5
      vertex 6.506849996745586 -5 5.1096000000834465
      vertex 5.2998000010848045 -5 5.1096000000834465
    endloop
  endfacet
  facet normal 0 -1 0
    outer loop
      vertex 23.5 -5 1.5
      vertex 7.452799998223782 -5 5.1096000000834465
      vertex 6.506849996745586 -5 5.1096000000834465
    endloop
  endfacet
  facet normal 0 -1 0
    outer loop
      vertex 9.605850003659725 -5 5.1096000000834465
      vertex 12 -5 5.767949192431123
      vertex 11.824429495415053 -5 5.881966011250105
    endloop
  endfacet
  facet normal 0 -1 0
    outer loop
      vertex 9.605850003659725 -5 5.1096000000834465
      vertex 12.1865267138484 -5 5.6729090847147985
      vertex 12 -5 5.767949192431123
    endloop
  endfacet
  facet normal 0 -1 0
    outer loop
      vertex 9.605850003659725 -5 5.1096000000834465
      vertex 12.381966011250105 -5 5.597886967409693
      vertex 12.1865267138484 -5 5.6729090847147985
    endloop
  endfacet
  facet normal 0 -1 0
    outer loop
      vertex 9.605850003659725 -5 5.1096000000834465
      vertex 12.58417661836448 -5 5.543704798532389
      vertex 12.381966011250105 -5 5.597886967409693
    endloop
  endfacet
  facet normal 0 -1 0
    outer loop
      vertex 7.395199999213219 -5 8.04924999922514
      vertex 7.442978121340275 -5 8.152300000190735
      vertex 7.374849997460842 -5 8.04924999922514
    endloop
  endfacet
  facet normal 0 -1 0
    outer loop
      vertex 7.442978121340275 -5 8.152300000190735
      vertex 7.319593749940395 -5 8.236796878278255
      vertex 7.374849997460842 -5 8.04924999922514
    endloop
  endfacet
  facet normal 0 -1 0
    outer loop
      vertex 7.442978121340275 -5 8.152300000190735
      vertex 7.493087500333786 -5 8.247824996709824
      vertex 7.319593749940395 -5 8.236796878278255
    endloop
  endfacet
  facet normal 0 -1 0
    outer loop
      vertex 7.243675000965595 -5 8.399337500333786
      vertex 7.319593749940395 -5 8.236796878278255
      vertex 7.545528121292591 -5 8.335825003683567
    endloop
  endfacet
  facet normal 0 -1 0
    outer loop
      vertex 7.319593749940395 -5 8.236796878278255
      vertex 7.493087500333786 -5 8.247824996709824
      vertex 7.545528121292591 -5 8.335825003683567
    endloop
  endfacet
  facet normal 0 -1 0
    outer loop
      vertex 7.243675000965595 -5 8.399337500333786
      vertex 7.545528121292591 -5 8.335825003683567
      vertex 7.600299999117851 -5 8.416299998760223
    endloop
  endfacet
  facet normal 0 -1 0
    outer loop
      vertex 7.243675000965595 -5 8.399337500333786
      vertex 7.600299999117851 -5 8.416299998760223
      vertex 7.657403126358986 -5 8.489249996840954
    endloop
  endfacet
  facet normal 0 -1 0
    outer loop
      vertex 7.452799998223782 -5 5.1096000000834465
      vertex 8.65990000218153 -5 5.1096000000834465
      vertex 8.65990000218153 -5 7.167700000107288
    endloop
  endfacet
  facet normal 0 -1 0
    outer loop
      vertex 7.452799998223782 -5 5.1096000000834465
      vertex 8.65990000218153 -5 7.167700000107288
      vertex 7.452799998223782 -5 7.120250001549721
    endloop
  endfacet
  facet normal 0 -1 0
    outer loop
      vertex 7.452799998223782 -5 7.120250001549721
      vertex 8.65990000218153 -5 7.167700000107288
      vertex 7.459565624594688 -5 7.235719531774521
    endloop
  endfacet
  facet normal 0 -1 0
    outer loop
      vertex 7.459565624594688 -5 7.235719531774521
      vertex 8.65990000218153 -5 7.167700000107288
      vertex 7.471362501382828 -5 7.344778127968311
    endloop
  endfacet
  facet normal 0 -1 0
    outer loop
      vertex 7.471362501382828 -5 7.344778127968311
      vertex 8.651210933923721 -5 7.394188284873962
      vertex 7.4881906285882 -5 7.4474257826805115
    endloop
  endfacet
  facet normal 0 -1 0
    outer loop
      vertex 7.4881906285882 -5 7.4474257826805115
      vertex 8.651210933923721 -5 7.394188284873962
      vertex 7.510049998760223 -5 7.543662503361702
    endloop
  endfacet
  facet normal 0 -1 0
    outer loop
      vertex 8.625143751502037 -5 7.5904781222343445
      vertex 7.53694062680006 -5 7.633488282561302
      vertex 7.510049998760223 -5 7.543662503361702
    endloop
  endfacet
  facet normal 0 -1 0
    outer loop
      vertex 8.625143751502037 -5 7.5904781222343445
      vertex 7.568862497806549 -5 7.716903127729893
      vertex 7.53694062680006 -5 7.633488282561302
    endloop
  endfacet
  facet normal 0 -1 0
    outer loop
      vertex 8.625143751502037 -5 7.5904781222343445
      vertex 7.605815626680851 -5 7.793907031416893
      vertex 7.568862497806549 -5 7.716903127729893
    endloop
  endfacet
  facet normal 0 -1 0
    outer loop
      vertex 7.471362501382828 -5 7.344778127968311
      vertex 8.65990000218153 -5 7.167700000107288
      vertex 8.651210933923721 -5 7.394188284873962
    endloop
  endfacet
  facet normal 0 -1 0
    outer loop
      vertex 8.625143751502037 -5 7.5904781222343445
      vertex 7.510049998760223 -5 7.543662503361702
      vertex 8.651210933923721 -5 7.394188284873962
    endloop
  endfacet
  facet normal 0 -1 0
    outer loop
      vertex 8.625143751502037 -5 7.5904781222343445
      vertex 8.581698440015316 -5 7.756569534540176
      vertex 7.605815626680851 -5 7.793907031416893
    endloop
  endfacet
  facet normal 0 -1 0
    outer loop
      vertex 7.605815626680851 -5 7.793907031416893
      vertex 8.581698440015316 -5 7.756569534540176
      vertex 7.647799998521805 -5 7.864500001072884
    endloop
  endfacet
  facet normal 0 -1 0
    outer loop
      vertex 7.647799998521805 -5 7.864500001072884
      vertex 8.581698440015316 -5 7.756569534540176
      vertex 7.693862497806549 -5 7.927675783634186
    endloop
  endfacet
  facet normal 0 -1 0
    outer loop
      vertex 7.693862497806549 -5 7.927675783634186
      vertex 8.581698440015316 -5 7.756569534540176
      vertex 7.743050001561642 -5 7.982428126037121
    endloop
  endfacet
  facet normal 0 -1 0
    outer loop
      vertex 7.743050001561642 -5 7.982428126037121
      vertex 8.581698440015316 -5 7.756569534540176
      vertex 7.795362502336502 -5 8.028757028281689
    endloop
  endfacet
  facet normal 0 -1 0
    outer loop
      vertex 7.795362502336502 -5 8.028757028281689
      vertex 8.581698440015316 -5 7.756569534540176
      vertex 7.85080000013113 -5 8.06666249781847
    endloop
  endfacet
  facet normal 0 -1 0
    outer loop
      vertex 7.909362502396107 -5 8.096144534647465
      vertex 8.581698440015316 -5 7.756569534540176
      vertex 7.971050001680851 -5 8.117203123867512
    endloop
  endfacet
  facet normal 0 -1 0
    outer loop
      vertex 7.85080000013113 -5 8.06666249781847
      vertex 8.581698440015316 -5 7.756569534540176
      vertex 7.909362502396107 -5 8.096144534647465
    endloop
  endfacet
  facet normal 0 -1 0
    outer loop
      vertex 7.971050001680851 -5 8.117203123867512
      vertex 8.581698440015316 -5 7.756569534540176
      vertex 8.035862497985363 -5 8.129838280379772
    endloop
  endfacet
  facet normal 0 -1 0
    outer loop
      vertex 8.035862497985363 -5 8.129838280379772
      vertex 8.581698440015316 -5 7.756569534540176
      vertex 8.103799998760223 -5 8.134049996733665
    endloop
  endfacet
  facet normal 0 -1 0
    outer loop
      vertex 8.103799998760223 -5 8.134049996733665
      vertex 8.442673437297344 -5 7.9981570318341255
      vertex 8.347093753516674 -5 8.073653124272823
    endloop
  endfacet
  facet normal 0 -1 0
    outer loop
      vertex 8.103799998760223 -5 8.134049996733665
      vertex 8.520874999463558 -5 7.892462499439716
      vertex 8.442673437297344 -5 7.9981570318341255
    endloop
  endfacet
  facet normal 0 -1 0
    outer loop
      vertex 8.103799998760223 -5 8.134049996733665
      vertex 8.581698440015316 -5 7.756569534540176
      vertex 8.520874999463558 -5 7.892462499439716
    endloop
  endfacet
  facet normal 0 -1 0
    outer loop
      vertex 8.103799998760223 -5 8.134049996733665
      vertex 8.347093753516674 -5 8.073653124272823
      vertex 8.234135940670967 -5 8.11895078420639
    endloop
  endfacet
  facet normal 0 -1 0
    outer loop
      vertex 7.029849998652935 -5 8.649400003254414
      vertex 7.147093750536442 -5 8.536871872842312
      vertex 7.778603121638298 -5 8.612575002014637
    endloop
  endfacet
  facet normal 0 -1 0
    outer loop
      vertex 7.147093750536442 -5 8.536871872842312
      vertex 7.243675000965595 -5 8.399337500333786
      vertex 7.657403126358986 -5 8.489249996840954
    endloop
  endfacet
  facet normal 0 -1 0
    outer loop
      vertex 6.8919437527656555 -5 8.73692187666893
      vertex 7.029849998652935 -5 8.649400003254414
      vertex 7.910199999809265 -5 8.706660933792591
    endloop
  endfacet
  facet normal 0 -1 0
    outer loop
      vertex 6.8919437527656555 -5 8.73692187666893
      vertex 8.058550000190735 -5 8.776598438620567
      vertex 6.733374997973442 -5 8.799437500536442
    endloop
  endfacet
  facet normal 0 -1 0
    outer loop
      vertex 7.147093750536442 -5 8.536871872842312
      vertex 7.657403126358986 -5 8.489249996840954
      vertex 7.716837503015995 -5 8.554674997925758
    endloop
  endfacet
  facet normal 0 -1 0
    outer loop
      vertex 7.147093750536442 -5 8.536871872842312
      vertex 7.716837503015995 -5 8.554674997925758
      vertex 7.778603121638298 -5 8.612575002014637
    endloop
  endfacet
  facet normal 0 -1 0
    outer loop
      vertex 7.029849998652935 -5 8.649400003254414
      vertex 7.778603121638298 -5 8.612575002014637
      vertex 7.842699997127056 -5 8.66295000165701
    endloop
  endfacet
  facet normal 0 -1 0
    outer loop
      vertex 7.029849998652935 -5 8.649400003254414
      vertex 7.842699997127056 -5 8.66295000165701
      vertex 7.910199999809265 -5 8.706660933792591
    endloop
  endfacet
  facet normal 0 -1 0
    outer loop
      vertex 6.8919437527656555 -5 8.73692187666893
      vertex 7.910199999809265 -5 8.706660933792591
      vertex 7.982150003314018 -5 8.744543753564358
    endloop
  endfacet
  facet normal 0 -1 0
    outer loop
      vertex 6.8919437527656555 -5 8.73692187666893
      vertex 7.982150003314018 -5 8.744543753564358
      vertex 8.058550000190735 -5 8.776598438620567
    endloop
  endfacet
  facet normal 0 -1 0
    outer loop
      vertex 6.733374997973442 -5 8.799437500536442
      vertex 8.058550000190735 -5 8.776598438620567
      vertex 8.139399997889996 -5 8.8028249964118
    endloop
  endfacet
  facet normal 0 -1 0
    outer loop
      vertex 11 -5 13.5
      vertex 4.319899998605251 -5 8.778250001370907
      vertex 5.228550001978874 -5 8.778250001370907
    endloop
  endfacet
  facet normal 0 -1 0
    outer loop
      vertex 9.605850003659725 -5 5.1096000000834465
      vertex 11.097886967409693 -5 6.881966011250105
      vertex 9.605850003659725 -5 7.438950002193451
    endloop
  endfacet
  facet normal 0 -1 0
    outer loop
      vertex 9.605850003659725 -5 5.1096000000834465
      vertex 11.661738787282284 -5 6.013710349045212
      vertex 11.513710349045212 -5 6.1617387872822835
    endloop
  endfacet
  facet normal 0 -1 0
    outer loop
      vertex 9.605850003659725 -5 5.1096000000834465
      vertex 11.513710349045212 -5 6.1617387872822835
      vertex 11.381966011250105 -5 6.324429495415053
    endloop
  endfacet
  facet normal 0 -1 0
    outer loop
      vertex 9.605850003659725 -5 5.1096000000834465
      vertex 11.267949192431123 -5 6.5
      vertex 11.172909084714798 -5 6.6865267138484
    endloop
  endfacet
  facet normal 0 -1 0
    outer loop
      vertex 9.605850003659725 -5 5.1096000000834465
      vertex 11.172909084714798 -5 6.6865267138484
      vertex 11.097886967409693 -5 6.881966011250105
    endloop
  endfacet
  facet normal 0 -1 0
    outer loop
      vertex 9.605850003659725 -5 5.1096000000834465
      vertex 11.381966011250105 -5 6.324429495415053
      vertex 11.267949192431123 -5 6.5
    endloop
  endfacet
  facet normal 0 -1 0
    outer loop
      vertex 9.605850003659725 -5 7.438950002193451
      vertex 11 -5 7.5
      vertex 9.601453125476837 -5 7.604382812976837
    endloop
  endfacet
  facet normal 0 -1 0
    outer loop
      vertex 9.601453125476837 -5 7.604382812976837
      vertex 11.010956209263453 -5 7.709056926535307
      vertex 9.588262498378754 -5 7.759906247258186
    endloop
  endfacet
  facet normal 0 -1 0
    outer loop
      vertex 9.588262498378754 -5 7.759906247258186
      vertex 11.043704798532389 -5 7.915823381635518
      vertex 9.566278122365475 -5 7.905520312488079
    endloop
  endfacet
  facet normal 0 -1 0
    outer loop
      vertex 9.566278122365475 -5 7.905520312488079
      vertex 11.097886967409693 -5 8.118033988749895
      vertex 9.535499997437 -5 8.041225001215935
    endloop
  endfacet
  facet normal 0 -1 0
    outer loop
      vertex 9.49592812359333 -5 8.167020313441753
      vertex 9.535499997437 -5 8.041225001215935
      vertex 11.097886967409693 -5 8.118033988749895
    endloop
  endfacet
  facet normal 0 -1 0
    outer loop
      vertex 9.49592812359333 -5 8.167020313441753
      vertex 11.172909084714798 -5 8.3134732861516
      vertex 9.447562500834465 -5 8.282906249165535
    endloop
  endfacet
  facet normal 0 -1 0
    outer loop
      vertex 9.390403121709824 -5 8.38888281583786
      vertex 9.447562500834465 -5 8.282906249165535
      vertex 11.172909084714798 -5 8.3134732861516
    endloop
  endfacet
  facet normal 0 -1 0
    outer loop
      vertex 9.605850003659725 -5 7.438950002193451
      vertex 11.010956209263453 -5 7.290943073464693
      vertex 11 -5 7.5
    endloop
  endfacet
  facet normal 0 -1 0
    outer loop
      vertex 9.601453125476837 -5 7.604382812976837
      vertex 11 -5 7.5
      vertex 11.010956209263453 -5 7.709056926535307
    endloop
  endfacet
  facet normal 0 -1 0
    outer loop
      vertex 9.605850003659725 -5 7.438950002193451
      vertex 11.097886967409693 -5 6.881966011250105
      vertex 11.043704798532389 -5 7.084176618364482
    endloop
  endfacet
  facet normal 0 -1 0
    outer loop
      vertex 9.605850003659725 -5 7.438950002193451
      vertex 11.043704798532389 -5 7.084176618364482
      vertex 11.010956209263453 -5 7.290943073464693
    endloop
  endfacet
  facet normal 0 -1 0
    outer loop
      vertex 9.588262498378754 -5 7.759906247258186
      vertex 11.010956209263453 -5 7.709056926535307
      vertex 11.043704798532389 -5 7.915823381635518
    endloop
  endfacet
  facet normal 0 -1 0
    outer loop
      vertex 9.566278122365475 -5 7.905520312488079
      vertex 11.043704798532389 -5 7.915823381635518
      vertex 11.097886967409693 -5 8.118033988749895
    endloop
  endfacet
  facet normal 0 -1 0
    outer loop
      vertex 9.49592812359333 -5 8.167020313441753
      vertex 11.097886967409693 -5 8.118033988749895
      vertex 11.172909084714798 -5 8.3134732861516
    endloop
  endfacet
  facet normal 0 -1 0
    outer loop
      vertex 9.390403121709824 -5 8.38888281583786
      vertex 11.172909084714798 -5 8.3134732861516
      vertex 11.267949192431123 -5 8.5
    endloop
  endfacet
  facet normal 0 -1 0
    outer loop
      vertex 9.605850003659725 -5 5.1096000000834465
      vertex 11.824429495415053 -5 5.881966011250105
      vertex 11.661738787282284 -5 6.013710349045212
    endloop
  endfacet
  facet normal 0 -1 0
    outer loop
      vertex 9.390403121709824 -5 8.38888281583786
      vertex 11.267949192431123 -5 8.5
      vertex 11.381966011250105 -5 8.675570504584947
    endloop
  endfacet
  facet normal 0 -1 0
    outer loop
      vertex 9.390403121709824 -5 8.38888281583786
      vertex 11.381966011250105 -5 8.675570504584947
      vertex 11.513710349045212 -5 8.838261212717716
    endloop
  endfacet
  facet normal 0 -1 0
    outer loop
      vertex 9.390403121709824 -5 8.38888281583786
      vertex 11.513710349045212 -5 8.838261212717716
      vertex 11.661738787282284 -5 8.986289650954788
    endloop
  endfacet
  facet normal 0 -1 0
    outer loop
      vertex 9.390403121709824 -5 8.38888281583786
      vertex 11.661738787282284 -5 8.986289650954788
      vertex 11.824429495415053 -5 9.118033988749895
    endloop
  endfacet
  facet normal 0 -1 0
    outer loop
      vertex 9.390403121709824 -5 8.38888281583786
      vertex 11.824429495415053 -5 9.118033988749895
      vertex 12 -5 9.232050807568877
    endloop
  endfacet
  facet normal 0 -1 0
    outer loop
      vertex 9.390403121709824 -5 8.38888281583786
      vertex 12 -5 9.232050807568877
      vertex 12.1865267138484 -5 9.327090915285202
    endloop
  endfacet
  facet normal 0 -1 0
    outer loop
      vertex 9.390403121709824 -5 8.38888281583786
      vertex 12.1865267138484 -5 9.327090915285202
      vertex 12.381966011250105 -5 9.402113032590307
    endloop
  endfacet
  facet normal 0 -1 0
    outer loop
      vertex 23.5 -5 13.5
      vertex 5.228550001978874 -5 8.778250001370907
      vertex 6.013912498950958 -5 8.8019749969244
    endloop
  endfacet
  facet normal 0 -1 0
    outer loop
      vertex 23.5 -5 13.5
      vertex 6.013912498950958 -5 8.8019749969244
      vertex 6.0941476598382 -5 8.822745315730572
    endloop
  endfacet
  facet normal 0 -1 0
    outer loop
      vertex 23.5 -5 13.5
      vertex 6.0941476598382 -5 8.822745315730572
      vertex 6.177615627646446 -5 8.837581247091293
    endloop
  endfacet
  facet normal 0 -1 0
    outer loop
      vertex 23.5 -5 13.5
      vertex 6.177615627646446 -5 8.837581247091293
      vertex 6.264316409826279 -5 8.846482813358307
    endloop
  endfacet
  facet normal 0 -1 0
    outer loop
      vertex 23.5 -5 13.5
      vertex 6.264316409826279 -5 8.846482813358307
      vertex 6.354249998927116 -5 8.849449999630451
    endloop
  endfacet
  facet normal 0 -1 0
    outer loop
      vertex 23.5 -5 13.5
      vertex 6.354249998927116 -5 8.849449999630451
      vertex 6.554143749177456 -5 8.836946874856949
    endloop
  endfacet
  facet normal 0 -1 0
    outer loop
      vertex 23.5 -5 13.5
      vertex 6.554143749177456 -5 8.836946874856949
      vertex 6.733374997973442 -5 8.799437500536442
    endloop
  endfacet
  facet normal 0 0 -1
    outer loop
      vertex -23.5 -3.5 0
      vertex 23.5 3.5 0
      vertex 23.5 -3.5 0
    endloop
  endfacet
  facet normal 0 -1 0
    outer loop
      vertex 23.5 -5 1.5
      vertex 8.65990000218153 -5 5.1096000000834465
      vertex 7.452799998223782 -5 5.1096000000834465
    endloop
  endfacet
  facet normal 0 -1 0
    outer loop
      vertex 23.5 -5 1.5
      vertex 9.605850003659725 -5 5.1096000000834465
      vertex 8.65990000218153 -5 5.1096000000834465
    endloop
  endfacet
  facet normal 0 -1 0
    outer loop
      vertex 23.5 -5 1.5
      vertex 12.58417661836448 -5 5.543704798532389
      vertex 9.605850003659725 -5 5.1096000000834465
    endloop
  endfacet
  facet normal 0 -1 0
    outer loop
      vertex 23.5 -5 1.5
      vertex 12.790943073464693 -5 5.510956209263453
      vertex 12.58417661836448 -5 5.543704798532389
    endloop
  endfacet
  facet normal 0 -1 0
    outer loop
      vertex 23.5 -5 1.5
      vertex 13 -5 5.5
      vertex 12.790943073464693 -5 5.510956209263453
    endloop
  endfacet
  facet normal 0 -1 0
    outer loop
      vertex 23.5 -5 1.5
      vertex 13.209056926535307 -5 5.510956209263453
      vertex 13 -5 5.5
    endloop
  endfacet
  facet normal 0 -1 0
    outer loop
      vertex 23.5 -5 1.5
      vertex 13.41582338163552 -5 5.543704798532389
      vertex 13.209056926535307 -5 5.510956209263453
    endloop
  endfacet
  facet normal 0 -1 0
    outer loop
      vertex 23.5 -5 1.5
      vertex 13.618033988749895 -5 5.597886967409693
      vertex 13.41582338163552 -5 5.543704798532389
    endloop
  endfacet
  facet normal 0 -1 0
    outer loop
      vertex 23.5 -5 1.5
      vertex 13.8134732861516 -5 5.6729090847147985
      vertex 13.618033988749895 -5 5.597886967409693
    endloop
  endfacet
  facet normal 0 -1 0
    outer loop
      vertex 23.5 -5 1.5
      vertex 14 -5 5.767949192431123
      vertex 13.8134732861516 -5 5.6729090847147985
    endloop
  endfacet
  facet normal 0 -1 0
    outer loop
      vertex 23.5 -5 1.5
      vertex 14.175570504584947 -5 5.881966011250105
      vertex 14 -5 5.767949192431123
    endloop
  endfacet
  facet normal 0 -1 0
    outer loop
      vertex 23.5 -5 1.5
      vertex 14.338261212717716 -5 6.013710349045212
      vertex 14.175570504584947 -5 5.881966011250105
    endloop
  endfacet
  facet normal 0 -1 0
    outer loop
      vertex 23.5 -5 1.5
      vertex 14.486289650954788 -5 6.1617387872822835
      vertex 14.338261212717716 -5 6.013710349045212
    endloop
  endfacet
  facet normal 0 -1 0
    outer loop
      vertex 23.5 -5 1.5
      vertex 14.618033988749895 -5 6.324429495415053
      vertex 14.486289650954788 -5 6.1617387872822835
    endloop
  endfacet
  facet normal 0 -1 0
    outer loop
      vertex 23.5 -5 1.5
      vertex 14.732050807568877 -5 6.5
      vertex 14.618033988749895 -5 6.324429495415053
    endloop
  endfacet
  facet normal 0 -1 0
    outer loop
      vertex 23.5 -5 1.5
      vertex 14.827090915285202 -5 6.6865267138484
      vertex 14.732050807568877 -5 6.5
    endloop
  endfacet
  facet normal 0 -1 0
    outer loop
      vertex 23.5 -5 1.5
      vertex 14.902113032590307 -5 6.881966011250105
      vertex 14.827090915285202 -5 6.6865267138484
    endloop
  endfacet
  facet normal 0 -1 0
    outer loop
      vertex 23.5 -5 13.5
      vertex 6.733374997973442 -5 8.799437500536442
      vertex 8.139399997889996 -5 8.8028249964118
    endloop
  endfacet
  facet normal 0 -1 0
    outer loop
      vertex 23.5 -5 13.5
      vertex 8.139399997889996 -5 8.8028249964118
      vertex 8.2246999964118 -5 8.823223434388638
    endloop
  endfacet
  facet normal 0 -1 0
    outer loop
      vertex 23.5 -5 13.5
      vertex 8.2246999964118 -5 8.823223434388638
      vertex 8.31445000320673 -5 8.837793752551079
    endloop
  endfacet
  facet normal 0 -1 0
    outer loop
      vertex 23.5 -5 13.5
      vertex 8.31445000320673 -5 8.837793752551079
      vertex 8.408650003373623 -5 8.846535935997963
    endloop
  endfacet
  facet normal 0 -1 0
    outer loop
      vertex 23.5 -5 13.5
      vertex 8.408650003373623 -5 8.846535935997963
      vertex 8.50729999691248 -5 8.849449999630451
    endloop
  endfacet
  facet normal 0 -1 0
    outer loop
      vertex 23.5 -5 13.5
      vertex 8.50729999691248 -5 8.849449999630451
      vertex 8.637263283133507 -5 8.843754686415195
    endloop
  endfacet
  facet normal 0 -1 0
    outer loop
      vertex 23.5 -5 13.5
      vertex 8.637263283133507 -5 8.843754686415195
      vertex 8.759278126060963 -5 8.826668746769428
    endloop
  endfacet
  facet normal 0 -1 0
    outer loop
      vertex 23.5 -5 13.5
      vertex 9.250125780701637 -5 8.570379689335823
      vertex 9.324450001120567 -5 8.484949998557568
    endloop
  endfacet
  facet normal 0 -1 0
    outer loop
      vertex 23.5 -5 13.5
      vertex 8.873344533145428 -5 8.79819218814373
      vertex 8.979462496936321 -5 8.75832500308752
    endloop
  endfacet
  facet normal 0 -1 0
    outer loop
      vertex 23.5 -5 13.5
      vertex 8.979462496936321 -5 8.75832500308752
      vertex 9.077632032334805 -5 8.707067184150219
    endloop
  endfacet
  facet normal 0 -1 0
    outer loop
      vertex 23.5 -5 13.5
      vertex 8.759278126060963 -5 8.826668746769428
      vertex 8.873344533145428 -5 8.79819218814373
    endloop
  endfacet
  facet normal 0 -1 0
    outer loop
      vertex 23.5 -5 13.5
      vertex 9.077632032334805 -5 8.707067184150219
      vertex 9.167853124439716 -5 8.644418753683567
    endloop
  endfacet
  facet normal 0 -1 0
    outer loop
      vertex 23.5 -5 13.5
      vertex 9.167853124439716 -5 8.644418753683567
      vertex 9.250125780701637 -5 8.570379689335823
    endloop
  endfacet
  facet normal 0 -1 0
    outer loop
      vertex 23.5 -5 13.5
      vertex 9.324450001120567 -5 8.484949998557568
      vertex 9.390403121709824 -5 8.38888281583786
    endloop
  endfacet
  facet normal 0 -1 0
    outer loop
      vertex 23.5 -5 13.5
      vertex 9.390403121709824 -5 8.38888281583786
      vertex 12.381966011250105 -5 9.402113032590307
    endloop
  endfacet
  facet normal 0 -1 0
    outer loop
      vertex 23.5 -5 13.5
      vertex 12.381966011250105 -5 9.402113032590307
      vertex 12.58417661836448 -5 9.456295201467611
    endloop
  endfacet
  facet normal 0 -1 0
    outer loop
      vertex 23.5 -5 13.5
      vertex 12.58417661836448 -5 9.456295201467611
      vertex 12.790943073464693 -5 9.489043790736547
    endloop
  endfacet
  facet normal 0 -1 0
    outer loop
      vertex 23.5 -5 13.5
      vertex 12.790943073464693 -5 9.489043790736547
      vertex 13 -5 9.5
    endloop
  endfacet
  facet normal 0 -1 0
    outer loop
      vertex 23.5 -5 13.5
      vertex 13 -5 9.5
      vertex 13.209056926535307 -5 9.489043790736547
    endloop
  endfacet
  facet normal 0 -1 0
    outer loop
      vertex 23.5 -5 13.5
      vertex 13.209056926535307 -5 9.489043790736547
      vertex 13.41582338163552 -5 9.456295201467611
    endloop
  endfacet
  facet normal 0 -1 0
    outer loop
      vertex 23.5 -5 13.5
      vertex 13.41582338163552 -5 9.456295201467611
      vertex 13.618033988749895 -5 9.402113032590307
    endloop
  endfacet
  facet normal 0 -1 0
    outer loop
      vertex 23.5 -5 13.5
      vertex 13.618033988749895 -5 9.402113032590307
      vertex 13.8134732861516 -5 9.327090915285202
    endloop
  endfacet
  facet normal 0 -1 0
    outer loop
      vertex 23.5 -5 13.5
      vertex 13.8134732861516 -5 9.327090915285202
      vertex 14 -5 9.232050807568877
    endloop
  endfacet
  facet normal 0 -1 0
    outer loop
      vertex 23.5 -5 13.5
      vertex 14.956295201467611 -5 7.084176618364482
      vertex 14.902113032590307 -5 6.881966011250105
    endloop
  endfacet
  facet normal 0 -1 0
    outer loop
      vertex 23.5 -5 13.5
      vertex 14.989043790736547 -5 7.290943073464693
      vertex 14.956295201467611 -5 7.084176618364482
    endloop
  endfacet
  facet normal 0 -1 0
    outer loop
      vertex 23.5 -5 13.5
      vertex 15 -5 7.5
      vertex 14.989043790736547 -5 7.290943073464693
    endloop
  endfacet
  facet normal 0 -1 0
    outer loop
      vertex 23.5 -5 13.5
      vertex 14.989043790736547 -5 7.709056926535307
      vertex 15 -5 7.5
    endloop
  endfacet
  facet normal 0 -1 0
    outer loop
      vertex 23.5 -5 13.5
      vertex 14.956295201467611 -5 7.915823381635518
      vertex 14.989043790736547 -5 7.709056926535307
    endloop
  endfacet
  facet normal 0 -1 0
    outer loop
      vertex 23.5 -5 13.5
      vertex 14.175570504584947 -5 9.118033988749895
      vertex 14.338261212717716 -5 8.986289650954788
    endloop
  endfacet
  facet normal 0 -1 0
    outer loop
      vertex 23.5 -5 13.5
      vertex 14.486289650954788 -5 8.838261212717716
      vertex 14.618033988749895 -5 8.675570504584947
    endloop
  endfacet
  facet normal 0 -1 0
    outer loop
      vertex 23.5 -5 13.5
      vertex 14.338261212717716 -5 8.986289650954788
      vertex 14.486289650954788 -5 8.838261212717716
    endloop
  endfacet
  facet normal 0 -1 0
    outer loop
      vertex 23.5 -5 13.5
      vertex 14.827090915285202 -5 8.3134732861516
      vertex 14.902113032590307 -5 8.118033988749895
    endloop
  endfacet
  facet normal 0 -1 0
    outer loop
      vertex 23.5 -5 13.5
      vertex 14.732050807568877 -5 8.5
      vertex 14.827090915285202 -5 8.3134732861516
    endloop
  endfacet
  facet normal 0 -1 0
    outer loop
      vertex 23.5 -5 13.5
      vertex 14.902113032590307 -5 8.118033988749895
      vertex 14.956295201467611 -5 7.915823381635518
    endloop
  endfacet
  facet normal 0 -1 0
    outer loop
      vertex 23.5 -5 13.5
      vertex 14.618033988749895 -5 8.675570504584947
      vertex 14.732050807568877 -5 8.5
    endloop
  endfacet
  facet normal 0 -1 0
    outer loop
      vertex 23.5 -5 13.5
      vertex 14 -5 9.232050807568877
      vertex 14.175570504584947 -5 9.118033988749895
    endloop
  endfacet
  facet normal 0.7071067811865476 -0.7071067811865476 0
    outer loop
      vertex 23.5 -5 1.5
      vertex 25 -3.5 1.5
      vertex 23.5 -5 13.5
    endloop
  endfacet
  facet normal 0.5773502691896257 -0.5773502691896257 -0.5773502691896257
    outer loop
      vertex 23.5 -5 1.5
      vertex 23.5 -3.5 0
      vertex 25 -3.5 1.5
    endloop
  endfacet
  facet normal 0 -1 0
    outer loop
      vertex 23.5 -5 1.5
      vertex 23.5 -5 13.5
      vertex 14.902113032590307 -5 6.881966011250105
    endloop
  endfacet
  facet normal 0.7071067811865476 -0.7071067811865476 0
    outer loop
      vertex 25 -3.5 1.5
      vertex 25 -3.5 13.5
      vertex 23.5 -5 13.5
    endloop
  endfacet
  facet normal 0.7071067811865476 0 -0.7071067811865476
    outer loop
      vertex 23.5 -3.5 0
      vertex 25 3.5 1.5
      vertex 25 -3.5 1.5
    endloop
  endfacet
  facet normal 1 0 0
    outer loop
      vertex 25 -3.5 1.5
      vertex 25 3.5 1.5
      vertex 25 -3.5 13.5
    endloop
  endfacet
  facet normal 0 -1 0
    outer loop
      vertex 11 -5 13.5
      vertex 5.228550001978874 -5 8.778250001370907
      vertex 23.5 -5 13.5
    endloop
  endfacet
  facet normal 0 -0.7071067811865327 0.7071067811865623
    outer loop
      vertex 11 -5 13.5
      vertex 23.5 -5 13.5
      vertex 11.511907597301807 -4.9787847909599465 13.521215209040053
    endloop
  endfacet
  facet normal -6.891027999483621e-17 -0.7071067811865522 0.7071067811865429
    outer loop
      vertex 11.511907597301807 -4.9787847909599465 13.521215209040053
      vertex 23.5 -5 13.5
      vertex 11.999147915045501 -4.915056291783111 13.584943708216889
    endloop
  endfacet
  facet normal 4.270557861472982e-17 -0.7071067811865447 0.7071067811865505
    outer loop
      vertex 11.999147915045501 -4.915056291783111 13.584943708216889
      vertex 23.5 -5 13.5
      vertex 12.459679660260814 -4.808568947343985 13.691431052656014
    endloop
  endfacet
  facet normal -1.2303478173371787e-16 -0.7071067811865493 0.7071067811865456
    outer loop
      vertex 12.459679660260814 -4.808568947343985 13.691431052656014
      vertex 23.5 -5 13.5
      vertex 12.891270141326112 -4.658923922691702 13.841076077308298
    endloop
  endfacet
  facet normal -9.420270293993292e-17 -0.707106781186549 0.707106781186546
    outer loop
      vertex 12.891270141326112 -4.658923922691702 13.841076077308298
      vertex 23.5 -5 13.5
      vertex 13.291448005115079 -4.465585513107391 14.03441448689261
    endloop
  endfacet
  facet normal 5.988220432962775e-17 -0.7071067811865476 0.7071067811865475
    outer loop
      vertex 13.291448005115079 -4.465585513107391 14.03441448689261
      vertex 23.5 -5 13.5
      vertex 13.65745876975114 -4.2279056815884735 14.272094318411527
    endloop
  endfacet
  facet normal 5.838975012257222e-17 -0.7071067811865476 0.7071067811865476
    outer loop
      vertex 13.65745876975114 -4.2279056815884735 14.272094318411527
      vertex 23.5 -5 13.5
      vertex 13.938926261462367 -4.045084971874737 14.454915028125264
    endloop
  endfacet
  facet normal 6.079648383227442e-17 -0.7071067811865476 0.7071067811865476
    outer loop
      vertex 13.938926261462367 -4.045084971874737 14.454915028125264
      vertex 23.5 -5 13.5
      vertex 13.99460156503294 -4.000000000000001 14.5
    endloop
  endfacet
  facet normal 1.8121952013295844e-16 -0.707106781186547 0.707106781186548
    outer loop
      vertex 13.99460156503294 -4.000000000000001 14.5
      vertex 23.5 -5 13.5
      vertex 14.266092997226822 -3.766509636331165 14.733490363668835
    endloop
  endfacet
  facet normal 1.7133577990416588e-16 -0.707106781186547 0.707106781186548
    outer loop
      vertex 14.266092997226822 -3.766509636331165 14.733490363668835
      vertex 23.5 -5 13.5
      vertex 14.499758929693884 -3.5 15
    endloop
  endfacet
  facet normal 0 0 1
    outer loop
      vertex 14.499758929693884 -3.5 15
      vertex 23.5 -3.5 15
      vertex 14.556184345749516 -3.443574583944368 15
    endloop
  endfacet
  facet normal 0 0 1
    outer loop
      vertex 14.556184345749516 -3.443574583944368 15
      vertex 23.5 -3.5 15
      vertex 14.895185019832045 -3.0249436154563862 15
    endloop
  endfacet
  facet normal 0 0 1
    outer loop
      vertex 14.895185019832045 -3.0249436154563862 15
      vertex 23.5 -3.5 15
      vertex 15.188569760939428 -2.573170731707317 15
    endloop
  endfacet
  facet normal 0 0 1
    outer loop
      vertex 15.188569760939428 -2.573170731707317 15
      vertex 23.5 -3.5 15
      vertex 15.433124184453384 -2.0932056509510697 15
    endloop
  endfacet
  facet normal 0 0 1
    outer loop
      vertex 15.433124184453384 -2.0932056509510697 15
      vertex 23.5 -3.5 15
      vertex 15.626168900933596 -1.5903069710515587 15
    endloop
  endfacet
  facet normal 0 0 1
    outer loop
      vertex 15.626168900933596 -1.5903069710515587 15
      vertex 23.5 -3.5 15
      vertex 15.765588872069097 -1.0699845551840785 15
    endloop
  endfacet
  facet normal 0 0 1
    outer loop
      vertex 15.765588872069097 -1.0699845551840785 15
      vertex 23.5 -3.5 15
      vertex 15.849856583480626 -0.5379391646213386 15
    endloop
  endfacet
  facet normal 0 0 1
    outer loop
      vertex 15.849856583480626 -0.5379391646213386 15
      vertex 23.5 -3.5 15
      vertex 15.878048780487806 0 15
    endloop
  endfacet
  facet normal 0 0 1
    outer loop
      vertex 23.5 -3.5 15
      vertex 15.849856583480626 0.5379391646213386 15
      vertex 15.878048780487806 0 15
    endloop
  endfacet
  facet normal 0 -0.7071067811865476 0.7071067811865476
    outer loop
      vertex 14.499758929693884 -3.5 15
      vertex 23.5 -5 13.5
      vertex 23.5 -3.5 15
    endloop
  endfacet
  facet normal 0.5773502691896257 -0.5773502691896257 0.5773502691896257
    outer loop
      vertex 23.5 -5 13.5
      vertex 25 -3.5 13.5
      vertex 23.5 -3.5 15
    endloop
  endfacet
  facet normal 0.7071067811865476 0 0.7071067811865476
    outer loop
      vertex 25 -3.5 13.5
      vertex 23.5 3.5 15
      vertex 23.5 -3.5 15
    endloop
  endfacet
  facet normal 0 1 0
    outer loop
      vertex -23.5 5 1.5
      vertex 12.381966011250105 5 5.597886967409693
      vertex 12.58417661836448 5 5.543704798532389
    endloop
  endfacet
  facet normal 0 1 0
    outer loop
      vertex -23.5 5 1.5
      vertex 12.58417661836448 5 5.543704798532389
      vertex 12.790943073464693 5 5.510956209263453
    endloop
  endfacet
  facet normal 0 1 0
    outer loop
      vertex -23.5 5 1.5
      vertex 12.790943073464693 5 5.510956209263453
      vertex 13 5 5.5
    endloop
  endfacet
  facet normal 0 1 0
    outer loop
      vertex -23.5 5 1.5
      vertex 13 5 5.5
      vertex 13.209056926535307 5 5.510956209263453
    endloop
  endfacet
  facet normal 0 1 0
    outer loop
      vertex -23.5 5 1.5
      vertex 11.824429495415053 5 5.881966011250105
      vertex 12 5 5.767949192431123
    endloop
  endfacet
  facet normal 0 1 0
    outer loop
      vertex -23.5 5 1.5
      vertex 12 5 5.767949192431123
      vertex 12.1865267138484 5 5.6729090847147985
    endloop
  endfacet
  facet normal 0 1 0
    outer loop
      vertex -23.5 5 1.5
      vertex 12.1865267138484 5 5.6729090847147985
      vertex 12.381966011250105 5 5.597886967409693
    endloop
  endfacet
  facet normal 0 1 0
    outer loop
      vertex -23.5 5 1.5
      vertex 13.209056926535307 5 5.510956209263453
      vertex 23.5 5 1.5
    endloop
  endfacet
  facet normal 0 1 0
    outer loop
      vertex -23.5 5 1.5
      vertex 12 5 9.232050807568877
      vertex 11.824429495415053 5 9.118033988749895
    endloop
  endfacet
  facet normal 0 1 0
    outer loop
      vertex -23.5 5 1.5
      vertex 12.1865267138484 5 9.327090915285202
      vertex 12 5 9.232050807568877
    endloop
  endfacet
  facet normal 0 1 0
    outer loop
      vertex -23.5 5 1.5
      vertex 12.381966011250105 5 9.402113032590307
      vertex 12.1865267138484 5 9.327090915285202
    endloop
  endfacet
  facet normal 0 1 0
    outer loop
      vertex -23.5 5 1.5
      vertex 12.58417661836448 5 9.456295201467611
      vertex 12.381966011250105 5 9.402113032590307
    endloop
  endfacet
  facet normal 0 1 0
    outer loop
      vertex -23.5 5 1.5
      vertex 23.5 5 13.5
      vertex 12.58417661836448 5 9.456295201467611
    endloop
  endfacet
  facet normal 0 1 0
    outer loop
      vertex -23.5 5 1.5
      vertex 11 5 13.5
      vertex 23.5 5 13.5
    endloop
  endfacet
  facet normal 0 0.7071067811865476 -0.7071067811865476
    outer loop
      vertex -23.5 5 1.5
      vertex 23.5 5 1.5
      vertex 23.5 3.5 0
    endloop
  endfacet
  facet normal 0 1 0
    outer loop
      vertex 23.5 5 1.5
      vertex 13.209056926535307 5 5.510956209263453
      vertex 13.41582338163552 5 5.543704798532389
    endloop
  endfacet
  facet normal 0 1 0
    outer loop
      vertex 23.5 5 1.5
      vertex 13.41582338163552 5 5.543704798532389
      vertex 13.618033988749895 5 5.597886967409693
    endloop
  endfacet
  facet normal 0 1 0
    outer loop
      vertex 23.5 5 1.5
      vertex 13.618033988749895 5 5.597886967409693
      vertex 13.8134732861516 5 5.6729090847147985
    endloop
  endfacet
  facet normal 0 1 0
    outer loop
      vertex 23.5 5 1.5
      vertex 13.8134732861516 5 5.6729090847147985
      vertex 14 5 5.767949192431123
    endloop
  endfacet
  facet normal 0 1 0
    outer loop
      vertex 23.5 5 1.5
      vertex 14 5 5.767949192431123
      vertex 14.175570504584947 5 5.881966011250105
    endloop
  endfacet
  facet normal 0 1 0
    outer loop
      vertex 23.5 5 1.5
      vertex 14.175570504584947 5 5.881966011250105
      vertex 14.338261212717716 5 6.013710349045212
    endloop
  endfacet
  facet normal 0 1 0
    outer loop
      vertex 23.5 5 1.5
      vertex 14.338261212717716 5 6.013710349045212
      vertex 14.486289650954788 5 6.1617387872822835
    endloop
  endfacet
  facet normal 0 1 0
    outer loop
      vertex 23.5 5 1.5
      vertex 14.486289650954788 5 6.1617387872822835
      vertex 14.618033988749895 5 6.324429495415053
    endloop
  endfacet
  facet normal 0 1 0
    outer loop
      vertex 23.5 5 1.5
      vertex 14.618033988749895 5 6.324429495415053
      vertex 14.732050807568877 5 6.5
    endloop
  endfacet
  facet normal 0 1 0
    outer loop
      vertex 23.5 5 1.5
      vertex 14.732050807568877 5 6.5
      vertex 14.827090915285202 5 6.6865267138484
    endloop
  endfacet
  facet normal 0 1 0
    outer loop
      vertex 23.5 5 1.5
      vertex 14.827090915285202 5 6.6865267138484
      vertex 14.902113032590307 5 6.881966011250105
    endloop
  endfacet
  facet normal 0 1 0
    outer loop
      vertex 23.5 5 1.5
      vertex 14.902113032590307 5 6.881966011250105
      vertex 14.956295201467611 5 7.084176618364482
    endloop
  endfacet
  facet normal 0 1 0
    outer loop
      vertex 23.5 5 1.5
      vertex 14.956295201467611 5 7.084176618364482
      vertex 14.989043790736547 5 7.290943073464693
    endloop
  endfacet
  facet normal 0 1 0
    outer loop
      vertex 23.5 5 1.5
      vertex 14.989043790736547 5 7.290943073464693
      vertex 15 5 7.5
    endloop
  endfacet
  facet normal 0 1 0
    outer loop
      vertex 23.5 5 1.5
      vertex 15 5 7.5
      vertex 14.989043790736547 5 7.709056926535307
    endloop
  endfacet
  facet normal 0 1 0
    outer loop
      vertex 23.5 5 1.5
      vertex 14.989043790736547 5 7.709056926535307
      vertex 14.956295201467611 5 7.915823381635518
    endloop
  endfacet
  facet normal 0 1 0
    outer loop
      vertex 23.5 5 1.5
      vertex 14.956295201467611 5 7.915823381635518
      vertex 14.902113032590307 5 8.118033988749895
    endloop
  endfacet
  facet normal 0 1 0
    outer loop
      vertex 23.5 5 13.5
      vertex 12.790943073464693 5 9.489043790736547
      vertex 12.58417661836448 5 9.456295201467611
    endloop
  endfacet
  facet normal 0 1 0
    outer loop
      vertex 23.5 5 13.5
      vertex 13 5 9.5
      vertex 12.790943073464693 5 9.489043790736547
    endloop
  endfacet
  facet normal 0 1 0
    outer loop
      vertex 23.5 5 13.5
      vertex 13.209056926535307 5 9.489043790736547
      vertex 13 5 9.5
    endloop
  endfacet
  facet normal 0 1 0
    outer loop
      vertex 23.5 5 13.5
      vertex 13.41582338163552 5 9.456295201467611
      vertex 13.209056926535307 5 9.489043790736547
    endloop
  endfacet
  facet normal 0 1 0
    outer loop
      vertex 23.5 5 13.5
      vertex 13.618033988749895 5 9.402113032590307
      vertex 13.41582338163552 5 9.456295201467611
    endloop
  endfacet
  facet normal 0 1 0
    outer loop
      vertex 23.5 5 13.5
      vertex 13.8134732861516 5 9.327090915285202
      vertex 13.618033988749895 5 9.402113032590307
    endloop
  endfacet
  facet normal 0 1 0
    outer loop
      vertex 23.5 5 13.5
      vertex 14 5 9.232050807568877
      vertex 13.8134732861516 5 9.327090915285202
    endloop
  endfacet
  facet normal 0 1 0
    outer loop
      vertex 23.5 5 13.5
      vertex 14.338261212717716 5 8.986289650954788
      vertex 14.175570504584947 5 9.118033988749895
    endloop
  endfacet
  facet normal 0 1 0
    outer loop
      vertex 23.5 5 13.5
      vertex 14.618033988749895 5 8.675570504584947
      vertex 14.486289650954788 5 8.838261212717716
    endloop
  endfacet
  facet normal 0 1 0
    outer loop
      vertex 23.5 5 13.5
      vertex 14.486289650954788 5 8.838261212717716
      vertex 14.338261212717716 5 8.986289650954788
    endloop
  endfacet
  facet normal 0 1 0
    outer loop
      vertex 23.5 5 13.5
      vertex 14.902113032590307 5 8.118033988749895
      vertex 14.827090915285202 5 8.3134732861516
    endloop
  endfacet
  facet normal 0 1 0
    outer loop
      vertex 23.5 5 13.5
      vertex 14.827090915285202 5 8.3134732861516
      vertex 14.732050807568877 5 8.5
    endloop
  endfacet
  facet normal 0 1 0
    outer loop
      vertex 23.5 5 13.5
      vertex 14.732050807568877 5 8.5
      vertex 14.618033988749895 5 8.675570504584947
    endloop
  endfacet
  facet normal 0 1 0
    outer loop
      vertex 23.5 5 13.5
      vertex 14.175570504584947 5 9.118033988749895
      vertex 14 5 9.232050807568877
    endloop
  endfacet
  facet normal 0.7071067811865476 0 -0.7071067811865476
    outer loop
      vertex 23.5 -3.5 0
      vertex 23.5 3.5 0
      vertex 25 3.5 1.5
    endloop
  endfacet
  facet normal 1 0 0
    outer loop
      vertex 25 -3.5 13.5
      vertex 25 3.5 1.5
      vertex 25 3.5 13.5
    endloop
  endfacet
  facet normal 0.5773502691896257 0.5773502691896257 -0.5773502691896257
    outer loop
      vertex 23.5 3.5 0
      vertex 23.5 5 1.5
      vertex 25 3.5 1.5
    endloop
  endfacet
  facet normal 0.7071067811865476 0.7071067811865476 0
    outer loop
      vertex 25 3.5 1.5
      vertex 23.5 5 1.5
      vertex 23.5 5 13.5
    endloop
  endfacet
  facet normal 0 1 0
    outer loop
      vertex 23.5 5 1.5
      vertex 14.902113032590307 5 8.118033988749895
      vertex 23.5 5 13.5
    endloop
  endfacet
  facet normal 0.7071067811865476 0.7071067811865476 0
    outer loop
      vertex 25 3.5 1.5
      vertex 23.5 5 13.5
      vertex 25 3.5 13.5
    endloop
  endfacet
  facet normal 0 0 1
    outer loop
      vertex 15.849856583480626 0.5379391646213386 15
      vertex 23.5 3.5 15
      vertex 15.765588872069097 1.0699845551840785 15
    endloop
  endfacet
  facet normal 0 0 1
    outer loop
      vertex 15.765588872069097 1.0699845551840785 15
      vertex 23.5 3.5 15
      vertex 15.626168900933596 1.5903069710515587 15
    endloop
  endfacet
  facet normal 0 0 1
    outer loop
      vertex 15.433124184453384 2.0932056509510693 15
      vertex 15.626168900933596 1.5903069710515587 15
      vertex 23.5 3.5 15
    endloop
  endfacet
  facet normal 0 0 1
    outer loop
      vertex 15.433124184453384 2.0932056509510693 15
      vertex 23.5 3.5 15
      vertex 15.188569760939428 2.573170731707317 15
    endloop
  endfacet
  facet normal 0 0.7071067811865327 0.7071067811865623
    outer loop
      vertex 11 5 13.5
      vertex 11.511907597301807 4.9787847909599465 13.521215209040053
      vertex 23.5 5 13.5
    endloop
  endfacet
  facet normal 0 0 1
    outer loop
      vertex 15.188569760939428 2.573170731707317 15
      vertex 23.5 3.5 15
      vertex 14.895185019832045 3.0249436154563862 15
    endloop
  endfacet
  facet normal 0 0 1
    outer loop
      vertex 14.895185019832045 3.0249436154563862 15
      vertex 23.5 3.5 15
      vertex 14.556184345749516 3.443574583944368 15
    endloop
  endfacet
  facet normal 0 0 1
    outer loop
      vertex 14.499758929693884 3.5 15
      vertex 14.556184345749516 3.443574583944368 15
      vertex 23.5 3.5 15
    endloop
  endfacet
  facet normal 1.7133577990416588e-16 0.707106781186547 0.707106781186548
    outer loop
      vertex 14.266092997226822 3.766509636331165 14.733490363668835
      vertex 14.499758929693884 3.5 15
      vertex 23.5 5 13.5
    endloop
  endfacet
  facet normal -9.420270293993292e-17 0.707106781186549 0.707106781186546
    outer loop
      vertex 12.891270141326112 4.658923922691702 13.841076077308298
      vertex 13.291448005115079 4.465585513107391 14.03441448689261
      vertex 23.5 5 13.5
    endloop
  endfacet
  facet normal 5.988220432962775e-17 0.7071067811865476 0.7071067811865475
    outer loop
      vertex 13.291448005115079 4.465585513107391 14.03441448689261
      vertex 13.65745876975114 4.2279056815884735 14.272094318411527
      vertex 23.5 5 13.5
    endloop
  endfacet
  facet normal -6.891027999483621e-17 0.7071067811865522 0.7071067811865429
    outer loop
      vertex 11.511907597301807 4.9787847909599465 13.521215209040053
      vertex 11.999147915045501 4.915056291783111 13.584943708216889
      vertex 23.5 5 13.5
    endloop
  endfacet
  facet normal 4.270557861472981e-17 0.7071067811865447 0.7071067811865503
    outer loop
      vertex 12.459679660260814 4.808568947343985 13.691431052656014
      vertex 23.5 5 13.5
      vertex 11.999147915045501 4.915056291783111 13.584943708216889
    endloop
  endfacet
  facet normal -1.2303478173371787e-16 0.7071067811865493 0.7071067811865456
    outer loop
      vertex 12.459679660260814 4.808568947343985 13.691431052656014
      vertex 12.891270141326112 4.658923922691702 13.841076077308298
      vertex 23.5 5 13.5
    endloop
  endfacet
  facet normal 6.079648383227442e-17 0.7071067811865476 0.7071067811865475
    outer loop
      vertex 13.99460156503294 4.000000000000001 14.5
      vertex 23.5 5 13.5
      vertex 13.938926261462367 4.045084971874737 14.454915028125264
    endloop
  endfacet
  facet normal 5.838975012257222e-17 0.7071067811865476 0.7071067811865476
    outer loop
      vertex 13.938926261462367 4.045084971874737 14.454915028125264
      vertex 23.5 5 13.5
      vertex 13.65745876975114 4.2279056815884735 14.272094318411527
    endloop
  endfacet
  facet normal 1.8121952013295844e-16 0.707106781186547 0.707106781186548
    outer loop
      vertex 13.99460156503294 4.000000000000001 14.5
      vertex 14.266092997226822 3.766509636331165 14.733490363668835
      vertex 23.5 5 13.5
    endloop
  endfacet
  facet normal 0 0 1
    outer loop
      vertex 23.5 -3.5 15
      vertex 23.5 3.5 15
      vertex 15.849856583480626 0.5379391646213386 15
    endloop
  endfacet
  facet normal 0.7071067811865476 0 0.7071067811865476
    outer loop
      vertex 25 -3.5 13.5
      vertex 25 3.5 13.5
      vertex 23.5 3.5 15
    endloop
  endfacet
  facet normal 0 0.7071067811865476 0.7071067811865476
    outer loop
      vertex 14.499758929693884 3.5 15
      vertex 23.5 3.5 15
      vertex 23.5 5 13.5
    endloop
  endfacet
  facet normal 0.5773502691896257 0.5773502691896257 0.5773502691896257
    outer loop
      vertex 25 3.5 13.5
      vertex 23.5 5 13.5
      vertex 23.5 3.5 15
    endloop
  endfacet
  facet normal -0.6293203910498335 -0.7771459614569741 0
    outer loop
      vertex -13.938926261462367 -4.045084971874737 14.454915028125262
      vertex -13.938926261462367 -4.045084971874737 14.5
      vertex -13.994601565032944 -3.999999999999999 14.5
    endloop
  endfacet
  facet normal -0.7711709751194183 -0.6244819425151276 0.12376441574983692
    outer loop
      vertex -14.556184345749516 -3.443574583944368 15
      vertex -8.899186938124423 -6.465637775217204 35
      vertex -14.895185019832045 -3.0249436154563862 15
    endloop
  endfacet
  facet normal -0.8284279069578632 -0.5379873731951597 0.15581010639873794
    outer loop
      vertex -14.895185019832045 -3.0249436154563862 15
      vertex -8.899186938124423 -6.465637775217204 35
      vertex -15.188569760939428 -2.573170731707317 15
    endloop
  endfacet
  facet normal -0.8760110672814769 -0.4463499328186859 0.1826919469301326
    outer loop
      vertex -15.188569760939428 -2.573170731707317 15
      vertex -10.049000034068609 -4.474103073833803 35
      vertex -15.433124184453384 -2.0932056509510693 15
    endloop
  endfacet
  facet normal -0.9138966137045674 -0.35081204174184233 0.20426426713511223
    outer loop
      vertex -15.626168900933596 -1.5903069710515587 15
      vertex -15.433124184453384 -2.0932056509510693 15
      vertex -10.049000034068609 -4.474103073833803 35
    endloop
  endfacet
  facet normal -0.9421604398595546 -0.25245112900091715 0.2204589146072644
    outer loop
      vertex -15.626168900933596 -1.5903069710515587 15
      vertex -10.759623608071863 -2.2870285989953527 35
      vertex -15.765588872069097 -1.0699845551840785 15
    endloop
  endfacet
  facet normal -0.9609154486191193 -0.1521940555287407 0.23125412443204468
    outer loop
      vertex -15.765588872069097 -1.0699845551840785 15
      vertex -10.759623608071863 -2.2870285989953527 35
      vertex -15.849856583480626 -0.5379391646213386 15
    endloop
  endfacet
  facet normal -0.9702635166333224 -0.05084935622610754 0.23664963820324944
    outer loop
      vertex -15.849856583480626 -0.5379391646213386 15
      vertex -11 0 35
      vertex -15.878048780487806 0 15
    endloop
  endfacet
  facet normal -0.5447094126359644 -0.8386248599855495 -2.711467232634752e-16
    outer loop
      vertex -13.65745876975114 -4.2279056815884735 14.272094318411526
      vertex -6.465637775217204 -8.899186938124423 34
      vertex -13.938926261462367 -4.045084971874737 14.454915028125262
    endloop
  endfacet
  facet normal -0.6286727614859611 -0.7763462055500487 0.04535557400868337
    outer loop
      vertex -14.266092997226822 -3.766509636331165 14.733490363668835
      vertex -13.994601565032944 -3.999999999999999 14.5
      vertex -6.465637775217204 -8.899186938124423 35
    endloop
  endfacet
  facet normal -0.544709412635965 -0.8386248599855493 0
    outer loop
      vertex -13.938926261462367 -4.045084971874737 14.454915028125262
      vertex -6.465637775217204 -8.899186938124423 35
      vertex -13.938926261462367 -4.045084971874737 14.5
    endloop
  endfacet
  facet normal -0.6286727614859557 -0.7763462055500534 0.045355574008680344
    outer loop
      vertex -13.938926261462367 -4.045084971874737 14.5
      vertex -6.465637775217204 -8.899186938124423 35
      vertex -13.994601565032944 -3.999999999999999 14.5
    endloop
  endfacet
  facet normal -0.4534535962507696 -0.8899527917608475 -0.048619589512024504
    outer loop
      vertex -13.291448005115079 -4.46558551310739 14.03441448689261
      vertex -12.891270141326112 -4.658923922691702 13.841076077308298
      vertex -5.5 -9.526279441628825 34
    endloop
  endfacet
  facet normal -0.35658990295870113 -0.9289484567779412 -0.0994907320195476
    outer loop
      vertex -12.891270141326112 -4.658923922691702 13.841076077308298
      vertex -12.459679660260814 -4.808568947343985 13.691431052656014
      vertex -3.3991869381244215 -10.461621679246688 34
    endloop
  endfacet
  facet normal -0.5446390346526411 -0.8386705673874028 -0.00003647918837416273
    outer loop
      vertex -13.291448005115079 -4.46558551310739 14.03441448689261
      vertex -5.5 -9.526279441628825 34
      vertex -13.65745876975114 -4.2279056815884735 14.272094318411526
    endloop
  endfacet
  facet normal -0.15314603248276487 -0.9669259945545357 -0.2039617949261821
    outer loop
      vertex -11.999147915045501 -4.915056291783111 13.584943708216889
      vertex -11.511907597301807 -4.9787847909599465 13.521215209040053
      vertex -2.2870285989953527 -10.759623608071863 34
    endloop
  endfacet
  facet normal -0.050599780140835916 -0.9655013212362906 -0.25543465101797797
    outer loop
      vertex -11.511907597301807 -4.9787847909599465 13.521215209040053
      vertex -11 -5 13.5
      vertex 0 -11 34
    endloop
  endfacet
  facet normal -0.2558264217354379 -0.9547572038351873 -0.15162956066300728
    outer loop
      vertex -11.999147915045501 -4.915056291783111 13.584943708216889
      vertex -3.3991869381244215 -10.461621679246688 34
      vertex -12.459679660260814 -4.808568947343985 13.691431052656014
    endloop
  endfacet
  facet normal -0.7044372278524859 -0.7044372278524845 0.08681234953053354
    outer loop
      vertex -14.266092997226822 -3.766509636331165 14.733490363668835
      vertex -8.174593080251336 -7.360436669947441 35
      vertex -14.499758929693884 -3.5 15
    endloop
  endfacet
  facet normal -0.7044372278524879 -0.7044372278524823 0.0868123495305346
    outer loop
      vertex -14.556184345749516 -3.443574583944368 15
      vertex -14.499758929693884 -3.5 15
      vertex -8.174593080251336 -7.360436669947441 35
    endloop
  endfacet
  facet normal -0.9609154486191194 -0.15219405552873883 0.23125412443204488
    outer loop
      vertex -15.849856583480626 -0.5379391646213386 15
      vertex -10.759623608071863 -2.2870285989953527 35
      vertex -10.939740849051006 -1.1498130959441881 35
    endloop
  endfacet
  facet normal -0.9702635166333223 -0.050849356226107166 0.23664963820324939
    outer loop
      vertex -15.849856583480626 -0.5379391646213386 15
      vertex -10.939740849051006 -1.1498130959441881 35
      vertex -11 0 35
    endloop
  endfacet
  facet normal -0.3565899029587026 -0.9289484567779408 -0.09949073201954658
    outer loop
      vertex -12.891270141326112 -4.658923922691702 13.841076077308298
      vertex -3.3991869381244215 -10.461621679246688 34
      vertex -4.474103073833803 -10.049000034068609 34
    endloop
  endfacet
  facet normal -0.5447094126359663 -0.8386248599855484 0
    outer loop
      vertex -13.938926261462367 -4.045084971874737 14.454915028125262
      vertex -6.465637775217204 -8.899186938124423 34
      vertex -6.465637775217204 -8.899186938124423 35
    endloop
  endfacet
  facet normal -0.5446390346526416 -0.8386705673874023 -0.00003647918837357292
    outer loop
      vertex -13.65745876975114 -4.2279056815884735 14.272094318411526
      vertex -5.5 -9.526279441628825 34
      vertex -6.465637775217204 -8.899186938124423 34
    endloop
  endfacet
  facet normal -0.453453596250768 -0.8899527917608482 -0.04861958951202526
    outer loop
      vertex -12.891270141326112 -4.658923922691702 13.841076077308298
      vertex -4.474103073833803 -10.049000034068609 34
      vertex -5.5 -9.526279441628825 34
    endloop
  endfacet
  facet normal -0.7044372278524853 -0.7044372278524853 0.08681234953053334
    outer loop
      vertex -14.266092997226822 -3.766509636331165 14.733490363668835
      vertex -7.360436669947441 -8.174593080251336 35
      vertex -8.174593080251336 -7.360436669947441 35
    endloop
  endfacet
  facet normal -0.7711709751194169 -0.6244819425151295 0.12376441574983633
    outer loop
      vertex -14.556184345749516 -3.443574583944368 15
      vertex -8.174593080251336 -7.360436669947441 35
      vertex -8.899186938124423 -6.465637775217204 35
    endloop
  endfacet
  facet normal -0.6286727614859602 -0.7763462055500495 0.04535557400868322
    outer loop
      vertex -14.266092997226822 -3.766509636331165 14.733490363668835
      vertex -6.465637775217204 -8.899186938124423 35
      vertex -7.360436669947441 -8.174593080251336 35
    endloop
  endfacet
  facet normal -0.25582642173543646 -0.9547572038351876 -0.1516295606630079
    outer loop
      vertex -11.999147915045501 -4.915056291783111 13.584943708216889
      vertex -2.2870285989953527 -10.759623608071863 34
      vertex -3.3991869381244215 -10.461621679246688 34
    endloop
  endfacet
  facet normal -0.15314603248276498 -0.9669259945545357 -0.20396179492618216
    outer loop
      vertex -11.511907597301807 -4.9787847909599465 13.521215209040053
      vertex -1.1498130959441881 -10.939740849051006 34
      vertex -2.2870285989953527 -10.759623608071863 34
    endloop
  endfacet
  facet normal -0.05059978014083642 -0.9655013212362906 -0.2554346510179777
    outer loop
      vertex -11.511907597301807 -4.9787847909599465 13.521215209040053
      vertex 0 -11 34
      vertex -1.1498130959441881 -10.939740849051006 34
    endloop
  endfacet
  facet normal -0.45399049973954636 -0.891006524188368 0
    outer loop
      vertex -4.474103073833803 -10.049000034068609 34
      vertex -4.474103073833803 -10.049000034068609 35
      vertex -5.5 -9.526279441628825 34
    endloop
  endfacet
  facet normal -0.45399049973954636 -0.891006524188368 0
    outer loop
      vertex -4.474103073833803 -10.049000034068609 35
      vertex -5.5 -9.526279441628825 35
      vertex -5.5 -9.526279441628825 34
    endloop
  endfacet
  facet normal -0.35836794954530027 -0.9335804264972019 0
    outer loop
      vertex -3.3991869381244215 -10.461621679246688 34
      vertex -3.3991869381244215 -10.461621679246688 35
      vertex -4.474103073833803 -10.049000034068609 35
    endloop
  endfacet
  facet normal -0.35836794954530027 -0.9335804264972019 0
    outer loop
      vertex -3.3991869381244215 -10.461621679246688 34
      vertex -4.474103073833803 -10.049000034068609 35
      vertex -4.474103073833803 -10.049000034068609 34
    endloop
  endfacet
  facet normal -0.5446390350150262 -0.8386705679454246 0
    outer loop
      vertex -6.465637775217204 -8.899186938124423 35
      vertex -5.5 -9.526279441628825 34
      vertex -5.5 -9.526279441628825 35
    endloop
  endfacet
  facet normal -0.5446390350150262 -0.8386705679454246 0
    outer loop
      vertex -6.465637775217204 -8.899186938124423 34
      vertex -5.5 -9.526279441628825 34
      vertex -6.465637775217204 -8.899186938124423 35
    endloop
  endfacet
  facet normal -0.25881904510252207 -0.9659258262890681 0
    outer loop
      vertex -3.3991869381244215 -10.461621679246688 34
      vertex -2.2870285989953527 -10.759623608071863 34
      vertex -2.2870285989953527 -10.759623608071863 35
    endloop
  endfacet
  facet normal -0.25881904510252207 -0.9659258262890681 0
    outer loop
      vertex -3.3991869381244215 -10.461621679246688 34
      vertex -2.2870285989953527 -10.759623608071863 35
      vertex -3.3991869381244215 -10.461621679246688 35
    endloop
  endfacet
  facet normal -0.15643446504022976 -0.9876883405951379 0
    outer loop
      vertex -2.2870285989953527 -10.759623608071863 34
      vertex -1.1498130959441881 -10.939740849051006 34
      vertex -2.2870285989953527 -10.759623608071863 35
    endloop
  endfacet
  facet normal -0.15643446504022976 -0.9876883405951379 0
    outer loop
      vertex -2.2870285989953527 -10.759623608071863 35
      vertex -1.1498130959441881 -10.939740849051006 34
      vertex -1.1498130959441881 -10.939740849051006 35
    endloop
  endfacet
  facet normal -0.05233595624294448 -0.9986295347545739 0
    outer loop
      vertex -1.1498130959441881 -10.939740849051006 34
      vertex 0 -11 34
      vertex 0 -11 35
    endloop
  endfacet
  facet normal -0.05233595624294448 -0.9986295347545739 0
    outer loop
      vertex -1.1498130959441881 -10.939740849051006 34
      vertex 0 -11 35
      vertex -1.1498130959441881 -10.939740849051006 35
    endloop
  endfacet
  facet normal -0.8284279069578648 -0.537987373195157 0.1558101063987389
    outer loop
      vertex -15.188569760939428 -2.573170731707317 15
      vertex -8.899186938124423 -6.465637775217204 35
      vertex -9.526279441628825 -5.5 35
    endloop
  endfacet
  facet normal -0.8760110672814759 -0.4463499328186881 0.1826919469301321
    outer loop
      vertex -15.188569760939428 -2.573170731707317 15
      vertex -9.526279441628825 -5.5 35
      vertex -10.049000034068609 -4.474103073833803 35
    endloop
  endfacet
  facet normal -0.9138966137045688 -0.35081204174183805 0.2042642671351132
    outer loop
      vertex -15.626168900933596 -1.5903069710515587 15
      vertex -10.049000034068609 -4.474103073833803 35
      vertex -10.461621679246688 -3.3991869381244215 35
    endloop
  endfacet
  facet normal -0.9421604398595537 -0.2524511290009205 0.22045891460726408
    outer loop
      vertex -15.626168900933596 -1.5903069710515587 15
      vertex -10.461621679246688 -3.3991869381244215 35
      vertex -10.759623608071863 -2.2870285989953527 35
    endloop
  endfacet
  facet normal -0.9702635166333224 0.05084935622610754 0.23664963820324944
    outer loop
      vertex -15.878048780487806 0 15
      vertex -11 0 35
      vertex -15.849856583480626 0.5379391646213386 15
    endloop
  endfacet
  facet normal -0.960915448619119 0.15219405552874068 0.2312541244320448
    outer loop
      vertex -15.849856583480626 0.5379391646213386 15
      vertex -10.939740849051006 1.1498130959441881 35
      vertex -15.765588872069097 1.0699845551840785 15
    endloop
  endfacet
  facet normal -0.9421604398595546 0.25245112900091715 0.2204589146072644
    outer loop
      vertex -15.765588872069097 1.0699845551840785 15
      vertex -10.759623608071863 2.2870285989953527 35
      vertex -15.626168900933596 1.5903069710515587 15
    endloop
  endfacet
  facet normal -0.9138966137045675 0.35081204174184205 0.2042642671351125
    outer loop
      vertex -15.626168900933596 1.5903069710515587 15
      vertex -10.461621679246688 3.3991869381244215 35
      vertex -15.433124184453384 2.0932056509510697 15
    endloop
  endfacet
  facet normal -0.6293203910498335 0.7771459614569741 0
    outer loop
      vertex -13.994601565032944 3.999999999999999 14.5
      vertex -13.938926261462367 4.045084971874737 14.5
      vertex -13.938926261462367 4.045084971874737 14.454915028125262
    endloop
  endfacet
  facet normal -0.8760110672814767 0.4463499328186862 0.18269194693013252
    outer loop
      vertex -15.433124184453384 2.0932056509510697 15
      vertex -10.049000034068609 4.474103073833803 35
      vertex -15.188569760939428 2.573170731707317 15
    endloop
  endfacet
  facet normal -0.8284279069578632 0.5379873731951597 0.1558101063987381
    outer loop
      vertex -15.188569760939428 2.573170731707317 15
      vertex -9.526279441628825 5.5 35
      vertex -14.895185019832045 3.0249436154563862 15
    endloop
  endfacet
  facet normal -0.7711709751194183 0.6244819425151276 0.12376441574983692
    outer loop
      vertex -14.895185019832045 3.0249436154563862 15
      vertex -8.899186938124423 6.465637775217204 35
      vertex -14.556184345749516 3.443574583944368 15
    endloop
  endfacet
  facet normal -0.7044372278524879 0.7044372278524823 0.0868123495305346
    outer loop
      vertex -14.556184345749516 3.443574583944368 15
      vertex -8.174593080251336 7.360436669947441 35
      vertex -14.499758929693884 3.5 15
    endloop
  endfacet
  facet normal -0.7044372278524859 0.7044372278524845 0.08681234953053354
    outer loop
      vertex -14.266092997226822 3.766509636331165 14.733490363668835
      vertex -14.499758929693884 3.5 15
      vertex -8.174593080251336 7.360436669947441 35
    endloop
  endfacet
  facet normal -0.628672761485961 0.7763462055500489 0.04535557400868334
    outer loop
      vertex -14.266092997226822 3.766509636331165 14.733490363668835
      vertex -7.360436669947441 8.174593080251336 35
      vertex -13.994601565032944 3.999999999999999 14.5
    endloop
  endfacet
  facet normal -0.544639034652641 0.8386705673874028 -0.00003647918837408791
    outer loop
      vertex -13.291448005115079 4.46558551310739 14.03441448689261
      vertex -13.65745876975114 4.2279056815884735 14.272094318411526
      vertex -6.465637775217204 8.899186938124423 34
    endloop
  endfacet
  facet normal -0.6286727614859557 0.7763462055500534 0.04535557400868038
    outer loop
      vertex -13.994601565032944 3.999999999999999 14.5
      vertex -6.465637775217204 8.899186938124423 35
      vertex -13.938926261462367 4.045084971874737 14.5
    endloop
  endfacet
  facet normal -0.544709412635965 0.8386248599855493 0
    outer loop
      vertex -13.938926261462367 4.045084971874737 14.454915028125262
      vertex -13.938926261462367 4.045084971874737 14.5
      vertex -6.465637775217204 8.899186938124423 35
    endloop
  endfacet
  facet normal -0.5447094126359644 0.8386248599855495 -2.6047131369528617e-16
    outer loop
      vertex -13.938926261462367 4.045084971874737 14.454915028125262
      vertex -6.465637775217204 8.899186938124423 35
      vertex -13.65745876975114 4.2279056815884735 14.272094318411526
    endloop
  endfacet
  facet normal -0.4534535962507696 0.8899527917608475 -0.048619589512024504
    outer loop
      vertex -13.291448005115079 4.46558551310739 14.03441448689261
      vertex -5.5 9.526279441628825 34
      vertex -12.891270141326112 4.658923922691702 13.841076077308298
    endloop
  endfacet
  facet normal -0.35658990295870113 0.9289484567779414 -0.09949073201954753
    outer loop
      vertex -12.891270141326112 4.658923922691702 13.841076077308298
      vertex -4.474103073833803 10.049000034068609 34
      vertex -12.459679660260814 4.808568947343985 13.691431052656014
    endloop
  endfacet
  facet normal -0.2558264217354379 0.9547572038351873 -0.1516295606630073
    outer loop
      vertex -12.459679660260814 4.808568947343985 13.691431052656014
      vertex -3.3991869381244215 10.461621679246688 34
      vertex -11.999147915045501 4.915056291783111 13.584943708216889
    endloop
  endfacet
  facet normal -0.15314603248276487 0.9669259945545357 -0.2039617949261821
    outer loop
      vertex -11.999147915045501 4.915056291783111 13.584943708216889
      vertex -2.2870285989953527 10.759623608071863 34
      vertex -11.511907597301807 4.9787847909599465 13.521215209040053
    endloop
  endfacet
  facet normal -0.05059978014083592 0.9655013212362907 -0.2554346510179779
    outer loop
      vertex -11.511907597301807 4.9787847909599465 13.521215209040053
      vertex -1.1498130959441881 10.939740849051006 34
      vertex -11 5 13.5
    endloop
  endfacet
  facet normal -0.9702635166333223 0.050849356226107166 0.23664963820324939
    outer loop
      vertex -15.849856583480626 0.5379391646213386 15
      vertex -11 0 35
      vertex -10.939740849051006 1.1498130959441881 35
    endloop
  endfacet
  facet normal -0.9609154486191194 0.15219405552873883 0.23125412443204488
    outer loop
      vertex -15.765588872069097 1.0699845551840785 15
      vertex -10.939740849051006 1.1498130959441881 35
      vertex -10.759623608071863 2.2870285989953527 35
    endloop
  endfacet
  facet normal -0.9421604398595537 0.2524511290009205 0.22045891460726408
    outer loop
      vertex -15.626168900933596 1.5903069710515587 15
      vertex -10.759623608071863 2.2870285989953527 35
      vertex -10.461621679246688 3.3991869381244215 35
    endloop
  endfacet
  facet normal -0.9138966137045686 0.35081204174183866 0.20426426713511303
    outer loop
      vertex -15.433124184453384 2.0932056509510697 15
      vertex -10.461621679246688 3.3991869381244215 35
      vertex -10.049000034068609 4.474103073833803 35
    endloop
  endfacet
  facet normal -0.8760110672814759 0.4463499328186881 0.1826919469301321
    outer loop
      vertex -15.188569760939428 2.573170731707317 15
      vertex -10.049000034068609 4.474103073833803 35
      vertex -9.526279441628825 5.5 35
    endloop
  endfacet
  facet normal -0.8284279069578646 0.5379873731951571 0.15581010639873885
    outer loop
      vertex -14.895185019832045 3.0249436154563862 15
      vertex -9.526279441628825 5.5 35
      vertex -8.899186938124423 6.465637775217204 35
    endloop
  endfacet
  facet normal -0.5447094126359645 0.8386248599855495 0
    outer loop
      vertex -13.65745876975114 4.2279056815884735 14.272094318411526
      vertex -6.465637775217204 8.899186938124423 35
      vertex -6.465637775217204 8.899186938124423 34
    endloop
  endfacet
  facet normal -0.544639034652642 0.8386705673874022 -0.00003647918837347938
    outer loop
      vertex -13.291448005115079 4.46558551310739 14.03441448689261
      vertex -6.465637775217204 8.899186938124423 34
      vertex -5.5 9.526279441628825 34
    endloop
  endfacet
  facet normal -0.453453596250768 0.8899527917608482 -0.04861958951202526
    outer loop
      vertex -12.891270141326112 4.658923922691702 13.841076077308298
      vertex -5.5 9.526279441628825 34
      vertex -4.474103073833803 10.049000034068609 34
    endloop
  endfacet
  facet normal -0.7711709751194169 0.6244819425151295 0.12376441574983633
    outer loop
      vertex -14.556184345749516 3.443574583944368 15
      vertex -8.899186938124423 6.465637775217204 35
      vertex -8.174593080251336 7.360436669947441 35
    endloop
  endfacet
  facet normal -0.7044372278524853 0.7044372278524853 0.08681234953053334
    outer loop
      vertex -14.266092997226822 3.766509636331165 14.733490363668835
      vertex -8.174593080251336 7.360436669947441 35
      vertex -7.360436669947441 8.174593080251336 35
    endloop
  endfacet
  facet normal -0.6286727614859606 0.7763462055500493 0.04535557400868307
    outer loop
      vertex -13.994601565032944 3.999999999999999 14.5
      vertex -7.360436669947441 8.174593080251336 35
      vertex -6.465637775217204 8.899186938124423 35
    endloop
  endfacet
  facet normal -0.3565899029587028 0.9289484567779409 -0.09949073201954667
    outer loop
      vertex -12.459679660260814 4.808568947343985 13.691431052656014
      vertex -4.474103073833803 10.049000034068609 34
      vertex -3.3991869381244215 10.461621679246688 34
    endloop
  endfacet
  facet normal -0.25582642173543646 0.9547572038351876 -0.1516295606630079
    outer loop
      vertex -11.999147915045501 4.915056291783111 13.584943708216889
      vertex -3.3991869381244215 10.461621679246688 34
      vertex -2.2870285989953527 10.759623608071863 34
    endloop
  endfacet
  facet normal -0.15314603248276498 0.9669259945545357 -0.20396179492618216
    outer loop
      vertex -11.511907597301807 4.9787847909599465 13.521215209040053
      vertex -2.2870285989953527 10.759623608071863 34
      vertex -1.1498130959441881 10.939740849051006 34
    endloop
  endfacet
  facet normal -0.05059978014083653 0.9655013212362907 -0.25543465101797735
    outer loop
      vertex -11 5 13.5
      vertex -1.1498130959441881 10.939740849051006 34
      vertex 0 11 34
    endloop
  endfacet
  facet normal -0.5446390350150262 0.8386705679454246 0
    outer loop
      vertex -6.465637775217204 8.899186938124423 34
      vertex -6.465637775217204 8.899186938124423 35
      vertex -5.5 9.526279441628825 35
    endloop
  endfacet
  facet normal -0.5446390350150262 0.8386705679454246 0
    outer loop
      vertex -6.465637775217204 8.899186938124423 34
      vertex -5.5 9.526279441628825 35
      vertex -5.5 9.526279441628825 34
    endloop
  endfacet
  facet normal -0.45399049973954636 0.891006524188368 0
    outer loop
      vertex -5.5 9.526279441628825 34
      vertex -5.5 9.526279441628825 35
      vertex -4.474103073833803 10.049000034068609 34
    endloop
  endfacet
  facet normal -0.45399049973954636 0.891006524188368 0
    outer loop
      vertex -5.5 9.526279441628825 35
      vertex -4.474103073833803 10.049000034068609 35
      vertex -4.474103073833803 10.049000034068609 34
    endloop
  endfacet
  facet normal -0.35836794954530027 0.9335804264972019 0
    outer loop
      vertex -4.474103073833803 10.049000034068609 34
      vertex -4.474103073833803 10.049000034068609 35
      vertex -3.3991869381244215 10.461621679246688 34
    endloop
  endfacet
  facet normal -0.35836794954530027 0.9335804264972019 0
    outer loop
      vertex -4.474103073833803 10.049000034068609 35
      vertex -3.3991869381244215 10.461621679246688 35
      vertex -3.3991869381244215 10.461621679246688 34
    endloop
  endfacet
  facet normal -0.25881904510252207 0.9659258262890681 0
    outer loop
      vertex -3.3991869381244215 10.461621679246688 34
      vertex -3.3991869381244215 10.461621679246688 35
      vertex -2.2870285989953527 10.759623608071863 35
    endloop
  endfacet
  facet normal -0.25881904510252207 0.9659258262890681 0
    outer loop
      vertex -3.3991869381244215 10.461621679246688 34
      vertex -2.2870285989953527 10.759623608071863 35
      vertex -2.2870285989953527 10.759623608071863 34
    endloop
  endfacet
  facet normal -0.15643446504022976 0.9876883405951379 0
    outer loop
      vertex -2.2870285989953527 10.759623608071863 34
      vertex -2.2870285989953527 10.759623608071863 35
      vertex -1.1498130959441881 10.939740849051006 35
    endloop
  endfacet
  facet normal -0.15643446504022976 0.9876883405951379 0
    outer loop
      vertex -2.2870285989953527 10.759623608071863 34
      vertex -1.1498130959441881 10.939740849051006 35
      vertex -1.1498130959441881 10.939740849051006 34
    endloop
  endfacet
  facet normal -0.05233595624294448 0.9986295347545739 0
    outer loop
      vertex -1.1498130959441881 10.939740849051006 34
      vertex -1.1498130959441881 10.939740849051006 35
      vertex 0 11 34
    endloop
  endfacet
  facet normal -0.05233595624294448 0.9986295347545739 0
    outer loop
      vertex -1.1498130959441881 10.939740849051006 35
      vertex 0 11 35
      vertex 0 11 34
    endloop
  endfacet
  facet normal 0 -0.9597374070082706 -0.28089875327071334
    outer loop
      vertex -11 -5 13.5
      vertex 11 -5 13.5
      vertex 0 -11 34
    endloop
  endfacet
  facet normal 0.05059978014083592 -0.9655013212362906 -0.25543465101797797
    outer loop
      vertex 11 -5 13.5
      vertex 11.511907597301807 -4.9787847909599465 13.521215209040053
      vertex 1.1498130959441881 -10.939740849051006 34
    endloop
  endfacet
  facet normal 0.1531460324827649 -0.9669259945545358 -0.20396179492618208
    outer loop
      vertex 11.511907597301807 -4.9787847909599465 13.521215209040053
      vertex 11.999147915045501 -4.915056291783111 13.584943708216889
      vertex 2.2870285989953527 -10.759623608071863 34
    endloop
  endfacet
  facet normal 0.2558264217354379 -0.9547572038351873 -0.15162956066300728
    outer loop
      vertex 11.999147915045501 -4.915056291783111 13.584943708216889
      vertex 12.459679660260814 -4.808568947343985 13.691431052656014
      vertex 3.3991869381244215 -10.461621679246688 34
    endloop
  endfacet
  facet normal 0.3565899029587012 -0.9289484567779414 -0.09949073201954751
    outer loop
      vertex 12.459679660260814 -4.808568947343985 13.691431052656014
      vertex 12.891270141326112 -4.658923922691702 13.841076077308298
      vertex 4.474103073833803 -10.049000034068609 34
    endloop
  endfacet
  facet normal 0.4534535962507682 -0.8899527917608481 -0.04861958951202516
    outer loop
      vertex 12.891270141326112 -4.658923922691702 13.841076077308298
      vertex 13.291448005115079 -4.465585513107391 14.03441448689261
      vertex 5.5 -9.526279441628825 34
    endloop
  endfacet
  facet normal 0.5446390346526422 -0.838670567387402 -0.00003647918837350393
    outer loop
      vertex 13.291448005115079 -4.465585513107391 14.03441448689261
      vertex 13.65745876975114 -4.2279056815884735 14.272094318411527
      vertex 6.465637775217204 -8.899186938124423 34
    endloop
  endfacet
  facet normal 0.5447094126359644 -0.8386248599855495 -2.6047131369528617e-16
    outer loop
      vertex 13.65745876975114 -4.2279056815884735 14.272094318411527
      vertex 13.938926261462367 -4.045084971874737 14.454915028125264
      vertex 6.465637775217204 -8.899186938124423 35
    endloop
  endfacet
  facet normal 0.544709412635965 -0.8386248599855493 0
    outer loop
      vertex 13.938926261462367 -4.045084971874737 14.454915028125264
      vertex 13.938926261462367 -4.045084971874737 14.5
      vertex 6.465637775217204 -8.899186938124423 35
    endloop
  endfacet
  facet normal 0.6286727614859648 -0.7763462055500457 0.045355574008685465
    outer loop
      vertex 13.938926261462367 -4.045084971874737 14.5
      vertex 13.99460156503294 -4.000000000000001 14.5
      vertex 6.465637775217204 -8.899186938124423 35
    endloop
  endfacet
  facet normal 0.6286727614859595 -0.7763462055500501 0.04535557400868259
    outer loop
      vertex 13.99460156503294 -4.000000000000001 14.5
      vertex 14.266092997226822 -3.766509636331165 14.733490363668835
      vertex 7.360436669947441 -8.174593080251336 35
    endloop
  endfacet
  facet normal 0.7044372278524859 -0.7044372278524845 0.08681234953053354
    outer loop
      vertex 14.266092997226822 -3.766509636331165 14.733490363668835
      vertex 14.499758929693884 -3.5 15
      vertex 8.174593080251336 -7.360436669947441 35
    endloop
  endfacet
  facet normal 0.7044372278524879 -0.7044372278524823 0.0868123495305346
    outer loop
      vertex 14.499758929693884 -3.5 15
      vertex 14.556184345749516 -3.443574583944368 15
      vertex 8.174593080251336 -7.360436669947441 35
    endloop
  endfacet
  facet normal 0.6293203910498427 -0.7771459614569666 0
    outer loop
      vertex 13.938926261462367 -4.045084971874737 14.454915028125264
      vertex 13.99460156503294 -4.000000000000001 14.5
      vertex 13.938926261462367 -4.045084971874737 14.5
    endloop
  endfacet
  facet normal 0.7711709751194183 -0.6244819425151276 0.12376441574983692
    outer loop
      vertex 14.556184345749516 -3.443574583944368 15
      vertex 14.895185019832045 -3.0249436154563862 15
      vertex 8.899186938124423 -6.465637775217204 35
    endloop
  endfacet
  facet normal 0.8284279069578632 -0.5379873731951597 0.1558101063987381
    outer loop
      vertex 14.895185019832045 -3.0249436154563862 15
      vertex 15.188569760939428 -2.573170731707317 15
      vertex 9.526279441628825 -5.5 35
    endloop
  endfacet
  facet normal 0.8760110672814767 -0.4463499328186862 0.18269194693013252
    outer loop
      vertex 15.188569760939428 -2.573170731707317 15
      vertex 15.433124184453384 -2.0932056509510697 15
      vertex 10.049000034068609 -4.474103073833803 35
    endloop
  endfacet
  facet normal 0.9138966137045675 -0.35081204174184205 0.2042642671351125
    outer loop
      vertex 15.433124184453384 -2.0932056509510697 15
      vertex 15.626168900933596 -1.5903069710515587 15
      vertex 10.461621679246688 -3.3991869381244215 35
    endloop
  endfacet
  facet normal 0.9421604398595546 -0.25245112900091715 0.2204589146072644
    outer loop
      vertex 15.626168900933596 -1.5903069710515587 15
      vertex 15.765588872069097 -1.0699845551840785 15
      vertex 10.759623608071863 -2.2870285989953527 35
    endloop
  endfacet
  facet normal 0.960915448619119 -0.15219405552874068 0.23125412443204477
    outer loop
      vertex 15.765588872069097 -1.0699845551840785 15
      vertex 15.849856583480626 -0.5379391646213386 15
      vertex 10.939740849051006 -1.1498130959441881 35
    endloop
  endfacet
  facet normal 0.9702635166333224 -0.05084935622610754 0.23664963820324944
    outer loop
      vertex 15.849856583480626 -0.5379391646213386 15
      vertex 15.878048780487806 0 15
      vertex 11 0 35
    endloop
  endfacet
  facet normal 0.05059978014083653 -0.9655013212362907 -0.25543465101797735
    outer loop
      vertex 11 -5 13.5
      vertex 1.1498130959441881 -10.939740849051006 34
      vertex 0 -11 34
    endloop
  endfacet
  facet normal 0.15314603248276498 -0.9669259945545357 -0.20396179492618216
    outer loop
      vertex 11.511907597301807 -4.9787847909599465 13.521215209040053
      vertex 2.2870285989953527 -10.759623608071863 34
      vertex 1.1498130959441881 -10.939740849051006 34
    endloop
  endfacet
  facet normal 0.25582642173543646 -0.9547572038351876 -0.1516295606630079
    outer loop
      vertex 11.999147915045501 -4.915056291783111 13.584943708216889
      vertex 3.3991869381244215 -10.461621679246688 34
      vertex 2.2870285989953527 -10.759623608071863 34
    endloop
  endfacet
  facet normal 0.3565899029587028 -0.9289484567779409 -0.09949073201954667
    outer loop
      vertex 12.459679660260814 -4.808568947343985 13.691431052656014
      vertex 4.474103073833803 -10.049000034068609 34
      vertex 3.3991869381244215 -10.461621679246688 34
    endloop
  endfacet
  facet normal 0.453453596250768 -0.8899527917608482 -0.04861958951202526
    outer loop
      vertex 12.891270141326112 -4.658923922691702 13.841076077308298
      vertex 5.5 -9.526279441628825 34
      vertex 4.474103073833803 -10.049000034068609 34
    endloop
  endfacet
  facet normal 0.5446390346526424 -0.8386705673874021 -0.00003647918837347937
    outer loop
      vertex 13.291448005115079 -4.465585513107391 14.03441448689261
      vertex 6.465637775217204 -8.899186938124423 34
      vertex 5.5 -9.526279441628825 34
    endloop
  endfacet
  facet normal 0.5447094126359645 -0.8386248599855495 0
    outer loop
      vertex 13.65745876975114 -4.2279056815884735 14.272094318411527
      vertex 6.465637775217204 -8.899186938124423 35
      vertex 6.465637775217204 -8.899186938124423 34
    endloop
  endfacet
  facet normal 0.6286727614859603 -0.7763462055500495 0.045355574008683085
    outer loop
      vertex 13.99460156503294 -4.000000000000001 14.5
      vertex 7.360436669947441 -8.174593080251336 35
      vertex 6.465637775217204 -8.899186938124423 35
    endloop
  endfacet
  facet normal 0.7044372278524853 -0.7044372278524853 0.08681234953053334
    outer loop
      vertex 14.266092997226822 -3.766509636331165 14.733490363668835
      vertex 8.174593080251336 -7.360436669947441 35
      vertex 7.360436669947441 -8.174593080251336 35
    endloop
  endfacet
  facet normal 0.7711709751194169 -0.6244819425151295 0.12376441574983633
    outer loop
      vertex 14.556184345749516 -3.443574583944368 15
      vertex 8.899186938124423 -6.465637775217204 35
      vertex 8.174593080251336 -7.360436669947441 35
    endloop
  endfacet
  facet normal 0.05233595624294448 -0.9986295347545739 0
    outer loop
      vertex 0 -11 34
      vertex 1.1498130959441881 -10.939740849051006 34
      vertex 0 -11 35
    endloop
  endfacet
  facet normal 0.05233595624294448 -0.9986295347545739 0
    outer loop
      vertex 0 -11 35
      vertex 1.1498130959441881 -10.939740849051006 34
      vertex 1.1498130959441881 -10.939740849051006 35
    endloop
  endfacet
  facet normal 0.15643446504022976 -0.9876883405951379 0
    outer loop
      vertex 1.1498130959441881 -10.939740849051006 34
      vertex 2.2870285989953527 -10.759623608071863 35
      vertex 1.1498130959441881 -10.939740849051006 35
    endloop
  endfacet
  facet normal 0.15643446504022976 -0.9876883405951379 0
    outer loop
      vertex 1.1498130959441881 -10.939740849051006 34
      vertex 2.2870285989953527 -10.759623608071863 34
      vertex 2.2870285989953527 -10.759623608071863 35
    endloop
  endfacet
  facet normal 0.25881904510252207 -0.9659258262890681 0
    outer loop
      vertex 2.2870285989953527 -10.759623608071863 34
      vertex 3.3991869381244215 -10.461621679246688 35
      vertex 2.2870285989953527 -10.759623608071863 35
    endloop
  endfacet
  facet normal 0.25881904510252207 -0.9659258262890681 0
    outer loop
      vertex 2.2870285989953527 -10.759623608071863 34
      vertex 3.3991869381244215 -10.461621679246688 34
      vertex 3.3991869381244215 -10.461621679246688 35
    endloop
  endfacet
  facet normal 0.35836794954530027 -0.9335804264972019 0
    outer loop
      vertex 3.3991869381244215 -10.461621679246688 34
      vertex 4.474103073833803 -10.049000034068609 35
      vertex 3.3991869381244215 -10.461621679246688 35
    endloop
  endfacet
  facet normal 0.35836794954530027 -0.9335804264972019 0
    outer loop
      vertex 3.3991869381244215 -10.461621679246688 34
      vertex 4.474103073833803 -10.049000034068609 34
      vertex 4.474103073833803 -10.049000034068609 35
    endloop
  endfacet
  facet normal 0.45399049973954636 -0.891006524188368 0
    outer loop
      vertex 4.474103073833803 -10.049000034068609 34
      vertex 5.5 -9.526279441628825 34
      vertex 5.5 -9.526279441628825 35
    endloop
  endfacet
  facet normal 0.45399049973954636 -0.891006524188368 0
    outer loop
      vertex 4.474103073833803 -10.049000034068609 34
      vertex 5.5 -9.526279441628825 35
      vertex 4.474103073833803 -10.049000034068609 35
    endloop
  endfacet
  facet normal 0.5446390350150262 -0.8386705679454246 0
    outer loop
      vertex 5.5 -9.526279441628825 34
      vertex 6.465637775217204 -8.899186938124423 34
      vertex 5.5 -9.526279441628825 35
    endloop
  endfacet
  facet normal 0.5446390350150262 -0.8386705679454246 0
    outer loop
      vertex 5.5 -9.526279441628825 35
      vertex 6.465637775217204 -8.899186938124423 34
      vertex 6.465637775217204 -8.899186938124423 35
    endloop
  endfacet
  facet normal 0.8284279069578646 -0.5379873731951571 0.15581010639873885
    outer loop
      vertex 14.895185019832045 -3.0249436154563862 15
      vertex 9.526279441628825 -5.5 35
      vertex 8.899186938124423 -6.465637775217204 35
    endloop
  endfacet
  facet normal 0.8760110672814759 -0.4463499328186881 0.1826919469301321
    outer loop
      vertex 15.188569760939428 -2.573170731707317 15
      vertex 10.049000034068609 -4.474103073833803 35
      vertex 9.526279441628825 -5.5 35
    endloop
  endfacet
  facet normal 0.9138966137045686 -0.35081204174183866 0.20426426713511303
    outer loop
      vertex 15.433124184453384 -2.0932056509510697 15
      vertex 10.461621679246688 -3.3991869381244215 35
      vertex 10.049000034068609 -4.474103073833803 35
    endloop
  endfacet
  facet normal 0.9421604398595537 -0.2524511290009205 0.22045891460726408
    outer loop
      vertex 15.626168900933596 -1.5903069710515587 15
      vertex 10.759623608071863 -2.2870285989953527 35
      vertex 10.461621679246688 -3.3991869381244215 35
    endloop
  endfacet
  facet normal 0.9609154486191194 -0.15219405552873883 0.23125412443204488
    outer loop
      vertex 15.765588872069097 -1.0699845551840785 15
      vertex 10.939740849051006 -1.1498130959441881 35
      vertex 10.759623608071863 -2.2870285989953527 35
    endloop
  endfacet
  facet normal 0.9702635166333223 -0.050849356226107166 0.23664963820324939
    outer loop
      vertex 15.849856583480626 -0.5379391646213386 15
      vertex 11 0 35
      vertex 10.939740849051006 -1.1498130959441881 35
    endloop
  endfacet
  facet normal 0.7044372278524879 0.7044372278524823 0.0868123495305346
    outer loop
      vertex 14.499758929693884 3.5 15
      vertex 8.174593080251336 7.360436669947441 35
      vertex 14.556184345749516 3.443574583944368 15
    endloop
  endfacet
  facet normal 0.7044372278524859 0.7044372278524845 0.08681234953053354
    outer loop
      vertex 14.266092997226822 3.766509636331165 14.733490363668835
      vertex 8.174593080251336 7.360436669947441 35
      vertex 14.499758929693884 3.5 15
    endloop
  endfacet
  facet normal 0 0.9597374070082706 -0.28089875327071334
    outer loop
      vertex -11 5 13.5
      vertex 0 11 34
      vertex 11 5 13.5
    endloop
  endfacet
  facet normal 0.2558264217354379 0.9547572038351873 -0.1516295606630073
    outer loop
      vertex 12.459679660260814 4.808568947343985 13.691431052656014
      vertex 11.999147915045501 4.915056291783111 13.584943708216889
      vertex 3.3991869381244215 10.461621679246688 34
    endloop
  endfacet
  facet normal 0.05059978014083592 0.9655013212362906 -0.25543465101797797
    outer loop
      vertex 11 5 13.5
      vertex 0 11 34
      vertex 11.511907597301807 4.9787847909599465 13.521215209040053
    endloop
  endfacet
  facet normal 0.1531460324827649 0.9669259945545358 -0.20396179492618208
    outer loop
      vertex 11.511907597301807 4.9787847909599465 13.521215209040053
      vertex 2.2870285989953527 10.759623608071863 34
      vertex 11.999147915045501 4.915056291783111 13.584943708216889
    endloop
  endfacet
  facet normal 0.5446390346526422 0.8386705673874021 -0.00003647918837349172
    outer loop
      vertex 13.291448005115079 4.465585513107391 14.03441448689261
      vertex 5.5 9.526279441628825 34
      vertex 13.65745876975114 4.2279056815884735 14.272094318411527
    endloop
  endfacet
  facet normal 0.35658990295870124 0.9289484567779412 -0.0994907320195476
    outer loop
      vertex 12.459679660260814 4.808568947343985 13.691431052656014
      vertex 3.3991869381244215 10.461621679246688 34
      vertex 12.891270141326112 4.658923922691702 13.841076077308298
    endloop
  endfacet
  facet normal 0.4534535962507682 0.8899527917608481 -0.04861958951202516
    outer loop
      vertex 12.891270141326112 4.658923922691702 13.841076077308298
      vertex 5.5 9.526279441628825 34
      vertex 13.291448005115079 4.465585513107391 14.03441448689261
    endloop
  endfacet
  facet normal 0.5447094126359645 0.8386248599855495 -2.5892208087121443e-16
    outer loop
      vertex 13.938926261462367 4.045084971874737 14.5
      vertex 13.65745876975114 4.2279056815884735 14.272094318411527
      vertex 6.465637775217204 8.899186938124423 34
    endloop
  endfacet
  facet normal 0.6286727614859648 0.7763462055500457 0.045355574008685506
    outer loop
      vertex 13.99460156503294 4.000000000000001 14.5
      vertex 13.938926261462367 4.045084971874737 14.5
      vertex 6.465637775217204 8.899186938124423 35
    endloop
  endfacet
  facet normal 0.6286727614859597 0.7763462055500501 0.04535557400868255
    outer loop
      vertex 13.99460156503294 4.000000000000001 14.5
      vertex 6.465637775217204 8.899186938124423 35
      vertex 14.266092997226822 3.766509636331165 14.733490363668835
    endloop
  endfacet
  facet normal 0.9702635166333224 0.05084935622610754 0.23664963820324944
    outer loop
      vertex 15.878048780487806 0 15
      vertex 15.849856583480626 0.5379391646213386 15
      vertex 11 0 35
    endloop
  endfacet
  facet normal 0.9609154486191193 0.1521940555287407 0.2312541244320447
    outer loop
      vertex 15.849856583480626 0.5379391646213386 15
      vertex 15.765588872069097 1.0699845551840785 15
      vertex 10.759623608071863 2.2870285989953527 35
    endloop
  endfacet
  facet normal 0.9421604398595546 0.25245112900091715 0.2204589146072644
    outer loop
      vertex 15.765588872069097 1.0699845551840785 15
      vertex 15.626168900933596 1.5903069710515587 15
      vertex 10.759623608071863 2.2870285989953527 35
    endloop
  endfacet
  facet normal 0.9138966137045674 0.35081204174184233 0.20426426713511223
    outer loop
      vertex 15.433124184453384 2.0932056509510693 15
      vertex 10.049000034068609 4.474103073833803 35
      vertex 15.626168900933596 1.5903069710515587 15
    endloop
  endfacet
  facet normal 0.5447094126359643 0.8386248599855497 0
    outer loop
      vertex 13.938926261462367 4.045084971874737 14.454915028125264
      vertex 13.65745876975114 4.2279056815884735 14.272094318411527
      vertex 13.938926261462367 4.045084971874737 14.5
    endloop
  endfacet
  facet normal 0.6293203910498427 0.7771459614569666 0
    outer loop
      vertex 13.99460156503294 4.000000000000001 14.5
      vertex 13.938926261462367 4.045084971874737 14.454915028125264
      vertex 13.938926261462367 4.045084971874737 14.5
    endloop
  endfacet
  facet normal 0.8760110672814769 0.4463499328186859 0.18269194693013255
    outer loop
      vertex 15.433124184453384 2.0932056509510693 15
      vertex 15.188569760939428 2.573170731707317 15
      vertex 10.049000034068609 4.474103073833803 35
    endloop
  endfacet
  facet normal 0.8284279069578632 0.5379873731951597 0.1558101063987379
    outer loop
      vertex 15.188569760939428 2.573170731707317 15
      vertex 14.895185019832045 3.0249436154563862 15
      vertex 8.899186938124423 6.465637775217204 35
    endloop
  endfacet
  facet normal 0.7711709751194183 0.6244819425151276 0.12376441574983692
    outer loop
      vertex 14.895185019832045 3.0249436154563862 15
      vertex 14.556184345749516 3.443574583944368 15
      vertex 8.899186938124423 6.465637775217204 35
    endloop
  endfacet
  facet normal 0.9421604398595537 0.2524511290009205 0.22045891460726408
    outer loop
      vertex 15.626168900933596 1.5903069710515587 15
      vertex 10.461621679246688 3.3991869381244215 35
      vertex 10.759623608071863 2.2870285989953527 35
    endloop
  endfacet
  facet normal 0.9138966137045688 0.35081204174183805 0.2042642671351132
    outer loop
      vertex 15.626168900933596 1.5903069710515587 15
      vertex 10.049000034068609 4.474103073833803 35
      vertex 10.461621679246688 3.3991869381244215 35
    endloop
  endfacet
  facet normal 0.8760110672814759 0.4463499328186881 0.1826919469301321
    outer loop
      vertex 15.188569760939428 2.573170731707317 15
      vertex 9.526279441628825 5.5 35
      vertex 10.049000034068609 4.474103073833803 35
    endloop
  endfacet
  facet normal 0.8284279069578648 0.537987373195157 0.1558101063987389
    outer loop
      vertex 15.188569760939428 2.573170731707317 15
      vertex 8.899186938124423 6.465637775217204 35
      vertex 9.526279441628825 5.5 35
    endloop
  endfacet
  facet normal 0.05059978014083642 0.9655013212362906 -0.2554346510179777
    outer loop
      vertex 11.511907597301807 4.9787847909599465 13.521215209040053
      vertex 0 11 34
      vertex 1.1498130959441881 10.939740849051006 34
    endloop
  endfacet
  facet normal 0.15314603248276498 0.9669259945545357 -0.20396179492618216
    outer loop
      vertex 11.511907597301807 4.9787847909599465 13.521215209040053
      vertex 1.1498130959441881 10.939740849051006 34
      vertex 2.2870285989953527 10.759623608071863 34
    endloop
  endfacet
  facet normal 0.25582642173543646 0.9547572038351876 -0.1516295606630079
    outer loop
      vertex 11.999147915045501 4.915056291783111 13.584943708216889
      vertex 2.2870285989953527 10.759623608071863 34
      vertex 3.3991869381244215 10.461621679246688 34
    endloop
  endfacet
  facet normal 0.453453596250768 0.8899527917608482 -0.04861958951202526
    outer loop
      vertex 12.891270141326112 4.658923922691702 13.841076077308298
      vertex 4.474103073833803 10.049000034068609 34
      vertex 5.5 9.526279441628825 34
    endloop
  endfacet
  facet normal 0.5446390346526416 0.8386705673874023 -0.00003647918837357292
    outer loop
      vertex 13.65745876975114 4.2279056815884735 14.272094318411527
      vertex 5.5 9.526279441628825 34
      vertex 6.465637775217204 8.899186938124423 34
    endloop
  endfacet
  facet normal 0.5447094126359648 0.8386248599855495 0
    outer loop
      vertex 13.938926261462367 4.045084971874737 14.5
      vertex 6.465637775217204 8.899186938124423 34
      vertex 6.465637775217204 8.899186938124423 35
    endloop
  endfacet
  facet normal 0.6286727614859602 0.7763462055500495 0.04535557400868322
    outer loop
      vertex 14.266092997226822 3.766509636331165 14.733490363668835
      vertex 6.465637775217204 8.899186938124423 35
      vertex 7.360436669947441 8.174593080251336 35
    endloop
  endfacet
  facet normal 0.7711709751194169 0.6244819425151295 0.12376441574983633
    outer loop
      vertex 14.556184345749516 3.443574583944368 15
      vertex 8.174593080251336 7.360436669947441 35
      vertex 8.899186938124423 6.465637775217204 35
    endloop
  endfacet
  facet normal 0.7044372278524853 0.7044372278524853 0.08681234953053334
    outer loop
      vertex 14.266092997226822 3.766509636331165 14.733490363668835
      vertex 7.360436669947441 8.174593080251336 35
      vertex 8.174593080251336 7.360436669947441 35
    endloop
  endfacet
  facet normal 0.3565899029587026 0.9289484567779408 -0.09949073201954658
    outer loop
      vertex 12.891270141326112 4.658923922691702 13.841076077308298
      vertex 3.3991869381244215 10.461621679246688 34
      vertex 4.474103073833803 10.049000034068609 34
    endloop
  endfacet
  facet normal 0.05233595624294448 0.9986295347545739 0
    outer loop
      vertex 0 11 34
      vertex 1.1498130959441881 10.939740849051006 35
      vertex 1.1498130959441881 10.939740849051006 34
    endloop
  endfacet
  facet normal 0.05233595624294448 0.9986295347545739 0
    outer loop
      vertex 0 11 34
      vertex 0 11 35
      vertex 1.1498130959441881 10.939740849051006 35
    endloop
  endfacet
  facet normal 0.15643446504022976 0.9876883405951379 0
    outer loop
      vertex 1.1498130959441881 10.939740849051006 34
      vertex 1.1498130959441881 10.939740849051006 35
      vertex 2.2870285989953527 10.759623608071863 35
    endloop
  endfacet
  facet normal 0.15643446504022976 0.9876883405951379 0
    outer loop
      vertex 1.1498130959441881 10.939740849051006 34
      vertex 2.2870285989953527 10.759623608071863 35
      vertex 2.2870285989953527 10.759623608071863 34
    endloop
  endfacet
  facet normal 0.25881904510252207 0.9659258262890681 0
    outer loop
      vertex 2.2870285989953527 10.759623608071863 35
      vertex 3.3991869381244215 10.461621679246688 35
      vertex 3.3991869381244215 10.461621679246688 34
    endloop
  endfacet
  facet normal 0.25881904510252207 0.9659258262890681 0
    outer loop
      vertex 2.2870285989953527 10.759623608071863 34
      vertex 2.2870285989953527 10.759623608071863 35
      vertex 3.3991869381244215 10.461621679246688 34
    endloop
  endfacet
  facet normal 0.5446390350150262 0.8386705679454246 0
    outer loop
      vertex 5.5 9.526279441628825 35
      vertex 6.465637775217204 8.899186938124423 35
      vertex 6.465637775217204 8.899186938124423 34
    endloop
  endfacet
  facet normal 0.5446390350150262 0.8386705679454246 0
    outer loop
      vertex 5.5 9.526279441628825 34
      vertex 5.5 9.526279441628825 35
      vertex 6.465637775217204 8.899186938124423 34
    endloop
  endfacet
  facet normal 0.35836794954530027 0.9335804264972019 0
    outer loop
      vertex 4.474103073833803 10.049000034068609 34
      vertex 3.3991869381244215 10.461621679246688 34
      vertex 4.474103073833803 10.049000034068609 35
    endloop
  endfacet
  facet normal 0.35836794954530027 0.9335804264972019 0
    outer loop
      vertex 4.474103073833803 10.049000034068609 35
      vertex 3.3991869381244215 10.461621679246688 34
      vertex 3.3991869381244215 10.461621679246688 35
    endloop
  endfacet
  facet normal 0.45399049973954636 0.891006524188368 0
    outer loop
      vertex 5.5 9.526279441628825 34
      vertex 4.474103073833803 10.049000034068609 34
      vertex 5.5 9.526279441628825 35
    endloop
  endfacet
  facet normal 0.45399049973954636 0.891006524188368 0
    outer loop
      vertex 5.5 9.526279441628825 35
      vertex 4.474103073833803 10.049000034068609 34
      vertex 4.474103073833803 10.049000034068609 35
    endloop
  endfacet
  facet normal 0.9702635166333223 0.050849356226107166 0.23664963820324939
    outer loop
      vertex 15.849856583480626 0.5379391646213386 15
      vertex 10.939740849051006 1.1498130959441881 35
      vertex 11 0 35
    endloop
  endfacet
  facet normal 0.9609154486191194 0.15219405552873883 0.23125412443204488
    outer loop
      vertex 15.849856583480626 0.5379391646213386 15
      vertex 10.759623608071863 2.2870285989953527 35
      vertex 10.939740849051006 1.1498130959441881 35
    endloop
  endfacet
  facet normal 0 1 0
    outer loop
      vertex -4.676537180435969 -8.1 35
      vertex -4.676537180435969 -8.1 44.25
      vertex 4.676537180435969 -8.1 44.25
    endloop
  endfacet
  facet normal 0.8660254037844386 0.5 0
    outer loop
      vertex -4.676537180435969 -8.1 44.25
      vertex -9.353074360871938 0 35
      vertex -9.353074360871938 0 44.25
    endloop
  endfacet
  facet normal 0.8660254037844386 0.5 0
    outer loop
      vertex -4.676537180435969 -8.1 35
      vertex -9.353074360871938 0 35
      vertex -4.676537180435969 -8.1 44.25
    endloop
  endfacet
  facet normal 0.8660254037844386 -0.5 0
    outer loop
      vertex -9.353074360871938 0 35
      vertex -4.676537180435969 8.1 35
      vertex -9.353074360871938 0 44.25
    endloop
  endfacet
  facet normal 0 0 1
    outer loop
      vertex -4.676537180435969 -8.1 35
      vertex -4.676537180435969 8.1 35
      vertex -9.353074360871938 0 35
    endloop
  endfacet
  facet normal 0 0 1
    outer loop
      vertex -4.676537180435969 -8.1 35
      vertex 4.676537180435969 8.1 35
      vertex -4.676537180435969 8.1 35
    endloop
  endfacet
  facet normal 0.8660254037844386 -0.5 0
    outer loop
      vertex -9.353074360871938 0 44.25
      vertex -4.676537180435969 8.1 35
      vertex -4.676537180435969 8.1 44.25
    endloop
  endfacet
  facet normal 0 -1 0
    outer loop
      vertex -4.676537180435969 8.1 35
      vertex 4.676537180435969 8.1 35
      vertex -4.676537180435969 8.1 44.25
    endloop
  endfacet
  facet normal 0 1 0
    outer loop
      vertex -4.676537180435969 -8.1 35
      vertex 4.676537180435969 -8.1 44.25
      vertex 4.676537180435969 -8.1 35
    endloop
  endfacet
  facet normal -0.8660254037844386 0.5 0
    outer loop
      vertex 4.676537180435969 -8.1 35
      vertex 4.676537180435969 -8.1 44.25
      vertex 9.353074360871938 0 44.25
    endloop
  endfacet
  facet normal 0 0 1
    outer loop
      vertex -4.676537180435969 -8.1 35
      vertex 4.676537180435969 -8.1 35
      vertex 4.676537180435969 8.1 35
    endloop
  endfacet
  facet normal -0.8660254037844386 0.5 0
    outer loop
      vertex 4.676537180435969 -8.1 35
      vertex 9.353074360871938 0 44.25
      vertex 9.353074360871938 0 35
    endloop
  endfacet
  facet normal 0 0 1
    outer loop
      vertex 4.676537180435969 -8.1 35
      vertex 9.353074360871938 0 35
      vertex 4.676537180435969 8.1 35
    endloop
  endfacet
  facet normal -0.8660254037844386 -0.5 0
    outer loop
      vertex 4.676537180435969 8.1 35
      vertex 9.353074360871938 0 35
      vertex 4.676537180435969 8.1 44.25
    endloop
  endfacet
  facet normal -0.8660254037844386 -0.5 0
    outer loop
      vertex 4.676537180435969 8.1 44.25
      vertex 9.353074360871938 0 35
      vertex 9.353074360871938 0 44.25
    endloop
  endfacet
  facet normal 0 -1 0
    outer loop
      vertex -4.676537180435969 8.1 44.25
      vertex 4.676537180435969 8.1 35
      vertex 4.676537180435969 8.1 44.25
    endloop
  endfacet
  facet normal 0.5161914983088431 0.5161914983088431 0.6834417854853061
    outer loop
      vertex -6.25842831840973 -6.950688813587267 44.25
      vertex -7.473212519001062 -6.7289107760058045 45
      vertex -6.7289107760058045 -7.473212519001062 45
    endloop
  endfacet
  facet normal 0.5673204513411502 0.45940704320104886 0.683441785485306
    outer loop
      vertex -6.950688813587267 -6.25842831840973 44.25
      vertex -8.135636181767886 -5.91088567843352 45
      vertex -7.473212519001062 -6.7289107760058045 45
    endloop
  endfacet
  facet normal 0 0 1
    outer loop
      vertex -7.566796107597998 -5.497599172915374 44.25
      vertex -6.950688813587267 -6.25842831840973 44.25
      vertex -4.676537180435969 -8.1 44.25
    endloop
  endfacet
  facet normal 0.5161914983088431 0.5161914983088431 0.6834417854853061
    outer loop
      vertex -6.25842831840973 -6.950688813587267 44.25
      vertex -6.950688813587267 -6.25842831840973 44.25
      vertex -7.473212519001062 -6.7289107760058045 45
    endloop
  endfacet
  facet normal 0.5673204513411503 0.4594070432010485 0.6834417854853063
    outer loop
      vertex -7.566796107597998 -5.497599172915374 44.25
      vertex -8.135636181767886 -5.91088567843352 45
      vertex -6.950688813587267 -6.25842831840973 44.25
    endloop
  endfacet
  facet normal 0 0 1
    outer loop
      vertex -4.676537180435969 -8.1 44.25
      vertex -8.544458597368031 -3.8042380679793877 44.25
      vertex -8.1 -4.676537180435969 44.25
    endloop
  endfacet
  facet normal 0 0 1
    outer loop
      vertex -7.566796107597998 -5.497599172915374 44.25
      vertex -4.676537180435969 -8.1 44.25
      vertex -8.1 -4.676537180435969 44.25
    endloop
  endfacet
  facet normal 0.3975892283908381 0.6122337227891278 0.683441785485306
    outer loop
      vertex -4.676537180435969 -8.1 44.25
      vertex -5.91088567843352 -8.135636181767886 45
      vertex -5.02809968043597 -8.708924112035936 45
    endloop
  endfacet
  facet normal 0.261610401347365 0.6815183957601783 0.6834417854853064
    outer loop
      vertex -2.8902589271620283 -8.895302318300384 44.25
      vertex -4.09022477014206 -9.186795247272988 45
      vertex -3.1075365013319143 -9.564013931320417 45
    endloop
  endfacet
  facet normal 0.331415342793485 0.6504392334520832 0.6834417854853062
    outer loop
      vertex -3.8042380679793877 -8.544458597368031 44.25
      vertex -5.02809968043597 -8.708924112035936 45
      vertex -4.09022477014206 -9.186795247272988 45
    endloop
  endfacet
  facet normal 0.3314153427934849 0.6504392334520832 0.683441785485306
    outer loop
      vertex -4.676537180435969 -8.1 44.25
      vertex -5.02809968043597 -8.708924112035936 45
      vertex -3.8042380679793877 -8.544458597368031 44.25
    endloop
  endfacet
  facet normal 0.26161040134736485 0.6815183957601786 0.6834417854853062
    outer loop
      vertex -2.8902589271620283 -8.895302318300384 44.25
      vertex -3.8042380679793877 -8.544458597368031 44.25
      vertex -4.09022477014206 -9.186795247272988 45
    endloop
  endfacet
  facet normal 0.11419794441902743 0.7210174445484142 0.6834417854853061
    outer loop
      vertex -0.9776624897700338 -9.301837240894761 44.25
      vertex -2.090801412319356 -9.836447277337719 45
      vertex -1.051159065505103 -10.00111044857558 45
    endloop
  endfacet
  facet normal 0.038205510662955904 0.7290045711843242 0.6834417854853057
    outer loop
      vertex 0 -9.353074360871938 44.25
      vertex -1.051159065505103 -10.00111044857558 45
      vertex 0 -10.05619936087194 45
    endloop
  endfacet
  facet normal 0.18893920159858918 0.7051306999074318 0.683441785485306
    outer loop
      vertex -1.9446135047131183 -9.14868724557176 44.25
      vertex -3.1075365013319143 -9.564013931320417 45
      vertex -2.090801412319356 -9.836447277337719 45
    endloop
  endfacet
  facet normal 0.1889392015985897 0.7051306999074313 0.6834417854853064
    outer loop
      vertex -2.8902589271620283 -8.895302318300384 44.25
      vertex -3.1075365013319143 -9.564013931320417 45
      vertex -1.9446135047131183 -9.14868724557176 44.25
    endloop
  endfacet
  facet normal 0.11419794441902725 0.7210174445484144 0.683441785485306
    outer loop
      vertex -1.9446135047131183 -9.14868724557176 44.25
      vertex -2.090801412319356 -9.836447277337719 45
      vertex -0.9776624897700338 -9.301837240894761 44.25
    endloop
  endfacet
  facet normal 0.03820551066295658 0.7290045711843235 0.683441785485306
    outer loop
      vertex -0.9776624897700338 -9.301837240894761 44.25
      vertex -1.051159065505103 -10.00111044857558 45
      vertex 0 -9.353074360871938 44.25
    endloop
  endfacet
  facet normal 0 0 1
    outer loop
      vertex -2.8902589271620283 -8.895302318300384 44.25
      vertex -1.9446135047131183 -9.14868724557176 44.25
      vertex 4.676537180435969 -8.1 44.25
    endloop
  endfacet
  facet normal 0 0 1
    outer loop
      vertex -2.8902589271620283 -8.895302318300384 44.25
      vertex 4.676537180435969 -8.1 44.25
      vertex -3.8042380679793877 -8.544458597368031 44.25
    endloop
  endfacet
  facet normal 0.45940704320104875 0.5673204513411501 0.6834417854853063
    outer loop
      vertex -5.497599172915374 -7.566796107597998 44.25
      vertex -6.7289107760058045 -7.473212519001062 45
      vertex -5.91088567843352 -8.135636181767886 45
    endloop
  endfacet
  facet normal 0.39758922839083827 0.6122337227891276 0.6834417854853063
    outer loop
      vertex -4.676537180435969 -8.1 44.25
      vertex -5.497599172915374 -7.566796107597998 44.25
      vertex -5.91088567843352 -8.135636181767886 45
    endloop
  endfacet
  facet normal 0 0 1
    outer loop
      vertex -4.676537180435969 -8.1 44.25
      vertex -6.25842831840973 -6.950688813587267 44.25
      vertex -5.497599172915374 -7.566796107597998 44.25
    endloop
  endfacet
  facet normal 0.45940704320104864 0.5673204513411504 0.683441785485306
    outer loop
      vertex -6.25842831840973 -6.950688813587267 44.25
      vertex -6.7289107760058045 -7.473212519001062 45
      vertex -5.497599172915374 -7.566796107597998 44.25
    endloop
  endfacet
  facet normal 0 0 1
    outer loop
      vertex -4.676537180435969 -8.1 44.25
      vertex -6.950688813587267 -6.25842831840973 44.25
      vertex -6.25842831840973 -6.950688813587267 44.25
    endloop
  endfacet
  facet normal 0 0 1
    outer loop
      vertex -4.676537180435969 -8.1 44.25
      vertex -3.8042380679793877 -8.544458597368031 44.25
      vertex 4.676537180435969 -8.1 44.25
    endloop
  endfacet
  facet normal 0.6122337227891278 0.3975892283908381 0.6834417854853064
    outer loop
      vertex -7.566796107597998 -5.497599172915374 44.25
      vertex -8.708924112035936 -5.02809968043597 45
      vertex -8.135636181767886 -5.91088567843352 45
    endloop
  endfacet
  facet normal 0.6122337227891278 0.39758922839083843 0.6834417854853062
    outer loop
      vertex -7.566796107597998 -5.497599172915374 44.25
      vertex -8.1 -4.676537180435969 44.25
      vertex -8.708924112035936 -5.02809968043597 45
    endloop
  endfacet
  facet normal 0.6504392334520832 0.331415342793485 0.6834417854853061
    outer loop
      vertex -8.1 -4.676537180435969 44.25
      vertex -9.186795247272988 -4.09022477014206 45
      vertex -8.708924112035936 -5.02809968043597 45
    endloop
  endfacet
  facet normal 0.6504392334520832 0.3314153427934849 0.6834417854853062
    outer loop
      vertex -8.544458597368031 -3.8042380679793877 44.25
      vertex -9.186795247272988 -4.09022477014206 45
      vertex -8.1 -4.676537180435969 44.25
    endloop
  endfacet
  facet normal 0 0 1
    outer loop
      vertex -4.676537180435969 -8.1 44.25
      vertex -8.895302318300384 -2.8902589271620283 44.25
      vertex -8.544458597368031 -3.8042380679793877 44.25
    endloop
  endfacet
  facet normal 0 0 1
    outer loop
      vertex -4.676537180435969 -8.1 44.25
      vertex -9.14868724557176 -1.9446135047131183 44.25
      vertex -8.895302318300384 -2.8902589271620283 44.25
    endloop
  endfacet
  facet normal 0.6815183957601794 0.26161040134736274 0.6834417854853062
    outer loop
      vertex -8.544458597368031 -3.8042380679793877 44.25
      vertex -9.564013931320414 -3.1075365013319134 45
      vertex -9.186795247272988 -4.09022477014206 45
    endloop
  endfacet
  facet normal 0.6815183957601799 0.2616104013473654 0.6834417854853044
    outer loop
      vertex -8.544458597368031 -3.8042380679793877 44.25
      vertex -8.895302318300384 -2.8902589271620283 44.25
      vertex -9.564013931320414 -3.1075365013319134 45
    endloop
  endfacet
  facet normal 0 0 1
    outer loop
      vertex -4.676537180435969 -8.1 44.25
      vertex -9.301837240894761 -0.9776624897700338 44.25
      vertex -9.14868724557176 -1.9446135047131183 44.25
    endloop
  endfacet
  facet normal 0 0 1
    outer loop
      vertex -4.676537180435969 -8.1 44.25
      vertex -9.353074360871938 0 44.25
      vertex -9.301837240894761 -0.9776624897700338 44.25
    endloop
  endfacet
  facet normal 0.7051306999074325 0.188939201598592 0.6834417854853045
    outer loop
      vertex -8.895302318300384 -2.8902589271620283 44.25
      vertex -9.836447277337719 -2.090801412319356 45
      vertex -9.564013931320414 -3.1075365013319134 45
    endloop
  endfacet
  facet normal 0.7210174445484145 0.11419794441902623 0.683441785485306
    outer loop
      vertex -9.14868724557176 -1.9446135047131183 44.25
      vertex -10.001110448575579 -1.0511590655051029 45
      vertex -9.836447277337719 -2.090801412319356 45
    endloop
  endfacet
  facet normal 0.7210174445484151 0.11419794441902735 0.6834417854853051
    outer loop
      vertex -9.14868724557176 -1.9446135047131183 44.25
      vertex -9.301837240894761 -0.9776624897700338 44.25
      vertex -10.001110448575579 -1.0511590655051029 45
    endloop
  endfacet
  facet normal 0.7290045711843245 0.03820551066295716 0.6834417854853052
    outer loop
      vertex -9.301837240894761 -0.9776624897700338 44.25
      vertex -10.05619936087194 0 45
      vertex -10.001110448575579 -1.0511590655051029 45
    endloop
  endfacet
  facet normal 0.7290045711843239 0.0382055106629566 0.6834417854853055
    outer loop
      vertex -9.301837240894761 -0.9776624897700338 44.25
      vertex -9.353074360871938 0 44.25
      vertex -10.05619936087194 0 45
    endloop
  endfacet
  facet normal 0.7051306999074317 0.18893920159858982 0.683441785485306
    outer loop
      vertex -8.895302318300384 -2.8902589271620283 44.25
      vertex -9.14868724557176 -1.9446135047131183 44.25
      vertex -9.836447277337719 -2.090801412319356 45
    endloop
  endfacet
  facet normal 0.729004571184324 -0.03820551066295714 0.6834417854853054
    outer loop
      vertex -9.353074360871938 0 44.25
      vertex -10.001110448575579 1.0511590655051029 45
      vertex -10.05619936087194 0 45
    endloop
  endfacet
  facet normal 0.7290045711843245 -0.038205510662956625 0.6834417854853052
    outer loop
      vertex -9.353074360871938 0 44.25
      vertex -9.301837240894761 0.9776624897700338 44.25
      vertex -10.001110448575579 1.0511590655051029 45
    endloop
  endfacet
  facet normal 0.7210174445484152 -0.11419794441902635 0.6834417854853052
    outer loop
      vertex -9.301837240894761 0.9776624897700338 44.25
      vertex -9.836447277337719 2.090801412319356 45
      vertex -10.001110448575579 1.0511590655051029 45
    endloop
  endfacet
  facet normal 0.7210174445484144 -0.11419794441902725 0.683441785485306
    outer loop
      vertex -9.301837240894761 0.9776624897700338 44.25
      vertex -9.14868724557176 1.9446135047131183 44.25
      vertex -9.836447277337719 2.090801412319356 45
    endloop
  endfacet
  facet normal 0.7051306999074312 -0.18893920159859173 0.6834417854853059
    outer loop
      vertex -9.14868724557176 1.9446135047131183 44.25
      vertex -9.564013931320414 3.107536501331913 45
      vertex -9.836447277337719 2.090801412319356 45
    endloop
  endfacet
  facet normal 0 0 1
    outer loop
      vertex -9.353074360871938 0 44.25
      vertex -9.14868724557176 1.9446135047131183 44.25
      vertex -9.301837240894761 0.9776624897700338 44.25
    endloop
  endfacet
  facet normal 0 0 1
    outer loop
      vertex -9.353074360871938 0 44.25
      vertex -8.895302318300384 2.8902589271620283 44.25
      vertex -9.14868724557176 1.9446135047131183 44.25
    endloop
  endfacet
  facet normal 0 0 1
    outer loop
      vertex -9.353074360871938 0 44.25
      vertex -8.544458597368031 3.8042380679793877 44.25
      vertex -8.895302318300384 2.8902589271620283 44.25
    endloop
  endfacet
  facet normal 0.7051306999074329 -0.18893920159859015 0.6834417854853044
    outer loop
      vertex -9.14868724557176 1.9446135047131183 44.25
      vertex -8.895302318300384 2.8902589271620283 44.25
      vertex -9.564013931320414 3.107536501331913 45
    endloop
  endfacet
  facet normal 0 0 1
    outer loop
      vertex -9.353074360871938 0 44.25
      vertex -8.1 4.676537180435969 44.25
      vertex -8.544458597368031 3.8042380679793877 44.25
    endloop
  endfacet
  facet normal 0.6815183957601809 -0.2616104013473632 0.6834417854853044
    outer loop
      vertex -8.895302318300384 2.8902589271620283 44.25
      vertex -9.186795247272988 4.09022477014206 45
      vertex -9.564013931320414 3.107536501331913 45
    endloop
  endfacet
  facet normal 0 0 1
    outer loop
      vertex -9.353074360871938 0 44.25
      vertex -7.566796107597998 5.497599172915374 44.25
      vertex -8.1 4.676537180435969 44.25
    endloop
  endfacet
  facet normal 0.6815183957601786 -0.26161040134736485 0.6834417854853062
    outer loop
      vertex -8.895302318300384 2.8902589271620283 44.25
      vertex -8.544458597368031 3.8042380679793877 44.25
      vertex -9.186795247272988 4.09022477014206 45
    endloop
  endfacet
  facet normal 0 0 1
    outer loop
      vertex -9.353074360871938 0 44.25
      vertex -6.950688813587267 6.25842831840973 44.25
      vertex -7.566796107597998 5.497599172915374 44.25
    endloop
  endfacet
  facet normal 0.6504392334520832 -0.331415342793485 0.6834417854853062
    outer loop
      vertex -8.544458597368031 3.8042380679793877 44.25
      vertex -8.708924112035936 5.02809968043597 45
      vertex -9.186795247272988 4.09022477014206 45
    endloop
  endfacet
  facet normal 0.6504392334520832 -0.3314153427934849 0.683441785485306
    outer loop
      vertex -8.544458597368031 3.8042380679793877 44.25
      vertex -8.1 4.676537180435969 44.25
      vertex -8.708924112035936 5.02809968043597 45
    endloop
  endfacet
  facet normal 0.6122337227891278 -0.3975892283908381 0.683441785485306
    outer loop
      vertex -8.1 4.676537180435969 44.25
      vertex -8.135636181767886 5.91088567843352 45
      vertex -8.708924112035936 5.02809968043597 45
    endloop
  endfacet
  facet normal 0.6122337227891276 -0.39758922839083827 0.6834417854853063
    outer loop
      vertex -8.1 4.676537180435969 44.25
      vertex -7.566796107597998 5.497599172915374 44.25
      vertex -8.135636181767886 5.91088567843352 45
    endloop
  endfacet
  facet normal 0 0 1
    outer loop
      vertex -9.353074360871938 0 44.25
      vertex -6.25842831840973 6.950688813587267 44.25
      vertex -6.950688813587267 6.25842831840973 44.25
    endloop
  endfacet
  facet normal 0 0 1
    outer loop
      vertex -9.353074360871938 0 44.25
      vertex -5.497599172915374 7.566796107597998 44.25
      vertex -6.25842831840973 6.950688813587267 44.25
    endloop
  endfacet
  facet normal 0 0 1
    outer loop
      vertex -9.353074360871938 0 44.25
      vertex -4.676537180435969 8.1 44.25
      vertex -5.497599172915374 7.566796107597998 44.25
    endloop
  endfacet
  facet normal 0.5673204513411501 -0.45940704320104875 0.6834417854853063
    outer loop
      vertex -7.566796107597998 5.497599172915374 44.25
      vertex -7.473212519001062 6.7289107760058045 45
      vertex -8.135636181767886 5.91088567843352 45
    endloop
  endfacet
  facet normal 0.5673204513411504 -0.45940704320104864 0.683441785485306
    outer loop
      vertex -7.566796107597998 5.497599172915374 44.25
      vertex -6.950688813587267 6.25842831840973 44.25
      vertex -7.473212519001062 6.7289107760058045 45
    endloop
  endfacet
  facet normal 0.5161914983088431 -0.5161914983088431 0.6834417854853061
    outer loop
      vertex -6.950688813587267 6.25842831840973 44.25
      vertex -6.7289107760058045 7.473212519001062 45
      vertex -7.473212519001062 6.7289107760058045 45
    endloop
  endfacet
  facet normal 0.5161914983088431 -0.5161914983088431 0.6834417854853061
    outer loop
      vertex -6.950688813587267 6.25842831840973 44.25
      vertex -6.25842831840973 6.950688813587267 44.25
      vertex -6.7289107760058045 7.473212519001062 45
    endloop
  endfacet
  facet normal 0.45940704320104886 -0.5673204513411502 0.683441785485306
    outer loop
      vertex -6.25842831840973 6.950688813587267 44.25
      vertex -5.91088567843352 8.135636181767886 45
      vertex -6.7289107760058045 7.473212519001062 45
    endloop
  endfacet
  facet normal 0.4594070432010485 -0.5673204513411503 0.6834417854853063
    outer loop
      vertex -6.25842831840973 6.950688813587267 44.25
      vertex -5.497599172915374 7.566796107597998 44.25
      vertex -5.91088567843352 8.135636181767886 45
    endloop
  endfacet
  facet normal 0.3975892283908381 -0.6122337227891278 0.6834417854853064
    outer loop
      vertex -5.497599172915374 7.566796107597998 44.25
      vertex -5.02809968043597 8.708924112035936 45
      vertex -5.91088567843352 8.135636181767886 45
    endloop
  endfacet
  facet normal 0.39758922839083843 -0.6122337227891278 0.6834417854853062
    outer loop
      vertex -5.497599172915374 7.566796107597998 44.25
      vertex -4.676537180435969 8.1 44.25
      vertex -5.02809968043597 8.708924112035936 45
    endloop
  endfacet
  facet normal 0.331415342793485 -0.6504392334520832 0.6834417854853061
    outer loop
      vertex -4.676537180435969 8.1 44.25
      vertex -4.09022477014206 9.186795247272988 45
      vertex -5.02809968043597 8.708924112035936 45
    endloop
  endfacet
  facet normal 0.3314153427934849 -0.6504392334520832 0.6834417854853062
    outer loop
      vertex -4.676537180435969 8.1 44.25
      vertex -3.8042380679793877 8.544458597368031 44.25
      vertex -4.09022477014206 9.186795247272988 45
    endloop
  endfacet
  facet normal 0 0 1
    outer loop
      vertex -4.676537180435969 8.1 44.25
      vertex -2.8902589271620283 8.895302318300384 44.25
      vertex -3.8042380679793877 8.544458597368031 44.25
    endloop
  endfacet
  facet normal 0 0 1
    outer loop
      vertex -4.676537180435969 8.1 44.25
      vertex -1.9446135047131183 9.14868724557176 44.25
      vertex -2.8902589271620283 8.895302318300384 44.25
    endloop
  endfacet
  facet normal 0.2616104013473651 -0.6815183957601785 0.6834417854853062
    outer loop
      vertex -3.8042380679793877 8.544458597368031 44.25
      vertex -3.1075365013319143 9.564013931320417 45
      vertex -4.09022477014206 9.186795247272988 45
    endloop
  endfacet
  facet normal 0.26161040134736474 -0.6815183957601783 0.6834417854853063
    outer loop
      vertex -3.8042380679793877 8.544458597368031 44.25
      vertex -2.8902589271620283 8.895302318300384 44.25
      vertex -3.1075365013319143 9.564013931320417 45
    endloop
  endfacet
  facet normal 0 0 1
    outer loop
      vertex -4.676537180435969 8.1 44.25
      vertex -0.9776624897700338 9.301837240894761 44.25
      vertex -1.9446135047131183 9.14868724557176 44.25
    endloop
  endfacet
  facet normal 0 0 1
    outer loop
      vertex -4.676537180435969 8.1 44.25
      vertex 0 9.353074360871938 44.25
      vertex -0.9776624897700338 9.301837240894761 44.25
    endloop
  endfacet
  facet normal 0.18893920159858907 -0.7051306999074314 0.6834417854853063
    outer loop
      vertex -2.8902589271620283 8.895302318300384 44.25
      vertex -2.090801412319356 9.836447277337719 45
      vertex -3.1075365013319143 9.564013931320417 45
    endloop
  endfacet
  facet normal 0.18893920159858982 -0.7051306999074317 0.683441785485306
    outer loop
      vertex -2.8902589271620283 8.895302318300384 44.25
      vertex -1.9446135047131183 9.14868724557176 44.25
      vertex -2.090801412319356 9.836447277337719 45
    endloop
  endfacet
  facet normal 0 0 1
    outer loop
      vertex -4.676537180435969 8.1 44.25
      vertex 0.9776624897700338 9.301837240894761 44.25
      vertex 0 9.353074360871938 44.25
    endloop
  endfacet
  facet normal 0 0 1
    outer loop
      vertex -4.676537180435969 8.1 44.25
      vertex 1.9446135047131183 9.14868724557176 44.25
      vertex 0.9776624897700338 9.301837240894761 44.25
    endloop
  endfacet
  facet normal 0.11419794441902723 -0.7210174445484142 0.6834417854853061
    outer loop
      vertex -1.9446135047131183 9.14868724557176 44.25
      vertex -0.9776624897700338 9.301837240894761 44.25
      vertex -1.051159065505103 10.00111044857558 45
    endloop
  endfacet
  facet normal 0.0382055106629566 -0.7290045711843239 0.6834417854853055
    outer loop
      vertex -0.9776624897700338 9.301837240894761 44.25
      vertex 0 9.353074360871938 44.25
      vertex 0 10.05619936087194 45
    endloop
  endfacet
  facet normal 0.11419794441902743 -0.7210174445484143 0.6834417854853059
    outer loop
      vertex -1.9446135047131183 9.14868724557176 44.25
      vertex -1.051159065505103 10.00111044857558 45
      vertex -2.090801412319356 9.836447277337719 45
    endloop
  endfacet
  facet normal 0.03820551066295588 -0.7290045711843236 0.6834417854853061
    outer loop
      vertex -0.9776624897700338 9.301837240894761 44.25
      vertex 0 10.05619936087194 45
      vertex -1.051159065505103 10.00111044857558 45
    endloop
  endfacet
  facet normal -0.03820551066295588 0.7290045711843236 0.6834417854853061
    outer loop
      vertex 0.9776624897700338 -9.301837240894761 44.25
      vertex 0 -10.05619936087194 45
      vertex 1.051159065505103 -10.00111044857558 45
    endloop
  endfacet
  facet normal -0.11419794441902743 0.7210174445484143 0.6834417854853059
    outer loop
      vertex 1.9446135047131183 -9.14868724557176 44.25
      vertex 1.051159065505103 -10.00111044857558 45
      vertex 2.090801412319356 -9.836447277337719 45
    endloop
  endfacet
  facet normal -0.0382055106629566 0.7290045711843239 0.6834417854853055
    outer loop
      vertex 0 -9.353074360871938 44.25
      vertex 0 -10.05619936087194 45
      vertex 0.9776624897700338 -9.301837240894761 44.25
    endloop
  endfacet
  facet normal -0.11419794441902723 0.7210174445484142 0.6834417854853061
    outer loop
      vertex 0.9776624897700338 -9.301837240894761 44.25
      vertex 1.051159065505103 -10.00111044857558 45
      vertex 1.9446135047131183 -9.14868724557176 44.25
    endloop
  endfacet
  facet normal 0 0 1
    outer loop
      vertex -1.9446135047131183 -9.14868724557176 44.25
      vertex -0.9776624897700338 -9.301837240894761 44.25
      vertex 4.676537180435969 -8.1 44.25
    endloop
  endfacet
  facet normal 0 0 1
    outer loop
      vertex -0.9776624897700338 -9.301837240894761 44.25
      vertex 0 -9.353074360871938 44.25
      vertex 4.676537180435969 -8.1 44.25
    endloop
  endfacet
  facet normal -0.18893920159858982 0.7051306999074317 0.6834417854853059
    outer loop
      vertex 1.9446135047131183 -9.14868724557176 44.25
      vertex 2.090801412319356 -9.836447277337719 45
      vertex 2.8902589271620283 -8.895302318300384 44.25
    endloop
  endfacet
  facet normal -0.18893920159858907 0.7051306999074314 0.6834417854853063
    outer loop
      vertex 2.8902589271620283 -8.895302318300384 44.25
      vertex 2.090801412319356 -9.836447277337719 45
      vertex 3.1075365013319143 -9.564013931320417 45
    endloop
  endfacet
  facet normal 0 0 1
    outer loop
      vertex 0 -9.353074360871938 44.25
      vertex 0.9776624897700338 -9.301837240894761 44.25
      vertex 4.676537180435969 -8.1 44.25
    endloop
  endfacet
  facet normal 0 0 1
    outer loop
      vertex 0.9776624897700338 -9.301837240894761 44.25
      vertex 1.9446135047131183 -9.14868724557176 44.25
      vertex 4.676537180435969 -8.1 44.25
    endloop
  endfacet
  facet normal -0.26161040134736474 0.6815183957601783 0.6834417854853063
    outer loop
      vertex 2.8902589271620283 -8.895302318300384 44.25
      vertex 3.1075365013319143 -9.564013931320417 45
      vertex 3.8042380679793877 -8.544458597368031 44.25
    endloop
  endfacet
  facet normal -0.2616104013473651 0.6815183957601785 0.6834417854853062
    outer loop
      vertex 3.8042380679793877 -8.544458597368031 44.25
      vertex 3.1075365013319143 -9.564013931320417 45
      vertex 4.09022477014206 -9.186795247272988 45
    endloop
  endfacet
  facet normal 0 0 1
    outer loop
      vertex 1.9446135047131183 -9.14868724557176 44.25
      vertex 2.8902589271620283 -8.895302318300384 44.25
      vertex 4.676537180435969 -8.1 44.25
    endloop
  endfacet
  facet normal 0 0 1
    outer loop
      vertex 2.8902589271620283 -8.895302318300384 44.25
      vertex 3.8042380679793877 -8.544458597368031 44.25
      vertex 4.676537180435969 -8.1 44.25
    endloop
  endfacet
  facet normal -0.3314153427934849 0.6504392334520832 0.6834417854853062
    outer loop
      vertex 3.8042380679793877 -8.544458597368031 44.25
      vertex 4.09022477014206 -9.186795247272988 45
      vertex 4.676537180435969 -8.1 44.25
    endloop
  endfacet
  facet normal -0.331415342793485 0.6504392334520832 0.6834417854853061
    outer loop
      vertex 4.676537180435969 -8.1 44.25
      vertex 4.09022477014206 -9.186795247272988 45
      vertex 5.02809968043597 -8.708924112035936 45
    endloop
  endfacet
  facet normal -0.39758922839083843 0.6122337227891278 0.6834417854853062
    outer loop
      vertex 4.676537180435969 -8.1 44.25
      vertex 5.02809968043597 -8.708924112035936 45
      vertex 5.497599172915374 -7.566796107597998 44.25
    endloop
  endfacet
  facet normal -0.3975892283908381 0.6122337227891278 0.6834417854853064
    outer loop
      vertex 5.497599172915374 -7.566796107597998 44.25
      vertex 5.02809968043597 -8.708924112035936 45
      vertex 5.91088567843352 -8.135636181767886 45
    endloop
  endfacet
  facet normal -0.4594070432010485 0.5673204513411503 0.6834417854853063
    outer loop
      vertex 5.497599172915374 -7.566796107597998 44.25
      vertex 5.91088567843352 -8.135636181767886 45
      vertex 6.25842831840973 -6.950688813587267 44.25
    endloop
  endfacet
  facet normal -0.45940704320104886 0.5673204513411502 0.683441785485306
    outer loop
      vertex 6.25842831840973 -6.950688813587267 44.25
      vertex 5.91088567843352 -8.135636181767886 45
      vertex 6.7289107760058045 -7.473212519001062 45
    endloop
  endfacet
  facet normal -0.516191498308843 0.516191498308843 0.6834417854853061
    outer loop
      vertex 6.25842831840973 -6.950688813587267 44.25
      vertex 6.7289107760058045 -7.473212519001062 45
      vertex 6.950688813587267 -6.25842831840973 44.25
    endloop
  endfacet
  facet normal -0.5161914983088431 0.5161914983088431 0.6834417854853061
    outer loop
      vertex 6.950688813587267 -6.25842831840973 44.25
      vertex 6.7289107760058045 -7.473212519001062 45
      vertex 7.473212519001062 -6.7289107760058045 45
    endloop
  endfacet
  facet normal -0.5673204513411504 0.45940704320104864 0.683441785485306
    outer loop
      vertex 6.950688813587267 -6.25842831840973 44.25
      vertex 7.473212519001062 -6.7289107760058045 45
      vertex 7.566796107597998 -5.497599172915374 44.25
    endloop
  endfacet
  facet normal -0.5673204513411501 0.45940704320104875 0.6834417854853063
    outer loop
      vertex 7.566796107597998 -5.497599172915374 44.25
      vertex 7.473212519001062 -6.7289107760058045 45
      vertex 8.135636181767886 -5.91088567843352 45
    endloop
  endfacet
  facet normal 0 0 1
    outer loop
      vertex 4.676537180435969 -8.1 44.25
      vertex 5.497599172915374 -7.566796107597998 44.25
      vertex 9.353074360871938 0 44.25
    endloop
  endfacet
  facet normal 0 0 1
    outer loop
      vertex 5.497599172915374 -7.566796107597998 44.25
      vertex 6.25842831840973 -6.950688813587267 44.25
      vertex 9.353074360871938 0 44.25
    endloop
  endfacet
  facet normal 0 0 1
    outer loop
      vertex 6.25842831840973 -6.950688813587267 44.25
      vertex 6.950688813587267 -6.25842831840973 44.25
      vertex 9.353074360871938 0 44.25
    endloop
  endfacet
  facet normal -0.6122337227891277 0.3975892283908384 0.6834417854853063
    outer loop
      vertex 7.566796107597998 -5.497599172915374 44.25
      vertex 8.135636181767886 -5.91088567843352 45
      vertex 8.1 -4.676537180435969 44.25
    endloop
  endfacet
  facet normal -0.6122337227891278 0.3975892283908381 0.683441785485306
    outer loop
      vertex 8.1 -4.676537180435969 44.25
      vertex 8.135636181767886 -5.91088567843352 45
      vertex 8.708924112035936 -5.02809968043597 45
    endloop
  endfacet
  facet normal -0.6504392334520832 0.3314153427934849 0.683441785485306
    outer loop
      vertex 8.1 -4.676537180435969 44.25
      vertex 8.708924112035936 -5.02809968043597 45
      vertex 8.544458597368031 -3.8042380679793877 44.25
    endloop
  endfacet
  facet normal -0.6504392334520832 0.331415342793485 0.6834417854853062
    outer loop
      vertex 8.544458597368031 -3.8042380679793877 44.25
      vertex 8.708924112035936 -5.02809968043597 45
      vertex 9.186795247272988 -4.09022477014206 45
    endloop
  endfacet
  facet normal 0 0 1
    outer loop
      vertex 6.950688813587267 -6.25842831840973 44.25
      vertex 7.566796107597998 -5.497599172915374 44.25
      vertex 9.353074360871938 0 44.25
    endloop
  endfacet
  facet normal -0.6815183957601786 0.26161040134736485 0.6834417854853062
    outer loop
      vertex 8.544458597368031 -3.8042380679793877 44.25
      vertex 9.186795247272988 -4.09022477014206 45
      vertex 8.895302318300384 -2.8902589271620283 44.25
    endloop
  endfacet
  facet normal 0 0 1
    outer loop
      vertex 7.566796107597998 -5.497599172915374 44.25
      vertex 8.1 -4.676537180435969 44.25
      vertex 9.353074360871938 0 44.25
    endloop
  endfacet
  facet normal -0.6815183957601809 0.2616104013473632 0.6834417854853044
    outer loop
      vertex 8.895302318300384 -2.8902589271620283 44.25
      vertex 9.186795247272988 -4.09022477014206 45
      vertex 9.564013931320414 -3.107536501331913 45
    endloop
  endfacet
  facet normal 0 0 1
    outer loop
      vertex 8.1 -4.676537180435969 44.25
      vertex 8.544458597368031 -3.8042380679793877 44.25
      vertex 9.353074360871938 0 44.25
    endloop
  endfacet
  facet normal -0.7051306999074329 0.18893920159859015 0.6834417854853044
    outer loop
      vertex 8.895302318300384 -2.8902589271620283 44.25
      vertex 9.564013931320414 -3.107536501331913 45
      vertex 9.14868724557176 -1.9446135047131183 44.25
    endloop
  endfacet
  facet normal 0 0 1
    outer loop
      vertex 8.544458597368031 -3.8042380679793877 44.25
      vertex 8.895302318300384 -2.8902589271620283 44.25
      vertex 9.353074360871938 0 44.25
    endloop
  endfacet
  facet normal 0 0 1
    outer loop
      vertex 8.895302318300384 -2.8902589271620283 44.25
      vertex 9.14868724557176 -1.9446135047131183 44.25
      vertex 9.353074360871938 0 44.25
    endloop
  endfacet
  facet normal 0 0 1
    outer loop
      vertex 9.14868724557176 -1.9446135047131183 44.25
      vertex 9.301837240894761 -0.9776624897700338 44.25
      vertex 9.353074360871938 0 44.25
    endloop
  endfacet
  facet normal -0.7051306999074312 0.18893920159859173 0.6834417854853059
    outer loop
      vertex 9.14868724557176 -1.9446135047131183 44.25
      vertex 9.564013931320414 -3.107536501331913 45
      vertex 9.836447277337719 -2.090801412319356 45
    endloop
  endfacet
  facet normal -0.7210174445484144 0.11419794441902725 0.683441785485306
    outer loop
      vertex 9.14868724557176 -1.9446135047131183 44.25
      vertex 9.836447277337719 -2.090801412319356 45
      vertex 9.301837240894761 -0.9776624897700338 44.25
    endloop
  endfacet
  facet normal -0.7210174445484152 0.11419794441902635 0.6834417854853052
    outer loop
      vertex 9.301837240894761 -0.9776624897700338 44.25
      vertex 9.836447277337719 -2.090801412319356 45
      vertex 10.001110448575579 -1.0511590655051029 45
    endloop
  endfacet
  facet normal -0.7290045711843245 0.038205510662956625 0.6834417854853052
    outer loop
      vertex 9.301837240894761 -0.9776624897700338 44.25
      vertex 10.001110448575579 -1.0511590655051029 45
      vertex 9.353074360871938 0 44.25
    endloop
  endfacet
  facet normal -0.729004571184324 0.03820551066295714 0.6834417854853054
    outer loop
      vertex 9.353074360871938 0 44.25
      vertex 10.001110448575579 -1.0511590655051029 45
      vertex 10.05619936087194 0 45
    endloop
  endfacet
  facet normal -0.7051306999074317 -0.18893920159858982 0.6834417854853059
    outer loop
      vertex 9.14868724557176 1.9446135047131183 44.25
      vertex 9.836447277337719 2.090801412319356 45
      vertex 8.895302318300384 2.8902589271620283 44.25
    endloop
  endfacet
  facet normal -0.7290045711843239 -0.0382055106629566 0.6834417854853055
    outer loop
      vertex 9.353074360871938 0 44.25
      vertex 10.05619936087194 0 45
      vertex 9.301837240894761 0.9776624897700338 44.25
    endloop
  endfacet
  facet normal -0.7290045711843245 -0.03820551066295716 0.6834417854853052
    outer loop
      vertex 9.301837240894761 0.9776624897700338 44.25
      vertex 10.05619936087194 0 45
      vertex 10.001110448575579 1.0511590655051029 45
    endloop
  endfacet
  facet normal -0.7210174445484151 -0.11419794441902735 0.6834417854853051
    outer loop
      vertex 9.301837240894761 0.9776624897700338 44.25
      vertex 10.001110448575579 1.0511590655051029 45
      vertex 9.14868724557176 1.9446135047131183 44.25
    endloop
  endfacet
  facet normal -0.7210174445484145 -0.11419794441902623 0.683441785485306
    outer loop
      vertex 9.14868724557176 1.9446135047131183 44.25
      vertex 10.001110448575579 1.0511590655051029 45
      vertex 9.836447277337719 2.090801412319356 45
    endloop
  endfacet
  facet normal -0.7051306999074325 -0.188939201598592 0.6834417854853045
    outer loop
      vertex 8.895302318300384 2.8902589271620283 44.25
      vertex 9.836447277337719 2.090801412319356 45
      vertex 9.564013931320414 3.1075365013319134 45
    endloop
  endfacet
  facet normal 0 0 1
    outer loop
      vertex 4.676537180435969 8.1 44.25
      vertex 9.353074360871938 0 44.25
      vertex 9.301837240894761 0.9776624897700338 44.25
    endloop
  endfacet
  facet normal 0 0 1
    outer loop
      vertex 4.676537180435969 8.1 44.25
      vertex 9.301837240894761 0.9776624897700338 44.25
      vertex 9.14868724557176 1.9446135047131183 44.25
    endloop
  endfacet
  facet normal -0.6815183957601799 -0.2616104013473654 0.6834417854853044
    outer loop
      vertex 8.544458597368031 3.8042380679793877 44.25
      vertex 8.895302318300384 2.8902589271620283 44.25
      vertex 9.564013931320414 3.1075365013319134 45
    endloop
  endfacet
  facet normal -0.6815183957601794 -0.26161040134736274 0.6834417854853062
    outer loop
      vertex 8.544458597368031 3.8042380679793877 44.25
      vertex 9.564013931320414 3.1075365013319134 45
      vertex 9.186795247272988 4.09022477014206 45
    endloop
  endfacet
  facet normal 0 0 1
    outer loop
      vertex 4.676537180435969 8.1 44.25
      vertex 9.14868724557176 1.9446135047131183 44.25
      vertex 8.895302318300384 2.8902589271620283 44.25
    endloop
  endfacet
  facet normal 0 0 1
    outer loop
      vertex 8.544458597368031 3.8042380679793877 44.25
      vertex 4.676537180435969 8.1 44.25
      vertex 8.895302318300384 2.8902589271620283 44.25
    endloop
  endfacet
  facet normal -0.6504392334520832 -0.3314153427934849 0.6834417854853062
    outer loop
      vertex 8.544458597368031 3.8042380679793877 44.25
      vertex 9.186795247272988 4.09022477014206 45
      vertex 8.1 4.676537180435969 44.25
    endloop
  endfacet
  facet normal -0.6504392334520832 -0.331415342793485 0.6834417854853061
    outer loop
      vertex 8.1 4.676537180435969 44.25
      vertex 9.186795247272988 4.09022477014206 45
      vertex 8.708924112035936 5.02809968043597 45
    endloop
  endfacet
  facet normal -0.6122337227891278 -0.39758922839083843 0.6834417854853062
    outer loop
      vertex 8.1 4.676537180435969 44.25
      vertex 8.708924112035936 5.02809968043597 45
      vertex 7.566796107597998 5.497599172915374 44.25
    endloop
  endfacet
  facet normal -0.6122337227891278 -0.3975892283908381 0.6834417854853064
    outer loop
      vertex 7.566796107597998 5.497599172915374 44.25
      vertex 8.708924112035936 5.02809968043597 45
      vertex 8.135636181767886 5.91088567843352 45
    endloop
  endfacet
  facet normal 0 0 1
    outer loop
      vertex -4.676537180435969 8.1 44.25
      vertex 4.676537180435969 8.1 44.25
      vertex 3.8042380679793877 8.544458597368031 44.25
    endloop
  endfacet
  facet normal 0 0 1
    outer loop
      vertex 4.676537180435969 8.1 44.25
      vertex 6.950688813587267 6.25842831840973 44.25
      vertex 6.25842831840973 6.950688813587267 44.25
    endloop
  endfacet
  facet normal 0 0 1
    outer loop
      vertex 5.497599172915374 7.566796107597998 44.25
      vertex 4.676537180435969 8.1 44.25
      vertex 6.25842831840973 6.950688813587267 44.25
    endloop
  endfacet
  facet normal -0.45940704320104864 -0.5673204513411504 0.683441785485306
    outer loop
      vertex 5.497599172915374 7.566796107597998 44.25
      vertex 6.25842831840973 6.950688813587267 44.25
      vertex 6.7289107760058045 7.473212519001062 45
    endloop
  endfacet
  facet normal -0.3975892283908384 -0.6122337227891277 0.6834417854853063
    outer loop
      vertex 5.497599172915374 7.566796107597998 44.25
      vertex 5.91088567843352 8.135636181767886 45
      vertex 4.676537180435969 8.1 44.25
    endloop
  endfacet
  facet normal -0.45940704320104875 -0.5673204513411501 0.6834417854853063
    outer loop
      vertex 5.497599172915374 7.566796107597998 44.25
      vertex 6.7289107760058045 7.473212519001062 45
      vertex 5.91088567843352 8.135636181767886 45
    endloop
  endfacet
  facet normal 0 0 1
    outer loop
      vertex -4.676537180435969 8.1 44.25
      vertex 3.8042380679793877 8.544458597368031 44.25
      vertex 2.8902589271620283 8.895302318300384 44.25
    endloop
  endfacet
  facet normal 0 0 1
    outer loop
      vertex -4.676537180435969 8.1 44.25
      vertex 2.8902589271620283 8.895302318300384 44.25
      vertex 1.9446135047131183 9.14868724557176 44.25
    endloop
  endfacet
  facet normal -0.03820551066295658 -0.7290045711843235 0.6834417854853061
    outer loop
      vertex 0 9.353074360871938 44.25
      vertex 0.9776624897700338 9.301837240894761 44.25
      vertex 1.051159065505103 10.00111044857558 45
    endloop
  endfacet
  facet normal -0.11419794441902725 -0.7210174445484144 0.683441785485306
    outer loop
      vertex 0.9776624897700338 9.301837240894761 44.25
      vertex 1.9446135047131183 9.14868724557176 44.25
      vertex 2.090801412319356 9.836447277337719 45
    endloop
  endfacet
  facet normal -0.1889392015985897 -0.7051306999074313 0.6834417854853063
    outer loop
      vertex 1.9446135047131183 9.14868724557176 44.25
      vertex 2.8902589271620283 8.895302318300384 44.25
      vertex 3.1075365013319143 9.564013931320417 45
    endloop
  endfacet
  facet normal -0.18893920159858918 -0.7051306999074318 0.683441785485306
    outer loop
      vertex 1.9446135047131183 9.14868724557176 44.25
      vertex 3.1075365013319143 9.564013931320417 45
      vertex 2.090801412319356 9.836447277337719 45
    endloop
  endfacet
  facet normal -0.038205510662955904 -0.7290045711843242 0.6834417854853057
    outer loop
      vertex 0 9.353074360871938 44.25
      vertex 1.051159065505103 10.00111044857558 45
      vertex 0 10.05619936087194 45
    endloop
  endfacet
  facet normal -0.11419794441902743 -0.7210174445484142 0.6834417854853061
    outer loop
      vertex 0.9776624897700338 9.301837240894761 44.25
      vertex 2.090801412319356 9.836447277337719 45
      vertex 1.051159065505103 10.00111044857558 45
    endloop
  endfacet
  facet normal -0.26161040134736485 -0.6815183957601786 0.6834417854853062
    outer loop
      vertex 3.8042380679793877 8.544458597368031 44.25
      vertex 4.09022477014206 9.186795247272988 45
      vertex 2.8902589271620283 8.895302318300384 44.25
    endloop
  endfacet
  facet normal -0.3314153427934849 -0.6504392334520832 0.683441785485306
    outer loop
      vertex 3.8042380679793877 8.544458597368031 44.25
      vertex 4.676537180435969 8.1 44.25
      vertex 5.02809968043597 8.708924112035936 45
    endloop
  endfacet
  facet normal -0.331415342793485 -0.6504392334520832 0.6834417854853062
    outer loop
      vertex 3.8042380679793877 8.544458597368031 44.25
      vertex 5.02809968043597 8.708924112035936 45
      vertex 4.09022477014206 9.186795247272988 45
    endloop
  endfacet
  facet normal -0.261610401347365 -0.6815183957601783 0.6834417854853064
    outer loop
      vertex 2.8902589271620283 8.895302318300384 44.25
      vertex 4.09022477014206 9.186795247272988 45
      vertex 3.1075365013319143 9.564013931320417 45
    endloop
  endfacet
  facet normal -0.3975892283908381 -0.6122337227891278 0.683441785485306
    outer loop
      vertex 4.676537180435969 8.1 44.25
      vertex 5.91088567843352 8.135636181767886 45
      vertex 5.02809968043597 8.708924112035936 45
    endloop
  endfacet
  facet normal 0 0 1
    outer loop
      vertex 8.1 4.676537180435969 44.25
      vertex 7.566796107597998 5.497599172915374 44.25
      vertex 4.676537180435969 8.1 44.25
    endloop
  endfacet
  facet normal 0 0 1
    outer loop
      vertex 8.544458597368031 3.8042380679793877 44.25
      vertex 8.1 4.676537180435969 44.25
      vertex 4.676537180435969 8.1 44.25
    endloop
  endfacet
  facet normal -0.5673204513411503 -0.4594070432010485 0.6834417854853063
    outer loop
      vertex 6.950688813587267 6.25842831840973 44.25
      vertex 7.566796107597998 5.497599172915374 44.25
      vertex 8.135636181767886 5.91088567843352 45
    endloop
  endfacet
  facet normal 0 0 1
    outer loop
      vertex 4.676537180435969 8.1 44.25
      vertex 7.566796107597998 5.497599172915374 44.25
      vertex 6.950688813587267 6.25842831840973 44.25
    endloop
  endfacet
  facet normal -0.516191498308843 -0.516191498308843 0.6834417854853061
    outer loop
      vertex 6.950688813587267 6.25842831840973 44.25
      vertex 7.473212519001062 6.7289107760058045 45
      vertex 6.25842831840973 6.950688813587267 44.25
    endloop
  endfacet
  facet normal -0.5673204513411502 -0.45940704320104886 0.683441785485306
    outer loop
      vertex 6.950688813587267 6.25842831840973 44.25
      vertex 8.135636181767886 5.91088567843352 45
      vertex 7.473212519001062 6.7289107760058045 45
    endloop
  endfacet
  facet normal -0.5161914983088431 -0.5161914983088431 0.6834417854853061
    outer loop
      vertex 6.25842831840973 6.950688813587267 44.25
      vertex 7.473212519001062 6.7289107760058045 45
      vertex 6.7289107760058045 7.473212519001062 45
    endloop
  endfacet
  facet normal 0.35836794954530227 0 0.9335804264972009
    outer loop
      vertex 12.1865267138484 -5 5.6729090847147985
      vertex 12.381966011250105 -5 5.597886967409693
      vertex 12.381966011250105 5 5.597886967409693
    endloop
  endfacet
  facet normal 0.777145961456969 0 0.6293203910498398
    outer loop
      vertex 11.513710349045212 -5 6.1617387872822835
      vertex 11.513710349045212 5 6.1617387872822835
      vertex 11.381966011250105 -5 6.324429495415053
    endloop
  endfacet
  facet normal 0.7071067811865476 0 0.7071067811865476
    outer loop
      vertex 11.513710349045212 -5 6.1617387872822835
      vertex 11.661738787282284 -5 6.013710349045212
      vertex 11.661738787282284 5 6.013710349045212
    endloop
  endfacet
  facet normal 0.8910065241883657 0 0.4539904997395509
    outer loop
      vertex 11.267949192431123 -5 6.5
      vertex 11.267949192431123 5 6.5
      vertex 11.172909084714798 -5 6.6865267138484
    endloop
  endfacet
  facet normal 0.9659258262890685 0 0.2588190451025202
    outer loop
      vertex 11.097886967409693 -5 6.881966011250105
      vertex 11.097886967409693 5 6.881966011250105
      vertex 11.043704798532389 -5 7.084176618364482
    endloop
  endfacet
  facet normal 0.9335804264972025 0 0.3583679495452986
    outer loop
      vertex 11.172909084714798 -5 6.6865267138484
      vertex 11.172909084714798 5 6.6865267138484
      vertex 11.097886967409693 -5 6.881966011250105
    endloop
  endfacet
  facet normal 0.8386705679454259 0 0.5446390350150241
    outer loop
      vertex 11.381966011250105 -5 6.324429495415053
      vertex 11.381966011250105 5 6.324429495415053
      vertex 11.267949192431123 -5 6.5
    endloop
  endfacet
  facet normal 0.6293203910498398 0 0.777145961456969
    outer loop
      vertex 11.661738787282284 -5 6.013710349045212
      vertex 11.824429495415053 -5 5.881966011250105
      vertex 11.824429495415053 5 5.881966011250105
    endloop
  endfacet
  facet normal 0.5446390350150241 0 0.8386705679454259
    outer loop
      vertex 11.824429495415053 -5 5.881966011250105
      vertex 12 -5 5.767949192431123
      vertex 12 5 5.767949192431123
    endloop
  endfacet
  facet normal 0.4539904997395475 0 0.8910065241883673
    outer loop
      vertex 12 -5 5.767949192431123
      vertex 12.1865267138484 -5 5.6729090847147985
      vertex 12.1865267138484 5 5.6729090847147985
    endloop
  endfacet
  facet normal 0.9876883405951374 0 0.156434465040232
    outer loop
      vertex 11.043704798532389 -5 7.084176618364482
      vertex 11.043704798532389 5 7.084176618364482
      vertex 11.010956209263453 -5 7.290943073464693
    endloop
  endfacet
  facet normal 0.9986295347545738 0 0.052335956242942246
    outer loop
      vertex 11.010956209263453 -5 7.290943073464693
      vertex 11.010956209263453 5 7.290943073464693
      vertex 11 -5 7.5
    endloop
  endfacet
  facet normal 0.9986295347545738 0 -0.052335956242942246
    outer loop
      vertex 11 -5 7.5
      vertex 11 5 7.5
      vertex 11.010956209263453 -5 7.709056926535307
    endloop
  endfacet
  facet normal 0.9876883405951374 0 -0.156434465040232
    outer loop
      vertex 11.010956209263453 -5 7.709056926535307
      vertex 11.010956209263453 5 7.709056926535307
      vertex 11.043704798532389 -5 7.915823381635518
    endloop
  endfacet
  facet normal 0.9659258262890685 0 -0.2588190451025202
    outer loop
      vertex 11.043704798532389 -5 7.915823381635518
      vertex 11.043704798532389 5 7.915823381635518
      vertex 11.097886967409693 -5 8.118033988749895
    endloop
  endfacet
  facet normal 0.9335804264972025 0 -0.3583679495452986
    outer loop
      vertex 11.097886967409693 -5 8.118033988749895
      vertex 11.097886967409693 5 8.118033988749895
      vertex 11.172909084714798 -5 8.3134732861516
    endloop
  endfacet
  facet normal 0.8910065241883657 0 -0.4539904997395509
    outer loop
      vertex 11.172909084714798 -5 8.3134732861516
      vertex 11.172909084714798 5 8.3134732861516
      vertex 11.267949192431123 -5 8.5
    endloop
  endfacet
  facet normal 0.8386705679454259 0 -0.5446390350150241
    outer loop
      vertex 11.267949192431123 -5 8.5
      vertex 11.267949192431123 5 8.5
      vertex 11.381966011250105 -5 8.675570504584947
    endloop
  endfacet
  facet normal 0.777145961456969 0 -0.6293203910498398
    outer loop
      vertex 11.381966011250105 -5 8.675570504584947
      vertex 11.381966011250105 5 8.675570504584947
      vertex 11.513710349045212 -5 8.838261212717716
    endloop
  endfacet
  facet normal 0.7071067811865476 0 -0.7071067811865476
    outer loop
      vertex 11.513710349045212 -5 8.838261212717716
      vertex 11.513710349045212 5 8.838261212717716
      vertex 11.661738787282284 -5 8.986289650954788
    endloop
  endfacet
  facet normal 0.6293203910498398 0 -0.777145961456969
    outer loop
      vertex 11.661738787282284 -5 8.986289650954788
      vertex 11.661738787282284 5 8.986289650954788
      vertex 11.824429495415053 -5 9.118033988749895
    endloop
  endfacet
  facet normal 0.5446390350150241 0 -0.8386705679454259
    outer loop
      vertex 12 -5 9.232050807568877
      vertex 11.824429495415053 -5 9.118033988749895
      vertex 11.824429495415053 5 9.118033988749895
    endloop
  endfacet
  facet normal 0.4539904997395509 0 -0.8910065241883657
    outer loop
      vertex 12.1865267138484 -5 9.327090915285202
      vertex 12 -5 9.232050807568877
      vertex 12 5 9.232050807568877
    endloop
  endfacet
  facet normal 0.3583679495452986 0 -0.9335804264972025
    outer loop
      vertex 12.381966011250105 -5 9.402113032590307
      vertex 12.1865267138484 -5 9.327090915285202
      vertex 12.1865267138484 5 9.327090915285202
    endloop
  endfacet
  facet normal 0.25881904510252124 0 -0.9659258262890682
    outer loop
      vertex 12.58417661836448 -5 9.456295201467611
      vertex 12.381966011250105 -5 9.402113032590307
      vertex 12.381966011250105 5 9.402113032590307
    endloop
  endfacet
  facet normal 0.25881904510252124 0 0.9659258262890682
    outer loop
      vertex 12.381966011250105 -5 5.597886967409693
      vertex 12.58417661836448 -5 5.543704798532389
      vertex 12.58417661836448 5 5.543704798532389
    endloop
  endfacet
  facet normal 0.156434465040232 0 0.9876883405951374
    outer loop
      vertex 12.58417661836448 -5 5.543704798532389
      vertex 12.790943073464693 -5 5.510956209263453
      vertex 12.790943073464693 5 5.510956209263453
    endloop
  endfacet
  facet normal 0.052335956242942024 0 0.9986295347545738
    outer loop
      vertex 12.790943073464693 -5 5.510956209263453
      vertex 13 -5 5.5
      vertex 13 5 5.5
    endloop
  endfacet
  facet normal -0.052335956242942024 0 0.9986295347545738
    outer loop
      vertex 13 -5 5.5
      vertex 13.209056926535307 -5 5.510956209263453
      vertex 13.209056926535307 5 5.510956209263453
    endloop
  endfacet
  facet normal -0.156434465040232 0 0.9876883405951374
    outer loop
      vertex 13.209056926535307 -5 5.510956209263453
      vertex 13.41582338163552 -5 5.543704798532389
      vertex 13.41582338163552 5 5.543704798532389
    endloop
  endfacet
  facet normal -0.25881904510252124 0 0.9659258262890682
    outer loop
      vertex 13.41582338163552 -5 5.543704798532389
      vertex 13.618033988749895 -5 5.597886967409693
      vertex 13.618033988749895 5 5.597886967409693
    endloop
  endfacet
  facet normal -0.35836794954530227 0 0.9335804264972009
    outer loop
      vertex 13.618033988749895 -5 5.597886967409693
      vertex 13.8134732861516 -5 5.6729090847147985
      vertex 13.8134732861516 5 5.6729090847147985
    endloop
  endfacet
  facet normal -0.4539904997395475 0 0.8910065241883673
    outer loop
      vertex 13.8134732861516 -5 5.6729090847147985
      vertex 14 -5 5.767949192431123
      vertex 14 5 5.767949192431123
    endloop
  endfacet
  facet normal -0.5446390350150241 0 0.8386705679454259
    outer loop
      vertex 14 -5 5.767949192431123
      vertex 14.175570504584947 -5 5.881966011250105
      vertex 14.175570504584947 5 5.881966011250105
    endloop
  endfacet
  facet normal -0.6293203910498398 0 0.777145961456969
    outer loop
      vertex 14.175570504584947 -5 5.881966011250105
      vertex 14.338261212717716 -5 6.013710349045212
      vertex 14.338261212717716 5 6.013710349045212
    endloop
  endfacet
  facet normal -0.7071067811865476 0 0.7071067811865476
    outer loop
      vertex 14.486289650954788 -5 6.1617387872822835
      vertex 14.486289650954788 5 6.1617387872822835
      vertex 14.338261212717716 -5 6.013710349045212
    endloop
  endfacet
  facet normal -0.777145961456969 0 0.6293203910498398
    outer loop
      vertex 14.618033988749895 -5 6.324429495415053
      vertex 14.618033988749895 5 6.324429495415053
      vertex 14.486289650954788 -5 6.1617387872822835
    endloop
  endfacet
  facet normal -0.8386705679454259 0 0.5446390350150241
    outer loop
      vertex 14.732050807568877 -5 6.5
      vertex 14.732050807568877 5 6.5
      vertex 14.618033988749895 -5 6.324429495415053
    endloop
  endfacet
  facet normal -0.8910065241883657 0 0.4539904997395509
    outer loop
      vertex 14.827090915285202 -5 6.6865267138484
      vertex 14.827090915285202 5 6.6865267138484
      vertex 14.732050807568877 -5 6.5
    endloop
  endfacet
  facet normal -0.9335804264972025 0 0.3583679495452986
    outer loop
      vertex 14.902113032590307 -5 6.881966011250105
      vertex 14.902113032590307 5 6.881966011250105
      vertex 14.827090915285202 -5 6.6865267138484
    endloop
  endfacet
  facet normal -0.9659258262890685 0 0.2588190451025202
    outer loop
      vertex 14.956295201467611 -5 7.084176618364482
      vertex 14.956295201467611 5 7.084176618364482
      vertex 14.902113032590307 -5 6.881966011250105
    endloop
  endfacet
  facet normal -0.9876883405951374 0 0.156434465040232
    outer loop
      vertex 14.989043790736547 -5 7.290943073464693
      vertex 14.989043790736547 5 7.290943073464693
      vertex 14.956295201467611 -5 7.084176618364482
    endloop
  endfacet
  facet normal -0.9986295347545738 0 0.052335956242942246
    outer loop
      vertex 15 -5 7.5
      vertex 15 5 7.5
      vertex 14.989043790736547 -5 7.290943073464693
    endloop
  endfacet
  facet normal -0.9986295347545738 0 -0.052335956242942246
    outer loop
      vertex 14.989043790736547 -5 7.709056926535307
      vertex 14.989043790736547 5 7.709056926535307
      vertex 15 -5 7.5
    endloop
  endfacet
  facet normal -0.9876883405951374 0 -0.156434465040232
    outer loop
      vertex 14.956295201467611 -5 7.915823381635518
      vertex 14.956295201467611 5 7.915823381635518
      vertex 14.989043790736547 -5 7.709056926535307
    endloop
  endfacet
  facet normal -0.9659258262890685 0 -0.2588190451025202
    outer loop
      vertex 14.902113032590307 -5 8.118033988749895
      vertex 14.902113032590307 5 8.118033988749895
      vertex 14.956295201467611 -5 7.915823381635518
    endloop
  endfacet
  facet normal -0.9335804264972025 0 -0.3583679495452986
    outer loop
      vertex 14.827090915285202 -5 8.3134732861516
      vertex 14.827090915285202 5 8.3134732861516
      vertex 14.902113032590307 -5 8.118033988749895
    endloop
  endfacet
  facet normal 0.156434465040232 0 -0.9876883405951374
    outer loop
      vertex 12.790943073464693 -5 9.489043790736547
      vertex 12.58417661836448 -5 9.456295201467611
      vertex 12.58417661836448 5 9.456295201467611
    endloop
  endfacet
  facet normal 0.052335956242942024 0 -0.9986295347545738
    outer loop
      vertex 13 -5 9.5
      vertex 12.790943073464693 -5 9.489043790736547
      vertex 12.790943073464693 5 9.489043790736547
    endloop
  endfacet
  facet normal -0.156434465040232 0 -0.9876883405951374
    outer loop
      vertex 13.41582338163552 -5 9.456295201467611
      vertex 13.209056926535307 -5 9.489043790736547
      vertex 13.209056926535307 5 9.489043790736547
    endloop
  endfacet
  facet normal -0.052335956242942024 0 -0.9986295347545738
    outer loop
      vertex 13.209056926535307 -5 9.489043790736547
      vertex 13 -5 9.5
      vertex 13 5 9.5
    endloop
  endfacet
  facet normal -0.25881904510252124 0 -0.9659258262890682
    outer loop
      vertex 13.618033988749895 -5 9.402113032590307
      vertex 13.41582338163552 -5 9.456295201467611
      vertex 13.41582338163552 5 9.456295201467611
    endloop
  endfacet
  facet normal -0.3583679495452986 0 -0.9335804264972025
    outer loop
      vertex 13.8134732861516 -5 9.327090915285202
      vertex 13.618033988749895 -5 9.402113032590307
      vertex 13.618033988749895 5 9.402113032590307
    endloop
  endfacet
  facet normal -0.4539904997395509 0 -0.8910065241883657
    outer loop
      vertex 14 -5 9.232050807568877
      vertex 13.8134732861516 -5 9.327090915285202
      vertex 13.8134732861516 5 9.327090915285202
    endloop
  endfacet
  facet normal -0.5446390350150241 0 -0.8386705679454259
    outer loop
      vertex 14.175570504584947 -5 9.118033988749895
      vertex 14 -5 9.232050807568877
      vertex 14 5 9.232050807568877
    endloop
  endfacet
  facet normal -0.6293203910498398 0 -0.777145961456969
    outer loop
      vertex 14.338261212717716 -5 8.986289650954788
      vertex 14.175570504584947 -5 9.118033988749895
      vertex 14.175570504584947 5 9.118033988749895
    endloop
  endfacet
  facet normal -0.7071067811865476 0 -0.7071067811865476
    outer loop
      vertex 14.338261212717716 -5 8.986289650954788
      vertex 14.338261212717716 5 8.986289650954788
      vertex 14.486289650954788 -5 8.838261212717716
    endloop
  endfacet
  facet normal -0.777145961456969 0 -0.6293203910498398
    outer loop
      vertex 14.486289650954788 -5 8.838261212717716
      vertex 14.486289650954788 5 8.838261212717716
      vertex 14.618033988749895 -5 8.675570504584947
    endloop
  endfacet
  facet normal -0.8910065241883657 0 -0.4539904997395509
    outer loop
      vertex 14.732050807568877 -5 8.5
      vertex 14.732050807568877 5 8.5
      vertex 14.827090915285202 -5 8.3134732861516
    endloop
  endfacet
  facet normal -0.8386705679454259 0 -0.5446390350150241
    outer loop
      vertex 14.618033988749895 -5 8.675570504584947
      vertex 14.618033988749895 5 8.675570504584947
      vertex 14.732050807568877 -5 8.5
    endloop
  endfacet
  facet normal 0.25881904510252124 0 0.9659258262890682
    outer loop
      vertex 12.381966011250105 -5 5.597886967409693
      vertex 12.58417661836448 5 5.543704798532389
      vertex 12.381966011250105 5 5.597886967409693
    endloop
  endfacet
  facet normal 0.6293203910498398 0 0.777145961456969
    outer loop
      vertex 11.661738787282284 -5 6.013710349045212
      vertex 11.824429495415053 5 5.881966011250105
      vertex 11.661738787282284 5 6.013710349045212
    endloop
  endfacet
  facet normal 0.777145961456969 0 0.6293203910498398
    outer loop
      vertex 11.381966011250105 -5 6.324429495415053
      vertex 11.513710349045212 5 6.1617387872822835
      vertex 11.381966011250105 5 6.324429495415053
    endloop
  endfacet
  facet normal 0.7071067811865476 0 0.7071067811865476
    outer loop
      vertex 11.513710349045212 -5 6.1617387872822835
      vertex 11.661738787282284 5 6.013710349045212
      vertex 11.513710349045212 5 6.1617387872822835
    endloop
  endfacet
  facet normal 0.8386705679454259 0 0.5446390350150241
    outer loop
      vertex 11.267949192431123 -5 6.5
      vertex 11.381966011250105 5 6.324429495415053
      vertex 11.267949192431123 5 6.5
    endloop
  endfacet
  facet normal 0.8910065241883657 0 0.4539904997395509
    outer loop
      vertex 11.172909084714798 -5 6.6865267138484
      vertex 11.267949192431123 5 6.5
      vertex 11.172909084714798 5 6.6865267138484
    endloop
  endfacet
  facet normal 0.9335804264972025 0 0.3583679495452986
    outer loop
      vertex 11.097886967409693 -5 6.881966011250105
      vertex 11.172909084714798 5 6.6865267138484
      vertex 11.097886967409693 5 6.881966011250105
    endloop
  endfacet
  facet normal 0.9659258262890685 0 0.2588190451025202
    outer loop
      vertex 11.043704798532389 -5 7.084176618364482
      vertex 11.097886967409693 5 6.881966011250105
      vertex 11.043704798532389 5 7.084176618364482
    endloop
  endfacet
  facet normal 0.5446390350150241 0 0.8386705679454259
    outer loop
      vertex 11.824429495415053 -5 5.881966011250105
      vertex 12 5 5.767949192431123
      vertex 11.824429495415053 5 5.881966011250105
    endloop
  endfacet
  facet normal 0.4539904997395475 0 0.8910065241883673
    outer loop
      vertex 12 -5 5.767949192431123
      vertex 12.1865267138484 5 5.6729090847147985
      vertex 12 5 5.767949192431123
    endloop
  endfacet
  facet normal 0.35836794954530227 0 0.9335804264972009
    outer loop
      vertex 12.1865267138484 -5 5.6729090847147985
      vertex 12.381966011250105 5 5.597886967409693
      vertex 12.1865267138484 5 5.6729090847147985
    endloop
  endfacet
  facet normal 0.9876883405951374 0 0.156434465040232
    outer loop
      vertex 11.010956209263453 -5 7.290943073464693
      vertex 11.043704798532389 5 7.084176618364482
      vertex 11.010956209263453 5 7.290943073464693
    endloop
  endfacet
  facet normal 0.9986295347545738 0 0.052335956242942246
    outer loop
      vertex 11 -5 7.5
      vertex 11.010956209263453 5 7.290943073464693
      vertex 11 5 7.5
    endloop
  endfacet
  facet normal 0.9986295347545738 0 -0.052335956242942246
    outer loop
      vertex 11.010956209263453 -5 7.709056926535307
      vertex 11 5 7.5
      vertex 11.010956209263453 5 7.709056926535307
    endloop
  endfacet
  facet normal 0.9876883405951374 0 -0.156434465040232
    outer loop
      vertex 11.043704798532389 -5 7.915823381635518
      vertex 11.010956209263453 5 7.709056926535307
      vertex 11.043704798532389 5 7.915823381635518
    endloop
  endfacet
  facet normal 0.9659258262890685 0 -0.2588190451025202
    outer loop
      vertex 11.097886967409693 -5 8.118033988749895
      vertex 11.043704798532389 5 7.915823381635518
      vertex 11.097886967409693 5 8.118033988749895
    endloop
  endfacet
  facet normal 0.9335804264972025 0 -0.3583679495452986
    outer loop
      vertex 11.172909084714798 -5 8.3134732861516
      vertex 11.097886967409693 5 8.118033988749895
      vertex 11.172909084714798 5 8.3134732861516
    endloop
  endfacet
  facet normal 0.8910065241883657 0 -0.4539904997395509
    outer loop
      vertex 11.267949192431123 -5 8.5
      vertex 11.172909084714798 5 8.3134732861516
      vertex 11.267949192431123 5 8.5
    endloop
  endfacet
  facet normal 0.8386705679454259 0 -0.5446390350150241
    outer loop
      vertex 11.381966011250105 -5 8.675570504584947
      vertex 11.267949192431123 5 8.5
      vertex 11.381966011250105 5 8.675570504584947
    endloop
  endfacet
  facet normal 0.777145961456969 0 -0.6293203910498398
    outer loop
      vertex 11.513710349045212 -5 8.838261212717716
      vertex 11.381966011250105 5 8.675570504584947
      vertex 11.513710349045212 5 8.838261212717716
    endloop
  endfacet
  facet normal 0.7071067811865476 0 -0.7071067811865476
    outer loop
      vertex 11.661738787282284 -5 8.986289650954788
      vertex 11.513710349045212 5 8.838261212717716
      vertex 11.661738787282284 5 8.986289650954788
    endloop
  endfacet
  facet normal 0.6293203910498398 0 -0.777145961456969
    outer loop
      vertex 11.824429495415053 -5 9.118033988749895
      vertex 11.661738787282284 5 8.986289650954788
      vertex 11.824429495415053 5 9.118033988749895
    endloop
  endfacet
  facet normal 0.5446390350150241 0 -0.8386705679454259
    outer loop
      vertex 12 -5 9.232050807568877
      vertex 11.824429495415053 5 9.118033988749895
      vertex 12 5 9.232050807568877
    endloop
  endfacet
  facet normal 0.4539904997395509 0 -0.8910065241883657
    outer loop
      vertex 12.1865267138484 -5 9.327090915285202
      vertex 12 5 9.232050807568877
      vertex 12.1865267138484 5 9.327090915285202
    endloop
  endfacet
  facet normal 0.3583679495452986 0 -0.9335804264972025
    outer loop
      vertex 12.381966011250105 -5 9.402113032590307
      vertex 12.1865267138484 5 9.327090915285202
      vertex 12.381966011250105 5 9.402113032590307
    endloop
  endfacet
  facet normal 0.156434465040232 0 0.9876883405951374
    outer loop
      vertex 12.58417661836448 -5 5.543704798532389
      vertex 12.790943073464693 5 5.510956209263453
      vertex 12.58417661836448 5 5.543704798532389
    endloop
  endfacet
  facet normal 0.052335956242942024 0 0.9986295347545738
    outer loop
      vertex 12.790943073464693 -5 5.510956209263453
      vertex 13 5 5.5
      vertex 12.790943073464693 5 5.510956209263453
    endloop
  endfacet
  facet normal -0.052335956242942024 0 0.9986295347545738
    outer loop
      vertex 13 -5 5.5
      vertex 13.209056926535307 5 5.510956209263453
      vertex 13 5 5.5
    endloop
  endfacet
  facet normal -0.156434465040232 0 0.9876883405951374
    outer loop
      vertex 13.209056926535307 -5 5.510956209263453
      vertex 13.41582338163552 5 5.543704798532389
      vertex 13.209056926535307 5 5.510956209263453
    endloop
  endfacet
  facet normal -0.25881904510252124 0 0.9659258262890682
    outer loop
      vertex 13.41582338163552 -5 5.543704798532389
      vertex 13.618033988749895 5 5.597886967409693
      vertex 13.41582338163552 5 5.543704798532389
    endloop
  endfacet
  facet normal -0.35836794954530227 0 0.9335804264972009
    outer loop
      vertex 13.618033988749895 -5 5.597886967409693
      vertex 13.8134732861516 5 5.6729090847147985
      vertex 13.618033988749895 5 5.597886967409693
    endloop
  endfacet
  facet normal -0.4539904997395475 0 0.8910065241883673
    outer loop
      vertex 13.8134732861516 -5 5.6729090847147985
      vertex 14 5 5.767949192431123
      vertex 13.8134732861516 5 5.6729090847147985
    endloop
  endfacet
  facet normal -0.5446390350150241 0 0.8386705679454259
    outer loop
      vertex 14 -5 5.767949192431123
      vertex 14.175570504584947 5 5.881966011250105
      vertex 14 5 5.767949192431123
    endloop
  endfacet
  facet normal -0.6293203910498398 0 0.777145961456969
    outer loop
      vertex 14.175570504584947 -5 5.881966011250105
      vertex 14.338261212717716 5 6.013710349045212
      vertex 14.175570504584947 5 5.881966011250105
    endloop
  endfacet
  facet normal -0.7071067811865476 0 0.7071067811865476
    outer loop
      vertex 14.338261212717716 -5 6.013710349045212
      vertex 14.486289650954788 5 6.1617387872822835
      vertex 14.338261212717716 5 6.013710349045212
    endloop
  endfacet
  facet normal -0.777145961456969 0 0.6293203910498398
    outer loop
      vertex 14.486289650954788 -5 6.1617387872822835
      vertex 14.618033988749895 5 6.324429495415053
      vertex 14.486289650954788 5 6.1617387872822835
    endloop
  endfacet
  facet normal -0.8386705679454259 0 0.5446390350150241
    outer loop
      vertex 14.618033988749895 -5 6.324429495415053
      vertex 14.732050807568877 5 6.5
      vertex 14.618033988749895 5 6.324429495415053
    endloop
  endfacet
  facet normal -0.8910065241883657 0 0.4539904997395509
    outer loop
      vertex 14.732050807568877 -5 6.5
      vertex 14.827090915285202 5 6.6865267138484
      vertex 14.732050807568877 5 6.5
    endloop
  endfacet
  facet normal -0.9335804264972025 0 0.3583679495452986
    outer loop
      vertex 14.827090915285202 -5 6.6865267138484
      vertex 14.902113032590307 5 6.881966011250105
      vertex 14.827090915285202 5 6.6865267138484
    endloop
  endfacet
  facet normal -0.9659258262890685 0 0.2588190451025202
    outer loop
      vertex 14.902113032590307 -5 6.881966011250105
      vertex 14.956295201467611 5 7.084176618364482
      vertex 14.902113032590307 5 6.881966011250105
    endloop
  endfacet
  facet normal -0.8910065241883657 0 -0.4539904997395509
    outer loop
      vertex 14.827090915285202 -5 8.3134732861516
      vertex 14.732050807568877 5 8.5
      vertex 14.827090915285202 5 8.3134732861516
    endloop
  endfacet
  facet normal -0.9876883405951374 0 0.156434465040232
    outer loop
      vertex 14.956295201467611 -5 7.084176618364482
      vertex 14.989043790736547 5 7.290943073464693
      vertex 14.956295201467611 5 7.084176618364482
    endloop
  endfacet
  facet normal -0.9986295347545738 0 0.052335956242942246
    outer loop
      vertex 14.989043790736547 -5 7.290943073464693
      vertex 15 5 7.5
      vertex 14.989043790736547 5 7.290943073464693
    endloop
  endfacet
  facet normal -0.9986295347545738 0 -0.052335956242942246
    outer loop
      vertex 15 -5 7.5
      vertex 14.989043790736547 5 7.709056926535307
      vertex 15 5 7.5
    endloop
  endfacet
  facet normal -0.9876883405951374 0 -0.156434465040232
    outer loop
      vertex 14.989043790736547 -5 7.709056926535307
      vertex 14.956295201467611 5 7.915823381635518
      vertex 14.989043790736547 5 7.709056926535307
    endloop
  endfacet
  facet normal -0.9659258262890685 0 -0.2588190451025202
    outer loop
      vertex 14.956295201467611 -5 7.915823381635518
      vertex 14.902113032590307 5 8.118033988749895
      vertex 14.956295201467611 5 7.915823381635518
    endloop
  endfacet
  facet normal -0.9335804264972025 0 -0.3583679495452986
    outer loop
      vertex 14.902113032590307 -5 8.118033988749895
      vertex 14.827090915285202 5 8.3134732861516
      vertex 14.902113032590307 5 8.118033988749895
    endloop
  endfacet
  facet normal 0.25881904510252124 0 -0.9659258262890682
    outer loop
      vertex 12.58417661836448 -5 9.456295201467611
      vertex 12.381966011250105 5 9.402113032590307
      vertex 12.58417661836448 5 9.456295201467611
    endloop
  endfacet
  facet normal 0.156434465040232 0 -0.9876883405951374
    outer loop
      vertex 12.790943073464693 -5 9.489043790736547
      vertex 12.58417661836448 5 9.456295201467611
      vertex 12.790943073464693 5 9.489043790736547
    endloop
  endfacet
  facet normal 0.052335956242942024 0 -0.9986295347545738
    outer loop
      vertex 13 -5 9.5
      vertex 12.790943073464693 5 9.489043790736547
      vertex 13 5 9.5
    endloop
  endfacet
  facet normal -0.052335956242942024 0 -0.9986295347545738
    outer loop
      vertex 13.209056926535307 -5 9.489043790736547
      vertex 13 5 9.5
      vertex 13.209056926535307 5 9.489043790736547
    endloop
  endfacet
  facet normal -0.156434465040232 0 -0.9876883405951374
    outer loop
      vertex 13.41582338163552 -5 9.456295201467611
      vertex 13.209056926535307 5 9.489043790736547
      vertex 13.41582338163552 5 9.456295201467611
    endloop
  endfacet
  facet normal -0.25881904510252124 0 -0.9659258262890682
    outer loop
      vertex 13.618033988749895 -5 9.402113032590307
      vertex 13.41582338163552 5 9.456295201467611
      vertex 13.618033988749895 5 9.402113032590307
    endloop
  endfacet
  facet normal -0.3583679495452986 0 -0.9335804264972025
    outer loop
      vertex 13.8134732861516 -5 9.327090915285202
      vertex 13.618033988749895 5 9.402113032590307
      vertex 13.8134732861516 5 9.327090915285202
    endloop
  endfacet
  facet normal -0.4539904997395509 0 -0.8910065241883657
    outer loop
      vertex 14 -5 9.232050807568877
      vertex 13.8134732861516 5 9.327090915285202
      vertex 14 5 9.232050807568877
    endloop
  endfacet
  facet normal -0.7071067811865476 0 -0.7071067811865476
    outer loop
      vertex 14.486289650954788 -5 8.838261212717716
      vertex 14.338261212717716 5 8.986289650954788
      vertex 14.486289650954788 5 8.838261212717716
    endloop
  endfacet
  facet normal -0.6293203910498398 0 -0.777145961456969
    outer loop
      vertex 14.338261212717716 -5 8.986289650954788
      vertex 14.175570504584947 5 9.118033988749895
      vertex 14.338261212717716 5 8.986289650954788
    endloop
  endfacet
  facet normal -0.777145961456969 0 -0.6293203910498398
    outer loop
      vertex 14.618033988749895 -5 8.675570504584947
      vertex 14.486289650954788 5 8.838261212717716
      vertex 14.618033988749895 5 8.675570504584947
    endloop
  endfacet
  facet normal -0.8386705679454259 0 -0.5446390350150241
    outer loop
      vertex 14.732050807568877 -5 8.5
      vertex 14.618033988749895 5 8.675570504584947
      vertex 14.732050807568877 5 8.5
    endloop
  endfacet
  facet normal -0.5446390350150241 0 -0.8386705679454259
    outer loop
      vertex 14.175570504584947 -5 9.118033988749895
      vertex 14 5 9.232050807568877
      vertex 14.175570504584947 5 9.118033988749895
    endloop
  endfacet
  facet normal 1 0 0
    outer loop
      vertex -9.599500000476837 -4.8 5.1096000000834465
      vertex -9.599500000476837 -5 5.818250000476837
      vertex -9.599500000476837 -5 5.1096000000834465
    endloop
  endfacet
  facet normal 1 0 0
    outer loop
      vertex -9.599500000476837 -4.8 5.1096000000834465
      vertex -9.599500000476837 -4.8 5.818250000476837
      vertex -9.599500000476837 -5 5.818250000476837
    endloop
  endfacet
  facet normal 0 0 1
    outer loop
      vertex -9.599500000476837 -4.8 5.1096000000834465
      vertex -9.599500000476837 -5 5.1096000000834465
      vertex -6.368249997496605 -4.8 5.1096000000834465
    endloop
  endfacet
  facet normal 0 -1 0
    outer loop
      vertex -9.599500000476837 -4.8 5.1096000000834465
      vertex -8.416199997067451 -4.8 5.818250000476837
      vertex -9.599500000476837 -4.8 5.818250000476837
    endloop
  endfacet
  facet normal 0 -1 0
    outer loop
      vertex -9.599500000476837 -4.8 5.1096000000834465
      vertex -6.368249997496605 -4.8 5.1096000000834465
      vertex -8.416199997067451 -4.8 5.818250000476837
    endloop
  endfacet
  facet normal 0 0 1
    outer loop
      vertex -6.368249997496605 -4.8 5.1096000000834465
      vertex -9.599500000476837 -5 5.1096000000834465
      vertex -6.368249997496605 -5 5.1096000000834465
    endloop
  endfacet
  facet normal -1 0 0
    outer loop
      vertex -6.368249997496605 -4.8 5.818250000476837
      vertex -6.368249997496605 -5 5.1096000000834465
      vertex -6.368249997496605 -5 5.818250000476837
    endloop
  endfacet
  facet normal -1 0 0
    outer loop
      vertex -6.368249997496605 -4.8 5.1096000000834465
      vertex -6.368249997496605 -5 5.1096000000834465
      vertex -6.368249997496605 -4.8 5.818250000476837
    endloop
  endfacet
  facet normal 0 -1 0
    outer loop
      vertex -8.416199997067451 -4.8 5.818250000476837
      vertex -6.368249997496605 -4.8 5.1096000000834465
      vertex -7.46339999884367 -4.8 5.818250000476837
    endloop
  endfacet
  facet normal 0 -1 0
    outer loop
      vertex -7.46339999884367 -4.8 5.818250000476837
      vertex -6.368249997496605 -4.8 5.1096000000834465
      vertex -6.368249997496605 -4.8 5.818250000476837
    endloop
  endfacet
  facet normal 1 0 0
    outer loop
      vertex -9.562200002372265 -4.8 8.361199997365475
      vertex -9.562200002372265 -5 9.110550001263618
      vertex -9.562200002372265 -5 8.361199997365475
    endloop
  endfacet
  facet normal 1 0 0
    outer loop
      vertex -9.562200002372265 -4.8 8.361199997365475
      vertex -9.562200002372265 -4.8 9.110550001263618
      vertex -9.562200002372265 -5 9.110550001263618
    endloop
  endfacet
  facet normal 0 0 -1
    outer loop
      vertex -9.599500000476837 -4.8 5.818250000476837
      vertex -8.416199997067451 -5 5.818250000476837
      vertex -9.599500000476837 -5 5.818250000476837
    endloop
  endfacet
  facet normal 0 0 -1
    outer loop
      vertex -9.599500000476837 -4.8 5.818250000476837
      vertex -8.416199997067451 -4.8 5.818250000476837
      vertex -8.416199997067451 -5 5.818250000476837
    endloop
  endfacet
  facet normal 1 0 0
    outer loop
      vertex -8.416199997067451 -4.8 5.818250000476837
      vertex -8.416199997067451 -5 7.990516667564713
      vertex -8.416199997067451 -5 5.818250000476837
    endloop
  endfacet
  facet normal 1 0 0
    outer loop
      vertex -8.416199997067451 -4.8 5.818250000476837
      vertex -8.416199997067451 -4.8 9.076650001108646
      vertex -8.416199997067451 -5 7.990516667564713
    endloop
  endfacet
  facet normal 0 -1 0
    outer loop
      vertex -8.416199997067451 -4.8 5.818250000476837
      vertex -7.46339999884367 -4.8 5.818250000476837
      vertex -8.416199997067451 -4.8 9.076650001108646
    endloop
  endfacet
  facet normal 0 0 -1
    outer loop
      vertex -7.46339999884367 -4.8 5.818250000476837
      vertex -6.368249997496605 -5 5.818250000476837
      vertex -7.46339999884367 -5 5.818250000476837
    endloop
  endfacet
  facet normal 0 0 -1
    outer loop
      vertex -7.46339999884367 -4.8 5.818250000476837
      vertex -6.368249997496605 -4.8 5.818250000476837
      vertex -6.368249997496605 -5 5.818250000476837
    endloop
  endfacet
  facet normal -1 0 0
    outer loop
      vertex -7.46339999884367 -4.8 5.818250000476837
      vertex -7.46339999884367 -5 5.818250000476837
      vertex -7.46339999884367 -4.8 9.887000001966953
    endloop
  endfacet
  facet normal 0 -1 0
    outer loop
      vertex -7.46339999884367 -4.8 5.818250000476837
      vertex -7.46339999884367 -4.8 9.887000001966953
      vertex -8.416199997067451 -4.8 9.076650001108646
    endloop
  endfacet
  facet normal -0.5295730529335597 0 0.8482643347486849
    outer loop
      vertex -9.562200002372265 -4.8 8.361199997365475
      vertex -9.562200002372265 -5 8.361199997365475
      vertex -8.416199997067451 -4.8 9.076650001108646
    endloop
  endfacet
  facet normal -0.5295730529335597 0 0.8482643347486849
    outer loop
      vertex -8.416199997067451 -4.8 9.076650001108646
      vertex -9.562200002372265 -5 8.361199997365475
      vertex -8.416199997067451 -5 9.076650001108646
    endloop
  endfacet
  facet normal 0.5442317719129118 0 -0.838934907153429
    outer loop
      vertex -9.562200002372265 -4.8 9.110550001263618
      vertex -8.365299999713898 -5 9.887000001966953
      vertex -9.562200002372265 -5 9.110550001263618
    endloop
  endfacet
  facet normal 0.5442317719129118 0 -0.838934907153429
    outer loop
      vertex -9.562200002372265 -4.8 9.110550001263618
      vertex -8.365299999713898 -4.8 9.887000001966953
      vertex -8.365299999713898 -5 9.887000001966953
    endloop
  endfacet
  facet normal 1 0 0
    outer loop
      vertex -8.416199997067451 -4.8 9.076650001108646
      vertex -8.416199997067451 -5 9.076650001108646
      vertex -8.416199997067451 -5 7.990516667564713
    endloop
  endfacet
  facet normal 0 0 -1
    outer loop
      vertex -8.365299999713898 -4.8 9.887000001966953
      vertex -7.46339999884367 -5 9.887000001966953
      vertex -8.365299999713898 -5 9.887000001966953
    endloop
  endfacet
  facet normal 0 -1 0
    outer loop
      vertex -9.562200002372265 -4.8 8.361199997365475
      vertex -8.416199997067451 -4.8 9.076650001108646
      vertex -9.562200002372265 -4.8 9.110550001263618
    endloop
  endfacet
  facet normal 0 -1 0
    outer loop
      vertex -9.562200002372265 -4.8 9.110550001263618
      vertex -8.416199997067451 -4.8 9.076650001108646
      vertex -8.365299999713898 -4.8 9.887000001966953
    endloop
  endfacet
  facet normal 0 -1 0
    outer loop
      vertex -8.416199997067451 -4.8 9.076650001108646
      vertex -7.46339999884367 -4.8 9.887000001966953
      vertex -8.365299999713898 -4.8 9.887000001966953
    endloop
  endfacet
  facet normal -1 0 0
    outer loop
      vertex -7.46339999884367 -4.8 9.887000001966953
      vertex -7.46339999884367 -5 5.818250000476837
      vertex -7.46339999884367 -5 9.887000001966953
    endloop
  endfacet
  facet normal 0 0 -1
    outer loop
      vertex -8.365299999713898 -4.8 9.887000001966953
      vertex -7.46339999884367 -4.8 9.887000001966953
      vertex -7.46339999884367 -5 9.887000001966953
    endloop
  endfacet
  facet normal 0.7581127786413893 0 0.6521234659637941
    outer loop
      vertex -5.348518751561642 -4.8 5.494782030582428
      vertex -5.467799998819828 -5 5.633450001478195
      vertex -5.348518751561642 -5 5.494782030582428
    endloop
  endfacet
  facet normal 0.7581127786413893 0 0.6521234659637941
    outer loop
      vertex -5.467799998819828 -4.8 5.633450001478195
      vertex -5.467799998819828 -5 5.633450001478195
      vertex -5.348518751561642 -4.8 5.494782030582428
    endloop
  endfacet
  facet normal 0.674564921399208 0 0.7382155287026143
    outer loop
      vertex -5.348518751561642 -4.8 5.494782030582428
      vertex -5.348518751561642 -5 5.494782030582428
      vertex -5.217000000178814 -4.8 5.374603122472763
    endloop
  endfacet
  facet normal 0.674564921399208 0 0.7382155287026143
    outer loop
      vertex -5.217000000178814 -4.8 5.374603122472763
      vertex -5.348518751561642 -5 5.494782030582428
      vertex -5.217000000178814 -5 5.374603122472763
    endloop
  endfacet
  facet normal 0.5774972326486542 0 0.8163926422274678
    outer loop
      vertex -5.073243752121925 -4.8 5.272913284599781
      vertex -5.217000000178814 -5 5.374603122472763
      vertex -5.073243752121925 -5 5.272913284599781
    endloop
  endfacet
  facet normal 0.5774972326486542 0 0.8163926422274678
    outer loop
      vertex -5.217000000178814 -4.8 5.374603122472763
      vertex -5.217000000178814 -5 5.374603122472763
      vertex -5.073243752121925 -4.8 5.272913284599781
    endloop
  endfacet
  facet normal 0.4706063550199371 0 0.8823432770837261
    outer loop
      vertex -4.917249999940395 -4.8 5.189712502062321
      vertex -5.073243752121925 -5 5.272913284599781
      vertex -4.917249999940395 -5 5.189712502062321
    endloop
  endfacet
  facet normal 0.4706063550199371 0 0.8823432770837261
    outer loop
      vertex -5.073243752121925 -4.8 5.272913284599781
      vertex -5.073243752121925 -5 5.272913284599781
      vertex -4.917249999940395 -4.8 5.189712502062321
    endloop
  endfacet
  facet normal 0.35901481051495304 0 0.9333318626463539
    outer loop
      vertex -4.7490187510848045 -4.8 5.125000782310963
      vertex -4.917249999940395 -5 5.189712502062321
      vertex -4.7490187510848045 -5 5.125000782310963
    endloop
  endfacet
  facet normal 0.35901481051495304 0 0.9333318626463539
    outer loop
      vertex -4.917249999940395 -4.8 5.189712502062321
      vertex -4.917249999940395 -5 5.189712502062321
      vertex -4.7490187510848045 -4.8 5.125000782310963
    endloop
  endfacet
  facet normal 0.24811654381642953 0 0.9687301898282048
    outer loop
      vertex -4.7490187510848045 -4.8 5.125000782310963
      vertex -4.7490187510848045 -5 5.125000782310963
      vertex -4.568549998104572 -4.8 5.078778125345707
    endloop
  endfacet
  facet normal 0 -1 0
    outer loop
      vertex -5.348518751561642 -4.8 5.494782030582428
      vertex -5.217000000178814 -4.8 5.374603122472763
      vertex -4.6703289076685905 -4.8 5.993327341973782
    endloop
  endfacet
  facet normal 0 -1 0
    outer loop
      vertex -5.217000000178814 -4.8 5.374603122472763
      vertex -5.073243752121925 -4.8 5.272913284599781
      vertex -4.614940628409386 -4.8 5.937884375452995
    endloop
  endfacet
  facet normal 0 -1 0
    outer loop
      vertex -4.917249999940395 -4.8 5.189712502062321
      vertex -4.7490187510848045 -4.8 5.125000782310963
      vertex -4.492562502622604 -4.8 5.852587498724461
    endloop
  endfacet
  facet normal 0 -1 0
    outer loop
      vertex -5.073243752121925 -4.8 5.272913284599781
      vertex -4.917249999940395 -4.8 5.189712502062321
      vertex -4.55568515509367 -4.8 5.890971094369888
    endloop
  endfacet
  facet normal 0.24811654381642953 0 0.9687301898282048
    outer loop
      vertex -4.568549998104572 -4.8 5.078778125345707
      vertex -4.7490187510848045 -5 5.125000782310963
      vertex -4.568549998104572 -5 5.078778125345707
    endloop
  endfacet
  facet normal 0.14244878848837886 0 0.9898021734963979
    outer loop
      vertex -4.568549998104572 -4.8 5.078778125345707
      vertex -4.568549998104572 -5 5.078778125345707
      vertex -4.375843748450279 -4.8 5.0510445311665535
    endloop
  endfacet
  facet normal 0.14244878848837886 0 0.9898021734963979
    outer loop
      vertex -4.375843748450279 -4.8 5.0510445311665535
      vertex -4.568549998104572 -5 5.078778125345707
      vertex -4.375843748450279 -5 5.0510445311665535
    endloop
  endfacet
  facet normal 0.04506183262818838 0 0.9989841996949648
    outer loop
      vertex -4.375843748450279 -4.8 5.0510445311665535
      vertex -4.375843748450279 -5 5.0510445311665535
      vertex -4.170900002121925 -4.8 5.041799999773502
    endloop
  endfacet
  facet normal 0.04506183262818838 0 0.9989841996949648
    outer loop
      vertex -4.170900002121925 -4.8 5.041799999773502
      vertex -4.375843748450279 -5 5.0510445311665535
      vertex -4.170900002121925 -5 5.041799999773502
    endloop
  endfacet
  facet normal -0.03701024225305494 0 0.9993148862937897
    outer loop
      vertex -4.170900002121925 -4.8 5.041799999773502
      vertex -4.170900002121925 -5 5.041799999773502
      vertex -3.987799219787121 -4.8 5.048581250011921
    endloop
  endfacet
  facet normal -0.03701024225305494 0 0.9993148862937897
    outer loop
      vertex -3.987799219787121 -4.8 5.048581250011921
      vertex -4.170900002121925 -5 5.041799999773502
      vertex -3.987799219787121 -5 5.048581250011921
    endloop
  endfacet
  facet normal -0.11683760793842524 0 0.9931510325077586
    outer loop
      vertex -3.987799219787121 -4.8 5.048581250011921
      vertex -3.987799219787121 -5 5.048581250011921
      vertex -3.8148718774318695 -4.8 5.068925000727177
    endloop
  endfacet
  facet normal -0.11683760793842524 0 0.9931510325077586
    outer loop
      vertex -3.8148718774318695 -4.8 5.068925000727177
      vertex -3.987799219787121 -5 5.048581250011921
      vertex -3.8148718774318695 -5 5.068925000727177
    endloop
  endfacet
  facet normal -0.20394956520732846 0 0.9789813965810289
    outer loop
      vertex -3.8148718774318695 -4.8 5.068925000727177
      vertex -3.8148718774318695 -5 5.068925000727177
      vertex -3.652117967605591 -4.8 5.10283125191927
    endloop
  endfacet
  facet normal -0.20394956520732846 0 0.9789813965810289
    outer loop
      vertex -3.652117967605591 -4.8 5.10283125191927
      vertex -3.8148718774318695 -5 5.068925000727177
      vertex -3.652117967605591 -5 5.10283125191927
    endloop
  endfacet
  facet normal -0.2970623997319362 0 0.954858068335553
    outer loop
      vertex -3.4995374977588654 -4.8 5.1503000035882
      vertex -3.652117967605591 -5 5.10283125191927
      vertex -3.4995374977588654 -5 5.1503000035882
    endloop
  endfacet
  facet normal -0.2970623997319362 0 0.954858068335553
    outer loop
      vertex -3.652117967605591 -4.8 5.10283125191927
      vertex -3.652117967605591 -5 5.10283125191927
      vertex -3.4995374977588654 -4.8 5.1503000035882
    endloop
  endfacet
  facet normal -0.3939174471631209 0 0.9191458234798708
    outer loop
      vertex -3.357130467891693 -4.8 5.211331248283386
      vertex -3.4995374977588654 -5 5.1503000035882
      vertex -3.357130467891693 -5 5.211331248283386
    endloop
  endfacet
  facet normal -0.3939174471631209 0 0.9191458234798708
    outer loop
      vertex -3.4995374977588654 -4.8 5.1503000035882
      vertex -3.4995374977588654 -5 5.1503000035882
      vertex -3.357130467891693 -4.8 5.211331248283386
    endloop
  endfacet
  facet normal -0.4913234129750879 0 0.870977212022514
    outer loop
      vertex -3.224896878004074 -4.8 5.285925000905991
      vertex -3.357130467891693 -5 5.211331248283386
      vertex -3.224896878004074 -5 5.285925000905991
    endloop
  endfacet
  facet normal -0.4913234129750879 0 0.870977212022514
    outer loop
      vertex -3.357130467891693 -4.8 5.211331248283386
      vertex -3.357130467891693 -5 5.211331248283386
      vertex -3.224896878004074 -4.8 5.285925000905991
    endloop
  endfacet
  facet normal -0.585497919768796 0 0.8106739085146459
    outer loop
      vertex -3.1028367206454277 -4.8 5.3740812465548515
      vertex -3.224896878004074 -5 5.285925000905991
      vertex -3.1028367206454277 -5 5.3740812465548515
    endloop
  endfacet
  facet normal -0.585497919768796 0 0.8106739085146459
    outer loop
      vertex -3.224896878004074 -4.8 5.285925000905991
      vertex -3.224896878004074 -5 5.285925000905991
      vertex -3.1028367206454277 -4.8 5.3740812465548515
    endloop
  endfacet
  facet normal 0 -1 0
    outer loop
      vertex -4.7490187510848045 -4.8 5.125000782310963
      vertex -4.568549998104572 -4.8 5.078778125345707
      vertex -4.425572656095028 -4.8 5.822733595967293
    endloop
  endfacet
  facet normal 0 -1 0
    outer loop
      vertex -4.7490187510848045 -4.8 5.125000782310963
      vertex -4.425572656095028 -4.8 5.822733595967293
      vertex -4.492562502622604 -4.8 5.852587498724461
    endloop
  endfacet
  facet normal 0 -1 0
    outer loop
      vertex -4.568549998104572 -4.8 5.078778125345707
      vertex -4.375843748450279 -4.8 5.0510445311665535
      vertex -4.354715622961521 -4.8 5.801409378647804
    endloop
  endfacet
  facet normal 0 -1 0
    outer loop
      vertex -4.568549998104572 -4.8 5.078778125345707
      vertex -4.354715622961521 -4.8 5.801409378647804
      vertex -4.425572656095028 -4.8 5.822733595967293
    endloop
  endfacet
  facet normal 0 -1 0
    outer loop
      vertex -4.375843748450279 -4.8 5.0510445311665535
      vertex -4.279991403222084 -4.8 5.788614846765995
      vertex -4.354715622961521 -4.8 5.801409378647804
    endloop
  endfacet
  facet normal 0 -1 0
    outer loop
      vertex -4.375843748450279 -4.8 5.0510445311665535
      vertex -4.170900002121925 -4.8 5.041799999773502
      vertex -4.201399996876717 -4.8 5.784350000321865
    endloop
  endfacet
  facet normal 0 -1 0
    outer loop
      vertex -4.375843748450279 -4.8 5.0510445311665535
      vertex -4.201399996876717 -4.8 5.784350000321865
      vertex -4.279991403222084 -4.8 5.788614846765995
    endloop
  endfacet
  facet normal 0 -1 0
    outer loop
      vertex -4.170900002121925 -4.8 5.041799999773502
      vertex -4.123099997639656 -4.8 5.7879257798194885
      vertex -4.201399996876717 -4.8 5.784350000321865
    endloop
  endfacet
  facet normal 0 -1 0
    outer loop
      vertex -4.170900002121925 -4.8 5.041799999773502
      vertex -3.987799219787121 -4.8 5.048581250011921
      vertex -4.123099997639656 -4.8 5.7879257798194885
    endloop
  endfacet
  facet normal 0 -1 0
    outer loop
      vertex -3.987799219787121 -4.8 5.048581250011921
      vertex -3.8148718774318695 -4.8 5.068925000727177
      vertex -4.04924999922514 -4.8 5.7986531257629395
    endloop
  endfacet
  facet normal 0 -1 0
    outer loop
      vertex -3.987799219787121 -4.8 5.048581250011921
      vertex -4.04924999922514 -4.8 5.7986531257629395
      vertex -4.123099997639656 -4.8 5.7879257798194885
    endloop
  endfacet
  facet normal 0 -1 0
    outer loop
      vertex -4.04924999922514 -4.8 5.7986531257629395
      vertex -3.8148718774318695 -4.8 5.068925000727177
      vertex -3.9798500016331673 -4.8 5.816532030701637
    endloop
  endfacet
  facet normal 0 -1 0
    outer loop
      vertex -3.9798500016331673 -4.8 5.816532030701637
      vertex -3.8148718774318695 -4.8 5.068925000727177
      vertex -3.652117967605591 -4.8 5.10283125191927
    endloop
  endfacet
  facet normal 0 -1 0
    outer loop
      vertex -3.9798500016331673 -4.8 5.816532030701637
      vertex -3.652117967605591 -4.8 5.10283125191927
      vertex -3.9148999974131584 -4.8 5.841562502086163
    endloop
  endfacet
  facet normal 0 -1 0
    outer loop
      vertex -3.9148999974131584 -4.8 5.841562502086163
      vertex -3.4995374977588654 -4.8 5.1503000035882
      vertex -3.8544000014662743 -4.8 5.873744532465935
    endloop
  endfacet
  facet normal 0 -1 0
    outer loop
      vertex -3.9148999974131584 -4.8 5.841562502086163
      vertex -3.652117967605591 -4.8 5.10283125191927
      vertex -3.4995374977588654 -4.8 5.1503000035882
    endloop
  endfacet
  facet normal 0 -1 0
    outer loop
      vertex -3.8544000014662743 -4.8 5.873744532465935
      vertex -3.4995374977588654 -4.8 5.1503000035882
      vertex -3.357130467891693 -4.8 5.211331248283386
    endloop
  endfacet
  facet normal 0 -1 0
    outer loop
      vertex -3.7983499988913536 -4.8 5.913078121840954
      vertex -3.357130467891693 -4.8 5.211331248283386
      vertex -3.224896878004074 -4.8 5.285925000905991
    endloop
  endfacet
  facet normal 0 -1 0
    outer loop
      vertex -3.746749997138977 -4.8 5.9595632776618
      vertex -3.224896878004074 -4.8 5.285925000905991
      vertex -3.1028367206454277 -4.8 5.3740812465548515
    endloop
  endfacet
  facet normal 0 -1 0
    outer loop
      vertex -3.699600003659725 -4.8 6.013199999928474
      vertex -3.1028367206454277 -4.8 5.3740812465548515
      vertex -2.9909500032663345 -4.8 5.47580000013113
    endloop
  endfacet
  facet normal -0.6726856693018182 0 0.7399283683681583
    outer loop
      vertex -2.9909500032663345 -4.8 5.47580000013113
      vertex -3.1028367206454277 -5 5.3740812465548515
      vertex -2.9909500032663345 -5 5.47580000013113
    endloop
  endfacet
  facet normal -0.6726856693018182 0 0.7399283683681583
    outer loop
      vertex -3.1028367206454277 -4.8 5.3740812465548515
      vertex -3.1028367206454277 -5 5.3740812465548515
      vertex -2.9909500032663345 -4.8 5.47580000013113
    endloop
  endfacet
  facet normal -0.7503118475100518 0 0.6610840578066097
    outer loop
      vertex -2.9909500032663345 -4.8 5.47580000013113
      vertex -2.9909500032663345 -5 5.47580000013113
      vertex -2.890825003385544 -4.8 5.5894390642642975
    endloop
  endfacet
  facet normal -0.7503118475100518 0 0.6610840578066097
    outer loop
      vertex -2.890825003385544 -4.8 5.5894390642642975
      vertex -2.9909500032663345 -5 5.47580000013113
      vertex -2.890825003385544 -5 5.5894390642642975
    endloop
  endfacet
  facet normal 0 0 1
    outer loop
      vertex -1.8277499973773956 -4.8 5.1096000000834465
      vertex -1.8277499973773956 -5 5.1096000000834465
      vertex -0.874949999153614 -4.8 5.1096000000834465
    endloop
  endfacet
  facet normal 0 0 1
    outer loop
      vertex -0.874949999153614 -4.8 5.1096000000834465
      vertex -1.8277499973773956 -5 5.1096000000834465
      vertex -0.874949999153614 -5 5.1096000000834465
    endloop
  endfacet
  facet normal 0.8283022695011552 0 0.560281492054874
    outer loop
      vertex -5.467799998819828 -4.8 5.633450001478195
      vertex -5.573889844119549 -5 5.790289841592312
      vertex -5.467799998819828 -5 5.633450001478195
    endloop
  endfacet
  facet normal 0.8849181372394832 0 0.4657465946033352
    outer loop
      vertex -5.573889844119549 -4.8 5.790289841592312
      vertex -5.665834374725819 -5 5.964984372258186
      vertex -5.573889844119549 -5 5.790289841592312
    endloop
  endfacet
  facet normal 0.8283022695011552 0 0.560281492054874
    outer loop
      vertex -5.467799998819828 -4.8 5.633450001478195
      vertex -5.573889844119549 -4.8 5.790289841592312
      vertex -5.573889844119549 -5 5.790289841592312
    endloop
  endfacet
  facet normal 0.8849181372394832 0 0.4657465946033352
    outer loop
      vertex -5.665834374725819 -4.8 5.964984372258186
      vertex -5.665834374725819 -5 5.964984372258186
      vertex -5.573889844119549 -4.8 5.790289841592312
    endloop
  endfacet
  facet normal 0.927176694866048 0 0.3746243138095435
    outer loop
      vertex -5.665834374725819 -4.8 5.964984372258186
      vertex -5.7436335906386375 -5 6.157533593475819
      vertex -5.665834374725819 -5 5.964984372258186
    endloop
  endfacet
  facet normal 0.9571566872465527 0 0.28957050274364093
    outer loop
      vertex -5.7436335906386375 -4.8 6.157533593475819
      vertex -5.807287499308586 -5 6.367937497794628
      vertex -5.7436335906386375 -5 6.157533593475819
    endloop
  endfacet
  facet normal 0.927176694866048 0 0.3746243138095435
    outer loop
      vertex -5.665834374725819 -4.8 5.964984372258186
      vertex -5.7436335906386375 -4.8 6.157533593475819
      vertex -5.7436335906386375 -5 6.157533593475819
    endloop
  endfacet
  facet normal 0.9571566872465527 0 0.28957050274364093
    outer loop
      vertex -5.7436335906386375 -4.8 6.157533593475819
      vertex -5.807287499308586 -4.8 6.367937497794628
      vertex -5.807287499308586 -5 6.367937497794628
    endloop
  endfacet
  facet normal 0.9898341676350689 0 0.14222630059939792
    outer loop
      vertex -5.856796093285084 -4.8 6.5961960926651955
      vertex -5.8921593725681305 -5 6.842309378087521
      vertex -5.856796093285084 -5 6.5961960926651955
    endloop
  endfacet
  facet normal 0.9967850295395669 0 0.08012243684390012
    outer loop
      vertex -5.8921593725681305 -4.8 6.842309378087521
      vertex -5.913377344608307 -5 7.106277346611023
      vertex -5.8921593725681305 -5 6.842309378087521
    endloop
  endfacet
  facet normal 0.9898341676350689 0 0.14222630059939792
    outer loop
      vertex -5.856796093285084 -4.8 6.5961960926651955
      vertex -5.8921593725681305 -4.8 6.842309378087521
      vertex -5.8921593725681305 -5 6.842309378087521
    endloop
  endfacet
  facet normal 0.9967850295395669 0 0.08012243684390012
    outer loop
      vertex -5.8921593725681305 -4.8 6.842309378087521
      vertex -5.913377344608307 -4.8 7.106277346611023
      vertex -5.913377344608307 -5 7.106277346611023
    endloop
  endfacet
  facet normal 0.9772765410289012 0 0.21196830507079714
    outer loop
      vertex -5.807287499308586 -4.8 6.367937497794628
      vertex -5.856796093285084 -5 6.5961960926651955
      vertex -5.807287499308586 -5 6.367937497794628
    endloop
  endfacet
  facet normal 0.9772765410289012 0 0.21196830507079714
    outer loop
      vertex -5.807287499308586 -4.8 6.367937497794628
      vertex -5.856796093285084 -4.8 6.5961960926651955
      vertex -5.856796093285084 -5 6.5961960926651955
    endloop
  endfacet
  facet normal -0.7788278833361157 0 -0.6272376966813983
    outer loop
      vertex -4.721850000321865 -4.8 6.057300001382828
      vertex -4.6703289076685905 -5 5.993327341973782
      vertex -4.721850000321865 -5 6.057300001382828
    endloop
  endfacet
  facet normal -0.8347944146921504 0 -0.5505617905365301
    outer loop
      vertex -4.768338277935982 -4.8 6.127788282930851
      vertex -4.721850000321865 -5 6.057300001382828
      vertex -4.768338277935982 -5 6.127788282930851
    endloop
  endfacet
  facet normal -0.8809085934613917 0 -0.4732864354340535
    outer loop
      vertex -4.808628126978874 -4.8 6.202778123319149
      vertex -4.768338277935982 -5 6.127788282930851
      vertex -4.808628126978874 -5 6.202778123319149
    endloop
  endfacet
  facet normal -0.9190459587491755 0 -0.3941503846335922
    outer loop
      vertex -4.842719532549381 -4.8 6.2822695299983025
      vertex -4.808628126978874 -5 6.202778123319149
      vertex -4.842719532549381 -5 6.2822695299983025
    endloop
  endfacet
  facet normal -0.7788278833361157 0 -0.6272376966813983
    outer loop
      vertex -4.721850000321865 -4.8 6.057300001382828
      vertex -4.6703289076685905 -4.8 5.993327341973782
      vertex -4.6703289076685905 -5 5.993327341973782
    endloop
  endfacet
  facet normal -0.8347944146921504 0 -0.5505617905365301
    outer loop
      vertex -4.768338277935982 -4.8 6.127788282930851
      vertex -4.721850000321865 -4.8 6.057300001382828
      vertex -4.721850000321865 -5 6.057300001382828
    endloop
  endfacet
  facet normal -0.9190459587491755 0 -0.3941503846335922
    outer loop
      vertex -4.808628126978874 -4.8 6.202778123319149
      vertex -4.808628126978874 -5 6.202778123319149
      vertex -4.842719532549381 -4.8 6.2822695299983025
    endloop
  endfacet
  facet normal -0.9490375623659767 0 -0.3151629819925637
    outer loop
      vertex -4.842719532549381 -4.8 6.2822695299983025
      vertex -4.842719532549381 -5 6.2822695299983025
      vertex -4.8706125020980835 -4.8 6.366262502968311
    endloop
  endfacet
  facet normal -0.8809085934613917 0 -0.4732864354340535
    outer loop
      vertex -4.808628126978874 -4.8 6.202778123319149
      vertex -4.768338277935982 -4.8 6.127788282930851
      vertex -4.768338277935982 -5 6.127788282930851
    endloop
  endfacet
  facet normal -0.9712404945635337 0 -0.2381006125989232
    outer loop
      vertex -4.8923070281744 -4.8 6.454757034778595
      vertex -4.8706125020980835 -5 6.366262502968311
      vertex -4.8923070281744 -5 6.454757034778595
    endloop
  endfacet
  facet normal -0.9863995149915669 0 -0.1643654368302588
    outer loop
      vertex -4.907803125679493 -4.8 6.547753125429153
      vertex -4.8923070281744 -5 6.454757034778595
      vertex -4.907803125679493 -5 6.547753125429153
    endloop
  endfacet
  facet normal -0.9954837439438132 0 -0.09493216285120963
    outer loop
      vertex -4.9171007797122 -4.8 6.645250782370567
      vertex -4.907803125679493 -5 6.547753125429153
      vertex -4.9171007797122 -5 6.645250782370567
    endloop
  endfacet
  facet normal -0.9863995149915669 0 -0.1643654368302588
    outer loop
      vertex -4.907803125679493 -4.8 6.547753125429153
      vertex -4.8923070281744 -4.8 6.454757034778595
      vertex -4.8923070281744 -5 6.454757034778595
    endloop
  endfacet
  facet normal -0.9954837439438132 0 -0.09493216285120963
    outer loop
      vertex -4.907803125679493 -4.8 6.547753125429153
      vertex -4.907803125679493 -5 6.547753125429153
      vertex -4.9171007797122 -4.8 6.645250782370567
    endloop
  endfacet
  facet normal -0.9995387036642553 0 -0.03037070755152246
    outer loop
      vertex -4.9171007797122 -4.8 6.645250782370567
      vertex -4.9171007797122 -5 6.645250782370567
      vertex -4.920199997723103 -4.8 6.747249998152256
    endloop
  endfacet
  facet normal -0.9490375623659767 0 -0.3151629819925637
    outer loop
      vertex -4.8706125020980835 -4.8 6.366262502968311
      vertex -4.842719532549381 -5 6.2822695299983025
      vertex -4.8706125020980835 -5 6.366262502968311
    endloop
  endfacet
  facet normal -0.9712404945635337 0 -0.2381006125989232
    outer loop
      vertex -4.8706125020980835 -4.8 6.366262502968311
      vertex -4.8706125020980835 -5 6.366262502968311
      vertex -4.8923070281744 -4.8 6.454757034778595
    endloop
  endfacet
  facet normal -0.9995387036642553 0 -0.03037070755152246
    outer loop
      vertex -4.920199997723103 -4.8 6.747249998152256
      vertex -4.9171007797122 -5 6.645250782370567
      vertex -4.920199997723103 -5 6.747249998152256
    endloop
  endfacet
  facet normal -0.9993306590445115 0 0.03658187930741669
    outer loop
      vertex -4.917233593761921 -4.8 6.8282851576805115
      vertex -4.920199997723103 -5 6.747249998152256
      vertex -4.917233593761921 -5 6.8282851576805115
    endloop
  endfacet
  facet normal -0.9933798853276643 0 0.11487559978688479
    outer loop
      vertex -4.908334374427795 -4.8 6.905240625143051
      vertex -4.917233593761921 -5 6.8282851576805115
      vertex -4.908334374427795 -5 6.905240625143051
    endloop
  endfacet
  facet normal -0.9799108275958328 0 0.19943613002776175
    outer loop
      vertex -4.893502347171307 -4.8 6.978116407990456
      vertex -4.908334374427795 -5 6.905240625143051
      vertex -4.893502347171307 -5 6.978116407990456
    endloop
  endfacet
  facet normal -0.9993306590445115 0 0.03658187930741669
    outer loop
      vertex -4.920199997723103 -4.8 6.747249998152256
      vertex -4.920199997723103 -5 6.747249998152256
      vertex -4.917233593761921 -4.8 6.8282851576805115
    endloop
  endfacet
  facet normal -0.9933798853276643 0 0.11487559978688479
    outer loop
      vertex -4.917233593761921 -4.8 6.8282851576805115
      vertex -4.917233593761921 -5 6.8282851576805115
      vertex -4.908334374427795 -4.8 6.905240625143051
    endloop
  endfacet
  facet normal -0.9799108275958328 0 0.19943613002776175
    outer loop
      vertex -4.908334374427795 -4.8 6.905240625143051
      vertex -4.908334374427795 -5 6.905240625143051
      vertex -4.893502347171307 -4.8 6.978116407990456
    endloop
  endfacet
  facet normal -0.9573422670768396 0 0.28895636983492345
    outer loop
      vertex -4.893502347171307 -4.8 6.978116407990456
      vertex -4.893502347171307 -5 6.978116407990456
      vertex -4.872737497091293 -4.8 7.046912498772144
    endloop
  endfacet
  facet normal -0.9573422670768396 0 0.28895636983492345
    outer loop
      vertex -4.872737497091293 -4.8 7.046912498772144
      vertex -4.893502347171307 -5 6.978116407990456
      vertex -4.872737497091293 -5 7.046912498772144
    endloop
  endfacet
  facet normal 0.9996852408513444 0 0.02508822879339167
    outer loop
      vertex -5.913377344608307 -4.8 7.106277346611023
      vertex -5.920450001955032 -5 7.3880999982357025
      vertex -5.913377344608307 -5 7.106277346611023
    endloop
  endfacet
  facet normal 0.9996852408513444 0 0.02508822879339167
    outer loop
      vertex -5.913377344608307 -4.8 7.106277346611023
      vertex -5.920450001955032 -4.8 7.3880999982357025
      vertex -5.920450001955032 -5 7.3880999982357025
    endloop
  endfacet
  facet normal 0.9997314745857432 0 -0.023172801354508287
    outer loop
      vertex -5.920450001955032 -4.8 7.3880999982357025
      vertex -5.913271874189377 -5 7.697782032191753
      vertex -5.920450001955032 -5 7.3880999982357025
    endloop
  endfacet
  facet normal 0.9997314745857432 0 -0.023172801354508287
    outer loop
      vertex -5.920450001955032 -4.8 7.3880999982357025
      vertex -5.913271874189377 -4.8 7.697782032191753
      vertex -5.913271874189377 -5 7.697782032191753
    endloop
  endfacet
  facet normal 0.9972528493133347 0 -0.07407263014390177
    outer loop
      vertex -5.913271874189377 -4.8 7.697782032191753
      vertex -5.891737498342991 -5 7.987703122198582
      vertex -5.913271874189377 -5 7.697782032191753
    endloop
  endfacet
  facet normal 0.9912906297096473 0 -0.1316923970844592
    outer loop
      vertex -5.891737498342991 -4.8 7.987703122198582
      vertex -5.8558468744158745 -5 8.257863283157349
      vertex -5.891737498342991 -5 7.987703122198582
    endloop
  endfacet
  facet normal 0.9972528493133347 0 -0.07407263014390177
    outer loop
      vertex -5.913271874189377 -4.8 7.697782032191753
      vertex -5.891737498342991 -4.8 7.987703122198582
      vertex -5.891737498342991 -5 7.987703122198582
    endloop
  endfacet
  facet normal 0.9912906297096473 0 -0.1316923970844592
    outer loop
      vertex -5.891737498342991 -4.8 7.987703122198582
      vertex -5.8558468744158745 -4.8 8.257863283157349
      vertex -5.8558468744158745 -5 8.257863283157349
    endloop
  endfacet
  facet normal 0.9804547025907735 0 -0.19674495207663656
    outer loop
      vertex -5.8558468744158745 -4.8 8.257863283157349
      vertex -5.805600002408028 -5 8.508262500166893
      vertex -5.8558468744158745 -5 8.257863283157349
    endloop
  endfacet
  facet normal 0.9804547025907735 0 -0.19674495207663656
    outer loop
      vertex -5.8558468744158745 -4.8 8.257863283157349
      vertex -5.805600002408028 -4.8 8.508262500166893
      vertex -5.805600002408028 -5 8.508262500166893
    endloop
  endfacet
  facet normal -0.9244278600647019 0 0.381356960781098
    outer loop
      vertex -4.846039846539497 -4.8 7.111628904938698
      vertex -4.872737497091293 -5 7.046912498772144
      vertex -4.846039846539497 -5 7.111628904938698
    endloop
  endfacet
  facet normal -0.8805927315407326 0 0.47387386629527417
    outer loop
      vertex -4.813409373164177 -4.8 7.172265626490116
      vertex -4.846039846539497 -5 7.111628904938698
      vertex -4.813409373164177 -5 7.172265626490116
    endloop
  endfacet
  facet normal -0.8262159855981849 0 0.5633534815211668
    outer loop
      vertex -4.774846091866493 -4.8 7.228822655975819
      vertex -4.813409373164177 -5 7.172265626490116
      vertex -4.774846091866493 -5 7.228822655975819
    endloop
  endfacet
  facet normal -0.7627252222600286 0 0.6467226881194057
    outer loop
      vertex -4.730350002646446 -4.8 7.281300000846386
      vertex -4.774846091866493 -5 7.228822655975819
      vertex -4.730350002646446 -5 7.281300000846386
    endloop
  endfacet
  facet normal -0.6912233828836749 0 0.7226411522705086
    outer loop
      vertex -4.6809156239032745 -4.8 7.328585155308247
      vertex -4.730350002646446 -5 7.281300000846386
      vertex -4.6809156239032745 -5 7.328585155308247
    endloop
  endfacet
  facet normal -0.9244278600647019 0 0.381356960781098
    outer loop
      vertex -4.872737497091293 -4.8 7.046912498772144
      vertex -4.872737497091293 -5 7.046912498772144
      vertex -4.846039846539497 -4.8 7.111628904938698
    endloop
  endfacet
  facet normal -0.8805927315407326 0 0.47387386629527417
    outer loop
      vertex -4.846039846539497 -4.8 7.111628904938698
      vertex -4.846039846539497 -5 7.111628904938698
      vertex -4.813409373164177 -4.8 7.172265626490116
    endloop
  endfacet
  facet normal -0.8262159855981849 0 0.5633534815211668
    outer loop
      vertex -4.813409373164177 -4.8 7.172265626490116
      vertex -4.813409373164177 -5 7.172265626490116
      vertex -4.774846091866493 -4.8 7.228822655975819
    endloop
  endfacet
  facet normal -0.7627252222600286 0 0.6467226881194057
    outer loop
      vertex -4.774846091866493 -4.8 7.228822655975819
      vertex -4.774846091866493 -5 7.228822655975819
      vertex -4.730350002646446 -4.8 7.281300000846386
    endloop
  endfacet
  facet normal -0.6912233828836749 0 0.7226411522705086
    outer loop
      vertex -4.730350002646446 -4.8 7.281300000846386
      vertex -4.730350002646446 -5 7.281300000846386
      vertex -4.6809156239032745 -4.8 7.328585155308247
    endloop
  endfacet
  facet normal 0.8391530019677488 0 -0.5438954304721778
    outer loop
      vertex -4.988049998879433 -4.8 7.659350000321865
      vertex -4.94804609566927 -5 7.721070311963558
      vertex -4.988049998879433 -5 7.659350000321865
    endloop
  endfacet
  facet normal -0.9998361818640713 0 0.0180999844054059
    outer loop
      vertex -4.988049998879433 -4.8 7.659350000321865
      vertex -4.988049998879433 -5 7.659350000321865
      vertex -4.984632812440395 -4.8 7.848114065825939
    endloop
  endfacet
  facet normal 0.8391530019677488 0 -0.5438954304721778
    outer loop
      vertex -4.988049998879433 -4.8 7.659350000321865
      vertex -4.94804609566927 -4.8 7.721070311963558
      vertex -4.94804609566927 -5 7.721070311963558
    endloop
  endfacet
  facet normal -0.9998361818640713 0 0.0180999844054059
    outer loop
      vertex -4.984632812440395 -4.8 7.848114065825939
      vertex -4.988049998879433 -5 7.659350000321865
      vertex -4.984632812440395 -5 7.848114065825939
    endloop
  endfacet
  facet normal 0.7986530692757681 0 -0.6017917205615205
    outer loop
      vertex -4.94804609566927 -4.8 7.721070311963558
      vertex -4.904334373772144 -5 7.779081247746944
      vertex -4.94804609566927 -5 7.721070311963558
    endloop
  endfacet
  facet normal 0.7532248297721735 0 -0.6577631456798718
    outer loop
      vertex -4.904334373772144 -4.8 7.779081247746944
      vertex -4.8569148406386375 -5 7.833382815122604
      vertex -4.904334373772144 -5 7.779081247746944
    endloop
  endfacet
  facet normal -0.9983149395249336 0 0.05802828208148289
    outer loop
      vertex -4.974381253123283 -4.8 8.024481251835823
      vertex -4.984632812440395 -5 7.848114065825939
      vertex -4.974381253123283 -5 8.024481251835823
    endloop
  endfacet
  facet normal -0.9983149395249336 0 0.05802828208148289
    outer loop
      vertex -4.984632812440395 -4.8 7.848114065825939
      vertex -4.984632812440395 -5 7.848114065825939
      vertex -4.974381253123283 -4.8 8.024481251835823
    endloop
  endfacet
  facet normal 0.7986530692757681 0 -0.6017917205615205
    outer loop
      vertex -4.94804609566927 -4.8 7.721070311963558
      vertex -4.904334373772144 -4.8 7.779081247746944
      vertex -4.904334373772144 -5 7.779081247746944
    endloop
  endfacet
  facet normal -0.9946148462512591 0 0.103640279894374
    outer loop
      vertex -4.974381253123283 -4.8 8.024481251835823
      vertex -4.974381253123283 -5 8.024481251835823
      vertex -4.957295313477516 -4.8 8.188451565802097
    endloop
  endfacet
  facet normal 0.7033769133120188 0 -0.7108170776083371
    outer loop
      vertex -4.8569148406386375 -4.8 7.833382815122604
      vertex -4.80578750371933 -5 7.883974999189377
      vertex -4.8569148406386375 -5 7.833382815122604
    endloop
  endfacet
  facet normal 0.6498419779244302 0 -0.7600693413941023
    outer loop
      vertex -4.80578750371933 -4.8 7.883974999189377
      vertex -4.750952340662479 -5 7.930857814848423
      vertex -4.80578750371933 -5 7.883974999189377
    endloop
  endfacet
  facet normal 0.5935242856665459 0 -0.804816079812038
    outer loop
      vertex -4.750952340662479 -4.8 7.930857814848423
      vertex -4.692409373819828 -5 7.974031247198582
      vertex -4.750952340662479 -5 7.930857814848423
    endloop
  endfacet
  facet normal 0.7532248297721735 0 -0.6577631456798718
    outer loop
      vertex -4.904334373772144 -4.8 7.779081247746944
      vertex -4.8569148406386375 -4.8 7.833382815122604
      vertex -4.8569148406386375 -5 7.833382815122604
    endloop
  endfacet
  facet normal 0.7033769133120188 0 -0.7108170776083371
    outer loop
      vertex -4.8569148406386375 -4.8 7.833382815122604
      vertex -4.80578750371933 -4.8 7.883974999189377
      vertex -4.80578750371933 -5 7.883974999189377
    endloop
  endfacet
  facet normal 0.6498419779244302 0 -0.7600693413941023
    outer loop
      vertex -4.80578750371933 -4.8 7.883974999189377
      vertex -4.750952340662479 -4.8 7.930857814848423
      vertex -4.750952340662479 -5 7.930857814848423
    endloop
  endfacet
  facet normal 0.5935242856665459 0 -0.804816079812038
    outer loop
      vertex -4.750952340662479 -4.8 7.930857814848423
      vertex -4.692409373819828 -4.8 7.974031247198582
      vertex -4.692409373819828 -5 7.974031247198582
    endloop
  endfacet
  facet normal -0.9946148462512591 0 0.103640279894374
    outer loop
      vertex -4.957295313477516 -4.8 8.188451565802097
      vertex -4.974381253123283 -5 8.024481251835823
      vertex -4.957295313477516 -5 8.188451565802097
    endloop
  endfacet
  facet normal -0.9877753458529772 0 0.15588414327644498
    outer loop
      vertex -4.933375000953674 -4.8 8.340025000274181
      vertex -4.957295313477516 -5 8.188451565802097
      vertex -4.933375000953674 -5 8.340025000274181
    endloop
  endfacet
  facet normal -0.9764440528784483 0 0.2157707385126869
    outer loop
      vertex -4.902620315551758 -4.8 8.479201562702656
      vertex -4.933375000953674 -5 8.340025000274181
      vertex -4.902620315551758 -5 8.479201562702656
    endloop
  endfacet
  facet normal -0.9877753458529772 0 0.15588414327644498
    outer loop
      vertex -4.957295313477516 -4.8 8.188451565802097
      vertex -4.957295313477516 -5 8.188451565802097
      vertex -4.933375000953674 -4.8 8.340025000274181
    endloop
  endfacet
  facet normal -0.9764440528784483 0 0.2157707385126869
    outer loop
      vertex -4.933375000953674 -4.8 8.340025000274181
      vertex -4.933375000953674 -5 8.340025000274181
      vertex -4.902620315551758 -4.8 8.479201562702656
    endloop
  endfacet
  facet normal 0 -1 0
    outer loop
      vertex -5.7436335906386375 -4.8 6.157533593475819
      vertex -4.8923070281744 -4.8 6.454757034778595
      vertex -5.807287499308586 -4.8 6.367937497794628
    endloop
  endfacet
  facet normal 0 -1 0
    outer loop
      vertex -5.807287499308586 -4.8 6.367937497794628
      vertex -4.907803125679493 -4.8 6.547753125429153
      vertex -5.856796093285084 -4.8 6.5961960926651955
    endloop
  endfacet
  facet normal 0 -1 0
    outer loop
      vertex -5.856796093285084 -4.8 6.5961960926651955
      vertex -4.920199997723103 -4.8 6.747249998152256
      vertex -5.8921593725681305 -4.8 6.842309378087521
    endloop
  endfacet
  facet normal 0 -1 0
    outer loop
      vertex -5.8921593725681305 -4.8 6.842309378087521
      vertex -4.917233593761921 -4.8 6.8282851576805115
      vertex -5.913377344608307 -4.8 7.106277346611023
    endloop
  endfacet
  facet normal 0 -1 0
    outer loop
      vertex -5.467799998819828 -4.8 5.633450001478195
      vertex -5.348518751561642 -4.8 5.494782030582428
      vertex -4.721850000321865 -4.8 6.057300001382828
    endloop
  endfacet
  facet normal 0 -1 0
    outer loop
      vertex -5.467799998819828 -4.8 5.633450001478195
      vertex -4.768338277935982 -4.8 6.127788282930851
      vertex -5.573889844119549 -4.8 5.790289841592312
    endloop
  endfacet
  facet normal 0 -1 0
    outer loop
      vertex -5.665834374725819 -4.8 5.964984372258186
      vertex -4.842719532549381 -4.8 6.2822695299983025
      vertex -5.7436335906386375 -4.8 6.157533593475819
    endloop
  endfacet
  facet normal 0 -1 0
    outer loop
      vertex -5.665834374725819 -4.8 5.964984372258186
      vertex -5.573889844119549 -4.8 5.790289841592312
      vertex -4.808628126978874 -4.8 6.202778123319149
    endloop
  endfacet
  facet normal 0 -1 0
    outer loop
      vertex -5.665834374725819 -4.8 5.964984372258186
      vertex -4.808628126978874 -4.8 6.202778123319149
      vertex -4.842719532549381 -4.8 6.2822695299983025
    endloop
  endfacet
  facet normal 0 -1 0
    outer loop
      vertex -5.7436335906386375 -4.8 6.157533593475819
      vertex -4.842719532549381 -4.8 6.2822695299983025
      vertex -4.8706125020980835 -4.8 6.366262502968311
    endloop
  endfacet
  facet normal 0 -1 0
    outer loop
      vertex -5.7436335906386375 -4.8 6.157533593475819
      vertex -4.8706125020980835 -4.8 6.366262502968311
      vertex -4.8923070281744 -4.8 6.454757034778595
    endloop
  endfacet
  facet normal 0 -1 0
    outer loop
      vertex -5.467799998819828 -4.8 5.633450001478195
      vertex -4.721850000321865 -4.8 6.057300001382828
      vertex -4.768338277935982 -4.8 6.127788282930851
    endloop
  endfacet
  facet normal 0 -1 0
    outer loop
      vertex -5.348518751561642 -4.8 5.494782030582428
      vertex -4.6703289076685905 -4.8 5.993327341973782
      vertex -4.721850000321865 -4.8 6.057300001382828
    endloop
  endfacet
  facet normal 0 -1 0
    outer loop
      vertex -5.217000000178814 -4.8 5.374603122472763
      vertex -4.614940628409386 -4.8 5.937884375452995
      vertex -4.6703289076685905 -4.8 5.993327341973782
    endloop
  endfacet
  facet normal 0 -1 0
    outer loop
      vertex -5.073243752121925 -4.8 5.272913284599781
      vertex -4.55568515509367 -4.8 5.890971094369888
      vertex -4.614940628409386 -4.8 5.937884375452995
    endloop
  endfacet
  facet normal 0 -1 0
    outer loop
      vertex -5.573889844119549 -4.8 5.790289841592312
      vertex -4.768338277935982 -4.8 6.127788282930851
      vertex -4.808628126978874 -4.8 6.202778123319149
    endloop
  endfacet
  facet normal 0 -1 0
    outer loop
      vertex -5.807287499308586 -4.8 6.367937497794628
      vertex -4.8923070281744 -4.8 6.454757034778595
      vertex -4.907803125679493 -4.8 6.547753125429153
    endloop
  endfacet
  facet normal 0 -1 0
    outer loop
      vertex -5.856796093285084 -4.8 6.5961960926651955
      vertex -4.907803125679493 -4.8 6.547753125429153
      vertex -4.9171007797122 -4.8 6.645250782370567
    endloop
  endfacet
  facet normal 0 -1 0
    outer loop
      vertex -5.856796093285084 -4.8 6.5961960926651955
      vertex -4.9171007797122 -4.8 6.645250782370567
      vertex -4.920199997723103 -4.8 6.747249998152256
    endloop
  endfacet
  facet normal 0 -1 0
    outer loop
      vertex -5.8921593725681305 -4.8 6.842309378087521
      vertex -4.920199997723103 -4.8 6.747249998152256
      vertex -4.917233593761921 -4.8 6.8282851576805115
    endloop
  endfacet
  facet normal 0 -1 0
    outer loop
      vertex -5.913377344608307 -4.8 7.106277346611023
      vertex -4.917233593761921 -4.8 6.8282851576805115
      vertex -4.908334374427795 -4.8 6.905240625143051
    endloop
  endfacet
  facet normal 0 -1 0
    outer loop
      vertex -5.913377344608307 -4.8 7.106277346611023
      vertex -4.908334374427795 -4.8 6.905240625143051
      vertex -4.893502347171307 -4.8 6.978116407990456
    endloop
  endfacet
  facet normal 0 -1 0
    outer loop
      vertex -5.913377344608307 -4.8 7.106277346611023
      vertex -4.893502347171307 -4.8 6.978116407990456
      vertex -5.920450001955032 -4.8 7.3880999982357025
    endloop
  endfacet
  facet normal 0 -1 0
    outer loop
      vertex -5.920450001955032 -4.8 7.3880999982357025
      vertex -4.988049998879433 -4.8 7.659350000321865
      vertex -5.913271874189377 -4.8 7.697782032191753
    endloop
  endfacet
  facet normal 0 -1 0
    outer loop
      vertex -5.913271874189377 -4.8 7.697782032191753
      vertex -4.984632812440395 -4.8 7.848114065825939
      vertex -5.891737498342991 -4.8 7.987703122198582
    endloop
  endfacet
  facet normal 0 -1 0
    outer loop
      vertex -5.891737498342991 -4.8 7.987703122198582
      vertex -4.974381253123283 -4.8 8.024481251835823
      vertex -5.8558468744158745 -4.8 8.257863283157349
    endloop
  endfacet
  facet normal 0 -1 0
    outer loop
      vertex -5.8558468744158745 -4.8 8.257863283157349
      vertex -4.957295313477516 -4.8 8.188451565802097
      vertex -5.805600002408028 -4.8 8.508262500166893
    endloop
  endfacet
  facet normal 0 -1 0
    outer loop
      vertex -5.920450001955032 -4.8 7.3880999982357025
      vertex -4.893502347171307 -4.8 6.978116407990456
      vertex -4.872737497091293 -4.8 7.046912498772144
    endloop
  endfacet
  facet normal 0 -1 0
    outer loop
      vertex -5.920450001955032 -4.8 7.3880999982357025
      vertex -4.872737497091293 -4.8 7.046912498772144
      vertex -4.846039846539497 -4.8 7.111628904938698
    endloop
  endfacet
  facet normal 0 -1 0
    outer loop
      vertex -5.920450001955032 -4.8 7.3880999982357025
      vertex -4.846039846539497 -4.8 7.111628904938698
      vertex -4.813409373164177 -4.8 7.172265626490116
    endloop
  endfacet
  facet normal 0 -1 0
    outer loop
      vertex -5.920450001955032 -4.8 7.3880999982357025
      vertex -4.813409373164177 -4.8 7.172265626490116
      vertex -4.774846091866493 -4.8 7.228822655975819
    endloop
  endfacet
  facet normal 0 -1 0
    outer loop
      vertex -5.920450001955032 -4.8 7.3880999982357025
      vertex -4.774846091866493 -4.8 7.228822655975819
      vertex -4.988049998879433 -4.8 7.659350000321865
    endloop
  endfacet
  facet normal 0 -1 0
    outer loop
      vertex -4.774846091866493 -4.8 7.228822655975819
      vertex -4.730350002646446 -4.8 7.281300000846386
      vertex -4.988049998879433 -4.8 7.659350000321865
    endloop
  endfacet
  facet normal 0 -1 0
    outer loop
      vertex -4.730350002646446 -4.8 7.281300000846386
      vertex -4.6809156239032745 -4.8 7.328585155308247
      vertex -4.988049998879433 -4.8 7.659350000321865
    endloop
  endfacet
  facet normal 0 -1 0
    outer loop
      vertex -4.6809156239032745 -4.8 7.328585155308247
      vertex -4.627562500536442 -4.8 7.36956562846899
      vertex -4.988049998879433 -4.8 7.659350000321865
    endloop
  endfacet
  facet normal 0 -1 0
    outer loop
      vertex -4.627562500536442 -4.8 7.36956562846899
      vertex -4.570290625095367 -4.8 7.404241405427456
      vertex -4.94804609566927 -4.8 7.721070311963558
    endloop
  endfacet
  facet normal 0 -1 0
    outer loop
      vertex -4.627562500536442 -4.8 7.36956562846899
      vertex -4.94804609566927 -4.8 7.721070311963558
      vertex -4.988049998879433 -4.8 7.659350000321865
    endloop
  endfacet
  facet normal 0 -1 0
    outer loop
      vertex -4.570290625095367 -4.8 7.404241405427456
      vertex -4.904334373772144 -4.8 7.779081247746944
      vertex -4.94804609566927 -4.8 7.721070311963558
    endloop
  endfacet
  facet normal 0 -1 0
    outer loop
      vertex -4.570290625095367 -4.8 7.404241405427456
      vertex -4.8569148406386375 -4.8 7.833382815122604
      vertex -4.904334373772144 -4.8 7.779081247746944
    endloop
  endfacet
  facet normal 0 -1 0
    outer loop
      vertex -4.509099997580051 -4.8 7.4326125010848045
      vertex -4.80578750371933 -4.8 7.883974999189377
      vertex -4.8569148406386375 -4.8 7.833382815122604
    endloop
  endfacet
  facet normal 0 -1 0
    outer loop
      vertex -5.913271874189377 -4.8 7.697782032191753
      vertex -4.988049998879433 -4.8 7.659350000321865
      vertex -4.984632812440395 -4.8 7.848114065825939
    endloop
  endfacet
  facet normal 0 -1 0
    outer loop
      vertex -5.891737498342991 -4.8 7.987703122198582
      vertex -4.984632812440395 -4.8 7.848114065825939
      vertex -4.974381253123283 -4.8 8.024481251835823
    endloop
  endfacet
  facet normal 0 -1 0
    outer loop
      vertex -5.8558468744158745 -4.8 8.257863283157349
      vertex -4.974381253123283 -4.8 8.024481251835823
      vertex -4.957295313477516 -4.8 8.188451565802097
    endloop
  endfacet
  facet normal 0 -1 0
    outer loop
      vertex -5.805600002408028 -4.8 8.508262500166893
      vertex -4.957295313477516 -4.8 8.188451565802097
      vertex -4.933375000953674 -4.8 8.340025000274181
    endloop
  endfacet
  facet normal 0 -1 0
    outer loop
      vertex -4.509099997580051 -4.8 7.4326125010848045
      vertex -4.750952340662479 -4.8 7.930857814848423
      vertex -4.80578750371933 -4.8 7.883974999189377
    endloop
  endfacet
  facet normal -0.7074556014868384 0 -0.7067577887260215
    outer loop
      vertex -4.6703289076685905 -4.8 5.993327341973782
      vertex -4.614940628409386 -5 5.937884375452995
      vertex -4.6703289076685905 -5 5.993327341973782
    endloop
  endfacet
  facet normal -0.6207248890862466 0 -0.7840284510582936
    outer loop
      vertex -4.614940628409386 -4.8 5.937884375452995
      vertex -4.55568515509367 -5 5.890971094369888
      vertex -4.614940628409386 -5 5.937884375452995
    endloop
  endfacet
  facet normal -0.5195628061984982 0 -0.8544322620402053
    outer loop
      vertex -4.55568515509367 -4.8 5.890971094369888
      vertex -4.492562502622604 -5 5.852587498724461
      vertex -4.55568515509367 -5 5.890971094369888
    endloop
  endfacet
  facet normal -0.7074556014868384 0 -0.7067577887260215
    outer loop
      vertex -4.614940628409386 -4.8 5.937884375452995
      vertex -4.614940628409386 -5 5.937884375452995
      vertex -4.6703289076685905 -4.8 5.993327341973782
    endloop
  endfacet
  facet normal -0.5195628061984982 0 -0.8544322620402053
    outer loop
      vertex -4.55568515509367 -4.8 5.890971094369888
      vertex -4.492562502622604 -4.8 5.852587498724461
      vertex -4.492562502622604 -5 5.852587498724461
    endloop
  endfacet
  facet normal -0.6207248890862466 0 -0.7840284510582936
    outer loop
      vertex -4.614940628409386 -4.8 5.937884375452995
      vertex -4.55568515509367 -4.8 5.890971094369888
      vertex -4.55568515509367 -5 5.890971094369888
    endloop
  endfacet
  facet normal -0.16876731717058097 0 -0.9856559200121737
    outer loop
      vertex -4.354715622961521 -4.8 5.801409378647804
      vertex -4.279991403222084 -5 5.788614846765995
      vertex -4.354715622961521 -5 5.801409378647804
    endloop
  endfacet
  facet normal -0.40705639179284736 0 -0.9134030292814821
    outer loop
      vertex -4.492562502622604 -4.8 5.852587498724461
      vertex -4.425572656095028 -5 5.822733595967293
      vertex -4.492562502622604 -5 5.852587498724461
    endloop
  endfacet
  facet normal -0.2881797980150569 0 -0.9575763175935383
    outer loop
      vertex -4.425572656095028 -4.8 5.822733595967293
      vertex -4.354715622961521 -5 5.801409378647804
      vertex -4.425572656095028 -5 5.822733595967293
    endloop
  endfacet
  facet normal -0.16876731717058097 0 -0.9856559200121737
    outer loop
      vertex -4.354715622961521 -4.8 5.801409378647804
      vertex -4.279991403222084 -4.8 5.788614846765995
      vertex -4.279991403222084 -5 5.788614846765995
    endloop
  endfacet
  facet normal -0.40705639179284736 0 -0.9134030292814821
    outer loop
      vertex -4.425572656095028 -4.8 5.822733595967293
      vertex -4.425572656095028 -5 5.822733595967293
      vertex -4.492562502622604 -4.8 5.852587498724461
    endloop
  endfacet
  facet normal -0.2881797980150569 0 -0.9575763175935383
    outer loop
      vertex -4.425572656095028 -4.8 5.822733595967293
      vertex -4.354715622961521 -4.8 5.801409378647804
      vertex -4.354715622961521 -5 5.801409378647804
    endloop
  endfacet
  facet normal -0.05418634052726707 0 -0.998530841036101
    outer loop
      vertex -4.279991403222084 -4.8 5.788614846765995
      vertex -4.201399996876717 -5 5.784350000321865
      vertex -4.279991403222084 -5 5.788614846765995
    endloop
  endfacet
  facet normal 0.04562013593837385 0 -0.9989588596118283
    outer loop
      vertex -4.201399996876717 -4.8 5.784350000321865
      vertex -4.123099997639656 -5 5.7879257798194885
      vertex -4.201399996876717 -5 5.784350000321865
    endloop
  endfacet
  facet normal -0.05418634052726707 0 -0.998530841036101
    outer loop
      vertex -4.279991403222084 -4.8 5.788614846765995
      vertex -4.201399996876717 -4.8 5.784350000321865
      vertex -4.201399996876717 -5 5.784350000321865
    endloop
  endfacet
  facet normal 0.04562013593837385 0 -0.9989588596118283
    outer loop
      vertex -4.201399996876717 -4.8 5.784350000321865
      vertex -4.123099997639656 -4.8 5.7879257798194885
      vertex -4.123099997639656 -5 5.7879257798194885
    endloop
  endfacet
  facet normal 0.1437499314091486 0 -0.9896140445748863
    outer loop
      vertex -4.123099997639656 -4.8 5.7879257798194885
      vertex -4.04924999922514 -5 5.7986531257629395
      vertex -4.123099997639656 -5 5.7879257798194885
    endloop
  endfacet
  facet normal 0.2494754286176566 0 -0.9683811287484059
    outer loop
      vertex -4.04924999922514 -4.8 5.7986531257629395
      vertex -3.9798500016331673 -5 5.816532030701637
      vertex -4.04924999922514 -5 5.7986531257629395
    endloop
  endfacet
  facet normal 0.3596010103203095 0 -0.9331061640438416
    outer loop
      vertex -3.9798500016331673 -4.8 5.816532030701637
      vertex -3.9148999974131584 -5 5.841562502086163
      vertex -3.9798500016331673 -5 5.816532030701637
    endloop
  endfacet
  facet normal 0.1437499314091486 0 -0.9896140445748863
    outer loop
      vertex -4.123099997639656 -4.8 5.7879257798194885
      vertex -4.04924999922514 -4.8 5.7986531257629395
      vertex -4.04924999922514 -5 5.7986531257629395
    endloop
  endfacet
  facet normal 0.2494754286176566 0 -0.9683811287484059
    outer loop
      vertex -4.04924999922514 -4.8 5.7986531257629395
      vertex -3.9798500016331673 -4.8 5.816532030701637
      vertex -3.9798500016331673 -5 5.816532030701637
    endloop
  endfacet
  facet normal 0.3596010103203095 0 -0.9331061640438416
    outer loop
      vertex -3.9798500016331673 -4.8 5.816532030701637
      vertex -3.9148999974131584 -4.8 5.841562502086163
      vertex -3.9148999974131584 -5 5.841562502086163
    endloop
  endfacet
  facet normal 0.4696264116568711 0 -0.8828652408348009
    outer loop
      vertex -3.9148999974131584 -4.8 5.841562502086163
      vertex -3.8544000014662743 -5 5.873744532465935
      vertex -3.9148999974131584 -5 5.841562502086163
    endloop
  endfacet
  facet normal 0.574428236831518 0 -0.8185549466777619
    outer loop
      vertex -3.8544000014662743 -4.8 5.873744532465935
      vertex -3.7983499988913536 -5 5.913078121840954
      vertex -3.8544000014662743 -5 5.873744532465935
    endloop
  endfacet
  facet normal 0.6693238582088171 0 -0.7429707752209797
    outer loop
      vertex -3.7983499988913536 -4.8 5.913078121840954
      vertex -3.746749997138977 -5 5.9595632776618
      vertex -3.7983499988913536 -5 5.913078121840954
    endloop
  endfacet
  facet normal 0.4696264116568711 0 -0.8828652408348009
    outer loop
      vertex -3.9148999974131584 -4.8 5.841562502086163
      vertex -3.8544000014662743 -4.8 5.873744532465935
      vertex -3.8544000014662743 -5 5.873744532465935
    endloop
  endfacet
  facet normal 0.574428236831518 0 -0.8185549466777619
    outer loop
      vertex -3.8544000014662743 -4.8 5.873744532465935
      vertex -3.7983499988913536 -4.8 5.913078121840954
      vertex -3.7983499988913536 -5 5.913078121840954
    endloop
  endfacet
  facet normal 0.6693238582088171 0 -0.7429707752209797
    outer loop
      vertex -3.7983499988913536 -4.8 5.913078121840954
      vertex -3.746749997138977 -4.8 5.9595632776618
      vertex -3.746749997138977 -5 5.9595632776618
    endloop
  endfacet
  facet normal 0.7510628772188663 0 -0.6602306827645305
    outer loop
      vertex -3.746749997138977 -4.8 5.9595632776618
      vertex -3.699600003659725 -5 6.013199999928474
      vertex -3.746749997138977 -5 5.9595632776618
    endloop
  endfacet
  facet normal 0.7510628772188663 0 -0.6602306827645305
    outer loop
      vertex -3.746749997138977 -4.8 5.9595632776618
      vertex -3.699600003659725 -4.8 6.013199999928474
      vertex -3.699600003659725 -5 6.013199999928474
    endloop
  endfacet
  facet normal 0.8182160517876003 0 -0.5749108562178237
    outer loop
      vertex -3.699600003659725 -4.8 6.013199999928474
      vertex -3.65748281031847 -5 6.073141403496265
      vertex -3.699600003659725 -5 6.013199999928474
    endloop
  endfacet
  facet normal 0.8731996041272705 0 -0.48736275129720164
    outer loop
      vertex -3.65748281031847 -4.8 6.073141403496265
      vertex -3.620981253683567 -5 6.138540625572205
      vertex -3.65748281031847 -5 6.073141403496265
    endloop
  endfacet
  facet normal 0.9166981293237154 0 -0.39958045459506747
    outer loop
      vertex -3.620981253683567 -4.8 6.138540625572205
      vertex -3.5900953114032745 -5 6.209397658705711
      vertex -3.620981253683567 -5 6.138540625572205
    endloop
  endfacet
  facet normal 0.9493082603157522 0 -0.31434666674911654
    outer loop
      vertex -3.5900953114032745 -4.8 6.209397658705711
      vertex -3.5648249983787537 -5 6.285712502896786
      vertex -3.5900953114032745 -5 6.209397658705711
    endloop
  endfacet
  facet normal 0.9723083313536517 0 -0.23370175176980876
    outer loop
      vertex -3.5648249983787537 -4.8 6.285712502896786
      vertex -3.5451703146100044 -5 6.367485158145428
      vertex -3.5648249983787537 -5 6.285712502896786
    endloop
  endfacet
  facet normal 0.8182160517876003 0 -0.5749108562178237
    outer loop
      vertex -3.699600003659725 -4.8 6.013199999928474
      vertex -3.65748281031847 -4.8 6.073141403496265
      vertex -3.65748281031847 -5 6.073141403496265
    endloop
  endfacet
  facet normal 0.8731996041272705 0 -0.48736275129720164
    outer loop
      vertex -3.65748281031847 -4.8 6.073141403496265
      vertex -3.620981253683567 -4.8 6.138540625572205
      vertex -3.620981253683567 -5 6.138540625572205
    endloop
  endfacet
  facet normal 0.9166981293237154 0 -0.39958045459506747
    outer loop
      vertex -3.620981253683567 -4.8 6.138540625572205
      vertex -3.5900953114032745 -4.8 6.209397658705711
      vertex -3.5900953114032745 -5 6.209397658705711
    endloop
  endfacet
  facet normal 0.9493082603157522 0 -0.31434666674911654
    outer loop
      vertex -3.5900953114032745 -4.8 6.209397658705711
      vertex -3.5648249983787537 -4.8 6.285712502896786
      vertex -3.5648249983787537 -5 6.285712502896786
    endloop
  endfacet
  facet normal 0.9872950958685313 0 -0.15889743130065967
    outer loop
      vertex -3.5451703146100044 -4.8 6.367485158145428
      vertex -3.5311312526464462 -5 6.454715624451637
      vertex -3.5451703146100044 -5 6.367485158145428
    endloop
  endfacet
  facet normal 0.9958958871602047 0 -0.09050625358166611
    outer loop
      vertex -3.5311312526464462 -4.8 6.454715624451637
      vertex -3.522707812488079 -5 6.547403909265995
      vertex -3.5311312526464462 -5 6.454715624451637
    endloop
  endfacet
  facet normal 0.9995910283154181 0 -0.028596784982317307
    outer loop
      vertex -3.522707812488079 -4.8 6.547403909265995
      vertex -3.5199000015854836 -5 6.64554999768734
      vertex -3.522707812488079 -5 6.547403909265995
    endloop
  endfacet
  facet normal 0.9995567475085203 0 0.029770933982462104
    outer loop
      vertex -3.5199000015854836 -4.8 6.64554999768734
      vertex -3.5228406265378 -5 6.744281247258186
      vertex -3.5199000015854836 -5 6.64554999768734
    endloop
  endfacet
  facet normal 0.9723083313536517 0 -0.23370175176980876
    outer loop
      vertex -3.5648249983787537 -4.8 6.285712502896786
      vertex -3.5451703146100044 -4.8 6.367485158145428
      vertex -3.5451703146100044 -5 6.367485158145428
    endloop
  endfacet
  facet normal 0.9872950958685313 0 -0.15889743130065967
    outer loop
      vertex -3.5451703146100044 -4.8 6.367485158145428
      vertex -3.5311312526464462 -4.8 6.454715624451637
      vertex -3.5311312526464462 -5 6.454715624451637
    endloop
  endfacet
  facet normal 0.9958958871602047 0 -0.09050625358166611
    outer loop
      vertex -3.5311312526464462 -4.8 6.454715624451637
      vertex -3.522707812488079 -4.8 6.547403909265995
      vertex -3.522707812488079 -5 6.547403909265995
    endloop
  endfacet
  facet normal 0.9995910283154181 0 -0.028596784982317307
    outer loop
      vertex -3.522707812488079 -4.8 6.547403909265995
      vertex -3.5199000015854836 -4.8 6.64554999768734
      vertex -3.5199000015854836 -5 6.64554999768734
    endloop
  endfacet
  facet normal 0.9955064717647044 0 0.09469353026785832
    outer loop
      vertex -3.5228406265378 -4.8 6.744281247258186
      vertex -3.5316625013947487 -5 6.837025001645088
      vertex -3.5228406265378 -5 6.744281247258186
    endloop
  endfacet
  facet normal 0.9859410378671755 0 0.16709359607536345
    outer loop
      vertex -3.5316625013947487 -4.8 6.837025001645088
      vertex -3.54636562615633 -5 6.923781253397465
      vertex -3.5316625013947487 -5 6.837025001645088
    endloop
  endfacet
  facet normal 0.9427041622544743 0 0.33362982850472134
    outer loop
      vertex -3.566950000822544 -4.8 7.004550002515316
      vertex -3.5934156253933907 -5 7.079331248998642
      vertex -3.566950000822544 -5 7.004550002515316
    endloop
  endfacet
  facet normal 0.969025268072268 0 0.2469615958756929
    outer loop
      vertex -3.54636562615633 -4.8 6.923781253397465
      vertex -3.566950000822544 -5 7.004550002515316
      vertex -3.54636562615633 -5 6.923781253397465
    endloop
  endfacet
  facet normal 0.9995567475085203 0 0.029770933982462104
    outer loop
      vertex -3.5199000015854836 -4.8 6.64554999768734
      vertex -3.5228406265378 -4.8 6.744281247258186
      vertex -3.5228406265378 -5 6.744281247258186
    endloop
  endfacet
  facet normal 0.9955064717647044 0 0.09469353026785832
    outer loop
      vertex -3.5228406265378 -4.8 6.744281247258186
      vertex -3.5316625013947487 -4.8 6.837025001645088
      vertex -3.5316625013947487 -5 6.837025001645088
    endloop
  endfacet
  facet normal 0.9859410378671755 0 0.16709359607536345
    outer loop
      vertex -3.5316625013947487 -4.8 6.837025001645088
      vertex -3.54636562615633 -4.8 6.923781253397465
      vertex -3.54636562615633 -5 6.923781253397465
    endloop
  endfacet
  facet normal 0.969025268072268 0 0.2469615958756929
    outer loop
      vertex -3.54636562615633 -4.8 6.923781253397465
      vertex -3.566950000822544 -4.8 7.004550002515316
      vertex -3.566950000822544 -5 7.004550002515316
    endloop
  endfacet
  facet normal -0.6091466426235169 0 0.7930576068486433
    outer loop
      vertex -4.627562500536442 -4.8 7.36956562846899
      vertex -4.6809156239032745 -5 7.328585155308247
      vertex -4.627562500536442 -5 7.36956562846899
    endloop
  endfacet
  facet normal -0.6091466426235169 0 0.7930576068486433
    outer loop
      vertex -4.6809156239032745 -4.8 7.328585155308247
      vertex -4.6809156239032745 -5 7.328585155308247
      vertex -4.627562500536442 -4.8 7.36956562846899
    endloop
  endfacet
  facet normal -0.5179253343036216 0 0.8554258285126081
    outer loop
      vertex -4.627562500536442 -4.8 7.36956562846899
      vertex -4.627562500536442 -5 7.36956562846899
      vertex -4.570290625095367 -4.8 7.404241405427456
    endloop
  endfacet
  facet normal -0.5179253343036216 0 0.8554258285126081
    outer loop
      vertex -4.570290625095367 -4.8 7.404241405427456
      vertex -4.627562500536442 -5 7.36956562846899
      vertex -4.570290625095367 -5 7.404241405427456
    endloop
  endfacet
  facet normal -0.42063753303317364 0 0.9072287836062994
    outer loop
      vertex -4.509099997580051 -4.8 7.4326125010848045
      vertex -4.570290625095367 -5 7.404241405427456
      vertex -4.509099997580051 -5 7.4326125010848045
    endloop
  endfacet
  facet normal -0.42063753303317364 0 0.9072287836062994
    outer loop
      vertex -4.570290625095367 -4.8 7.404241405427456
      vertex -4.570290625095367 -5 7.404241405427456
      vertex -4.509099997580051 -4.8 7.4326125010848045
    endloop
  endfacet
  facet normal -0.32097969937265286 0 0.9470860745416129
    outer loop
      vertex -4.443990625441074 -4.8 7.454678907990456
      vertex -4.509099997580051 -5 7.4326125010848045
      vertex -4.443990625441074 -5 7.454678907990456
    endloop
  endfacet
  facet normal -0.2226081791617651 0 0.9749079949258204
    outer loop
      vertex -4.374962501227856 -4.8 7.470440626144409
      vertex -4.443990625441074 -5 7.454678907990456
      vertex -4.374962501227856 -5 7.470440626144409
    endloop
  endfacet
  facet normal -0.12856676834663913 0 0.9917008551357116
    outer loop
      vertex -4.302015624940395 -4.8 7.479897655546665
      vertex -4.374962501227856 -5 7.470440626144409
      vertex -4.302015624940395 -5 7.479897655546665
    endloop
  endfacet
  facet normal -0.32097969937265286 0 0.9470860745416129
    outer loop
      vertex -4.509099997580051 -4.8 7.4326125010848045
      vertex -4.509099997580051 -5 7.4326125010848045
      vertex -4.443990625441074 -4.8 7.454678907990456
    endloop
  endfacet
  facet normal -0.2226081791617651 0 0.9749079949258204
    outer loop
      vertex -4.443990625441074 -4.8 7.454678907990456
      vertex -4.443990625441074 -5 7.454678907990456
      vertex -4.374962501227856 -4.8 7.470440626144409
    endloop
  endfacet
  facet normal -0.12856676834663913 0 0.9917008551357116
    outer loop
      vertex -4.374962501227856 -4.8 7.470440626144409
      vertex -4.374962501227856 -5 7.470440626144409
      vertex -4.302015624940395 -4.8 7.479897655546665
    endloop
  endfacet
  facet normal -0.040976708540513405 0 0.9991601019642377
    outer loop
      vertex -4.225149996578693 -4.8 7.483050003647804
      vertex -4.302015624940395 -5 7.479897655546665
      vertex -4.225149996578693 -5 7.483050003647804
    endloop
  endfacet
  facet normal 0.04200015894521053 0 0.9991176040129497
    outer loop
      vertex -4.145124219357967 -4.8 7.479685939848423
      vertex -4.225149996578693 -5 7.483050003647804
      vertex -4.145124219357967 -5 7.479685939848423
    endloop
  endfacet
  facet normal -0.040976708540513405 0 0.9991601019642377
    outer loop
      vertex -4.302015624940395 -4.8 7.479897655546665
      vertex -4.302015624940395 -5 7.479897655546665
      vertex -4.225149996578693 -4.8 7.483050003647804
    endloop
  endfacet
  facet normal 0.04200015894521053 0 0.9991176040129497
    outer loop
      vertex -4.225149996578693 -4.8 7.483050003647804
      vertex -4.225149996578693 -5 7.483050003647804
      vertex -4.145124219357967 -4.8 7.479685939848423
    endloop
  endfacet
  facet normal 0.13227376896578874 0 0.9912132212816702
    outer loop
      vertex -4.145124219357967 -4.8 7.479685939848423
      vertex -4.145124219357967 -5 7.479685939848423
      vertex -4.069496877491474 -4.8 7.469593748450279
    endloop
  endfacet
  facet normal 0.22982342448615253 0 0.9732323430494169
    outer loop
      vertex -3.9982679709792137 -4.8 7.4527734369039536
      vertex -4.069496877491474 -5 7.469593748450279
      vertex -3.9982679709792137 -5 7.4527734369039536
    endloop
  endfacet
  facet normal 0.13227376896578874 0 0.9912132212816702
    outer loop
      vertex -4.069496877491474 -4.8 7.469593748450279
      vertex -4.145124219357967 -5 7.479685939848423
      vertex -4.069496877491474 -5 7.469593748450279
    endloop
  endfacet
  facet normal 0.3323333290634646 0 0.943162000079305
    outer loop
      vertex -3.931437499821186 -4.8 7.429224997758865
      vertex -3.9982679709792137 -5 7.4527734369039536
      vertex -3.931437499821186 -5 7.429224997758865
    endloop
  endfacet
  facet normal 0.22982342448615253 0 0.9732323430494169
    outer loop
      vertex -4.069496877491474 -4.8 7.469593748450279
      vertex -4.069496877491474 -5 7.469593748450279
      vertex -3.9982679709792137 -4.8 7.4527734369039536
    endloop
  endfacet
  facet normal 0.3323333290634646 0 0.943162000079305
    outer loop
      vertex -3.9982679709792137 -4.8 7.4527734369039536
      vertex -3.9982679709792137 -5 7.4527734369039536
      vertex -3.931437499821186 -4.8 7.429224997758865
    endloop
  endfacet
  facet normal 0.4363491776737305 0 0.8997774142216837
    outer loop
      vertex -3.931437499821186 -4.8 7.429224997758865
      vertex -3.931437499821186 -5 7.429224997758865
      vertex -3.869005471467972 -4.8 7.398948438465595
    endloop
  endfacet
  facet normal 0.5354255261189279 0 -0.8445824447502265
    outer loop
      vertex -4.692409373819828 -4.8 7.974031247198582
      vertex -4.630158595740795 -5 8.013495311141014
      vertex -4.692409373819828 -5 7.974031247198582
    endloop
  endfacet
  facet normal 0.4765625461753958 0 -0.8791405687276772
    outer loop
      vertex -4.630158595740795 -4.8 8.013495311141014
      vertex -4.5641999989748 -5 8.04924999922514
      vertex -4.630158595740795 -5 8.013495311141014
    endloop
  endfacet
  facet normal 0.41885647655829195 0 -0.908052450051853
    outer loop
      vertex -4.5641999989748 -4.8 8.04924999922514
      vertex -4.495274998247623 -5 8.081042967736721
      vertex -4.5641999989748 -5 8.04924999922514
    endloop
  endfacet
  facet normal 0.5354255261189279 0 -0.8445824447502265
    outer loop
      vertex -4.692409373819828 -4.8 7.974031247198582
      vertex -4.630158595740795 -4.8 8.013495311141014
      vertex -4.630158595740795 -5 8.013495311141014
    endloop
  endfacet
  facet normal 0.4765625461753958 0 -0.8791405687276772
    outer loop
      vertex -4.630158595740795 -4.8 8.013495311141014
      vertex -4.5641999989748 -4.8 8.04924999922514
      vertex -4.5641999989748 -5 8.04924999922514
    endloop
  endfacet
  facet normal 0.41885647655829195 0 -0.908052450051853
    outer loop
      vertex -4.5641999989748 -4.8 8.04924999922514
      vertex -4.495274998247623 -4.8 8.081042967736721
      vertex -4.495274998247623 -5 8.081042967736721
    endloop
  endfacet
  facet normal 0.36113058309636975 0 -0.9325152556138028
    outer loop
      vertex -4.495274998247623 -4.8 8.081042967736721
      vertex -4.424125000834465 -5 8.108596876263618
      vertex -4.495274998247623 -5 8.081042967736721
    endloop
  endfacet
  facet normal 0.3028291515172962 0 -0.953044859904986
    outer loop
      vertex -4.424125000834465 -4.8 8.108596876263618
      vertex -4.350749999284744 -5 8.131911717355251
      vertex -4.424125000834465 -5 8.108596876263618
    endloop
  endfacet
  facet normal 0.24465691855980617 0 -0.9696097112760477
    outer loop
      vertex -4.350749999284744 -4.8 8.131911717355251
      vertex -4.275150001049042 -5 8.1509874984622
      vertex -4.350749999284744 -5 8.131911717355251
    endloop
  endfacet
  facet normal 0.36113058309636975 0 -0.9325152556138028
    outer loop
      vertex -4.495274998247623 -4.8 8.081042967736721
      vertex -4.424125000834465 -4.8 8.108596876263618
      vertex -4.424125000834465 -5 8.108596876263618
    endloop
  endfacet
  facet normal 0.3028291515172962 0 -0.953044859904986
    outer loop
      vertex -4.424125000834465 -4.8 8.108596876263618
      vertex -4.350749999284744 -4.8 8.131911717355251
      vertex -4.350749999284744 -5 8.131911717355251
    endloop
  endfacet
  facet normal 0.24465691855980617 0 -0.9696097112760477
    outer loop
      vertex -4.350749999284744 -4.8 8.131911717355251
      vertex -4.275150001049042 -4.8 8.1509874984622
      vertex -4.275150001049042 -5 8.1509874984622
    endloop
  endfacet
  facet normal 0.18726936467177452 0 -0.9823085997055252
    outer loop
      vertex -4.275150001049042 -4.8 8.1509874984622
      vertex -4.197324998676777 -5 8.165824219584465
      vertex -4.275150001049042 -5 8.1509874984622
    endloop
  endfacet
  facet normal 0.13124280816648567 0 -0.9913502535958595
    outer loop
      vertex -4.197324998676777 -4.8 8.165824219584465
      vertex -4.11727499961853 -5 8.176421873271465
      vertex -4.197324998676777 -5 8.165824219584465
    endloop
  endfacet
  facet normal 0.18726936467177452 0 -0.9823085997055252
    outer loop
      vertex -4.275150001049042 -4.8 8.1509874984622
      vertex -4.197324998676777 -4.8 8.165824219584465
      vertex -4.197324998676777 -5 8.165824219584465
    endloop
  endfacet
  facet normal 0.13124280816648567 0 -0.9913502535958595
    outer loop
      vertex -4.197324998676777 -4.8 8.165824219584465
      vertex -4.11727499961853 -4.8 8.176421873271465
      vertex -4.11727499961853 -5 8.176421873271465
    endloop
  endfacet
  facet normal 0.07705485788862138 0 -0.9970268546412199
    outer loop
      vertex -4.11727499961853 -4.8 8.176421873271465
      vertex -4.034999996423721 -5 8.182780466973782
      vertex -4.11727499961853 -5 8.176421873271465
    endloop
  endfacet
  facet normal 0.025075352221880037 0 -0.9996855639204504
    outer loop
      vertex -4.034999996423721 -4.8 8.182780466973782
      vertex -3.9504999965429306 -5 8.184900000691414
      vertex -4.034999996423721 -5 8.182780466973782
    endloop
  endfacet
  facet normal 0.07705485788862138 0 -0.9970268546412199
    outer loop
      vertex -4.11727499961853 -4.8 8.176421873271465
      vertex -4.034999996423721 -4.8 8.182780466973782
      vertex -4.034999996423721 -5 8.182780466973782
    endloop
  endfacet
  facet normal 0.025075352221880037 0 -0.9996855639204504
    outer loop
      vertex -4.034999996423721 -4.8 8.182780466973782
      vertex -3.9504999965429306 -4.8 8.184900000691414
      vertex -3.9504999965429306 -5 8.184900000691414
    endloop
  endfacet
  facet normal 0.5376427842116906 0 0.84317272049391
    outer loop
      vertex -3.8109718784689903 -4.8 7.361943751573563
      vertex -3.869005471467972 -5 7.398948438465595
      vertex -3.8109718784689903 -5 7.361943751573563
    endloop
  endfacet
  facet normal 0.7157355641278589 0 0.6983713927721953
    outer loop
      vertex -3.7080999985337257 -4.8 7.26775000244379
      vertex -3.7573367208242416 -5 7.3182109370827675
      vertex -3.7080999985337257 -5 7.26775000244379
    endloop
  endfacet
  facet normal 0.6319342536117192 0 0.7750219991149925
    outer loop
      vertex -3.7573367208242416 -4.8 7.3182109370827675
      vertex -3.8109718784689903 -5 7.361943751573563
      vertex -3.7573367208242416 -5 7.3182109370827675
    endloop
  endfacet
  facet normal 0.6319342536117192 0 0.7750219991149925
    outer loop
      vertex -3.8109718784689903 -4.8 7.361943751573563
      vertex -3.8109718784689903 -5 7.361943751573563
      vertex -3.7573367208242416 -4.8 7.3182109370827675
    endloop
  endfacet
  facet normal 0.7157355641278589 0 0.6983713927721953
    outer loop
      vertex -3.7573367208242416 -4.8 7.3182109370827675
      vertex -3.7573367208242416 -5 7.3182109370827675
      vertex -3.7080999985337257 -4.8 7.26775000244379
    endloop
  endfacet
  facet normal 0.85420922378808 0 0.5199294202056333
    outer loop
      vertex -3.62576249986887 -4.8 7.148125000298023
      vertex -3.6639906242489815 -5 7.210931248962879
      vertex -3.62576249986887 -5 7.148125000298023
    endloop
  endfacet
  facet normal 0.9049537485294913 0 0.4255099446809937
    outer loop
      vertex -3.5934156253933907 -4.8 7.079331248998642
      vertex -3.62576249986887 -5 7.148125000298023
      vertex -3.5934156253933907 -5 7.079331248998642
    endloop
  endfacet
  facet normal 0.7899110125588457 0 0.6132214870976548
    outer loop
      vertex -3.6639906242489815 -4.8 7.210931248962879
      vertex -3.7080999985337257 -5 7.26775000244379
      vertex -3.6639906242489815 -5 7.210931248962879
    endloop
  endfacet
  facet normal 0.9049537485294913 0 0.4255099446809937
    outer loop
      vertex -3.62576249986887 -4.8 7.148125000298023
      vertex -3.62576249986887 -5 7.148125000298023
      vertex -3.5934156253933907 -4.8 7.079331248998642
    endloop
  endfacet
  facet normal 0.85420922378808 0 0.5199294202056333
    outer loop
      vertex -3.6639906242489815 -4.8 7.210931248962879
      vertex -3.6639906242489815 -5 7.210931248962879
      vertex -3.62576249986887 -4.8 7.148125000298023
    endloop
  endfacet
  facet normal 0.9427041622544743 0 0.33362982850472134
    outer loop
      vertex -3.566950000822544 -4.8 7.004550002515316
      vertex -3.5934156253933907 -4.8 7.079331248998642
      vertex -3.5934156253933907 -5 7.079331248998642
    endloop
  endfacet
  facet normal 0.7899110125588457 0 0.6132214870976548
    outer loop
      vertex -3.6639906242489815 -4.8 7.210931248962879
      vertex -3.7080999985337257 -4.8 7.26775000244379
      vertex -3.7080999985337257 -5 7.26775000244379
    endloop
  endfacet
  facet normal 0.4363491776737305 0 0.8997774142216837
    outer loop
      vertex -3.869005471467972 -4.8 7.398948438465595
      vertex -3.931437499821186 -5 7.429224997758865
      vertex -3.869005471467972 -5 7.398948438465595
    endloop
  endfacet
  facet normal 0.5376427842116906 0 0.84317272049391
    outer loop
      vertex -3.869005471467972 -4.8 7.398948438465595
      vertex -3.869005471467972 -5 7.398948438465595
      vertex -3.8109718784689903 -4.8 7.361943751573563
    endloop
  endfacet
  facet normal -0.040714476766601726 0 -0.999170821922669
    outer loop
      vertex -3.9504999965429306 -4.8 8.184900000691414
      vertex -3.7944734394550323 -5 8.17854218930006
      vertex -3.9504999965429306 -5 8.184900000691414
    endloop
  endfacet
  facet normal -0.1281115552975299 0 -0.9917597639545819
    outer loop
      vertex -3.7944734394550323 -4.8 8.17854218930006
      vertex -3.6468187496066093 -5 8.159468747675419
      vertex -3.7944734394550323 -5 8.17854218930006
    endloop
  endfacet
  facet normal -0.040714476766601726 0 -0.999170821922669
    outer loop
      vertex -3.9504999965429306 -4.8 8.184900000691414
      vertex -3.7944734394550323 -4.8 8.17854218930006
      vertex -3.7944734394550323 -5 8.17854218930006
    endloop
  endfacet
  facet normal -0.2225120408277085 0 -0.9749299419377211
    outer loop
      vertex -3.6468187496066093 -4.8 8.159468747675419
      vertex -3.507535934448242 -5 8.12767969071865
      vertex -3.6468187496066093 -5 8.159468747675419
    endloop
  endfacet
  facet normal -0.1281115552975299 0 -0.9917597639545819
    outer loop
      vertex -3.6468187496066093 -4.8 8.159468747675419
      vertex -3.6468187496066093 -5 8.159468747675419
      vertex -3.7944734394550323 -4.8 8.17854218930006
    endloop
  endfacet
  facet normal -0.2225120408277085 0 -0.9749299419377211
    outer loop
      vertex -3.6468187496066093 -4.8 8.159468747675419
      vertex -3.507535934448242 -4.8 8.12767969071865
      vertex -3.507535934448242 -5 8.12767969071865
    endloop
  endfacet
  facet normal -0.42310052080242716 0 -0.906082749696028
    outer loop
      vertex -3.3766250014305115 -4.8 8.083175003528595
      vertex -3.254085935652256 -5 8.025954686105251
      vertex -3.3766250014305115 -5 8.083175003528595
    endloop
  endfacet
  facet normal -0.5223584237166935 0 -0.8527260270287352
    outer loop
      vertex -3.254085935652256 -4.8 8.025954686105251
      vertex -3.139918752014637 -5 7.956018753349781
      vertex -3.254085935652256 -5 8.025954686105251
    endloop
  endfacet
  facet normal -0.42310052080242716 0 -0.906082749696028
    outer loop
      vertex -3.3766250014305115 -4.8 8.083175003528595
      vertex -3.254085935652256 -4.8 8.025954686105251
      vertex -3.254085935652256 -5 8.025954686105251
    endloop
  endfacet
  facet normal -0.5223584237166935 0 -0.8527260270287352
    outer loop
      vertex -3.254085935652256 -4.8 8.025954686105251
      vertex -3.139918752014637 -4.8 7.956018753349781
      vertex -3.139918752014637 -5 7.956018753349781
    endloop
  endfacet
  facet normal -0.32187012404633564 0 -0.9467838313186365
    outer loop
      vertex -3.507535934448242 -4.8 8.12767969071865
      vertex -3.3766250014305115 -5 8.083175003528595
      vertex -3.507535934448242 -5 8.12767969071865
    endloop
  endfacet
  facet normal -0.32187012404633564 0 -0.9467838313186365
    outer loop
      vertex -3.507535934448242 -4.8 8.12767969071865
      vertex -3.3766250014305115 -4.8 8.083175003528595
      vertex -3.3766250014305115 -5 8.083175003528595
    endloop
  endfacet
  facet normal 0 -1 0
    outer loop
      vertex -4.917249999940395 -4.8 5.189712502062321
      vertex -4.492562502622604 -4.8 5.852587498724461
      vertex -4.55568515509367 -4.8 5.890971094369888
    endloop
  endfacet
  facet normal 0 -1 0
    outer loop
      vertex -3.8544000014662743 -4.8 5.873744532465935
      vertex -3.357130467891693 -4.8 5.211331248283386
      vertex -3.7983499988913536 -4.8 5.913078121840954
    endloop
  endfacet
  facet normal 0 -1 0
    outer loop
      vertex -3.7983499988913536 -4.8 5.913078121840954
      vertex -3.224896878004074 -4.8 5.285925000905991
      vertex -3.746749997138977 -4.8 5.9595632776618
    endloop
  endfacet
  facet normal 0 -1 0
    outer loop
      vertex -3.746749997138977 -4.8 5.9595632776618
      vertex -3.1028367206454277 -4.8 5.3740812465548515
      vertex -3.699600003659725 -4.8 6.013199999928474
    endloop
  endfacet
  facet normal 0 -1 0
    outer loop
      vertex -3.699600003659725 -4.8 6.013199999928474
      vertex -2.9909500032663345 -4.8 5.47580000013113
      vertex -3.65748281031847 -4.8 6.073141403496265
    endloop
  endfacet
  facet normal 0 -1 0
    outer loop
      vertex -3.65748281031847 -4.8 6.073141403496265
      vertex -2.890825003385544 -4.8 5.5894390642642975
      vertex -3.620981253683567 -4.8 6.138540625572205
    endloop
  endfacet
  facet normal 0 -1 0
    outer loop
      vertex -3.65748281031847 -4.8 6.073141403496265
      vertex -2.9909500032663345 -4.8 5.47580000013113
      vertex -2.890825003385544 -4.8 5.5894390642642975
    endloop
  endfacet
  facet normal 0 -1 0
    outer loop
      vertex -3.620981253683567 -4.8 6.138540625572205
      vertex -2.7306250035762787 -4.8 5.847551561892033
      vertex -3.5900953114032745 -4.8 6.209397658705711
    endloop
  endfacet
  facet normal 0 -1 0
    outer loop
      vertex -3.5900953114032745 -4.8 6.209397658705711
      vertex -2.6705500036478043 -4.8 5.992025002837181
      vertex -3.5648249983787537 -4.8 6.285712502896786
    endloop
  endfacet
  facet normal 0 -1 0
    outer loop
      vertex -3.5648249983787537 -4.8 6.285712502896786
      vertex -2.6238249987363815 -4.8 6.14677656441927
      vertex -3.5451703146100044 -4.8 6.367485158145428
    endloop
  endfacet
  facet normal 0 -1 0
    outer loop
      vertex -3.5451703146100044 -4.8 6.367485158145428
      vertex -2.590449996292591 -4.8 6.311806246638298
      vertex -3.5311312526464462 -4.8 6.454715624451637
    endloop
  endfacet
  facet normal 0 -1 0
    outer loop
      vertex -3.5311312526464462 -4.8 6.454715624451637
      vertex -2.590449996292591 -4.8 6.311806246638298
      vertex -3.522707812488079 -4.8 6.547403909265995
    endloop
  endfacet
  facet normal 0 -1 0
    outer loop
      vertex -3.522707812488079 -4.8 6.547403909265995
      vertex -2.570424996316433 -4.8 6.487114064395428
      vertex -3.5199000015854836 -4.8 6.64554999768734
    endloop
  endfacet
  facet normal 0 -1 0
    outer loop
      vertex -3.5199000015854836 -4.8 6.64554999768734
      vertex -2.563749998807907 -4.8 6.672700002789497
      vertex -3.5228406265378 -4.8 6.744281247258186
    endloop
  endfacet
  facet normal 0 -1 0
    outer loop
      vertex -3.5228406265378 -4.8 6.744281247258186
      vertex -2.569577343761921 -4.8 6.842756249010563
      vertex -3.5316625013947487 -4.8 6.837025001645088
    endloop
  endfacet
  facet normal 0 -1 0
    outer loop
      vertex -3.54636562615633 -4.8 6.923781253397465
      vertex -2.616196095943451 -4.8 7.155531249940395
      vertex -3.566950000822544 -4.8 7.004550002515316
    endloop
  endfacet
  facet normal 0 -1 0
    outer loop
      vertex -3.5316625013947487 -4.8 6.837025001645088
      vertex -2.5870593786239624 -4.8 7.003700003027916
      vertex -3.54636562615633 -4.8 6.923781253397465
    endloop
  endfacet
  facet normal 0 -1 0
    outer loop
      vertex -4.570290625095367 -4.8 7.404241405427456
      vertex -4.509099997580051 -4.8 7.4326125010848045
      vertex -4.8569148406386375 -4.8 7.833382815122604
    endloop
  endfacet
  facet normal 0 -1 0
    outer loop
      vertex -4.509099997580051 -4.8 7.4326125010848045
      vertex -4.443990625441074 -4.8 7.454678907990456
      vertex -4.750952340662479 -4.8 7.930857814848423
    endloop
  endfacet
  facet normal 0 -1 0
    outer loop
      vertex -4.443990625441074 -4.8 7.454678907990456
      vertex -4.374962501227856 -4.8 7.470440626144409
      vertex -4.630158595740795 -4.8 8.013495311141014
    endloop
  endfacet
  facet normal 0 -1 0
    outer loop
      vertex -4.374962501227856 -4.8 7.470440626144409
      vertex -4.302015624940395 -4.8 7.479897655546665
      vertex -4.495274998247623 -4.8 8.081042967736721
    endloop
  endfacet
  facet normal 0 -1 0
    outer loop
      vertex -4.302015624940395 -4.8 7.479897655546665
      vertex -4.225149996578693 -4.8 7.483050003647804
      vertex -4.350749999284744 -4.8 8.131911717355251
    endloop
  endfacet
  facet normal 0 -1 0
    outer loop
      vertex -4.225149996578693 -4.8 7.483050003647804
      vertex -4.145124219357967 -4.8 7.479685939848423
      vertex -4.197324998676777 -4.8 8.165824219584465
    endloop
  endfacet
  facet normal 0 -1 0
    outer loop
      vertex -4.145124219357967 -4.8 7.479685939848423
      vertex -4.069496877491474 -4.8 7.469593748450279
      vertex -4.11727499961853 -4.8 8.176421873271465
    endloop
  endfacet
  facet normal 0 -1 0
    outer loop
      vertex -4.069496877491474 -4.8 7.469593748450279
      vertex -3.9982679709792137 -4.8 7.4527734369039536
      vertex -3.9504999965429306 -4.8 8.184900000691414
    endloop
  endfacet
  facet normal 0 -1 0
    outer loop
      vertex -3.9982679709792137 -4.8 7.4527734369039536
      vertex -3.931437499821186 -4.8 7.429224997758865
      vertex -3.7944734394550323 -4.8 8.17854218930006
    endloop
  endfacet
  facet normal 0 -1 0
    outer loop
      vertex -4.443990625441074 -4.8 7.454678907990456
      vertex -4.692409373819828 -4.8 7.974031247198582
      vertex -4.750952340662479 -4.8 7.930857814848423
    endloop
  endfacet
  facet normal 0 -1 0
    outer loop
      vertex -4.443990625441074 -4.8 7.454678907990456
      vertex -4.630158595740795 -4.8 8.013495311141014
      vertex -4.692409373819828 -4.8 7.974031247198582
    endloop
  endfacet
  facet normal 0 -1 0
    outer loop
      vertex -4.374962501227856 -4.8 7.470440626144409
      vertex -4.5641999989748 -4.8 8.04924999922514
      vertex -4.630158595740795 -4.8 8.013495311141014
    endloop
  endfacet
  facet normal 0 -1 0
    outer loop
      vertex -4.374962501227856 -4.8 7.470440626144409
      vertex -4.495274998247623 -4.8 8.081042967736721
      vertex -4.5641999989748 -4.8 8.04924999922514
    endloop
  endfacet
  facet normal 0 -1 0
    outer loop
      vertex -4.302015624940395 -4.8 7.479897655546665
      vertex -4.424125000834465 -4.8 8.108596876263618
      vertex -4.495274998247623 -4.8 8.081042967736721
    endloop
  endfacet
  facet normal 0 -1 0
    outer loop
      vertex -4.302015624940395 -4.8 7.479897655546665
      vertex -4.350749999284744 -4.8 8.131911717355251
      vertex -4.424125000834465 -4.8 8.108596876263618
    endloop
  endfacet
  facet normal 0 -1 0
    outer loop
      vertex -4.225149996578693 -4.8 7.483050003647804
      vertex -4.275150001049042 -4.8 8.1509874984622
      vertex -4.350749999284744 -4.8 8.131911717355251
    endloop
  endfacet
  facet normal 0 -1 0
    outer loop
      vertex -4.225149996578693 -4.8 7.483050003647804
      vertex -4.197324998676777 -4.8 8.165824219584465
      vertex -4.275150001049042 -4.8 8.1509874984622
    endloop
  endfacet
  facet normal 0 -1 0
    outer loop
      vertex -4.145124219357967 -4.8 7.479685939848423
      vertex -4.11727499961853 -4.8 8.176421873271465
      vertex -4.197324998676777 -4.8 8.165824219584465
    endloop
  endfacet
  facet normal 0 -1 0
    outer loop
      vertex -4.069496877491474 -4.8 7.469593748450279
      vertex -4.034999996423721 -4.8 8.182780466973782
      vertex -4.11727499961853 -4.8 8.176421873271465
    endloop
  endfacet
  facet normal 0 -1 0
    outer loop
      vertex -4.069496877491474 -4.8 7.469593748450279
      vertex -3.9504999965429306 -4.8 8.184900000691414
      vertex -4.034999996423721 -4.8 8.182780466973782
    endloop
  endfacet
  facet normal 0 -1 0
    outer loop
      vertex -3.9982679709792137 -4.8 7.4527734369039536
      vertex -3.7944734394550323 -4.8 8.17854218930006
      vertex -3.9504999965429306 -4.8 8.184900000691414
    endloop
  endfacet
  facet normal 0 -1 0
    outer loop
      vertex -3.931437499821186 -4.8 7.429224997758865
      vertex -3.869005471467972 -4.8 7.398948438465595
      vertex -3.6468187496066093 -4.8 8.159468747675419
    endloop
  endfacet
  facet normal 0 -1 0
    outer loop
      vertex -3.869005471467972 -4.8 7.398948438465595
      vertex -3.8109718784689903 -4.8 7.361943751573563
      vertex -3.507535934448242 -4.8 8.12767969071865
    endloop
  endfacet
  facet normal 0 -1 0
    outer loop
      vertex -3.7573367208242416 -4.8 7.3182109370827675
      vertex -3.7080999985337257 -4.8 7.26775000244379
      vertex -3.139918752014637 -4.8 7.956018753349781
    endloop
  endfacet
  facet normal 0 -1 0
    outer loop
      vertex -3.8109718784689903 -4.8 7.361943751573563
      vertex -3.7573367208242416 -4.8 7.3182109370827675
      vertex -3.3766250014305115 -4.8 8.083175003528595
    endloop
  endfacet
  facet normal 0 -1 0
    outer loop
      vertex -3.62576249986887 -4.8 7.148125000298023
      vertex -3.5934156253933907 -4.8 7.079331248998642
      vertex -2.773534372448921 -4.8 7.556350000202656
    endloop
  endfacet
  facet normal 0 -1 0
    outer loop
      vertex -3.6639906242489815 -4.8 7.210931248962879
      vertex -3.62576249986887 -4.8 7.148125000298023
      vertex -2.8492898419499397 -4.8 7.671731248497963
    endloop
  endfacet
  facet normal 0 -1 0
    outer loop
      vertex -3.566950000822544 -4.8 7.004550002515316
      vertex -2.7094335928559303 -4.8 7.431856252253056
      vertex -3.5934156253933907 -4.8 7.079331248998642
    endloop
  endfacet
  facet normal 0 -1 0
    outer loop
      vertex -3.6639906242489815 -4.8 7.210931248962879
      vertex -3.0341234356164932 -4.8 7.873367190361023
      vertex -3.7080999985337257 -4.8 7.26775000244379
    endloop
  endfacet
  facet normal 0 -1 0
    outer loop
      vertex -3.6639906242489815 -4.8 7.210931248962879
      vertex -2.8492898419499397 -4.8 7.671731248497963
      vertex -2.936700001358986 -4.8 7.777999997138977
    endloop
  endfacet
  facet normal 0 -1 0
    outer loop
      vertex -3.7080999985337257 -4.8 7.26775000244379
      vertex -3.0341234356164932 -4.8 7.873367190361023
      vertex -3.139918752014637 -4.8 7.956018753349781
    endloop
  endfacet
  facet normal 0 -1 0
    outer loop
      vertex -3.6639906242489815 -4.8 7.210931248962879
      vertex -2.936700001358986 -4.8 7.777999997138977
      vertex -3.0341234356164932 -4.8 7.873367190361023
    endloop
  endfacet
  facet normal 0 -1 0
    outer loop
      vertex -3.931437499821186 -4.8 7.429224997758865
      vertex -3.6468187496066093 -4.8 8.159468747675419
      vertex -3.7944734394550323 -4.8 8.17854218930006
    endloop
  endfacet
  facet normal 0 -1 0
    outer loop
      vertex -3.869005471467972 -4.8 7.398948438465595
      vertex -3.507535934448242 -4.8 8.12767969071865
      vertex -3.6468187496066093 -4.8 8.159468747675419
    endloop
  endfacet
  facet normal 0 -1 0
    outer loop
      vertex -3.8109718784689903 -4.8 7.361943751573563
      vertex -3.3766250014305115 -4.8 8.083175003528595
      vertex -3.507535934448242 -4.8 8.12767969071865
    endloop
  endfacet
  facet normal 0 -1 0
    outer loop
      vertex -3.7573367208242416 -4.8 7.3182109370827675
      vertex -3.254085935652256 -4.8 8.025954686105251
      vertex -3.3766250014305115 -4.8 8.083175003528595
    endloop
  endfacet
  facet normal 0 -1 0
    outer loop
      vertex -3.7573367208242416 -4.8 7.3182109370827675
      vertex -3.139918752014637 -4.8 7.956018753349781
      vertex -3.254085935652256 -4.8 8.025954686105251
    endloop
  endfacet
  facet normal 0.9629375547748144 0 -0.2697244253016424
    outer loop
      vertex -5.805600002408028 -4.8 8.508262500166893
      vertex -5.74099687486887 -5 8.738900780677795
      vertex -5.805600002408028 -5 8.508262500166893
    endloop
  endfacet
  facet normal 0.9629375547748144 0 -0.2697244253016424
    outer loop
      vertex -5.805600002408028 -4.8 8.508262500166893
      vertex -5.74099687486887 -4.8 8.738900780677795
      vertex -5.74099687486887 -5 8.738900780677795
    endloop
  endfacet
  facet normal 0.9365037252417192 0 -0.350657628761136
    outer loop
      vertex -5.74099687486887 -4.8 8.738900780677795
      vertex -5.6620374992489815 -5 8.949778124690056
      vertex -5.74099687486887 -5 8.738900780677795
    endloop
  endfacet
  facet normal 0.9365037252417192 0 -0.350657628761136
    outer loop
      vertex -5.74099687486887 -4.8 8.738900780677795
      vertex -5.6620374992489815 -4.8 8.949778124690056
      vertex -5.6620374992489815 -5 8.949778124690056
    endloop
  endfacet
  facet normal 0.8986051430930374 0 -0.4387582441467529
    outer loop
      vertex -5.6620374992489815 -4.8 8.949778124690056
      vertex -5.568721875548363 -5 9.140894532203674
      vertex -5.6620374992489815 -5 8.949778124690056
    endloop
  endfacet
  facet normal 0.8986051430930374 0 -0.4387582441467529
    outer loop
      vertex -5.6620374992489815 -4.8 8.949778124690056
      vertex -5.568721875548363 -4.8 9.140894532203674
      vertex -5.568721875548363 -5 9.140894532203674
    endloop
  endfacet
  facet normal 0.8467195232300232 0 -0.532039518251344
    outer loop
      vertex -5.568721875548363 -4.8 9.140894532203674
      vertex -5.461049996316433 -5 9.31225000321865
      vertex -5.568721875548363 -5 9.140894532203674
    endloop
  endfacet
  facet normal 0.8467195232300232 0 -0.532039518251344
    outer loop
      vertex -5.568721875548363 -4.8 9.140894532203674
      vertex -5.461049996316433 -4.8 9.31225000321865
      vertex -5.461049996316433 -5 9.31225000321865
    endloop
  endfacet
  facet normal -0.9587471922653442 0 0.28426012967582903
    outer loop
      vertex -4.902620315551758 -4.8 8.479201562702656
      vertex -4.902620315551758 -5 8.479201562702656
      vertex -4.865031249821186 -4.8 8.60598125308752
    endloop
  endfacet
  facet normal -0.9587471922653442 0 0.28426012967582903
    outer loop
      vertex -4.865031249821186 -4.8 8.60598125308752
      vertex -4.902620315551758 -5 8.479201562702656
      vertex -4.865031249821186 -5 8.60598125308752
    endloop
  endfacet
  facet normal -0.9321663560610504 0 0.36203022612464725
    outer loop
      vertex -4.82060781121254 -4.8 8.720364063978195
      vertex -4.865031249821186 -5 8.60598125308752
      vertex -4.82060781121254 -5 8.720364063978195
    endloop
  endfacet
  facet normal -0.8934971540660835 0 0.4490688540478057
    outer loop
      vertex -4.769349999725819 -4.8 8.82235000282526
      vertex -4.82060781121254 -5 8.720364063978195
      vertex -4.769349999725819 -5 8.82235000282526
    endloop
  endfacet
  facet normal -0.9321663560610504 0 0.36203022612464725
    outer loop
      vertex -4.865031249821186 -4.8 8.60598125308752
      vertex -4.865031249821186 -5 8.60598125308752
      vertex -4.82060781121254 -4.8 8.720364063978195
    endloop
  endfacet
  facet normal -0.8934971540660835 0 0.4490688540478057
    outer loop
      vertex -4.82060781121254 -4.8 8.720364063978195
      vertex -4.82060781121254 -5 8.720364063978195
      vertex -4.769349999725819 -4.8 8.82235000282526
    endloop
  endfacet
  facet normal -0.8432419345782053 0 0.537534221951315
    outer loop
      vertex -4.712105467915535 -4.8 8.912150777876377
      vertex -4.769349999725819 -5 8.82235000282526
      vertex -4.712105467915535 -5 8.912150777876377
    endloop
  endfacet
  facet normal -0.8432419345782053 0 0.537534221951315
    outer loop
      vertex -4.769349999725819 -4.8 8.82235000282526
      vertex -4.769349999725819 -5 8.82235000282526
      vertex -4.712105467915535 -4.8 8.912150777876377
    endloop
  endfacet
  facet normal -0.7802732090189008 0 0.6254388213785156
    outer loop
      vertex -4.712105467915535 -4.8 8.912150777876377
      vertex -4.712105467915535 -5 8.912150777876377
      vertex -4.649721875786781 -4.8 8.98997812718153
    endloop
  endfacet
  facet normal 0.7810732629056086 0 -0.6244393949567771
    outer loop
      vertex -5.461049996316433 -4.8 9.31225000321865
      vertex -5.34001562744379 -5 9.463644534349442
      vertex -5.461049996316433 -5 9.31225000321865
    endloop
  endfacet
  facet normal 0.7810732629056086 0 -0.6244393949567771
    outer loop
      vertex -5.461049996316433 -4.8 9.31225000321865
      vertex -5.34001562744379 -4.8 9.463644534349442
      vertex -5.34001562744379 -5 9.463644534349442
    endloop
  endfacet
  facet normal 0.7012851349183867 0 -0.7128808873454948
    outer loop
      vertex -5.34001562744379 -4.8 9.463644534349442
      vertex -5.206637501716614 -5 9.5948531255126
      vertex -5.34001562744379 -5 9.463644534349442
    endloop
  endfacet
  facet normal 0.6060310168405572 0 -0.7954410139207058
    outer loop
      vertex -5.206637501716614 -4.8 9.5948531255126
      vertex -5.0609156265854836 -5 9.705875784158707
      vertex -5.206637501716614 -5 9.5948531255126
    endloop
  endfacet
  facet normal 0.7012851349183867 0 -0.7128808873454948
    outer loop
      vertex -5.34001562744379 -4.8 9.463644534349442
      vertex -5.206637501716614 -4.8 9.5948531255126
      vertex -5.206637501716614 -5 9.5948531255126
    endloop
  endfacet
  facet normal 0.6060310168405572 0 -0.7954410139207058
    outer loop
      vertex -5.206637501716614 -4.8 9.5948531255126
      vertex -5.0609156265854836 -4.8 9.705875784158707
      vertex -5.0609156265854836 -5 9.705875784158707
    endloop
  endfacet
  facet normal 0.4982608086784778 0 -0.867027200573932
    outer loop
      vertex -5.0609156265854836 -4.8 9.705875784158707
      vertex -4.9028500020504 -5 9.796712502837181
      vertex -5.0609156265854836 -5 9.705875784158707
    endloop
  endfacet
  facet normal 0.4982608086784778 0 -0.867027200573932
    outer loop
      vertex -5.0609156265854836 -4.8 9.705875784158707
      vertex -4.9028500020504 -4.8 9.796712502837181
      vertex -4.9028500020504 -5 9.796712502837181
    endloop
  endfacet
  facet normal 0.3829837232160018 0 -0.9237550907852194
    outer loop
      vertex -4.9028500020504 -4.8 9.796712502837181
      vertex -4.7324406281113625 -5 9.867363281548023
      vertex -4.9028500020504 -5 9.796712502837181
    endloop
  endfacet
  facet normal 0.3829837232160018 0 -0.9237550907852194
    outer loop
      vertex -4.9028500020504 -4.8 9.796712502837181
      vertex -4.7324406281113625 -4.8 9.867363281548023
      vertex -4.7324406281113625 -5 9.867363281548023
    endloop
  endfacet
  facet normal 0 -1 0
    outer loop
      vertex -5.805600002408028 -4.8 8.508262500166893
      vertex -4.902620315551758 -4.8 8.479201562702656
      vertex -5.74099687486887 -4.8 8.738900780677795
    endloop
  endfacet
  facet normal 0 -1 0
    outer loop
      vertex -5.74099687486887 -4.8 8.738900780677795
      vertex -4.865031249821186 -4.8 8.60598125308752
      vertex -5.6620374992489815 -4.8 8.949778124690056
    endloop
  endfacet
  facet normal 0 -1 0
    outer loop
      vertex -5.805600002408028 -4.8 8.508262500166893
      vertex -4.933375000953674 -4.8 8.340025000274181
      vertex -4.902620315551758 -4.8 8.479201562702656
    endloop
  endfacet
  facet normal 0 -1 0
    outer loop
      vertex -5.74099687486887 -4.8 8.738900780677795
      vertex -4.902620315551758 -4.8 8.479201562702656
      vertex -4.865031249821186 -4.8 8.60598125308752
    endloop
  endfacet
  facet normal 0 -1 0
    outer loop
      vertex -5.6620374992489815 -4.8 8.949778124690056
      vertex -4.865031249821186 -4.8 8.60598125308752
      vertex -4.82060781121254 -4.8 8.720364063978195
    endloop
  endfacet
  facet normal 0 -1 0
    outer loop
      vertex -5.6620374992489815 -4.8 8.949778124690056
      vertex -4.82060781121254 -4.8 8.720364063978195
      vertex -5.568721875548363 -4.8 9.140894532203674
    endloop
  endfacet
  facet normal 0 -1 0
    outer loop
      vertex -5.568721875548363 -4.8 9.140894532203674
      vertex -4.769349999725819 -4.8 8.82235000282526
      vertex -5.461049996316433 -4.8 9.31225000321865
    endloop
  endfacet
  facet normal 0 -1 0
    outer loop
      vertex -5.568721875548363 -4.8 9.140894532203674
      vertex -4.82060781121254 -4.8 8.720364063978195
      vertex -4.769349999725819 -4.8 8.82235000282526
    endloop
  endfacet
  facet normal 0 -1 0
    outer loop
      vertex -5.461049996316433 -4.8 9.31225000321865
      vertex -4.769349999725819 -4.8 8.82235000282526
      vertex -4.712105467915535 -4.8 8.912150777876377
    endloop
  endfacet
  facet normal 0 -1 0
    outer loop
      vertex -5.34001562744379 -4.8 9.463644534349442
      vertex -4.712105467915535 -4.8 8.912150777876377
      vertex -4.649721875786781 -4.8 8.98997812718153
    endloop
  endfacet
  facet normal 0 -1 0
    outer loop
      vertex -5.461049996316433 -4.8 9.31225000321865
      vertex -4.712105467915535 -4.8 8.912150777876377
      vertex -5.34001562744379 -4.8 9.463644534349442
    endloop
  endfacet
  facet normal 0 -1 0
    outer loop
      vertex -5.34001562744379 -4.8 9.463644534349442
      vertex -4.649721875786781 -4.8 8.98997812718153
      vertex -5.206637501716614 -4.8 9.5948531255126
    endloop
  endfacet
  facet normal 0 -1 0
    outer loop
      vertex -5.206637501716614 -4.8 9.5948531255126
      vertex -4.582199215888977 -4.8 9.055832028388977
      vertex -5.0609156265854836 -4.8 9.705875784158707
    endloop
  endfacet
  facet normal 0 -1 0
    outer loop
      vertex -5.206637501716614 -4.8 9.5948531255126
      vertex -4.649721875786781 -4.8 8.98997812718153
      vertex -4.582199215888977 -4.8 9.055832028388977
    endloop
  endfacet
  facet normal 0 -1 0
    outer loop
      vertex -5.0609156265854836 -4.8 9.705875784158707
      vertex -4.582199215888977 -4.8 9.055832028388977
      vertex -4.509537503123283 -4.8 9.10971249639988
    endloop
  endfacet
  facet normal 0 -1 0
    outer loop
      vertex -5.0609156265854836 -4.8 9.705875784158707
      vertex -4.509537503123283 -4.8 9.10971249639988
      vertex -4.9028500020504 -4.8 9.796712502837181
    endloop
  endfacet
  facet normal 0 -1 0
    outer loop
      vertex -4.9028500020504 -4.8 9.796712502837181
      vertex -4.4317367151379585 -4.8 9.151619531214237
      vertex -4.7324406281113625 -4.8 9.867363281548023
    endloop
  endfacet
  facet normal -0.7802732090189008 0 0.6254388213785156
    outer loop
      vertex -4.649721875786781 -4.8 8.98997812718153
      vertex -4.712105467915535 -5 8.912150777876377
      vertex -4.649721875786781 -5 8.98997812718153
    endloop
  endfacet
  facet normal -0.6982050733664034 0 0.7158978108120009
    outer loop
      vertex -4.582199215888977 -4.8 9.055832028388977
      vertex -4.649721875786781 -5 8.98997812718153
      vertex -4.582199215888977 -5 9.055832028388977
    endloop
  endfacet
  facet normal -0.5956341816948425 0 0.8032558257471374
    outer loop
      vertex -4.509537503123283 -4.8 9.10971249639988
      vertex -4.582199215888977 -5 9.055832028388977
      vertex -4.509537503123283 -5 9.10971249639988
    endloop
  endfacet
  facet normal -0.6982050733664034 0 0.7158978108120009
    outer loop
      vertex -4.649721875786781 -4.8 8.98997812718153
      vertex -4.649721875786781 -5 8.98997812718153
      vertex -4.582199215888977 -4.8 9.055832028388977
    endloop
  endfacet
  facet normal -0.5956341816948425 0 0.8032558257471374
    outer loop
      vertex -4.582199215888977 -4.8 9.055832028388977
      vertex -4.582199215888977 -5 9.055832028388977
      vertex -4.509537503123283 -4.8 9.10971249639988
    endloop
  endfacet
  facet normal -0.4742252910620072 0 0.8804035286828161
    outer loop
      vertex -4.4317367151379585 -4.8 9.151619531214237
      vertex -4.509537503123283 -5 9.10971249639988
      vertex -4.4317367151379585 -5 9.151619531214237
    endloop
  endfacet
  facet normal -0.4742252910620072 0 0.8804035286828161
    outer loop
      vertex -4.509537503123283 -4.8 9.10971249639988
      vertex -4.509537503123283 -5 9.10971249639988
      vertex -4.4317367151379585 -4.8 9.151619531214237
    endloop
  endfacet
  facet normal -0.3394748669711467 0 0.9406151256996255
    outer loop
      vertex -4.348796874284744 -4.8 9.18155312538147
      vertex -4.4317367151379585 -5 9.151619531214237
      vertex -4.348796874284744 -5 9.18155312538147
    endloop
  endfacet
  facet normal -0.3394748669711467 0 0.9406151256996255
    outer loop
      vertex -4.4317367151379585 -4.8 9.151619531214237
      vertex -4.4317367151379585 -5 9.151619531214237
      vertex -4.348796874284744 -4.8 9.18155312538147
    endloop
  endfacet
  facet normal -0.19979838269049252 0 0.979837030466936
    outer loop
      vertex -4.348796874284744 -4.8 9.18155312538147
      vertex -4.348796874284744 -5 9.18155312538147
      vertex -4.260717965662479 -4.8 9.199513278901577
    endloop
  endfacet
  facet normal -0.19979838269049252 0 0.979837030466936
    outer loop
      vertex -4.260717965662479 -4.8 9.199513278901577
      vertex -4.348796874284744 -5 9.18155312538147
      vertex -4.260717965662479 -5 9.199513278901577
    endloop
  endfacet
  facet normal -0.06409077702390716 0 0.9979440727317698
    outer loop
      vertex -4.1674999967217445 -4.8 9.20549999922514
      vertex -4.260717965662479 -5 9.199513278901577
      vertex -4.1674999967217445 -5 9.20549999922514
    endloop
  endfacet
  facet normal -0.06409077702390716 0 0.9979440727317698
    outer loop
      vertex -4.260717965662479 -4.8 9.199513278901577
      vertex -4.260717965662479 -5 9.199513278901577
      vertex -4.1674999967217445 -4.8 9.20549999922514
    endloop
  endfacet
  facet normal 0.06871954559806291 0 0.9976360178205255
    outer loop
      vertex -4.1674999967217445 -4.8 9.20549999922514
      vertex -4.1674999967217445 -5 9.20549999922514
      vertex -4.0605921894311905 -4.8 9.198135934770107
    endloop
  endfacet
  facet normal 0.06871954559806291 0 0.9976360178205255
    outer loop
      vertex -4.0605921894311905 -4.8 9.198135934770107
      vertex -4.1674999967217445 -5 9.20549999922514
      vertex -4.0605921894311905 -5 9.198135934770107
    endloop
  endfacet
  facet normal 0.22218002557531977 0 0.9750056595914457
    outer loop
      vertex -3.963643752038479 -4.8 9.17604374885559
      vertex -4.0605921894311905 -5 9.198135934770107
      vertex -3.963643752038479 -5 9.17604374885559
    endloop
  endfacet
  facet normal 0.22218002557531977 0 0.9750056595914457
    outer loop
      vertex -4.0605921894311905 -4.8 9.198135934770107
      vertex -4.0605921894311905 -5 9.198135934770107
      vertex -3.963643752038479 -4.8 9.17604374885559
    endloop
  endfacet
  facet normal 0.389794856604115 0 0.9209017155836867
    outer loop
      vertex -3.963643752038479 -4.8 9.17604374885559
      vertex -3.963643752038479 -5 9.17604374885559
      vertex -3.8766546845436096 -4.8 9.13922343403101
    endloop
  endfacet
  facet normal 0.9477217771204763 0 0.3190978426307616
    outer loop
      vertex -3.591099999845028 -4.8 8.73420000076294
      vertex -3.6282921880483627 -5 8.844660937786102
      vertex -3.591099999845028 -5 8.73420000076294
    endloop
  endfacet
  facet normal 0.5561582131885064 0 0.8310764356561722
    outer loop
      vertex -3.799625001847744 -4.8 9.087674997746944
      vertex -3.8766546845436096 -5 9.13922343403101
      vertex -3.799625001847744 -5 9.087674997746944
    endloop
  endfacet
  facet normal 0.702885234130286 0 0.7113032740270588
    outer loop
      vertex -3.7325546890497208 -4.8 9.021398440003395
      vertex -3.799625001847744 -5 9.087674997746944
      vertex -3.7325546890497208 -5 9.021398440003395
    endloop
  endfacet
  facet normal 0.5561582131885064 0 0.8310764356561722
    outer loop
      vertex -3.8766546845436096 -4.8 9.13922343403101
      vertex -3.8766546845436096 -5 9.13922343403101
      vertex -3.799625001847744 -4.8 9.087674997746944
    endloop
  endfacet
  facet normal 0.817294976745511 0 0.5762195076414497
    outer loop
      vertex -3.7325546890497208 -4.8 9.021398440003395
      vertex -3.7325546890497208 -5 9.021398440003395
      vertex -3.6754437536001205 -4.8 8.940393753349781
    endloop
  endfacet
  facet normal 0.702885234130286 0 0.7113032740270588
    outer loop
      vertex -3.799625001847744 -4.8 9.087674997746944
      vertex -3.799625001847744 -5 9.087674997746944
      vertex -3.7325546890497208 -4.8 9.021398440003395
    endloop
  endfacet
  facet normal 0.8970905871299307 0 0.4418466685207392
    outer loop
      vertex -3.6282921880483627 -4.8 8.844660937786102
      vertex -3.6754437536001205 -5 8.940393753349781
      vertex -3.6282921880483627 -5 8.844660937786102
    endloop
  endfacet
  facet normal 0.817294976745511 0 0.5762195076414497
    outer loop
      vertex -3.6754437536001205 -4.8 8.940393753349781
      vertex -3.7325546890497208 -5 9.021398440003395
      vertex -3.6754437536001205 -5 8.940393753349781
    endloop
  endfacet
  facet normal 0.9477217771204763 0 0.3190978426307616
    outer loop
      vertex -3.591099999845028 -4.8 8.73420000076294
      vertex -3.6282921880483627 -4.8 8.844660937786102
      vertex -3.6282921880483627 -5 8.844660937786102
    endloop
  endfacet
  facet normal 0.8970905871299307 0 0.4418466685207392
    outer loop
      vertex -3.6754437536001205 -4.8 8.940393753349781
      vertex -3.6754437536001205 -5 8.940393753349781
      vertex -3.6282921880483627 -4.8 8.844660937786102
    endloop
  endfacet
  facet normal -0.13828026593184078 0 0.9903931381294094
    outer loop
      vertex -3.591099999845028 -4.8 8.73420000076294
      vertex -3.591099999845028 -5 8.73420000076294
      vertex -2.6925999969244003 -4.8 8.859650000929832
    endloop
  endfacet
  facet normal 0.389794856604115 0 0.9209017155836867
    outer loop
      vertex -3.8766546845436096 -4.8 9.13922343403101
      vertex -3.963643752038479 -5 9.17604374885559
      vertex -3.8766546845436096 -5 9.13922343403101
    endloop
  endfacet
  facet normal -0.39294689147436695 0 -0.919561167340505
    outer loop
      vertex -3.488505467772484 -4.8 9.853571094572544
      vertex -3.3807718753814697 -5 9.807534374296665
      vertex -3.488505467772484 -5 9.853571094572544
    endloop
  endfacet
  facet normal -0.4788930790244474 0 -0.8778732362149357
    outer loop
      vertex -3.3807718753814697 -4.8 9.807534374296665
      vertex -3.2810367196798325 -5 9.753127343952656
      vertex -3.3807718753814697 -5 9.807534374296665
    endloop
  endfacet
  facet normal -0.39294689147436695 0 -0.919561167340505
    outer loop
      vertex -3.488505467772484 -4.8 9.853571094572544
      vertex -3.3807718753814697 -4.8 9.807534374296665
      vertex -3.3807718753814697 -5 9.807534374296665
    endloop
  endfacet
  facet normal -0.6461812811215315 0 -0.7631839568073586
    outer loop
      vertex -3.189300000667572 -4.8 9.690350003540516
      vertex -3.104768753051758 -5 9.618778124451637
      vertex -3.189300000667572 -5 9.690350003540516
    endloop
  endfacet
  facet normal -0.5647458726554465 0 -0.8252648661603365
    outer loop
      vertex -3.2810367196798325 -4.8 9.753127343952656
      vertex -3.189300000667572 -5 9.690350003540516
      vertex -3.2810367196798325 -5 9.753127343952656
    endloop
  endfacet
  facet normal -0.6461812811215315 0 -0.7631839568073586
    outer loop
      vertex -3.189300000667572 -4.8 9.690350003540516
      vertex -3.104768753051758 -4.8 9.618778124451637
      vertex -3.104768753051758 -5 9.618778124451637
    endloop
  endfacet
  facet normal -0.4788930790244474 0 -0.8778732362149357
    outer loop
      vertex -3.3807718753814697 -4.8 9.807534374296665
      vertex -3.2810367196798325 -4.8 9.753127343952656
      vertex -3.2810367196798325 -5 9.753127343952656
    endloop
  endfacet
  facet normal -0.5647458726554465 0 -0.8252648661603365
    outer loop
      vertex -3.2810367196798325 -4.8 9.753127343952656
      vertex -3.189300000667572 -4.8 9.690350003540516
      vertex -3.189300000667572 -5 9.690350003540516
    endloop
  endfacet
  facet normal 0.266174991057358 0 -0.9639247243097436
    outer loop
      vertex -4.7324406281113625 -4.8 9.867363281548023
      vertex -4.549687497317791 -5 9.917828127741814
      vertex -4.7324406281113625 -5 9.867363281548023
    endloop
  endfacet
  facet normal 0.266174991057358 0 -0.9639247243097436
    outer loop
      vertex -4.7324406281113625 -4.8 9.867363281548023
      vertex -4.549687497317791 -4.8 9.917828127741814
      vertex -4.549687497317791 -5 9.917828127741814
    endloop
  endfacet
  facet normal 0.15336331351704355 0 -0.988169871058146
    outer loop
      vertex -4.549687497317791 -4.8 9.917828127741814
      vertex -4.354590624570847 -5 9.948107033967972
      vertex -4.549687497317791 -5 9.917828127741814
    endloop
  endfacet
  facet normal 0.15336331351704355 0 -0.988169871058146
    outer loop
      vertex -4.549687497317791 -4.8 9.917828127741814
      vertex -4.354590624570847 -4.8 9.948107033967972
      vertex -4.354590624570847 -5 9.948107033967972
    endloop
  endfacet
  facet normal 0.048597236515618286 0 -0.9988184562787398
    outer loop
      vertex -4.354590624570847 -4.8 9.948107033967972
      vertex -4.147150002419949 -5 9.958200000226498
      vertex -4.354590624570847 -5 9.948107033967972
    endloop
  endfacet
  facet normal 0.048597236515618286 0 -0.9988184562787398
    outer loop
      vertex -4.354590624570847 -4.8 9.948107033967972
      vertex -4.147150002419949 -4.8 9.958200000226498
      vertex -4.147150002419949 -5 9.958200000226498
    endloop
  endfacet
  facet normal -0.02831920335577903 0 -0.9995989309324486
    outer loop
      vertex -4.147150002419949 -4.8 9.958200000226498
      vertex -3.9994242191314697 -5 9.954014845192432
      vertex -4.147150002419949 -5 9.958200000226498
    endloop
  endfacet
  facet normal -0.08949636285913404 0 -0.9959871490310436
    outer loop
      vertex -3.9994242191314697 -4.8 9.954014845192432
      vertex -3.8596968725323677 -5 9.941459372639656
      vertex -3.9994242191314697 -5 9.954014845192432
    endloop
  endfacet
  facet normal -0.02831920335577903 0 -0.9995989309324486
    outer loop
      vertex -4.147150002419949 -4.8 9.958200000226498
      vertex -3.9994242191314697 -4.8 9.954014845192432
      vertex -3.9994242191314697 -5 9.954014845192432
    endloop
  endfacet
  facet normal -0.08949636285913404 0 -0.9959871490310436
    outer loop
      vertex -3.9994242191314697 -4.8 9.954014845192432
      vertex -3.8596968725323677 -4.8 9.941459372639656
      vertex -3.8596968725323677 -5 9.941459372639656
    endloop
  endfacet
  facet normal -0.15688766466603857 0 -0.9876164542349609
    outer loop
      vertex -3.8596968725323677 -4.8 9.941459372639656
      vertex -3.727967970073223 -5 9.92053359746933
      vertex -3.8596968725323677 -5 9.941459372639656
    endloop
  endfacet
  facet normal -0.15688766466603857 0 -0.9876164542349609
    outer loop
      vertex -3.8596968725323677 -4.8 9.941459372639656
      vertex -3.727967970073223 -4.8 9.92053359746933
      vertex -3.727967970073223 -5 9.92053359746933
    endloop
  endfacet
  facet normal -0.23040319173283594 0 -0.9730952518840702
    outer loop
      vertex -3.727967970073223 -4.8 9.92053359746933
      vertex -3.6042374968528748 -5 9.891237497329712
      vertex -3.727967970073223 -5 9.92053359746933
    endloop
  endfacet
  facet normal -0.30948358004577897 0 -0.9509047868646198
    outer loop
      vertex -3.6042374968528748 -4.8 9.891237497329712
      vertex -3.488505467772484 -5 9.853571094572544
      vertex -3.6042374968528748 -5 9.891237497329712
    endloop
  endfacet
  facet normal -0.23040319173283594 0 -0.9730952518840702
    outer loop
      vertex -3.727967970073223 -4.8 9.92053359746933
      vertex -3.6042374968528748 -4.8 9.891237497329712
      vertex -3.6042374968528748 -5 9.891237497329712
    endloop
  endfacet
  facet normal -0.30948358004577897 0 -0.9509047868646198
    outer loop
      vertex -3.6042374968528748 -4.8 9.891237497329712
      vertex -3.488505467772484 -4.8 9.853571094572544
      vertex -3.488505467772484 -5 9.853571094572544
    endloop
  endfacet
  facet normal 0 -1 0
    outer loop
      vertex -4.9028500020504 -4.8 9.796712502837181
      vertex -4.509537503123283 -4.8 9.10971249639988
      vertex -4.4317367151379585 -4.8 9.151619531214237
    endloop
  endfacet
  facet normal 0 -1 0
    outer loop
      vertex -4.7324406281113625 -4.8 9.867363281548023
      vertex -4.4317367151379585 -4.8 9.151619531214237
      vertex -4.348796874284744 -4.8 9.18155312538147
    endloop
  endfacet
  facet normal 0 -1 0
    outer loop
      vertex -4.348796874284744 -4.8 9.18155312538147
      vertex -4.260717965662479 -4.8 9.199513278901577
      vertex -4.549687497317791 -4.8 9.917828127741814
    endloop
  endfacet
  facet normal 0 -1 0
    outer loop
      vertex -4.7324406281113625 -4.8 9.867363281548023
      vertex -4.348796874284744 -4.8 9.18155312538147
      vertex -4.549687497317791 -4.8 9.917828127741814
    endloop
  endfacet
  facet normal 0 -1 0
    outer loop
      vertex -4.260717965662479 -4.8 9.199513278901577
      vertex -4.354590624570847 -4.8 9.948107033967972
      vertex -4.549687497317791 -4.8 9.917828127741814
    endloop
  endfacet
  facet normal 0 -1 0
    outer loop
      vertex -4.260717965662479 -4.8 9.199513278901577
      vertex -4.1674999967217445 -4.8 9.20549999922514
      vertex -4.354590624570847 -4.8 9.948107033967972
    endloop
  endfacet
  facet normal 0 -1 0
    outer loop
      vertex -4.1674999967217445 -4.8 9.20549999922514
      vertex -4.0605921894311905 -4.8 9.198135934770107
      vertex -3.9994242191314697 -4.8 9.954014845192432
    endloop
  endfacet
  facet normal 0 -1 0
    outer loop
      vertex -4.0605921894311905 -4.8 9.198135934770107
      vertex -3.963643752038479 -4.8 9.17604374885559
      vertex -3.8596968725323677 -4.8 9.941459372639656
    endloop
  endfacet
  facet normal 0 -1 0
    outer loop
      vertex -4.354590624570847 -4.8 9.948107033967972
      vertex -4.1674999967217445 -4.8 9.20549999922514
      vertex -4.147150002419949 -4.8 9.958200000226498
    endloop
  endfacet
  facet normal 0 -1 0
    outer loop
      vertex -4.1674999967217445 -4.8 9.20549999922514
      vertex -3.9994242191314697 -4.8 9.954014845192432
      vertex -4.147150002419949 -4.8 9.958200000226498
    endloop
  endfacet
  facet normal 0 -1 0
    outer loop
      vertex -4.0605921894311905 -4.8 9.198135934770107
      vertex -3.8596968725323677 -4.8 9.941459372639656
      vertex -3.9994242191314697 -4.8 9.954014845192432
    endloop
  endfacet
  facet normal 0 -1 0
    outer loop
      vertex -3.591099999845028 -4.8 8.73420000076294
      vertex -2.778300002217293 -4.8 9.122637502849102
      vertex -3.6282921880483627 -4.8 8.844660937786102
    endloop
  endfacet
  facet normal 0 -1 0
    outer loop
      vertex -3.6754437536001205 -4.8 8.940393753349781
      vertex -3.6282921880483627 -4.8 8.844660937786102
      vertex -2.8307687491178513 -4.8 9.240303121507168
    endloop
  endfacet
  facet normal 0 -1 0
    outer loop
      vertex -3.963643752038479 -4.8 9.17604374885559
      vertex -3.8766546845436096 -4.8 9.13922343403101
      vertex -3.727967970073223 -4.8 9.92053359746933
    endloop
  endfacet
  facet normal 0 -1 0
    outer loop
      vertex -3.8766546845436096 -4.8 9.13922343403101
      vertex -3.799625001847744 -4.8 9.087674997746944
      vertex -3.488505467772484 -4.8 9.853571094572544
    endloop
  endfacet
  facet normal 0 -1 0
    outer loop
      vertex -3.799625001847744 -4.8 9.087674997746944
      vertex -3.7325546890497208 -4.8 9.021398440003395
      vertex -3.189300000667572 -4.8 9.690350003540516
    endloop
  endfacet
  facet normal 0 -1 0
    outer loop
      vertex -3.8766546845436096 -4.8 9.13922343403101
      vertex -3.6042374968528748 -4.8 9.891237497329712
      vertex -3.727967970073223 -4.8 9.92053359746933
    endloop
  endfacet
  facet normal 0 -1 0
    outer loop
      vertex -3.963643752038479 -4.8 9.17604374885559
      vertex -3.727967970073223 -4.8 9.92053359746933
      vertex -3.8596968725323677 -4.8 9.941459372639656
    endloop
  endfacet
  facet normal 0 -1 0
    outer loop
      vertex -3.8766546845436096 -4.8 9.13922343403101
      vertex -3.488505467772484 -4.8 9.853571094572544
      vertex -3.6042374968528748 -4.8 9.891237497329712
    endloop
  endfacet
  facet normal 0 -1 0
    outer loop
      vertex -3.799625001847744 -4.8 9.087674997746944
      vertex -3.3807718753814697 -4.8 9.807534374296665
      vertex -3.488505467772484 -4.8 9.853571094572544
    endloop
  endfacet
  facet normal 0 -1 0
    outer loop
      vertex -3.7325546890497208 -4.8 9.021398440003395
      vertex -3.6754437536001205 -4.8 8.940393753349781
      vertex -3.026649996638298 -4.8 9.537987500429153
    endloop
  endfacet
  facet normal 0 -1 0
    outer loop
      vertex -3.7325546890497208 -4.8 9.021398440003395
      vertex -3.104768753051758 -4.8 9.618778124451637
      vertex -3.189300000667572 -4.8 9.690350003540516
    endloop
  endfacet
  facet normal 0 -1 0
    outer loop
      vertex -3.6754437536001205 -4.8 8.940393753349781
      vertex -2.8307687491178513 -4.8 9.240303121507168
      vertex -2.8896500021219254 -4.8 9.348750002682209
    endloop
  endfacet
  facet normal 0 -1 0
    outer loop
      vertex -3.6754437536001205 -4.8 8.940393753349781
      vertex -2.954943746328354 -4.8 9.447978124022484
      vertex -3.026649996638298 -4.8 9.537987500429153
    endloop
  endfacet
  facet normal 0 -1 0
    outer loop
      vertex -3.6754437536001205 -4.8 8.940393753349781
      vertex -2.8896500021219254 -4.8 9.348750002682209
      vertex -2.954943746328354 -4.8 9.447978124022484
    endloop
  endfacet
  facet normal 0 -1 0
    outer loop
      vertex -3.7325546890497208 -4.8 9.021398440003395
      vertex -3.026649996638298 -4.8 9.537987500429153
      vertex -3.104768753051758 -4.8 9.618778124451637
    endloop
  endfacet
  facet normal 0 -1 0
    outer loop
      vertex -3.799625001847744 -4.8 9.087674997746944
      vertex -3.2810367196798325 -4.8 9.753127343952656
      vertex -3.3807718753814697 -4.8 9.807534374296665
    endloop
  endfacet
  facet normal 0 -1 0
    outer loop
      vertex -3.799625001847744 -4.8 9.087674997746944
      vertex -3.189300000667572 -4.8 9.690350003540516
      vertex -3.2810367196798325 -4.8 9.753127343952656
    endloop
  endfacet
  facet normal -0.8191295016661425 0 0.5736086292065147
    outer loop
      vertex -2.804049998521805 -4.8 5.713356249034405
      vertex -2.890825003385544 -5 5.5894390642642975
      vertex -2.804049998521805 -5 5.713356249034405
    endloop
  endfacet
  facet normal -0.8772694791588059 0 0.47999818847203723
    outer loop
      vertex -2.7306250035762787 -4.8 5.847551561892033
      vertex -2.804049998521805 -5 5.713356249034405
      vertex -2.7306250035762787 -5 5.847551561892033
    endloop
  endfacet
  facet normal -0.8191295016661425 0 0.5736086292065147
    outer loop
      vertex -2.890825003385544 -4.8 5.5894390642642975
      vertex -2.890825003385544 -5 5.5894390642642975
      vertex -2.804049998521805 -4.8 5.713356249034405
    endloop
  endfacet
  facet normal -0.8772694791588059 0 0.47999818847203723
    outer loop
      vertex -2.804049998521805 -4.8 5.713356249034405
      vertex -2.804049998521805 -5 5.713356249034405
      vertex -2.7306250035762787 -4.8 5.847551561892033
    endloop
  endfacet
  facet normal -0.9233541136533594 0 0.38394945083880394
    outer loop
      vertex -2.6705500036478043 -4.8 5.992025002837181
      vertex -2.7306250035762787 -5 5.847551561892033
      vertex -2.6705500036478043 -5 5.992025002837181
    endloop
  endfacet
  facet normal -0.9233541136533594 0 0.38394945083880394
    outer loop
      vertex -2.7306250035762787 -4.8 5.847551561892033
      vertex -2.7306250035762787 -5 5.847551561892033
      vertex -2.6705500036478043 -4.8 5.992025002837181
    endloop
  endfacet
  facet normal -0.9573147837239521 0 0.2890474093700941
    outer loop
      vertex -2.6238249987363815 -4.8 6.14677656441927
      vertex -2.6705500036478043 -5 5.992025002837181
      vertex -2.6238249987363815 -5 6.14677656441927
    endloop
  endfacet
  facet normal -0.9801568749835361 0 0.19822335993143925
    outer loop
      vertex -2.590449996292591 -4.8 6.311806246638298
      vertex -2.6238249987363815 -5 6.14677656441927
      vertex -2.590449996292591 -5 6.311806246638298
    endloop
  endfacet
  facet normal -0.9573147837239521 0 0.2890474093700941
    outer loop
      vertex -2.6705500036478043 -4.8 5.992025002837181
      vertex -2.6705500036478043 -5 5.992025002837181
      vertex -2.6238249987363815 -4.8 6.14677656441927
    endloop
  endfacet
  facet normal -0.9801568749835361 0 0.19822335993143925
    outer loop
      vertex -2.6238249987363815 -4.8 6.14677656441927
      vertex -2.6238249987363815 -5 6.14677656441927
      vertex -2.590449996292591 -4.8 6.311806246638298
    endloop
  endfacet
  facet normal -0.9935391791129181 0 0.11348964520003113
    outer loop
      vertex -2.570424996316433 -4.8 6.487114064395428
      vertex -2.590449996292591 -5 6.311806246638298
      vertex -2.570424996316433 -5 6.487114064395428
    endloop
  endfacet
  facet normal -0.9993538089014373 0 0.03594390955627525
    outer loop
      vertex -2.563749998807907 -4.8 6.672700002789497
      vertex -2.570424996316433 -5 6.487114064395428
      vertex -2.563749998807907 -5 6.672700002789497
    endloop
  endfacet
  facet normal -0.9935391791129181 0 0.11348964520003113
    outer loop
      vertex -2.590449996292591 -4.8 6.311806246638298
      vertex -2.590449996292591 -5 6.311806246638298
      vertex -2.570424996316433 -4.8 6.487114064395428
    endloop
  endfacet
  facet normal -0.9993538089014373 0 0.03594390955627525
    outer loop
      vertex -2.570424996316433 -4.8 6.487114064395428
      vertex -2.570424996316433 -5 6.487114064395428
      vertex -2.563749998807907 -4.8 6.672700002789497
    endloop
  endfacet
  facet normal -0.9994133973590672 0 -0.03424706088421668
    outer loop
      vertex -2.569577343761921 -4.8 6.842756249010563
      vertex -2.563749998807907 -5 6.672700002789497
      vertex -2.569577343761921 -5 6.842756249010563
    endloop
  endfacet
  facet normal -0.994152324757978 0 -0.10798682872604454
    outer loop
      vertex -2.5870593786239624 -4.8 7.003700003027916
      vertex -2.569577343761921 -5 6.842756249010563
      vertex -2.5870593786239624 -5 7.003700003027916
    endloop
  endfacet
  facet normal -0.9994133973590672 0 -0.03424706088421668
    outer loop
      vertex -2.563749998807907 -4.8 6.672700002789497
      vertex -2.563749998807907 -5 6.672700002789497
      vertex -2.569577343761921 -4.8 6.842756249010563
    endloop
  endfacet
  facet normal -0.994152324757978 0 -0.10798682872604454
    outer loop
      vertex -2.569577343761921 -4.8 6.842756249010563
      vertex -2.569577343761921 -5 6.842756249010563
      vertex -2.5870593786239624 -4.8 7.003700003027916
    endloop
  endfacet
  facet normal 1 0 0
    outer loop
      vertex -1.8277499973773956 -4.8 5.1096000000834465
      vertex -1.8277499973773956 -5 7.957750000059605
      vertex -1.8277499973773956 -5 5.1096000000834465
    endloop
  endfacet
  facet normal 1 0 0
    outer loop
      vertex -1.8277499973773956 -4.8 5.1096000000834465
      vertex -1.8277499973773956 -4.8 7.957750000059605
      vertex -1.8277499973773956 -5 7.957750000059605
    endloop
  endfacet
  facet normal -0.8890686299565582 0 -0.4577739302616177
    outer loop
      vertex -2.773534372448921 -4.8 7.556350000202656
      vertex -2.7094335928559303 -5 7.431856252253056
      vertex -2.773534372448921 -5 7.556350000202656
    endloop
  endfacet
  facet normal -0.8359265072304355 0 -0.5488413928536412
    outer loop
      vertex -2.8492898419499397 -4.8 7.671731248497963
      vertex -2.773534372448921 -5 7.556350000202656
      vertex -2.8492898419499397 -5 7.671731248497963
    endloop
  endfacet
  facet normal -0.7723055641691097 0 -0.635251222394285
    outer loop
      vertex -2.8492898419499397 -4.8 7.671731248497963
      vertex -2.8492898419499397 -5 7.671731248497963
      vertex -2.936700001358986 -4.8 7.777999997138977
    endloop
  endfacet
  facet normal -0.8359265072304355 0 -0.5488413928536412
    outer loop
      vertex -2.8492898419499397 -4.8 7.671731248497963
      vertex -2.773534372448921 -4.8 7.556350000202656
      vertex -2.773534372448921 -5 7.556350000202656
    endloop
  endfacet
  facet normal -0.982080262141013 0 -0.18846314948296705
    outer loop
      vertex -2.616196095943451 -4.8 7.155531249940395
      vertex -2.5870593786239624 -5 7.003700003027916
      vertex -2.616196095943451 -5 7.155531249940395
    endloop
  endfacet
  facet normal -0.961497921662546 0 -0.27481220249218274
    outer loop
      vertex -2.656987503170967 -4.8 7.298249997198582
      vertex -2.616196095943451 -5 7.155531249940395
      vertex -2.656987503170967 -5 7.298249997198582
    endloop
  endfacet
  facet normal -0.982080262141013 0 -0.18846314948296705
    outer loop
      vertex -2.5870593786239624 -4.8 7.003700003027916
      vertex -2.5870593786239624 -5 7.003700003027916
      vertex -2.616196095943451 -4.8 7.155531249940395
    endloop
  endfacet
  facet normal -0.961497921662546 0 -0.27481220249218274
    outer loop
      vertex -2.656987503170967 -4.8 7.298249997198582
      vertex -2.616196095943451 -4.8 7.155531249940395
      vertex -2.616196095943451 -5 7.155531249940395
    endloop
  endfacet
  facet normal -0.9308512406043065 0 -0.3653983687229918
    outer loop
      vertex -2.656987503170967 -4.8 7.298249997198582
      vertex -2.656987503170967 -5 7.298249997198582
      vertex -2.7094335928559303 -4.8 7.431856252253056
    endloop
  endfacet
  facet normal -0.9308512406043065 0 -0.3653983687229918
    outer loop
      vertex -2.7094335928559303 -4.8 7.431856252253056
      vertex -2.656987503170967 -5 7.298249997198582
      vertex -2.7094335928559303 -5 7.431856252253056
    endloop
  endfacet
  facet normal -0.8890686299565582 0 -0.4577739302616177
    outer loop
      vertex -2.7094335928559303 -4.8 7.431856252253056
      vertex -2.7094335928559303 -5 7.431856252253056
      vertex -2.773534372448921 -4.8 7.556350000202656
    endloop
  endfacet
  facet normal -0.6995252276121005 0 -0.7146079036326418
    outer loop
      vertex -3.0341234356164932 -4.8 7.873367190361023
      vertex -2.936700001358986 -5 7.777999997138977
      vertex -3.0341234356164932 -5 7.873367190361023
    endloop
  endfacet
  facet normal -0.6156392872361086 0 -0.7880280883391253
    outer loop
      vertex -3.139918752014637 -4.8 7.956018753349781
      vertex -3.0341234356164932 -5 7.873367190361023
      vertex -3.139918752014637 -5 7.956018753349781
    endloop
  endfacet
  facet normal -0.6156392872361086 0 -0.7880280883391253
    outer loop
      vertex -3.139918752014637 -4.8 7.956018753349781
      vertex -3.0341234356164932 -4.8 7.873367190361023
      vertex -3.0341234356164932 -5 7.873367190361023
    endloop
  endfacet
  facet normal -0.6995252276121005 0 -0.7146079036326418
    outer loop
      vertex -2.936700001358986 -4.8 7.777999997138977
      vertex -2.936700001358986 -5 7.777999997138977
      vertex -3.0341234356164932 -4.8 7.873367190361023
    endloop
  endfacet
  facet normal -0.7723055641691097 0 -0.635251222394285
    outer loop
      vertex -2.936700001358986 -4.8 7.777999997138977
      vertex -2.8492898419499397 -5 7.671731248497963
      vertex -2.936700001358986 -5 7.777999997138977
    endloop
  endfacet
  facet normal 0.9999983019012303 0 0.0018428767337803963
    outer loop
      vertex -1.8277499973773956 -4.8 7.957750000059605
      vertex -1.8278828114271164 -5 8.029818750917912
      vertex -1.8277499973773956 -5 7.957750000059605
    endloop
  endfacet
  facet normal 0.9999831972199742 0 0.005797005927069299
    outer loop
      vertex -1.8278828114271164 -4.8 8.029818750917912
      vertex -1.8282812535762787 -5 8.098549999296665
      vertex -1.8278828114271164 -5 8.029818750917912
    endloop
  endfacet
  facet normal 0.9999983019012303 0 0.0018428767337803963
    outer loop
      vertex -1.8277499973773956 -4.8 7.957750000059605
      vertex -1.8278828114271164 -4.8 8.029818750917912
      vertex -1.8278828114271164 -5 8.029818750917912
    endloop
  endfacet
  facet normal 0.9999831972199742 0 0.005797005927069299
    outer loop
      vertex -1.8278828114271164 -4.8 8.029818750917912
      vertex -1.8282812535762787 -4.8 8.098549999296665
      vertex -1.8282812535762787 -5 8.098549999296665
    endloop
  endfacet
  facet normal 0.9999484448036898 0 0.01015419788472888
    outer loop
      vertex -1.8282812535762787 -4.8 8.098549999296665
      vertex -1.8289453089237213 -5 8.163943752646446
      vertex -1.8282812535762787 -5 8.098549999296665
    endloop
  endfacet
  facet normal 0.9998877973806687 0 0.014979741293988932
    outer loop
      vertex -1.8289453089237213 -4.8 8.163943752646446
      vertex -1.829874999821186 -5 8.226000003516674
      vertex -1.8289453089237213 -5 8.163943752646446
    endloop
  endfacet
  facet normal 0.9997928696665758 0 0.02035234050111908
    outer loop
      vertex -1.829874999821186 -4.8 8.226000003516674
      vertex -1.8310703113675117 -5 8.284718751907349
      vertex -1.829874999821186 -5 8.226000003516674
    endloop
  endfacet
  facet normal 0.9996522376857088 0 0.026370507957851556
    outer loop
      vertex -1.8310703113675117 -4.8 8.284718751907349
      vertex -1.832531251013279 -5 8.34009999781847
      vertex -1.8310703113675117 -5 8.284718751907349
    endloop
  endfacet
  facet normal 0.9994501578625495 0 0.03315692911782807
    outer loop
      vertex -1.832531251013279 -4.8 8.34009999781847
      vertex -1.834257811307907 -5 8.392143748700619
      vertex -1.832531251013279 -5 8.34009999781847
    endloop
  endfacet
  facet normal 0.9991645567603943 0 0.0408679399261174
    outer loop
      vertex -1.834257811307907 -4.8 8.392143748700619
      vertex -1.8362499997019768 -5 8.440849997103214
      vertex -1.834257811307907 -5 8.392143748700619
    endloop
  endfacet
  facet normal 0.9999484448036898 0 0.01015419788472888
    outer loop
      vertex -1.8282812535762787 -4.8 8.098549999296665
      vertex -1.8289453089237213 -4.8 8.163943752646446
      vertex -1.8289453089237213 -5 8.163943752646446
    endloop
  endfacet
  facet normal 0.9998877973806687 0 0.014979741293988932
    outer loop
      vertex -1.8289453089237213 -4.8 8.163943752646446
      vertex -1.829874999821186 -4.8 8.226000003516674
      vertex -1.829874999821186 -5 8.226000003516674
    endloop
  endfacet
  facet normal 0.9997928696665758 0 0.02035234050111908
    outer loop
      vertex -1.829874999821186 -4.8 8.226000003516674
      vertex -1.8310703113675117 -4.8 8.284718751907349
      vertex -1.8310703113675117 -5 8.284718751907349
    endloop
  endfacet
  facet normal 0.9996522376857088 0 0.026370507957851556
    outer loop
      vertex -1.8310703113675117 -4.8 8.284718751907349
      vertex -1.832531251013279 -4.8 8.34009999781847
      vertex -1.832531251013279 -5 8.34009999781847
    endloop
  endfacet
  facet normal 0.9994501578625495 0 0.03315692911782807
    outer loop
      vertex -1.832531251013279 -4.8 8.34009999781847
      vertex -1.834257811307907 -4.8 8.392143748700619
      vertex -1.834257811307907 -5 8.392143748700619
    endloop
  endfacet
  facet normal 0.9991645567603943 0 0.0408679399261174
    outer loop
      vertex -1.834257811307907 -4.8 8.392143748700619
      vertex -1.8362499997019768 -4.8 8.440849997103214
      vertex -1.8362499997019768 -5 8.440849997103214
    endloop
  endfacet
  facet normal 0 -1 0
    outer loop
      vertex -3.620981253683567 -4.8 6.138540625572205
      vertex -2.890825003385544 -4.8 5.5894390642642975
      vertex -2.804049998521805 -4.8 5.713356249034405
    endloop
  endfacet
  facet normal 0 -1 0
    outer loop
      vertex -3.620981253683567 -4.8 6.138540625572205
      vertex -2.804049998521805 -4.8 5.713356249034405
      vertex -2.7306250035762787 -4.8 5.847551561892033
    endloop
  endfacet
  facet normal 0 -1 0
    outer loop
      vertex -3.5900953114032745 -4.8 6.209397658705711
      vertex -2.7306250035762787 -4.8 5.847551561892033
      vertex -2.6705500036478043 -4.8 5.992025002837181
    endloop
  endfacet
  facet normal 0 -1 0
    outer loop
      vertex -3.5648249983787537 -4.8 6.285712502896786
      vertex -2.6705500036478043 -4.8 5.992025002837181
      vertex -2.6238249987363815 -4.8 6.14677656441927
    endloop
  endfacet
  facet normal 0 -1 0
    outer loop
      vertex -3.5451703146100044 -4.8 6.367485158145428
      vertex -2.6238249987363815 -4.8 6.14677656441927
      vertex -2.590449996292591 -4.8 6.311806246638298
    endloop
  endfacet
  facet normal 0 -1 0
    outer loop
      vertex -3.522707812488079 -4.8 6.547403909265995
      vertex -2.590449996292591 -4.8 6.311806246638298
      vertex -2.570424996316433 -4.8 6.487114064395428
    endloop
  endfacet
  facet normal 0 -1 0
    outer loop
      vertex -3.5199000015854836 -4.8 6.64554999768734
      vertex -2.570424996316433 -4.8 6.487114064395428
      vertex -2.563749998807907 -4.8 6.672700002789497
    endloop
  endfacet
  facet normal 0 -1 0
    outer loop
      vertex -3.5228406265378 -4.8 6.744281247258186
      vertex -2.563749998807907 -4.8 6.672700002789497
      vertex -2.569577343761921 -4.8 6.842756249010563
    endloop
  endfacet
  facet normal 0 -1 0
    outer loop
      vertex -3.5316625013947487 -4.8 6.837025001645088
      vertex -2.569577343761921 -4.8 6.842756249010563
      vertex -2.5870593786239624 -4.8 7.003700003027916
    endloop
  endfacet
  facet normal 0 -1 0
    outer loop
      vertex -3.54636562615633 -4.8 6.923781253397465
      vertex -2.5870593786239624 -4.8 7.003700003027916
      vertex -2.616196095943451 -4.8 7.155531249940395
    endloop
  endfacet
  facet normal 0 -1 0
    outer loop
      vertex -3.566950000822544 -4.8 7.004550002515316
      vertex -2.616196095943451 -4.8 7.155531249940395
      vertex -2.656987503170967 -4.8 7.298249997198582
    endloop
  endfacet
  facet normal 0 -1 0
    outer loop
      vertex -3.566950000822544 -4.8 7.004550002515316
      vertex -2.656987503170967 -4.8 7.298249997198582
      vertex -2.7094335928559303 -4.8 7.431856252253056
    endloop
  endfacet
  facet normal 0 -1 0
    outer loop
      vertex -3.5934156253933907 -4.8 7.079331248998642
      vertex -2.7094335928559303 -4.8 7.431856252253056
      vertex -2.773534372448921 -4.8 7.556350000202656
    endloop
  endfacet
  facet normal 0 -1 0
    outer loop
      vertex -3.62576249986887 -4.8 7.148125000298023
      vertex -2.773534372448921 -4.8 7.556350000202656
      vertex -2.8492898419499397 -4.8 7.671731248497963
    endloop
  endfacet
  facet normal -1 0 0
    outer loop
      vertex -0.874949999153614 -4.8 5.1096000000834465
      vertex -0.874949999153614 -5 5.1096000000834465
      vertex -0.874949999153614 -4.8 7.076150000095367
    endloop
  endfacet
  facet normal -1 0 0
    outer loop
      vertex -0.874949999153614 -4.8 7.076150000095367
      vertex -0.874949999153614 -5 5.1096000000834465
      vertex -0.874949999153614 -5 7.076150000095367
    endloop
  endfacet
  facet normal -0.9996927066195186 0 0.02478895584208961
    outer loop
      vertex -0.8721164092421532 -4.8 7.190423436462879
      vertex -0.874949999153614 -5 7.076150000095367
      vertex -0.8721164092421532 -5 7.190423436462879
    endloop
  endfacet
  facet normal -0.9969654885691205 0 0.0778448110161154
    outer loop
      vertex -0.8636156246066093 -4.8 7.299293749034405
      vertex -0.8721164092421532 -5 7.190423436462879
      vertex -0.8636156246066093 -5 7.299293749034405
    endloop
  endfacet
  facet normal -0.9907546244201269 0 0.13566603919232434
    outer loop
      vertex -0.8494476526975632 -4.8 7.402760937809944
      vertex -0.8636156246066093 -5 7.299293749034405
      vertex -0.8494476526975632 -5 7.402760937809944
    endloop
  endfacet
  facet normal -0.9996927066195186 0 0.02478895584208961
    outer loop
      vertex -0.874949999153614 -4.8 7.076150000095367
      vertex -0.874949999153614 -5 7.076150000095367
      vertex -0.8721164092421532 -4.8 7.190423436462879
    endloop
  endfacet
  facet normal -0.9969654885691205 0 0.0778448110161154
    outer loop
      vertex -0.8721164092421532 -4.8 7.190423436462879
      vertex -0.8721164092421532 -5 7.190423436462879
      vertex -0.8636156246066093 -4.8 7.299293749034405
    endloop
  endfacet
  facet normal -0.9907546244201269 0 0.13566603919232434
    outer loop
      vertex -0.8636156246066093 -4.8 7.299293749034405
      vertex -0.8636156246066093 -5 7.299293749034405
      vertex -0.8494476526975632 -4.8 7.402760937809944
    endloop
  endfacet
  facet normal -0.9801509865171169 0 0.19825247446002453
    outer loop
      vertex -0.8296125009655952 -4.8 7.500825002789497
      vertex -0.8494476526975632 -5 7.402760937809944
      vertex -0.8296125009655952 -5 7.500825002789497
    endloop
  endfacet
  facet normal -0.9641505988451236 0 0.2653556533156769
    outer loop
      vertex -0.8041101545095444 -4.8 7.593485936522484
      vertex -0.8296125009655952 -5 7.500825002789497
      vertex -0.8041101545095444 -5 7.593485936522484
    endloop
  endfacet
  facet normal -0.9417213216835624 0 0.33639404317937116
    outer loop
      vertex -0.7729406282305717 -4.8 7.680743746459484
      vertex -0.8041101545095444 -5 7.593485936522484
      vertex -0.7729406282305717 -5 7.680743746459484
    endloop
  endfacet
  facet normal -0.9801509865171169 0 0.19825247446002453
    outer loop
      vertex -0.8494476526975632 -4.8 7.402760937809944
      vertex -0.8494476526975632 -5 7.402760937809944
      vertex -0.8296125009655952 -4.8 7.500825002789497
    endloop
  endfacet
  facet normal -0.9641505988451236 0 0.2653556533156769
    outer loop
      vertex -0.8296125009655952 -4.8 7.500825002789497
      vertex -0.8296125009655952 -5 7.500825002789497
      vertex -0.8041101545095444 -4.8 7.593485936522484
    endloop
  endfacet
  facet normal -0.9417213216835624 0 0.33639404317937116
    outer loop
      vertex -0.8041101545095444 -4.8 7.593485936522484
      vertex -0.8041101545095444 -5 7.593485936522484
      vertex -0.7729406282305717 -4.8 7.680743746459484
    endloop
  endfacet
  facet normal 0 0 -1
    outer loop
      vertex -0.902099996805191 -4.8 8.04924999922514
      vertex -0.8885499984025955 -5 8.04924999922514
      vertex -0.902099996805191 -5 8.04924999922514
    endloop
  endfacet
  facet normal -0.9999583429602805 0 -0.009127559593326642
    outer loop
      vertex -0.9023648425936699 -4.8 8.078264847397804
      vertex -0.902099996805191 -5 8.04924999922514
      vertex -0.9023648425936699 -5 8.078264847397804
    endloop
  endfacet
  facet normal 0.9127330640534083 0 -0.40855642668262704
    outer loop
      vertex -0.8885499984025955 -4.8 8.04924999922514
      vertex -0.8431124985218048 -5 8.150759376585484
      vertex -0.8885499984025955 -5 8.04924999922514
    endloop
  endfacet
  facet normal 0 0 -1
    outer loop
      vertex -0.902099996805191 -4.8 8.04924999922514
      vertex -0.8885499984025955 -4.8 8.04924999922514
      vertex -0.8885499984025955 -5 8.04924999922514
    endloop
  endfacet
  facet normal -0.9999583429602805 0 -0.009127559593326642
    outer loop
      vertex -0.902099996805191 -4.8 8.04924999922514
      vertex -0.902099996805191 -5 8.04924999922514
      vertex -0.9023648425936699 -4.8 8.078264847397804
    endloop
  endfacet
  facet normal -0.9997344497156393 0 -0.02304408930220282
    outer loop
      vertex -0.9031593725085258 -4.8 8.112734377384186
      vertex -0.9023648425936699 -5 8.078264847397804
      vertex -0.9031593725085258 -5 8.112734377384186
    endloop
  endfacet
  facet normal -0.9994503828872731 0 -0.03315014549716482
    outer loop
      vertex -0.9044835940003395 -4.8 8.152658596634865
      vertex -0.9031593725085258 -5 8.112734377384186
      vertex -0.9044835940003395 -5 8.152658596634865
    endloop
  endfacet
  facet normal -0.9991665221356901 0 -0.04081986089233082
    outer loop
      vertex -0.9063374996185303 -4.8 8.19803749769926
      vertex -0.9044835940003395 -5 8.152658596634865
      vertex -0.9063374996185303 -5 8.19803749769926
    endloop
  endfacet
  facet normal -0.9989024644388494 0 -0.04683872903904736
    outer loop
      vertex -0.9087210968136787 -4.8 8.248871095478535
      vertex -0.9063374996185303 -5 8.19803749769926
      vertex -0.9087210968136787 -5 8.248871095478535
    endloop
  endfacet
  facet normal 0.8906713798392131 0 -0.454647658231418
    outer loop
      vertex -0.8431124985218048 -4.8 8.150759376585484
      vertex -0.7949749976396561 -5 8.245062500238419
      vertex -0.8431124985218048 -5 8.150759376585484
    endloop
  endfacet
  facet normal -0.9986633199865723 0 -0.051687264518418166
    outer loop
      vertex -0.9116343781352043 -4.8 8.305159375071526
      vertex -0.9087210968136787 -5 8.248871095478535
      vertex -0.9116343781352043 -5 8.305159375071526
    endloop
  endfacet
  facet normal -0.9984488673889949 0 -0.05567637927912959
    outer loop
      vertex -0.915077343583107 -4.8 8.366902343928814
      vertex -0.9116343781352043 -5 8.305159375071526
      vertex -0.915077343583107 -5 8.366902343928814
    endloop
  endfacet
  facet normal -0.9982570405601925 0 -0.059015938287942736
    outer loop
      vertex -0.9190500006079674 -4.8 8.4341000020504
      vertex -0.915077343583107 -5 8.366902343928814
      vertex -0.9190500006079674 -5 8.4341000020504
    endloop
  endfacet
  facet normal -0.9997344497156393 0 -0.02304408930220282
    outer loop
      vertex -0.9023648425936699 -4.8 8.078264847397804
      vertex -0.9023648425936699 -5 8.078264847397804
      vertex -0.9031593725085258 -4.8 8.112734377384186
    endloop
  endfacet
  facet normal -0.9994503828872731 0 -0.03315014549716482
    outer loop
      vertex -0.9031593725085258 -4.8 8.112734377384186
      vertex -0.9031593725085258 -5 8.112734377384186
      vertex -0.9044835940003395 -4.8 8.152658596634865
    endloop
  endfacet
  facet normal -0.9991665221356901 0 -0.04081986089233082
    outer loop
      vertex -0.9044835940003395 -4.8 8.152658596634865
      vertex -0.9044835940003395 -5 8.152658596634865
      vertex -0.9063374996185303 -4.8 8.19803749769926
    endloop
  endfacet
  facet normal -0.9989024644388494 0 -0.04683872903904736
    outer loop
      vertex -0.9063374996185303 -4.8 8.19803749769926
      vertex -0.9063374996185303 -5 8.19803749769926
      vertex -0.9087210968136787 -4.8 8.248871095478535
    endloop
  endfacet
  facet normal 0.9127330640534083 0 -0.40855642668262704
    outer loop
      vertex -0.8885499984025955 -4.8 8.04924999922514
      vertex -0.8431124985218048 -4.8 8.150759376585484
      vertex -0.8431124985218048 -5 8.150759376585484
    endloop
  endfacet
  facet normal 0.8906713798392131 0 -0.454647658231418
    outer loop
      vertex -0.8431124985218048 -4.8 8.150759376585484
      vertex -0.7949749976396561 -4.8 8.245062500238419
      vertex -0.7949749976396561 -5 8.245062500238419
    endloop
  endfacet
  facet normal -0.9986633199865723 0 -0.051687264518418166
    outer loop
      vertex -0.9087210968136787 -4.8 8.248871095478535
      vertex -0.9087210968136787 -5 8.248871095478535
      vertex -0.9116343781352043 -4.8 8.305159375071526
    endloop
  endfacet
  facet normal -0.9984488673889949 0 -0.05567637927912959
    outer loop
      vertex -0.9116343781352043 -4.8 8.305159375071526
      vertex -0.9116343781352043 -5 8.305159375071526
      vertex -0.915077343583107 -4.8 8.366902343928814
    endloop
  endfacet
  facet normal -0.9982570405601925 0 -0.059015938287942736
    outer loop
      vertex -0.915077343583107 -4.8 8.366902343928814
      vertex -0.915077343583107 -5 8.366902343928814
      vertex -0.9190500006079674 -4.8 8.4341000020504
    endloop
  endfacet
  facet normal -0.9119127129109712 0 0.4103842151342481
    outer loop
      vertex -0.7729406282305717 -4.8 7.680743746459484
      vertex -0.7729406282305717 -5 7.680743746459484
      vertex -0.7361039072275162 -4.8 7.762598440051079
    endloop
  endfacet
  facet normal -0.9119127129109712 0 0.4103842151342481
    outer loop
      vertex -0.7361039072275162 -4.8 7.762598440051079
      vertex -0.7729406282305717 -5 7.680743746459484
      vertex -0.7361039072275162 -5 7.762598440051079
    endloop
  endfacet
  facet normal -0.8740076658074724 0 0.4859121320874522
    outer loop
      vertex -0.6935999989509583 -4.8 7.839050002396107
      vertex -0.7361039072275162 -5 7.762598440051079
      vertex -0.6935999989509583 -5 7.839050002396107
    endloop
  endfacet
  facet normal -0.8269047470333994 0 0.5623420127765928
    outer loop
      vertex -0.6465804651379585 -4.8 7.908190622925758
      vertex -0.6935999989509583 -5 7.839050002396107
      vertex -0.6465804651379585 -5 7.908190622925758
    endloop
  endfacet
  facet normal -0.765552462843415 0 0.6433734736794654
    outer loop
      vertex -0.5962218716740608 -4.8 7.968112498521805
      vertex -0.6465804651379585 -5 7.908190622925758
      vertex -0.5962218716740608 -5 7.968112498521805
    endloop
  endfacet
  facet normal -0.8740076658074724 0 0.4859121320874522
    outer loop
      vertex -0.7361039072275162 -4.8 7.762598440051079
      vertex -0.7361039072275162 -5 7.762598440051079
      vertex -0.6935999989509583 -4.8 7.839050002396107
    endloop
  endfacet
  facet normal -0.8269047470333994 0 0.5623420127765928
    outer loop
      vertex -0.6935999989509583 -4.8 7.839050002396107
      vertex -0.6935999989509583 -5 7.839050002396107
      vertex -0.6465804651379585 -4.8 7.908190622925758
    endloop
  endfacet
  facet normal -0.765552462843415 0 0.6433734736794654
    outer loop
      vertex -0.6465804651379585 -4.8 7.908190622925758
      vertex -0.6465804651379585 -5 7.908190622925758
      vertex -0.5962218716740608 -4.8 7.968112498521805
    endloop
  endfacet
  facet normal -0.6865424642728776 0 0.7270897088737569
    outer loop
      vertex -0.5425242185592651 -4.8 8.018815621733665
      vertex -0.5962218716740608 -5 7.968112498521805
      vertex -0.5425242185592651 -5 8.018815621733665
    endloop
  endfacet
  facet normal -0.5882006982250941 0 0.8087149921990514
    outer loop
      vertex -0.4854874983429909 -4.8 8.060300000011921
      vertex -0.5425242185592651 -5 8.018815621733665
      vertex -0.4854874983429909 -5 8.060300000011921
    endloop
  endfacet
  facet normal -0.47132969233935273 0 0.8819570970967302
    outer loop
      vertex -0.42511171847581863 -4.8 8.09256562590599
      vertex -0.4854874983429909 -5 8.060300000011921
      vertex -0.42511171847581863 -5 8.09256562590599
    endloop
  endfacet
  facet normal -0.6865424642728776 0 0.7270897088737569
    outer loop
      vertex -0.5962218716740608 -4.8 7.968112498521805
      vertex -0.5962218716740608 -5 7.968112498521805
      vertex -0.5425242185592651 -4.8 8.018815621733665
    endloop
  endfacet
  facet normal -0.5882006982250941 0 0.8087149921990514
    outer loop
      vertex -0.5425242185592651 -4.8 8.018815621733665
      vertex -0.5425242185592651 -5 8.018815621733665
      vertex -0.4854874983429909 -4.8 8.060300000011921
    endloop
  endfacet
  facet normal -0.47132969233935273 0 0.8819570970967302
    outer loop
      vertex -0.4854874983429909 -4.8 8.060300000011921
      vertex -0.4854874983429909 -5 8.060300000011921
      vertex -0.42511171847581863 -4.8 8.09256562590599
    endloop
  endfacet
  facet normal 0.8636451577236849 0 -0.5041002296571896
    outer loop
      vertex -0.7949749976396561 -4.8 8.245062500238419
      vertex -0.7441375032067299 -5 8.332159377634525
      vertex -0.7949749976396561 -5 8.245062500238419
    endloop
  endfacet
  facet normal 0.8307181164624449 0 -0.5566932826800481
    outer loop
      vertex -0.7441375032067299 -4.8 8.332159377634525
      vertex -0.6906000003218651 -5 8.412050001323223
      vertex -0.7441375032067299 -5 8.332159377634525
    endloop
  endfacet
  facet normal 0.7909041622121233 0 -0.6119400348036885
    outer loop
      vertex -0.6906000003218651 -4.8 8.412050001323223
      vertex -0.6343624964356422 -5 8.484734371304512
      vertex -0.6906000003218651 -5 8.412050001323223
    endloop
  endfacet
  facet normal 0.8636451577236849 0 -0.5041002296571896
    outer loop
      vertex -0.7949749976396561 -4.8 8.245062500238419
      vertex -0.7441375032067299 -4.8 8.332159377634525
      vertex -0.7441375032067299 -5 8.332159377634525
    endloop
  endfacet
  facet normal 0.8307181164624449 0 -0.5566932826800481
    outer loop
      vertex -0.7441375032067299 -4.8 8.332159377634525
      vertex -0.6906000003218651 -4.8 8.412050001323223
      vertex -0.6906000003218651 -5 8.412050001323223
    endloop
  endfacet
  facet normal -0.3401501485432253 0 0.9403711376079245
    outer loop
      vertex -0.42511171847581863 -4.8 8.09256562590599
      vertex -0.42511171847581863 -5 8.09256562590599
      vertex -0.3613968715071678 -4.8 8.115612499415874
    endloop
  endfacet
  facet normal -0.3401501485432253 0 0.9403711376079245
    outer loop
      vertex -0.3613968715071678 -4.8 8.115612499415874
      vertex -0.42511171847581863 -5 8.09256562590599
      vertex -0.3613968715071678 -5 8.115612499415874
    endloop
  endfacet
  facet normal -0.20197398336679287 0 0.9793908872574577
    outer loop
      vertex -0.2943429723381996 -4.8 8.129440627992153
      vertex -0.3613968715071678 -5 8.115612499415874
      vertex -0.2943429723381996 -5 8.129440627992153
    endloop
  endfacet
  facet normal -0.06534059253671984 0 0.9978630201420183
    outer loop
      vertex -0.22394999861717224 -4.8 8.134049996733665
      vertex -0.2943429723381996 -5 8.129440627992153
      vertex -0.22394999861717224 -5 8.134049996733665
    endloop
  endfacet
  facet normal -0.20197398336679287 0 0.9793908872574577
    outer loop
      vertex -0.3613968715071678 -4.8 8.115612499415874
      vertex -0.3613968715071678 -5 8.115612499415874
      vertex -0.2943429723381996 -4.8 8.129440627992153
    endloop
  endfacet
  facet normal -0.06534059253671984 0 0.9978630201420183
    outer loop
      vertex -0.2943429723381996 -4.8 8.129440627992153
      vertex -0.2943429723381996 -5 8.129440627992153
      vertex -0.22394999861717224 -4.8 8.134049996733665
    endloop
  endfacet
  facet normal 0.11508898104717014 0 0.9933551864471861
    outer loop
      vertex -0.09362578392028809 -4.8 8.11895078420639
      vertex -0.22394999861717224 -5 8.134049996733665
      vertex -0.09362578392028809 -5 8.11895078420639
    endloop
  endfacet
  facet normal 0.37223066409821953 0 0.9281402548672255
    outer loop
      vertex 0.019321873784065247 -4.8 8.073653124272823
      vertex -0.09362578392028809 -5 8.11895078420639
      vertex 0.019321873784065247 -5 8.073653124272823
    endloop
  endfacet
  facet normal 0.11508898104717014 0 0.9933551864471861
    outer loop
      vertex -0.22394999861717224 -4.8 8.134049996733665
      vertex -0.22394999861717224 -5 8.134049996733665
      vertex -0.09362578392028809 -4.8 8.11895078420639
    endloop
  endfacet
  facet normal 0.37223066409821953 0 0.9281402548672255
    outer loop
      vertex -0.09362578392028809 -4.8 8.11895078420639
      vertex -0.09362578392028809 -5 8.11895078420639
      vertex 0.019321873784065247 -4.8 8.073653124272823
    endloop
  endfacet
  facet normal 0 -1 0
    outer loop
      vertex -1.8277499973773956 -4.8 5.1096000000834465
      vertex -0.874949999153614 -4.8 5.1096000000834465
      vertex -0.874949999153614 -4.8 7.076150000095367
    endloop
  endfacet
  facet normal 0 -1 0
    outer loop
      vertex -1.8277499973773956 -4.8 5.1096000000834465
      vertex -0.874949999153614 -4.8 7.076150000095367
      vertex -1.8277499973773956 -4.8 7.957750000059605
    endloop
  endfacet
  facet normal 0 -1 0
    outer loop
      vertex -0.874949999153614 -4.8 7.076150000095367
      vertex -0.8721164092421532 -4.8 7.190423436462879
      vertex -1.8277499973773956 -4.8 7.957750000059605
    endloop
  endfacet
  facet normal 0 -1 0
    outer loop
      vertex -0.8721164092421532 -4.8 7.190423436462879
      vertex -0.8636156246066093 -4.8 7.299293749034405
      vertex -1.8277499973773956 -4.8 7.957750000059605
    endloop
  endfacet
  facet normal 0 -1 0
    outer loop
      vertex -0.8636156246066093 -4.8 7.299293749034405
      vertex -0.8494476526975632 -4.8 7.402760937809944
      vertex -1.8277499973773956 -4.8 7.957750000059605
    endloop
  endfacet
  facet normal 0 -1 0
    outer loop
      vertex -0.8494476526975632 -4.8 7.402760937809944
      vertex -0.8296125009655952 -4.8 7.500825002789497
      vertex -1.8277499973773956 -4.8 7.957750000059605
    endloop
  endfacet
  facet normal 0 -1 0
    outer loop
      vertex -0.8296125009655952 -4.8 7.500825002789497
      vertex -0.8041101545095444 -4.8 7.593485936522484
      vertex -1.8277499973773956 -4.8 7.957750000059605
    endloop
  endfacet
  facet normal 0 -1 0
    outer loop
      vertex -1.8277499973773956 -4.8 7.957750000059605
      vertex -0.902099996805191 -4.8 8.04924999922514
      vertex -1.8278828114271164 -4.8 8.029818750917912
    endloop
  endfacet
  facet normal 0 -1 0
    outer loop
      vertex -1.8278828114271164 -4.8 8.029818750917912
      vertex -0.9023648425936699 -4.8 8.078264847397804
      vertex -1.8282812535762787 -4.8 8.098549999296665
    endloop
  endfacet
  facet normal 0 -1 0
    outer loop
      vertex -1.8278828114271164 -4.8 8.029818750917912
      vertex -0.902099996805191 -4.8 8.04924999922514
      vertex -0.9023648425936699 -4.8 8.078264847397804
    endloop
  endfacet
  facet normal 0 -1 0
    outer loop
      vertex -1.8282812535762787 -4.8 8.098549999296665
      vertex -0.9044835940003395 -4.8 8.152658596634865
      vertex -1.8289453089237213 -4.8 8.163943752646446
    endloop
  endfacet
  facet normal 0 -1 0
    outer loop
      vertex -1.8289453089237213 -4.8 8.163943752646446
      vertex -0.9087210968136787 -4.8 8.248871095478535
      vertex -1.829874999821186 -4.8 8.226000003516674
    endloop
  endfacet
  facet normal 0 -1 0
    outer loop
      vertex -1.829874999821186 -4.8 8.226000003516674
      vertex -0.9116343781352043 -4.8 8.305159375071526
      vertex -1.8310703113675117 -4.8 8.284718751907349
    endloop
  endfacet
  facet normal 0 -1 0
    outer loop
      vertex -1.8310703113675117 -4.8 8.284718751907349
      vertex -0.915077343583107 -4.8 8.366902343928814
      vertex -1.832531251013279 -4.8 8.34009999781847
    endloop
  endfacet
  facet normal 0 -1 0
    outer loop
      vertex -1.832531251013279 -4.8 8.34009999781847
      vertex -0.9190500006079674 -4.8 8.4341000020504
      vertex -1.834257811307907 -4.8 8.392143748700619
    endloop
  endfacet
  facet normal 0 -1 0
    outer loop
      vertex -1.834257811307907 -4.8 8.392143748700619
      vertex -0.9190500006079674 -4.8 8.4341000020504
      vertex -1.8362499997019768 -4.8 8.440849997103214
    endloop
  endfacet
  facet normal 0 -1 0
    outer loop
      vertex -1.8282812535762787 -4.8 8.098549999296665
      vertex -0.9023648425936699 -4.8 8.078264847397804
      vertex -0.9031593725085258 -4.8 8.112734377384186
    endloop
  endfacet
  facet normal 0 -1 0
    outer loop
      vertex -1.8282812535762787 -4.8 8.098549999296665
      vertex -0.9031593725085258 -4.8 8.112734377384186
      vertex -0.9044835940003395 -4.8 8.152658596634865
    endloop
  endfacet
  facet normal 0 -1 0
    outer loop
      vertex -1.8289453089237213 -4.8 8.163943752646446
      vertex -0.9044835940003395 -4.8 8.152658596634865
      vertex -0.9063374996185303 -4.8 8.19803749769926
    endloop
  endfacet
  facet normal 0 -1 0
    outer loop
      vertex -1.8289453089237213 -4.8 8.163943752646446
      vertex -0.9063374996185303 -4.8 8.19803749769926
      vertex -0.9087210968136787 -4.8 8.248871095478535
    endloop
  endfacet
  facet normal 0 -1 0
    outer loop
      vertex -1.829874999821186 -4.8 8.226000003516674
      vertex -0.9087210968136787 -4.8 8.248871095478535
      vertex -0.9116343781352043 -4.8 8.305159375071526
    endloop
  endfacet
  facet normal 0 -1 0
    outer loop
      vertex -1.8310703113675117 -4.8 8.284718751907349
      vertex -0.9116343781352043 -4.8 8.305159375071526
      vertex -0.915077343583107 -4.8 8.366902343928814
    endloop
  endfacet
  facet normal 0 -1 0
    outer loop
      vertex -1.832531251013279 -4.8 8.34009999781847
      vertex -0.915077343583107 -4.8 8.366902343928814
      vertex -0.9190500006079674 -4.8 8.4341000020504
    endloop
  endfacet
  facet normal 0 -1 0
    outer loop
      vertex -1.8277499973773956 -4.8 7.957750000059605
      vertex -0.8041101545095444 -4.8 7.593485936522484
      vertex -0.7729406282305717 -4.8 7.680743746459484
    endloop
  endfacet
  facet normal 0 -1 0
    outer loop
      vertex -1.8277499973773956 -4.8 7.957750000059605
      vertex -0.7729406282305717 -4.8 7.680743746459484
      vertex -0.7361039072275162 -4.8 7.762598440051079
    endloop
  endfacet
  facet normal 0 -1 0
    outer loop
      vertex -1.8277499973773956 -4.8 7.957750000059605
      vertex -0.7361039072275162 -4.8 7.762598440051079
      vertex -0.902099996805191 -4.8 8.04924999922514
    endloop
  endfacet
  facet normal 0 -1 0
    outer loop
      vertex -0.902099996805191 -4.8 8.04924999922514
      vertex -0.6935999989509583 -4.8 7.839050002396107
      vertex -0.8885499984025955 -4.8 8.04924999922514
    endloop
  endfacet
  facet normal 0 -1 0
    outer loop
      vertex -0.8885499984025955 -4.8 8.04924999922514
      vertex -0.6465804651379585 -4.8 7.908190622925758
      vertex -0.8431124985218048 -4.8 8.150759376585484
    endloop
  endfacet
  facet normal 0 -1 0
    outer loop
      vertex -0.902099996805191 -4.8 8.04924999922514
      vertex -0.7361039072275162 -4.8 7.762598440051079
      vertex -0.6935999989509583 -4.8 7.839050002396107
    endloop
  endfacet
  facet normal 0 -1 0
    outer loop
      vertex -0.8885499984025955 -4.8 8.04924999922514
      vertex -0.6935999989509583 -4.8 7.839050002396107
      vertex -0.6465804651379585 -4.8 7.908190622925758
    endloop
  endfacet
  facet normal 0 -1 0
    outer loop
      vertex -0.8431124985218048 -4.8 8.150759376585484
      vertex -0.6465804651379585 -4.8 7.908190622925758
      vertex -0.5962218716740608 -4.8 7.968112498521805
    endloop
  endfacet
  facet normal 0 -1 0
    outer loop
      vertex -0.7949749976396561 -4.8 8.245062500238419
      vertex -0.5962218716740608 -4.8 7.968112498521805
      vertex -0.5425242185592651 -4.8 8.018815621733665
    endloop
  endfacet
  facet normal 0 -1 0
    outer loop
      vertex -0.8431124985218048 -4.8 8.150759376585484
      vertex -0.5962218716740608 -4.8 7.968112498521805
      vertex -0.7949749976396561 -4.8 8.245062500238419
    endloop
  endfacet
  facet normal 0 -1 0
    outer loop
      vertex -0.7949749976396561 -4.8 8.245062500238419
      vertex -0.5425242185592651 -4.8 8.018815621733665
      vertex -0.7441375032067299 -4.8 8.332159377634525
    endloop
  endfacet
  facet normal 0 -1 0
    outer loop
      vertex -0.7441375032067299 -4.8 8.332159377634525
      vertex -0.5425242185592651 -4.8 8.018815621733665
      vertex -0.4854874983429909 -4.8 8.060300000011921
    endloop
  endfacet
  facet normal 0 -1 0
    outer loop
      vertex -0.7441375032067299 -4.8 8.332159377634525
      vertex -0.4854874983429909 -4.8 8.060300000011921
      vertex -0.6906000003218651 -4.8 8.412050001323223
    endloop
  endfacet
  facet normal 0 -1 0
    outer loop
      vertex -0.6906000003218651 -4.8 8.412050001323223
      vertex -0.4854874983429909 -4.8 8.060300000011921
      vertex -0.42511171847581863 -4.8 8.09256562590599
    endloop
  endfacet
  facet normal 0 -1 0
    outer loop
      vertex -0.42511171847581863 -4.8 8.09256562590599
      vertex -0.3613968715071678 -4.8 8.115612499415874
      vertex -0.6343624964356422 -4.8 8.484734371304512
    endloop
  endfacet
  facet normal 0 -1 0
    outer loop
      vertex -0.6906000003218651 -4.8 8.412050001323223
      vertex -0.42511171847581863 -4.8 8.09256562590599
      vertex -0.6343624964356422 -4.8 8.484734371304512
    endloop
  endfacet
  facet normal 0 -1 0
    outer loop
      vertex -0.3613968715071678 -4.8 8.115612499415874
      vertex -0.575424998998642 -4.8 8.550212502479553
      vertex -0.6343624964356422 -4.8 8.484734371304512
    endloop
  endfacet
  facet normal 0 -1 0
    outer loop
      vertex -0.3613968715071678 -4.8 8.115612499415874
      vertex -0.2943429723381996 -4.8 8.129440627992153
      vertex -0.575424998998642 -4.8 8.550212502479553
    endloop
  endfacet
  facet normal 0 -1 0
    outer loop
      vertex -0.575424998998642 -4.8 8.550212502479553
      vertex -0.2943429723381996 -4.8 8.129440627992153
      vertex -0.5137875005602837 -4.8 8.608484372496605
    endloop
  endfacet
  facet normal 0 -1 0
    outer loop
      vertex -0.4494500011205673 -4.8 8.659550003707409
      vertex -0.2943429723381996 -4.8 8.129440627992153
      vertex -0.22394999861717224 -4.8 8.134049996733665
    endloop
  endfacet
  facet normal 0 -1 0
    outer loop
      vertex -0.3116093724966049 -4.8 8.742631249129772
      vertex -0.22394999861717224 -4.8 8.134049996733665
      vertex -0.09362578392028809 -4.8 8.11895078420639
    endloop
  endfacet
  facet normal -0.13828026593184078 0 0.9903931381294094
    outer loop
      vertex -2.6925999969244003 -4.8 8.859650000929832
      vertex -3.591099999845028 -5 8.73420000076294
      vertex -2.6925999969244003 -5 8.859650000929832
    endloop
  endfacet
  facet normal -0.9399919791949348 0 -0.3411965402069448
    outer loop
      vertex -2.778300002217293 -4.8 9.122637502849102
      vertex -2.7322437465190887 -5 8.99575312435627
      vertex -2.778300002217293 -5 9.122637502849102
    endloop
  endfacet
  facet normal -0.9399919791949348 0 -0.3411965402069448
    outer loop
      vertex -2.7322437465190887 -4.8 8.99575312435627
      vertex -2.7322437465190887 -5 8.99575312435627
      vertex -2.778300002217293 -4.8 9.122637502849102
    endloop
  endfacet
  facet normal -0.960100425340281 0 -0.27965545455329777
    outer loop
      vertex -2.7322437465190887 -4.8 8.99575312435627
      vertex -2.6925999969244003 -5 8.859650000929832
      vertex -2.7322437465190887 -5 8.99575312435627
    endloop
  endfacet
  facet normal -0.960100425340281 0 -0.27965545455329777
    outer loop
      vertex -2.6925999969244003 -4.8 8.859650000929832
      vertex -2.6925999969244003 -5 8.859650000929832
      vertex -2.7322437465190887 -4.8 8.99575312435627
    endloop
  endfacet
  facet normal -0.8353703628104874 0 -0.5496875084426374
    outer loop
      vertex -2.954943746328354 -4.8 9.447978124022484
      vertex -2.8896500021219254 -5 9.348750002682209
      vertex -2.954943746328354 -5 9.447978124022484
    endloop
  endfacet
  facet normal -0.7821441266160264 0 -0.623097556727719
    outer loop
      vertex -3.026649996638298 -4.8 9.537987500429153
      vertex -2.954943746328354 -4.8 9.447978124022484
      vertex -2.954943746328354 -5 9.447978124022484
    endloop
  endfacet
  facet normal -0.878819148960447 0 -0.4771550098452659
    outer loop
      vertex -2.8896500021219254 -4.8 9.348750002682209
      vertex -2.8307687491178513 -5 9.240303121507168
      vertex -2.8896500021219254 -5 9.348750002682209
    endloop
  endfacet
  facet normal -0.9133127380201767 0 -0.4072589379867409
    outer loop
      vertex -2.8307687491178513 -4.8 9.240303121507168
      vertex -2.778300002217293 -5 9.122637502849102
      vertex -2.8307687491178513 -5 9.240303121507168
    endloop
  endfacet
  facet normal -0.878819148960447 0 -0.4771550098452659
    outer loop
      vertex -2.8896500021219254 -4.8 9.348750002682209
      vertex -2.8307687491178513 -4.8 9.240303121507168
      vertex -2.8307687491178513 -5 9.240303121507168
    endloop
  endfacet
  facet normal -0.9133127380201767 0 -0.4072589379867409
    outer loop
      vertex -2.8307687491178513 -4.8 9.240303121507168
      vertex -2.778300002217293 -4.8 9.122637502849102
      vertex -2.778300002217293 -5 9.122637502849102
    endloop
  endfacet
  facet normal -0.8353703628104874 0 -0.5496875084426374
    outer loop
      vertex -2.8896500021219254 -4.8 9.348750002682209
      vertex -2.8896500021219254 -5 9.348750002682209
      vertex -2.954943746328354 -4.8 9.447978124022484
    endloop
  endfacet
  facet normal -0.7188943104403552 0 -0.69511939292217
    outer loop
      vertex -3.104768753051758 -4.8 9.618778124451637
      vertex -3.026649996638298 -5 9.537987500429153
      vertex -3.104768753051758 -5 9.618778124451637
    endloop
  endfacet
  facet normal -0.7821441266160264 0 -0.623097556727719
    outer loop
      vertex -3.026649996638298 -4.8 9.537987500429153
      vertex -2.954943746328354 -5 9.447978124022484
      vertex -3.026649996638298 -5 9.537987500429153
    endloop
  endfacet
  facet normal -0.7188943104403552 0 -0.69511939292217
    outer loop
      vertex -3.104768753051758 -4.8 9.618778124451637
      vertex -3.026649996638298 -4.8 9.537987500429153
      vertex -3.026649996638298 -5 9.537987500429153
    endloop
  endfacet
  facet normal 0.9989409168969402 0 0.04601135239373305
    outer loop
      vertex -1.8362499997019768 -4.8 8.440849997103214
      vertex -1.8383890613913536 -5 8.487290628254414
      vertex -1.8362499997019768 -5 8.440849997103214
    endloop
  endfacet
  facet normal 0.9988270880736979 0 0.04841950154862723
    outer loop
      vertex -1.8383890613913536 -4.8 8.487290628254414
      vertex -1.840581253170967 -5 8.532512500882149
      vertex -1.8383890613913536 -5 8.487290628254414
    endloop
  endfacet
  facet normal 0.998700706026351 0 0.050959785934284976
    outer loop
      vertex -1.840581253170967 -4.8 8.532512500882149
      vertex -1.842826560139656 -5 8.576515622437
      vertex -1.840581253170967 -5 8.532512500882149
    endloop
  endfacet
  facet normal 0.9985601209747036 0 0.05364405651127822
    outer loop
      vertex -1.842826560139656 -4.8 8.576515622437
      vertex -1.8451249971985817 -5 8.619300000369549
      vertex -1.842826560139656 -5 8.576515622437
    endloop
  endfacet
  facet normal 0.998403477317462 0 0.05648447999583642
    outer loop
      vertex -1.8451249971985817 -4.8 8.619300000369549
      vertex -1.847476564347744 -5 8.660865627229214
      vertex -1.8451249971985817 -5 8.619300000369549
    endloop
  endfacet
  facet normal 0.9982286251769288 0 0.059494637383367494
    outer loop
      vertex -1.847476564347744 -4.8 8.660865627229214
      vertex -1.8498812466859818 -5 8.701212503015995
      vertex -1.847476564347744 -5 8.660865627229214
    endloop
  endfacet
  facet normal 0.998032990109881 0 0.06269091363451669
    outer loop
      vertex -1.8498812466859818 -4.8 8.701212503015995
      vertex -1.8523390591144562 -5 8.740340627729893
      vertex -1.8498812466859818 -5 8.701212503015995
    endloop
  endfacet
  facet normal 0.9978136272066374 0 0.06609058450894154
    outer loop
      vertex -1.8523390591144562 -4.8 8.740340627729893
      vertex -1.8548500016331673 -5 8.778250001370907
      vertex -1.8523390591144562 -5 8.740340627729893
    endloop
  endfacet
  facet normal 0.9989409168969402 0 0.04601135239373305
    outer loop
      vertex -1.8362499997019768 -4.8 8.440849997103214
      vertex -1.8383890613913536 -4.8 8.487290628254414
      vertex -1.8383890613913536 -5 8.487290628254414
    endloop
  endfacet
  facet normal 0.9988270880736979 0 0.04841950154862723
    outer loop
      vertex -1.8383890613913536 -4.8 8.487290628254414
      vertex -1.840581253170967 -4.8 8.532512500882149
      vertex -1.840581253170967 -5 8.532512500882149
    endloop
  endfacet
  facet normal 0.998700706026351 0 0.050959785934284976
    outer loop
      vertex -1.840581253170967 -4.8 8.532512500882149
      vertex -1.842826560139656 -4.8 8.576515622437
      vertex -1.842826560139656 -5 8.576515622437
    endloop
  endfacet
  facet normal 0.9985601209747036 0 0.05364405651127822
    outer loop
      vertex -1.842826560139656 -4.8 8.576515622437
      vertex -1.8451249971985817 -4.8 8.619300000369549
      vertex -1.8451249971985817 -5 8.619300000369549
    endloop
  endfacet
  facet normal 0.998403477317462 0 0.05648447999583642
    outer loop
      vertex -1.8451249971985817 -4.8 8.619300000369549
      vertex -1.847476564347744 -4.8 8.660865627229214
      vertex -1.847476564347744 -5 8.660865627229214
    endloop
  endfacet
  facet normal 0.9982286251769288 0 0.059494637383367494
    outer loop
      vertex -1.847476564347744 -4.8 8.660865627229214
      vertex -1.8498812466859818 -4.8 8.701212503015995
      vertex -1.8498812466859818 -5 8.701212503015995
    endloop
  endfacet
  facet normal 0.998032990109881 0 0.06269091363451669
    outer loop
      vertex -1.8498812466859818 -4.8 8.701212503015995
      vertex -1.8523390591144562 -4.8 8.740340627729893
      vertex -1.8523390591144562 -5 8.740340627729893
    endloop
  endfacet
  facet normal 0.9978136272066374 0 0.06609058450894154
    outer loop
      vertex -1.8523390591144562 -4.8 8.740340627729893
      vertex -1.8548500016331673 -4.8 8.778250001370907
      vertex -1.8548500016331673 -5 8.778250001370907
    endloop
  endfacet
  facet normal 0 -1 0
    outer loop
      vertex -3.591099999845028 -4.8 8.73420000076294
      vertex -2.7322437465190887 -4.8 8.99575312435627
      vertex -2.778300002217293 -4.8 9.122637502849102
    endloop
  endfacet
  facet normal 0 -1 0
    outer loop
      vertex -3.591099999845028 -4.8 8.73420000076294
      vertex -2.6925999969244003 -4.8 8.859650000929832
      vertex -2.7322437465190887 -4.8 8.99575312435627
    endloop
  endfacet
  facet normal 0 -1 0
    outer loop
      vertex -3.6282921880483627 -4.8 8.844660937786102
      vertex -2.778300002217293 -4.8 9.122637502849102
      vertex -2.8307687491178513 -4.8 9.240303121507168
    endloop
  endfacet
  facet normal 0 0 -1
    outer loop
      vertex -1.8548500016331673 -4.8 8.778250001370907
      vertex -0.9461999982595444 -5 8.778250001370907
      vertex -1.8548500016331673 -5 8.778250001370907
    endloop
  endfacet
  facet normal 0 0 -1
    outer loop
      vertex -1.8548500016331673 -4.8 8.778250001370907
      vertex -0.9461999982595444 -4.8 8.778250001370907
      vertex -0.9461999982595444 -5 8.778250001370907
    endloop
  endfacet
  facet normal -0.9980793283592764 0 -0.061948803877843975
    outer loop
      vertex -0.9231820330023766 -4.8 8.500672653317451
      vertex -0.9190500006079674 -5 8.4341000020504
      vertex -0.9231820330023766 -5 8.500672653317451
    endloop
  endfacet
  facet normal -0.9975691242682077 0 -0.06968387407974183
    outer loop
      vertex -0.9308132827281952 -4.8 8.613628908991814
      vertex -0.9271031245589256 -5 8.560515627264977
      vertex -0.9308132827281952 -5 8.613628908991814
    endloop
  endfacet
  facet normal -0.9978602552330794 0 -0.06538280374971489
    outer loop
      vertex -0.9271031245589256 -4.8 8.560515627264977
      vertex -0.9231820330023766 -5 8.500672653317451
      vertex -0.9271031245589256 -5 8.560515627264977
    endloop
  endfacet
  facet normal -0.9971664285716036 0 -0.07522708109286863
    outer loop
      vertex -0.9343125000596046 -4.8 8.660012498497963
      vertex -0.9308132827281952 -5 8.613628908991814
      vertex -0.9343125000596046 -5 8.660012498497963
    endloop
  endfacet
  facet normal -0.9965793871473086 0 -0.08264094090156039
    outer loop
      vertex -0.9376007840037346 -4.8 8.699666403234005
      vertex -0.9343125000596046 -5 8.660012498497963
      vertex -0.9376007840037346 -5 8.699666403234005
    endloop
  endfacet
  facet normal -0.9956603307040615 0 -0.09306183891520176
    outer loop
      vertex -0.9406781271100044 -4.8 8.73259062319994
      vertex -0.9376007840037346 -5 8.699666403234005
      vertex -0.9406781271100044 -5 8.73259062319994
    endloop
  endfacet
  facet normal -0.9940660507322191 0 -0.10877815397242901
    outer loop
      vertex -0.9435445293784142 -4.8 8.758785158395767
      vertex -0.9406781271100044 -5 8.73259062319994
      vertex -0.9435445293784142 -5 8.758785158395767
    endloop
  endfacet
  facet normal -0.9908221788129907 0 -0.1351717794966011
    outer loop
      vertex -0.9461999982595444 -4.8 8.778250001370907
      vertex -0.9435445293784142 -5 8.758785158395767
      vertex -0.9461999982595444 -5 8.778250001370907
    endloop
  endfacet
  facet normal -0.9980793283592764 0 -0.061948803877843975
    outer loop
      vertex -0.9190500006079674 -4.8 8.4341000020504
      vertex -0.9190500006079674 -5 8.4341000020504
      vertex -0.9231820330023766 -4.8 8.500672653317451
    endloop
  endfacet
  facet normal -0.9978602552330794 0 -0.06538280374971489
    outer loop
      vertex -0.9231820330023766 -4.8 8.500672653317451
      vertex -0.9231820330023766 -5 8.500672653317451
      vertex -0.9271031245589256 -4.8 8.560515627264977
    endloop
  endfacet
  facet normal -0.9975691242682077 0 -0.06968387407974183
    outer loop
      vertex -0.9271031245589256 -4.8 8.560515627264977
      vertex -0.9271031245589256 -5 8.560515627264977
      vertex -0.9308132827281952 -4.8 8.613628908991814
    endloop
  endfacet
  facet normal -0.9971664285716036 0 -0.07522708109286863
    outer loop
      vertex -0.9308132827281952 -4.8 8.613628908991814
      vertex -0.9308132827281952 -5 8.613628908991814
      vertex -0.9343125000596046 -4.8 8.660012498497963
    endloop
  endfacet
  facet normal -0.9965793871473086 0 -0.08264094090156039
    outer loop
      vertex -0.9376007840037346 -4.8 8.699666403234005
      vertex -0.9343125000596046 -4.8 8.660012498497963
      vertex -0.9343125000596046 -5 8.660012498497963
    endloop
  endfacet
  facet normal -0.9956603307040615 0 -0.09306183891520176
    outer loop
      vertex -0.9376007840037346 -4.8 8.699666403234005
      vertex -0.9376007840037346 -5 8.699666403234005
      vertex -0.9406781271100044 -4.8 8.73259062319994
    endloop
  endfacet
  facet normal -0.9940660507322191 0 -0.10877815397242901
    outer loop
      vertex -0.9406781271100044 -4.8 8.73259062319994
      vertex -0.9406781271100044 -5 8.73259062319994
      vertex -0.9435445293784142 -4.8 8.758785158395767
    endloop
  endfacet
  facet normal -0.9908221788129907 0 -0.1351717794966011
    outer loop
      vertex -0.9435445293784142 -4.8 8.758785158395767
      vertex -0.9435445293784142 -5 8.758785158395767
      vertex -0.9461999982595444 -4.8 8.778250001370907
    endloop
  endfacet
  facet normal 0.7432536228154006 0 -0.6690097549152643
    outer loop
      vertex -0.6343624964356422 -4.8 8.484734371304512
      vertex -0.575424998998642 -5 8.550212502479553
      vertex -0.6343624964356422 -5 8.484734371304512
    endloop
  endfacet
  facet normal 0.7909041622121233 0 -0.6119400348036885
    outer loop
      vertex -0.6906000003218651 -4.8 8.412050001323223
      vertex -0.6343624964356422 -4.8 8.484734371304512
      vertex -0.6343624964356422 -5 8.484734371304512
    endloop
  endfacet
  facet normal 0.7432536228154006 0 -0.6690097549152643
    outer loop
      vertex -0.6343624964356422 -4.8 8.484734371304512
      vertex -0.575424998998642 -4.8 8.550212502479553
      vertex -0.575424998998642 -5 8.550212502479553
    endloop
  endfacet
  facet normal 0.686989077681092 0 -0.7266677419198423
    outer loop
      vertex -0.575424998998642 -4.8 8.550212502479553
      vertex -0.5137875005602837 -5 8.608484372496605
      vertex -0.575424998998642 -5 8.550212502479553
    endloop
  endfacet
  facet normal 0.6216886609651397 0 -0.7832644565071056
    outer loop
      vertex -0.5137875005602837 -4.8 8.608484372496605
      vertex -0.4494500011205673 -5 8.659550003707409
      vertex -0.5137875005602837 -5 8.608484372496605
    endloop
  endfacet
  facet normal 0.5515950026919084 0 -0.834112074607072
    outer loop
      vertex -0.4494500011205673 -4.8 8.659550003707409
      vertex -0.38214609026908875 -5 8.704057812690735
      vertex -0.4494500011205673 -5 8.659550003707409
    endloop
  endfacet
  facet normal 0.686989077681092 0 -0.7266677419198423
    outer loop
      vertex -0.575424998998642 -4.8 8.550212502479553
      vertex -0.5137875005602837 -4.8 8.608484372496605
      vertex -0.5137875005602837 -5 8.608484372496605
    endloop
  endfacet
  facet normal 0.6216886609651397 0 -0.7832644565071056
    outer loop
      vertex -0.5137875005602837 -4.8 8.608484372496605
      vertex -0.4494500011205673 -4.8 8.659550003707409
      vertex -0.4494500011205673 -5 8.659550003707409
    endloop
  endfacet
  facet normal 0.5515950026919084 0 -0.834112074607072
    outer loop
      vertex -0.4494500011205673 -4.8 8.659550003707409
      vertex -0.38214609026908875 -4.8 8.704057812690735
      vertex -0.38214609026908875 -5 8.704057812690735
    endloop
  endfacet
  facet normal 0.4797995966946507 0 -0.8773781094896603
    outer loop
      vertex -0.38214609026908875 -4.8 8.704057812690735
      vertex -0.3116093724966049 -5 8.742631249129772
      vertex -0.38214609026908875 -5 8.704057812690735
    endloop
  endfacet
  facet normal 0.4046121030140779 0 -0.9144884067578578
    outer loop
      vertex -0.3116093724966049 -4.8 8.742631249129772
      vertex -0.23783984035253525 -5 8.77527031302452
      vertex -0.3116093724966049 -5 8.742631249129772
    endloop
  endfacet
  facet normal 0.3276586580318586 0 -0.9447961705133872
    outer loop
      vertex -0.23783984035253525 -4.8 8.77527031302452
      vertex -0.16083750128746033 -5 8.8019749969244
      vertex -0.23783984035253525 -5 8.77527031302452
    endloop
  endfacet
  facet normal 0.4797995966946507 0 -0.8773781094896603
    outer loop
      vertex -0.38214609026908875 -4.8 8.704057812690735
      vertex -0.3116093724966049 -4.8 8.742631249129772
      vertex -0.3116093724966049 -5 8.742631249129772
    endloop
  endfacet
  facet normal 0.4046121030140779 0 -0.9144884067578578
    outer loop
      vertex -0.3116093724966049 -4.8 8.742631249129772
      vertex -0.23783984035253525 -4.8 8.77527031302452
      vertex -0.23783984035253525 -5 8.77527031302452
    endloop
  endfacet
  facet normal 0.25060726004976724 0 -0.968088839523702
    outer loop
      vertex -0.16083750128746033 -4.8 8.8019749969244
      vertex -0.08060234040021896 -5 8.822745315730572
      vertex -0.16083750128746033 -5 8.8019749969244
    endloop
  endfacet
  facet normal 0.17500110714941366 0 -0.9845682365872258
    outer loop
      vertex -0.08060234040021896 -4.8 8.822745315730572
      vertex 0.002865627408027649 -5 8.837581247091293
      vertex -0.08060234040021896 -5 8.822745315730572
    endloop
  endfacet
  facet normal 0.3276586580318586 0 -0.9447961705133872
    outer loop
      vertex -0.23783984035253525 -4.8 8.77527031302452
      vertex -0.16083750128746033 -4.8 8.8019749969244
      vertex -0.16083750128746033 -5 8.8019749969244
    endloop
  endfacet
  facet normal 0.25060726004976724 0 -0.968088839523702
    outer loop
      vertex -0.16083750128746033 -4.8 8.8019749969244
      vertex -0.08060234040021896 -4.8 8.822745315730572
      vertex -0.08060234040021896 -5 8.822745315730572
    endloop
  endfacet
  facet normal 0.17500110714941366 0 -0.9845682365872258
    outer loop
      vertex -0.08060234040021896 -4.8 8.822745315730572
      vertex 0.002865627408027649 -4.8 8.837581247091293
      vertex 0.002865627408027649 -5 8.837581247091293
    endloop
  endfacet
  facet normal 0 -1 0
    outer loop
      vertex -1.8362499997019768 -4.8 8.440849997103214
      vertex -0.9231820330023766 -4.8 8.500672653317451
      vertex -1.8383890613913536 -4.8 8.487290628254414
    endloop
  endfacet
  facet normal 0 -1 0
    outer loop
      vertex -1.8383890613913536 -4.8 8.487290628254414
      vertex -0.9271031245589256 -4.8 8.560515627264977
      vertex -1.840581253170967 -4.8 8.532512500882149
    endloop
  endfacet
  facet normal 0 -1 0
    outer loop
      vertex -1.840581253170967 -4.8 8.532512500882149
      vertex -0.9308132827281952 -4.8 8.613628908991814
      vertex -1.842826560139656 -4.8 8.576515622437
    endloop
  endfacet
  facet normal 0 -1 0
    outer loop
      vertex -1.842826560139656 -4.8 8.576515622437
      vertex -0.9343125000596046 -4.8 8.660012498497963
      vertex -1.8451249971985817 -4.8 8.619300000369549
    endloop
  endfacet
  facet normal 0 -1 0
    outer loop
      vertex -1.8451249971985817 -4.8 8.619300000369549
      vertex -0.9376007840037346 -4.8 8.699666403234005
      vertex -1.847476564347744 -4.8 8.660865627229214
    endloop
  endfacet
  facet normal 0 -1 0
    outer loop
      vertex -1.847476564347744 -4.8 8.660865627229214
      vertex -0.9461999982595444 -4.8 8.778250001370907
      vertex -1.8498812466859818 -4.8 8.701212503015995
    endloop
  endfacet
  facet normal 0 -1 0
    outer loop
      vertex -1.8498812466859818 -4.8 8.701212503015995
      vertex -0.9461999982595444 -4.8 8.778250001370907
      vertex -1.8523390591144562 -4.8 8.740340627729893
    endloop
  endfacet
  facet normal 0 -1 0
    outer loop
      vertex -1.8523390591144562 -4.8 8.740340627729893
      vertex -0.9461999982595444 -4.8 8.778250001370907
      vertex -1.8548500016331673 -4.8 8.778250001370907
    endloop
  endfacet
  facet normal 0 -1 0
    outer loop
      vertex -1.8362499997019768 -4.8 8.440849997103214
      vertex -0.9190500006079674 -4.8 8.4341000020504
      vertex -0.9231820330023766 -4.8 8.500672653317451
    endloop
  endfacet
  facet normal 0 -1 0
    outer loop
      vertex -1.8383890613913536 -4.8 8.487290628254414
      vertex -0.9231820330023766 -4.8 8.500672653317451
      vertex -0.9271031245589256 -4.8 8.560515627264977
    endloop
  endfacet
  facet normal 0 -1 0
    outer loop
      vertex -1.840581253170967 -4.8 8.532512500882149
      vertex -0.9271031245589256 -4.8 8.560515627264977
      vertex -0.9308132827281952 -4.8 8.613628908991814
    endloop
  endfacet
  facet normal 0 -1 0
    outer loop
      vertex -1.842826560139656 -4.8 8.576515622437
      vertex -0.9308132827281952 -4.8 8.613628908991814
      vertex -0.9343125000596046 -4.8 8.660012498497963
    endloop
  endfacet
  facet normal 0 -1 0
    outer loop
      vertex -1.8451249971985817 -4.8 8.619300000369549
      vertex -0.9343125000596046 -4.8 8.660012498497963
      vertex -0.9376007840037346 -4.8 8.699666403234005
    endloop
  endfacet
  facet normal 0 -1 0
    outer loop
      vertex -1.847476564347744 -4.8 8.660865627229214
      vertex -0.9376007840037346 -4.8 8.699666403234005
      vertex -0.9406781271100044 -4.8 8.73259062319994
    endloop
  endfacet
  facet normal 0 -1 0
    outer loop
      vertex -1.847476564347744 -4.8 8.660865627229214
      vertex -0.9406781271100044 -4.8 8.73259062319994
      vertex -0.9435445293784142 -4.8 8.758785158395767
    endloop
  endfacet
  facet normal 0 -1 0
    outer loop
      vertex -1.847476564347744 -4.8 8.660865627229214
      vertex -0.9435445293784142 -4.8 8.758785158395767
      vertex -0.9461999982595444 -4.8 8.778250001370907
    endloop
  endfacet
  facet normal 0 -1 0
    outer loop
      vertex -0.5137875005602837 -4.8 8.608484372496605
      vertex -0.2943429723381996 -4.8 8.129440627992153
      vertex -0.4494500011205673 -4.8 8.659550003707409
    endloop
  endfacet
  facet normal 0 -1 0
    outer loop
      vertex -0.4494500011205673 -4.8 8.659550003707409
      vertex -0.22394999861717224 -4.8 8.134049996733665
      vertex -0.38214609026908875 -4.8 8.704057812690735
    endloop
  endfacet
  facet normal 0 -1 0
    outer loop
      vertex -0.38214609026908875 -4.8 8.704057812690735
      vertex -0.22394999861717224 -4.8 8.134049996733665
      vertex -0.3116093724966049 -4.8 8.742631249129772
    endloop
  endfacet
  facet normal 0 -1 0
    outer loop
      vertex -0.3116093724966049 -4.8 8.742631249129772
      vertex -0.09362578392028809 -4.8 8.11895078420639
      vertex -0.23783984035253525 -4.8 8.77527031302452
    endloop
  endfacet
  facet normal 0 -1 0
    outer loop
      vertex -0.09362578392028809 -4.8 8.11895078420639
      vertex -0.16083750128746033 -4.8 8.8019749969244
      vertex -0.23783984035253525 -4.8 8.77527031302452
    endloop
  endfacet
  facet normal 0 -1 0
    outer loop
      vertex -0.09362578392028809 -4.8 8.11895078420639
      vertex -0.08060234040021896 -4.8 8.822745315730572
      vertex -0.16083750128746033 -4.8 8.8019749969244
    endloop
  endfacet
  facet normal 0 -1 0
    outer loop
      vertex -0.09362578392028809 -4.8 8.11895078420639
      vertex 0.002865627408027649 -4.8 8.837581247091293
      vertex -0.08060234040021896 -4.8 8.822745315730572
    endloop
  endfacet
  facet normal 0 -1 0
    outer loop
      vertex -0.09362578392028809 -4.8 8.11895078420639
      vertex 0.08956640958786011 -4.8 8.846482813358307
      vertex 0.002865627408027649 -4.8 8.837581247091293
    endloop
  endfacet
  facet normal 0 0 1
    outer loop
      vertex 0.3320999965071678 -4.8 5.1096000000834465
      vertex 0.3320999965071678 -5 5.1096000000834465
      vertex 1.278049997985363 -4.8 5.1096000000834465
    endloop
  endfacet
  facet normal 0 0 1
    outer loop
      vertex 1.278049997985363 -4.8 5.1096000000834465
      vertex 0.3320999965071678 -5 5.1096000000834465
      vertex 1.278049997985363 -5 5.1096000000834465
    endloop
  endfacet
  facet normal 0 0 1
    outer loop
      vertex 2.4851500019431114 -4.8 5.1096000000834465
      vertex 2.4851500019431114 -5 5.1096000000834465
      vertex 3.4311000034213066 -4.8 5.1096000000834465
    endloop
  endfacet
  facet normal 0 0 1
    outer loop
      vertex 3.4311000034213066 -4.8 5.1096000000834465
      vertex 2.4851500019431114 -5 5.1096000000834465
      vertex 3.4311000034213066 -5 5.1096000000834465
    endloop
  endfacet
  facet normal 0 0 1
    outer loop
      vertex 4.347000002861023 -4.8 5.1096000000834465
      vertex 4.347000002861023 -5 5.1096000000834465
      vertex 5.2998000010848045 -4.8 5.1096000000834465
    endloop
  endfacet
  facet normal 0 0 1
    outer loop
      vertex 5.2998000010848045 -4.8 5.1096000000834465
      vertex 4.347000002861023 -5 5.1096000000834465
      vertex 5.2998000010848045 -5 5.1096000000834465
    endloop
  endfacet
  facet normal 1 0 0
    outer loop
      vertex 0.3320999965071678 -4.8 5.1096000000834465
      vertex 0.3320999965071678 -5 7.167700000107288
      vertex 0.3320999965071678 -5 5.1096000000834465
    endloop
  endfacet
  facet normal 1 0 0
    outer loop
      vertex 0.3320999965071678 -4.8 5.1096000000834465
      vertex 0.3320999965071678 -4.8 7.167700000107288
      vertex 0.3320999965071678 -5 7.167700000107288
    endloop
  endfacet
  facet normal -1 0 0
    outer loop
      vertex 1.278049997985363 -4.8 5.1096000000834465
      vertex 1.278049997985363 -5 5.1096000000834465
      vertex 1.278049997985363 -4.8 7.120250001549721
    endloop
  endfacet
  facet normal -1 0 0
    outer loop
      vertex 1.278049997985363 -4.8 7.120250001549721
      vertex 1.278049997985363 -5 5.1096000000834465
      vertex 1.278049997985363 -5 7.120250001549721
    endloop
  endfacet
  facet normal 0.9992650344328762 0 0.03833263570200584
    outer loop
      vertex 0.3320999965071678 -4.8 7.167700000107288
      vertex 0.3234117180109024 -5 7.394188284873962
      vertex 0.3320999965071678 -5 7.167700000107288
    endloop
  endfacet
  facet normal 0.9992650344328762 0 0.03833263570200584
    outer loop
      vertex 0.3320999965071678 -4.8 7.167700000107288
      vertex 0.3234117180109024 -4.8 7.394188284873962
      vertex 0.3234117180109024 -5 7.394188284873962
    endloop
  endfacet
  facet normal 0.9912986384016537 0 0.13163209906032658
    outer loop
      vertex 0.3234117180109024 -4.8 7.394188284873962
      vertex 0.2973468750715256 -5 7.5904781222343445
      vertex 0.3234117180109024 -5 7.394188284873962
    endloop
  endfacet
  facet normal 0.9674560069589127 0 0.2530392748154253
    outer loop
      vertex 0.2973468750715256 -4.8 7.5904781222343445
      vertex 0.2539054676890373 -5 7.756569534540176
      vertex 0.2973468750715256 -5 7.5904781222343445
    endloop
  endfacet
  facet normal 0.9912986384016537 0 0.13163209906032658
    outer loop
      vertex 0.3234117180109024 -4.8 7.394188284873962
      vertex 0.2973468750715256 -4.8 7.5904781222343445
      vertex 0.2973468750715256 -5 7.5904781222343445
    endloop
  endfacet
  facet normal 0.9674560069589127 0 0.2530392748154253
    outer loop
      vertex 0.2539054676890373 -4.8 7.756569534540176
      vertex 0.2539054676890373 -5 7.756569534540176
      vertex 0.2973468750715256 -4.8 7.5904781222343445
    endloop
  endfacet
  facet normal 0.6198730370055169 0 0.7847021205486557
    outer loop
      vertex 0.11489296704530716 -4.8 7.9981570318341255
      vertex 0.019321873784065247 -5 8.073653124272823
      vertex 0.11489296704530716 -5 7.9981570318341255
    endloop
  endfacet
  facet normal 0.8039125134422981 0 0.5947475689154911
    outer loop
      vertex 0.19308750331401825 -4.8 7.892462499439716
      vertex 0.11489296704530716 -5 7.9981570318341255
      vertex 0.19308750331401825 -5 7.892462499439716
    endloop
  endfacet
  facet normal 0.6198730370055169 0 0.7847021205486557
    outer loop
      vertex 0.019321873784065247 -4.8 8.073653124272823
      vertex 0.019321873784065247 -5 8.073653124272823
      vertex 0.11489296704530716 -4.8 7.9981570318341255
    endloop
  endfacet
  facet normal 0.8039125134422981 0 0.5947475689154911
    outer loop
      vertex 0.11489296704530716 -4.8 7.9981570318341255
      vertex 0.11489296704530716 -5 7.9981570318341255
      vertex 0.19308750331401825 -4.8 7.892462499439716
    endloop
  endfacet
  facet normal 0.9127587948163693 0 0.4084989381692063
    outer loop
      vertex 0.2539054676890373 -4.8 7.756569534540176
      vertex 0.19308750331401825 -5 7.892462499439716
      vertex 0.2539054676890373 -5 7.756569534540176
    endloop
  endfacet
  facet normal 0.9127587948163693 0 0.4084989381692063
    outer loop
      vertex 0.2539054676890373 -4.8 7.756569534540176
      vertex 0.19308750331401825 -4.8 7.892462499439716
      vertex 0.19308750331401825 -5 7.892462499439716
    endloop
  endfacet
  facet normal -0.9982878777782396 0 0.05849199159729901
    outer loop
      vertex 1.2848156243562698 -4.8 7.235719531774521
      vertex 1.278049997985363 -5 7.120250001549721
      vertex 1.2848156243562698 -5 7.235719531774521
    endloop
  endfacet
  facet normal -0.9942004621191111 0 0.10754274090865423
    outer loop
      vertex 1.2966125011444092 -4.8 7.344778127968311
      vertex 1.2848156243562698 -5 7.235719531774521
      vertex 1.2966125011444092 -5 7.344778127968311
    endloop
  endfacet
  facet normal -0.9982878777782396 0 0.05849199159729901
    outer loop
      vertex 1.278049997985363 -4.8 7.120250001549721
      vertex 1.278049997985363 -5 7.120250001549721
      vertex 1.2848156243562698 -4.8 7.235719531774521
    endloop
  endfacet
  facet normal -0.9942004621191111 0 0.10754274090865423
    outer loop
      vertex 1.2848156243562698 -4.8 7.235719531774521
      vertex 1.2848156243562698 -5 7.235719531774521
      vertex 1.2966125011444092 -4.8 7.344778127968311
    endloop
  endfacet
  facet normal -0.986826678493568 0 0.16178104528452128
    outer loop
      vertex 1.2966125011444092 -4.8 7.344778127968311
      vertex 1.2966125011444092 -5 7.344778127968311
      vertex 1.313440628349781 -4.8 7.4474257826805115
    endloop
  endfacet
  facet normal -0.986826678493568 0 0.16178104528452128
    outer loop
      vertex 1.313440628349781 -4.8 7.4474257826805115
      vertex 1.2966125011444092 -5 7.344778127968311
      vertex 1.313440628349781 -5 7.4474257826805115
    endloop
  endfacet
  facet normal -0.9751604659055189 0 0.22149958405137346
    outer loop
      vertex 1.3352999985218048 -4.8 7.543662503361702
      vertex 1.313440628349781 -5 7.4474257826805115
      vertex 1.3352999985218048 -5 7.543662503361702
    endloop
  endfacet
  facet normal -0.9579937461911032 0 0.2867890902017303
    outer loop
      vertex 1.3621906265616417 -4.8 7.633488282561302
      vertex 1.3352999985218048 -5 7.543662503361702
      vertex 1.3621906265616417 -5 7.633488282561302
    endloop
  endfacet
  facet normal -0.9751604659055189 0 0.22149958405137346
    outer loop
      vertex 1.313440628349781 -4.8 7.4474257826805115
      vertex 1.313440628349781 -5 7.4474257826805115
      vertex 1.3352999985218048 -4.8 7.543662503361702
    endloop
  endfacet
  facet normal -0.9579937461911032 0 0.2867890902017303
    outer loop
      vertex 1.3352999985218048 -4.8 7.543662503361702
      vertex 1.3352999985218048 -5 7.543662503361702
      vertex 1.3621906265616417 -4.8 7.633488282561302
    endloop
  endfacet
  facet normal -0.9339473669866029 0 0.35741057021133527
    outer loop
      vertex 1.3941124975681305 -4.8 7.716903127729893
      vertex 1.3621906265616417 -5 7.633488282561302
      vertex 1.3941124975681305 -5 7.716903127729893
    endloop
  endfacet
  facet normal -0.9339473669866029 0 0.35741057021133527
    outer loop
      vertex 1.3621906265616417 -4.8 7.633488282561302
      vertex 1.3621906265616417 -5 7.633488282561302
      vertex 1.3941124975681305 -4.8 7.716903127729893
    endloop
  endfacet
  facet normal -0.9592333108712681 0 -0.282615384073382
    outer loop
      vertex 1.1448437497019768 -4.8 8.236796878278255
      vertex 1.2000999972224236 -5 8.04924999922514
      vertex 1.1448437497019768 -5 8.236796878278255
    endloop
  endfacet
  facet normal -0.9060411255131423 0 -0.4231896488323863
    outer loop
      vertex 1.0689250007271767 -4.8 8.399337500333786
      vertex 1.1448437497019768 -5 8.236796878278255
      vertex 1.0689250007271767 -5 8.399337500333786
    endloop
  endfacet
  facet normal -0.9060411255131423 0 -0.4231896488323863
    outer loop
      vertex 1.0689250007271767 -4.8 8.399337500333786
      vertex 1.1448437497019768 -4.8 8.236796878278255
      vertex 1.1448437497019768 -5 8.236796878278255
    endloop
  endfacet
  facet normal 0 0 -1
    outer loop
      vertex 1.2000999972224236 -4.8 8.04924999922514
      vertex 1.2204499989748 -5 8.04924999922514
      vertex 1.2000999972224236 -5 8.04924999922514
    endloop
  endfacet
  facet normal 0.907232500875958 0 -0.42062951555300415
    outer loop
      vertex 1.2204499989748 -4.8 8.04924999922514
      vertex 1.2682281285524368 -5 8.152300000190735
      vertex 1.2204499989748 -5 8.04924999922514
    endloop
  endfacet
  facet normal 0 0 -1
    outer loop
      vertex 1.2000999972224236 -4.8 8.04924999922514
      vertex 1.2204499989748 -4.8 8.04924999922514
      vertex 1.2204499989748 -5 8.04924999922514
    endloop
  endfacet
  facet normal -0.9015629959098106 0 0.43264785265401107
    outer loop
      vertex 1.4310656264424324 -4.8 7.793907031416893
      vertex 1.3941124975681305 -5 7.716903127729893
      vertex 1.4310656264424324 -5 7.793907031416893
    endloop
  endfacet
  facet normal -0.8594814702863716 0 0.5111669025224318
    outer loop
      vertex 1.4730499982833862 -4.8 7.864500001072884
      vertex 1.4310656264424324 -5 7.793907031416893
      vertex 1.4730499982833862 -5 7.864500001072884
    endloop
  endfacet
  facet normal -0.8080268648111429 0 0.5891456405197911
    outer loop
      vertex 1.5191124975681305 -4.8 7.927675783634186
      vertex 1.4730499982833862 -5 7.864500001072884
      vertex 1.5191124975681305 -5 7.927675783634186
    endloop
  endfacet
  facet normal -0.7438991893352875 0 0.6682918494986317
    outer loop
      vertex 1.5683000013232231 -4.8 7.982428126037121
      vertex 1.5191124975681305 -5 7.927675783634186
      vertex 1.5683000013232231 -5 7.982428126037121
    endloop
  endfacet
  facet normal -0.9015629959098106 0 0.43264785265401107
    outer loop
      vertex 1.3941124975681305 -4.8 7.716903127729893
      vertex 1.3941124975681305 -5 7.716903127729893
      vertex 1.4310656264424324 -4.8 7.793907031416893
    endloop
  endfacet
  facet normal -0.8594814702863716 0 0.5111669025224318
    outer loop
      vertex 1.4310656264424324 -4.8 7.793907031416893
      vertex 1.4310656264424324 -5 7.793907031416893
      vertex 1.4730499982833862 -4.8 7.864500001072884
    endloop
  endfacet
  facet normal -0.8080268648111429 0 0.5891456405197911
    outer loop
      vertex 1.4730499982833862 -4.8 7.864500001072884
      vertex 1.4730499982833862 -5 7.864500001072884
      vertex 1.5191124975681305 -4.8 7.927675783634186
    endloop
  endfacet
  facet normal -0.7438991893352875 0 0.6682918494986317
    outer loop
      vertex 1.5191124975681305 -4.8 7.927675783634186
      vertex 1.5191124975681305 -5 7.927675783634186
      vertex 1.5683000013232231 -4.8 7.982428126037121
    endloop
  endfacet
  facet normal 0.8855552416797294 0 -0.46453408263932144
    outer loop
      vertex 1.2682281285524368 -4.8 8.152300000190735
      vertex 1.3183375000953674 -5 8.247824996709824
      vertex 1.2682281285524368 -5 8.152300000190735
    endloop
  endfacet
  facet normal 0.8590367579450345 0 -0.5119139073118488
    outer loop
      vertex 1.3183375000953674 -4.8 8.247824996709824
      vertex 1.3707781285047531 -5 8.335825003683567
      vertex 1.3183375000953674 -5 8.247824996709824
    endloop
  endfacet
  facet normal -0.9592333108712681 0 -0.282615384073382
    outer loop
      vertex 1.2000999972224236 -4.8 8.04924999922514
      vertex 1.2000999972224236 -5 8.04924999922514
      vertex 1.1448437497019768 -4.8 8.236796878278255
    endloop
  endfacet
  facet normal 0.907232500875958 0 -0.42062951555300415
    outer loop
      vertex 1.2204499989748 -4.8 8.04924999922514
      vertex 1.2682281285524368 -4.8 8.152300000190735
      vertex 1.2682281285524368 -5 8.152300000190735
    endloop
  endfacet
  facet normal 0.8855552416797294 0 -0.46453408263932144
    outer loop
      vertex 1.2682281285524368 -4.8 8.152300000190735
      vertex 1.3183375000953674 -4.8 8.247824996709824
      vertex 1.3183375000953674 -5 8.247824996709824
    endloop
  endfacet
  facet normal 0.8590367579450345 0 -0.5119139073118488
    outer loop
      vertex 1.3183375000953674 -4.8 8.247824996709824
      vertex 1.3707781285047531 -4.8 8.335825003683567
      vertex 1.3707781285047531 -5 8.335825003683567
    endloop
  endfacet
  facet normal 0.8266929767363866 0 -0.562653287748976
    outer loop
      vertex 1.3707781285047531 -4.8 8.335825003683567
      vertex 1.4255499988794327 -5 8.416299998760223
      vertex 1.3707781285047531 -5 8.335825003683567
    endloop
  endfacet
  facet normal 0.8266929767363866 0 -0.562653287748976
    outer loop
      vertex 1.3707781285047531 -4.8 8.335825003683567
      vertex 1.4255499988794327 -4.8 8.416299998760223
      vertex 1.4255499988794327 -5 8.416299998760223
    endloop
  endfacet
  facet normal 0 -1 0
    outer loop
      vertex 0.3320999965071678 -4.8 5.1096000000834465
      vertex 1.278049997985363 -4.8 7.120250001549721
      vertex 0.3320999965071678 -4.8 7.167700000107288
    endloop
  endfacet
  facet normal 0 -1 0
    outer loop
      vertex 0.3320999965071678 -4.8 5.1096000000834465
      vertex 1.278049997985363 -4.8 5.1096000000834465
      vertex 1.278049997985363 -4.8 7.120250001549721
    endloop
  endfacet
  facet normal 0 -1 0
    outer loop
      vertex 0.3320999965071678 -4.8 7.167700000107288
      vertex 1.2848156243562698 -4.8 7.235719531774521
      vertex 0.3234117180109024 -4.8 7.394188284873962
    endloop
  endfacet
  facet normal 0 -1 0
    outer loop
      vertex 0.3234117180109024 -4.8 7.394188284873962
      vertex 1.313440628349781 -4.8 7.4474257826805115
      vertex 0.2973468750715256 -4.8 7.5904781222343445
    endloop
  endfacet
  facet normal 0 -1 0
    outer loop
      vertex 0.2539054676890373 -4.8 7.756569534540176
      vertex 0.2973468750715256 -4.8 7.5904781222343445
      vertex 1.3621906265616417 -4.8 7.633488282561302
    endloop
  endfacet
  facet normal 0 -1 0
    outer loop
      vertex -0.09362578392028809 -4.8 8.11895078420639
      vertex 0.019321873784065247 -4.8 8.073653124272823
      vertex 0.08956640958786011 -4.8 8.846482813358307
    endloop
  endfacet
  facet normal 0 -1 0
    outer loop
      vertex 0.019321873784065247 -4.8 8.073653124272823
      vertex 0.11489296704530716 -4.8 7.9981570318341255
      vertex 0.3793937489390373 -4.8 8.836946874856949
    endloop
  endfacet
  facet normal 0 -1 0
    outer loop
      vertex 0.2539054676890373 -4.8 7.756569534540176
      vertex 1.1448437497019768 -4.8 8.236796878278255
      vertex 0.19308750331401825 -4.8 7.892462499439716
    endloop
  endfacet
  facet normal 0 -1 0
    outer loop
      vertex 0.11489296704530716 -4.8 7.9981570318341255
      vertex 0.19308750331401825 -4.8 7.892462499439716
      vertex 0.9723437502980232 -4.8 8.536871872842312
    endloop
  endfacet
  facet normal 0 -1 0
    outer loop
      vertex 0.11489296704530716 -4.8 7.9981570318341255
      vertex 0.9723437502980232 -4.8 8.536871872842312
      vertex 0.8550999984145164 -4.8 8.649400003254414
    endloop
  endfacet
  facet normal 0 -1 0
    outer loop
      vertex 0.19308750331401825 -4.8 7.892462499439716
      vertex 1.0689250007271767 -4.8 8.399337500333786
      vertex 0.9723437502980232 -4.8 8.536871872842312
    endloop
  endfacet
  facet normal 0 -1 0
    outer loop
      vertex 0.3320999965071678 -4.8 7.167700000107288
      vertex 1.278049997985363 -4.8 7.120250001549721
      vertex 1.2848156243562698 -4.8 7.235719531774521
    endloop
  endfacet
  facet normal 0 -1 0
    outer loop
      vertex 0.3234117180109024 -4.8 7.394188284873962
      vertex 1.2848156243562698 -4.8 7.235719531774521
      vertex 1.2966125011444092 -4.8 7.344778127968311
    endloop
  endfacet
  facet normal 0 -1 0
    outer loop
      vertex 0.3234117180109024 -4.8 7.394188284873962
      vertex 1.2966125011444092 -4.8 7.344778127968311
      vertex 1.313440628349781 -4.8 7.4474257826805115
    endloop
  endfacet
  facet normal 0 -1 0
    outer loop
      vertex 0.2973468750715256 -4.8 7.5904781222343445
      vertex 1.313440628349781 -4.8 7.4474257826805115
      vertex 1.3352999985218048 -4.8 7.543662503361702
    endloop
  endfacet
  facet normal 0 -1 0
    outer loop
      vertex 0.2973468750715256 -4.8 7.5904781222343445
      vertex 1.3352999985218048 -4.8 7.543662503361702
      vertex 1.3621906265616417 -4.8 7.633488282561302
    endloop
  endfacet
  facet normal 0 -1 0
    outer loop
      vertex 0.2539054676890373 -4.8 7.756569534540176
      vertex 1.3621906265616417 -4.8 7.633488282561302
      vertex 1.3941124975681305 -4.8 7.716903127729893
    endloop
  endfacet
  facet normal 0 -1 0
    outer loop
      vertex 0.2539054676890373 -4.8 7.756569534540176
      vertex 1.3941124975681305 -4.8 7.716903127729893
      vertex 1.2000999972224236 -4.8 8.04924999922514
    endloop
  endfacet
  facet normal 0 -1 0
    outer loop
      vertex 0.2539054676890373 -4.8 7.756569534540176
      vertex 1.2000999972224236 -4.8 8.04924999922514
      vertex 1.1448437497019768 -4.8 8.236796878278255
    endloop
  endfacet
  facet normal 0 -1 0
    outer loop
      vertex 0.19308750331401825 -4.8 7.892462499439716
      vertex 1.1448437497019768 -4.8 8.236796878278255
      vertex 1.0689250007271767 -4.8 8.399337500333786
    endloop
  endfacet
  facet normal 0 -1 0
    outer loop
      vertex 1.2000999972224236 -4.8 8.04924999922514
      vertex 1.3941124975681305 -4.8 7.716903127729893
      vertex 1.4310656264424324 -4.8 7.793907031416893
    endloop
  endfacet
  facet normal 0 -1 0
    outer loop
      vertex 1.2000999972224236 -4.8 8.04924999922514
      vertex 1.4310656264424324 -4.8 7.793907031416893
      vertex 1.2204499989748 -4.8 8.04924999922514
    endloop
  endfacet
  facet normal 0 -1 0
    outer loop
      vertex 1.2204499989748 -4.8 8.04924999922514
      vertex 1.5191124975681305 -4.8 7.927675783634186
      vertex 1.2682281285524368 -4.8 8.152300000190735
    endloop
  endfacet
  facet normal 0 -1 0
    outer loop
      vertex 1.2204499989748 -4.8 8.04924999922514
      vertex 1.4310656264424324 -4.8 7.793907031416893
      vertex 1.4730499982833862 -4.8 7.864500001072884
    endloop
  endfacet
  facet normal 0 -1 0
    outer loop
      vertex 1.2204499989748 -4.8 8.04924999922514
      vertex 1.4730499982833862 -4.8 7.864500001072884
      vertex 1.5191124975681305 -4.8 7.927675783634186
    endloop
  endfacet
  facet normal 0 -1 0
    outer loop
      vertex 1.2682281285524368 -4.8 8.152300000190735
      vertex 1.5191124975681305 -4.8 7.927675783634186
      vertex 1.5683000013232231 -4.8 7.982428126037121
    endloop
  endfacet
  facet normal 0 -1 0
    outer loop
      vertex 1.2682281285524368 -4.8 8.152300000190735
      vertex 1.5683000013232231 -4.8 7.982428126037121
      vertex 1.3183375000953674 -4.8 8.247824996709824
    endloop
  endfacet
  facet normal 0 -1 0
    outer loop
      vertex 1.6206125020980835 -4.8 8.028757028281689
      vertex 1.3707781285047531 -4.8 8.335825003683567
      vertex 1.3183375000953674 -4.8 8.247824996709824
    endloop
  endfacet
  facet normal 0 -1 0
    outer loop
      vertex 1.5683000013232231 -4.8 7.982428126037121
      vertex 1.6206125020980835 -4.8 8.028757028281689
      vertex 1.3183375000953674 -4.8 8.247824996709824
    endloop
  endfacet
  facet normal 0 -1 0
    outer loop
      vertex 1.6206125020980835 -4.8 8.028757028281689
      vertex 1.6760499998927116 -4.8 8.06666249781847
      vertex 1.3707781285047531 -4.8 8.335825003683567
    endloop
  endfacet
  facet normal 0 -1 0
    outer loop
      vertex 1.3707781285047531 -4.8 8.335825003683567
      vertex 1.6760499998927116 -4.8 8.06666249781847
      vertex 1.4255499988794327 -4.8 8.416299998760223
    endloop
  endfacet
  facet normal 0 -1 0
    outer loop
      vertex 1.4255499988794327 -4.8 8.416299998760223
      vertex 1.7346125021576881 -4.8 8.096144534647465
      vertex 1.4826531261205673 -4.8 8.489249996840954
    endloop
  endfacet
  facet normal 1 0 0
    outer loop
      vertex 2.4851500019431114 -4.8 5.1096000000834465
      vertex 2.4851500019431114 -5 7.167700000107288
      vertex 2.4851500019431114 -5 5.1096000000834465
    endloop
  endfacet
  facet normal 1 0 0
    outer loop
      vertex 2.4851500019431114 -4.8 5.1096000000834465
      vertex 2.4851500019431114 -4.8 7.167700000107288
      vertex 2.4851500019431114 -5 7.167700000107288
    endloop
  endfacet
  facet normal -0.6629949304962837 0 0.7486238856303132
    outer loop
      vertex 1.6206125020980835 -4.8 8.028757028281689
      vertex 1.5683000013232231 -5 7.982428126037121
      vertex 1.6206125020980835 -5 8.028757028281689
    endloop
  endfacet
  facet normal -0.5644257664695304 0 0.8254838303354484
    outer loop
      vertex 1.6760499998927116 -4.8 8.06666249781847
      vertex 1.6206125020980835 -5 8.028757028281689
      vertex 1.6760499998927116 -5 8.06666249781847
    endloop
  endfacet
  facet normal -0.6629949304962837 0 0.7486238856303132
    outer loop
      vertex 1.5683000013232231 -4.8 7.982428126037121
      vertex 1.5683000013232231 -5 7.982428126037121
      vertex 1.6206125020980835 -4.8 8.028757028281689
    endloop
  endfacet
  facet normal -0.5644257664695304 0 0.8254838303354484
    outer loop
      vertex 1.6206125020980835 -4.8 8.028757028281689
      vertex 1.6206125020980835 -5 8.028757028281689
      vertex 1.6760499998927116 -4.8 8.06666249781847
    endloop
  endfacet
  facet normal -0.44966183447049474 0 0.8931988774179183
    outer loop
      vertex 1.6760499998927116 -4.8 8.06666249781847
      vertex 1.6760499998927116 -5 8.06666249781847
      vertex 1.7346125021576881 -4.8 8.096144534647465
    endloop
  endfacet
  facet normal -0.44966183447049474 0 0.8931988774179183
    outer loop
      vertex 1.7346125021576881 -4.8 8.096144534647465
      vertex 1.6760499998927116 -5 8.06666249781847
      vertex 1.7346125021576881 -5 8.096144534647465
    endloop
  endfacet
  facet normal -0.3230691793321274 0 0.9463753512035622
    outer loop
      vertex 1.7346125021576881 -4.8 8.096144534647465
      vertex 1.7346125021576881 -5 8.096144534647465
      vertex 1.7963000014424324 -4.8 8.117203123867512
    endloop
  endfacet
  facet normal -0.3230691793321274 0 0.9463753512035622
    outer loop
      vertex 1.7963000014424324 -4.8 8.117203123867512
      vertex 1.7346125021576881 -5 8.096144534647465
      vertex 1.7963000014424324 -5 8.117203123867512
    endloop
  endfacet
  facet normal -0.19134719446236825 0 0.9815224150121996
    outer loop
      vertex 1.8611124977469444 -4.8 8.129838280379772
      vertex 1.7963000014424324 -5 8.117203123867512
      vertex 1.8611124977469444 -5 8.129838280379772
    endloop
  endfacet
  facet normal -0.061875197233316394 0 0.9980838942530523
    outer loop
      vertex 1.9290499985218048 -4.8 8.134049996733665
      vertex 1.8611124977469444 -5 8.129838280379772
      vertex 1.9290499985218048 -5 8.134049996733665
    endloop
  endfacet
  facet normal -0.19134719446236825 0 0.9815224150121996
    outer loop
      vertex 1.7963000014424324 -4.8 8.117203123867512
      vertex 1.7963000014424324 -5 8.117203123867512
      vertex 1.8611124977469444 -4.8 8.129838280379772
    endloop
  endfacet
  facet normal -0.061875197233316394 0 0.9980838942530523
    outer loop
      vertex 1.8611124977469444 -4.8 8.129838280379772
      vertex 1.8611124977469444 -5 8.129838280379772
      vertex 1.9290499985218048 -4.8 8.134049996733665
    endloop
  endfacet
  facet normal 0.6198387295324521 0 0.7847292204140199
    outer loop
      vertex 2.2679234370589256 -4.8 7.9981570318341255
      vertex 2.1723437532782555 -5 8.073653124272823
      vertex 2.2679234370589256 -5 7.9981570318341255
    endloop
  endfacet
  facet normal 0.803886963004451 0 0.5947821035568238
    outer loop
      vertex 2.3461249992251396 -4.8 7.892462499439716
      vertex 2.2679234370589256 -5 7.9981570318341255
      vertex 2.3461249992251396 -5 7.892462499439716
    endloop
  endfacet
  facet normal 0.6198387295324521 0 0.7847292204140199
    outer loop
      vertex 2.1723437532782555 -4.8 8.073653124272823
      vertex 2.1723437532782555 -5 8.073653124272823
      vertex 2.2679234370589256 -4.8 7.9981570318341255
    endloop
  endfacet
  facet normal 0.803886963004451 0 0.5947821035568238
    outer loop
      vertex 2.2679234370589256 -4.8 7.9981570318341255
      vertex 2.2679234370589256 -5 7.9981570318341255
      vertex 2.3461249992251396 -4.8 7.892462499439716
    endloop
  endfacet
  facet normal 0.115078762849522 0 0.993356370262467
    outer loop
      vertex 2.0593859404325485 -4.8 8.11895078420639
      vertex 1.9290499985218048 -5 8.134049996733665
      vertex 2.0593859404325485 -5 8.11895078420639
    endloop
  endfacet
  facet normal 0.3722018359213442 0 0.9281518158883172
    outer loop
      vertex 2.1723437532782555 -4.8 8.073653124272823
      vertex 2.0593859404325485 -5 8.11895078420639
      vertex 2.1723437532782555 -5 8.073653124272823
    endloop
  endfacet
  facet normal 0.115078762849522 0 0.993356370262467
    outer loop
      vertex 1.9290499985218048 -4.8 8.134049996733665
      vertex 1.9290499985218048 -5 8.134049996733665
      vertex 2.0593859404325485 -4.8 8.11895078420639
    endloop
  endfacet
  facet normal 0.3722018359213442 0 0.9281518158883172
    outer loop
      vertex 2.0593859404325485 -4.8 8.11895078420639
      vertex 2.0593859404325485 -5 8.11895078420639
      vertex 2.1723437532782555 -4.8 8.073653124272823
    endloop
  endfacet
  facet normal 0.999264902217123 0 0.03833608218119633
    outer loop
      vertex 2.4851500019431114 -4.8 7.167700000107288
      vertex 2.4764609411358833 -5 7.394188284873962
      vertex 2.4851500019431114 -5 7.167700000107288
    endloop
  endfacet
  facet normal 0.999264902217123 0 0.03833608218119633
    outer loop
      vertex 2.4851500019431114 -4.8 7.167700000107288
      vertex 2.4764609411358833 -4.8 7.394188284873962
      vertex 2.4764609411358833 -5 7.394188284873962
    endloop
  endfacet
  facet normal 0.9912970917510431 0 0.13164374609499704
    outer loop
      vertex 2.4764609411358833 -4.8 7.394188284873962
      vertex 2.4503937512636185 -5 7.5904781222343445
      vertex 2.4764609411358833 -5 7.394188284873962
    endloop
  endfacet
  facet normal 0.9674504397133564 0 0.25306055934979954
    outer loop
      vertex 2.4503937512636185 -4.8 7.5904781222343445
      vertex 2.4069484397768974 -5 7.756569534540176
      vertex 2.4503937512636185 -5 7.5904781222343445
    endloop
  endfacet
  facet normal 0.9912970917510431 0 0.13164374609499704
    outer loop
      vertex 2.4764609411358833 -4.8 7.394188284873962
      vertex 2.4503937512636185 -4.8 7.5904781222343445
      vertex 2.4503937512636185 -5 7.5904781222343445
    endloop
  endfacet
  facet normal 0.9674504397133564 0 0.25306055934979954
    outer loop
      vertex 2.4069484397768974 -4.8 7.756569534540176
      vertex 2.4069484397768974 -5 7.756569534540176
      vertex 2.4503937512636185 -4.8 7.5904781222343445
    endloop
  endfacet
  facet normal 0.9127450798979082 0 0.40852958169777775
    outer loop
      vertex 2.4069484397768974 -4.8 7.756569534540176
      vertex 2.3461249992251396 -5 7.892462499439716
      vertex 2.4069484397768974 -5 7.756569534540176
    endloop
  endfacet
  facet normal 0.9127450798979082 0 0.40852958169777775
    outer loop
      vertex 2.4069484397768974 -4.8 7.756569534540176
      vertex 2.3461249992251396 -4.8 7.892462499439716
      vertex 2.3461249992251396 -5 7.892462499439716
    endloop
  endfacet
  facet normal 0 -1 0
    outer loop
      vertex 2.4851500019431114 -4.8 5.1096000000834465
      vertex 3.4311000034213066 -4.8 5.1096000000834465
      vertex 2.4851500019431114 -4.8 7.167700000107288
    endloop
  endfacet
  facet normal 0 -1 0
    outer loop
      vertex 2.4851500019431114 -4.8 7.167700000107288
      vertex 3.4311000034213066 -4.8 5.1096000000834465
      vertex 3.4311000034213066 -4.8 7.438950002193451
    endloop
  endfacet
  facet normal 0 -1 0
    outer loop
      vertex 1.4255499988794327 -4.8 8.416299998760223
      vertex 1.6760499998927116 -4.8 8.06666249781847
      vertex 1.7346125021576881 -4.8 8.096144534647465
    endloop
  endfacet
  facet normal 0 -1 0
    outer loop
      vertex 1.4826531261205673 -4.8 8.489249996840954
      vertex 1.7346125021576881 -4.8 8.096144534647465
      vertex 1.7963000014424324 -4.8 8.117203123867512
    endloop
  endfacet
  facet normal 0 -1 0
    outer loop
      vertex 1.4826531261205673 -4.8 8.489249996840954
      vertex 1.7963000014424324 -4.8 8.117203123867512
      vertex 1.5420875027775764 -4.8 8.554674997925758
    endloop
  endfacet
  facet normal 0 -1 0
    outer loop
      vertex 1.5420875027775764 -4.8 8.554674997925758
      vertex 1.7963000014424324 -4.8 8.117203123867512
      vertex 1.6038531213998795 -4.8 8.612575002014637
    endloop
  endfacet
  facet normal 0 -1 0
    outer loop
      vertex 1.6038531213998795 -4.8 8.612575002014637
      vertex 1.7963000014424324 -4.8 8.117203123867512
      vertex 1.8611124977469444 -4.8 8.129838280379772
    endloop
  endfacet
  facet normal 0 -1 0
    outer loop
      vertex 1.8611124977469444 -4.8 8.129838280379772
      vertex 1.9290499985218048 -4.8 8.134049996733665
      vertex 1.6679499968886375 -4.8 8.66295000165701
    endloop
  endfacet
  facet normal 0 -1 0
    outer loop
      vertex 1.9290499985218048 -4.8 8.134049996733665
      vertex 2.0593859404325485 -4.8 8.11895078420639
      vertex 1.8837999999523163 -4.8 8.776598438620567
    endloop
  endfacet
  facet normal 0 -1 0
    outer loop
      vertex 2.0593859404325485 -4.8 8.11895078420639
      vertex 2.1723437532782555 -4.8 8.073653124272823
      vertex 2.2339000031352043 -4.8 8.846535935997963
    endloop
  endfacet
  facet normal 0 -1 0
    outer loop
      vertex 2.1723437532782555 -4.8 8.073653124272823
      vertex 2.2679234370589256 -4.8 7.9981570318341255
      vertex 2.584528125822544 -4.8 8.826668746769428
    endloop
  endfacet
  facet normal 0 -1 0
    outer loop
      vertex 2.4851500019431114 -4.8 7.167700000107288
      vertex 3.4311000034213066 -4.8 7.438950002193451
      vertex 2.4764609411358833 -4.8 7.394188284873962
    endloop
  endfacet
  facet normal 0 -1 0
    outer loop
      vertex 2.4764609411358833 -4.8 7.394188284873962
      vertex 3.4267031252384186 -4.8 7.604382812976837
      vertex 2.4503937512636185 -4.8 7.5904781222343445
    endloop
  endfacet
  facet normal 0 -1 0
    outer loop
      vertex 2.4764609411358833 -4.8 7.394188284873962
      vertex 3.4311000034213066 -4.8 7.438950002193451
      vertex 3.4267031252384186 -4.8 7.604382812976837
    endloop
  endfacet
  facet normal 0 -1 0
    outer loop
      vertex 2.4503937512636185 -4.8 7.5904781222343445
      vertex 3.4267031252384186 -4.8 7.604382812976837
      vertex 3.413512498140335 -4.8 7.759906247258186
    endloop
  endfacet
  facet normal 0 -1 0
    outer loop
      vertex 2.4069484397768974 -4.8 7.756569534540176
      vertex 3.321178123354912 -4.8 8.167020313441753
      vertex 2.3461249992251396 -4.8 7.892462499439716
    endloop
  endfacet
  facet normal 0 -1 0
    outer loop
      vertex 2.2679234370589256 -4.8 7.9981570318341255
      vertex 2.3461249992251396 -4.8 7.892462499439716
      vertex 2.9931031242012978 -4.8 8.644418753683567
    endloop
  endfacet
  facet normal 0 -1 0
    outer loop
      vertex 2.4069484397768974 -4.8 7.756569534540176
      vertex 2.4503937512636185 -4.8 7.5904781222343445
      vertex 3.391528122127056 -4.8 7.905520312488079
    endloop
  endfacet
  facet normal 0 -1 0
    outer loop
      vertex 2.4503937512636185 -4.8 7.5904781222343445
      vertex 3.413512498140335 -4.8 7.759906247258186
      vertex 3.391528122127056 -4.8 7.905520312488079
    endloop
  endfacet
  facet normal 0 -1 0
    outer loop
      vertex 2.4069484397768974 -4.8 7.756569534540176
      vertex 3.391528122127056 -4.8 7.905520312488079
      vertex 3.3607499971985817 -4.8 8.041225001215935
    endloop
  endfacet
  facet normal 0 -1 0
    outer loop
      vertex 2.4069484397768974 -4.8 7.756569534540176
      vertex 3.3607499971985817 -4.8 8.041225001215935
      vertex 3.321178123354912 -4.8 8.167020313441753
    endloop
  endfacet
  facet normal 0 -1 0
    outer loop
      vertex 2.3461249992251396 -4.8 7.892462499439716
      vertex 3.215653121471405 -4.8 8.38888281583786
      vertex 3.1497000008821487 -4.8 8.484949998557568
    endloop
  endfacet
  facet normal 0 -1 0
    outer loop
      vertex 2.3461249992251396 -4.8 7.892462499439716
      vertex 3.0753757804632187 -4.8 8.570379689335823
      vertex 2.9931031242012978 -4.8 8.644418753683567
    endloop
  endfacet
  facet normal 0 -1 0
    outer loop
      vertex 2.3461249992251396 -4.8 7.892462499439716
      vertex 3.1497000008821487 -4.8 8.484949998557568
      vertex 3.0753757804632187 -4.8 8.570379689335823
    endloop
  endfacet
  facet normal 0 -1 0
    outer loop
      vertex 2.3461249992251396 -4.8 7.892462499439716
      vertex 3.321178123354912 -4.8 8.167020313441753
      vertex 3.2728125005960464 -4.8 8.282906249165535
    endloop
  endfacet
  facet normal 0 -1 0
    outer loop
      vertex 2.3461249992251396 -4.8 7.892462499439716
      vertex 3.2728125005960464 -4.8 8.282906249165535
      vertex 3.215653121471405 -4.8 8.38888281583786
    endloop
  endfacet
  facet normal 0.10213307748416987 0 -0.9947707446862379
    outer loop
      vertex 0.002865627408027649 -4.8 8.837581247091293
      vertex 0.08956640958786011 -5 8.846482813358307
      vertex 0.002865627408027649 -5 8.837581247091293
    endloop
  endfacet
  facet normal 0.03297513936077042 0 -0.9994561722177406
    outer loop
      vertex 0.08956640958786011 -4.8 8.846482813358307
      vertex 0.17949999868869781 -5 8.849449999630451
      vertex 0.08956640958786011 -5 8.846482813358307
    endloop
  endfacet
  facet normal 0.10213307748416987 0 -0.9947707446862379
    outer loop
      vertex 0.002865627408027649 -4.8 8.837581247091293
      vertex 0.08956640958786011 -4.8 8.846482813358307
      vertex 0.08956640958786011 -5 8.846482813358307
    endloop
  endfacet
  facet normal 0.03297513936077042 0 -0.9994561722177406
    outer loop
      vertex 0.08956640958786011 -4.8 8.846482813358307
      vertex 0.17949999868869781 -4.8 8.849449999630451
      vertex 0.17949999868869781 -5 8.849449999630451
    endloop
  endfacet
  facet normal -0.062426853944935905 0 -0.9980495418096927
    outer loop
      vertex 0.17949999868869781 -4.8 8.849449999630451
      vertex 0.3793937489390373 -5 8.836946874856949
      vertex 0.17949999868869781 -5 8.849449999630451
    endloop
  endfacet
  facet normal -0.062426853944935905 0 -0.9980495418096927
    outer loop
      vertex 0.17949999868869781 -4.8 8.849449999630451
      vertex 0.3793937489390373 -4.8 8.836946874856949
      vertex 0.3793937489390373 -5 8.836946874856949
    endloop
  endfacet
  facet normal -0.3667740991576784 0 -0.930310034443934
    outer loop
      vertex 0.5586249977350235 -4.8 8.799437500536442
      vertex 0.7171937525272369 -5 8.73692187666893
      vertex 0.5586249977350235 -5 8.799437500536442
    endloop
  endfacet
  facet normal -0.5358438539879286 0 -0.8443170992840092
    outer loop
      vertex 0.7171937525272369 -4.8 8.73692187666893
      vertex 0.8550999984145164 -5 8.649400003254414
      vertex 0.7171937525272369 -5 8.73692187666893
    endloop
  endfacet
  facet normal -0.3667740991576784 0 -0.930310034443934
    outer loop
      vertex 0.7171937525272369 -4.8 8.73692187666893
      vertex 0.7171937525272369 -5 8.73692187666893
      vertex 0.5586249977350235 -4.8 8.799437500536442
    endloop
  endfacet
  facet normal -0.20484147908160827 0 -0.9787951616388686
    outer loop
      vertex 0.3793937489390373 -4.8 8.836946874856949
      vertex 0.5586249977350235 -5 8.799437500536442
      vertex 0.3793937489390373 -5 8.836946874856949
    endloop
  endfacet
  facet normal -0.20484147908160827 0 -0.9787951616388686
    outer loop
      vertex 0.3793937489390373 -4.8 8.836946874856949
      vertex 0.5586249977350235 -4.8 8.799437500536442
      vertex 0.5586249977350235 -5 8.799437500536442
    endloop
  endfacet
  facet normal -0.6924489753327787 0 -0.7214668506318115
    outer loop
      vertex 0.8550999984145164 -4.8 8.649400003254414
      vertex 0.9723437502980232 -5 8.536871872842312
      vertex 0.8550999984145164 -5 8.649400003254414
    endloop
  endfacet
  facet normal -0.6924489753327787 0 -0.7214668506318115
    outer loop
      vertex 0.8550999984145164 -4.8 8.649400003254414
      vertex 0.9723437502980232 -4.8 8.536871872842312
      vertex 0.9723437502980232 -5 8.536871872842312
    endloop
  endfacet
  facet normal -0.5358438539879286 0 -0.8443170992840092
    outer loop
      vertex 0.7171937525272369 -4.8 8.73692187666893
      vertex 0.8550999984145164 -4.8 8.649400003254414
      vertex 0.8550999984145164 -5 8.649400003254414
    endloop
  endfacet
  facet normal -0.8183722692368682 0 -0.5746884625117321
    outer loop
      vertex 0.9723437502980232 -4.8 8.536871872842312
      vertex 1.0689250007271767 -5 8.399337500333786
      vertex 0.9723437502980232 -5 8.536871872842312
    endloop
  endfacet
  facet normal -0.8183722692368682 0 -0.5746884625117321
    outer loop
      vertex 1.0689250007271767 -4.8 8.399337500333786
      vertex 1.0689250007271767 -5 8.399337500333786
      vertex 0.9723437502980232 -4.8 8.536871872842312
    endloop
  endfacet
  facet normal 0.7874430494814768 0 -0.6163874137450508
    outer loop
      vertex 1.4255499988794327 -4.8 8.416299998760223
      vertex 1.4826531261205673 -5 8.489249996840954
      vertex 1.4255499988794327 -5 8.416299998760223
    endloop
  endfacet
  facet normal 0.7401815842515642 0 -0.6724070362026594
    outer loop
      vertex 1.4826531261205673 -4.8 8.489249996840954
      vertex 1.5420875027775764 -5 8.554674997925758
      vertex 1.4826531261205673 -5 8.489249996840954
    endloop
  endfacet
  facet normal 0.7874430494814768 0 -0.6163874137450508
    outer loop
      vertex 1.4255499988794327 -4.8 8.416299998760223
      vertex 1.4826531261205673 -4.8 8.489249996840954
      vertex 1.4826531261205673 -5 8.489249996840954
    endloop
  endfacet
  facet normal 0.7401815842515642 0 -0.6724070362026594
    outer loop
      vertex 1.4826531261205673 -4.8 8.489249996840954
      vertex 1.5420875027775764 -4.8 8.554674997925758
      vertex 1.5420875027775764 -5 8.554674997925758
    endloop
  endfacet
  facet normal 0 -1 0
    outer loop
      vertex 0.019321873784065247 -4.8 8.073653124272823
      vertex 0.17949999868869781 -4.8 8.849449999630451
      vertex 0.08956640958786011 -4.8 8.846482813358307
    endloop
  endfacet
  facet normal 0 -1 0
    outer loop
      vertex 0.019321873784065247 -4.8 8.073653124272823
      vertex 0.3793937489390373 -4.8 8.836946874856949
      vertex 0.17949999868869781 -4.8 8.849449999630451
    endloop
  endfacet
  facet normal 0 -1 0
    outer loop
      vertex 0.11489296704530716 -4.8 7.9981570318341255
      vertex 0.5586249977350235 -4.8 8.799437500536442
      vertex 0.3793937489390373 -4.8 8.836946874856949
    endloop
  endfacet
  facet normal 0 -1 0
    outer loop
      vertex 0.11489296704530716 -4.8 7.9981570318341255
      vertex 0.7171937525272369 -4.8 8.73692187666893
      vertex 0.5586249977350235 -4.8 8.799437500536442
    endloop
  endfacet
  facet normal 0 -1 0
    outer loop
      vertex 0.11489296704530716 -4.8 7.9981570318341255
      vertex 0.8550999984145164 -4.8 8.649400003254414
      vertex 0.7171937525272369 -4.8 8.73692187666893
    endloop
  endfacet
  facet normal 0.6839080396179775 0 -0.7295682239145939
    outer loop
      vertex 1.5420875027775764 -4.8 8.554674997925758
      vertex 1.6038531213998795 -5 8.612575002014637
      vertex 1.5420875027775764 -5 8.554674997925758
    endloop
  endfacet
  facet normal 0.617921423731036 0 -0.7862398578641314
    outer loop
      vertex 1.6038531213998795 -4.8 8.612575002014637
      vertex 1.6679499968886375 -5 8.66295000165701
      vertex 1.6038531213998795 -5 8.612575002014637
    endloop
  endfacet
  facet normal 0.5435532930769104 0 -0.8393746586508593
    outer loop
      vertex 1.6679499968886375 -4.8 8.66295000165701
      vertex 1.7354499995708466 -5 8.706660933792591
      vertex 1.6679499968886375 -5 8.66295000165701
    endloop
  endfacet
  facet normal 0.6839080396179775 0 -0.7295682239145939
    outer loop
      vertex 1.5420875027775764 -4.8 8.554674997925758
      vertex 1.6038531213998795 -4.8 8.612575002014637
      vertex 1.6038531213998795 -5 8.612575002014637
    endloop
  endfacet
  facet normal 0.617921423731036 0 -0.7862398578641314
    outer loop
      vertex 1.6038531213998795 -4.8 8.612575002014637
      vertex 1.6679499968886375 -4.8 8.66295000165701
      vertex 1.6679499968886375 -5 8.66295000165701
    endloop
  endfacet
  facet normal 0.5435532930769104 0 -0.8393746586508593
    outer loop
      vertex 1.6679499968886375 -4.8 8.66295000165701
      vertex 1.7354499995708466 -4.8 8.706660933792591
      vertex 1.7354499995708466 -5 8.706660933792591
    endloop
  endfacet
  facet normal 0.4658850742815936 0 -0.8848452393281178
    outer loop
      vertex 1.7354499995708466 -4.8 8.706660933792591
      vertex 1.8074000030755997 -5 8.744543753564358
      vertex 1.7354499995708466 -5 8.706660933792591
    endloop
  endfacet
  facet normal 0.3868906643210747 0 -0.9221255954918492
    outer loop
      vertex 1.8074000030755997 -4.8 8.744543753564358
      vertex 1.8837999999523163 -5 8.776598438620567
      vertex 1.8074000030755997 -5 8.744543753564358
    endloop
  endfacet
  facet normal 0.3085572526470562 0 -0.9512057726059597
    outer loop
      vertex 1.8837999999523163 -4.8 8.776598438620567
      vertex 1.964649997651577 -5 8.8028249964118
      vertex 1.8837999999523163 -5 8.776598438620567
    endloop
  endfacet
  facet normal 0.4658850742815936 0 -0.8848452393281178
    outer loop
      vertex 1.7354499995708466 -4.8 8.706660933792591
      vertex 1.8074000030755997 -4.8 8.744543753564358
      vertex 1.8074000030755997 -5 8.744543753564358
    endloop
  endfacet
  facet normal 0.3868906643210747 0 -0.9221255954918492
    outer loop
      vertex 1.8074000030755997 -4.8 8.744543753564358
      vertex 1.8837999999523163 -4.8 8.776598438620567
      vertex 1.8837999999523163 -5 8.776598438620567
    endloop
  endfacet
  facet normal 0.3085572526470562 0 -0.9512057726059597
    outer loop
      vertex 1.8837999999523163 -4.8 8.776598438620567
      vertex 1.964649997651577 -4.8 8.8028249964118
      vertex 1.964649997651577 -5 8.8028249964118
    endloop
  endfacet
  facet normal 0.2325797971156387 0 -0.9725773172214374
    outer loop
      vertex 1.964649997651577 -4.8 8.8028249964118
      vertex 2.0499500036239624 -5 8.823223434388638
      vertex 1.964649997651577 -5 8.8028249964118
    endloop
  endfacet
  facet normal 0.16024544783178749 0 -0.9870771988295496
    outer loop
      vertex 2.0499500036239624 -4.8 8.823223434388638
      vertex 2.1397000029683113 -5 8.837793752551079
      vertex 2.0499500036239624 -5 8.823223434388638
    endloop
  endfacet
  facet normal 0.2325797971156387 0 -0.9725773172214374
    outer loop
      vertex 1.964649997651577 -4.8 8.8028249964118
      vertex 2.0499500036239624 -4.8 8.823223434388638
      vertex 2.0499500036239624 -5 8.823223434388638
    endloop
  endfacet
  facet normal 0.16024544783178749 0 -0.9870771988295496
    outer loop
      vertex 2.0499500036239624 -4.8 8.823223434388638
      vertex 2.1397000029683113 -4.8 8.837793752551079
      vertex 2.1397000029683113 -5 8.837793752551079
    endloop
  endfacet
  facet normal 0.09240741071627631 0 -0.9957212815063828
    outer loop
      vertex 2.1397000029683113 -4.8 8.837793752551079
      vertex 2.2339000031352043 -5 8.846535935997963
      vertex 2.1397000029683113 -5 8.837793752551079
    endloop
  endfacet
  facet normal 0.02952654112229591 0 -0.9995639966352096
    outer loop
      vertex 2.2339000031352043 -4.8 8.846535935997963
      vertex 2.332549996674061 -5 8.849449999630451
      vertex 2.2339000031352043 -5 8.846535935997963
    endloop
  endfacet
  facet normal 0.09240741071627631 0 -0.9957212815063828
    outer loop
      vertex 2.1397000029683113 -4.8 8.837793752551079
      vertex 2.2339000031352043 -4.8 8.846535935997963
      vertex 2.2339000031352043 -5 8.846535935997963
    endloop
  endfacet
  facet normal 0.02952654112229591 0 -0.9995639966352096
    outer loop
      vertex 2.2339000031352043 -4.8 8.846535935997963
      vertex 2.332549996674061 -4.8 8.849449999630451
      vertex 2.332549996674061 -5 8.849449999630451
    endloop
  endfacet
  facet normal -0.3516875552822156 0 -0.9361174410615467
    outer loop
      vertex 2.698594532907009 -4.8 8.79819218814373
      vertex 2.8047124966979027 -5 8.75832500308752
      vertex 2.698594532907009 -5 8.79819218814373
    endloop
  endfacet
  facet normal -0.04378045967997443 0 -0.9990411760033768
    outer loop
      vertex 2.332549996674061 -4.8 8.849449999630451
      vertex 2.462513282895088 -5 8.843754686415195
      vertex 2.332549996674061 -5 8.849449999630451
    endloop
  endfacet
  facet normal -0.138678585045893 0 -0.9903374425162714
    outer loop
      vertex 2.462513282895088 -4.8 8.843754686415195
      vertex 2.584528125822544 -5 8.826668746769428
      vertex 2.462513282895088 -5 8.843754686415195
    endloop
  endfacet
  facet normal -0.04378045967997443 0 -0.9990411760033768
    outer loop
      vertex 2.332549996674061 -4.8 8.849449999630451
      vertex 2.462513282895088 -4.8 8.843754686415195
      vertex 2.462513282895088 -5 8.843754686415195
    endloop
  endfacet
  facet normal -0.2422150491865261 0 -0.970222587836198
    outer loop
      vertex 2.584528125822544 -4.8 8.826668746769428
      vertex 2.698594532907009 -5 8.79819218814373
      vertex 2.584528125822544 -5 8.826668746769428
    endloop
  endfacet
  facet normal -0.138678585045893 0 -0.9903374425162714
    outer loop
      vertex 2.462513282895088 -4.8 8.843754686415195
      vertex 2.584528125822544 -4.8 8.826668746769428
      vertex 2.584528125822544 -5 8.826668746769428
    endloop
  endfacet
  facet normal -0.2422150491865261 0 -0.970222587836198
    outer loop
      vertex 2.584528125822544 -4.8 8.826668746769428
      vertex 2.698594532907009 -4.8 8.79819218814373
      vertex 2.698594532907009 -5 8.79819218814373
    endloop
  endfacet
  facet normal -0.46284230148721356 0 -0.8864406375804412
    outer loop
      vertex 2.8047124966979027 -4.8 8.75832500308752
      vertex 2.902882032096386 -5 8.707067184150219
      vertex 2.8047124966979027 -5 8.75832500308752
    endloop
  endfacet
  facet normal -0.3516875552822156 0 -0.9361174410615467
    outer loop
      vertex 2.8047124966979027 -4.8 8.75832500308752
      vertex 2.8047124966979027 -5 8.75832500308752
      vertex 2.698594532907009 -4.8 8.79819218814373
    endloop
  endfacet
  facet normal -0.46284230148721356 0 -0.8864406375804412
    outer loop
      vertex 2.8047124966979027 -4.8 8.75832500308752
      vertex 2.902882032096386 -4.8 8.707067184150219
      vertex 2.902882032096386 -5 8.707067184150219
    endloop
  endfacet
  facet normal -0.7544413755091282 0 -0.6563674359075828
    outer loop
      vertex 3.0753757804632187 -4.8 8.570379689335823
      vertex 3.1497000008821487 -5 8.484949998557568
      vertex 3.0753757804632187 -5 8.570379689335823
    endloop
  endfacet
  facet normal -0.5703644490361786 0 -0.8213917428825642
    outer loop
      vertex 2.902882032096386 -4.8 8.707067184150219
      vertex 2.9931031242012978 -5 8.644418753683567
      vertex 2.902882032096386 -5 8.707067184150219
    endloop
  endfacet
  facet normal -0.6689331524689501 0 -0.7433225662711663
    outer loop
      vertex 2.9931031242012978 -4.8 8.644418753683567
      vertex 3.0753757804632187 -5 8.570379689335823
      vertex 2.9931031242012978 -5 8.644418753683567
    endloop
  endfacet
  facet normal -0.7544413755091282 0 -0.6563674359075828
    outer loop
      vertex 3.0753757804632187 -4.8 8.570379689335823
      vertex 3.1497000008821487 -4.8 8.484949998557568
      vertex 3.1497000008821487 -5 8.484949998557568
    endloop
  endfacet
  facet normal -0.6689331524689501 0 -0.7433225662711663
    outer loop
      vertex 2.9931031242012978 -4.8 8.644418753683567
      vertex 3.0753757804632187 -4.8 8.570379689335823
      vertex 3.0753757804632187 -5 8.570379689335823
    endloop
  endfacet
  facet normal -0.5703644490361786 0 -0.8213917428825642
    outer loop
      vertex 2.902882032096386 -4.8 8.707067184150219
      vertex 2.9931031242012978 -4.8 8.644418753683567
      vertex 2.9931031242012978 -5 8.644418753683567
    endloop
  endfacet
  facet normal 0 -1 0
    outer loop
      vertex 1.6038531213998795 -4.8 8.612575002014637
      vertex 1.8611124977469444 -4.8 8.129838280379772
      vertex 1.6679499968886375 -4.8 8.66295000165701
    endloop
  endfacet
  facet normal 0 -1 0
    outer loop
      vertex 1.9290499985218048 -4.8 8.134049996733665
      vertex 1.7354499995708466 -4.8 8.706660933792591
      vertex 1.6679499968886375 -4.8 8.66295000165701
    endloop
  endfacet
  facet normal 0 -1 0
    outer loop
      vertex 1.9290499985218048 -4.8 8.134049996733665
      vertex 1.8074000030755997 -4.8 8.744543753564358
      vertex 1.7354499995708466 -4.8 8.706660933792591
    endloop
  endfacet
  facet normal 0 -1 0
    outer loop
      vertex 1.9290499985218048 -4.8 8.134049996733665
      vertex 1.8837999999523163 -4.8 8.776598438620567
      vertex 1.8074000030755997 -4.8 8.744543753564358
    endloop
  endfacet
  facet normal 0 -1 0
    outer loop
      vertex 1.8837999999523163 -4.8 8.776598438620567
      vertex 2.0593859404325485 -4.8 8.11895078420639
      vertex 1.964649997651577 -4.8 8.8028249964118
    endloop
  endfacet
  facet normal 0 -1 0
    outer loop
      vertex 2.0593859404325485 -4.8 8.11895078420639
      vertex 2.0499500036239624 -4.8 8.823223434388638
      vertex 1.964649997651577 -4.8 8.8028249964118
    endloop
  endfacet
  facet normal 0 -1 0
    outer loop
      vertex 2.0593859404325485 -4.8 8.11895078420639
      vertex 2.1397000029683113 -4.8 8.837793752551079
      vertex 2.0499500036239624 -4.8 8.823223434388638
    endloop
  endfacet
  facet normal 0 -1 0
    outer loop
      vertex 2.0593859404325485 -4.8 8.11895078420639
      vertex 2.2339000031352043 -4.8 8.846535935997963
      vertex 2.1397000029683113 -4.8 8.837793752551079
    endloop
  endfacet
  facet normal 0 -1 0
    outer loop
      vertex 2.1723437532782555 -4.8 8.073653124272823
      vertex 2.332549996674061 -4.8 8.849449999630451
      vertex 2.2339000031352043 -4.8 8.846535935997963
    endloop
  endfacet
  facet normal 0 -1 0
    outer loop
      vertex 2.1723437532782555 -4.8 8.073653124272823
      vertex 2.462513282895088 -4.8 8.843754686415195
      vertex 2.332549996674061 -4.8 8.849449999630451
    endloop
  endfacet
  facet normal 0 -1 0
    outer loop
      vertex 2.1723437532782555 -4.8 8.073653124272823
      vertex 2.584528125822544 -4.8 8.826668746769428
      vertex 2.462513282895088 -4.8 8.843754686415195
    endloop
  endfacet
  facet normal 0 -1 0
    outer loop
      vertex 2.2679234370589256 -4.8 7.9981570318341255
      vertex 2.698594532907009 -4.8 8.79819218814373
      vertex 2.584528125822544 -4.8 8.826668746769428
    endloop
  endfacet
  facet normal 0 -1 0
    outer loop
      vertex 2.2679234370589256 -4.8 7.9981570318341255
      vertex 2.8047124966979027 -4.8 8.75832500308752
      vertex 2.698594532907009 -4.8 8.79819218814373
    endloop
  endfacet
  facet normal 0 -1 0
    outer loop
      vertex 2.2679234370589256 -4.8 7.9981570318341255
      vertex 2.902882032096386 -4.8 8.707067184150219
      vertex 2.8047124966979027 -4.8 8.75832500308752
    endloop
  endfacet
  facet normal 0 -1 0
    outer loop
      vertex 2.2679234370589256 -4.8 7.9981570318341255
      vertex 2.9931031242012978 -4.8 8.644418753683567
      vertex 2.902882032096386 -4.8 8.707067184150219
    endloop
  endfacet
  facet normal -1 0 0
    outer loop
      vertex 3.4311000034213066 -4.8 5.1096000000834465
      vertex 3.4311000034213066 -5 5.1096000000834465
      vertex 3.4311000034213066 -4.8 7.438950002193451
    endloop
  endfacet
  facet normal -1 0 0
    outer loop
      vertex 3.4311000034213066 -4.8 7.438950002193451
      vertex 3.4311000034213066 -5 5.1096000000834465
      vertex 3.4311000034213066 -5 7.438950002193451
    endloop
  endfacet
  facet normal 1 0 0
    outer loop
      vertex 4.347000002861023 -4.8 5.1096000000834465
      vertex 4.347000002861023 -5 7.957750000059605
      vertex 4.347000002861023 -5 5.1096000000834465
    endloop
  endfacet
  facet normal 1 0 0
    outer loop
      vertex 4.347000002861023 -4.8 5.1096000000834465
      vertex 4.347000002861023 -4.8 7.957750000059605
      vertex 4.347000002861023 -5 7.957750000059605
    endloop
  endfacet
  facet normal -0.9996469911755562 0 -0.026568647569221334
    outer loop
      vertex 3.4267031252384186 -4.8 7.604382812976837
      vertex 3.4311000034213066 -5 7.438950002193451
      vertex 3.4267031252384186 -5 7.604382812976837
    endloop
  endfacet
  facet normal -0.9964225478214302 0 -0.08451098267710357
    outer loop
      vertex 3.413512498140335 -4.8 7.759906247258186
      vertex 3.4267031252384186 -5 7.604382812976837
      vertex 3.413512498140335 -5 7.759906247258186
    endloop
  endfacet
  facet normal -0.9996469911755562 0 -0.026568647569221334
    outer loop
      vertex 3.4311000034213066 -4.8 7.438950002193451
      vertex 3.4311000034213066 -5 7.438950002193451
      vertex 3.4267031252384186 -4.8 7.604382812976837
    endloop
  endfacet
  facet normal -0.9964225478214302 0 -0.08451098267710357
    outer loop
      vertex 3.4267031252384186 -4.8 7.604382812976837
      vertex 3.4267031252384186 -5 7.604382812976837
      vertex 3.413512498140335 -4.8 7.759906247258186
    endloop
  endfacet
  facet normal -0.9887941811595238 0 -0.14928518782875588
    outer loop
      vertex 3.391528122127056 -4.8 7.905520312488079
      vertex 3.413512498140335 -5 7.759906247258186
      vertex 3.391528122127056 -5 7.905520312488079
    endloop
  endfacet
  facet normal -0.9752319206586031 0 -0.22118476649293026
    outer loop
      vertex 3.3607499971985817 -4.8 8.041225001215935
      vertex 3.391528122127056 -5 7.905520312488079
      vertex 3.3607499971985817 -5 8.041225001215935
    endloop
  endfacet
  facet normal -0.9887941811595238 0 -0.14928518782875588
    outer loop
      vertex 3.413512498140335 -4.8 7.759906247258186
      vertex 3.413512498140335 -5 7.759906247258186
      vertex 3.391528122127056 -4.8 7.905520312488079
    endloop
  endfacet
  facet normal -0.9752319206586031 0 -0.22118476649293026
    outer loop
      vertex 3.391528122127056 -4.8 7.905520312488079
      vertex 3.391528122127056 -5 7.905520312488079
      vertex 3.3607499971985817 -4.8 8.041225001215935
    endloop
  endfacet
  facet normal -0.9539151568276202 0 -0.3000764462175213
    outer loop
      vertex 3.321178123354912 -4.8 8.167020313441753
      vertex 3.3607499971985817 -4.8 8.041225001215935
      vertex 3.3607499971985817 -5 8.041225001215935
    endloop
  endfacet
  facet normal -0.922851103182722 0 -0.38515690485103987
    outer loop
      vertex 3.2728125005960464 -4.8 8.282906249165535
      vertex 3.321178123354912 -5 8.167020313441753
      vertex 3.2728125005960464 -5 8.282906249165535
    endloop
  endfacet
  facet normal -0.8801412856432782 0 -0.47471182553860786
    outer loop
      vertex 3.215653121471405 -4.8 8.38888281583786
      vertex 3.2728125005960464 -5 8.282906249165535
      vertex 3.215653121471405 -5 8.38888281583786
    endloop
  endfacet
  facet normal -0.922851103182722 0 -0.38515690485103987
    outer loop
      vertex 3.321178123354912 -4.8 8.167020313441753
      vertex 3.321178123354912 -5 8.167020313441753
      vertex 3.2728125005960464 -4.8 8.282906249165535
    endloop
  endfacet
  facet normal -0.82441460086794 0 -0.5659863654504013
    outer loop
      vertex 3.215653121471405 -4.8 8.38888281583786
      vertex 3.215653121471405 -5 8.38888281583786
      vertex 3.1497000008821487 -4.8 8.484949998557568
    endloop
  endfacet
  facet normal -0.8801412856432782 0 -0.47471182553860786
    outer loop
      vertex 3.215653121471405 -4.8 8.38888281583786
      vertex 3.2728125005960464 -4.8 8.282906249165535
      vertex 3.2728125005960464 -5 8.282906249165535
    endloop
  endfacet
  facet normal -0.9539151568276202 0 -0.3000764462175213
    outer loop
      vertex 3.321178123354912 -4.8 8.167020313441753
      vertex 3.3607499971985817 -5 8.041225001215935
      vertex 3.321178123354912 -5 8.167020313441753
    endloop
  endfacet
  facet normal 0.9999983019012303 0 0.0018428767337803963
    outer loop
      vertex 4.347000002861023 -4.8 7.957750000059605
      vertex 4.346867188811302 -5 8.029818750917912
      vertex 4.347000002861023 -5 7.957750000059605
    endloop
  endfacet
  facet normal 0.9999831972199742 0 0.005797005927069299
    outer loop
      vertex 4.346867188811302 -4.8 8.029818750917912
      vertex 4.34646874666214 -5 8.098549999296665
      vertex 4.346867188811302 -5 8.029818750917912
    endloop
  endfacet
  facet normal 0.9999983019012303 0 0.0018428767337803963
    outer loop
      vertex 4.347000002861023 -4.8 7.957750000059605
      vertex 4.346867188811302 -4.8 8.029818750917912
      vertex 4.346867188811302 -5 8.029818750917912
    endloop
  endfacet
  facet normal 0.9999831972199742 0 0.005797005927069299
    outer loop
      vertex 4.346867188811302 -4.8 8.029818750917912
      vertex 4.34646874666214 -4.8 8.098549999296665
      vertex 4.34646874666214 -5 8.098549999296665
    endloop
  endfacet
  facet normal 0.9999484436468928 0 0.010154311801240984
    outer loop
      vertex 4.34646874666214 -4.8 8.098549999296665
      vertex 4.345804683864117 -5 8.163943752646446
      vertex 4.34646874666214 -5 8.098549999296665
    endloop
  endfacet
  facet normal 0.9998877991787516 0 0.01497962127267166
    outer loop
      vertex 4.345804683864117 -4.8 8.163943752646446
      vertex 4.3448750004172325 -5 8.226000003516674
      vertex 4.345804683864117 -5 8.163943752646446
    endloop
  endfacet
  facet normal 0.9997928696665758 0 0.02035234050111908
    outer loop
      vertex 4.3448750004172325 -4.8 8.226000003516674
      vertex 4.343679688870907 -5 8.284718751907349
      vertex 4.3448750004172325 -5 8.226000003516674
    endloop
  endfacet
  facet normal 0.9996522376857088 0 0.026370507957851556
    outer loop
      vertex 4.343679688870907 -4.8 8.284718751907349
      vertex 4.34221874922514 -5 8.34009999781847
      vertex 4.343679688870907 -5 8.284718751907349
    endloop
  endfacet
  facet normal 0.9994501578625495 0 0.03315692911782807
    outer loop
      vertex 4.34221874922514 -4.8 8.34009999781847
      vertex 4.3404921889305115 -5 8.392143748700619
      vertex 4.34221874922514 -5 8.34009999781847
    endloop
  endfacet
  facet normal 0.9991645567603943 0 0.0408679399261174
    outer loop
      vertex 4.3404921889305115 -4.8 8.392143748700619
      vertex 4.338500000536442 -5 8.440849997103214
      vertex 4.3404921889305115 -5 8.392143748700619
    endloop
  endfacet
  facet normal 0.9999484436468928 0 0.010154311801240984
    outer loop
      vertex 4.34646874666214 -4.8 8.098549999296665
      vertex 4.345804683864117 -4.8 8.163943752646446
      vertex 4.345804683864117 -5 8.163943752646446
    endloop
  endfacet
  facet normal 0.9998877991787516 0 0.01497962127267166
    outer loop
      vertex 4.345804683864117 -4.8 8.163943752646446
      vertex 4.3448750004172325 -4.8 8.226000003516674
      vertex 4.3448750004172325 -5 8.226000003516674
    endloop
  endfacet
  facet normal 0.9997928696665758 0 0.02035234050111908
    outer loop
      vertex 4.3448750004172325 -4.8 8.226000003516674
      vertex 4.343679688870907 -4.8 8.284718751907349
      vertex 4.343679688870907 -5 8.284718751907349
    endloop
  endfacet
  facet normal 0.9996522376857088 0 0.026370507957851556
    outer loop
      vertex 4.343679688870907 -4.8 8.284718751907349
      vertex 4.34221874922514 -4.8 8.34009999781847
      vertex 4.34221874922514 -5 8.34009999781847
    endloop
  endfacet
  facet normal 0.9994501578625495 0 0.03315692911782807
    outer loop
      vertex 4.34221874922514 -4.8 8.34009999781847
      vertex 4.3404921889305115 -4.8 8.392143748700619
      vertex 4.3404921889305115 -5 8.392143748700619
    endloop
  endfacet
  facet normal 0.9991645567603943 0 0.0408679399261174
    outer loop
      vertex 4.3404921889305115 -4.8 8.392143748700619
      vertex 4.338500000536442 -4.8 8.440849997103214
      vertex 4.338500000536442 -5 8.440849997103214
    endloop
  endfacet
  facet normal 0 -1 0
    outer loop
      vertex 4.347000002861023 -4.8 5.1096000000834465
      vertex 5.2998000010848045 -4.8 7.076150000095367
      vertex 4.347000002861023 -4.8 7.957750000059605
    endloop
  endfacet
  facet normal 0 -1 0
    outer loop
      vertex 4.347000002861023 -4.8 7.957750000059605
      vertex 5.2726500034332275 -4.8 8.04924999922514
      vertex 4.346867188811302 -4.8 8.029818750917912
    endloop
  endfacet
  facet normal 0 -1 0
    outer loop
      vertex 4.346867188811302 -4.8 8.029818750917912
      vertex 5.272385157644749 -4.8 8.078264847397804
      vertex 4.34646874666214 -4.8 8.098549999296665
    endloop
  endfacet
  facet normal 0 -1 0
    outer loop
      vertex 4.34646874666214 -4.8 8.098549999296665
      vertex 5.270266406238079 -4.8 8.152658596634865
      vertex 4.345804683864117 -4.8 8.163943752646446
    endloop
  endfacet
  facet normal 0 -1 0
    outer loop
      vertex 4.345804683864117 -4.8 8.163943752646446
      vertex 5.26602890342474 -4.8 8.248871095478535
      vertex 4.3448750004172325 -4.8 8.226000003516674
    endloop
  endfacet
  facet normal 0 -1 0
    outer loop
      vertex 4.3448750004172325 -4.8 8.226000003516674
      vertex 5.263115622103214 -4.8 8.305159375071526
      vertex 4.343679688870907 -4.8 8.284718751907349
    endloop
  endfacet
  facet normal 0 -1 0
    outer loop
      vertex 4.343679688870907 -4.8 8.284718751907349
      vertex 5.259672656655312 -4.8 8.366902343928814
      vertex 4.34221874922514 -4.8 8.34009999781847
    endloop
  endfacet
  facet normal 0 -1 0
    outer loop
      vertex 4.34221874922514 -4.8 8.34009999781847
      vertex 5.255699999630451 -4.8 8.4341000020504
      vertex 4.3404921889305115 -4.8 8.392143748700619
    endloop
  endfacet
  facet normal 0 -1 0
    outer loop
      vertex 4.3404921889305115 -4.8 8.392143748700619
      vertex 5.255699999630451 -4.8 8.4341000020504
      vertex 4.338500000536442 -4.8 8.440849997103214
    endloop
  endfacet
  facet normal -1 0 0
    outer loop
      vertex 5.2998000010848045 -4.8 5.1096000000834465
      vertex 5.2998000010848045 -5 5.1096000000834465
      vertex 5.2998000010848045 -4.8 7.076150000095367
    endloop
  endfacet
  facet normal -1 0 0
    outer loop
      vertex 5.2998000010848045 -4.8 7.076150000095367
      vertex 5.2998000010848045 -5 5.1096000000834465
      vertex 5.2998000010848045 -5 7.076150000095367
    endloop
  endfacet
  facet normal -0.9996927066195186 0 0.02478895584208961
    outer loop
      vertex 5.302633590996265 -4.8 7.190423436462879
      vertex 5.2998000010848045 -5 7.076150000095367
      vertex 5.302633590996265 -5 7.190423436462879
    endloop
  endfacet
  facet normal -0.9969654885691205 0 0.0778448110161154
    outer loop
      vertex 5.311134375631809 -4.8 7.299293749034405
      vertex 5.302633590996265 -5 7.190423436462879
      vertex 5.311134375631809 -5 7.299293749034405
    endloop
  endfacet
  facet normal -0.9907546340095111 0 0.13566596916205473
    outer loop
      vertex 5.325302340090275 -4.8 7.402760937809944
      vertex 5.311134375631809 -5 7.299293749034405
      vertex 5.325302340090275 -5 7.402760937809944
    endloop
  endfacet
  facet normal -0.9996927066195186 0 0.02478895584208961
    outer loop
      vertex 5.2998000010848045 -4.8 7.076150000095367
      vertex 5.2998000010848045 -5 7.076150000095367
      vertex 5.302633590996265 -4.8 7.190423436462879
    endloop
  endfacet
  facet normal -0.9969654885691205 0 0.0778448110161154
    outer loop
      vertex 5.302633590996265 -4.8 7.190423436462879
      vertex 5.302633590996265 -5 7.190423436462879
      vertex 5.311134375631809 -4.8 7.299293749034405
    endloop
  endfacet
  facet normal -0.9907546340095111 0 0.13566596916205473
    outer loop
      vertex 5.311134375631809 -4.8 7.299293749034405
      vertex 5.311134375631809 -5 7.299293749034405
      vertex 5.325302340090275 -4.8 7.402760937809944
    endloop
  endfacet
  facet normal -0.9801509720465722 0 0.1982525460017087
    outer loop
      vertex 5.345137499272823 -4.8 7.500825002789497
      vertex 5.325302340090275 -5 7.402760937809944
      vertex 5.345137499272823 -5 7.500825002789497
    endloop
  endfacet
  facet normal -0.9641505988451236 0 0.2653556533156769
    outer loop
      vertex 5.370639845728874 -4.8 7.593485936522484
      vertex 5.345137499272823 -5 7.500825002789497
      vertex 5.370639845728874 -5 7.593485936522484
    endloop
  endfacet
  facet normal -0.9417213216835624 0 0.33639404317937116
    outer loop
      vertex 5.401809372007847 -4.8 7.680743746459484
      vertex 5.370639845728874 -5 7.593485936522484
      vertex 5.401809372007847 -5 7.680743746459484
    endloop
  endfacet
  facet normal -0.9801509720465722 0 0.1982525460017087
    outer loop
      vertex 5.325302340090275 -4.8 7.402760937809944
      vertex 5.325302340090275 -5 7.402760937809944
      vertex 5.345137499272823 -4.8 7.500825002789497
    endloop
  endfacet
  facet normal -0.9641505988451236 0 0.2653556533156769
    outer loop
      vertex 5.345137499272823 -4.8 7.500825002789497
      vertex 5.345137499272823 -5 7.500825002789497
      vertex 5.370639845728874 -4.8 7.593485936522484
    endloop
  endfacet
  facet normal -0.9417213216835624 0 0.33639404317937116
    outer loop
      vertex 5.370639845728874 -4.8 7.593485936522484
      vertex 5.370639845728874 -5 7.593485936522484
      vertex 5.401809372007847 -4.8 7.680743746459484
    endloop
  endfacet
  facet normal -0.9119127129109712 0 0.4103842151342481
    outer loop
      vertex 5.401809372007847 -4.8 7.680743746459484
      vertex 5.401809372007847 -5 7.680743746459484
      vertex 5.438646093010902 -4.8 7.762598440051079
    endloop
  endfacet
  facet normal -0.9999583429602805 0 -0.009127559593326642
    outer loop
      vertex 5.272385157644749 -4.8 8.078264847397804
      vertex 5.2726500034332275 -5 8.04924999922514
      vertex 5.272385157644749 -5 8.078264847397804
    endloop
  endfacet
  facet normal -0.9999583429602805 0 -0.009127559593326642
    outer loop
      vertex 5.2726500034332275 -4.8 8.04924999922514
      vertex 5.2726500034332275 -5 8.04924999922514
      vertex 5.272385157644749 -4.8 8.078264847397804
    endloop
  endfacet
  facet normal -0.9119127129109712 0 0.4103842151342481
    outer loop
      vertex 5.438646093010902 -4.8 7.762598440051079
      vertex 5.401809372007847 -5 7.680743746459484
      vertex 5.438646093010902 -5 7.762598440051079
    endloop
  endfacet
  facet normal -0.8740076658074724 0 0.4859121320874522
    outer loop
      vertex 5.48115000128746 -4.8 7.839050002396107
      vertex 5.438646093010902 -5 7.762598440051079
      vertex 5.48115000128746 -5 7.839050002396107
    endloop
  endfacet
  facet normal 0 0 -1
    outer loop
      vertex 5.2726500034332275 -4.8 8.04924999922514
      vertex 5.286200001835823 -5 8.04924999922514
      vertex 5.2726500034332275 -5 8.04924999922514
    endloop
  endfacet
  facet normal 0.9127330640534083 0 -0.40855642668262704
    outer loop
      vertex 5.286200001835823 -4.8 8.04924999922514
      vertex 5.331637501716614 -5 8.150759376585484
      vertex 5.286200001835823 -5 8.04924999922514
    endloop
  endfacet
  facet normal -0.8740076658074724 0 0.4859121320874522
    outer loop
      vertex 5.438646093010902 -4.8 7.762598440051079
      vertex 5.438646093010902 -5 7.762598440051079
      vertex 5.48115000128746 -4.8 7.839050002396107
    endloop
  endfacet
  facet normal 0 0 -1
    outer loop
      vertex 5.2726500034332275 -4.8 8.04924999922514
      vertex 5.286200001835823 -4.8 8.04924999922514
      vertex 5.286200001835823 -5 8.04924999922514
    endloop
  endfacet
  facet normal -0.9997344497156393 0 -0.02304408930220282
    outer loop
      vertex 5.271590627729893 -4.8 8.112734377384186
      vertex 5.272385157644749 -5 8.078264847397804
      vertex 5.271590627729893 -5 8.112734377384186
    endloop
  endfacet
  facet normal -0.9994503828872731 0 -0.03315014549716482
    outer loop
      vertex 5.270266406238079 -4.8 8.152658596634865
      vertex 5.271590627729893 -5 8.112734377384186
      vertex 5.270266406238079 -5 8.152658596634865
    endloop
  endfacet
  facet normal -0.9991665221356901 0 -0.04081986089233082
    outer loop
      vertex 5.268412500619888 -4.8 8.19803749769926
      vertex 5.270266406238079 -5 8.152658596634865
      vertex 5.268412500619888 -5 8.19803749769926
    endloop
  endfacet
  facet normal -0.9989024644388494 0 -0.04683872903904736
    outer loop
      vertex 5.26602890342474 -4.8 8.248871095478535
      vertex 5.268412500619888 -5 8.19803749769926
      vertex 5.26602890342474 -5 8.248871095478535
    endloop
  endfacet
  facet normal -0.9986633199865723 0 -0.051687264518418166
    outer loop
      vertex 5.263115622103214 -4.8 8.305159375071526
      vertex 5.26602890342474 -5 8.248871095478535
      vertex 5.263115622103214 -5 8.305159375071526
    endloop
  endfacet
  facet normal -0.9984488673889949 0 -0.05567637927912959
    outer loop
      vertex 5.259672656655312 -4.8 8.366902343928814
      vertex 5.263115622103214 -5 8.305159375071526
      vertex 5.259672656655312 -5 8.366902343928814
    endloop
  endfacet
  facet normal -0.9982570405601925 0 -0.059015938287942736
    outer loop
      vertex 5.255699999630451 -4.8 8.4341000020504
      vertex 5.259672656655312 -5 8.366902343928814
      vertex 5.255699999630451 -5 8.4341000020504
    endloop
  endfacet
  facet normal -0.9997344497156393 0 -0.02304408930220282
    outer loop
      vertex 5.272385157644749 -4.8 8.078264847397804
      vertex 5.272385157644749 -5 8.078264847397804
      vertex 5.271590627729893 -4.8 8.112734377384186
    endloop
  endfacet
  facet normal -0.9994503828872731 0 -0.03315014549716482
    outer loop
      vertex 5.271590627729893 -4.8 8.112734377384186
      vertex 5.271590627729893 -5 8.112734377384186
      vertex 5.270266406238079 -4.8 8.152658596634865
    endloop
  endfacet
  facet normal -0.9991665221356901 0 -0.04081986089233082
    outer loop
      vertex 5.270266406238079 -4.8 8.152658596634865
      vertex 5.270266406238079 -5 8.152658596634865
      vertex 5.268412500619888 -4.8 8.19803749769926
    endloop
  endfacet
  facet normal -0.9989024644388494 0 -0.04683872903904736
    outer loop
      vertex 5.26602890342474 -4.8 8.248871095478535
      vertex 5.268412500619888 -4.8 8.19803749769926
      vertex 5.268412500619888 -5 8.19803749769926
    endloop
  endfacet
  facet normal -0.9986633199865723 0 -0.051687264518418166
    outer loop
      vertex 5.26602890342474 -4.8 8.248871095478535
      vertex 5.26602890342474 -5 8.248871095478535
      vertex 5.263115622103214 -4.8 8.305159375071526
    endloop
  endfacet
  facet normal -0.9984488673889949 0 -0.05567637927912959
    outer loop
      vertex 5.263115622103214 -4.8 8.305159375071526
      vertex 5.263115622103214 -5 8.305159375071526
      vertex 5.259672656655312 -4.8 8.366902343928814
    endloop
  endfacet
  facet normal -0.9982570405601925 0 -0.059015938287942736
    outer loop
      vertex 5.259672656655312 -4.8 8.366902343928814
      vertex 5.259672656655312 -5 8.366902343928814
      vertex 5.255699999630451 -4.8 8.4341000020504
    endloop
  endfacet
  facet normal 0.8906713798392131 0 -0.454647658231418
    outer loop
      vertex 5.331637501716614 -4.8 8.150759376585484
      vertex 5.3797750025987625 -5 8.245062500238419
      vertex 5.331637501716614 -5 8.150759376585484
    endloop
  endfacet
  facet normal 0.8636451577236849 0 -0.5041002296571896
    outer loop
      vertex 5.3797750025987625 -4.8 8.245062500238419
      vertex 5.430612497031689 -5 8.332159377634525
      vertex 5.3797750025987625 -5 8.245062500238419
    endloop
  endfacet
  facet normal 0.8307181164624449 0 -0.5566932826800481
    outer loop
      vertex 5.430612497031689 -4.8 8.332159377634525
      vertex 5.4841499999165535 -5 8.412050001323223
      vertex 5.430612497031689 -5 8.332159377634525
    endloop
  endfacet
  facet normal 0.9127330640534083 0 -0.40855642668262704
    outer loop
      vertex 5.286200001835823 -4.8 8.04924999922514
      vertex 5.331637501716614 -4.8 8.150759376585484
      vertex 5.331637501716614 -5 8.150759376585484
    endloop
  endfacet
  facet normal 0.8906713798392131 0 -0.454647658231418
    outer loop
      vertex 5.331637501716614 -4.8 8.150759376585484
      vertex 5.3797750025987625 -4.8 8.245062500238419
      vertex 5.3797750025987625 -5 8.245062500238419
    endloop
  endfacet
  facet normal 0.8636451577236849 0 -0.5041002296571896
    outer loop
      vertex 5.3797750025987625 -4.8 8.245062500238419
      vertex 5.430612497031689 -4.8 8.332159377634525
      vertex 5.430612497031689 -5 8.332159377634525
    endloop
  endfacet
  facet normal 0.8307181164624449 0 -0.5566932826800481
    outer loop
      vertex 5.430612497031689 -4.8 8.332159377634525
      vertex 5.4841499999165535 -4.8 8.412050001323223
      vertex 5.4841499999165535 -5 8.412050001323223
    endloop
  endfacet
  facet normal -0.8269047884684949 0 0.5623419518476935
    outer loop
      vertex 5.5281695276498795 -4.8 7.908190622925758
      vertex 5.48115000128746 -5 7.839050002396107
      vertex 5.5281695276498795 -5 7.908190622925758
    endloop
  endfacet
  facet normal -0.7655524159601577 0 0.6433735294660217
    outer loop
      vertex 5.578528128564358 -4.8 7.968112498521805
      vertex 5.5281695276498795 -5 7.908190622925758
      vertex 5.578528128564358 -5 7.968112498521805
    endloop
  endfacet
  facet normal -0.6865424642728776 0 0.7270897088737569
    outer loop
      vertex 5.632225781679153 -4.8 8.018815621733665
      vertex 5.578528128564358 -5 7.968112498521805
      vertex 5.632225781679153 -5 8.018815621733665
    endloop
  endfacet
  facet normal -0.8269047884684949 0 0.5623419518476935
    outer loop
      vertex 5.48115000128746 -4.8 7.839050002396107
      vertex 5.48115000128746 -5 7.839050002396107
      vertex 5.5281695276498795 -4.8 7.908190622925758
    endloop
  endfacet
  facet normal -0.7655524159601577 0 0.6433735294660217
    outer loop
      vertex 5.5281695276498795 -4.8 7.908190622925758
      vertex 5.5281695276498795 -5 7.908190622925758
      vertex 5.578528128564358 -4.8 7.968112498521805
    endloop
  endfacet
  facet normal -0.6865424642728776 0 0.7270897088737569
    outer loop
      vertex 5.578528128564358 -4.8 7.968112498521805
      vertex 5.578528128564358 -5 7.968112498521805
      vertex 5.632225781679153 -4.8 8.018815621733665
    endloop
  endfacet
  facet normal -0.5882006982250941 0 0.8087149921990514
    outer loop
      vertex 5.632225781679153 -4.8 8.018815621733665
      vertex 5.632225781679153 -5 8.018815621733665
      vertex 5.689262501895428 -4.8 8.060300000011921
    endloop
  endfacet
  facet normal -0.5882006982250941 0 0.8087149921990514
    outer loop
      vertex 5.689262501895428 -4.8 8.060300000011921
      vertex 5.632225781679153 -5 8.018815621733665
      vertex 5.689262501895428 -5 8.060300000011921
    endloop
  endfacet
  facet normal -0.47132969233935273 0 0.8819570970967302
    outer loop
      vertex 5.7496382817626 -4.8 8.09256562590599
      vertex 5.689262501895428 -5 8.060300000011921
      vertex 5.7496382817626 -5 8.09256562590599
    endloop
  endfacet
  facet normal -0.47132969233935273 0 0.8819570970967302
    outer loop
      vertex 5.689262501895428 -4.8 8.060300000011921
      vertex 5.689262501895428 -5 8.060300000011921
      vertex 5.7496382817626 -4.8 8.09256562590599
    endloop
  endfacet
  facet normal 0.7909042014500163 0 -0.611939984090525
    outer loop
      vertex 5.4841499999165535 -4.8 8.412050001323223
      vertex 5.540387496352196 -5 8.484734371304512
      vertex 5.4841499999165535 -5 8.412050001323223
    endloop
  endfacet
  facet normal -0.34015018371698247 0 0.9403711248849058
    outer loop
      vertex 5.81335312128067 -4.8 8.115612499415874
      vertex 5.7496382817626 -5 8.09256562590599
      vertex 5.81335312128067 -5 8.115612499415874
    endloop
  endfacet
  facet normal -0.201973961840285 0 0.9793908916967419
    outer loop
      vertex 5.880407027900219 -4.8 8.129440627992153
      vertex 5.81335312128067 -5 8.115612499415874
      vertex 5.880407027900219 -5 8.129440627992153
    endloop
  endfacet
  facet normal -0.34015018371698247 0 0.9403711248849058
    outer loop
      vertex 5.7496382817626 -4.8 8.09256562590599
      vertex 5.7496382817626 -5 8.09256562590599
      vertex 5.81335312128067 -4.8 8.115612499415874
    endloop
  endfacet
  facet normal -0.201973961840285 0 0.9793908916967419
    outer loop
      vertex 5.81335312128067 -4.8 8.115612499415874
      vertex 5.81335312128067 -5 8.115612499415874
      vertex 5.880407027900219 -4.8 8.129440627992153
    endloop
  endfacet
  facet normal 0.6198730370055169 0 0.7847021205486557
    outer loop
      vertex 6.194071874022484 -4.8 8.073653124272823
      vertex 6.194071874022484 -5 8.073653124272823
      vertex 6.289642967283726 -4.8 7.9981570318341255
    endloop
  endfacet
  facet normal -0.06534059253671984 0 0.9978630201420183
    outer loop
      vertex 5.950800001621246 -4.8 8.134049996733665
      vertex 5.880407027900219 -5 8.129440627992153
      vertex 5.950800001621246 -5 8.134049996733665
    endloop
  endfacet
  facet normal 0.11508898104717014 0 0.9933551864471861
    outer loop
      vertex 6.0811242163181305 -4.8 8.11895078420639
      vertex 5.950800001621246 -5 8.134049996733665
      vertex 6.0811242163181305 -5 8.11895078420639
    endloop
  endfacet
  facet normal -0.06534059253671984 0 0.9978630201420183
    outer loop
      vertex 5.880407027900219 -4.8 8.129440627992153
      vertex 5.880407027900219 -5 8.129440627992153
      vertex 5.950800001621246 -4.8 8.134049996733665
    endloop
  endfacet
  facet normal 0.11508898104717014 0 0.9933551864471861
    outer loop
      vertex 5.950800001621246 -4.8 8.134049996733665
      vertex 5.950800001621246 -5 8.134049996733665
      vertex 6.0811242163181305 -4.8 8.11895078420639
    endloop
  endfacet
  facet normal 0.37223066409821953 0 0.9281402548672255
    outer loop
      vertex 6.194071874022484 -4.8 8.073653124272823
      vertex 6.0811242163181305 -5 8.11895078420639
      vertex 6.194071874022484 -5 8.073653124272823
    endloop
  endfacet
  facet normal 0.37223066409821953 0 0.9281402548672255
    outer loop
      vertex 6.0811242163181305 -4.8 8.11895078420639
      vertex 6.0811242163181305 -5 8.11895078420639
      vertex 6.194071874022484 -4.8 8.073653124272823
    endloop
  endfacet
  facet normal 0 -1 0
    outer loop
      vertex 4.347000002861023 -4.8 5.1096000000834465
      vertex 5.2998000010848045 -4.8 5.1096000000834465
      vertex 5.2998000010848045 -4.8 7.076150000095367
    endloop
  endfacet
  facet normal 0 -1 0
    outer loop
      vertex 5.2998000010848045 -4.8 7.076150000095367
      vertex 5.302633590996265 -4.8 7.190423436462879
      vertex 4.347000002861023 -4.8 7.957750000059605
    endloop
  endfacet
  facet normal 0 -1 0
    outer loop
      vertex 5.302633590996265 -4.8 7.190423436462879
      vertex 5.311134375631809 -4.8 7.299293749034405
      vertex 4.347000002861023 -4.8 7.957750000059605
    endloop
  endfacet
  facet normal 0 -1 0
    outer loop
      vertex 5.311134375631809 -4.8 7.299293749034405
      vertex 5.325302340090275 -4.8 7.402760937809944
      vertex 4.347000002861023 -4.8 7.957750000059605
    endloop
  endfacet
  facet normal 0 -1 0
    outer loop
      vertex 5.325302340090275 -4.8 7.402760937809944
      vertex 5.345137499272823 -4.8 7.500825002789497
      vertex 4.347000002861023 -4.8 7.957750000059605
    endloop
  endfacet
  facet normal 0 -1 0
    outer loop
      vertex 5.345137499272823 -4.8 7.500825002789497
      vertex 5.370639845728874 -4.8 7.593485936522484
      vertex 4.347000002861023 -4.8 7.957750000059605
    endloop
  endfacet
  facet normal 0 -1 0
    outer loop
      vertex 4.347000002861023 -4.8 7.957750000059605
      vertex 5.370639845728874 -4.8 7.593485936522484
      vertex 5.401809372007847 -4.8 7.680743746459484
    endloop
  endfacet
  facet normal 0 -1 0
    outer loop
      vertex 4.347000002861023 -4.8 7.957750000059605
      vertex 5.401809372007847 -4.8 7.680743746459484
      vertex 5.438646093010902 -4.8 7.762598440051079
    endloop
  endfacet
  facet normal 0 -1 0
    outer loop
      vertex 4.346867188811302 -4.8 8.029818750917912
      vertex 5.2726500034332275 -4.8 8.04924999922514
      vertex 5.272385157644749 -4.8 8.078264847397804
    endloop
  endfacet
  facet normal 0 -1 0
    outer loop
      vertex 4.347000002861023 -4.8 7.957750000059605
      vertex 5.438646093010902 -4.8 7.762598440051079
      vertex 5.2726500034332275 -4.8 8.04924999922514
    endloop
  endfacet
  facet normal 0 -1 0
    outer loop
      vertex 4.34646874666214 -4.8 8.098549999296665
      vertex 5.272385157644749 -4.8 8.078264847397804
      vertex 5.271590627729893 -4.8 8.112734377384186
    endloop
  endfacet
  facet normal 0 -1 0
    outer loop
      vertex 4.34646874666214 -4.8 8.098549999296665
      vertex 5.271590627729893 -4.8 8.112734377384186
      vertex 5.270266406238079 -4.8 8.152658596634865
    endloop
  endfacet
  facet normal 0 -1 0
    outer loop
      vertex 4.345804683864117 -4.8 8.163943752646446
      vertex 5.270266406238079 -4.8 8.152658596634865
      vertex 5.268412500619888 -4.8 8.19803749769926
    endloop
  endfacet
  facet normal 0 -1 0
    outer loop
      vertex 4.345804683864117 -4.8 8.163943752646446
      vertex 5.268412500619888 -4.8 8.19803749769926
      vertex 5.26602890342474 -4.8 8.248871095478535
    endloop
  endfacet
  facet normal 0 -1 0
    outer loop
      vertex 4.3448750004172325 -4.8 8.226000003516674
      vertex 5.26602890342474 -4.8 8.248871095478535
      vertex 5.263115622103214 -4.8 8.305159375071526
    endloop
  endfacet
  facet normal 0 -1 0
    outer loop
      vertex 4.343679688870907 -4.8 8.284718751907349
      vertex 5.263115622103214 -4.8 8.305159375071526
      vertex 5.259672656655312 -4.8 8.366902343928814
    endloop
  endfacet
  facet normal 0 -1 0
    outer loop
      vertex 4.34221874922514 -4.8 8.34009999781847
      vertex 5.259672656655312 -4.8 8.366902343928814
      vertex 5.255699999630451 -4.8 8.4341000020504
    endloop
  endfacet
  facet normal 0 -1 0
    outer loop
      vertex 5.2726500034332275 -4.8 8.04924999922514
      vertex 5.438646093010902 -4.8 7.762598440051079
      vertex 5.48115000128746 -4.8 7.839050002396107
    endloop
  endfacet
  facet normal 0 -1 0
    outer loop
      vertex 5.2726500034332275 -4.8 8.04924999922514
      vertex 5.48115000128746 -4.8 7.839050002396107
      vertex 5.286200001835823 -4.8 8.04924999922514
    endloop
  endfacet
  facet normal 0 -1 0
    outer loop
      vertex 5.286200001835823 -4.8 8.04924999922514
      vertex 5.48115000128746 -4.8 7.839050002396107
      vertex 5.5281695276498795 -4.8 7.908190622925758
    endloop
  endfacet
  facet normal 0 -1 0
    outer loop
      vertex 5.286200001835823 -4.8 8.04924999922514
      vertex 5.5281695276498795 -4.8 7.908190622925758
      vertex 5.331637501716614 -4.8 8.150759376585484
    endloop
  endfacet
  facet normal 0 -1 0
    outer loop
      vertex 5.331637501716614 -4.8 8.150759376585484
      vertex 5.578528128564358 -4.8 7.968112498521805
      vertex 5.3797750025987625 -4.8 8.245062500238419
    endloop
  endfacet
  facet normal 0 -1 0
    outer loop
      vertex 5.331637501716614 -4.8 8.150759376585484
      vertex 5.5281695276498795 -4.8 7.908190622925758
      vertex 5.578528128564358 -4.8 7.968112498521805
    endloop
  endfacet
  facet normal 0 -1 0
    outer loop
      vertex 5.578528128564358 -4.8 7.968112498521805
      vertex 5.632225781679153 -4.8 8.018815621733665
      vertex 5.3797750025987625 -4.8 8.245062500238419
    endloop
  endfacet
  facet normal 0 -1 0
    outer loop
      vertex 5.3797750025987625 -4.8 8.245062500238419
      vertex 5.632225781679153 -4.8 8.018815621733665
      vertex 5.430612497031689 -4.8 8.332159377634525
    endloop
  endfacet
  facet normal 0 -1 0
    outer loop
      vertex 5.430612497031689 -4.8 8.332159377634525
      vertex 5.632225781679153 -4.8 8.018815621733665
      vertex 5.689262501895428 -4.8 8.060300000011921
    endloop
  endfacet
  facet normal 0 -1 0
    outer loop
      vertex 5.4841499999165535 -4.8 8.412050001323223
      vertex 5.689262501895428 -4.8 8.060300000011921
      vertex 5.7496382817626 -4.8 8.09256562590599
    endloop
  endfacet
  facet normal 0 -1 0
    outer loop
      vertex 5.430612497031689 -4.8 8.332159377634525
      vertex 5.689262501895428 -4.8 8.060300000011921
      vertex 5.4841499999165535 -4.8 8.412050001323223
    endloop
  endfacet
  facet normal 0 -1 0
    outer loop
      vertex 5.4841499999165535 -4.8 8.412050001323223
      vertex 5.7496382817626 -4.8 8.09256562590599
      vertex 5.540387496352196 -4.8 8.484734371304512
    endloop
  endfacet
  facet normal 0 -1 0
    outer loop
      vertex 5.540387496352196 -4.8 8.484734371304512
      vertex 5.81335312128067 -4.8 8.115612499415874
      vertex 5.599325001239777 -4.8 8.550212502479553
    endloop
  endfacet
  facet normal 0 -1 0
    outer loop
      vertex 5.540387496352196 -4.8 8.484734371304512
      vertex 5.7496382817626 -4.8 8.09256562590599
      vertex 5.81335312128067 -4.8 8.115612499415874
    endloop
  endfacet
  facet normal 0 -1 0
    outer loop
      vertex 5.880407027900219 -4.8 8.129440627992153
      vertex 5.660962499678135 -4.8 8.608484372496605
      vertex 5.599325001239777 -4.8 8.550212502479553
    endloop
  endfacet
  facet normal 0 -1 0
    outer loop
      vertex 5.81335312128067 -4.8 8.115612499415874
      vertex 5.880407027900219 -4.8 8.129440627992153
      vertex 5.599325001239777 -4.8 8.550212502479553
    endloop
  endfacet
  facet normal 0 -1 0
    outer loop
      vertex 5.880407027900219 -4.8 8.129440627992153
      vertex 5.950800001621246 -4.8 8.134049996733665
      vertex 5.725299999117851 -4.8 8.659550003707409
    endloop
  endfacet
  facet normal 0 -1 0
    outer loop
      vertex 5.950800001621246 -4.8 8.134049996733665
      vertex 6.0811242163181305 -4.8 8.11895078420639
      vertex 5.863140627741814 -4.8 8.742631249129772
    endloop
  endfacet
  facet normal 0 -1 0
    outer loop
      vertex 6.0811242163181305 -4.8 8.11895078420639
      vertex 6.194071874022484 -4.8 8.073653124272823
      vertex 6.264316409826279 -4.8 8.846482813358307
    endloop
  endfacet
  facet normal -0.82441460086794 0 -0.5659863654504013
    outer loop
      vertex 3.1497000008821487 -4.8 8.484949998557568
      vertex 3.215653121471405 -5 8.38888281583786
      vertex 3.1497000008821487 -5 8.484949998557568
    endloop
  endfacet
  facet normal 0.9989409168969402 0 0.04601135239373305
    outer loop
      vertex 4.338500000536442 -4.8 8.440849997103214
      vertex 4.336360938847065 -5 8.487290628254414
      vertex 4.338500000536442 -5 8.440849997103214
    endloop
  endfacet
  facet normal 0.9988270880736979 0 0.04841950154862723
    outer loop
      vertex 4.336360938847065 -4.8 8.487290628254414
      vertex 4.3341687470674515 -5 8.532512500882149
      vertex 4.336360938847065 -5 8.487290628254414
    endloop
  endfacet
  facet normal 0.998700706026351 0 0.050959785934284976
    outer loop
      vertex 4.3341687470674515 -4.8 8.532512500882149
      vertex 4.3319234400987625 -5 8.576515622437
      vertex 4.3341687470674515 -5 8.532512500882149
    endloop
  endfacet
  facet normal 0.9985601209747036 0 0.05364405651127822
    outer loop
      vertex 4.3319234400987625 -4.8 8.576515622437
      vertex 4.329625003039837 -5 8.619300000369549
      vertex 4.3319234400987625 -5 8.576515622437
    endloop
  endfacet
  facet normal 0.998403477317462 0 0.05648447999583642
    outer loop
      vertex 4.329625003039837 -4.8 8.619300000369549
      vertex 4.327273435890675 -5 8.660865627229214
      vertex 4.329625003039837 -5 8.619300000369549
    endloop
  endfacet
  facet normal 0.9982286251769288 0 0.059494637383367494
    outer loop
      vertex 4.327273435890675 -4.8 8.660865627229214
      vertex 4.324868753552437 -5 8.701212503015995
      vertex 4.327273435890675 -5 8.660865627229214
    endloop
  endfacet
  facet normal 0.998032990109881 0 0.06269091363451669
    outer loop
      vertex 4.324868753552437 -4.8 8.701212503015995
      vertex 4.322410941123962 -5 8.740340627729893
      vertex 4.324868753552437 -5 8.701212503015995
    endloop
  endfacet
  facet normal 0.9978136272066374 0 0.06609058450894154
    outer loop
      vertex 4.322410941123962 -4.8 8.740340627729893
      vertex 4.319899998605251 -5 8.778250001370907
      vertex 4.322410941123962 -5 8.740340627729893
    endloop
  endfacet
  facet normal 0.9989409168969402 0 0.04601135239373305
    outer loop
      vertex 4.338500000536442 -4.8 8.440849997103214
      vertex 4.336360938847065 -4.8 8.487290628254414
      vertex 4.336360938847065 -5 8.487290628254414
    endloop
  endfacet
  facet normal 0.9988270880736979 0 0.04841950154862723
    outer loop
      vertex 4.3341687470674515 -4.8 8.532512500882149
      vertex 4.3341687470674515 -5 8.532512500882149
      vertex 4.336360938847065 -4.8 8.487290628254414
    endloop
  endfacet
  facet normal 0.998700706026351 0 0.050959785934284976
    outer loop
      vertex 4.3341687470674515 -4.8 8.532512500882149
      vertex 4.3319234400987625 -4.8 8.576515622437
      vertex 4.3319234400987625 -5 8.576515622437
    endloop
  endfacet
  facet normal 0.9985601209747036 0 0.05364405651127822
    outer loop
      vertex 4.3319234400987625 -4.8 8.576515622437
      vertex 4.329625003039837 -4.8 8.619300000369549
      vertex 4.329625003039837 -5 8.619300000369549
    endloop
  endfacet
  facet normal 0.998403477317462 0 0.05648447999583642
    outer loop
      vertex 4.329625003039837 -4.8 8.619300000369549
      vertex 4.327273435890675 -4.8 8.660865627229214
      vertex 4.327273435890675 -5 8.660865627229214
    endloop
  endfacet
  facet normal 0.9982286251769288 0 0.059494637383367494
    outer loop
      vertex 4.327273435890675 -4.8 8.660865627229214
      vertex 4.324868753552437 -4.8 8.701212503015995
      vertex 4.324868753552437 -5 8.701212503015995
    endloop
  endfacet
  facet normal 0.998032990109881 0 0.06269091363451669
    outer loop
      vertex 4.324868753552437 -4.8 8.701212503015995
      vertex 4.322410941123962 -4.8 8.740340627729893
      vertex 4.322410941123962 -5 8.740340627729893
    endloop
  endfacet
  facet normal 0.9978136272066374 0 0.06609058450894154
    outer loop
      vertex 4.322410941123962 -4.8 8.740340627729893
      vertex 4.319899998605251 -4.8 8.778250001370907
      vertex 4.319899998605251 -5 8.778250001370907
    endloop
  endfacet
  facet normal 0 0 -1
    outer loop
      vertex 4.319899998605251 -4.8 8.778250001370907
      vertex 5.228550001978874 -5 8.778250001370907
      vertex 4.319899998605251 -5 8.778250001370907
    endloop
  endfacet
  facet normal 0 -1 0
    outer loop
      vertex 4.338500000536442 -4.8 8.440849997103214
      vertex 5.251567967236042 -4.8 8.500672653317451
      vertex 4.336360938847065 -4.8 8.487290628254414
    endloop
  endfacet
  facet normal 0 -1 0
    outer loop
      vertex 4.3341687470674515 -4.8 8.532512500882149
      vertex 5.243936717510223 -4.8 8.613628908991814
      vertex 4.3319234400987625 -4.8 8.576515622437
    endloop
  endfacet
  facet normal 0 -1 0
    outer loop
      vertex 4.3341687470674515 -4.8 8.532512500882149
      vertex 4.336360938847065 -4.8 8.487290628254414
      vertex 5.247646875679493 -4.8 8.560515627264977
    endloop
  endfacet
  facet normal 0 -1 0
    outer loop
      vertex 4.3319234400987625 -4.8 8.576515622437
      vertex 5.240437500178814 -4.8 8.660012498497963
      vertex 4.329625003039837 -4.8 8.619300000369549
    endloop
  endfacet
  facet normal 0 -1 0
    outer loop
      vertex 4.329625003039837 -4.8 8.619300000369549
      vertex 5.237149216234684 -4.8 8.699666403234005
      vertex 4.327273435890675 -4.8 8.660865627229214
    endloop
  endfacet
  facet normal 0 -1 0
    outer loop
      vertex 4.327273435890675 -4.8 8.660865627229214
      vertex 5.228550001978874 -4.8 8.778250001370907
      vertex 4.324868753552437 -4.8 8.701212503015995
    endloop
  endfacet
  facet normal 0 -1 0
    outer loop
      vertex 4.324868753552437 -4.8 8.701212503015995
      vertex 5.228550001978874 -4.8 8.778250001370907
      vertex 4.322410941123962 -4.8 8.740340627729893
    endloop
  endfacet
  facet normal 0 -1 0
    outer loop
      vertex 4.322410941123962 -4.8 8.740340627729893
      vertex 5.228550001978874 -4.8 8.778250001370907
      vertex 4.319899998605251 -4.8 8.778250001370907
    endloop
  endfacet
  facet normal 0 0 -1
    outer loop
      vertex 4.319899998605251 -4.8 8.778250001370907
      vertex 5.228550001978874 -4.8 8.778250001370907
      vertex 5.228550001978874 -5 8.778250001370907
    endloop
  endfacet
  facet normal -0.9980793283592764 0 -0.061948803877843975
    outer loop
      vertex 5.251567967236042 -4.8 8.500672653317451
      vertex 5.255699999630451 -5 8.4341000020504
      vertex 5.251567967236042 -5 8.500672653317451
    endloop
  endfacet
  facet normal -0.9978602552330794 0 -0.06538280374971489
    outer loop
      vertex 5.247646875679493 -4.8 8.560515627264977
      vertex 5.251567967236042 -5 8.500672653317451
      vertex 5.247646875679493 -5 8.560515627264977
    endloop
  endfacet
  facet normal -0.9975691242682077 0 -0.06968387407974183
    outer loop
      vertex 5.243936717510223 -4.8 8.613628908991814
      vertex 5.247646875679493 -5 8.560515627264977
      vertex 5.243936717510223 -5 8.613628908991814
    endloop
  endfacet
  facet normal -0.9971664285716036 0 -0.07522708109286863
    outer loop
      vertex 5.240437500178814 -4.8 8.660012498497963
      vertex 5.243936717510223 -5 8.613628908991814
      vertex 5.240437500178814 -5 8.660012498497963
    endloop
  endfacet
  facet normal -0.9965793871473086 0 -0.08264094090156039
    outer loop
      vertex 5.237149216234684 -4.8 8.699666403234005
      vertex 5.240437500178814 -5 8.660012498497963
      vertex 5.237149216234684 -5 8.699666403234005
    endloop
  endfacet
  facet normal -0.9956603307040615 0 -0.09306183891520176
    outer loop
      vertex 5.234071873128414 -4.8 8.73259062319994
      vertex 5.237149216234684 -5 8.699666403234005
      vertex 5.234071873128414 -5 8.73259062319994
    endloop
  endfacet
  facet normal -0.9940660507322191 0 -0.10877815397242901
    outer loop
      vertex 5.231205470860004 -4.8 8.758785158395767
      vertex 5.234071873128414 -5 8.73259062319994
      vertex 5.231205470860004 -5 8.758785158395767
    endloop
  endfacet
  facet normal -0.9908221788129907 0 -0.1351717794966011
    outer loop
      vertex 5.228550001978874 -4.8 8.778250001370907
      vertex 5.231205470860004 -5 8.758785158395767
      vertex 5.228550001978874 -5 8.778250001370907
    endloop
  endfacet
  facet normal -0.9980793283592764 0 -0.061948803877843975
    outer loop
      vertex 5.255699999630451 -4.8 8.4341000020504
      vertex 5.255699999630451 -5 8.4341000020504
      vertex 5.251567967236042 -4.8 8.500672653317451
    endloop
  endfacet
  facet normal -0.9978602552330794 0 -0.06538280374971489
    outer loop
      vertex 5.251567967236042 -4.8 8.500672653317451
      vertex 5.251567967236042 -5 8.500672653317451
      vertex 5.247646875679493 -4.8 8.560515627264977
    endloop
  endfacet
  facet normal -0.9975691242682077 0 -0.06968387407974183
    outer loop
      vertex 5.247646875679493 -4.8 8.560515627264977
      vertex 5.247646875679493 -5 8.560515627264977
      vertex 5.243936717510223 -4.8 8.613628908991814
    endloop
  endfacet
  facet normal -0.9971664285716036 0 -0.07522708109286863
    outer loop
      vertex 5.243936717510223 -4.8 8.613628908991814
      vertex 5.243936717510223 -5 8.613628908991814
      vertex 5.240437500178814 -4.8 8.660012498497963
    endloop
  endfacet
  facet normal -0.9965793871473086 0 -0.08264094090156039
    outer loop
      vertex 5.240437500178814 -4.8 8.660012498497963
      vertex 5.240437500178814 -5 8.660012498497963
      vertex 5.237149216234684 -4.8 8.699666403234005
    endloop
  endfacet
  facet normal -0.9956603307040615 0 -0.09306183891520176
    outer loop
      vertex 5.237149216234684 -4.8 8.699666403234005
      vertex 5.237149216234684 -5 8.699666403234005
      vertex 5.234071873128414 -4.8 8.73259062319994
    endloop
  endfacet
  facet normal -0.9940660507322191 0 -0.10877815397242901
    outer loop
      vertex 5.234071873128414 -4.8 8.73259062319994
      vertex 5.234071873128414 -5 8.73259062319994
      vertex 5.231205470860004 -4.8 8.758785158395767
    endloop
  endfacet
  facet normal -0.9908221788129907 0 -0.1351717794966011
    outer loop
      vertex 5.231205470860004 -4.8 8.758785158395767
      vertex 5.231205470860004 -5 8.758785158395767
      vertex 5.228550001978874 -4.8 8.778250001370907
    endloop
  endfacet
  facet normal 0.7432535807620744 0 -0.6690098016354875
    outer loop
      vertex 5.540387496352196 -4.8 8.484734371304512
      vertex 5.599325001239777 -5 8.550212502479553
      vertex 5.540387496352196 -5 8.484734371304512
    endloop
  endfacet
  facet normal 0.686989077681092 0 -0.7266677419198423
    outer loop
      vertex 5.599325001239777 -4.8 8.550212502479553
      vertex 5.660962499678135 -5 8.608484372496605
      vertex 5.599325001239777 -5 8.550212502479553
    endloop
  endfacet
  facet normal 0.7909042014500163 0 -0.611939984090525
    outer loop
      vertex 5.4841499999165535 -4.8 8.412050001323223
      vertex 5.540387496352196 -4.8 8.484734371304512
      vertex 5.540387496352196 -5 8.484734371304512
    endloop
  endfacet
  facet normal 0.7432535807620744 0 -0.6690098016354875
    outer loop
      vertex 5.540387496352196 -4.8 8.484734371304512
      vertex 5.599325001239777 -4.8 8.550212502479553
      vertex 5.599325001239777 -5 8.550212502479553
    endloop
  endfacet
  facet normal 0.686989077681092 0 -0.7266677419198423
    outer loop
      vertex 5.599325001239777 -4.8 8.550212502479553
      vertex 5.660962499678135 -4.8 8.608484372496605
      vertex 5.660962499678135 -5 8.608484372496605
    endloop
  endfacet
  facet normal 0.6216886609651397 0 -0.7832644565071056
    outer loop
      vertex 5.660962499678135 -4.8 8.608484372496605
      vertex 5.725299999117851 -5 8.659550003707409
      vertex 5.660962499678135 -5 8.608484372496605
    endloop
  endfacet
  facet normal 0.5515950026919084 0 -0.834112074607072
    outer loop
      vertex 5.725299999117851 -4.8 8.659550003707409
      vertex 5.79260390996933 -5 8.704057812690735
      vertex 5.725299999117851 -5 8.659550003707409
    endloop
  endfacet
  facet normal 0.4797995966946507 0 -0.8773781094896603
    outer loop
      vertex 5.79260390996933 -4.8 8.704057812690735
      vertex 5.863140627741814 -5 8.742631249129772
      vertex 5.79260390996933 -5 8.704057812690735
    endloop
  endfacet
  facet normal 0.6216886609651397 0 -0.7832644565071056
    outer loop
      vertex 5.660962499678135 -4.8 8.608484372496605
      vertex 5.725299999117851 -4.8 8.659550003707409
      vertex 5.725299999117851 -5 8.659550003707409
    endloop
  endfacet
  facet normal 0.5515950026919084 0 -0.834112074607072
    outer loop
      vertex 5.725299999117851 -4.8 8.659550003707409
      vertex 5.79260390996933 -4.8 8.704057812690735
      vertex 5.79260390996933 -5 8.704057812690735
    endloop
  endfacet
  facet normal 0.4797995966946507 0 -0.8773781094896603
    outer loop
      vertex 5.79260390996933 -4.8 8.704057812690735
      vertex 5.863140627741814 -4.8 8.742631249129772
      vertex 5.863140627741814 -5 8.742631249129772
    endloop
  endfacet
  facet normal 0.4046121030140779 0 -0.9144884067578578
    outer loop
      vertex 5.863140627741814 -4.8 8.742631249129772
      vertex 5.936910159885883 -5 8.77527031302452
      vertex 5.863140627741814 -5 8.742631249129772
    endloop
  endfacet
  facet normal 0.3276586580318586 0 -0.9447961705133872
    outer loop
      vertex 5.936910159885883 -4.8 8.77527031302452
      vertex 6.013912498950958 -5 8.8019749969244
      vertex 5.936910159885883 -5 8.77527031302452
    endloop
  endfacet
  facet normal 0.4046121030140779 0 -0.9144884067578578
    outer loop
      vertex 5.863140627741814 -4.8 8.742631249129772
      vertex 5.936910159885883 -4.8 8.77527031302452
      vertex 5.936910159885883 -5 8.77527031302452
    endloop
  endfacet
  facet normal 0.25060726004976724 0 -0.968088839523702
    outer loop
      vertex 6.013912498950958 -4.8 8.8019749969244
      vertex 6.0941476598382 -5 8.822745315730572
      vertex 6.013912498950958 -5 8.8019749969244
    endloop
  endfacet
  facet normal 0.3276586580318586 0 -0.9447961705133872
    outer loop
      vertex 5.936910159885883 -4.8 8.77527031302452
      vertex 6.013912498950958 -4.8 8.8019749969244
      vertex 6.013912498950958 -5 8.8019749969244
    endloop
  endfacet
  facet normal 0.17500110714941366 0 -0.9845682365872258
    outer loop
      vertex 6.0941476598382 -4.8 8.822745315730572
      vertex 6.177615627646446 -5 8.837581247091293
      vertex 6.0941476598382 -5 8.822745315730572
    endloop
  endfacet
  facet normal 0.10213307748416987 0 -0.9947707446862379
    outer loop
      vertex 6.177615627646446 -4.8 8.837581247091293
      vertex 6.264316409826279 -5 8.846482813358307
      vertex 6.177615627646446 -5 8.837581247091293
    endloop
  endfacet
  facet normal 0.25060726004976724 0 -0.968088839523702
    outer loop
      vertex 6.013912498950958 -4.8 8.8019749969244
      vertex 6.0941476598382 -4.8 8.822745315730572
      vertex 6.0941476598382 -5 8.822745315730572
    endloop
  endfacet
  facet normal 0.17500110714941366 0 -0.9845682365872258
    outer loop
      vertex 6.0941476598382 -4.8 8.822745315730572
      vertex 6.177615627646446 -4.8 8.837581247091293
      vertex 6.177615627646446 -5 8.837581247091293
    endloop
  endfacet
  facet normal 0.10213307748416987 0 -0.9947707446862379
    outer loop
      vertex 6.177615627646446 -4.8 8.837581247091293
      vertex 6.264316409826279 -4.8 8.846482813358307
      vertex 6.264316409826279 -5 8.846482813358307
    endloop
  endfacet
  facet normal 0 -1 0
    outer loop
      vertex 4.338500000536442 -4.8 8.440849997103214
      vertex 5.255699999630451 -4.8 8.4341000020504
      vertex 5.251567967236042 -4.8 8.500672653317451
    endloop
  endfacet
  facet normal 0 -1 0
    outer loop
      vertex 4.336360938847065 -4.8 8.487290628254414
      vertex 5.251567967236042 -4.8 8.500672653317451
      vertex 5.247646875679493 -4.8 8.560515627264977
    endloop
  endfacet
  facet normal 0 -1 0
    outer loop
      vertex 4.3341687470674515 -4.8 8.532512500882149
      vertex 5.247646875679493 -4.8 8.560515627264977
      vertex 5.243936717510223 -4.8 8.613628908991814
    endloop
  endfacet
  facet normal 0 -1 0
    outer loop
      vertex 4.3319234400987625 -4.8 8.576515622437
      vertex 5.243936717510223 -4.8 8.613628908991814
      vertex 5.240437500178814 -4.8 8.660012498497963
    endloop
  endfacet
  facet normal 0 -1 0
    outer loop
      vertex 4.329625003039837 -4.8 8.619300000369549
      vertex 5.240437500178814 -4.8 8.660012498497963
      vertex 5.237149216234684 -4.8 8.699666403234005
    endloop
  endfacet
  facet normal 0 -1 0
    outer loop
      vertex 4.327273435890675 -4.8 8.660865627229214
      vertex 5.237149216234684 -4.8 8.699666403234005
      vertex 5.234071873128414 -4.8 8.73259062319994
    endloop
  endfacet
  facet normal 0 -1 0
    outer loop
      vertex 4.327273435890675 -4.8 8.660865627229214
      vertex 5.234071873128414 -4.8 8.73259062319994
      vertex 5.231205470860004 -4.8 8.758785158395767
    endloop
  endfacet
  facet normal 0 -1 0
    outer loop
      vertex 4.327273435890675 -4.8 8.660865627229214
      vertex 5.231205470860004 -4.8 8.758785158395767
      vertex 5.228550001978874 -4.8 8.778250001370907
    endloop
  endfacet
  facet normal 0 -1 0
    outer loop
      vertex 5.880407027900219 -4.8 8.129440627992153
      vertex 5.725299999117851 -4.8 8.659550003707409
      vertex 5.660962499678135 -4.8 8.608484372496605
    endloop
  endfacet
  facet normal 0 -1 0
    outer loop
      vertex 5.950800001621246 -4.8 8.134049996733665
      vertex 5.79260390996933 -4.8 8.704057812690735
      vertex 5.725299999117851 -4.8 8.659550003707409
    endloop
  endfacet
  facet normal 0 -1 0
    outer loop
      vertex 5.950800001621246 -4.8 8.134049996733665
      vertex 5.863140627741814 -4.8 8.742631249129772
      vertex 5.79260390996933 -4.8 8.704057812690735
    endloop
  endfacet
  facet normal 0 -1 0
    outer loop
      vertex 5.863140627741814 -4.8 8.742631249129772
      vertex 6.0811242163181305 -4.8 8.11895078420639
      vertex 5.936910159885883 -4.8 8.77527031302452
    endloop
  endfacet
  facet normal 0 -1 0
    outer loop
      vertex 5.936910159885883 -4.8 8.77527031302452
      vertex 6.0811242163181305 -4.8 8.11895078420639
      vertex 6.013912498950958 -4.8 8.8019749969244
    endloop
  endfacet
  facet normal 0 -1 0
    outer loop
      vertex 6.0811242163181305 -4.8 8.11895078420639
      vertex 6.0941476598382 -4.8 8.822745315730572
      vertex 6.013912498950958 -4.8 8.8019749969244
    endloop
  endfacet
  facet normal 0 -1 0
    outer loop
      vertex 6.0811242163181305 -4.8 8.11895078420639
      vertex 6.177615627646446 -4.8 8.837581247091293
      vertex 6.0941476598382 -4.8 8.822745315730572
    endloop
  endfacet
  facet normal 0 -1 0
    outer loop
      vertex 6.0811242163181305 -4.8 8.11895078420639
      vertex 6.264316409826279 -4.8 8.846482813358307
      vertex 6.177615627646446 -4.8 8.837581247091293
    endloop
  endfacet
  facet normal 0 0 1
    outer loop
      vertex 6.506849996745586 -4.8 5.1096000000834465
      vertex 6.506849996745586 -5 5.1096000000834465
      vertex 7.452799998223782 -4.8 5.1096000000834465
    endloop
  endfacet
  facet normal 0 0 1
    outer loop
      vertex 7.452799998223782 -4.8 5.1096000000834465
      vertex 6.506849996745586 -5 5.1096000000834465
      vertex 7.452799998223782 -5 5.1096000000834465
    endloop
  endfacet
  facet normal 0 0 1
    outer loop
      vertex 8.65990000218153 -4.8 5.1096000000834465
      vertex 8.65990000218153 -5 5.1096000000834465
      vertex 9.605850003659725 -4.8 5.1096000000834465
    endloop
  endfacet
  facet normal 0 0 1
    outer loop
      vertex 9.605850003659725 -4.8 5.1096000000834465
      vertex 8.65990000218153 -5 5.1096000000834465
      vertex 9.605850003659725 -5 5.1096000000834465
    endloop
  endfacet
  facet normal 1 0 0
    outer loop
      vertex 6.506849996745586 -4.8 5.1096000000834465
      vertex 6.506849996745586 -5 7.167700000107288
      vertex 6.506849996745586 -5 5.1096000000834465
    endloop
  endfacet
  facet normal 1 0 0
    outer loop
      vertex 6.506849996745586 -4.8 5.1096000000834465
      vertex 6.506849996745586 -4.8 7.167700000107288
      vertex 6.506849996745586 -5 7.167700000107288
    endloop
  endfacet
  facet normal -1 0 0
    outer loop
      vertex 7.452799998223782 -4.8 5.1096000000834465
      vertex 7.452799998223782 -5 5.1096000000834465
      vertex 7.452799998223782 -4.8 7.120250001549721
    endloop
  endfacet
  facet normal -1 0 0
    outer loop
      vertex 7.452799998223782 -4.8 7.120250001549721
      vertex 7.452799998223782 -5 5.1096000000834465
      vertex 7.452799998223782 -5 7.120250001549721
    endloop
  endfacet
  facet normal 0.9992650344328762 0 0.03833263570200584
    outer loop
      vertex 6.506849996745586 -4.8 7.167700000107288
      vertex 6.498161718249321 -5 7.394188284873962
      vertex 6.506849996745586 -5 7.167700000107288
    endloop
  endfacet
  facet normal 0.9992650344328762 0 0.03833263570200584
    outer loop
      vertex 6.506849996745586 -4.8 7.167700000107288
      vertex 6.498161718249321 -4.8 7.394188284873962
      vertex 6.498161718249321 -5 7.394188284873962
    endloop
  endfacet
  facet normal 0.9674560069589127 0 0.2530392748154253
    outer loop
      vertex 6.428655467927456 -4.8 7.756569534540176
      vertex 6.428655467927456 -5 7.756569534540176
      vertex 6.472096875309944 -4.8 7.5904781222343445
    endloop
  endfacet
  facet normal 0.9912986384016537 0 0.13163209906032658
    outer loop
      vertex 6.498161718249321 -4.8 7.394188284873962
      vertex 6.472096875309944 -5 7.5904781222343445
      vertex 6.498161718249321 -5 7.394188284873962
    endloop
  endfacet
  facet normal 0.9674560069589127 0 0.2530392748154253
    outer loop
      vertex 6.472096875309944 -4.8 7.5904781222343445
      vertex 6.428655467927456 -5 7.756569534540176
      vertex 6.472096875309944 -5 7.5904781222343445
    endloop
  endfacet
  facet normal 0.9912986384016537 0 0.13163209906032658
    outer loop
      vertex 6.498161718249321 -4.8 7.394188284873962
      vertex 6.472096875309944 -4.8 7.5904781222343445
      vertex 6.472096875309944 -5 7.5904781222343445
    endloop
  endfacet
  facet normal 0.9127587948163693 0 0.4084989381692063
    outer loop
      vertex 6.428655467927456 -4.8 7.756569534540176
      vertex 6.367837503552437 -5 7.892462499439716
      vertex 6.428655467927456 -5 7.756569534540176
    endloop
  endfacet
  facet normal 0.8039125134422981 0 0.5947475689154911
    outer loop
      vertex 6.367837503552437 -4.8 7.892462499439716
      vertex 6.289642967283726 -5 7.9981570318341255
      vertex 6.367837503552437 -5 7.892462499439716
    endloop
  endfacet
  facet normal 0.6198730370055169 0 0.7847021205486557
    outer loop
      vertex 6.289642967283726 -4.8 7.9981570318341255
      vertex 6.194071874022484 -5 8.073653124272823
      vertex 6.289642967283726 -5 7.9981570318341255
    endloop
  endfacet
  facet normal 0.9127587948163693 0 0.4084989381692063
    outer loop
      vertex 6.367837503552437 -4.8 7.892462499439716
      vertex 6.367837503552437 -5 7.892462499439716
      vertex 6.428655467927456 -4.8 7.756569534540176
    endloop
  endfacet
  facet normal 0.8039125134422981 0 0.5947475689154911
    outer loop
      vertex 6.289642967283726 -4.8 7.9981570318341255
      vertex 6.289642967283726 -5 7.9981570318341255
      vertex 6.367837503552437 -4.8 7.892462499439716
    endloop
  endfacet
  facet normal -0.9982878777782396 0 0.05849199159729901
    outer loop
      vertex 7.459565624594688 -4.8 7.235719531774521
      vertex 7.452799998223782 -5 7.120250001549721
      vertex 7.459565624594688 -5 7.235719531774521
    endloop
  endfacet
  facet normal -0.9942004621191111 0 0.10754274090865423
    outer loop
      vertex 7.471362501382828 -4.8 7.344778127968311
      vertex 7.459565624594688 -5 7.235719531774521
      vertex 7.471362501382828 -5 7.344778127968311
    endloop
  endfacet
  facet normal -0.9982878777782396 0 0.05849199159729901
    outer loop
      vertex 7.452799998223782 -4.8 7.120250001549721
      vertex 7.452799998223782 -5 7.120250001549721
      vertex 7.459565624594688 -4.8 7.235719531774521
    endloop
  endfacet
  facet normal -0.9942004621191111 0 0.10754274090865423
    outer loop
      vertex 7.459565624594688 -4.8 7.235719531774521
      vertex 7.459565624594688 -5 7.235719531774521
      vertex 7.471362501382828 -4.8 7.344778127968311
    endloop
  endfacet
  facet normal -0.986826678493568 0 0.16178104528452128
    outer loop
      vertex 7.471362501382828 -4.8 7.344778127968311
      vertex 7.471362501382828 -5 7.344778127968311
      vertex 7.4881906285882 -4.8 7.4474257826805115
    endloop
  endfacet
  facet normal -0.986826678493568 0 0.16178104528452128
    outer loop
      vertex 7.4881906285882 -4.8 7.4474257826805115
      vertex 7.471362501382828 -5 7.344778127968311
      vertex 7.4881906285882 -5 7.4474257826805115
    endloop
  endfacet
  facet normal -0.9751604659055189 0 0.22149958405137346
    outer loop
      vertex 7.510049998760223 -4.8 7.543662503361702
      vertex 7.4881906285882 -5 7.4474257826805115
      vertex 7.510049998760223 -5 7.543662503361702
    endloop
  endfacet
  facet normal -0.9579937461911032 0 0.2867890902017303
    outer loop
      vertex 7.53694062680006 -4.8 7.633488282561302
      vertex 7.510049998760223 -5 7.543662503361702
      vertex 7.53694062680006 -5 7.633488282561302
    endloop
  endfacet
  facet normal -0.9339473669866029 0 0.35741057021133527
    outer loop
      vertex 7.568862497806549 -4.8 7.716903127729893
      vertex 7.53694062680006 -5 7.633488282561302
      vertex 7.568862497806549 -5 7.716903127729893
    endloop
  endfacet
  facet normal -0.9751604659055189 0 0.22149958405137346
    outer loop
      vertex 7.4881906285882 -4.8 7.4474257826805115
      vertex 7.4881906285882 -5 7.4474257826805115
      vertex 7.510049998760223 -4.8 7.543662503361702
    endloop
  endfacet
  facet normal -0.9579937461911032 0 0.2867890902017303
    outer loop
      vertex 7.510049998760223 -4.8 7.543662503361702
      vertex 7.510049998760223 -5 7.543662503361702
      vertex 7.53694062680006 -4.8 7.633488282561302
    endloop
  endfacet
  facet normal -0.9339473669866029 0 0.35741057021133527
    outer loop
      vertex 7.53694062680006 -4.8 7.633488282561302
      vertex 7.53694062680006 -5 7.633488282561302
      vertex 7.568862497806549 -4.8 7.716903127729893
    endloop
  endfacet
  facet normal 0 0 -1
    outer loop
      vertex 7.374849997460842 -4.8 8.04924999922514
      vertex 7.395199999213219 -5 8.04924999922514
      vertex 7.374849997460842 -5 8.04924999922514
    endloop
  endfacet
  facet normal 0.9072325259070066 0 -0.42062946156491765
    outer loop
      vertex 7.395199999213219 -4.8 8.04924999922514
      vertex 7.442978121340275 -5 8.152300000190735
      vertex 7.395199999213219 -5 8.04924999922514
    endloop
  endfacet
  facet normal 0 0 -1
    outer loop
      vertex 7.374849997460842 -4.8 8.04924999922514
      vertex 7.395199999213219 -4.8 8.04924999922514
      vertex 7.395199999213219 -5 8.04924999922514
    endloop
  endfacet
  facet normal -0.9592333108712681 0 -0.282615384073382
    outer loop
      vertex 7.319593749940395 -4.8 8.236796878278255
      vertex 7.374849997460842 -5 8.04924999922514
      vertex 7.319593749940395 -5 8.236796878278255
    endloop
  endfacet
  facet normal -0.9060411255131423 0 -0.4231896488323863
    outer loop
      vertex 7.243675000965595 -4.8 8.399337500333786
      vertex 7.319593749940395 -5 8.236796878278255
      vertex 7.243675000965595 -5 8.399337500333786
    endloop
  endfacet
  facet normal -0.9592333108712681 0 -0.282615384073382
    outer loop
      vertex 7.374849997460842 -4.8 8.04924999922514
      vertex 7.374849997460842 -5 8.04924999922514
      vertex 7.319593749940395 -4.8 8.236796878278255
    endloop
  endfacet
  facet normal -0.9060411255131423 0 -0.4231896488323863
    outer loop
      vertex 7.243675000965595 -4.8 8.399337500333786
      vertex 7.319593749940395 -4.8 8.236796878278255
      vertex 7.319593749940395 -5 8.236796878278255
    endloop
  endfacet
  facet normal -0.9015629959098106 0 0.43264785265401107
    outer loop
      vertex 7.605815626680851 -4.8 7.793907031416893
      vertex 7.568862497806549 -5 7.716903127729893
      vertex 7.605815626680851 -5 7.793907031416893
    endloop
  endfacet
  facet normal -0.9015629959098106 0 0.43264785265401107
    outer loop
      vertex 7.568862497806549 -4.8 7.716903127729893
      vertex 7.568862497806549 -5 7.716903127729893
      vertex 7.605815626680851 -4.8 7.793907031416893
    endloop
  endfacet
  facet normal -0.8594814702863716 0 0.5111669025224318
    outer loop
      vertex 7.647799998521805 -4.8 7.864500001072884
      vertex 7.605815626680851 -5 7.793907031416893
      vertex 7.647799998521805 -5 7.864500001072884
    endloop
  endfacet
  facet normal -0.8080268648111429 0 0.5891456405197911
    outer loop
      vertex 7.693862497806549 -4.8 7.927675783634186
      vertex 7.647799998521805 -5 7.864500001072884
      vertex 7.693862497806549 -5 7.927675783634186
    endloop
  endfacet
  facet normal -0.7438991893352875 0 0.6682918494986317
    outer loop
      vertex 7.743050001561642 -4.8 7.982428126037121
      vertex 7.693862497806549 -5 7.927675783634186
      vertex 7.743050001561642 -5 7.982428126037121
    endloop
  endfacet
  facet normal -0.6629949304962837 0 0.7486238856303132
    outer loop
      vertex 7.795362502336502 -4.8 8.028757028281689
      vertex 7.743050001561642 -5 7.982428126037121
      vertex 7.795362502336502 -5 8.028757028281689
    endloop
  endfacet
  facet normal -0.8594814702863716 0 0.5111669025224318
    outer loop
      vertex 7.605815626680851 -4.8 7.793907031416893
      vertex 7.605815626680851 -5 7.793907031416893
      vertex 7.647799998521805 -4.8 7.864500001072884
    endloop
  endfacet
  facet normal -0.8080268648111429 0 0.5891456405197911
    outer loop
      vertex 7.647799998521805 -4.8 7.864500001072884
      vertex 7.647799998521805 -5 7.864500001072884
      vertex 7.693862497806549 -4.8 7.927675783634186
    endloop
  endfacet
  facet normal -0.7438991893352875 0 0.6682918494986317
    outer loop
      vertex 7.693862497806549 -4.8 7.927675783634186
      vertex 7.693862497806549 -5 7.927675783634186
      vertex 7.743050001561642 -4.8 7.982428126037121
    endloop
  endfacet
  facet normal -0.6629949304962837 0 0.7486238856303132
    outer loop
      vertex 7.743050001561642 -4.8 7.982428126037121
      vertex 7.743050001561642 -5 7.982428126037121
      vertex 7.795362502336502 -4.8 8.028757028281689
    endloop
  endfacet
  facet normal 0.8855552132664084 0 -0.46453413680448263
    outer loop
      vertex 7.442978121340275 -4.8 8.152300000190735
      vertex 7.493087500333786 -5 8.247824996709824
      vertex 7.442978121340275 -5 8.152300000190735
    endloop
  endfacet
  facet normal 0.85903678992867 0 -0.5119138536404794
    outer loop
      vertex 7.493087500333786 -4.8 8.247824996709824
      vertex 7.545528121292591 -5 8.335825003683567
      vertex 7.493087500333786 -5 8.247824996709824
    endloop
  endfacet
  facet normal 0.8266929411356884 0 -0.5626533400562245
    outer loop
      vertex 7.545528121292591 -4.8 8.335825003683567
      vertex 7.600299999117851 -5 8.416299998760223
      vertex 7.545528121292591 -5 8.335825003683567
    endloop
  endfacet
  facet normal 0.9072325259070066 0 -0.42062946156491765
    outer loop
      vertex 7.395199999213219 -4.8 8.04924999922514
      vertex 7.442978121340275 -4.8 8.152300000190735
      vertex 7.442978121340275 -5 8.152300000190735
    endloop
  endfacet
  facet normal 0.8855552132664084 0 -0.46453413680448263
    outer loop
      vertex 7.442978121340275 -4.8 8.152300000190735
      vertex 7.493087500333786 -4.8 8.247824996709824
      vertex 7.493087500333786 -5 8.247824996709824
    endloop
  endfacet
  facet normal 0.85903678992867 0 -0.5119138536404794
    outer loop
      vertex 7.493087500333786 -4.8 8.247824996709824
      vertex 7.545528121292591 -4.8 8.335825003683567
      vertex 7.545528121292591 -5 8.335825003683567
    endloop
  endfacet
  facet normal 0.8266929411356884 0 -0.5626533400562245
    outer loop
      vertex 7.545528121292591 -4.8 8.335825003683567
      vertex 7.600299999117851 -4.8 8.416299998760223
      vertex 7.600299999117851 -5 8.416299998760223
    endloop
  endfacet
  facet normal 0 -1 0
    outer loop
      vertex 6.506849996745586 -4.8 5.1096000000834465
      vertex 7.452799998223782 -4.8 7.120250001549721
      vertex 6.506849996745586 -4.8 7.167700000107288
    endloop
  endfacet
  facet normal 0 -1 0
    outer loop
      vertex 6.506849996745586 -4.8 5.1096000000834465
      vertex 7.452799998223782 -4.8 5.1096000000834465
      vertex 7.452799998223782 -4.8 7.120250001549721
    endloop
  endfacet
  facet normal 0 -1 0
    outer loop
      vertex 6.506849996745586 -4.8 7.167700000107288
      vertex 7.459565624594688 -4.8 7.235719531774521
      vertex 6.498161718249321 -4.8 7.394188284873962
    endloop
  endfacet
  facet normal 0 -1 0
    outer loop
      vertex 6.498161718249321 -4.8 7.394188284873962
      vertex 7.4881906285882 -4.8 7.4474257826805115
      vertex 6.472096875309944 -4.8 7.5904781222343445
    endloop
  endfacet
  facet normal 0 -1 0
    outer loop
      vertex 6.428655467927456 -4.8 7.756569534540176
      vertex 6.472096875309944 -4.8 7.5904781222343445
      vertex 7.53694062680006 -4.8 7.633488282561302
    endloop
  endfacet
  facet normal 0 -1 0
    outer loop
      vertex 6.194071874022484 -4.8 8.073653124272823
      vertex 6.289642967283726 -4.8 7.9981570318341255
      vertex 6.554143749177456 -4.8 8.836946874856949
    endloop
  endfacet
  facet normal 0 -1 0
    outer loop
      vertex 6.289642967283726 -4.8 7.9981570318341255
      vertex 6.367837503552437 -4.8 7.892462499439716
      vertex 7.147093750536442 -4.8 8.536871872842312
    endloop
  endfacet
  facet normal 0 -1 0
    outer loop
      vertex 6.367837503552437 -4.8 7.892462499439716
      vertex 6.428655467927456 -4.8 7.756569534540176
      vertex 7.319593749940395 -4.8 8.236796878278255
    endloop
  endfacet
  facet normal 0 -1 0
    outer loop
      vertex 6.289642967283726 -4.8 7.9981570318341255
      vertex 7.147093750536442 -4.8 8.536871872842312
      vertex 7.029849998652935 -4.8 8.649400003254414
    endloop
  endfacet
  facet normal 0 -1 0
    outer loop
      vertex 6.367837503552437 -4.8 7.892462499439716
      vertex 7.319593749940395 -4.8 8.236796878278255
      vertex 7.243675000965595 -4.8 8.399337500333786
    endloop
  endfacet
  facet normal 0 -1 0
    outer loop
      vertex 6.367837503552437 -4.8 7.892462499439716
      vertex 7.243675000965595 -4.8 8.399337500333786
      vertex 7.147093750536442 -4.8 8.536871872842312
    endloop
  endfacet
  facet normal 0 -1 0
    outer loop
      vertex 6.506849996745586 -4.8 7.167700000107288
      vertex 7.452799998223782 -4.8 7.120250001549721
      vertex 7.459565624594688 -4.8 7.235719531774521
    endloop
  endfacet
  facet normal 0 -1 0
    outer loop
      vertex 6.498161718249321 -4.8 7.394188284873962
      vertex 7.459565624594688 -4.8 7.235719531774521
      vertex 7.471362501382828 -4.8 7.344778127968311
    endloop
  endfacet
  facet normal 0 -1 0
    outer loop
      vertex 6.498161718249321 -4.8 7.394188284873962
      vertex 7.471362501382828 -4.8 7.344778127968311
      vertex 7.4881906285882 -4.8 7.4474257826805115
    endloop
  endfacet
  facet normal 0 -1 0
    outer loop
      vertex 6.472096875309944 -4.8 7.5904781222343445
      vertex 7.4881906285882 -4.8 7.4474257826805115
      vertex 7.510049998760223 -4.8 7.543662503361702
    endloop
  endfacet
  facet normal 0 -1 0
    outer loop
      vertex 6.472096875309944 -4.8 7.5904781222343445
      vertex 7.510049998760223 -4.8 7.543662503361702
      vertex 7.53694062680006 -4.8 7.633488282561302
    endloop
  endfacet
  facet normal 0 -1 0
    outer loop
      vertex 6.428655467927456 -4.8 7.756569534540176
      vertex 7.53694062680006 -4.8 7.633488282561302
      vertex 7.568862497806549 -4.8 7.716903127729893
    endloop
  endfacet
  facet normal 0 -1 0
    outer loop
      vertex 6.428655467927456 -4.8 7.756569534540176
      vertex 7.568862497806549 -4.8 7.716903127729893
      vertex 7.374849997460842 -4.8 8.04924999922514
    endloop
  endfacet
  facet normal 0 -1 0
    outer loop
      vertex 6.428655467927456 -4.8 7.756569534540176
      vertex 7.374849997460842 -4.8 8.04924999922514
      vertex 7.319593749940395 -4.8 8.236796878278255
    endloop
  endfacet
  facet normal 0 -1 0
    outer loop
      vertex 7.374849997460842 -4.8 8.04924999922514
      vertex 7.568862497806549 -4.8 7.716903127729893
      vertex 7.605815626680851 -4.8 7.793907031416893
    endloop
  endfacet
  facet normal 0 -1 0
    outer loop
      vertex 7.395199999213219 -4.8 8.04924999922514
      vertex 7.605815626680851 -4.8 7.793907031416893
      vertex 7.647799998521805 -4.8 7.864500001072884
    endloop
  endfacet
  facet normal 0 -1 0
    outer loop
      vertex 7.374849997460842 -4.8 8.04924999922514
      vertex 7.605815626680851 -4.8 7.793907031416893
      vertex 7.395199999213219 -4.8 8.04924999922514
    endloop
  endfacet
  facet normal 0 -1 0
    outer loop
      vertex 7.395199999213219 -4.8 8.04924999922514
      vertex 7.693862497806549 -4.8 7.927675783634186
      vertex 7.442978121340275 -4.8 8.152300000190735
    endloop
  endfacet
  facet normal 0 -1 0
    outer loop
      vertex 7.395199999213219 -4.8 8.04924999922514
      vertex 7.647799998521805 -4.8 7.864500001072884
      vertex 7.693862497806549 -4.8 7.927675783634186
    endloop
  endfacet
  facet normal 0 -1 0
    outer loop
      vertex 7.442978121340275 -4.8 8.152300000190735
      vertex 7.693862497806549 -4.8 7.927675783634186
      vertex 7.743050001561642 -4.8 7.982428126037121
    endloop
  endfacet
  facet normal 0 -1 0
    outer loop
      vertex 7.442978121340275 -4.8 8.152300000190735
      vertex 7.743050001561642 -4.8 7.982428126037121
      vertex 7.493087500333786 -4.8 8.247824996709824
    endloop
  endfacet
  facet normal 0 -1 0
    outer loop
      vertex 7.493087500333786 -4.8 8.247824996709824
      vertex 7.795362502336502 -4.8 8.028757028281689
      vertex 7.545528121292591 -4.8 8.335825003683567
    endloop
  endfacet
  facet normal 0 -1 0
    outer loop
      vertex 7.493087500333786 -4.8 8.247824996709824
      vertex 7.743050001561642 -4.8 7.982428126037121
      vertex 7.795362502336502 -4.8 8.028757028281689
    endloop
  endfacet
  facet normal 0 -1 0
    outer loop
      vertex 7.545528121292591 -4.8 8.335825003683567
      vertex 7.795362502336502 -4.8 8.028757028281689
      vertex 7.85080000013113 -4.8 8.06666249781847
    endloop
  endfacet
  facet normal 0 -1 0
    outer loop
      vertex 7.85080000013113 -4.8 8.06666249781847
      vertex 7.909362502396107 -4.8 8.096144534647465
      vertex 7.600299999117851 -4.8 8.416299998760223
    endloop
  endfacet
  facet normal 0 -1 0
    outer loop
      vertex 7.545528121292591 -4.8 8.335825003683567
      vertex 7.85080000013113 -4.8 8.06666249781847
      vertex 7.600299999117851 -4.8 8.416299998760223
    endloop
  endfacet
  facet normal 0 -1 0
    outer loop
      vertex 7.909362502396107 -4.8 8.096144534647465
      vertex 7.657403126358986 -4.8 8.489249996840954
      vertex 7.600299999117851 -4.8 8.416299998760223
    endloop
  endfacet
  facet normal 0 -1 0
    outer loop
      vertex 7.657403126358986 -4.8 8.489249996840954
      vertex 7.971050001680851 -4.8 8.117203123867512
      vertex 7.716837503015995 -4.8 8.554674997925758
    endloop
  endfacet
  facet normal 1 0 0
    outer loop
      vertex 8.65990000218153 -4.8 5.1096000000834465
      vertex 8.65990000218153 -5 7.167700000107288
      vertex 8.65990000218153 -5 5.1096000000834465
    endloop
  endfacet
  facet normal 1 0 0
    outer loop
      vertex 8.65990000218153 -4.8 5.1096000000834465
      vertex 8.65990000218153 -4.8 7.167700000107288
      vertex 8.65990000218153 -5 7.167700000107288
    endloop
  endfacet
  facet normal -0.5644257664695304 0 0.8254838303354484
    outer loop
      vertex 7.85080000013113 -4.8 8.06666249781847
      vertex 7.795362502336502 -5 8.028757028281689
      vertex 7.85080000013113 -5 8.06666249781847
    endloop
  endfacet
  facet normal -0.5644257664695304 0 0.8254838303354484
    outer loop
      vertex 7.795362502336502 -4.8 8.028757028281689
      vertex 7.795362502336502 -5 8.028757028281689
      vertex 7.85080000013113 -4.8 8.06666249781847
    endloop
  endfacet
  facet normal -0.44966183447049474 0 0.8931988774179183
    outer loop
      vertex 7.85080000013113 -4.8 8.06666249781847
      vertex 7.85080000013113 -5 8.06666249781847
      vertex 7.909362502396107 -4.8 8.096144534647465
    endloop
  endfacet
  facet normal -0.44966183447049474 0 0.8931988774179183
    outer loop
      vertex 7.909362502396107 -4.8 8.096144534647465
      vertex 7.85080000013113 -5 8.06666249781847
      vertex 7.909362502396107 -5 8.096144534647465
    endloop
  endfacet
  facet normal -0.3230691793321274 0 0.9463753512035622
    outer loop
      vertex 7.971050001680851 -4.8 8.117203123867512
      vertex 7.909362502396107 -5 8.096144534647465
      vertex 7.971050001680851 -5 8.117203123867512
    endloop
  endfacet
  facet normal -0.3230691793321274 0 0.9463753512035622
    outer loop
      vertex 7.909362502396107 -4.8 8.096144534647465
      vertex 7.909362502396107 -5 8.096144534647465
      vertex 7.971050001680851 -4.8 8.117203123867512
    endloop
  endfacet
  facet normal -0.19134719446236825 0 0.9815224150121996
    outer loop
      vertex 7.971050001680851 -4.8 8.117203123867512
      vertex 7.971050001680851 -5 8.117203123867512
      vertex 8.035862497985363 -4.8 8.129838280379772
    endloop
  endfacet
  facet normal -0.19134719446236825 0 0.9815224150121996
    outer loop
      vertex 8.035862497985363 -4.8 8.129838280379772
      vertex 7.971050001680851 -5 8.117203123867512
      vertex 8.035862497985363 -5 8.129838280379772
    endloop
  endfacet
  facet normal -0.061875197233316394 0 0.9980838942530523
    outer loop
      vertex 8.103799998760223 -4.8 8.134049996733665
      vertex 8.035862497985363 -5 8.129838280379772
      vertex 8.103799998760223 -5 8.134049996733665
    endloop
  endfacet
  facet normal 0.115078762849522 0 0.993356370262467
    outer loop
      vertex 8.234135940670967 -4.8 8.11895078420639
      vertex 8.103799998760223 -5 8.134049996733665
      vertex 8.234135940670967 -5 8.11895078420639
    endloop
  endfacet
  facet normal -0.061875197233316394 0 0.9980838942530523
    outer loop
      vertex 8.035862497985363 -4.8 8.129838280379772
      vertex 8.035862497985363 -5 8.129838280379772
      vertex 8.103799998760223 -4.8 8.134049996733665
    endloop
  endfacet
  facet normal 0.115078762849522 0 0.993356370262467
    outer loop
      vertex 8.103799998760223 -4.8 8.134049996733665
      vertex 8.103799998760223 -5 8.134049996733665
      vertex 8.234135940670967 -4.8 8.11895078420639
    endloop
  endfacet
  facet normal 0.6198387295324521 0 0.7847292204140199
    outer loop
      vertex 8.347093753516674 -4.8 8.073653124272823
      vertex 8.347093753516674 -5 8.073653124272823
      vertex 8.442673437297344 -4.8 7.9981570318341255
    endloop
  endfacet
  facet normal 0.9127450798979082 0 0.40852958169777775
    outer loop
      vertex 8.581698440015316 -4.8 7.756569534540176
      vertex 8.520874999463558 -5 7.892462499439716
      vertex 8.581698440015316 -5 7.756569534540176
    endloop
  endfacet
  facet normal 0.803886963004451 0 0.5947821035568238
    outer loop
      vertex 8.520874999463558 -4.8 7.892462499439716
      vertex 8.442673437297344 -5 7.9981570318341255
      vertex 8.520874999463558 -5 7.892462499439716
    endloop
  endfacet
  facet normal 0.6198387295324521 0 0.7847292204140199
    outer loop
      vertex 8.442673437297344 -4.8 7.9981570318341255
      vertex 8.347093753516674 -5 8.073653124272823
      vertex 8.442673437297344 -5 7.9981570318341255
    endloop
  endfacet
  facet normal 0.9127450798979082 0 0.40852958169777775
    outer loop
      vertex 8.520874999463558 -4.8 7.892462499439716
      vertex 8.520874999463558 -5 7.892462499439716
      vertex 8.581698440015316 -4.8 7.756569534540176
    endloop
  endfacet
  facet normal 0.803886963004451 0 0.5947821035568238
    outer loop
      vertex 8.442673437297344 -4.8 7.9981570318341255
      vertex 8.442673437297344 -5 7.9981570318341255
      vertex 8.520874999463558 -4.8 7.892462499439716
    endloop
  endfacet
  facet normal 0.3722018359213442 0 0.9281518158883172
    outer loop
      vertex 8.347093753516674 -4.8 8.073653124272823
      vertex 8.234135940670967 -5 8.11895078420639
      vertex 8.347093753516674 -5 8.073653124272823
    endloop
  endfacet
  facet normal 0.3722018359213442 0 0.9281518158883172
    outer loop
      vertex 8.234135940670967 -4.8 8.11895078420639
      vertex 8.234135940670967 -5 8.11895078420639
      vertex 8.347093753516674 -4.8 8.073653124272823
    endloop
  endfacet
  facet normal 0.9992649009578686 0 0.038336115004801094
    outer loop
      vertex 8.65990000218153 -4.8 7.167700000107288
      vertex 8.651210933923721 -5 7.394188284873962
      vertex 8.65990000218153 -5 7.167700000107288
    endloop
  endfacet
  facet normal 0.9992649009578686 0 0.038336115004801094
    outer loop
      vertex 8.65990000218153 -4.8 7.167700000107288
      vertex 8.651210933923721 -4.8 7.394188284873962
      vertex 8.651210933923721 -5 7.394188284873962
    endloop
  endfacet
  facet normal 0.991297096661254 0 0.13164370912037007
    outer loop
      vertex 8.651210933923721 -4.8 7.394188284873962
      vertex 8.625143751502037 -5 7.5904781222343445
      vertex 8.651210933923721 -5 7.394188284873962
    endloop
  endfacet
  facet normal 0.9674504397133564 0 0.25306055934979954
    outer loop
      vertex 8.625143751502037 -4.8 7.5904781222343445
      vertex 8.581698440015316 -5 7.756569534540176
      vertex 8.625143751502037 -5 7.5904781222343445
    endloop
  endfacet
  facet normal 0.991297096661254 0 0.13164370912037007
    outer loop
      vertex 8.651210933923721 -4.8 7.394188284873962
      vertex 8.625143751502037 -4.8 7.5904781222343445
      vertex 8.625143751502037 -5 7.5904781222343445
    endloop
  endfacet
  facet normal 0.9674504397133564 0 0.25306055934979954
    outer loop
      vertex 8.625143751502037 -4.8 7.5904781222343445
      vertex 8.581698440015316 -4.8 7.756569534540176
      vertex 8.581698440015316 -5 7.756569534540176
    endloop
  endfacet
  facet normal -0.82441460086794 0 -0.5659863654504013
    outer loop
      vertex 9.390403121709824 -4.8 8.38888281583786
      vertex 9.390403121709824 -5 8.38888281583786
      vertex 9.324450001120567 -4.8 8.484949998557568
    endloop
  endfacet
  facet normal 0 -1 0
    outer loop
      vertex 8.65990000218153 -4.8 5.1096000000834465
      vertex 9.605850003659725 -4.8 5.1096000000834465
      vertex 8.65990000218153 -4.8 7.167700000107288
    endloop
  endfacet
  facet normal 0 -1 0
    outer loop
      vertex 8.65990000218153 -4.8 7.167700000107288
      vertex 9.605850003659725 -4.8 5.1096000000834465
      vertex 9.605850003659725 -4.8 7.438950002193451
    endloop
  endfacet
  facet normal 0 -1 0
    outer loop
      vertex 7.909362502396107 -4.8 8.096144534647465
      vertex 7.971050001680851 -4.8 8.117203123867512
      vertex 7.657403126358986 -4.8 8.489249996840954
    endloop
  endfacet
  facet normal 0 -1 0
    outer loop
      vertex 7.716837503015995 -4.8 8.554674997925758
      vertex 7.971050001680851 -4.8 8.117203123867512
      vertex 7.778603121638298 -4.8 8.612575002014637
    endloop
  endfacet
  facet normal 0 -1 0
    outer loop
      vertex 7.778603121638298 -4.8 8.612575002014637
      vertex 7.971050001680851 -4.8 8.117203123867512
      vertex 8.035862497985363 -4.8 8.129838280379772
    endloop
  endfacet
  facet normal 0 -1 0
    outer loop
      vertex 7.842699997127056 -4.8 8.66295000165701
      vertex 8.035862497985363 -4.8 8.129838280379772
      vertex 8.103799998760223 -4.8 8.134049996733665
    endloop
  endfacet
  facet normal 0 -1 0
    outer loop
      vertex 8.103799998760223 -4.8 8.134049996733665
      vertex 8.234135940670967 -4.8 8.11895078420639
      vertex 8.058550000190735 -4.8 8.776598438620567
    endloop
  endfacet
  facet normal 0 -1 0
    outer loop
      vertex 8.234135940670967 -4.8 8.11895078420639
      vertex 8.347093753516674 -4.8 8.073653124272823
      vertex 8.408650003373623 -4.8 8.846535935997963
    endloop
  endfacet
  facet normal 0 -1 0
    outer loop
      vertex 8.347093753516674 -4.8 8.073653124272823
      vertex 8.442673437297344 -4.8 7.9981570318341255
      vertex 8.759278126060963 -4.8 8.826668746769428
    endloop
  endfacet
  facet normal 0 -1 0
    outer loop
      vertex 8.65990000218153 -4.8 7.167700000107288
      vertex 9.605850003659725 -4.8 7.438950002193451
      vertex 8.651210933923721 -4.8 7.394188284873962
    endloop
  endfacet
  facet normal 0 -1 0
    outer loop
      vertex 8.651210933923721 -4.8 7.394188284873962
      vertex 9.601453125476837 -4.8 7.604382812976837
      vertex 8.625143751502037 -4.8 7.5904781222343445
    endloop
  endfacet
  facet normal 0 -1 0
    outer loop
      vertex 8.651210933923721 -4.8 7.394188284873962
      vertex 9.605850003659725 -4.8 7.438950002193451
      vertex 9.601453125476837 -4.8 7.604382812976837
    endloop
  endfacet
  facet normal 0 -1 0
    outer loop
      vertex 8.625143751502037 -4.8 7.5904781222343445
      vertex 9.601453125476837 -4.8 7.604382812976837
      vertex 9.588262498378754 -4.8 7.759906247258186
    endloop
  endfacet
  facet normal 0 -1 0
    outer loop
      vertex 8.625143751502037 -4.8 7.5904781222343445
      vertex 9.566278122365475 -4.8 7.905520312488079
      vertex 8.581698440015316 -4.8 7.756569534540176
    endloop
  endfacet
  facet normal 0 -1 0
    outer loop
      vertex 8.520874999463558 -4.8 7.892462499439716
      vertex 8.581698440015316 -4.8 7.756569534540176
      vertex 9.49592812359333 -4.8 8.167020313441753
    endloop
  endfacet
  facet normal 0 -1 0
    outer loop
      vertex 8.442673437297344 -4.8 7.9981570318341255
      vertex 8.520874999463558 -4.8 7.892462499439716
      vertex 9.167853124439716 -4.8 8.644418753683567
    endloop
  endfacet
  facet normal 0 -1 0
    outer loop
      vertex 8.520874999463558 -4.8 7.892462499439716
      vertex 9.250125780701637 -4.8 8.570379689335823
      vertex 9.167853124439716 -4.8 8.644418753683567
    endloop
  endfacet
  facet normal 0 -1 0
    outer loop
      vertex 8.625143751502037 -4.8 7.5904781222343445
      vertex 9.588262498378754 -4.8 7.759906247258186
      vertex 9.566278122365475 -4.8 7.905520312488079
    endloop
  endfacet
  facet normal 0 -1 0
    outer loop
      vertex 8.581698440015316 -4.8 7.756569534540176
      vertex 9.566278122365475 -4.8 7.905520312488079
      vertex 9.535499997437 -4.8 8.041225001215935
    endloop
  endfacet
  facet normal 0 -1 0
    outer loop
      vertex 8.581698440015316 -4.8 7.756569534540176
      vertex 9.535499997437 -4.8 8.041225001215935
      vertex 9.49592812359333 -4.8 8.167020313441753
    endloop
  endfacet
  facet normal 0 -1 0
    outer loop
      vertex 8.520874999463558 -4.8 7.892462499439716
      vertex 9.390403121709824 -4.8 8.38888281583786
      vertex 9.324450001120567 -4.8 8.484949998557568
    endloop
  endfacet
  facet normal 0 -1 0
    outer loop
      vertex 8.520874999463558 -4.8 7.892462499439716
      vertex 9.49592812359333 -4.8 8.167020313441753
      vertex 9.447562500834465 -4.8 8.282906249165535
    endloop
  endfacet
  facet normal 0 -1 0
    outer loop
      vertex 8.520874999463558 -4.8 7.892462499439716
      vertex 9.447562500834465 -4.8 8.282906249165535
      vertex 9.390403121709824 -4.8 8.38888281583786
    endloop
  endfacet
  facet normal 0 -1 0
    outer loop
      vertex 8.520874999463558 -4.8 7.892462499439716
      vertex 9.324450001120567 -4.8 8.484949998557568
      vertex 9.250125780701637 -4.8 8.570379689335823
    endloop
  endfacet
  facet normal 0.03297513936077042 0 -0.9994561722177406
    outer loop
      vertex 6.264316409826279 -4.8 8.846482813358307
      vertex 6.354249998927116 -5 8.849449999630451
      vertex 6.264316409826279 -5 8.846482813358307
    endloop
  endfacet
  facet normal -0.062426853944935905 0 -0.9980495418096927
    outer loop
      vertex 6.354249998927116 -4.8 8.849449999630451
      vertex 6.554143749177456 -5 8.836946874856949
      vertex 6.354249998927116 -5 8.849449999630451
    endloop
  endfacet
  facet normal 0.03297513936077042 0 -0.9994561722177406
    outer loop
      vertex 6.264316409826279 -4.8 8.846482813358307
      vertex 6.354249998927116 -4.8 8.849449999630451
      vertex 6.354249998927116 -5 8.849449999630451
    endloop
  endfacet
  facet normal -0.20484147908160827 0 -0.9787951616388686
    outer loop
      vertex 6.554143749177456 -4.8 8.836946874856949
      vertex 6.733374997973442 -5 8.799437500536442
      vertex 6.554143749177456 -5 8.836946874856949
    endloop
  endfacet
  facet normal -0.062426853944935905 0 -0.9980495418096927
    outer loop
      vertex 6.354249998927116 -4.8 8.849449999630451
      vertex 6.554143749177456 -4.8 8.836946874856949
      vertex 6.554143749177456 -5 8.836946874856949
    endloop
  endfacet
  facet normal -0.3667740991576784 0 -0.930310034443934
    outer loop
      vertex 6.733374997973442 -4.8 8.799437500536442
      vertex 6.8919437527656555 -5 8.73692187666893
      vertex 6.733374997973442 -5 8.799437500536442
    endloop
  endfacet
  facet normal -0.5358438539879286 0 -0.8443170992840092
    outer loop
      vertex 6.8919437527656555 -4.8 8.73692187666893
      vertex 7.029849998652935 -5 8.649400003254414
      vertex 6.8919437527656555 -5 8.73692187666893
    endloop
  endfacet
  facet normal -0.3667740991576784 0 -0.930310034443934
    outer loop
      vertex 6.8919437527656555 -4.8 8.73692187666893
      vertex 6.8919437527656555 -5 8.73692187666893
      vertex 6.733374997973442 -4.8 8.799437500536442
    endloop
  endfacet
  facet normal -0.5358438539879286 0 -0.8443170992840092
    outer loop
      vertex 6.8919437527656555 -4.8 8.73692187666893
      vertex 7.029849998652935 -4.8 8.649400003254414
      vertex 7.029849998652935 -5 8.649400003254414
    endloop
  endfacet
  facet normal -0.20484147908160827 0 -0.9787951616388686
    outer loop
      vertex 6.554143749177456 -4.8 8.836946874856949
      vertex 6.733374997973442 -4.8 8.799437500536442
      vertex 6.733374997973442 -5 8.799437500536442
    endloop
  endfacet
  facet normal -0.6924489753327787 0 -0.7214668506318115
    outer loop
      vertex 7.029849998652935 -4.8 8.649400003254414
      vertex 7.147093750536442 -5 8.536871872842312
      vertex 7.029849998652935 -5 8.649400003254414
    endloop
  endfacet
  facet normal -0.8183722692368682 0 -0.5746884625117321
    outer loop
      vertex 7.147093750536442 -4.8 8.536871872842312
      vertex 7.243675000965595 -5 8.399337500333786
      vertex 7.147093750536442 -5 8.536871872842312
    endloop
  endfacet
  facet normal -0.6924489753327787 0 -0.7214668506318115
    outer loop
      vertex 7.029849998652935 -4.8 8.649400003254414
      vertex 7.147093750536442 -4.8 8.536871872842312
      vertex 7.147093750536442 -5 8.536871872842312
    endloop
  endfacet
  facet normal -0.8183722692368682 0 -0.5746884625117321
    outer loop
      vertex 7.147093750536442 -4.8 8.536871872842312
      vertex 7.243675000965595 -4.8 8.399337500333786
      vertex 7.243675000965595 -5 8.399337500333786
    endloop
  endfacet
  facet normal 0.7874430494814768 0 -0.6163874137450508
    outer loop
      vertex 7.600299999117851 -4.8 8.416299998760223
      vertex 7.657403126358986 -5 8.489249996840954
      vertex 7.600299999117851 -5 8.416299998760223
    endloop
  endfacet
  facet normal 0.7401815842515642 0 -0.6724070362026594
    outer loop
      vertex 7.657403126358986 -4.8 8.489249996840954
      vertex 7.716837503015995 -5 8.554674997925758
      vertex 7.657403126358986 -5 8.489249996840954
    endloop
  endfacet
  facet normal 0.6839080396179775 0 -0.7295682239145939
    outer loop
      vertex 7.716837503015995 -4.8 8.554674997925758
      vertex 7.778603121638298 -5 8.612575002014637
      vertex 7.716837503015995 -5 8.554674997925758
    endloop
  endfacet
  facet normal 0.617921423731036 0 -0.7862398578641314
    outer loop
      vertex 7.778603121638298 -4.8 8.612575002014637
      vertex 7.842699997127056 -5 8.66295000165701
      vertex 7.778603121638298 -5 8.612575002014637
    endloop
  endfacet
  facet normal 0.7874430494814768 0 -0.6163874137450508
    outer loop
      vertex 7.600299999117851 -4.8 8.416299998760223
      vertex 7.657403126358986 -4.8 8.489249996840954
      vertex 7.657403126358986 -5 8.489249996840954
    endloop
  endfacet
  facet normal 0.7401815842515642 0 -0.6724070362026594
    outer loop
      vertex 7.657403126358986 -4.8 8.489249996840954
      vertex 7.716837503015995 -4.8 8.554674997925758
      vertex 7.716837503015995 -5 8.554674997925758
    endloop
  endfacet
  facet normal 0.6839080396179775 0 -0.7295682239145939
    outer loop
      vertex 7.716837503015995 -4.8 8.554674997925758
      vertex 7.778603121638298 -4.8 8.612575002014637
      vertex 7.778603121638298 -5 8.612575002014637
    endloop
  endfacet
  facet normal 0 -1 0
    outer loop
      vertex 6.194071874022484 -4.8 8.073653124272823
      vertex 6.354249998927116 -4.8 8.849449999630451
      vertex 6.264316409826279 -4.8 8.846482813358307
    endloop
  endfacet
  facet normal 0 -1 0
    outer loop
      vertex 6.194071874022484 -4.8 8.073653124272823
      vertex 6.554143749177456 -4.8 8.836946874856949
      vertex 6.354249998927116 -4.8 8.849449999630451
    endloop
  endfacet
  facet normal 0 -1 0
    outer loop
      vertex 6.289642967283726 -4.8 7.9981570318341255
      vertex 6.733374997973442 -4.8 8.799437500536442
      vertex 6.554143749177456 -4.8 8.836946874856949
    endloop
  endfacet
  facet normal 0 -1 0
    outer loop
      vertex 6.289642967283726 -4.8 7.9981570318341255
      vertex 6.8919437527656555 -4.8 8.73692187666893
      vertex 6.733374997973442 -4.8 8.799437500536442
    endloop
  endfacet
  facet normal 0 -1 0
    outer loop
      vertex 6.289642967283726 -4.8 7.9981570318341255
      vertex 7.029849998652935 -4.8 8.649400003254414
      vertex 6.8919437527656555 -4.8 8.73692187666893
    endloop
  endfacet
  facet normal 0.5435532930769104 0 -0.8393746586508593
    outer loop
      vertex 7.842699997127056 -4.8 8.66295000165701
      vertex 7.910199999809265 -5 8.706660933792591
      vertex 7.842699997127056 -5 8.66295000165701
    endloop
  endfacet
  facet normal 0.4658850742815936 0 -0.8848452393281178
    outer loop
      vertex 7.910199999809265 -4.8 8.706660933792591
      vertex 7.982150003314018 -5 8.744543753564358
      vertex 7.910199999809265 -5 8.706660933792591
    endloop
  endfacet
  facet normal 0.3868906643210747 0 -0.9221255954918492
    outer loop
      vertex 7.982150003314018 -4.8 8.744543753564358
      vertex 8.058550000190735 -5 8.776598438620567
      vertex 7.982150003314018 -5 8.744543753564358
    endloop
  endfacet
  facet normal 0.617921423731036 0 -0.7862398578641314
    outer loop
      vertex 7.778603121638298 -4.8 8.612575002014637
      vertex 7.842699997127056 -4.8 8.66295000165701
      vertex 7.842699997127056 -5 8.66295000165701
    endloop
  endfacet
  facet normal 0.5435532930769104 0 -0.8393746586508593
    outer loop
      vertex 7.842699997127056 -4.8 8.66295000165701
      vertex 7.910199999809265 -4.8 8.706660933792591
      vertex 7.910199999809265 -5 8.706660933792591
    endloop
  endfacet
  facet normal 0.4658850742815936 0 -0.8848452393281178
    outer loop
      vertex 7.910199999809265 -4.8 8.706660933792591
      vertex 7.982150003314018 -4.8 8.744543753564358
      vertex 7.982150003314018 -5 8.744543753564358
    endloop
  endfacet
  facet normal 0.3085572526470562 0 -0.9512057726059597
    outer loop
      vertex 8.058550000190735 -4.8 8.776598438620567
      vertex 8.139399997889996 -5 8.8028249964118
      vertex 8.058550000190735 -5 8.776598438620567
    endloop
  endfacet
  facet normal 0.3868906643210747 0 -0.9221255954918492
    outer loop
      vertex 7.982150003314018 -4.8 8.744543753564358
      vertex 8.058550000190735 -4.8 8.776598438620567
      vertex 8.058550000190735 -5 8.776598438620567
    endloop
  endfacet
  facet normal 0.23257981633156613 0 -0.9725773126261864
    outer loop
      vertex 8.139399997889996 -4.8 8.8028249964118
      vertex 8.2246999964118 -5 8.823223434388638
      vertex 8.139399997889996 -5 8.8028249964118
    endloop
  endfacet
  facet normal 0.3085572526470562 0 -0.9512057726059597
    outer loop
      vertex 8.058550000190735 -4.8 8.776598438620567
      vertex 8.139399997889996 -4.8 8.8028249964118
      vertex 8.139399997889996 -5 8.8028249964118
    endloop
  endfacet
  facet normal 0.23257981633156613 0 -0.9725773126261864
    outer loop
      vertex 8.139399997889996 -4.8 8.8028249964118
      vertex 8.2246999964118 -4.8 8.823223434388638
      vertex 8.2246999964118 -5 8.823223434388638
    endloop
  endfacet
  facet normal 0.16024543487063647 0 -0.9870772009337064
    outer loop
      vertex 8.2246999964118 -4.8 8.823223434388638
      vertex 8.31445000320673 -5 8.837793752551079
      vertex 8.2246999964118 -5 8.823223434388638
    endloop
  endfacet
  facet normal 0.09240741071627631 0 -0.9957212815063828
    outer loop
      vertex 8.31445000320673 -4.8 8.837793752551079
      vertex 8.408650003373623 -5 8.846535935997963
      vertex 8.31445000320673 -5 8.837793752551079
    endloop
  endfacet
  facet normal 0.16024543487063647 0 -0.9870772009337064
    outer loop
      vertex 8.2246999964118 -4.8 8.823223434388638
      vertex 8.31445000320673 -4.8 8.837793752551079
      vertex 8.31445000320673 -5 8.837793752551079
    endloop
  endfacet
  facet normal 0.09240741071627631 0 -0.9957212815063828
    outer loop
      vertex 8.31445000320673 -4.8 8.837793752551079
      vertex 8.408650003373623 -4.8 8.846535935997963
      vertex 8.408650003373623 -5 8.846535935997963
    endloop
  endfacet
  facet normal 0.02952654112229591 0 -0.9995639966352096
    outer loop
      vertex 8.408650003373623 -4.8 8.846535935997963
      vertex 8.50729999691248 -5 8.849449999630451
      vertex 8.408650003373623 -5 8.846535935997963
    endloop
  endfacet
  facet normal -0.04378045967997443 0 -0.9990411760033768
    outer loop
      vertex 8.50729999691248 -4.8 8.849449999630451
      vertex 8.637263283133507 -5 8.843754686415195
      vertex 8.50729999691248 -5 8.849449999630451
    endloop
  endfacet
  facet normal 0.02952654112229591 0 -0.9995639966352096
    outer loop
      vertex 8.408650003373623 -4.8 8.846535935997963
      vertex 8.50729999691248 -4.8 8.849449999630451
      vertex 8.50729999691248 -5 8.849449999630451
    endloop
  endfacet
  facet normal -0.3516875552822156 0 -0.9361174410615467
    outer loop
      vertex 8.873344533145428 -4.8 8.79819218814373
      vertex 8.979462496936321 -5 8.75832500308752
      vertex 8.873344533145428 -5 8.79819218814373
    endloop
  endfacet
  facet normal -0.3516875552822156 0 -0.9361174410615467
    outer loop
      vertex 8.979462496936321 -4.8 8.75832500308752
      vertex 8.979462496936321 -5 8.75832500308752
      vertex 8.873344533145428 -4.8 8.79819218814373
    endloop
  endfacet
  facet normal -0.138678585045893 0 -0.9903374425162714
    outer loop
      vertex 8.637263283133507 -4.8 8.843754686415195
      vertex 8.759278126060963 -5 8.826668746769428
      vertex 8.637263283133507 -5 8.843754686415195
    endloop
  endfacet
  facet normal -0.04378045967997443 0 -0.9990411760033768
    outer loop
      vertex 8.50729999691248 -4.8 8.849449999630451
      vertex 8.637263283133507 -4.8 8.843754686415195
      vertex 8.637263283133507 -5 8.843754686415195
    endloop
  endfacet
  facet normal -0.138678585045893 0 -0.9903374425162714
    outer loop
      vertex 8.637263283133507 -4.8 8.843754686415195
      vertex 8.759278126060963 -4.8 8.826668746769428
      vertex 8.759278126060963 -5 8.826668746769428
    endloop
  endfacet
  facet normal -0.2422150491865261 0 -0.970222587836198
    outer loop
      vertex 8.759278126060963 -4.8 8.826668746769428
      vertex 8.873344533145428 -5 8.79819218814373
      vertex 8.759278126060963 -5 8.826668746769428
    endloop
  endfacet
  facet normal -0.2422150491865261 0 -0.970222587836198
    outer loop
      vertex 8.759278126060963 -4.8 8.826668746769428
      vertex 8.873344533145428 -4.8 8.79819218814373
      vertex 8.873344533145428 -5 8.79819218814373
    endloop
  endfacet
  facet normal -0.46284230148721356 0 -0.8864406375804412
    outer loop
      vertex 8.979462496936321 -4.8 8.75832500308752
      vertex 9.077632032334805 -5 8.707067184150219
      vertex 8.979462496936321 -5 8.75832500308752
    endloop
  endfacet
  facet normal -0.5703644490361786 0 -0.8213917428825642
    outer loop
      vertex 9.077632032334805 -4.8 8.707067184150219
      vertex 9.167853124439716 -5 8.644418753683567
      vertex 9.077632032334805 -5 8.707067184150219
    endloop
  endfacet
  facet normal -0.46284230148721356 0 -0.8864406375804412
    outer loop
      vertex 8.979462496936321 -4.8 8.75832500308752
      vertex 9.077632032334805 -4.8 8.707067184150219
      vertex 9.077632032334805 -5 8.707067184150219
    endloop
  endfacet
  facet normal -0.5703644490361786 0 -0.8213917428825642
    outer loop
      vertex 9.077632032334805 -4.8 8.707067184150219
      vertex 9.167853124439716 -4.8 8.644418753683567
      vertex 9.167853124439716 -5 8.644418753683567
    endloop
  endfacet
  facet normal -0.7544413755091282 0 -0.6563674359075828
    outer loop
      vertex 9.250125780701637 -4.8 8.570379689335823
      vertex 9.324450001120567 -5 8.484949998557568
      vertex 9.250125780701637 -5 8.570379689335823
    endloop
  endfacet
  facet normal -0.82441460086794 0 -0.5659863654504013
    outer loop
      vertex 9.324450001120567 -4.8 8.484949998557568
      vertex 9.390403121709824 -5 8.38888281583786
      vertex 9.324450001120567 -5 8.484949998557568
    endloop
  endfacet
  facet normal -0.6689331524689501 0 -0.7433225662711663
    outer loop
      vertex 9.167853124439716 -4.8 8.644418753683567
      vertex 9.250125780701637 -5 8.570379689335823
      vertex 9.167853124439716 -5 8.644418753683567
    endloop
  endfacet
  facet normal -0.6689331524689501 0 -0.7433225662711663
    outer loop
      vertex 9.167853124439716 -4.8 8.644418753683567
      vertex 9.250125780701637 -4.8 8.570379689335823
      vertex 9.250125780701637 -5 8.570379689335823
    endloop
  endfacet
  facet normal -0.7544413755091282 0 -0.6563674359075828
    outer loop
      vertex 9.250125780701637 -4.8 8.570379689335823
      vertex 9.324450001120567 -4.8 8.484949998557568
      vertex 9.324450001120567 -5 8.484949998557568
    endloop
  endfacet
  facet normal 0 -1 0
    outer loop
      vertex 7.778603121638298 -4.8 8.612575002014637
      vertex 8.035862497985363 -4.8 8.129838280379772
      vertex 7.842699997127056 -4.8 8.66295000165701
    endloop
  endfacet
  facet normal 0 -1 0
    outer loop
      vertex 7.842699997127056 -4.8 8.66295000165701
      vertex 8.103799998760223 -4.8 8.134049996733665
      vertex 7.910199999809265 -4.8 8.706660933792591
    endloop
  endfacet
  facet normal 0 -1 0
    outer loop
      vertex 7.910199999809265 -4.8 8.706660933792591
      vertex 8.103799998760223 -4.8 8.134049996733665
      vertex 7.982150003314018 -4.8 8.744543753564358
    endloop
  endfacet
  facet normal 0 -1 0
    outer loop
      vertex 8.103799998760223 -4.8 8.134049996733665
      vertex 8.058550000190735 -4.8 8.776598438620567
      vertex 7.982150003314018 -4.8 8.744543753564358
    endloop
  endfacet
  facet normal 0 -1 0
    outer loop
      vertex 8.234135940670967 -4.8 8.11895078420639
      vertex 8.139399997889996 -4.8 8.8028249964118
      vertex 8.058550000190735 -4.8 8.776598438620567
    endloop
  endfacet
  facet normal 0 -1 0
    outer loop
      vertex 8.234135940670967 -4.8 8.11895078420639
      vertex 8.2246999964118 -4.8 8.823223434388638
      vertex 8.139399997889996 -4.8 8.8028249964118
    endloop
  endfacet
  facet normal 0 -1 0
    outer loop
      vertex 8.234135940670967 -4.8 8.11895078420639
      vertex 8.31445000320673 -4.8 8.837793752551079
      vertex 8.2246999964118 -4.8 8.823223434388638
    endloop
  endfacet
  facet normal 0 -1 0
    outer loop
      vertex 8.234135940670967 -4.8 8.11895078420639
      vertex 8.408650003373623 -4.8 8.846535935997963
      vertex 8.31445000320673 -4.8 8.837793752551079
    endloop
  endfacet
  facet normal 0 -1 0
    outer loop
      vertex 8.347093753516674 -4.8 8.073653124272823
      vertex 8.50729999691248 -4.8 8.849449999630451
      vertex 8.408650003373623 -4.8 8.846535935997963
    endloop
  endfacet
  facet normal 0 -1 0
    outer loop
      vertex 8.347093753516674 -4.8 8.073653124272823
      vertex 8.637263283133507 -4.8 8.843754686415195
      vertex 8.50729999691248 -4.8 8.849449999630451
    endloop
  endfacet
  facet normal 0 -1 0
    outer loop
      vertex 8.347093753516674 -4.8 8.073653124272823
      vertex 8.759278126060963 -4.8 8.826668746769428
      vertex 8.637263283133507 -4.8 8.843754686415195
    endloop
  endfacet
  facet normal 0 -1 0
    outer loop
      vertex 8.442673437297344 -4.8 7.9981570318341255
      vertex 8.979462496936321 -4.8 8.75832500308752
      vertex 8.873344533145428 -4.8 8.79819218814373
    endloop
  endfacet
  facet normal 0 -1 0
    outer loop
      vertex 8.442673437297344 -4.8 7.9981570318341255
      vertex 8.873344533145428 -4.8 8.79819218814373
      vertex 8.759278126060963 -4.8 8.826668746769428
    endloop
  endfacet
  facet normal 0 -1 0
    outer loop
      vertex 8.442673437297344 -4.8 7.9981570318341255
      vertex 9.077632032334805 -4.8 8.707067184150219
      vertex 8.979462496936321 -4.8 8.75832500308752
    endloop
  endfacet
  facet normal 0 -1 0
    outer loop
      vertex 8.442673437297344 -4.8 7.9981570318341255
      vertex 9.167853124439716 -4.8 8.644418753683567
      vertex 9.077632032334805 -4.8 8.707067184150219
    endloop
  endfacet
  facet normal -1 0 0
    outer loop
      vertex 9.605850003659725 -4.8 5.1096000000834465
      vertex 9.605850003659725 -5 5.1096000000834465
      vertex 9.605850003659725 -4.8 7.438950002193451
    endloop
  endfacet
  facet normal -1 0 0
    outer loop
      vertex 9.605850003659725 -4.8 7.438950002193451
      vertex 9.605850003659725 -5 5.1096000000834465
      vertex 9.605850003659725 -5 7.438950002193451
    endloop
  endfacet
  facet normal -0.9996469911755562 0 -0.026568647569221334
    outer loop
      vertex 9.601453125476837 -4.8 7.604382812976837
      vertex 9.605850003659725 -5 7.438950002193451
      vertex 9.601453125476837 -5 7.604382812976837
    endloop
  endfacet
  facet normal -0.9964225478214302 0 -0.08451098267710357
    outer loop
      vertex 9.588262498378754 -4.8 7.759906247258186
      vertex 9.601453125476837 -5 7.604382812976837
      vertex 9.588262498378754 -5 7.759906247258186
    endloop
  endfacet
  facet normal -0.9996469911755562 0 -0.026568647569221334
    outer loop
      vertex 9.605850003659725 -4.8 7.438950002193451
      vertex 9.605850003659725 -5 7.438950002193451
      vertex 9.601453125476837 -4.8 7.604382812976837
    endloop
  endfacet
  facet normal -0.9964225478214302 0 -0.08451098267710357
    outer loop
      vertex 9.601453125476837 -4.8 7.604382812976837
      vertex 9.601453125476837 -5 7.604382812976837
      vertex 9.588262498378754 -4.8 7.759906247258186
    endloop
  endfacet
  facet normal -0.9752319206586031 0 -0.22118476649293026
    outer loop
      vertex 9.535499997437 -4.8 8.041225001215935
      vertex 9.566278122365475 -5 7.905520312488079
      vertex 9.535499997437 -5 8.041225001215935
    endloop
  endfacet
  facet normal -0.9752319206586031 0 -0.22118476649293026
    outer loop
      vertex 9.566278122365475 -4.8 7.905520312488079
      vertex 9.566278122365475 -5 7.905520312488079
      vertex 9.535499997437 -4.8 8.041225001215935
    endloop
  endfacet
  facet normal -0.9539151568276202 0 -0.3000764462175213
    outer loop
      vertex 9.49592812359333 -4.8 8.167020313441753
      vertex 9.535499997437 -4.8 8.041225001215935
      vertex 9.535499997437 -5 8.041225001215935
    endloop
  endfacet
  facet normal -0.9887941811595238 0 -0.14928518782875588
    outer loop
      vertex 9.566278122365475 -4.8 7.905520312488079
      vertex 9.588262498378754 -5 7.759906247258186
      vertex 9.566278122365475 -5 7.905520312488079
    endloop
  endfacet
  facet normal -0.9887941811595238 0 -0.14928518782875588
    outer loop
      vertex 9.588262498378754 -4.8 7.759906247258186
      vertex 9.588262498378754 -5 7.759906247258186
      vertex 9.566278122365475 -4.8 7.905520312488079
    endloop
  endfacet
  facet normal -0.922851103182722 0 -0.38515690485103987
    outer loop
      vertex 9.447562500834465 -4.8 8.282906249165535
      vertex 9.49592812359333 -5 8.167020313441753
      vertex 9.447562500834465 -5 8.282906249165535
    endloop
  endfacet
  facet normal -0.9539151568276202 0 -0.3000764462175213
    outer loop
      vertex 9.49592812359333 -4.8 8.167020313441753
      vertex 9.535499997437 -5 8.041225001215935
      vertex 9.49592812359333 -5 8.167020313441753
    endloop
  endfacet
  facet normal -0.8801412856432782 0 -0.47471182553860786
    outer loop
      vertex 9.447562500834465 -4.8 8.282906249165535
      vertex 9.447562500834465 -5 8.282906249165535
      vertex 9.390403121709824 -5 8.38888281583786
    endloop
  endfacet
  facet normal -0.922851103182722 0 -0.38515690485103987
    outer loop
      vertex 9.49592812359333 -4.8 8.167020313441753
      vertex 9.49592812359333 -5 8.167020313441753
      vertex 9.447562500834465 -4.8 8.282906249165535
    endloop
  endfacet
  facet normal -0.8801412856432782 0 -0.47471182553860786
    outer loop
      vertex 9.390403121709824 -4.8 8.38888281583786
      vertex 9.447562500834465 -4.8 8.282906249165535
      vertex 9.390403121709824 -5 8.38888281583786
    endloop
  endfacet
endsolid OpenSCAD_Model
