solid OpenSCAD_Model
  facet normal -0.23607753924324176 -0.6666624050699265 -0.7069855961271325
    outer loop
      vertex 6.416320504546997 -9.335804264972017 1
      vertex 6.774688454092297 -8.402223838474816 0
      vertex 7.218847050625474 -8.559508646656381 0
    endloop
  endfacet
  facet normal -0.20086358871993257 -0.6781041111771202 -0.706985596127133
    outer loop
      vertex 6.9098300562505255 -9.510565162951535 1
      vertex 7.218847050625474 -8.559508646656381 0
      vertex 7.670628594077313 -8.693332436601615 0
    endloop
  endfacet
  facet normal -0.16509908506179194 -0.6876871810500194 -0.7069855961271326
    outer loop
      vertex 7.411809548974793 -9.659258262890683 1
      vertex 7.670628594077313 -8.693332436601615 0
      vertex 8.128794782640165 -8.803328406604251 0
    endloop
  endfacet
  facet normal -0.16509908506179244 -0.6876871810500191 -0.7069855961271327
    outer loop
      vertex 7.9208830918224065 -9.781476007338057 1
      vertex 7.411809548974793 -9.659258262890683 1
      vertex 8.128794782640165 -8.803328406604251 0
    endloop
  endfacet
  facet normal -0.30446947850234596 -0.6383335362718088 -0.7069855961271325
    outer loop
      vertex 5.932633569241998 -9.135454576426008 1
      vertex 5.4600950026045325 -8.910065241883679 1
      vertex 6.339370212317798 -8.221909118783408 0
    endloop
  endfacet
  facet normal -0.23607753924324298 -0.6666624050699258 -0.706985596127133
    outer loop
      vertex 6.9098300562505255 -9.510565162951535 1
      vertex 6.416320504546997 -9.335804264972017 1
      vertex 7.218847050625474 -8.559508646656381 0
    endloop
  endfacet
  facet normal -0.20086358871993132 -0.678104111177121 -0.7069855961271325
    outer loop
      vertex 6.9098300562505255 -9.510565162951535 1
      vertex 7.670628594077313 -8.693332436601615 0
      vertex 7.411809548974793 -9.659258262890683 1
    endloop
  endfacet
  facet normal -0.2706444176410411 -0.6533934236495688 -0.7069855961271325
    outer loop
      vertex 5.932633569241998 -9.135454576426008 1
      vertex 6.339370212317798 -8.221909118783408 0
      vertex 6.416320504546997 -9.335804264972017 1
    endloop
  endfacet
  facet normal 0 0 -1
    outer loop
      vertex 7.218847050625474 -8.559508646656381 0
      vertex 5.914085502344079 -8.01905871769531 0
      vertex 8.128794782640165 -8.803328406604251 0
    endloop
  endfacet
  facet normal 0 0 -1
    outer loop
      vertex 7.670628594077313 -8.693332436601615 0
      vertex 7.218847050625474 -8.559508646656381 0
      vertex 8.128794782640165 -8.803328406604251 0
    endloop
  endfacet
  facet normal 0 0 -1
    outer loop
      vertex 5.914085502344079 -8.01905871769531 0
      vertex 10 -9 0
      vertex 8.128794782640165 -8.803328406604251 0
    endloop
  endfacet
  facet normal 0 0 -1
    outer loop
      vertex 7.218847050625474 -8.559508646656381 0
      vertex 6.774688454092297 -8.402223838474816 0
      vertex 5.914085502344079 -8.01905871769531 0
    endloop
  endfacet
  facet normal 0 0 -1
    outer loop
      vertex 6.774688454092297 -8.402223838474816 0
      vertex 6.339370212317798 -8.221909118783408 0
      vertex 5.914085502344079 -8.01905871769531 0
    endloop
  endfacet
  facet normal -0.30446947850234696 -0.6383335362718079 -0.706985596127133
    outer loop
      vertex 5.4600950026045325 -8.910065241883679 1
      vertex 5.914085502344079 -8.01905871769531 0
      vertex 6.339370212317798 -8.221909118783408 0
    endloop
  endfacet
  facet normal -0.33746000968649087 -0.6215240210411469 -0.7069855961271327
    outer loop
      vertex 5.4600950026045325 -8.910065241883679 1
      vertex 5.5 -7.794228634059947 0
      vertex 5.914085502344079 -8.01905871769531 0
    endloop
  endfacet
  facet normal -0.2706444176410409 -0.6533934236495688 -0.7069855961271326
    outer loop
      vertex 6.416320504546997 -9.335804264972017 1
      vertex 6.339370212317798 -8.221909118783408 0
      vertex 6.774688454092297 -8.402223838474816 0
    endloop
  endfacet
  facet normal 0 0 -1
    outer loop
      vertex 5.914085502344079 -8.01905871769531 0
      vertex 5.5 -7.794228634059947 0
      vertex 5.098248684864756 -7.548035111508817 0
    endloop
  endfacet
  facet normal -0.3695255864406405 -0.6030109516704183 -0.7069855961271327
    outer loop
      vertex 5.5 -7.794228634059947 0
      vertex 4.553609649849729 -8.386705679454241 1
      vertex 5.098248684864756 -7.548035111508817 0
    endloop
  endfacet
  facet normal -0.4005783192477688 -0.5828450711959356 -0.7069855961271329
    outer loop
      vertex 5.098248684864756 -7.548035111508817 0
      vertex 4.122147477075268 -8.090169943749475 1
      vertex 4.7099327293677415 -7.281152949374527 0
    endloop
  endfacet
  facet normal -0.33746000968649154 -0.6215240210411467 -0.7069855961271326
    outer loop
      vertex 5.4600950026045325 -8.910065241883679 1
      vertex 5 -8.660254037844386 1
      vertex 5.5 -7.794228634059947 0
    endloop
  endfacet
  facet normal -0.3695255864406402 -0.6030109516704184 -0.7069855961271326
    outer loop
      vertex 5.5 -7.794228634059947 0
      vertex 5 -8.660254037844386 1
      vertex 4.553609649849729 -8.386705679454241 1
    endloop
  endfacet
  facet normal -0.4005783192477687 -0.5828450711959358 -0.7069855961271327
    outer loop
      vertex 5.098248684864756 -7.548035111508817 0
      vertex 4.553609649849729 -8.386705679454241 1
      vertex 4.122147477075268 -8.090169943749475 1
    endloop
  endfacet
  facet normal -0.430533094725695 -0.5610816528943701 -0.7069855961271329
    outer loop
      vertex 3.7067960895016263 -7.771459614569709 1
      vertex 4.7099327293677415 -7.281152949374527 0
      vertex 4.122147477075268 -8.090169943749475 1
    endloop
  endfacet
  facet normal 0 0 -1
    outer loop
      vertex 9.059243830591118 -8.950697058314459 0
      vertex 8.128794782640165 -8.803328406604251 0
      vertex 10 -9 0
    endloop
  endfacet
  facet normal 0 0 -1
    outer loop
      vertex 9.059243830591118 -8.950697058314459 0
      vertex 8.592089814637923 -8.88919506535624 0
      vertex 8.128794782640165 -8.803328406604251 0
    endloop
  endfacet
  facet normal 0 0 -1
    outer loop
      vertex 9.059243830591118 -8.950697058314459 0
      vertex 10 -9 0
      vertex 9.528976393813505 -8.987665812791164 0
    endloop
  endfacet
  facet normal -0.09231177075519517 -0.7011775123667348 -0.7069855961271331
    outer loop
      vertex 9.059243830591118 -8.950697058314459 0
      vertex 8.954715367323466 -9.945218953682733 1
      vertex 8.592089814637923 -8.88919506535624 0
    endloop
  endfacet
  facet normal -0.12888205628739577 -0.6953853481602089 -0.706985596127133
    outer loop
      vertex 8.592089814637923 -8.88919506535624 0
      vertex 8.435655349597692 -9.876883405951379 1
      vertex 8.128794782640165 -8.803328406604251 0
    endloop
  endfacet
  facet normal -0.05548846507587265 -0.7050477977501142 -0.7069855961271331
    outer loop
      vertex 9.059243830591118 -8.950697058314459 0
      vertex 9.528976393813505 -8.987665812791164 0
      vertex 8.954715367323466 -9.945218953682733 1
    endloop
  endfacet
  facet normal -0.018513069370731303 -0.7069855961271326 -0.706985596127133
    outer loop
      vertex 9.528976393813505 -8.987665812791164 0
      vertex 10 -9 0
      vertex 9.47664043757056 -9.986295347545738 1
    endloop
  endfacet
  facet normal -0.09231177075519592 -0.701177512366735 -0.706985596127133
    outer loop
      vertex 8.592089814637923 -8.88919506535624 0
      vertex 8.954715367323466 -9.945218953682733 1
      vertex 8.435655349597692 -9.876883405951379 1
    endloop
  endfacet
  facet normal -0.12888205628739657 -0.695385348160209 -0.7069855961271327
    outer loop
      vertex 7.9208830918224065 -9.781476007338057 1
      vertex 8.128794782640165 -8.803328406604251 0
      vertex 8.435655349597692 -9.876883405951379 1
    endloop
  endfacet
  facet normal -0.05548846507587175 -0.7050477977501145 -0.7069855961271329
    outer loop
      vertex 9.528976393813505 -8.987665812791164 0
      vertex 9.47664043757056 -9.986295347545738 1
      vertex 8.954715367323466 -9.945218953682733 1
    endloop
  endfacet
  facet normal -0.01851306937073078 -0.7069855961271326 -0.7069855961271326
    outer loop
      vertex 10 -9 0
      vertex 10 -10 1
      vertex 9.47664043757056 -9.986295347545738 1
    endloop
  endfacet
  facet normal -0.4593078089169652 -0.5377803487825299 -0.7069855961271327
    outer loop
      vertex 3.977824542770276 -6.688303429296548 0
      vertex 4.336116480551463 -6.994313653112738 0
      vertex 3.3086939364114176 -7.431448254773942 1
    endloop
  endfacet
  facet normal -0.48682359233008815 -0.5130050261153306 -0.7069855961271327
    outer loop
      vertex 3.977824542770276 -6.688303429296548 0
      vertex 3.3086939364114176 -7.431448254773942 1
      vertex 3.6360389693210715 -6.3639610306789285 0
    endloop
  endfacet
  facet normal -0.5130050261153305 -0.48682359233008804 -0.7069855961271327
    outer loop
      vertex 3.6360389693210715 -6.3639610306789285 0
      vertex 2.568551745226058 -6.691306063588582 1
      vertex 3.311696570703452 -6.022175457229724 0
    endloop
  endfacet
  facet normal 0 0 -1
    outer loop
      vertex 5.914085502344079 -8.01905871769531 0
      vertex 5.098248684864756 -7.548035111508817 0
      vertex 3.6360389693210715 -6.3639610306789285 0
    endloop
  endfacet
  facet normal 0 0 -1
    outer loop
      vertex 5.098248684864756 -7.548035111508817 0
      vertex 4.7099327293677415 -7.281152949374527 0
      vertex 3.6360389693210715 -6.3639610306789285 0
    endloop
  endfacet
  facet normal 0 0 -1
    outer loop
      vertex 3.977824542770276 -6.688303429296548 0
      vertex 4.7099327293677415 -7.281152949374527 0
      vertex 4.336116480551463 -6.994313653112738 0
    endloop
  endfacet
  facet normal -0.43053309472569457 -0.5610816528943706 -0.7069855961271326
    outer loop
      vertex 3.7067960895016263 -7.771459614569709 1
      vertex 4.336116480551463 -6.994313653112738 0
      vertex 4.7099327293677415 -7.281152949374527 0
    endloop
  endfacet
  facet normal 0 0 -1
    outer loop
      vertex 3.977824542770276 -6.688303429296548 0
      vertex 3.6360389693210715 -6.3639610306789285 0
      vertex 4.7099327293677415 -7.281152949374527 0
    endloop
  endfacet
  facet normal -0.45930780891696504 -0.5377803487825301 -0.7069855961271326
    outer loop
      vertex 3.7067960895016263 -7.771459614569709 1
      vertex 3.3086939364114176 -7.431448254773942 1
      vertex 4.336116480551463 -6.994313653112738 0
    endloop
  endfacet
  facet normal -0.48682359233008893 -0.51300502611533 -0.7069855961271324
    outer loop
      vertex 3.6360389693210715 -6.3639610306789285 0
      vertex 3.3086939364114176 -7.431448254773942 1
      vertex 2.9289321881345245 -7.0710678118654755 1
    endloop
  endfacet
  facet normal -0.51300502611533 -0.48682359233008893 -0.7069855961271324
    outer loop
      vertex 3.6360389693210715 -6.3639610306789285 0
      vertex 2.9289321881345245 -7.0710678118654755 1
      vertex 2.568551745226058 -6.691306063588582 1
    endloop
  endfacet
  facet normal 0 0 -1
    outer loop
      vertex 3.6360389693210715 -6.3639610306789285 0
      vertex 3.311696570703452 -6.022175457229724 0
      vertex 3.005686346887262 -5.663883519448537 0
    endloop
  endfacet
  facet normal 0 0 -1
    outer loop
      vertex 5.914085502344079 -8.01905871769531 0
      vertex 3.6360389693210715 -6.3639610306789285 0
      vertex 1.7780908812165919 -3.660629787682202 0
    endloop
  endfacet
  facet normal 0 0 -1
    outer loop
      vertex 3.6360389693210715 -6.3639610306789285 0
      vertex 3.005686346887262 -5.663883519448537 0
      vertex 2.451964888491183 -4.901751315135244 0
    endloop
  endfacet
  facet normal -0.5377803487825299 -0.4593078089169652 -0.7069855961271327
    outer loop
      vertex 2.568551745226058 -6.691306063588582 1
      vertex 3.005686346887262 -5.663883519448537 0
      vertex 3.311696570703452 -6.022175457229724 0
    endloop
  endfacet
  facet normal 0 0 -1
    outer loop
      vertex 3.005686346887262 -5.663883519448537 0
      vertex 2.718847050625473 -5.2900672706322585 0
      vertex 2.451964888491183 -4.901751315135244 0
    endloop
  endfacet
  facet normal -0.5610816528943704 -0.43053309472569445 -0.7069855961271327
    outer loop
      vertex 3.005686346887262 -5.663883519448537 0
      vertex 1.9098300562505255 -5.877852522924732 1
      vertex 2.718847050625473 -5.2900672706322585 0
    endloop
  endfacet
  facet normal -0.5828450711959356 -0.4005783192477688 -0.7069855961271329
    outer loop
      vertex 2.718847050625473 -5.2900672706322585 0
      vertex 1.9098300562505255 -5.877852522924732 1
      vertex 2.451964888491183 -4.901751315135244 0
    endloop
  endfacet
  facet normal -0.5377803487825301 -0.45930780891696504 -0.7069855961271327
    outer loop
      vertex 2.568551745226058 -6.691306063588582 1
      vertex 2.228540385430291 -6.293203910498374 1
      vertex 3.005686346887262 -5.663883519448537 0
    endloop
  endfacet
  facet normal -0.5610816528943703 -0.4305330947256951 -0.7069855961271327
    outer loop
      vertex 2.228540385430291 -6.293203910498374 1
      vertex 1.9098300562505255 -5.877852522924732 1
      vertex 3.005686346887262 -5.663883519448537 0
    endloop
  endfacet
  facet normal -0.5828450711959358 -0.4005783192477687 -0.7069855961271327
    outer loop
      vertex 1.9098300562505255 -5.877852522924732 1
      vertex 1.6132943205457586 -5.446390350150271 1
      vertex 2.451964888491183 -4.901751315135244 0
    endloop
  endfacet
  facet normal 0 0 -1
    outer loop
      vertex 5.914085502344079 -8.01905871769531 0
      vertex 9.665508917543509 -3.1824700651784745 0
      vertex 10 -9 0
    endloop
  endfacet
  facet normal 0 0 -1
    outer loop
      vertex 10 -9 0
      vertex 9.665508917543509 -3.1824700651784745 0
      vertex 9.83252494002258 -3.1956145112146364 0
    endloop
  endfacet
  facet normal 0 0 -1
    outer loop
      vertex 10 -9 0
      vertex 9.83252494002258 -3.1956145112146364 0
      vertex 10 -3.2 0
    endloop
  endfacet
  facet normal 0 0 -1
    outer loop
      vertex 10 -9 0
      vertex 10 -3.2 0
      vertex 10.16747505997742 -3.1956145112146364 0
    endloop
  endfacet
  facet normal -0.18223552549214875 -0.9832549075639543 0
    outer loop
      vertex 7.9208830918224065 -9.781476007338057 1
      vertex 8.435655349597692 -9.876883405951379 1
      vertex 7.9208830918224065 -9.781476007338057 9
    endloop
  endfacet
  facet normal -0.23344536385590645 -0.9723699203976764 0
    outer loop
      vertex 7.9208830918224065 -9.781476007338057 1
      vertex 7.9208830918224065 -9.781476007338057 9
      vertex 7.411809548974793 -9.659258262890683 1
    endloop
  endfacet
  facet normal -0.2840153447039243 -0.9588197348681925 0
    outer loop
      vertex 6.9098300562505255 -9.510565162951535 1
      vertex 7.411809548974793 -9.659258262890683 1
      vertex 6.9098300562505255 -9.510565162951535 9
    endloop
  endfacet
  facet normal -0.3338068592337695 -0.942641491092179 0
    outer loop
      vertex 6.9098300562505255 -9.510565162951535 1
      vertex 6.416320504546997 -9.335804264972017 9
      vertex 6.416320504546997 -9.335804264972017 1
    endloop
  endfacet
  facet normal -0.4305110968082947 -0.9025852843498609 0
    outer loop
      vertex 5.932633569241998 -9.135454576426008 1
      vertex 5.932633569241998 -9.135454576426008 9
      vertex 5.4600950026045325 -8.910065241883679 1
    endloop
  endfacet
  facet normal -0.38268343236509017 -0.9238795325112866 0
    outer loop
      vertex 5.932633569241998 -9.135454576426008 1
      vertex 6.416320504546997 -9.335804264972017 1
      vertex 5.932633569241998 -9.135454576426008 9
    endloop
  endfacet
  facet normal -0.608761429008722 -0.7933533402912342 0
    outer loop
      vertex 3.7067960895016263 -7.771459614569709 1
      vertex 4.122147477075268 -8.090169943749475 1
      vertex 3.7067960895016263 -7.771459614569709 9
    endloop
  endfacet
  facet normal -0.6494480483301833 -0.7604059656000314 0
    outer loop
      vertex 3.7067960895016263 -7.771459614569709 1
      vertex 3.7067960895016263 -7.771459614569709 9
      vertex 3.3086939364114176 -7.431448254773942 1
    endloop
  endfacet
  facet normal -0.5224985647159461 -0.8526401643540937 0
    outer loop
      vertex 5 -8.660254037844386 1
      vertex 4.553609649849729 -8.386705679454241 9
      vertex 4.553609649849729 -8.386705679454241 1
    endloop
  endfacet
  facet normal -0.4771587602596096 -0.8788171126619646 0
    outer loop
      vertex 5.4600950026045325 -8.910065241883679 1
      vertex 5 -8.660254037844386 9
      vertex 5 -8.660254037844386 1
    endloop
  endfacet
  facet normal -0.5664062369248333 -0.8241261886220154 0
    outer loop
      vertex 4.553609649849729 -8.386705679454241 1
      vertex 4.122147477075268 -8.090169943749475 9
      vertex 4.122147477075268 -8.090169943749475 1
    endloop
  endfacet
  facet normal -0.13052619222004896 -0.9914448613738107 0
    outer loop
      vertex 8.435655349597692 -9.876883405951379 1
      vertex 8.954715367323466 -9.945218953682733 1
      vertex 8.954715367323466 -9.945218953682733 9
    endloop
  endfacet
  facet normal -0.07845909572784404 -0.996917333733128 0
    outer loop
      vertex 8.954715367323466 -9.945218953682733 1
      vertex 9.47664043757056 -9.986295347545738 1
      vertex 9.47664043757056 -9.986295347545738 9
    endloop
  endfacet
  facet normal -0.02617694830787431 -0.9996573249755573 0
    outer loop
      vertex 9.47664043757056 -9.986295347545738 1
      vertex 10 -10 1
      vertex 9.47664043757056 -9.986295347545738 9
    endloop
  endfacet
  facet normal -0.6883545756937534 -0.7253743710122882 0
    outer loop
      vertex 3.3086939364114176 -7.431448254773942 1
      vertex 2.9289321881345245 -7.0710678118654755 9
      vertex 2.9289321881345245 -7.0710678118654755 1
    endloop
  endfacet
  facet normal -0.7253743710122882 -0.6883545756937534 0
    outer loop
      vertex 2.9289321881345245 -7.0710678118654755 1
      vertex 2.9289321881345245 -7.0710678118654755 9
      vertex 2.568551745226058 -6.691306063588582 1
    endloop
  endfacet
  facet normal -0.7604059656000314 -0.6494480483301833 0
    outer loop
      vertex 2.568551745226058 -6.691306063588582 1
      vertex 2.228540385430291 -6.293203910498374 9
      vertex 2.228540385430291 -6.293203910498374 1
    endloop
  endfacet
  facet normal -0.7933533402912342 -0.608761429008722 0
    outer loop
      vertex 2.228540385430291 -6.293203910498374 1
      vertex 2.228540385430291 -6.293203910498374 9
      vertex 1.9098300562505255 -5.877852522924732 1
    endloop
  endfacet
  facet normal -0.8241261886220154 -0.5664062369248333 0
    outer loop
      vertex 1.9098300562505255 -5.877852522924732 1
      vertex 1.6132943205457586 -5.446390350150271 9
      vertex 1.6132943205457586 -5.446390350150271 1
    endloop
  endfacet
  facet normal -0.8526401643540937 -0.5224985647159461 0
    outer loop
      vertex 1.6132943205457586 -5.446390350150271 1
      vertex 1.3397459621556145 -5 9
      vertex 1.3397459621556145 -5 1
    endloop
  endfacet
  facet normal 0 0 -1
    outer loop
      vertex 3.6360389693210715 -6.3639610306789285 0
      vertex 2.451964888491183 -4.901751315135244 0
      vertex 1.7780908812165919 -3.660629787682202 0
    endloop
  endfacet
  facet normal 0 0 -1
    outer loop
      vertex 2.451964888491183 -4.901751315135244 0
      vertex 2.205771365940053 -4.5 0
      vertex 1.9809412823046895 -4.085914497655921 0
    endloop
  endfacet
  facet normal -0.6215240210411469 -0.33746000968649087 -0.7069855961271329
    outer loop
      vertex 2.205771365940053 -4.5 0
      vertex 1.0899347581163212 -4.5399049973954675 1
      vertex 1.9809412823046895 -4.085914497655921 0
    endloop
  endfacet
  facet normal -0.6030109516704182 -0.3695255864406404 -0.7069855961271327
    outer loop
      vertex 1.6132943205457586 -5.446390350150271 1
      vertex 2.205771365940053 -4.5 0
      vertex 2.451964888491183 -4.901751315135244 0
    endloop
  endfacet
  facet normal 0 0 -1
    outer loop
      vertex 2.451964888491183 -4.901751315135244 0
      vertex 1.9809412823046895 -4.085914497655921 0
      vertex 1.7780908812165919 -3.660629787682202 0
    endloop
  endfacet
  facet normal -0.638333536271808 -0.3044694785023466 -0.7069855961271329
    outer loop
      vertex 1.9809412823046895 -4.085914497655921 0
      vertex 1.0899347581163212 -4.5399049973954675 1
      vertex 1.7780908812165919 -3.660629787682202 0
    endloop
  endfacet
  facet normal 0 0 -1
    outer loop
      vertex 5.914085502344079 -8.01905871769531 0
      vertex 1.7780908812165919 -3.660629787682202 0
      vertex 7.411145618000168 -1.880912807335914 0
    endloop
  endfacet
  facet normal 0 0 -1
    outer loop
      vertex 5.914085502344079 -8.01905871769531 0
      vertex 9.011145618000167 -3.0433808521444914 0
      vertex 9.171779055671934 -3.090962644125019 0
    endloop
  endfacet
  facet normal 0 0 -1
    outer loop
      vertex 5.914085502344079 -8.01905871769531 0
      vertex 8.69844274215744 -2.923345464456323 0
      vertex 8.85322256145504 -2.987457364791046 0
    endloop
  endfacet
  facet normal 0 0 -1
    outer loop
      vertex 5.914085502344079 -8.01905871769531 0
      vertex 8.85322256145504 -2.987457364791046 0
      vertex 9.011145618000167 -3.0433808521444914 0
    endloop
  endfacet
  facet normal 0 0 -1
    outer loop
      vertex 5.914085502344079 -8.01905871769531 0
      vertex 8.54723040083345 -2.8512208774027776 0
      vertex 8.69844274215744 -2.923345464456323 0
    endloop
  endfacet
  facet normal 0 0 -1
    outer loop
      vertex 5.914085502344079 -8.01905871769531 0
      vertex 8.4 -2.7712812921102037 0
      vertex 8.54723040083345 -2.8512208774027776 0
    endloop
  endfacet
  facet normal 0 0 -1
    outer loop
      vertex 5.914085502344079 -8.01905871769531 0
      vertex 8.257155087951913 -2.6837458174253572 0
      vertex 8.4 -2.7712812921102037 0
    endloop
  endfacet
  facet normal 0 0 -1
    outer loop
      vertex 5.914085502344079 -8.01905871769531 0
      vertex 8.119087192664086 -2.588854381999832 0
      vertex 8.257155087951913 -2.6837458174253572 0
    endloop
  endfacet
  facet normal 0 0 -1
    outer loop
      vertex 5.914085502344079 -8.01905871769531 0
      vertex 7.621936558472338 -2.1412179403483464 0
      vertex 7.737258300203047 -2.2627416997969525 0
    endloop
  endfacet
  facet normal 0 0 -1
    outer loop
      vertex 5.914085502344079 -8.01905871769531 0
      vertex 7.98617474864052 -2.486867076662307 0
      vertex 8.119087192664086 -2.588854381999832 0
    endloop
  endfacet
  facet normal 0 0 -1
    outer loop
      vertex 5.914085502344079 -8.01905871769531 0
      vertex 7.858782059651654 -2.3780634415276616 0
      vertex 7.98617474864052 -2.486867076662307 0
    endloop
  endfacet
  facet normal 0 0 -1
    outer loop
      vertex 5.914085502344079 -8.01905871769531 0
      vertex 7.737258300203047 -2.2627416997969525 0
      vertex 7.858782059651654 -2.3780634415276616 0
    endloop
  endfacet
  facet normal 0 0 -1
    outer loop
      vertex 5.914085502344079 -8.01905871769531 0
      vertex 7.513132923337693 -2.0138252513594797 0
      vertex 7.621936558472338 -2.1412179403483464 0
    endloop
  endfacet
  facet normal 0 0 -1
    outer loop
      vertex 5.914085502344079 -8.01905871769531 0
      vertex 7.411145618000168 -1.880912807335914 0
      vertex 7.513132923337693 -2.0138252513594797 0
    endloop
  endfacet
  facet normal -0.6030109516704184 -0.3695255864406402 -0.7069855961271326
    outer loop
      vertex 1.6132943205457586 -5.446390350150271 1
      vertex 1.3397459621556145 -5 1
      vertex 2.205771365940053 -4.5 0
    endloop
  endfacet
  facet normal -0.6215240210411467 -0.33746000968649154 -0.7069855961271326
    outer loop
      vertex 2.205771365940053 -4.5 0
      vertex 1.3397459621556145 -5 1
      vertex 1.0899347581163212 -4.5399049973954675 1
    endloop
  endfacet
  facet normal -0.6383335362718087 -0.3044694785023459 -0.7069855961271326
    outer loop
      vertex 1.0899347581163212 -4.5399049973954675 1
      vertex 0.8645454235739916 -4.067366430758002 1
      vertex 1.7780908812165919 -3.660629787682202 0
    endloop
  endfacet
  facet normal 0 0 -1
    outer loop
      vertex 1.7780908812165919 -3.660629787682202 0
      vertex 1.597776161525184 -3.2253115459077026 0
      vertex 1.440491353343619 -2.7811529493745266 0
    endloop
  endfacet
  facet normal -0.6533934236495686 -0.27064441764104114 -0.7069855961271326
    outer loop
      vertex 0.8645454235739916 -4.067366430758002 1
      vertex 1.597776161525184 -3.2253115459077026 0
      vertex 1.7780908812165919 -3.660629787682202 0
    endloop
  endfacet
  facet normal 0 0 -1
    outer loop
      vertex 1.7780908812165919 -3.660629787682202 0
      vertex 1.440491353343619 -2.7811529493745266 0
      vertex 1.1966715933957488 -1.8712052173598341 0
    endloop
  endfacet
  facet normal -0.6666624050699261 -0.23607753924324187 -0.7069855961271327
    outer loop
      vertex 1.597776161525184 -3.2253115459077026 0
      vertex 0.48943483704846535 -3.090169943749474 1
      vertex 1.440491353343619 -2.7811529493745266 0
    endloop
  endfacet
  facet normal -0.6781041111771203 -0.2008635887199324 -0.7069855961271327
    outer loop
      vertex 1.440491353343619 -2.7811529493745266 0
      vertex 0.48943483704846535 -3.090169943749474 1
      vertex 1.3066675633983849 -2.3293714059226867 0
    endloop
  endfacet
  facet normal -0.6533934236495688 -0.27064441764104086 -0.7069855961271325
    outer loop
      vertex 0.8645454235739916 -4.067366430758002 1
      vertex 0.6641957350279828 -3.5836794954530027 1
      vertex 1.597776161525184 -3.2253115459077026 0
    endloop
  endfacet
  facet normal -0.6666624050699259 -0.23607753924324304 -0.7069855961271324
    outer loop
      vertex 1.597776161525184 -3.2253115459077026 0
      vertex 0.6641957350279828 -3.5836794954530027 1
      vertex 0.48943483704846535 -3.090169943749474 1
    endloop
  endfacet
  facet normal -0.678104111177121 -0.2008635887199315 -0.7069855961271325
    outer loop
      vertex 0.48943483704846535 -3.090169943749474 1
      vertex 0.3407417371093171 -2.5881904510252074 1
      vertex 1.3066675633983849 -2.3293714059226867 0
    endloop
  endfacet
  facet normal 0 0 -1
    outer loop
      vertex 5.914085502344079 -8.01905871769531 0
      vertex 9.33468258938317 -3.1300723223481786 0
      vertex 9.49940971187126 -3.160602689904441 0
    endloop
  endfacet
  facet normal 0 0 -1
    outer loop
      vertex 5.914085502344079 -8.01905871769531 0
      vertex 9.49940971187126 -3.160602689904441 0
      vertex 9.665508917543509 -3.1824700651784745 0
    endloop
  endfacet
  facet normal 0 0 -1
    outer loop
      vertex 5.914085502344079 -8.01905871769531 0
      vertex 9.171779055671934 -3.090962644125019 0
      vertex 9.33468258938317 -3.1300723223481786 0
    endloop
  endfacet
  facet normal 0 0 -1
    outer loop
      vertex 1.440491353343619 -2.7811529493745266 0
      vertex 1.3066675633983849 -2.3293714059226867 0
      vertex 1.1966715933957488 -1.8712052173598341 0
    endloop
  endfacet
  facet normal 0 0 -1
    outer loop
      vertex 1.7780908812165919 -3.660629787682202 0
      vertex 1.1966715933957488 -1.8712052173598341 0
      vertex 1.012334187208836 -0.4710236061864945 0
    endloop
  endfacet
  facet normal -0.6876871810500192 -0.16509908506179166 -0.7069855961271327
    outer loop
      vertex 1.3066675633983849 -2.3293714059226867 0
      vertex 0.2185239926619431 -2.0791169081775935 1
      vertex 1.1966715933957488 -1.8712052173598341 0
    endloop
  endfacet
  facet normal 0 0 -1
    outer loop
      vertex 1.7780908812165919 -3.660629787682202 0
      vertex 1.012334187208836 -0.4710236061864945 0
      vertex 1 0 0
    endloop
  endfacet
  facet normal 0 0 -1
    outer loop
      vertex 1.1966715933957488 -1.8712052173598341 0
      vertex 1.1108049346437596 -1.407910185362078 0
      vertex 1.012334187208836 -0.4710236061864945 0
    endloop
  endfacet
  facet normal -0.6953853481602089 -0.1288820562873962 -0.706985596127133
    outer loop
      vertex 1.1966715933957488 -1.8712052173598341 0
      vertex 0.12311659404862141 -1.5643446504023086 1
      vertex 1.1108049346437596 -1.407910185362078 0
    endloop
  endfacet
  facet normal 0 0 -1
    outer loop
      vertex 1.7780908812165919 -3.660629787682202 0
      vertex 7.316254182574642 -1.7428449120480867 0
      vertex 7.411145618000168 -1.880912807335914 0
    endloop
  endfacet
  facet normal 0 0 -1
    outer loop
      vertex 1.7780908812165919 -3.660629787682202 0
      vertex 7.228718707889796 -1.6 0
      vertex 7.316254182574642 -1.7428449120480867 0
    endloop
  endfacet
  facet normal 0 0 -1
    outer loop
      vertex 1.7780908812165919 -3.660629787682202 0
      vertex 7.148779122597222 -1.4527695991665497 0
      vertex 7.228718707889796 -1.6 0
    endloop
  endfacet
  facet normal 0 0 -1
    outer loop
      vertex 1.7780908812165919 -3.660629787682202 0
      vertex 7.0766545355436765 -1.3015572578425607 0
      vertex 7.148779122597222 -1.4527695991665497 0
    endloop
  endfacet
  facet normal 0 0 -1
    outer loop
      vertex 1.7780908812165919 -3.660629787682202 0
      vertex 7.012542635208954 -1.146777438544961 0
      vertex 7.0766545355436765 -1.3015572578425607 0
    endloop
  endfacet
  facet normal 0 0 -1
    outer loop
      vertex 1.7780908812165919 -3.660629787682202 0
      vertex 6.956619147855509 -0.9888543819998317 0
      vertex 7.012542635208954 -1.146777438544961 0
    endloop
  endfacet
  facet normal 0 0 -1
    outer loop
      vertex 1.7780908812165919 -3.660629787682202 0
      vertex 6.909037355874981 -0.8282209443280664 0
      vertex 6.956619147855509 -0.9888543819998317 0
    endloop
  endfacet
  facet normal 0 0 -1
    outer loop
      vertex 1.7780908812165919 -3.660629787682202 0
      vertex 6.869927677651821 -0.6653174106168299 0
      vertex 6.909037355874981 -0.8282209443280664 0
    endloop
  endfacet
  facet normal 0 0 -1
    outer loop
      vertex 1.7780908812165919 -3.660629787682202 0
      vertex 6.839397310095559 -0.5005902881287388 0
      vertex 6.869927677651821 -0.6653174106168299 0
    endloop
  endfacet
  facet normal 0 0 -1
    outer loop
      vertex 1.7780908812165919 -3.660629787682202 0
      vertex 6.8175299348215255 -0.3344910824564911 0
      vertex 6.839397310095559 -0.5005902881287388 0
    endloop
  endfacet
  facet normal 0 0 -1
    outer loop
      vertex 1.7780908812165919 -3.660629787682202 0
      vertex 6.804385488785364 -0.1674750599774203 0
      vertex 6.8175299348215255 -0.3344910824564911 0
    endloop
  endfacet
  facet normal 0 0 -1
    outer loop
      vertex 1.7780908812165919 -3.660629787682202 0
      vertex 6.8 0 0
      vertex 6.804385488785364 -0.1674750599774203 0
    endloop
  endfacet
  facet normal -0.6876871810500194 -0.1650990850617925 -0.7069855961271326
    outer loop
      vertex 0.3407417371093171 -2.5881904510252074 1
      vertex 0.2185239926619431 -2.0791169081775935 1
      vertex 1.3066675633983849 -2.3293714059226867 0
    endloop
  endfacet
  facet normal -0.6953853481602089 -0.12888205628739668 -0.7069855961271327
    outer loop
      vertex 1.1966715933957488 -1.8712052173598341 0
      vertex 0.2185239926619431 -2.0791169081775935 1
      vertex 0.12311659404862141 -1.5643446504023086 1
    endloop
  endfacet
  facet normal -0.7011775123667349 -0.09231177075519599 -0.706985596127133
    outer loop
      vertex 1.1108049346437596 -1.407910185362078 0
      vertex 0.12311659404862141 -1.5643446504023086 1
      vertex 0.05478104631726666 -1.0452846326765348 1
    endloop
  endfacet
  facet normal 0 0 -1
    outer loop
      vertex 1.7780908812165919 -3.660629787682202 0
      vertex 1 0 0
      vertex 1.012334187208836 0.4710236061864945 0
    endloop
  endfacet
  facet normal 0 0 -1
    outer loop
      vertex 1.1108049346437596 -1.407910185362078 0
      vertex 1.049302941685541 -0.9407561694088813 0
      vertex 1.012334187208836 -0.4710236061864945 0
    endloop
  endfacet
  facet normal -0.7011775123667348 -0.09231177075519487 -0.7069855961271332
    outer loop
      vertex 1.1108049346437596 -1.407910185362078 0
      vertex 0.05478104631726666 -1.0452846326765348 1
      vertex 1.049302941685541 -0.9407561694088813 0
    endloop
  endfacet
  facet normal -0.7050477977501142 -0.05548846507587262 -0.7069855961271332
    outer loop
      vertex 1.049302941685541 -0.9407561694088813 0
      vertex 0.05478104631726666 -1.0452846326765348 1
      vertex 1.012334187208836 -0.4710236061864945 0
    endloop
  endfacet
  facet normal -0.7069855961271325 -0.018513069370731338 -0.7069855961271329
    outer loop
      vertex 1.012334187208836 -0.4710236061864945 0
      vertex 0.01370465245426189 -0.5233595624294384 1
      vertex 1 0 0
    endloop
  endfacet
  facet normal 0 0 -1
    outer loop
      vertex 1.7780908812165919 -3.660629787682202 0
      vertex 6.804385488785364 0.1674750599774203 0
      vertex 6.8 0 0
    endloop
  endfacet
  facet normal 0 0 -1
    outer loop
      vertex 1.7780908812165919 -3.660629787682202 0
      vertex 6.8175299348215255 0.3344910824564911 0
      vertex 6.804385488785364 0.1674750599774203 0
    endloop
  endfacet
  facet normal 0 0 -1
    outer loop
      vertex 1.7780908812165919 -3.660629787682202 0
      vertex 6.839397310095559 0.5005902881287388 0
      vertex 6.8175299348215255 0.3344910824564911 0
    endloop
  endfacet
  facet normal 0 0 -1
    outer loop
      vertex 1.7780908812165919 -3.660629787682202 0
      vertex 6.869927677651821 0.6653174106168299 0
      vertex 6.839397310095559 0.5005902881287388 0
    endloop
  endfacet
  facet normal 0 0 -1
    outer loop
      vertex 1.7780908812165919 -3.660629787682202 0
      vertex 6.909037355874981 0.8282209443280664 0
      vertex 6.869927677651821 0.6653174106168299 0
    endloop
  endfacet
  facet normal 0 0 -1
    outer loop
      vertex 1.7780908812165919 -3.660629787682202 0
      vertex 6.956619147855509 0.9888543819998317 0
      vertex 6.909037355874981 0.8282209443280664 0
    endloop
  endfacet
  facet normal 0 0 -1
    outer loop
      vertex 1.7780908812165919 -3.660629787682202 0
      vertex 7.012542635208954 1.146777438544961 0
      vertex 6.956619147855509 0.9888543819998317 0
    endloop
  endfacet
  facet normal 0 0 -1
    outer loop
      vertex 1.7780908812165919 -3.660629787682202 0
      vertex 7.0766545355436765 1.3015572578425607 0
      vertex 7.012542635208954 1.146777438544961 0
    endloop
  endfacet
  facet normal 0 0 -1
    outer loop
      vertex 1.7780908812165919 -3.660629787682202 0
      vertex 7.148779122597222 1.4527695991665497 0
      vertex 7.0766545355436765 1.3015572578425607 0
    endloop
  endfacet
  facet normal 0 0 -1
    outer loop
      vertex 1.7780908812165919 -3.660629787682202 0
      vertex 7.228718707889796 1.6 0
      vertex 7.148779122597222 1.4527695991665497 0
    endloop
  endfacet
  facet normal 0 0 -1
    outer loop
      vertex 1.7780908812165919 -3.660629787682202 0
      vertex 7.316254182574642 1.7428449120480867 0
      vertex 7.228718707889796 1.6 0
    endloop
  endfacet
  facet normal 0 0 -1
    outer loop
      vertex 1.7780908812165919 -3.660629787682202 0
      vertex 7.411145618000168 1.880912807335914 0
      vertex 7.316254182574642 1.7428449120480867 0
    endloop
  endfacet
  facet normal -0.7050477977501145 -0.055488465075871574 -0.7069855961271329
    outer loop
      vertex 1.012334187208836 -0.4710236061864945 0
      vertex 0.05478104631726666 -1.0452846326765348 1
      vertex 0.01370465245426189 -0.5233595624294384 1
    endloop
  endfacet
  facet normal -0.7069855961271327 -0.01851306937073081 -0.7069855961271327
    outer loop
      vertex 0.01370465245426189 -0.5233595624294384 1
      vertex 0 0 1
      vertex 1 0 0
    endloop
  endfacet
  facet normal -0.8788171126619646 -0.4771587602596096 0
    outer loop
      vertex 1.3397459621556145 -5 1
      vertex 1.3397459621556145 -5 9
      vertex 1.0899347581163212 -4.5399049973954675 1
    endloop
  endfacet
  facet normal -0.9025852843498609 -0.4305110968082947 0
    outer loop
      vertex 1.0899347581163212 -4.5399049973954675 1
      vertex 1.0899347581163212 -4.5399049973954675 9
      vertex 0.8645454235739916 -4.067366430758002 1
    endloop
  endfacet
  facet normal -0.9238795325112866 -0.38268343236508984 0
    outer loop
      vertex 0.8645454235739916 -4.067366430758002 1
      vertex 0.6641957350279828 -3.5836794954530027 9
      vertex 0.6641957350279828 -3.5836794954530027 1
    endloop
  endfacet
  facet normal -0.942641491092179 -0.3338068592337695 0
    outer loop
      vertex 0.6641957350279828 -3.5836794954530027 1
      vertex 0.6641957350279828 -3.5836794954530027 9
      vertex 0.48943483704846535 -3.090169943749474 1
    endloop
  endfacet
  facet normal -0.9588197348681925 -0.28401534470392453 0
    outer loop
      vertex 0.48943483704846535 -3.090169943749474 1
      vertex 0.48943483704846535 -3.090169943749474 9
      vertex 0.3407417371093171 -2.5881904510252074 1
    endloop
  endfacet
  facet normal -0.9723699203976764 -0.23344536385590645 0
    outer loop
      vertex 0.3407417371093171 -2.5881904510252074 1
      vertex 0.3407417371093171 -2.5881904510252074 9
      vertex 0.2185239926619431 -2.0791169081775935 1
    endloop
  endfacet
  facet normal -0.9832549075639543 -0.1822355254921489 0
    outer loop
      vertex 0.2185239926619431 -2.0791169081775935 1
      vertex 0.2185239926619431 -2.0791169081775935 9
      vertex 0.12311659404862141 -1.5643446504023086 1
    endloop
  endfacet
  facet normal -0.9914448613738106 -0.13052619222004908 0
    outer loop
      vertex 0.12311659404862141 -1.5643446504023086 1
      vertex 0.05478104631726666 -1.0452846326765348 9
      vertex 0.05478104631726666 -1.0452846326765348 1
    endloop
  endfacet
  facet normal -0.996917333733128 -0.07845909572784379 0
    outer loop
      vertex 0.05478104631726666 -1.0452846326765348 1
      vertex 0.05478104631726666 -1.0452846326765348 9
      vertex 0.01370465245426189 -0.5233595624294384 1
    endloop
  endfacet
  facet normal -0.9996573249755573 -0.02617694830787435 0
    outer loop
      vertex 0.01370465245426189 -0.5233595624294384 1
      vertex 0.01370465245426189 -0.5233595624294384 9
      vertex 0 0 1
    endloop
  endfacet
  facet normal 0 -0.7071067811865475 -0.7071067811865475
    outer loop
      vertex 10 -9 0
      vertex 120 -10 1
      vertex 10 -10 1
    endloop
  endfacet
  facet normal 0 -1 0
    outer loop
      vertex 10 -10 1
      vertex 120 -10 1
      vertex 10 -10 9
    endloop
  endfacet
  facet normal 0 0 -1
    outer loop
      vertex 10 -9 0
      vertex 10.16747505997742 -3.1956145112146364 0
      vertex 129 0 0
    endloop
  endfacet
  facet normal 0 0 -1
    outer loop
      vertex 129 0 0
      vertex 10.16747505997742 -3.1956145112146364 0
      vertex 10.334491082456491 -3.1824700651784745 0
    endloop
  endfacet
  facet normal 0 0 -1
    outer loop
      vertex 129 0 0
      vertex 10.334491082456491 -3.1824700651784745 0
      vertex 10.50059028812874 -3.160602689904441 0
    endloop
  endfacet
  facet normal 0 0 -1
    outer loop
      vertex 129 0 0
      vertex 10.50059028812874 -3.160602689904441 0
      vertex 10.66531741061683 -3.1300723223481786 0
    endloop
  endfacet
  facet normal 0 0 -1
    outer loop
      vertex 129 0 0
      vertex 10.66531741061683 -3.1300723223481786 0
      vertex 10.828220944328066 -3.090962644125019 0
    endloop
  endfacet
  facet normal 0 0 -1
    outer loop
      vertex 129 0 0
      vertex 10.828220944328066 -3.090962644125019 0
      vertex 10.988854381999833 -3.0433808521444914 0
    endloop
  endfacet
  facet normal 0 0 -1
    outer loop
      vertex 129 0 0
      vertex 10.988854381999833 -3.0433808521444914 0
      vertex 11.14677743854496 -2.987457364791046 0
    endloop
  endfacet
  facet normal 0 0 -1
    outer loop
      vertex 129 0 0
      vertex 11.14677743854496 -2.987457364791046 0
      vertex 11.30155725784256 -2.923345464456323 0
    endloop
  endfacet
  facet normal 0 0 -1
    outer loop
      vertex 129 0 0
      vertex 11.30155725784256 -2.923345464456323 0
      vertex 11.45276959916655 -2.8512208774027776 0
    endloop
  endfacet
  facet normal 0 0 -1
    outer loop
      vertex 129 0 0
      vertex 11.45276959916655 -2.8512208774027776 0
      vertex 11.6 -2.7712812921102037 0
    endloop
  endfacet
  facet normal 0 0 -1
    outer loop
      vertex 129 0 0
      vertex 11.6 -2.7712812921102037 0
      vertex 11.742844912048087 -2.6837458174253572 0
    endloop
  endfacet
  facet normal 0 0 -1
    outer loop
      vertex 129 0 0
      vertex 11.742844912048087 -2.6837458174253572 0
      vertex 11.880912807335914 -2.588854381999832 0
    endloop
  endfacet
  facet normal 0 0 -1
    outer loop
      vertex 129 0 0
      vertex 11.880912807335914 -2.588854381999832 0
      vertex 12.01382525135948 -2.486867076662307 0
    endloop
  endfacet
  facet normal 0 0 -1
    outer loop
      vertex 129 0 0
      vertex 12.01382525135948 -2.486867076662307 0
      vertex 12.141217940348346 -2.3780634415276616 0
    endloop
  endfacet
  facet normal 0 0 -1
    outer loop
      vertex 129 0 0
      vertex 12.141217940348346 -2.3780634415276616 0
      vertex 12.262741699796953 -2.2627416997969525 0
    endloop
  endfacet
  facet normal 0 0 -1
    outer loop
      vertex 129 0 0
      vertex 12.262741699796953 -2.2627416997969525 0
      vertex 12.378063441527662 -2.1412179403483464 0
    endloop
  endfacet
  facet normal 0 0 -1
    outer loop
      vertex 129 0 0
      vertex 12.378063441527662 -2.1412179403483464 0
      vertex 12.486867076662307 -2.0138252513594797 0
    endloop
  endfacet
  facet normal 0 0 -1
    outer loop
      vertex 129 0 0
      vertex 12.486867076662307 -2.0138252513594797 0
      vertex 12.588854381999832 -1.880912807335914 0
    endloop
  endfacet
  facet normal 0 0 -1
    outer loop
      vertex 129 0 0
      vertex 12.588854381999832 -1.880912807335914 0
      vertex 12.683745817425358 -1.7428449120480867 0
    endloop
  endfacet
  facet normal 0 0 -1
    outer loop
      vertex 129 0 0
      vertex 12.683745817425358 -1.7428449120480867 0
      vertex 12.771281292110203 -1.6 0
    endloop
  endfacet
  facet normal 0 0 -1
    outer loop
      vertex 129 0 0
      vertex 12.771281292110203 -1.6 0
      vertex 12.851220877402778 -1.4527695991665497 0
    endloop
  endfacet
  facet normal 0 0 -1
    outer loop
      vertex 129 0 0
      vertex 12.851220877402778 -1.4527695991665497 0
      vertex 12.923345464456323 -1.3015572578425607 0
    endloop
  endfacet
  facet normal 0 0 -1
    outer loop
      vertex 129 0 0
      vertex 12.923345464456323 -1.3015572578425607 0
      vertex 12.987457364791046 -1.146777438544961 0
    endloop
  endfacet
  facet normal 0 0 -1
    outer loop
      vertex 129 0 0
      vertex 12.987457364791046 -1.146777438544961 0
      vertex 13.043380852144491 -0.9888543819998317 0
    endloop
  endfacet
  facet normal 0 0 -1
    outer loop
      vertex 129 0 0
      vertex 13.043380852144491 -0.9888543819998317 0
      vertex 13.09096264412502 -0.8282209443280664 0
    endloop
  endfacet
  facet normal 0 0 -1
    outer loop
      vertex 129 0 0
      vertex 13.09096264412502 -0.8282209443280664 0
      vertex 13.130072322348179 -0.6653174106168299 0
    endloop
  endfacet
  facet normal 0 0 -1
    outer loop
      vertex 129 0 0
      vertex 13.130072322348179 -0.6653174106168299 0
      vertex 13.16060268990444 -0.5005902881287388 0
    endloop
  endfacet
  facet normal 0 0 -1
    outer loop
      vertex 129 0 0
      vertex 13.16060268990444 -0.5005902881287388 0
      vertex 13.182470065178475 -0.3344910824564911 0
    endloop
  endfacet
  facet normal 0 0 -1
    outer loop
      vertex 129 0 0
      vertex 13.182470065178475 -0.3344910824564911 0
      vertex 13.195614511214636 -0.1674750599774203 0
    endloop
  endfacet
  facet normal 0 0 -1
    outer loop
      vertex 129 0 0
      vertex 13.195614511214636 -0.1674750599774203 0
      vertex 13.2 0 0
    endloop
  endfacet
  facet normal -0.23344536385590645 -0.9723699203976764 0
    outer loop
      vertex 7.411809548974793 -9.659258262890683 1
      vertex 7.9208830918224065 -9.781476007338057 9
      vertex 7.411809548974793 -9.659258262890683 9
    endloop
  endfacet
  facet normal -0.3338068592337695 -0.942641491092179 0
    outer loop
      vertex 6.9098300562505255 -9.510565162951535 1
      vertex 6.9098300562505255 -9.510565162951535 9
      vertex 6.416320504546997 -9.335804264972017 9
    endloop
  endfacet
  facet normal -0.2840153447039243 -0.9588197348681925 0
    outer loop
      vertex 7.411809548974793 -9.659258262890683 1
      vertex 7.411809548974793 -9.659258262890683 9
      vertex 6.9098300562505255 -9.510565162951535 9
    endloop
  endfacet
  facet normal -0.4305110968082947 -0.9025852843498609 0
    outer loop
      vertex 5.4600950026045325 -8.910065241883679 1
      vertex 5.932633569241998 -9.135454576426008 9
      vertex 5.4600950026045325 -8.910065241883679 9
    endloop
  endfacet
  facet normal -0.4771587602596096 -0.8788171126619646 0
    outer loop
      vertex 5.4600950026045325 -8.910065241883679 1
      vertex 5.4600950026045325 -8.910065241883679 9
      vertex 5 -8.660254037844386 9
    endloop
  endfacet
  facet normal -0.38268343236509017 -0.9238795325112866 0
    outer loop
      vertex 6.416320504546997 -9.335804264972017 1
      vertex 6.416320504546997 -9.335804264972017 9
      vertex 5.932633569241998 -9.135454576426008 9
    endloop
  endfacet
  facet normal -0.608761429008722 -0.7933533402912342 0
    outer loop
      vertex 4.122147477075268 -8.090169943749475 1
      vertex 4.122147477075268 -8.090169943749475 9
      vertex 3.7067960895016263 -7.771459614569709 9
    endloop
  endfacet
  facet normal -0.6494480483301833 -0.7604059656000314 0
    outer loop
      vertex 3.3086939364114176 -7.431448254773942 1
      vertex 3.7067960895016263 -7.771459614569709 9
      vertex 3.3086939364114176 -7.431448254773942 9
    endloop
  endfacet
  facet normal -0.5224985647159461 -0.8526401643540937 0
    outer loop
      vertex 5 -8.660254037844386 1
      vertex 5 -8.660254037844386 9
      vertex 4.553609649849729 -8.386705679454241 9
    endloop
  endfacet
  facet normal -0.5664062369248333 -0.8241261886220154 0
    outer loop
      vertex 4.553609649849729 -8.386705679454241 1
      vertex 4.553609649849729 -8.386705679454241 9
      vertex 4.122147477075268 -8.090169943749475 9
    endloop
  endfacet
  facet normal -0.18223552549214875 -0.9832549075639543 0
    outer loop
      vertex 8.435655349597692 -9.876883405951379 1
      vertex 8.435655349597692 -9.876883405951379 9
      vertex 7.9208830918224065 -9.781476007338057 9
    endloop
  endfacet
  facet normal -0.13052619222004896 -0.9914448613738107 0
    outer loop
      vertex 8.435655349597692 -9.876883405951379 1
      vertex 8.954715367323466 -9.945218953682733 9
      vertex 8.435655349597692 -9.876883405951379 9
    endloop
  endfacet
  facet normal -0.07845909572784404 -0.996917333733128 0
    outer loop
      vertex 8.954715367323466 -9.945218953682733 1
      vertex 9.47664043757056 -9.986295347545738 9
      vertex 8.954715367323466 -9.945218953682733 9
    endloop
  endfacet
  facet normal -0.02617694830787431 -0.9996573249755573 0
    outer loop
      vertex 10 -10 1
      vertex 10 -10 9
      vertex 9.47664043757056 -9.986295347545738 9
    endloop
  endfacet
  facet normal -0.6883545756937534 -0.7253743710122882 0
    outer loop
      vertex 3.3086939364114176 -7.431448254773942 1
      vertex 3.3086939364114176 -7.431448254773942 9
      vertex 2.9289321881345245 -7.0710678118654755 9
    endloop
  endfacet
  facet normal -0.7253743710122882 -0.6883545756937534 0
    outer loop
      vertex 2.568551745226058 -6.691306063588582 1
      vertex 2.9289321881345245 -7.0710678118654755 9
      vertex 2.568551745226058 -6.691306063588582 9
    endloop
  endfacet
  facet normal -0.7604059656000314 -0.6494480483301833 0
    outer loop
      vertex 2.568551745226058 -6.691306063588582 1
      vertex 2.568551745226058 -6.691306063588582 9
      vertex 2.228540385430291 -6.293203910498374 9
    endloop
  endfacet
  facet normal -0.7933533402912342 -0.608761429008722 0
    outer loop
      vertex 1.9098300562505255 -5.877852522924732 1
      vertex 2.228540385430291 -6.293203910498374 9
      vertex 1.9098300562505255 -5.877852522924732 9
    endloop
  endfacet
  facet normal -0.8241261886220154 -0.5664062369248333 0
    outer loop
      vertex 1.9098300562505255 -5.877852522924732 1
      vertex 1.9098300562505255 -5.877852522924732 9
      vertex 1.6132943205457586 -5.446390350150271 9
    endloop
  endfacet
  facet normal -0.8526401643540937 -0.5224985647159461 0
    outer loop
      vertex 1.6132943205457586 -5.446390350150271 1
      vertex 1.6132943205457586 -5.446390350150271 9
      vertex 1.3397459621556145 -5 9
    endloop
  endfacet
  facet normal -0.16509908506179244 -0.6876871810500191 0.7069855961271327
    outer loop
      vertex 7.9208830918224065 -9.781476007338057 9
      vertex 8.128794782640165 -8.803328406604251 10
      vertex 7.411809548974793 -9.659258262890683 9
    endloop
  endfacet
  facet normal -0.30446947850234596 -0.6383335362718088 0.7069855961271325
    outer loop
      vertex 5.932633569241998 -9.135454576426008 9
      vertex 6.339370212317798 -8.221909118783408 10
      vertex 5.4600950026045325 -8.910065241883679 9
    endloop
  endfacet
  facet normal -0.23607753924324304 -0.6666624050699259 0.7069855961271324
    outer loop
      vertex 6.9098300562505255 -9.510565162951535 9
      vertex 6.774688454092297 -8.402223838474816 10
      vertex 6.416320504546997 -9.335804264972017 9
    endloop
  endfacet
  facet normal -0.20086358871993132 -0.678104111177121 0.7069855961271325
    outer loop
      vertex 6.9098300562505255 -9.510565162951535 9
      vertex 7.411809548974793 -9.659258262890683 9
      vertex 7.670628594077313 -8.693332436601615 10
    endloop
  endfacet
  facet normal -0.2706444176410411 -0.6533934236495688 0.7069855961271325
    outer loop
      vertex 5.932633569241998 -9.135454576426008 9
      vertex 6.416320504546997 -9.335804264972017 9
      vertex 6.339370212317798 -8.221909118783408 10
    endloop
  endfacet
  facet normal -0.23607753924324165 -0.6666624050699261 0.706985596127133
    outer loop
      vertex 6.9098300562505255 -9.510565162951535 9
      vertex 7.218847050625474 -8.559508646656381 10
      vertex 6.774688454092297 -8.402223838474816 10
    endloop
  endfacet
  facet normal -0.20086358871993257 -0.6781041111771202 0.706985596127133
    outer loop
      vertex 6.9098300562505255 -9.510565162951535 9
      vertex 7.670628594077313 -8.693332436601615 10
      vertex 7.218847050625474 -8.559508646656381 10
    endloop
  endfacet
  facet normal -0.16509908506179194 -0.6876871810500194 0.7069855961271326
    outer loop
      vertex 7.411809548974793 -9.659258262890683 9
      vertex 8.128794782640165 -8.803328406604251 10
      vertex 7.670628594077313 -8.693332436601615 10
    endloop
  endfacet
  facet normal -0.4305330947256951 -0.5610816528943703 0.7069855961271327
    outer loop
      vertex 3.7067960895016263 -7.771459614569709 9
      vertex 4.122147477075268 -8.090169943749475 9
      vertex 4.336116480551463 -6.994313653112738 10
    endloop
  endfacet
  facet normal -0.33746000968649154 -0.6215240210411467 0.7069855961271326
    outer loop
      vertex 5.4600950026045325 -8.910065241883679 9
      vertex 5.5 -7.794228634059947 10
      vertex 5 -8.660254037844386 9
    endloop
  endfacet
  facet normal -0.3695255864406402 -0.6030109516704184 0.7069855961271329
    outer loop
      vertex 5 -8.660254037844386 9
      vertex 5.098248684864756 -7.548035111508817 10
      vertex 4.553609649849729 -8.386705679454241 9
    endloop
  endfacet
  facet normal -0.4005783192477687 -0.5828450711959358 0.7069855961271327
    outer loop
      vertex 4.553609649849729 -8.386705679454241 9
      vertex 5.098248684864756 -7.548035111508817 10
      vertex 4.122147477075268 -8.090169943749475 9
    endloop
  endfacet
  facet normal -0.30446947850234696 -0.6383335362718079 0.706985596127133
    outer loop
      vertex 5.4600950026045325 -8.910065241883679 9
      vertex 6.339370212317798 -8.221909118783408 10
      vertex 5.914085502344079 -8.01905871769531 10
    endloop
  endfacet
  facet normal -0.33746000968649087 -0.6215240210411469 0.7069855961271327
    outer loop
      vertex 5.4600950026045325 -8.910065241883679 9
      vertex 5.914085502344079 -8.01905871769531 10
      vertex 5.5 -7.794228634059947 10
    endloop
  endfacet
  facet normal -0.2706444176410409 -0.6533934236495688 0.7069855961271326
    outer loop
      vertex 6.416320504546997 -9.335804264972017 9
      vertex 6.774688454092297 -8.402223838474816 10
      vertex 6.339370212317798 -8.221909118783408 10
    endloop
  endfacet
  facet normal 0 0 1
    outer loop
      vertex 7.670628594077313 -8.693332436601615 10
      vertex 8.128794782640165 -8.803328406604251 10
      vertex 7.218847050625474 -8.559508646656381 10
    endloop
  endfacet
  facet normal 0 0 1
    outer loop
      vertex 6.339370212317798 -8.221909118783408 10
      vertex 8.128794782640165 -8.803328406604251 10
      vertex 9.528976393813505 -8.987665812791164 10
    endloop
  endfacet
  facet normal 0 0 1
    outer loop
      vertex 7.218847050625474 -8.559508646656381 10
      vertex 8.128794782640165 -8.803328406604251 10
      vertex 6.339370212317798 -8.221909118783408 10
    endloop
  endfacet
  facet normal 0 0 1
    outer loop
      vertex 7.218847050625474 -8.559508646656381 10
      vertex 6.339370212317798 -8.221909118783408 10
      vertex 6.774688454092297 -8.402223838474816 10
    endloop
  endfacet
  facet normal -0.36952558644064054 -0.6030109516704183 0.7069855961271327
    outer loop
      vertex 5 -8.660254037844386 9
      vertex 5.5 -7.794228634059947 10
      vertex 5.098248684864756 -7.548035111508817 10
    endloop
  endfacet
  facet normal -0.4005783192477688 -0.5828450711959356 0.7069855961271329
    outer loop
      vertex 4.122147477075268 -8.090169943749475 9
      vertex 5.098248684864756 -7.548035111508817 10
      vertex 4.7099327293677415 -7.281152949374527 10
    endloop
  endfacet
  facet normal 0 0 1
    outer loop
      vertex 6.339370212317798 -8.221909118783408 10
      vertex 5.098248684864756 -7.548035111508817 10
      vertex 5.914085502344079 -8.01905871769531 10
    endloop
  endfacet
  facet normal 0 0 1
    outer loop
      vertex 5.914085502344079 -8.01905871769531 10
      vertex 5.098248684864756 -7.548035111508817 10
      vertex 5.5 -7.794228634059947 10
    endloop
  endfacet
  facet normal 0 0 1
    outer loop
      vertex 6.339370212317798 -8.221909118783408 10
      vertex 4.336116480551463 -6.994313653112738 10
      vertex 5.098248684864756 -7.548035111508817 10
    endloop
  endfacet
  facet normal -0.09231177075519592 -0.701177512366735 0.706985596127133
    outer loop
      vertex 8.435655349597692 -9.876883405951379 9
      vertex 8.954715367323466 -9.945218953682733 9
      vertex 8.592089814637923 -8.88919506535624 10
    endloop
  endfacet
  facet normal -0.12888205628739657 -0.695385348160209 0.7069855961271327
    outer loop
      vertex 7.9208830918224065 -9.781476007338057 9
      vertex 8.435655349597692 -9.876883405951379 9
      vertex 8.128794782640165 -8.803328406604251 10
    endloop
  endfacet
  facet normal -0.05548846507587175 -0.7050477977501145 0.7069855961271329
    outer loop
      vertex 8.954715367323466 -9.945218953682733 9
      vertex 9.47664043757056 -9.986295347545738 9
      vertex 9.528976393813505 -8.987665812791164 10
    endloop
  endfacet
  facet normal -0.01851306937073078 -0.7069855961271326 0.7069855961271329
    outer loop
      vertex 9.47664043757056 -9.986295347545738 9
      vertex 10 -10 9
      vertex 9.528976393813505 -8.987665812791164 10
    endloop
  endfacet
  facet normal -0.09231177075519517 -0.7011775123667348 0.7069855961271331
    outer loop
      vertex 8.954715367323466 -9.945218953682733 9
      vertex 9.059243830591118 -8.950697058314459 10
      vertex 8.592089814637923 -8.88919506535624 10
    endloop
  endfacet
  facet normal -0.12888205628739577 -0.6953853481602089 0.706985596127133
    outer loop
      vertex 8.435655349597692 -9.876883405951379 9
      vertex 8.592089814637923 -8.88919506535624 10
      vertex 8.128794782640165 -8.803328406604251 10
    endloop
  endfacet
  facet normal -0.05548846507587264 -0.7050477977501141 0.7069855961271331
    outer loop
      vertex 8.954715367323466 -9.945218953682733 9
      vertex 9.528976393813505 -8.987665812791164 10
      vertex 9.059243830591118 -8.950697058314459 10
    endloop
  endfacet
  facet normal -0.018513069370731307 -0.7069855961271327 0.7069855961271327
    outer loop
      vertex 10 -10 9
      vertex 10 -9 10
      vertex 9.528976393813505 -8.987665812791164 10
    endloop
  endfacet
  facet normal 0 0 1
    outer loop
      vertex 9.059243830591118 -8.950697058314459 10
      vertex 9.528976393813505 -8.987665812791164 10
      vertex 8.592089814637923 -8.88919506535624 10
    endloop
  endfacet
  facet normal 0 0 1
    outer loop
      vertex 8.592089814637923 -8.88919506535624 10
      vertex 9.528976393813505 -8.987665812791164 10
      vertex 8.128794782640165 -8.803328406604251 10
    endloop
  endfacet
  facet normal -0.45930780891696504 -0.5377803487825301 0.7069855961271326
    outer loop
      vertex 3.7067960895016263 -7.771459614569709 9
      vertex 4.336116480551463 -6.994313653112738 10
      vertex 3.3086939364114176 -7.431448254773942 9
    endloop
  endfacet
  facet normal -0.48682359233008893 -0.51300502611533 0.7069855961271324
    outer loop
      vertex 3.3086939364114176 -7.431448254773942 9
      vertex 3.6360389693210715 -6.3639610306789285 10
      vertex 2.9289321881345245 -7.0710678118654755 9
    endloop
  endfacet
  facet normal -0.51300502611533 -0.48682359233008893 0.7069855961271326
    outer loop
      vertex 2.9289321881345245 -7.0710678118654755 9
      vertex 3.6360389693210715 -6.3639610306789285 10
      vertex 2.568551745226058 -6.691306063588582 9
    endloop
  endfacet
  facet normal -0.4593078089169652 -0.5377803487825299 0.7069855961271327
    outer loop
      vertex 3.3086939364114176 -7.431448254773942 9
      vertex 4.336116480551463 -6.994313653112738 10
      vertex 3.977824542770276 -6.688303429296548 10
    endloop
  endfacet
  facet normal -0.48682359233008815 -0.5130050261153306 0.7069855961271327
    outer loop
      vertex 3.3086939364114176 -7.431448254773942 9
      vertex 3.977824542770276 -6.688303429296548 10
      vertex 3.6360389693210715 -6.3639610306789285 10
    endloop
  endfacet
  facet normal -0.5130050261153306 -0.48682359233008815 0.7069855961271327
    outer loop
      vertex 2.568551745226058 -6.691306063588582 9
      vertex 3.6360389693210715 -6.3639610306789285 10
      vertex 3.311696570703452 -6.022175457229724 10
    endloop
  endfacet
  facet normal 0 0 1
    outer loop
      vertex 3.977824542770276 -6.688303429296548 10
      vertex 4.336116480551463 -6.994313653112738 10
      vertex 3.6360389693210715 -6.3639610306789285 10
    endloop
  endfacet
  facet normal -0.43053309472569445 -0.5610816528943704 0.7069855961271327
    outer loop
      vertex 4.122147477075268 -8.090169943749475 9
      vertex 4.7099327293677415 -7.281152949374527 10
      vertex 4.336116480551463 -6.994313653112738 10
    endloop
  endfacet
  facet normal 0 0 1
    outer loop
      vertex 5.098248684864756 -7.548035111508817 10
      vertex 4.336116480551463 -6.994313653112738 10
      vertex 4.7099327293677415 -7.281152949374527 10
    endloop
  endfacet
  facet normal 0 0 1
    outer loop
      vertex 6.339370212317798 -8.221909118783408 10
      vertex 2.718847050625473 -5.2900672706322585 10
      vertex 4.336116480551463 -6.994313653112738 10
    endloop
  endfacet
  facet normal -0.5377803487825301 -0.45930780891696504 0.7069855961271327
    outer loop
      vertex 2.568551745226058 -6.691306063588582 9
      vertex 3.005686346887262 -5.663883519448537 10
      vertex 2.228540385430291 -6.293203910498374 9
    endloop
  endfacet
  facet normal -0.5610816528943701 -0.430533094725695 0.7069855961271329
    outer loop
      vertex 2.228540385430291 -6.293203910498374 9
      vertex 2.718847050625473 -5.2900672706322585 10
      vertex 1.9098300562505255 -5.877852522924732 9
    endloop
  endfacet
  facet normal -0.5828450711959358 -0.4005783192477687 0.7069855961271329
    outer loop
      vertex 1.9098300562505255 -5.877852522924732 9
      vertex 2.718847050625473 -5.2900672706322585 10
      vertex 1.6132943205457586 -5.446390350150271 9
    endloop
  endfacet
  facet normal -0.5377803487825299 -0.4593078089169652 0.7069855961271327
    outer loop
      vertex 2.568551745226058 -6.691306063588582 9
      vertex 3.311696570703452 -6.022175457229724 10
      vertex 3.005686346887262 -5.663883519448537 10
    endloop
  endfacet
  facet normal -0.5610816528943706 -0.43053309472569457 0.7069855961271326
    outer loop
      vertex 2.228540385430291 -6.293203910498374 9
      vertex 3.005686346887262 -5.663883519448537 10
      vertex 2.718847050625473 -5.2900672706322585 10
    endloop
  endfacet
  facet normal 0 0 1
    outer loop
      vertex 3.6360389693210715 -6.3639610306789285 10
      vertex 4.336116480551463 -6.994313653112738 10
      vertex 2.718847050625473 -5.2900672706322585 10
    endloop
  endfacet
  facet normal 0 0 1
    outer loop
      vertex 3.6360389693210715 -6.3639610306789285 10
      vertex 3.005686346887262 -5.663883519448537 10
      vertex 3.311696570703452 -6.022175457229724 10
    endloop
  endfacet
  facet normal 0 0 1
    outer loop
      vertex 3.6360389693210715 -6.3639610306789285 10
      vertex 2.718847050625473 -5.2900672706322585 10
      vertex 3.005686346887262 -5.663883519448537 10
    endloop
  endfacet
  facet normal -0.5828450711959356 -0.4005783192477688 0.7069855961271329
    outer loop
      vertex 1.6132943205457586 -5.446390350150271 9
      vertex 2.718847050625473 -5.2900672706322585 10
      vertex 2.451964888491183 -4.901751315135244 10
    endloop
  endfacet
  facet normal 0 0 1
    outer loop
      vertex 6.339370212317798 -8.221909118783408 10
      vertex 9.528976393813505 -8.987665812791164 10
      vertex 1.012334187208836 -0.4710236061864945 10
    endloop
  endfacet
  facet normal 0 0 1
    outer loop
      vertex 9.528976393813505 -8.987665812791164 10
      vertex 12.973353886326572 -5.15 10
      vertex 7.0266461136734275 -5.15 10
    endloop
  endfacet
  facet normal -0.8788171126619646 -0.4771587602596096 0
    outer loop
      vertex 1.0899347581163212 -4.5399049973954675 1
      vertex 1.3397459621556145 -5 9
      vertex 1.0899347581163212 -4.5399049973954675 9
    endloop
  endfacet
  facet normal -0.9025852843498609 -0.4305110968082947 0
    outer loop
      vertex 0.8645454235739916 -4.067366430758002 1
      vertex 1.0899347581163212 -4.5399049973954675 9
      vertex 0.8645454235739916 -4.067366430758002 9
    endloop
  endfacet
  facet normal -0.9238795325112866 -0.38268343236508984 0
    outer loop
      vertex 0.8645454235739916 -4.067366430758002 1
      vertex 0.8645454235739916 -4.067366430758002 9
      vertex 0.6641957350279828 -3.5836794954530027 9
    endloop
  endfacet
  facet normal -0.942641491092179 -0.3338068592337695 0
    outer loop
      vertex 0.48943483704846535 -3.090169943749474 1
      vertex 0.6641957350279828 -3.5836794954530027 9
      vertex 0.48943483704846535 -3.090169943749474 9
    endloop
  endfacet
  facet normal -0.9588197348681925 -0.28401534470392453 0
    outer loop
      vertex 0.3407417371093171 -2.5881904510252074 1
      vertex 0.48943483704846535 -3.090169943749474 9
      vertex 0.3407417371093171 -2.5881904510252074 9
    endloop
  endfacet
  facet normal -0.9723699203976764 -0.23344536385590645 0
    outer loop
      vertex 0.2185239926619431 -2.0791169081775935 1
      vertex 0.3407417371093171 -2.5881904510252074 9
      vertex 0.2185239926619431 -2.0791169081775935 9
    endloop
  endfacet
  facet normal -0.9832549075639543 -0.1822355254921489 0
    outer loop
      vertex 0.12311659404862141 -1.5643446504023086 1
      vertex 0.2185239926619431 -2.0791169081775935 9
      vertex 0.12311659404862141 -1.5643446504023086 9
    endloop
  endfacet
  facet normal -0.9914448613738106 -0.13052619222004908 0
    outer loop
      vertex 0.12311659404862141 -1.5643446504023086 1
      vertex 0.12311659404862141 -1.5643446504023086 9
      vertex 0.05478104631726666 -1.0452846326765348 9
    endloop
  endfacet
  facet normal -0.996917333733128 -0.07845909572784379 0
    outer loop
      vertex 0.01370465245426189 -0.5233595624294384 1
      vertex 0.05478104631726666 -1.0452846326765348 9
      vertex 0.01370465245426189 -0.5233595624294384 9
    endloop
  endfacet
  facet normal -0.9996573249755573 -0.02617694830787435 0
    outer loop
      vertex 0.01370465245426189 -0.5233595624294384 9
      vertex 0 0 9
      vertex 0 0 1
    endloop
  endfacet
  facet normal -0.6030109516704184 -0.3695255864406402 0.7069855961271326
    outer loop
      vertex 1.6132943205457586 -5.446390350150271 9
      vertex 2.205771365940053 -4.5 10
      vertex 1.3397459621556145 -5 9
    endloop
  endfacet
  facet normal -0.6215240210411467 -0.33746000968649154 0.7069855961271326
    outer loop
      vertex 1.3397459621556145 -5 9
      vertex 2.205771365940053 -4.5 10
      vertex 1.0899347581163212 -4.5399049973954675 9
    endloop
  endfacet
  facet normal -0.6383335362718084 -0.3044694785023458 0.7069855961271329
    outer loop
      vertex 1.0899347581163212 -4.5399049973954675 9
      vertex 1.9809412823046895 -4.085914497655921 10
      vertex 0.8645454235739916 -4.067366430758002 9
    endloop
  endfacet
  facet normal -0.6215240210411469 -0.33746000968649087 0.7069855961271327
    outer loop
      vertex 1.0899347581163212 -4.5399049973954675 9
      vertex 2.205771365940053 -4.5 10
      vertex 1.9809412823046895 -4.085914497655921 10
    endloop
  endfacet
  facet normal -0.6030109516704182 -0.3695255864406404 0.7069855961271327
    outer loop
      vertex 1.6132943205457586 -5.446390350150271 9
      vertex 2.451964888491183 -4.901751315135244 10
      vertex 2.205771365940053 -4.5 10
    endloop
  endfacet
  facet normal 0 0 1
    outer loop
      vertex 2.718847050625473 -5.2900672706322585 10
      vertex 2.205771365940053 -4.5 10
      vertex 2.451964888491183 -4.901751315135244 10
    endloop
  endfacet
  facet normal 0 0 1
    outer loop
      vertex 6.339370212317798 -8.221909118783408 10
      vertex 1.012334187208836 -0.4710236061864945 10
      vertex 2.718847050625473 -5.2900672706322585 10
    endloop
  endfacet
  facet normal -0.6383335362718083 -0.3044694785023468 0.7069855961271326
    outer loop
      vertex 0.8645454235739916 -4.067366430758002 9
      vertex 1.9809412823046895 -4.085914497655921 10
      vertex 1.7780908812165919 -3.660629787682202 10
    endloop
  endfacet
  facet normal 0 0 1
    outer loop
      vertex 2.205771365940053 -4.5 10
      vertex 1.597776161525184 -3.2253115459077026 10
      vertex 1.9809412823046895 -4.085914497655921 10
    endloop
  endfacet
  facet normal 0 0 1
    outer loop
      vertex 2.718847050625473 -5.2900672706322585 10
      vertex 1.597776161525184 -3.2253115459077026 10
      vertex 2.205771365940053 -4.5 10
    endloop
  endfacet
  facet normal 0 0 1
    outer loop
      vertex 9.528976393813505 -8.987665812791164 10
      vertex 7.0266461136734275 -5.15 10
      vertex 1.012334187208836 -0.4710236061864945 10
    endloop
  endfacet
  facet normal -0.6533934236495688 -0.27064441764104086 0.7069855961271325
    outer loop
      vertex 0.8645454235739916 -4.067366430758002 9
      vertex 1.597776161525184 -3.2253115459077026 10
      vertex 0.6641957350279828 -3.5836794954530027 9
    endloop
  endfacet
  facet normal -0.6666624050699259 -0.23607753924324304 0.7069855961271324
    outer loop
      vertex 0.6641957350279828 -3.5836794954530027 9
      vertex 1.597776161525184 -3.2253115459077026 10
      vertex 0.48943483704846535 -3.090169943749474 9
    endloop
  endfacet
  facet normal -0.678104111177121 -0.2008635887199315 0.7069855961271325
    outer loop
      vertex 0.48943483704846535 -3.090169943749474 9
      vertex 1.3066675633983849 -2.3293714059226867 10
      vertex 0.3407417371093171 -2.5881904510252074 9
    endloop
  endfacet
  facet normal -0.6533934236495686 -0.27064441764104114 0.7069855961271326
    outer loop
      vertex 0.8645454235739916 -4.067366430758002 9
      vertex 1.7780908812165919 -3.660629787682202 10
      vertex 1.597776161525184 -3.2253115459077026 10
    endloop
  endfacet
  facet normal 0 0 1
    outer loop
      vertex 1.9809412823046895 -4.085914497655921 10
      vertex 1.597776161525184 -3.2253115459077026 10
      vertex 1.7780908812165919 -3.660629787682202 10
    endloop
  endfacet
  facet normal -0.6666624050699261 -0.23607753924324187 0.7069855961271327
    outer loop
      vertex 0.48943483704846535 -3.090169943749474 9
      vertex 1.597776161525184 -3.2253115459077026 10
      vertex 1.440491353343619 -2.7811529493745266 10
    endloop
  endfacet
  facet normal -0.6781041111771203 -0.2008635887199324 0.7069855961271327
    outer loop
      vertex 0.48943483704846535 -3.090169943749474 9
      vertex 1.440491353343619 -2.7811529493745266 10
      vertex 1.3066675633983849 -2.3293714059226867 10
    endloop
  endfacet
  facet normal 0 0 1
    outer loop
      vertex 2.718847050625473 -5.2900672706322585 10
      vertex 1.012334187208836 -0.4710236061864945 10
      vertex 1.597776161525184 -3.2253115459077026 10
    endloop
  endfacet
  facet normal 0 0 1
    outer loop
      vertex 1.597776161525184 -3.2253115459077026 10
      vertex 1.3066675633983849 -2.3293714059226867 10
      vertex 1.440491353343619 -2.7811529493745266 10
    endloop
  endfacet
  facet normal -0.6876871810500191 -0.16509908506179244 0.7069855961271327
    outer loop
      vertex 0.3407417371093171 -2.5881904510252074 9
      vertex 1.1966715933957488 -1.8712052173598341 10
      vertex 0.2185239926619431 -2.0791169081775935 9
    endloop
  endfacet
  facet normal -0.6953853481602089 -0.12888205628739668 0.7069855961271329
    outer loop
      vertex 0.2185239926619431 -2.0791169081775935 9
      vertex 1.1966715933957488 -1.8712052173598341 10
      vertex 0.12311659404862141 -1.5643446504023086 9
    endloop
  endfacet
  facet normal -0.7011775123667349 -0.09231177075519599 0.706985596127133
    outer loop
      vertex 0.12311659404862141 -1.5643446504023086 9
      vertex 1.1108049346437596 -1.407910185362078 10
      vertex 0.05478104631726666 -1.0452846326765348 9
    endloop
  endfacet
  facet normal -0.6876871810500194 -0.1650990850617917 0.7069855961271325
    outer loop
      vertex 0.3407417371093171 -2.5881904510252074 9
      vertex 1.3066675633983849 -2.3293714059226867 10
      vertex 1.1966715933957488 -1.8712052173598341 10
    endloop
  endfacet
  facet normal 0 0 1
    outer loop
      vertex 1.597776161525184 -3.2253115459077026 10
      vertex 1.1966715933957488 -1.8712052173598341 10
      vertex 1.3066675633983849 -2.3293714059226867 10
    endloop
  endfacet
  facet normal -0.6953853481602089 -0.1288820562873962 0.7069855961271329
    outer loop
      vertex 0.12311659404862141 -1.5643446504023086 9
      vertex 1.1966715933957488 -1.8712052173598341 10
      vertex 1.1108049346437596 -1.407910185362078 10
    endloop
  endfacet
  facet normal 0 0 1
    outer loop
      vertex 1.597776161525184 -3.2253115459077026 10
      vertex 1.012334187208836 -0.4710236061864945 10
      vertex 1.1966715933957488 -1.8712052173598341 10
    endloop
  endfacet
  facet normal 0 0 1
    outer loop
      vertex 1.1966715933957488 -1.8712052173598341 10
      vertex 1.012334187208836 -0.4710236061864945 10
      vertex 1.1108049346437596 -1.407910185362078 10
    endloop
  endfacet
  facet normal 0 0 1
    outer loop
      vertex 1.012334187208836 -0.4710236061864945 10
      vertex 7.0266461136734275 -5.15 10
      vertex 4.053292227346854 0 10
    endloop
  endfacet
  facet normal -0.7050477977501145 -0.055488465075871574 0.7069855961271329
    outer loop
      vertex 0.05478104631726666 -1.0452846326765348 9
      vertex 1.012334187208836 -0.4710236061864945 10
      vertex 0.01370465245426189 -0.5233595624294384 9
    endloop
  endfacet
  facet normal -0.7069855961271327 -0.01851306937073081 0.7069855961271327
    outer loop
      vertex 0.01370465245426189 -0.5233595624294384 9
      vertex 1 0 10
      vertex 0 0 9
    endloop
  endfacet
  facet normal -0.7011775123667348 -0.09231177075519487 0.7069855961271332
    outer loop
      vertex 1.1108049346437596 -1.407910185362078 10
      vertex 1.049302941685541 -0.9407561694088813 10
      vertex 0.05478104631726666 -1.0452846326765348 9
    endloop
  endfacet
  facet normal -0.7050477977501141 -0.055488465075872614 0.7069855961271332
    outer loop
      vertex 0.05478104631726666 -1.0452846326765348 9
      vertex 1.049302941685541 -0.9407561694088813 10
      vertex 1.012334187208836 -0.4710236061864945 10
    endloop
  endfacet
  facet normal 0 0 1
    outer loop
      vertex 1.1108049346437596 -1.407910185362078 10
      vertex 1.012334187208836 -0.4710236061864945 10
      vertex 1.049302941685541 -0.9407561694088813 10
    endloop
  endfacet
  facet normal -0.7069855961271325 -0.018513069370731338 0.7069855961271329
    outer loop
      vertex 0.01370465245426189 -0.5233595624294384 9
      vertex 1.012334187208836 -0.4710236061864945 10
      vertex 1 0 10
    endloop
  endfacet
  facet normal 0 -0.7071067811865476 0.7071067811865476
    outer loop
      vertex 10 -10 9
      vertex 98.38859325120139 -9 10
      vertex 10 -9 10
    endloop
  endfacet
  facet normal 0 0 1
    outer loop
      vertex 9.528976393813505 -8.987665812791164 10
      vertex 10 -9 10
      vertex 98.38859325120139 9 10
    endloop
  endfacet
  facet normal 0 0 1
    outer loop
      vertex 9.528976393813505 -8.987665812791164 10
      vertex 98.38859325120139 9 10
      vertex 12.973353886326572 -5.15 10
    endloop
  endfacet
  facet normal 0 0 -1
    outer loop
      vertex 1.7780908812165919 -3.660629787682202 0
      vertex 1.012334187208836 0.4710236061864945 0
      vertex 2.451964888491183 4.901751315135244 0
    endloop
  endfacet
  facet normal -0.7069855961271325 0.018513069370731338 -0.7069855961271329
    outer loop
      vertex 1 0 0
      vertex 0.01370465245426189 0.5233595624294384 1
      vertex 1.012334187208836 0.4710236061864945 0
    endloop
  endfacet
  facet normal 0 0 -1
    outer loop
      vertex 1.012334187208836 0.4710236061864945 0
      vertex 1.049302941685541 0.9407561694088813 0
      vertex 1.1108049346437596 1.407910185362078 0
    endloop
  endfacet
  facet normal -0.7050477977501142 0.05548846507587262 -0.7069855961271332
    outer loop
      vertex 1.012334187208836 0.4710236061864945 0
      vertex 0.05478104631726666 1.0452846326765348 1
      vertex 1.049302941685541 0.9407561694088813 0
    endloop
  endfacet
  facet normal -0.7011775123667349 0.09231177075519488 -0.7069855961271332
    outer loop
      vertex 1.049302941685541 0.9407561694088813 0
      vertex 0.05478104631726666 1.0452846326765348 1
      vertex 1.1108049346437596 1.407910185362078 0
    endloop
  endfacet
  facet normal 0 0 -1
    outer loop
      vertex 1.7780908812165919 -3.660629787682202 0
      vertex 7.513132923337693 2.0138252513594797 0
      vertex 7.411145618000168 1.880912807335914 0
    endloop
  endfacet
  facet normal 0 0 -1
    outer loop
      vertex 1.7780908812165919 -3.660629787682202 0
      vertex 7.621936558472338 2.1412179403483464 0
      vertex 7.513132923337693 2.0138252513594797 0
    endloop
  endfacet
  facet normal 0 0 -1
    outer loop
      vertex 1.7780908812165919 -3.660629787682202 0
      vertex 7.737258300203047 2.2627416997969525 0
      vertex 7.621936558472338 2.1412179403483464 0
    endloop
  endfacet
  facet normal -0.7069855961271327 0.01851306937073081 -0.7069855961271327
    outer loop
      vertex 1 0 0
      vertex 0 0 1
      vertex 0.01370465245426189 0.5233595624294384 1
    endloop
  endfacet
  facet normal -0.7050477977501145 0.055488465075871574 -0.7069855961271329
    outer loop
      vertex 1.012334187208836 0.4710236061864945 0
      vertex 0.01370465245426189 0.5233595624294384 1
      vertex 0.05478104631726666 1.0452846326765348 1
    endloop
  endfacet
  facet normal 0 0 -1
    outer loop
      vertex 1.012334187208836 0.4710236061864945 0
      vertex 1.1108049346437596 1.407910185362078 0
      vertex 1.440491353343619 2.7811529493745266 0
    endloop
  endfacet
  facet normal 0 0 -1
    outer loop
      vertex 1.1108049346437596 1.407910185362078 0
      vertex 1.1966715933957488 1.8712052173598341 0
      vertex 1.3066675633983849 2.3293714059226867 0
    endloop
  endfacet
  facet normal -0.6953853481602089 0.1288820562873962 -0.706985596127133
    outer loop
      vertex 1.1108049346437596 1.407910185362078 0
      vertex 0.12311659404862141 1.5643446504023086 1
      vertex 1.1966715933957488 1.8712052173598341 0
    endloop
  endfacet
  facet normal 0 0 -1
    outer loop
      vertex 1.1108049346437596 1.407910185362078 0
      vertex 1.3066675633983849 2.3293714059226867 0
      vertex 1.440491353343619 2.7811529493745266 0
    endloop
  endfacet
  facet normal -0.6876871810500192 0.16509908506179166 -0.7069855961271327
    outer loop
      vertex 1.1966715933957488 1.8712052173598341 0
      vertex 0.2185239926619431 2.0791169081775935 1
      vertex 1.3066675633983849 2.3293714059226867 0
    endloop
  endfacet
  facet normal -0.7011775123667349 0.09231177075519599 -0.706985596127133
    outer loop
      vertex 0.05478104631726666 1.0452846326765348 1
      vertex 0.12311659404862141 1.5643446504023086 1
      vertex 1.1108049346437596 1.407910185362078 0
    endloop
  endfacet
  facet normal -0.6953853481602089 0.12888205628739668 -0.7069855961271327
    outer loop
      vertex 1.1966715933957488 1.8712052173598341 0
      vertex 0.12311659404862141 1.5643446504023086 1
      vertex 0.2185239926619431 2.0791169081775935 1
    endloop
  endfacet
  facet normal -0.6876871810500194 0.1650990850617925 -0.7069855961271326
    outer loop
      vertex 1.3066675633983849 2.3293714059226867 0
      vertex 0.2185239926619431 2.0791169081775935 1
      vertex 0.3407417371093171 2.5881904510252074 1
    endloop
  endfacet
  facet normal 0 0 -1
    outer loop
      vertex 1.012334187208836 0.4710236061864945 0
      vertex 1.440491353343619 2.7811529493745266 0
      vertex 2.451964888491183 4.901751315135244 0
    endloop
  endfacet
  facet normal -0.6781041111771203 0.2008635887199324 -0.7069855961271327
    outer loop
      vertex 1.3066675633983849 2.3293714059226867 0
      vertex 0.48943483704846535 3.090169943749474 1
      vertex 1.440491353343619 2.7811529493745266 0
    endloop
  endfacet
  facet normal -0.6666624050699261 0.23607753924324187 -0.7069855961271327
    outer loop
      vertex 1.440491353343619 2.7811529493745266 0
      vertex 0.48943483704846535 3.090169943749474 1
      vertex 1.597776161525184 3.2253115459077026 0
    endloop
  endfacet
  facet normal 0 0 -1
    outer loop
      vertex 1.440491353343619 2.7811529493745266 0
      vertex 1.597776161525184 3.2253115459077026 0
      vertex 1.7780908812165919 3.660629787682202 0
    endloop
  endfacet
  facet normal -0.6533934236495686 0.27064441764104114 -0.7069855961271326
    outer loop
      vertex 1.597776161525184 3.2253115459077026 0
      vertex 0.8645454235739916 4.067366430758002 1
      vertex 1.7780908812165919 3.660629787682202 0
    endloop
  endfacet
  facet normal 0 0 -1
    outer loop
      vertex 1.7780908812165919 -3.660629787682202 0
      vertex 10 9 0
      vertex 7.737258300203047 2.2627416997969525 0
    endloop
  endfacet
  facet normal 0 0 -1
    outer loop
      vertex 1.7780908812165919 -3.660629787682202 0
      vertex 2.451964888491183 4.901751315135244 0
      vertex 10 9 0
    endloop
  endfacet
  facet normal -0.678104111177121 0.2008635887199315 -0.7069855961271325
    outer loop
      vertex 1.3066675633983849 2.3293714059226867 0
      vertex 0.3407417371093171 2.5881904510252074 1
      vertex 0.48943483704846535 3.090169943749474 1
    endloop
  endfacet
  facet normal -0.6666624050699259 0.23607753924324304 -0.7069855961271324
    outer loop
      vertex 1.597776161525184 3.2253115459077026 0
      vertex 0.48943483704846535 3.090169943749474 1
      vertex 0.6641957350279828 3.5836794954530027 1
    endloop
  endfacet
  facet normal -0.6533934236495688 0.27064441764104086 -0.7069855961271325
    outer loop
      vertex 1.597776161525184 3.2253115459077026 0
      vertex 0.6641957350279828 3.5836794954530027 1
      vertex 0.8645454235739916 4.067366430758002 1
    endloop
  endfacet
  facet normal 0 0 -1
    outer loop
      vertex 1.440491353343619 2.7811529493745266 0
      vertex 1.7780908812165919 3.660629787682202 0
      vertex 2.451964888491183 4.901751315135244 0
    endloop
  endfacet
  facet normal 0 0 -1
    outer loop
      vertex 1.7780908812165919 3.660629787682202 0
      vertex 1.9809412823046895 4.085914497655921 0
      vertex 2.451964888491183 4.901751315135244 0
    endloop
  endfacet
  facet normal -0.638333536271808 0.3044694785023466 -0.7069855961271329
    outer loop
      vertex 1.7780908812165919 3.660629787682202 0
      vertex 1.0899347581163212 4.5399049973954675 1
      vertex 1.9809412823046895 4.085914497655921 0
    endloop
  endfacet
  facet normal 0 0 -1
    outer loop
      vertex 1.9809412823046895 4.085914497655921 0
      vertex 2.205771365940053 4.5 0
      vertex 2.451964888491183 4.901751315135244 0
    endloop
  endfacet
  facet normal -0.6215240210411469 0.33746000968649087 -0.7069855961271329
    outer loop
      vertex 1.9809412823046895 4.085914497655921 0
      vertex 1.0899347581163212 4.5399049973954675 1
      vertex 2.205771365940053 4.5 0
    endloop
  endfacet
  facet normal -0.6030109516704183 0.3695255864406405 -0.7069855961271327
    outer loop
      vertex 2.205771365940053 4.5 0
      vertex 1.6132943205457586 5.446390350150271 1
      vertex 2.451964888491183 4.901751315135244 0
    endloop
  endfacet
  facet normal -0.6383335362718087 0.3044694785023459 -0.7069855961271326
    outer loop
      vertex 1.7780908812165919 3.660629787682202 0
      vertex 0.8645454235739916 4.067366430758002 1
      vertex 1.0899347581163212 4.5399049973954675 1
    endloop
  endfacet
  facet normal -0.6215240210411467 0.33746000968649154 -0.7069855961271326
    outer loop
      vertex 2.205771365940053 4.5 0
      vertex 1.0899347581163212 4.5399049973954675 1
      vertex 1.3397459621556145 5 1
    endloop
  endfacet
  facet normal -0.6030109516704184 0.3695255864406402 -0.7069855961271326
    outer loop
      vertex 2.205771365940053 4.5 0
      vertex 1.3397459621556145 5 1
      vertex 1.6132943205457586 5.446390350150271 1
    endloop
  endfacet
  facet normal 0 0 -1
    outer loop
      vertex 10 9 0
      vertex 7.858782059651654 2.3780634415276616 0
      vertex 7.737258300203047 2.2627416997969525 0
    endloop
  endfacet
  facet normal 0 0 -1
    outer loop
      vertex 10 9 0
      vertex 7.98617474864052 2.486867076662307 0
      vertex 7.858782059651654 2.3780634415276616 0
    endloop
  endfacet
  facet normal 0 0 -1
    outer loop
      vertex 10 9 0
      vertex 8.119087192664086 2.588854381999832 0
      vertex 7.98617474864052 2.486867076662307 0
    endloop
  endfacet
  facet normal 0 0 -1
    outer loop
      vertex 10 9 0
      vertex 8.257155087951913 2.6837458174253572 0
      vertex 8.119087192664086 2.588854381999832 0
    endloop
  endfacet
  facet normal 0 0 -1
    outer loop
      vertex 10 9 0
      vertex 8.4 2.7712812921102037 0
      vertex 8.257155087951913 2.6837458174253572 0
    endloop
  endfacet
  facet normal 0 0 -1
    outer loop
      vertex 10 9 0
      vertex 8.54723040083345 2.8512208774027776 0
      vertex 8.4 2.7712812921102037 0
    endloop
  endfacet
  facet normal 0 0 -1
    outer loop
      vertex 10 9 0
      vertex 8.69844274215744 2.923345464456323 0
      vertex 8.54723040083345 2.8512208774027776 0
    endloop
  endfacet
  facet normal 0 0 -1
    outer loop
      vertex 10 9 0
      vertex 8.85322256145504 2.987457364791046 0
      vertex 8.69844274215744 2.923345464456323 0
    endloop
  endfacet
  facet normal -0.9996573249755573 0.02617694830787435 0
    outer loop
      vertex 0 0 1
      vertex 0.01370465245426189 0.5233595624294384 9
      vertex 0.01370465245426189 0.5233595624294384 1
    endloop
  endfacet
  facet normal -0.996917333733128 0.07845909572784379 0
    outer loop
      vertex 0.01370465245426189 0.5233595624294384 1
      vertex 0.05478104631726666 1.0452846326765348 9
      vertex 0.05478104631726666 1.0452846326765348 1
    endloop
  endfacet
  facet normal -0.9914448613738106 0.13052619222004908 0
    outer loop
      vertex 0.05478104631726666 1.0452846326765348 1
      vertex 0.12311659404862141 1.5643446504023086 9
      vertex 0.12311659404862141 1.5643446504023086 1
    endloop
  endfacet
  facet normal -0.9832549075639543 0.1822355254921489 0
    outer loop
      vertex 0.12311659404862141 1.5643446504023086 1
      vertex 0.12311659404862141 1.5643446504023086 9
      vertex 0.2185239926619431 2.0791169081775935 1
    endloop
  endfacet
  facet normal -0.9723699203976764 0.23344536385590645 0
    outer loop
      vertex 0.2185239926619431 2.0791169081775935 1
      vertex 0.3407417371093171 2.5881904510252074 9
      vertex 0.3407417371093171 2.5881904510252074 1
    endloop
  endfacet
  facet normal -0.9588197348681925 0.28401534470392453 0
    outer loop
      vertex 0.3407417371093171 2.5881904510252074 1
      vertex 0.48943483704846535 3.090169943749474 9
      vertex 0.48943483704846535 3.090169943749474 1
    endloop
  endfacet
  facet normal -0.942641491092179 0.3338068592337695 0
    outer loop
      vertex 0.48943483704846535 3.090169943749474 1
      vertex 0.6641957350279828 3.5836794954530027 9
      vertex 0.6641957350279828 3.5836794954530027 1
    endloop
  endfacet
  facet normal -0.9238795325112866 0.38268343236508984 0
    outer loop
      vertex 0.6641957350279828 3.5836794954530027 1
      vertex 0.6641957350279828 3.5836794954530027 9
      vertex 0.8645454235739916 4.067366430758002 1
    endloop
  endfacet
  facet normal -0.9025852843498609 0.4305110968082947 0
    outer loop
      vertex 0.8645454235739916 4.067366430758002 1
      vertex 1.0899347581163212 4.5399049973954675 9
      vertex 1.0899347581163212 4.5399049973954675 1
    endloop
  endfacet
  facet normal -0.8788171126619646 0.4771587602596096 0
    outer loop
      vertex 1.0899347581163212 4.5399049973954675 1
      vertex 1.0899347581163212 4.5399049973954675 9
      vertex 1.3397459621556145 5 1
    endloop
  endfacet
  facet normal 0 0 -1
    outer loop
      vertex 2.451964888491183 4.901751315135244 0
      vertex 2.718847050625473 5.2900672706322585 0
      vertex 3.005686346887262 5.663883519448537 0
    endloop
  endfacet
  facet normal -0.5828450711959356 0.4005783192477688 -0.7069855961271329
    outer loop
      vertex 2.451964888491183 4.901751315135244 0
      vertex 1.9098300562505255 5.877852522924732 1
      vertex 2.718847050625473 5.2900672706322585 0
    endloop
  endfacet
  facet normal 0 0 -1
    outer loop
      vertex 2.451964888491183 4.901751315135244 0
      vertex 3.005686346887262 5.663883519448537 0
      vertex 3.6360389693210715 6.3639610306789285 0
    endloop
  endfacet
  facet normal 0 0 -1
    outer loop
      vertex 3.005686346887262 5.663883519448537 0
      vertex 3.311696570703452 6.022175457229724 0
      vertex 3.6360389693210715 6.3639610306789285 0
    endloop
  endfacet
  facet normal -0.5610816528943706 0.43053309472569457 -0.7069855961271326
    outer loop
      vertex 2.718847050625473 5.2900672706322585 0
      vertex 2.228540385430291 6.293203910498374 1
      vertex 3.005686346887262 5.663883519448537 0
    endloop
  endfacet
  facet normal -0.5377803487825299 0.4593078089169652 -0.7069855961271327
    outer loop
      vertex 3.005686346887262 5.663883519448537 0
      vertex 2.568551745226058 6.691306063588582 1
      vertex 3.311696570703452 6.022175457229724 0
    endloop
  endfacet
  facet normal -0.5828450711959358 0.4005783192477687 -0.7069855961271327
    outer loop
      vertex 2.451964888491183 4.901751315135244 0
      vertex 1.6132943205457586 5.446390350150271 1
      vertex 1.9098300562505255 5.877852522924732 1
    endloop
  endfacet
  facet normal -0.5610816528943701 0.430533094725695 -0.7069855961271329
    outer loop
      vertex 2.718847050625473 5.2900672706322585 0
      vertex 1.9098300562505255 5.877852522924732 1
      vertex 2.228540385430291 6.293203910498374 1
    endloop
  endfacet
  facet normal -0.5377803487825301 0.45930780891696504 -0.7069855961271327
    outer loop
      vertex 3.005686346887262 5.663883519448537 0
      vertex 2.228540385430291 6.293203910498374 1
      vertex 2.568551745226058 6.691306063588582 1
    endloop
  endfacet
  facet normal 0 0 -1
    outer loop
      vertex 2.451964888491183 4.901751315135244 0
      vertex 3.6360389693210715 6.3639610306789285 0
      vertex 5.098248684864756 7.548035111508817 0
    endloop
  endfacet
  facet normal -0.5130050261153306 0.48682359233008815 -0.7069855961271327
    outer loop
      vertex 3.311696570703452 6.022175457229724 0
      vertex 2.568551745226058 6.691306063588582 1
      vertex 3.6360389693210715 6.3639610306789285 0
    endloop
  endfacet
  facet normal -0.48682359233008804 0.5130050261153305 -0.7069855961271327
    outer loop
      vertex 3.6360389693210715 6.3639610306789285 0
      vertex 3.3086939364114176 7.431448254773942 1
      vertex 3.977824542770276 6.688303429296548 0
    endloop
  endfacet
  facet normal -0.4593078089169652 0.5377803487825299 -0.7069855961271327
    outer loop
      vertex 3.977824542770276 6.688303429296548 0
      vertex 3.3086939364114176 7.431448254773942 1
      vertex 4.336116480551463 6.994313653112738 0
    endloop
  endfacet
  facet normal 0 0 -1
    outer loop
      vertex 3.6360389693210715 6.3639610306789285 0
      vertex 3.977824542770276 6.688303429296548 0
      vertex 5.098248684864756 7.548035111508817 0
    endloop
  endfacet
  facet normal 0 0 -1
    outer loop
      vertex 3.977824542770276 6.688303429296548 0
      vertex 4.336116480551463 6.994313653112738 0
      vertex 5.098248684864756 7.548035111508817 0
    endloop
  endfacet
  facet normal 0 0 -1
    outer loop
      vertex 2.451964888491183 4.901751315135244 0
      vertex 5.098248684864756 7.548035111508817 0
      vertex 8.128794782640165 8.803328406604251 0
    endloop
  endfacet
  facet normal 0 0 -1
    outer loop
      vertex 4.336116480551463 6.994313653112738 0
      vertex 4.7099327293677415 7.281152949374527 0
      vertex 5.098248684864756 7.548035111508817 0
    endloop
  endfacet
  facet normal -0.43053309472569445 0.5610816528943704 -0.7069855961271327
    outer loop
      vertex 4.336116480551463 6.994313653112738 0
      vertex 4.122147477075268 8.090169943749475 1
      vertex 4.7099327293677415 7.281152949374527 0
    endloop
  endfacet
  facet normal -0.51300502611533 0.48682359233008893 -0.7069855961271324
    outer loop
      vertex 3.6360389693210715 6.3639610306789285 0
      vertex 2.568551745226058 6.691306063588582 1
      vertex 2.9289321881345245 7.0710678118654755 1
    endloop
  endfacet
  facet normal -0.48682359233008893 0.51300502611533 -0.7069855961271324
    outer loop
      vertex 3.6360389693210715 6.3639610306789285 0
      vertex 2.9289321881345245 7.0710678118654755 1
      vertex 3.3086939364114176 7.431448254773942 1
    endloop
  endfacet
  facet normal -0.45930780891696504 0.5377803487825301 -0.7069855961271327
    outer loop
      vertex 4.336116480551463 6.994313653112738 0
      vertex 3.3086939364114176 7.431448254773942 1
      vertex 3.7067960895016263 7.771459614569709 1
    endloop
  endfacet
  facet normal 0 0 -1
    outer loop
      vertex 10 9 0
      vertex 9.011145618000167 3.0433808521444914 0
      vertex 8.85322256145504 2.987457364791046 0
    endloop
  endfacet
  facet normal 0 0 -1
    outer loop
      vertex 10 9 0
      vertex 9.171779055671934 3.090962644125019 0
      vertex 9.011145618000167 3.0433808521444914 0
    endloop
  endfacet
  facet normal 0 0 -1
    outer loop
      vertex 10 9 0
      vertex 9.33468258938317 3.1300723223481786 0
      vertex 9.171779055671934 3.090962644125019 0
    endloop
  endfacet
  facet normal 0 0 -1
    outer loop
      vertex 10 9 0
      vertex 9.49940971187126 3.160602689904441 0
      vertex 9.33468258938317 3.1300723223481786 0
    endloop
  endfacet
  facet normal 0 0 -1
    outer loop
      vertex 10 9 0
      vertex 9.665508917543509 3.1824700651784745 0
      vertex 9.49940971187126 3.160602689904441 0
    endloop
  endfacet
  facet normal 0 0 -1
    outer loop
      vertex 10 9 0
      vertex 9.83252494002258 3.1956145112146364 0
      vertex 9.665508917543509 3.1824700651784745 0
    endloop
  endfacet
  facet normal 0 0 -1
    outer loop
      vertex 10 9 0
      vertex 10 3.2 0
      vertex 9.83252494002258 3.1956145112146364 0
    endloop
  endfacet
  facet normal 0 0 -1
    outer loop
      vertex 10 9 0
      vertex 10.16747505997742 3.1956145112146364 0
      vertex 10 3.2 0
    endloop
  endfacet
  facet normal 0 0 -1
    outer loop
      vertex 5.5 7.794228634059947 0
      vertex 5.914085502344079 8.01905871769531 0
      vertex 6.339370212317798 8.221909118783408 0
    endloop
  endfacet
  facet normal 0 0 -1
    outer loop
      vertex 5.098248684864756 7.548035111508817 0
      vertex 5.5 7.794228634059947 0
      vertex 7.670628594077313 8.693332436601615 0
    endloop
  endfacet
  facet normal 0 0 -1
    outer loop
      vertex 2.451964888491183 4.901751315135244 0
      vertex 8.128794782640165 8.803328406604251 0
      vertex 10 9 0
    endloop
  endfacet
  facet normal -0.4005783192477688 0.5828450711959356 -0.7069855961271329
    outer loop
      vertex 4.7099327293677415 7.281152949374527 0
      vertex 4.122147477075268 8.090169943749475 1
      vertex 5.098248684864756 7.548035111508817 0
    endloop
  endfacet
  facet normal -0.36952558644064054 0.6030109516704183 -0.7069855961271327
    outer loop
      vertex 5.098248684864756 7.548035111508817 0
      vertex 5 8.660254037844386 1
      vertex 5.5 7.794228634059947 0
    endloop
  endfacet
  facet normal 0 0 -1
    outer loop
      vertex 5.5 7.794228634059947 0
      vertex 6.339370212317798 8.221909118783408 0
      vertex 7.670628594077313 8.693332436601615 0
    endloop
  endfacet
  facet normal 0 0 -1
    outer loop
      vertex 5.098248684864756 7.548035111508817 0
      vertex 7.670628594077313 8.693332436601615 0
      vertex 8.128794782640165 8.803328406604251 0
    endloop
  endfacet
  facet normal 0 0 -1
    outer loop
      vertex 6.339370212317798 8.221909118783408 0
      vertex 6.774688454092297 8.402223838474816 0
      vertex 7.670628594077313 8.693332436601615 0
    endloop
  endfacet
  facet normal 0 0 -1
    outer loop
      vertex 6.774688454092297 8.402223838474816 0
      vertex 7.218847050625474 8.559508646656381 0
      vertex 7.670628594077313 8.693332436601615 0
    endloop
  endfacet
  facet normal -0.33746000968649087 0.6215240210411469 -0.7069855961271329
    outer loop
      vertex 5.5 7.794228634059947 0
      vertex 5.4600950026045325 8.910065241883679 1
      vertex 5.914085502344079 8.01905871769531 0
    endloop
  endfacet
  facet normal -0.30446947850234707 0.6383335362718081 -0.7069855961271326
    outer loop
      vertex 5.914085502344079 8.01905871769531 0
      vertex 5.932633569241998 9.135454576426008 1
      vertex 6.339370212317798 8.221909118783408 0
    endloop
  endfacet
  facet normal -0.2706444176410409 0.6533934236495688 -0.7069855961271326
    outer loop
      vertex 6.339370212317798 8.221909118783408 0
      vertex 6.416320504546997 9.335804264972017 1
      vertex 6.774688454092297 8.402223838474816 0
    endloop
  endfacet
  facet normal -0.4305330947256951 0.5610816528943703 -0.7069855961271327
    outer loop
      vertex 4.336116480551463 6.994313653112738 0
      vertex 3.7067960895016263 7.771459614569709 1
      vertex 4.122147477075268 8.090169943749475 1
    endloop
  endfacet
  facet normal -0.4005783192477687 0.5828450711959358 -0.7069855961271327
    outer loop
      vertex 5.098248684864756 7.548035111508817 0
      vertex 4.122147477075268 8.090169943749475 1
      vertex 4.553609649849729 8.386705679454241 1
    endloop
  endfacet
  facet normal -0.3695255864406402 0.6030109516704184 -0.7069855961271329
    outer loop
      vertex 5.098248684864756 7.548035111508817 0
      vertex 4.553609649849729 8.386705679454241 1
      vertex 5 8.660254037844386 1
    endloop
  endfacet
  facet normal -0.33746000968649154 0.6215240210411467 -0.7069855961271326
    outer loop
      vertex 5.5 7.794228634059947 0
      vertex 5 8.660254037844386 1
      vertex 5.4600950026045325 8.910065241883679 1
    endloop
  endfacet
  facet normal -0.3044694785023458 0.6383335362718084 -0.7069855961271329
    outer loop
      vertex 5.914085502344079 8.01905871769531 0
      vertex 5.4600950026045325 8.910065241883679 1
      vertex 5.932633569241998 9.135454576426008 1
    endloop
  endfacet
  facet normal -0.23607753924324165 0.6666624050699261 -0.706985596127133
    outer loop
      vertex 6.774688454092297 8.402223838474816 0
      vertex 6.9098300562505255 9.510565162951535 1
      vertex 7.218847050625474 8.559508646656381 0
    endloop
  endfacet
  facet normal -0.20086358871993257 0.6781041111771202 -0.7069855961271329
    outer loop
      vertex 7.218847050625474 8.559508646656381 0
      vertex 6.9098300562505255 9.510565162951535 1
      vertex 7.670628594077313 8.693332436601615 0
    endloop
  endfacet
  facet normal -0.1650990850617919 0.6876871810500192 -0.7069855961271327
    outer loop
      vertex 7.670628594077313 8.693332436601615 0
      vertex 7.9208830918224065 9.781476007338057 1
      vertex 8.128794782640165 8.803328406604251 0
    endloop
  endfacet
  facet normal -0.2706444176410411 0.6533934236495688 -0.7069855961271325
    outer loop
      vertex 6.339370212317798 8.221909118783408 0
      vertex 5.932633569241998 9.135454576426008 1
      vertex 6.416320504546997 9.335804264972017 1
    endloop
  endfacet
  facet normal -0.23607753924324304 0.6666624050699259 -0.7069855961271326
    outer loop
      vertex 6.774688454092297 8.402223838474816 0
      vertex 6.416320504546997 9.335804264972017 1
      vertex 6.9098300562505255 9.510565162951535 1
    endloop
  endfacet
  facet normal -0.20086358871993132 0.678104111177121 -0.7069855961271325
    outer loop
      vertex 7.670628594077313 8.693332436601615 0
      vertex 6.9098300562505255 9.510565162951535 1
      vertex 7.411809548974793 9.659258262890683 1
    endloop
  endfacet
  facet normal -0.1650990850617925 0.6876871810500194 -0.7069855961271326
    outer loop
      vertex 7.670628594077313 8.693332436601615 0
      vertex 7.411809548974793 9.659258262890683 1
      vertex 7.9208830918224065 9.781476007338057 1
    endloop
  endfacet
  facet normal 0 0 -1
    outer loop
      vertex 8.128794782640165 8.803328406604251 0
      vertex 8.592089814637923 8.88919506535624 0
      vertex 9.059243830591118 8.950697058314459 0
    endloop
  endfacet
  facet normal 0 0 -1
    outer loop
      vertex 8.128794782640165 8.803328406604251 0
      vertex 9.059243830591118 8.950697058314459 0
      vertex 10 9 0
    endloop
  endfacet
  facet normal 0 0 -1
    outer loop
      vertex 9.059243830591118 8.950697058314459 0
      vertex 9.528976393813505 8.987665812791164 0
      vertex 10 9 0
    endloop
  endfacet
  facet normal -0.12888205628739577 0.6953853481602089 -0.706985596127133
    outer loop
      vertex 8.128794782640165 8.803328406604251 0
      vertex 8.435655349597692 9.876883405951379 1
      vertex 8.592089814637923 8.88919506535624 0
    endloop
  endfacet
  facet normal -0.09231177075519517 0.7011775123667348 -0.7069855961271331
    outer loop
      vertex 8.592089814637923 8.88919506535624 0
      vertex 8.954715367323466 9.945218953682733 1
      vertex 9.059243830591118 8.950697058314459 0
    endloop
  endfacet
  facet normal -0.05548846507587265 0.7050477977501142 -0.7069855961271331
    outer loop
      vertex 9.059243830591118 8.950697058314459 0
      vertex 8.954715367323466 9.945218953682733 1
      vertex 9.528976393813505 8.987665812791164 0
    endloop
  endfacet
  facet normal -0.018513069370731303 0.7069855961271326 -0.706985596127133
    outer loop
      vertex 9.528976393813505 8.987665812791164 0
      vertex 9.47664043757056 9.986295347545738 1
      vertex 10 9 0
    endloop
  endfacet
  facet normal -0.12888205628739657 0.695385348160209 -0.7069855961271327
    outer loop
      vertex 7.9208830918224065 9.781476007338057 1
      vertex 8.435655349597692 9.876883405951379 1
      vertex 8.128794782640165 8.803328406604251 0
    endloop
  endfacet
  facet normal -0.09231177075519592 0.701177512366735 -0.706985596127133
    outer loop
      vertex 8.592089814637923 8.88919506535624 0
      vertex 8.435655349597692 9.876883405951379 1
      vertex 8.954715367323466 9.945218953682733 1
    endloop
  endfacet
  facet normal -0.05548846507587175 0.7050477977501145 -0.7069855961271329
    outer loop
      vertex 9.528976393813505 8.987665812791164 0
      vertex 8.954715367323466 9.945218953682733 1
      vertex 9.47664043757056 9.986295347545738 1
    endloop
  endfacet
  facet normal -0.01851306937073078 0.7069855961271326 -0.7069855961271326
    outer loop
      vertex 10 9 0
      vertex 9.47664043757056 9.986295347545738 1
      vertex 10 10 1
    endloop
  endfacet
  facet normal -0.8526401643540937 0.5224985647159461 0
    outer loop
      vertex 1.3397459621556145 5 1
      vertex 1.3397459621556145 5 9
      vertex 1.6132943205457586 5.446390350150271 1
    endloop
  endfacet
  facet normal -0.8241261886220154 0.5664062369248333 0
    outer loop
      vertex 1.6132943205457586 5.446390350150271 1
      vertex 1.9098300562505255 5.877852522924732 9
      vertex 1.9098300562505255 5.877852522924732 1
    endloop
  endfacet
  facet normal -0.7933533402912342 0.608761429008722 0
    outer loop
      vertex 1.9098300562505255 5.877852522924732 1
      vertex 1.9098300562505255 5.877852522924732 9
      vertex 2.228540385430291 6.293203910498374 1
    endloop
  endfacet
  facet normal -0.7604059656000314 0.6494480483301833 0
    outer loop
      vertex 2.228540385430291 6.293203910498374 1
      vertex 2.568551745226058 6.691306063588582 9
      vertex 2.568551745226058 6.691306063588582 1
    endloop
  endfacet
  facet normal -0.7253743710122882 0.6883545756937534 0
    outer loop
      vertex 2.568551745226058 6.691306063588582 1
      vertex 2.568551745226058 6.691306063588582 9
      vertex 2.9289321881345245 7.0710678118654755 1
    endloop
  endfacet
  facet normal -0.6883545756937534 0.7253743710122882 0
    outer loop
      vertex 2.9289321881345245 7.0710678118654755 1
      vertex 2.9289321881345245 7.0710678118654755 9
      vertex 3.3086939364114176 7.431448254773942 1
    endloop
  endfacet
  facet normal -0.6494480483301833 0.7604059656000314 0
    outer loop
      vertex 3.3086939364114176 7.431448254773942 1
      vertex 3.7067960895016263 7.771459614569709 9
      vertex 3.7067960895016263 7.771459614569709 1
    endloop
  endfacet
  facet normal -0.608761429008722 0.7933533402912342 0
    outer loop
      vertex 3.7067960895016263 7.771459614569709 1
      vertex 4.122147477075268 8.090169943749475 9
      vertex 4.122147477075268 8.090169943749475 1
    endloop
  endfacet
  facet normal -0.5664062369248333 0.8241261886220154 0
    outer loop
      vertex 4.122147477075268 8.090169943749475 1
      vertex 4.122147477075268 8.090169943749475 9
      vertex 4.553609649849729 8.386705679454241 1
    endloop
  endfacet
  facet normal -0.5224985647159461 0.8526401643540937 0
    outer loop
      vertex 4.553609649849729 8.386705679454241 1
      vertex 4.553609649849729 8.386705679454241 9
      vertex 5 8.660254037844386 1
    endloop
  endfacet
  facet normal -0.4771587602596096 0.8788171126619646 0
    outer loop
      vertex 5 8.660254037844386 1
      vertex 5 8.660254037844386 9
      vertex 5.4600950026045325 8.910065241883679 1
    endloop
  endfacet
  facet normal -0.4305110968082947 0.9025852843498609 0
    outer loop
      vertex 5.4600950026045325 8.910065241883679 1
      vertex 5.932633569241998 9.135454576426008 9
      vertex 5.932633569241998 9.135454576426008 1
    endloop
  endfacet
  facet normal -0.38268343236509017 0.9238795325112866 0
    outer loop
      vertex 5.932633569241998 9.135454576426008 1
      vertex 5.932633569241998 9.135454576426008 9
      vertex 6.416320504546997 9.335804264972017 1
    endloop
  endfacet
  facet normal -0.3338068592337695 0.942641491092179 0
    outer loop
      vertex 6.416320504546997 9.335804264972017 1
      vertex 6.416320504546997 9.335804264972017 9
      vertex 6.9098300562505255 9.510565162951535 1
    endloop
  endfacet
  facet normal -0.2840153447039243 0.9588197348681925 0
    outer loop
      vertex 6.9098300562505255 9.510565162951535 1
      vertex 6.9098300562505255 9.510565162951535 9
      vertex 7.411809548974793 9.659258262890683 1
    endloop
  endfacet
  facet normal -0.23344536385590645 0.9723699203976764 0
    outer loop
      vertex 7.411809548974793 9.659258262890683 1
      vertex 7.9208830918224065 9.781476007338057 9
      vertex 7.9208830918224065 9.781476007338057 1
    endloop
  endfacet
  facet normal -0.18223552549214875 0.9832549075639543 0
    outer loop
      vertex 7.9208830918224065 9.781476007338057 1
      vertex 8.435655349597692 9.876883405951379 9
      vertex 8.435655349597692 9.876883405951379 1
    endloop
  endfacet
  facet normal -0.13052619222004896 0.9914448613738107 0
    outer loop
      vertex 8.435655349597692 9.876883405951379 1
      vertex 8.435655349597692 9.876883405951379 9
      vertex 8.954715367323466 9.945218953682733 1
    endloop
  endfacet
  facet normal -0.07845909572784404 0.996917333733128 0
    outer loop
      vertex 8.954715367323466 9.945218953682733 1
      vertex 8.954715367323466 9.945218953682733 9
      vertex 9.47664043757056 9.986295347545738 1
    endloop
  endfacet
  facet normal -0.02617694830787431 0.9996573249755573 0
    outer loop
      vertex 9.47664043757056 9.986295347545738 1
      vertex 10 10 9
      vertex 10 10 1
    endloop
  endfacet
  facet normal 0 0 -1
    outer loop
      vertex 129 0 0
      vertex 13.195614511214636 0.1674750599774203 0
      vertex 13.182470065178475 0.3344910824564911 0
    endloop
  endfacet
  facet normal 0 0 -1
    outer loop
      vertex 129 0 0
      vertex 13.182470065178475 0.3344910824564911 0
      vertex 13.16060268990444 0.5005902881287388 0
    endloop
  endfacet
  facet normal 0 0 -1
    outer loop
      vertex 129 0 0
      vertex 13.2 0 0
      vertex 13.195614511214636 0.1674750599774203 0
    endloop
  endfacet
  facet normal 0 0 -1
    outer loop
      vertex 129 0 0
      vertex 13.16060268990444 0.5005902881287388 0
      vertex 13.130072322348179 0.6653174106168299 0
    endloop
  endfacet
  facet normal 0 0 -1
    outer loop
      vertex 129 0 0
      vertex 13.130072322348179 0.6653174106168299 0
      vertex 13.09096264412502 0.8282209443280664 0
    endloop
  endfacet
  facet normal 0 0 -1
    outer loop
      vertex 129 0 0
      vertex 13.09096264412502 0.8282209443280664 0
      vertex 13.043380852144491 0.9888543819998317 0
    endloop
  endfacet
  facet normal 0 0 -1
    outer loop
      vertex 129 0 0
      vertex 13.043380852144491 0.9888543819998317 0
      vertex 12.987457364791046 1.146777438544961 0
    endloop
  endfacet
  facet normal 0 0 -1
    outer loop
      vertex 129 0 0
      vertex 12.987457364791046 1.146777438544961 0
      vertex 12.923345464456323 1.3015572578425607 0
    endloop
  endfacet
  facet normal 0 0 -1
    outer loop
      vertex 129 0 0
      vertex 12.923345464456323 1.3015572578425607 0
      vertex 12.851220877402778 1.4527695991665497 0
    endloop
  endfacet
  facet normal 0 0 -1
    outer loop
      vertex 129 0 0
      vertex 12.851220877402778 1.4527695991665497 0
      vertex 12.771281292110203 1.6 0
    endloop
  endfacet
  facet normal 0 0 -1
    outer loop
      vertex 129 0 0
      vertex 12.771281292110203 1.6 0
      vertex 12.683745817425358 1.7428449120480867 0
    endloop
  endfacet
  facet normal 0 0 -1
    outer loop
      vertex 129 0 0
      vertex 12.683745817425358 1.7428449120480867 0
      vertex 12.588854381999832 1.880912807335914 0
    endloop
  endfacet
  facet normal 0 0 -1
    outer loop
      vertex 129 0 0
      vertex 11.742844912048087 2.6837458174253572 0
      vertex 11.6 2.7712812921102037 0
    endloop
  endfacet
  facet normal 0 0 -1
    outer loop
      vertex 129 0 0
      vertex 11.6 2.7712812921102037 0
      vertex 11.45276959916655 2.8512208774027776 0
    endloop
  endfacet
  facet normal 0 0 -1
    outer loop
      vertex 129 0 0
      vertex 12.486867076662307 2.0138252513594797 0
      vertex 12.378063441527662 2.1412179403483464 0
    endloop
  endfacet
  facet normal 0 0 -1
    outer loop
      vertex 129 0 0
      vertex 12.588854381999832 1.880912807335914 0
      vertex 12.486867076662307 2.0138252513594797 0
    endloop
  endfacet
  facet normal 0 0 -1
    outer loop
      vertex 129 0 0
      vertex 12.378063441527662 2.1412179403483464 0
      vertex 12.262741699796953 2.2627416997969525 0
    endloop
  endfacet
  facet normal 0 0 -1
    outer loop
      vertex 129 0 0
      vertex 12.262741699796953 2.2627416997969525 0
      vertex 12.141217940348346 2.3780634415276616 0
    endloop
  endfacet
  facet normal 0 0 -1
    outer loop
      vertex 129 0 0
      vertex 12.141217940348346 2.3780634415276616 0
      vertex 12.01382525135948 2.486867076662307 0
    endloop
  endfacet
  facet normal 0 0 -1
    outer loop
      vertex 129 0 0
      vertex 12.01382525135948 2.486867076662307 0
      vertex 11.880912807335914 2.588854381999832 0
    endloop
  endfacet
  facet normal 0 0 -1
    outer loop
      vertex 129 0 0
      vertex 11.880912807335914 2.588854381999832 0
      vertex 11.742844912048087 2.6837458174253572 0
    endloop
  endfacet
  facet normal 0 0 -1
    outer loop
      vertex 129 0 0
      vertex 11.45276959916655 2.8512208774027776 0
      vertex 11.30155725784256 2.923345464456323 0
    endloop
  endfacet
  facet normal 0 0 -1
    outer loop
      vertex 129 0 0
      vertex 11.30155725784256 2.923345464456323 0
      vertex 11.14677743854496 2.987457364791046 0
    endloop
  endfacet
  facet normal 0 0 -1
    outer loop
      vertex 129 0 0
      vertex 11.14677743854496 2.987457364791046 0
      vertex 10.988854381999833 3.0433808521444914 0
    endloop
  endfacet
  facet normal 0 0 -1
    outer loop
      vertex 129 0 0
      vertex 10.988854381999833 3.0433808521444914 0
      vertex 10.828220944328066 3.090962644125019 0
    endloop
  endfacet
  facet normal 0 0 -1
    outer loop
      vertex 129 0 0
      vertex 10.66531741061683 3.1300723223481786 0
      vertex 10.50059028812874 3.160602689904441 0
    endloop
  endfacet
  facet normal 0 0 -1
    outer loop
      vertex 129 0 0
      vertex 10.828220944328066 3.090962644125019 0
      vertex 10.66531741061683 3.1300723223481786 0
    endloop
  endfacet
  facet normal 0 0 -1
    outer loop
      vertex 129 0 0
      vertex 10.334491082456491 3.1824700651784745 0
      vertex 10.16747505997742 3.1956145112146364 0
    endloop
  endfacet
  facet normal 0 0 -1
    outer loop
      vertex 129 0 0
      vertex 10.50059028812874 3.160602689904441 0
      vertex 10.334491082456491 3.1824700651784745 0
    endloop
  endfacet
  facet normal 0 0 -1
    outer loop
      vertex 10 9 0
      vertex 129 0 0
      vertex 10.16747505997742 3.1956145112146364 0
    endloop
  endfacet
  facet normal 0 0.7071067811865475 -0.7071067811865475
    outer loop
      vertex 10 9 0
      vertex 10 10 1
      vertex 120 10 1
    endloop
  endfacet
  facet normal -0.9996573249755573 0.02617694830787435 0
    outer loop
      vertex 0 0 1
      vertex 0 0 9
      vertex 0.01370465245426189 0.5233595624294384 9
    endloop
  endfacet
  facet normal -0.996917333733128 0.07845909572784379 0
    outer loop
      vertex 0.01370465245426189 0.5233595624294384 1
      vertex 0.01370465245426189 0.5233595624294384 9
      vertex 0.05478104631726666 1.0452846326765348 9
    endloop
  endfacet
  facet normal -0.9914448613738106 0.13052619222004908 0
    outer loop
      vertex 0.05478104631726666 1.0452846326765348 1
      vertex 0.05478104631726666 1.0452846326765348 9
      vertex 0.12311659404862141 1.5643446504023086 9
    endloop
  endfacet
  facet normal -0.9832549075639543 0.1822355254921489 0
    outer loop
      vertex 0.2185239926619431 2.0791169081775935 1
      vertex 0.12311659404862141 1.5643446504023086 9
      vertex 0.2185239926619431 2.0791169081775935 9
    endloop
  endfacet
  facet normal -0.9723699203976764 0.23344536385590645 0
    outer loop
      vertex 0.2185239926619431 2.0791169081775935 1
      vertex 0.2185239926619431 2.0791169081775935 9
      vertex 0.3407417371093171 2.5881904510252074 9
    endloop
  endfacet
  facet normal -0.9588197348681925 0.28401534470392453 0
    outer loop
      vertex 0.3407417371093171 2.5881904510252074 1
      vertex 0.3407417371093171 2.5881904510252074 9
      vertex 0.48943483704846535 3.090169943749474 9
    endloop
  endfacet
  facet normal -0.942641491092179 0.3338068592337695 0
    outer loop
      vertex 0.48943483704846535 3.090169943749474 1
      vertex 0.48943483704846535 3.090169943749474 9
      vertex 0.6641957350279828 3.5836794954530027 9
    endloop
  endfacet
  facet normal -0.9238795325112866 0.38268343236508984 0
    outer loop
      vertex 0.8645454235739916 4.067366430758002 1
      vertex 0.6641957350279828 3.5836794954530027 9
      vertex 0.8645454235739916 4.067366430758002 9
    endloop
  endfacet
  facet normal -0.9025852843498609 0.4305110968082947 0
    outer loop
      vertex 0.8645454235739916 4.067366430758002 1
      vertex 0.8645454235739916 4.067366430758002 9
      vertex 1.0899347581163212 4.5399049973954675 9
    endloop
  endfacet
  facet normal -0.8788171126619646 0.4771587602596096 0
    outer loop
      vertex 1.3397459621556145 5 1
      vertex 1.0899347581163212 4.5399049973954675 9
      vertex 1.3397459621556145 5 9
    endloop
  endfacet
  facet normal -0.7069855961271327 0.01851306937073081 0.7069855961271327
    outer loop
      vertex 0 0 9
      vertex 1 0 10
      vertex 0.01370465245426189 0.5233595624294384 9
    endloop
  endfacet
  facet normal -0.7050477977501144 0.05548846507587157 0.7069855961271332
    outer loop
      vertex 0.01370465245426189 0.5233595624294384 9
      vertex 1.049302941685541 0.9407561694088813 10
      vertex 0.05478104631726666 1.0452846326765348 9
    endloop
  endfacet
  facet normal -0.7069855961271325 0.018513069370731338 0.7069855961271329
    outer loop
      vertex 0.01370465245426189 0.5233595624294384 9
      vertex 1 0 10
      vertex 1.012334187208836 0.4710236061864945 10
    endloop
  endfacet
  facet normal 0 0 1
    outer loop
      vertex 1.012334187208836 -0.4710236061864945 10
      vertex 1.012334187208836 0.4710236061864945 10
      vertex 1 0 10
    endloop
  endfacet
  facet normal 0 0 1
    outer loop
      vertex 1.012334187208836 -0.4710236061864945 10
      vertex 1.049302941685541 0.9407561694088813 10
      vertex 1.012334187208836 0.4710236061864945 10
    endloop
  endfacet
  facet normal -0.7050477977501144 0.05548846507587264 0.7069855961271329
    outer loop
      vertex 0.01370465245426189 0.5233595624294384 9
      vertex 1.012334187208836 0.4710236061864945 10
      vertex 1.049302941685541 0.9407561694088813 10
    endloop
  endfacet
  facet normal -0.7011775123667348 0.09231177075519487 0.7069855961271332
    outer loop
      vertex 0.05478104631726666 1.0452846326765348 9
      vertex 1.049302941685541 0.9407561694088813 10
      vertex 1.1108049346437596 1.407910185362078 10
    endloop
  endfacet
  facet normal 0 0 1
    outer loop
      vertex 1.012334187208836 -0.4710236061864945 10
      vertex 1.3066675633983849 2.3293714059226867 10
      vertex 1.049302941685541 0.9407561694088813 10
    endloop
  endfacet
  facet normal -0.7011775123667349 0.09231177075519599 0.706985596127133
    outer loop
      vertex 0.05478104631726666 1.0452846326765348 9
      vertex 1.1108049346437596 1.407910185362078 10
      vertex 0.12311659404862141 1.5643446504023086 9
    endloop
  endfacet
  facet normal -0.6953853481602088 0.12888205628739666 0.7069855961271329
    outer loop
      vertex 0.12311659404862141 1.5643446504023086 9
      vertex 1.1108049346437596 1.407910185362078 10
      vertex 0.2185239926619431 2.0791169081775935 9
    endloop
  endfacet
  facet normal -0.6876871810500194 0.1650990850617925 0.7069855961271326
    outer loop
      vertex 0.2185239926619431 2.0791169081775935 9
      vertex 1.3066675633983849 2.3293714059226867 10
      vertex 0.3407417371093171 2.5881904510252074 9
    endloop
  endfacet
  facet normal -0.695385348160209 0.12888205628739624 0.7069855961271329
    outer loop
      vertex 0.2185239926619431 2.0791169081775935 9
      vertex 1.1108049346437596 1.407910185362078 10
      vertex 1.1966715933957488 1.8712052173598341 10
    endloop
  endfacet
  facet normal 0 0 1
    outer loop
      vertex 1.049302941685541 0.9407561694088813 10
      vertex 1.3066675633983849 2.3293714059226867 10
      vertex 1.1108049346437596 1.407910185362078 10
    endloop
  endfacet
  facet normal 0 0 1
    outer loop
      vertex 1.1108049346437596 1.407910185362078 10
      vertex 1.3066675633983849 2.3293714059226867 10
      vertex 1.1966715933957488 1.8712052173598341 10
    endloop
  endfacet
  facet normal 0 0 1
    outer loop
      vertex 1.012334187208836 -0.4710236061864945 10
      vertex 4.053292227346854 0 10
      vertex 7.0266461136734275 5.15 10
    endloop
  endfacet
  facet normal -0.6876871810500192 0.16509908506179166 0.7069855961271327
    outer loop
      vertex 0.2185239926619431 2.0791169081775935 9
      vertex 1.1966715933957488 1.8712052173598341 10
      vertex 1.3066675633983849 2.3293714059226867 10
    endloop
  endfacet
  facet normal -0.678104111177121 0.2008635887199315 0.7069855961271325
    outer loop
      vertex 1.3066675633983849 2.3293714059226867 10
      vertex 0.48943483704846535 3.090169943749474 9
      vertex 0.3407417371093171 2.5881904510252074 9
    endloop
  endfacet
  facet normal -0.6666624050699259 0.23607753924324304 0.7069855961271324
    outer loop
      vertex 0.48943483704846535 3.090169943749474 9
      vertex 1.597776161525184 3.2253115459077026 10
      vertex 0.6641957350279828 3.5836794954530027 9
    endloop
  endfacet
  facet normal -0.6533934236495688 0.27064441764104086 0.7069855961271325
    outer loop
      vertex 0.6641957350279828 3.5836794954530027 9
      vertex 1.597776161525184 3.2253115459077026 10
      vertex 0.8645454235739916 4.067366430758002 9
    endloop
  endfacet
  facet normal -0.6781041111771203 0.2008635887199324 0.7069855961271327
    outer loop
      vertex 1.3066675633983849 2.3293714059226867 10
      vertex 1.440491353343619 2.7811529493745266 10
      vertex 0.48943483704846535 3.090169943749474 9
    endloop
  endfacet
  facet normal -0.6666624050699261 0.23607753924324187 0.7069855961271327
    outer loop
      vertex 0.48943483704846535 3.090169943749474 9
      vertex 1.440491353343619 2.7811529493745266 10
      vertex 1.597776161525184 3.2253115459077026 10
    endloop
  endfacet
  facet normal 0 0 1
    outer loop
      vertex 1.012334187208836 -0.4710236061864945 10
      vertex 3.311696570703452 6.022175457229724 10
      vertex 1.3066675633983849 2.3293714059226867 10
    endloop
  endfacet
  facet normal 0 0 1
    outer loop
      vertex 1.3066675633983849 2.3293714059226867 10
      vertex 1.597776161525184 3.2253115459077026 10
      vertex 1.440491353343619 2.7811529493745266 10
    endloop
  endfacet
  facet normal -0.6533934236495686 0.27064441764104114 0.7069855961271326
    outer loop
      vertex 1.597776161525184 3.2253115459077026 10
      vertex 1.7780908812165919 3.660629787682202 10
      vertex 0.8645454235739916 4.067366430758002 9
    endloop
  endfacet
  facet normal 0 0 1
    outer loop
      vertex 1.3066675633983849 2.3293714059226867 10
      vertex 1.9809412823046895 4.085914497655921 10
      vertex 1.597776161525184 3.2253115459077026 10
    endloop
  endfacet
  facet normal 0 0 1
    outer loop
      vertex 1.597776161525184 3.2253115459077026 10
      vertex 1.9809412823046895 4.085914497655921 10
      vertex 1.7780908812165919 3.660629787682202 10
    endloop
  endfacet
  facet normal -0.6383335362718084 0.3044694785023458 0.7069855961271329
    outer loop
      vertex 0.8645454235739916 4.067366430758002 9
      vertex 1.9809412823046895 4.085914497655921 10
      vertex 1.0899347581163212 4.5399049973954675 9
    endloop
  endfacet
  facet normal -0.6215240210411466 0.3374600096864915 0.7069855961271329
    outer loop
      vertex 1.0899347581163212 4.5399049973954675 9
      vertex 1.9809412823046895 4.085914497655921 10
      vertex 1.3397459621556145 5 9
    endloop
  endfacet
  facet normal -0.6383335362718083 0.3044694785023468 0.7069855961271326
    outer loop
      vertex 1.7780908812165919 3.660629787682202 10
      vertex 1.9809412823046895 4.085914497655921 10
      vertex 0.8645454235739916 4.067366430758002 9
    endloop
  endfacet
  facet normal 0 0 1
    outer loop
      vertex 1.3066675633983849 2.3293714059226867 10
      vertex 3.311696570703452 6.022175457229724 10
      vertex 1.9809412823046895 4.085914497655921 10
    endloop
  endfacet
  facet normal -0.6215240210411471 0.337460009686491 0.7069855961271326
    outer loop
      vertex 1.9809412823046895 4.085914497655921 10
      vertex 2.205771365940053 4.5 10
      vertex 1.3397459621556145 5 9
    endloop
  endfacet
  facet normal -0.6030109516704183 0.36952558644064054 0.7069855961271327
    outer loop
      vertex 2.205771365940053 4.5 10
      vertex 2.451964888491183 4.901751315135244 10
      vertex 1.3397459621556145 5 9
    endloop
  endfacet
  facet normal 0 0 1
    outer loop
      vertex 1.9809412823046895 4.085914497655921 10
      vertex 2.451964888491183 4.901751315135244 10
      vertex 2.205771365940053 4.5 10
    endloop
  endfacet
  facet normal 0 0 1
    outer loop
      vertex 1.012334187208836 -0.4710236061864945 10
      vertex 7.0266461136734275 5.15 10
      vertex 10 9 10
    endloop
  endfacet
  facet normal 0 0 1
    outer loop
      vertex 1.012334187208836 -0.4710236061864945 10
      vertex 10 9 10
      vertex 3.311696570703452 6.022175457229724 10
    endloop
  endfacet
  facet normal -0.8526401643540937 0.5224985647159461 0
    outer loop
      vertex 1.6132943205457586 5.446390350150271 1
      vertex 1.3397459621556145 5 9
      vertex 1.6132943205457586 5.446390350150271 9
    endloop
  endfacet
  facet normal -0.8241261886220154 0.5664062369248333 0
    outer loop
      vertex 1.6132943205457586 5.446390350150271 1
      vertex 1.6132943205457586 5.446390350150271 9
      vertex 1.9098300562505255 5.877852522924732 9
    endloop
  endfacet
  facet normal -0.7933533402912342 0.608761429008722 0
    outer loop
      vertex 2.228540385430291 6.293203910498374 1
      vertex 1.9098300562505255 5.877852522924732 9
      vertex 2.228540385430291 6.293203910498374 9
    endloop
  endfacet
  facet normal -0.7604059656000314 0.6494480483301833 0
    outer loop
      vertex 2.228540385430291 6.293203910498374 1
      vertex 2.228540385430291 6.293203910498374 9
      vertex 2.568551745226058 6.691306063588582 9
    endloop
  endfacet
  facet normal -0.7253743710122882 0.6883545756937534 0
    outer loop
      vertex 2.9289321881345245 7.0710678118654755 1
      vertex 2.568551745226058 6.691306063588582 9
      vertex 2.9289321881345245 7.0710678118654755 9
    endloop
  endfacet
  facet normal -0.6883545756937534 0.7253743710122882 0
    outer loop
      vertex 3.3086939364114176 7.431448254773942 1
      vertex 2.9289321881345245 7.0710678118654755 9
      vertex 3.3086939364114176 7.431448254773942 9
    endloop
  endfacet
  facet normal -0.6494480483301833 0.7604059656000314 0
    outer loop
      vertex 3.3086939364114176 7.431448254773942 1
      vertex 3.3086939364114176 7.431448254773942 9
      vertex 3.7067960895016263 7.771459614569709 9
    endloop
  endfacet
  facet normal -0.608761429008722 0.7933533402912342 0
    outer loop
      vertex 3.7067960895016263 7.771459614569709 1
      vertex 3.7067960895016263 7.771459614569709 9
      vertex 4.122147477075268 8.090169943749475 9
    endloop
  endfacet
  facet normal -0.5664062369248333 0.8241261886220154 0
    outer loop
      vertex 4.553609649849729 8.386705679454241 1
      vertex 4.122147477075268 8.090169943749475 9
      vertex 4.553609649849729 8.386705679454241 9
    endloop
  endfacet
  facet normal -0.5224985647159461 0.8526401643540937 0
    outer loop
      vertex 5 8.660254037844386 1
      vertex 4.553609649849729 8.386705679454241 9
      vertex 5 8.660254037844386 9
    endloop
  endfacet
  facet normal -0.4771587602596096 0.8788171126619646 0
    outer loop
      vertex 5.4600950026045325 8.910065241883679 1
      vertex 5 8.660254037844386 9
      vertex 5.4600950026045325 8.910065241883679 9
    endloop
  endfacet
  facet normal -0.4305110968082947 0.9025852843498609 0
    outer loop
      vertex 5.4600950026045325 8.910065241883679 1
      vertex 5.4600950026045325 8.910065241883679 9
      vertex 5.932633569241998 9.135454576426008 9
    endloop
  endfacet
  facet normal -0.38268343236509017 0.9238795325112866 0
    outer loop
      vertex 6.416320504546997 9.335804264972017 1
      vertex 5.932633569241998 9.135454576426008 9
      vertex 6.416320504546997 9.335804264972017 9
    endloop
  endfacet
  facet normal -0.3338068592337695 0.942641491092179 0
    outer loop
      vertex 6.9098300562505255 9.510565162951535 1
      vertex 6.416320504546997 9.335804264972017 9
      vertex 6.9098300562505255 9.510565162951535 9
    endloop
  endfacet
  facet normal -0.2840153447039243 0.9588197348681925 0
    outer loop
      vertex 7.411809548974793 9.659258262890683 1
      vertex 6.9098300562505255 9.510565162951535 9
      vertex 7.411809548974793 9.659258262890683 9
    endloop
  endfacet
  facet normal -0.23344536385590645 0.9723699203976764 0
    outer loop
      vertex 7.411809548974793 9.659258262890683 1
      vertex 7.411809548974793 9.659258262890683 9
      vertex 7.9208830918224065 9.781476007338057 9
    endloop
  endfacet
  facet normal -0.18223552549214875 0.9832549075639543 0
    outer loop
      vertex 7.9208830918224065 9.781476007338057 1
      vertex 7.9208830918224065 9.781476007338057 9
      vertex 8.435655349597692 9.876883405951379 9
    endloop
  endfacet
  facet normal -0.13052619222004896 0.9914448613738107 0
    outer loop
      vertex 8.954715367323466 9.945218953682733 1
      vertex 8.435655349597692 9.876883405951379 9
      vertex 8.954715367323466 9.945218953682733 9
    endloop
  endfacet
  facet normal -0.07845909572784404 0.996917333733128 0
    outer loop
      vertex 9.47664043757056 9.986295347545738 1
      vertex 8.954715367323466 9.945218953682733 9
      vertex 9.47664043757056 9.986295347545738 9
    endloop
  endfacet
  facet normal -0.02617694830787431 0.9996573249755573 0
    outer loop
      vertex 9.47664043757056 9.986295347545738 1
      vertex 9.47664043757056 9.986295347545738 9
      vertex 10 10 9
    endloop
  endfacet
  facet normal -0.6030109516704184 0.3695255864406402 0.7069855961271329
    outer loop
      vertex 2.451964888491183 4.901751315135244 10
      vertex 1.6132943205457586 5.446390350150271 9
      vertex 1.3397459621556145 5 9
    endloop
  endfacet
  facet normal -0.5828450711959358 0.4005783192477687 0.7069855961271327
    outer loop
      vertex 2.451964888491183 4.901751315135244 10
      vertex 1.9098300562505255 5.877852522924732 9
      vertex 1.6132943205457586 5.446390350150271 9
    endloop
  endfacet
  facet normal -0.5610816528943703 0.4305330947256951 0.7069855961271327
    outer loop
      vertex 1.9098300562505255 5.877852522924732 9
      vertex 3.005686346887262 5.663883519448537 10
      vertex 2.228540385430291 6.293203910498374 9
    endloop
  endfacet
  facet normal -0.5828450711959356 0.4005783192477688 0.7069855961271329
    outer loop
      vertex 2.451964888491183 4.901751315135244 10
      vertex 2.718847050625473 5.2900672706322585 10
      vertex 1.9098300562505255 5.877852522924732 9
    endloop
  endfacet
  facet normal -0.5610816528943704 0.43053309472569445 0.7069855961271327
    outer loop
      vertex 1.9098300562505255 5.877852522924732 9
      vertex 2.718847050625473 5.2900672706322585 10
      vertex 3.005686346887262 5.663883519448537 10
    endloop
  endfacet
  facet normal 0 0 1
    outer loop
      vertex 1.9809412823046895 4.085914497655921 10
      vertex 3.311696570703452 6.022175457229724 10
      vertex 2.451964888491183 4.901751315135244 10
    endloop
  endfacet
  facet normal 0 0 1
    outer loop
      vertex 2.451964888491183 4.901751315135244 10
      vertex 3.311696570703452 6.022175457229724 10
      vertex 2.718847050625473 5.2900672706322585 10
    endloop
  endfacet
  facet normal -0.5377803487825299 0.4593078089169652 0.7069855961271326
    outer loop
      vertex 3.005686346887262 5.663883519448537 10
      vertex 3.311696570703452 6.022175457229724 10
      vertex 2.228540385430291 6.293203910498374 9
    endloop
  endfacet
  facet normal 0 0 1
    outer loop
      vertex 2.718847050625473 5.2900672706322585 10
      vertex 3.311696570703452 6.022175457229724 10
      vertex 3.005686346887262 5.663883519448537 10
    endloop
  endfacet
  facet normal -0.53778034878253 0.4593078089169649 0.7069855961271327
    outer loop
      vertex 3.311696570703452 6.022175457229724 10
      vertex 2.568551745226058 6.691306063588582 9
      vertex 2.228540385430291 6.293203910498374 9
    endloop
  endfacet
  facet normal -0.51300502611533 0.48682359233008893 0.7069855961271324
    outer loop
      vertex 2.568551745226058 6.691306063588582 9
      vertex 3.6360389693210715 6.3639610306789285 10
      vertex 2.9289321881345245 7.0710678118654755 9
    endloop
  endfacet
  facet normal -0.48682359233008893 0.51300502611533 0.7069855961271326
    outer loop
      vertex 2.9289321881345245 7.0710678118654755 9
      vertex 3.6360389693210715 6.3639610306789285 10
      vertex 3.3086939364114176 7.431448254773942 9
    endloop
  endfacet
  facet normal -0.45930780891696504 0.5377803487825301 0.7069855961271327
    outer loop
      vertex 3.3086939364114176 7.431448254773942 9
      vertex 4.336116480551463 6.994313653112738 10
      vertex 3.7067960895016263 7.771459614569709 9
    endloop
  endfacet
  facet normal -0.5130050261153306 0.48682359233008815 0.7069855961271327
    outer loop
      vertex 3.311696570703452 6.022175457229724 10
      vertex 3.6360389693210715 6.3639610306789285 10
      vertex 2.568551745226058 6.691306063588582 9
    endloop
  endfacet
  facet normal -0.48682359233008815 0.5130050261153306 0.7069855961271327
    outer loop
      vertex 3.3086939364114176 7.431448254773942 9
      vertex 3.6360389693210715 6.3639610306789285 10
      vertex 3.977824542770276 6.688303429296548 10
    endloop
  endfacet
  facet normal 0 0 1
    outer loop
      vertex 3.311696570703452 6.022175457229724 10
      vertex 3.977824542770276 6.688303429296548 10
      vertex 3.6360389693210715 6.3639610306789285 10
    endloop
  endfacet
  facet normal -0.4593078089169652 0.5377803487825299 0.7069855961271327
    outer loop
      vertex 3.3086939364114176 7.431448254773942 9
      vertex 3.977824542770276 6.688303429296548 10
      vertex 4.336116480551463 6.994313653112738 10
    endloop
  endfacet
  facet normal -0.43053309472569457 0.5610816528943706 0.7069855961271326
    outer loop
      vertex 4.336116480551463 6.994313653112738 10
      vertex 4.7099327293677415 7.281152949374527 10
      vertex 3.7067960895016263 7.771459614569709 9
    endloop
  endfacet
  facet normal 0 0 1
    outer loop
      vertex 3.977824542770276 6.688303429296548 10
      vertex 4.7099327293677415 7.281152949374527 10
      vertex 4.336116480551463 6.994313653112738 10
    endloop
  endfacet
  facet normal 0 0 1
    outer loop
      vertex 3.311696570703452 6.022175457229724 10
      vertex 6.339370212317798 8.221909118783408 10
      vertex 3.977824542770276 6.688303429296548 10
    endloop
  endfacet
  facet normal 0 0 1
    outer loop
      vertex 3.977824542770276 6.688303429296548 10
      vertex 5.098248684864756 7.548035111508817 10
      vertex 4.7099327293677415 7.281152949374527 10
    endloop
  endfacet
  facet normal 0 0 1
    outer loop
      vertex 3.977824542770276 6.688303429296548 10
      vertex 6.339370212317798 8.221909118783408 10
      vertex 5.098248684864756 7.548035111508817 10
    endloop
  endfacet
  facet normal 0 0 1
    outer loop
      vertex 10 9 10
      vertex 7.0266461136734275 5.15 10
      vertex 12.973353886326572 5.15 10
    endloop
  endfacet
  facet normal -0.430533094725695 0.5610816528943701 0.7069855961271329
    outer loop
      vertex 4.7099327293677415 7.281152949374527 10
      vertex 4.122147477075268 8.090169943749475 9
      vertex 3.7067960895016263 7.771459614569709 9
    endloop
  endfacet
  facet normal -0.4005783192477687 0.5828450711959358 0.7069855961271327
    outer loop
      vertex 4.122147477075268 8.090169943749475 9
      vertex 5.098248684864756 7.548035111508817 10
      vertex 4.553609649849729 8.386705679454241 9
    endloop
  endfacet
  facet normal -0.3695255864406402 0.6030109516704184 0.7069855961271329
    outer loop
      vertex 4.553609649849729 8.386705679454241 9
      vertex 5.098248684864756 7.548035111508817 10
      vertex 5 8.660254037844386 9
    endloop
  endfacet
  facet normal -0.33746000968649154 0.6215240210411467 0.7069855961271326
    outer loop
      vertex 5 8.660254037844386 9
      vertex 5.5 7.794228634059947 10
      vertex 5.4600950026045325 8.910065241883679 9
    endloop
  endfacet
  facet normal -0.4005783192477688 0.5828450711959356 0.7069855961271329
    outer loop
      vertex 4.7099327293677415 7.281152949374527 10
      vertex 5.098248684864756 7.548035111508817 10
      vertex 4.122147477075268 8.090169943749475 9
    endloop
  endfacet
  facet normal -0.36952558644064054 0.6030109516704183 0.7069855961271327
    outer loop
      vertex 5 8.660254037844386 9
      vertex 5.098248684864756 7.548035111508817 10
      vertex 5.5 7.794228634059947 10
    endloop
  endfacet
  facet normal 0 0 1
    outer loop
      vertex 5.098248684864756 7.548035111508817 10
      vertex 6.339370212317798 8.221909118783408 10
      vertex 5.5 7.794228634059947 10
    endloop
  endfacet
  facet normal 0 0 1
    outer loop
      vertex 5.5 7.794228634059947 10
      vertex 6.339370212317798 8.221909118783408 10
      vertex 5.914085502344079 8.01905871769531 10
    endloop
  endfacet
  facet normal 0 0 1
    outer loop
      vertex 3.311696570703452 6.022175457229724 10
      vertex 10 9 10
      vertex 6.339370212317798 8.221909118783408 10
    endloop
  endfacet
  facet normal -0.33746000968649087 0.6215240210411469 0.7069855961271329
    outer loop
      vertex 5.5 7.794228634059947 10
      vertex 5.914085502344079 8.01905871769531 10
      vertex 5.4600950026045325 8.910065241883679 9
    endloop
  endfacet
  facet normal -0.30446947850234696 0.6383335362718079 0.706985596127133
    outer loop
      vertex 5.914085502344079 8.01905871769531 10
      vertex 6.339370212317798 8.221909118783408 10
      vertex 5.4600950026045325 8.910065241883679 9
    endloop
  endfacet
  facet normal -0.2706444176410409 0.6533934236495688 0.7069855961271326
    outer loop
      vertex 6.339370212317798 8.221909118783408 10
      vertex 6.774688454092297 8.402223838474816 10
      vertex 6.416320504546997 9.335804264972017 9
    endloop
  endfacet
  facet normal 0 0 1
    outer loop
      vertex 6.339370212317798 8.221909118783408 10
      vertex 7.670628594077313 8.693332436601615 10
      vertex 6.774688454092297 8.402223838474816 10
    endloop
  endfacet
  facet normal 0 0 1
    outer loop
      vertex 6.774688454092297 8.402223838474816 10
      vertex 7.670628594077313 8.693332436601615 10
      vertex 7.218847050625474 8.559508646656381 10
    endloop
  endfacet
  facet normal 0 0 1
    outer loop
      vertex 6.339370212317798 8.221909118783408 10
      vertex 8.592089814637923 8.88919506535624 10
      vertex 7.670628594077313 8.693332436601615 10
    endloop
  endfacet
  facet normal -0.30446947850234596 0.6383335362718088 0.7069855961271325
    outer loop
      vertex 6.339370212317798 8.221909118783408 10
      vertex 5.932633569241998 9.135454576426008 9
      vertex 5.4600950026045325 8.910065241883679 9
    endloop
  endfacet
  facet normal -0.2706444176410411 0.6533934236495688 0.7069855961271325
    outer loop
      vertex 6.339370212317798 8.221909118783408 10
      vertex 6.416320504546997 9.335804264972017 9
      vertex 5.932633569241998 9.135454576426008 9
    endloop
  endfacet
  facet normal -0.23607753924324304 0.6666624050699259 0.7069855961271326
    outer loop
      vertex 6.774688454092297 8.402223838474816 10
      vertex 6.9098300562505255 9.510565162951535 9
      vertex 6.416320504546997 9.335804264972017 9
    endloop
  endfacet
  facet normal -0.20086358871993132 0.678104111177121 0.7069855961271325
    outer loop
      vertex 7.670628594077313 8.693332436601615 10
      vertex 7.411809548974793 9.659258262890683 9
      vertex 6.9098300562505255 9.510565162951535 9
    endloop
  endfacet
  facet normal -0.1650990850617925 0.6876871810500194 0.7069855961271326
    outer loop
      vertex 7.670628594077313 8.693332436601615 10
      vertex 7.9208830918224065 9.781476007338057 9
      vertex 7.411809548974793 9.659258262890683 9
    endloop
  endfacet
  facet normal -0.23607753924324165 0.6666624050699261 0.706985596127133
    outer loop
      vertex 6.774688454092297 8.402223838474816 10
      vertex 7.218847050625474 8.559508646656381 10
      vertex 6.9098300562505255 9.510565162951535 9
    endloop
  endfacet
  facet normal -0.20086358871993257 0.6781041111771202 0.7069855961271329
    outer loop
      vertex 7.218847050625474 8.559508646656381 10
      vertex 7.670628594077313 8.693332436601615 10
      vertex 6.9098300562505255 9.510565162951535 9
    endloop
  endfacet
  facet normal -0.1650990850617919 0.6876871810500192 0.7069855961271327
    outer loop
      vertex 7.670628594077313 8.693332436601615 10
      vertex 8.128794782640165 8.803328406604251 10
      vertex 7.9208830918224065 9.781476007338057 9
    endloop
  endfacet
  facet normal 0 0 1
    outer loop
      vertex 6.339370212317798 8.221909118783408 10
      vertex 10 9 10
      vertex 8.592089814637923 8.88919506535624 10
    endloop
  endfacet
  facet normal -0.12888205628739657 0.695385348160209 0.7069855961271327
    outer loop
      vertex 7.9208830918224065 9.781476007338057 9
      vertex 8.128794782640165 8.803328406604251 10
      vertex 8.435655349597692 9.876883405951379 9
    endloop
  endfacet
  facet normal -0.0923117707551959 0.7011775123667348 0.7069855961271331
    outer loop
      vertex 8.435655349597692 9.876883405951379 9
      vertex 9.059243830591118 8.950697058314459 10
      vertex 8.954715367323466 9.945218953682733 9
    endloop
  endfacet
  facet normal -0.05548846507587175 0.7050477977501145 0.7069855961271329
    outer loop
      vertex 8.954715367323466 9.945218953682733 9
      vertex 9.528976393813505 8.987665812791164 10
      vertex 9.47664043757056 9.986295347545738 9
    endloop
  endfacet
  facet normal -0.01851306937073078 0.7069855961271326 0.7069855961271326
    outer loop
      vertex 9.47664043757056 9.986295347545738 9
      vertex 10 9 10
      vertex 10 10 9
    endloop
  endfacet
  facet normal -0.12888205628739577 0.6953853481602089 0.706985596127133
    outer loop
      vertex 8.435655349597692 9.876883405951379 9
      vertex 8.128794782640165 8.803328406604251 10
      vertex 8.592089814637923 8.88919506535624 10
    endloop
  endfacet
  facet normal -0.0923117707551952 0.701177512366735 0.706985596127133
    outer loop
      vertex 8.435655349597692 9.876883405951379 9
      vertex 8.592089814637923 8.88919506535624 10
      vertex 9.059243830591118 8.950697058314459 10
    endloop
  endfacet
  facet normal -0.05548846507587264 0.7050477977501141 0.7069855961271331
    outer loop
      vertex 8.954715367323466 9.945218953682733 9
      vertex 9.059243830591118 8.950697058314459 10
      vertex 9.528976393813505 8.987665812791164 10
    endloop
  endfacet
  facet normal -0.018513069370731303 0.7069855961271326 0.7069855961271329
    outer loop
      vertex 9.47664043757056 9.986295347545738 9
      vertex 9.528976393813505 8.987665812791164 10
      vertex 10 9 10
    endloop
  endfacet
  facet normal 0 0 1
    outer loop
      vertex 7.670628594077313 8.693332436601615 10
      vertex 8.592089814637923 8.88919506535624 10
      vertex 8.128794782640165 8.803328406604251 10
    endloop
  endfacet
  facet normal 0 0 1
    outer loop
      vertex 8.592089814637923 8.88919506535624 10
      vertex 10 9 10
      vertex 9.059243830591118 8.950697058314459 10
    endloop
  endfacet
  facet normal 0 0 1
    outer loop
      vertex 9.059243830591118 8.950697058314459 10
      vertex 10 9 10
      vertex 9.528976393813505 8.987665812791164 10
    endloop
  endfacet
  facet normal 0 0 1
    outer loop
      vertex 12.973353886326572 -5.15 10
      vertex 98.38859325120139 9 10
      vertex 15.946707772653145 0 10
    endloop
  endfacet
  facet normal 0 0 1
    outer loop
      vertex 98.38859325120139 9 10
      vertex 12.973353886326572 5.15 10
      vertex 15.946707772653145 0 10
    endloop
  endfacet
  facet normal 0 1 0
    outer loop
      vertex 10 10 1
      vertex 10 10 9
      vertex 99.42233234810496 10 9
    endloop
  endfacet
  facet normal 0 0 1
    outer loop
      vertex 10 9 10
      vertex 12.973353886326572 5.15 10
      vertex 98.38859325120139 9 10
    endloop
  endfacet
  facet normal 0 0.7071067811865476 0.7071067811865476
    outer loop
      vertex 10 10 9
      vertex 10 9 10
      vertex 99.29391029825827 9.890317207638308 9.109682792361692
    endloop
  endfacet
  facet normal 0 -0.7071067811865475 -0.7071067811865475
    outer loop
      vertex 10 -9 0
      vertex 120 -9 0
      vertex 120 -10 1
    endloop
  endfacet
  facet normal 0 0 -1
    outer loop
      vertex 10 -9 0
      vertex 123.6606297876822 -8.221909118783408 0
      vertex 120 -9 0
    endloop
  endfacet
  facet normal 0 0 -1
    outer loop
      vertex 10 -9 0
      vertex 129 0 0
      vertex 123.6606297876822 -8.221909118783408 0
    endloop
  endfacet
  facet normal 0 0 -1
    outer loop
      vertex 120 -9 0
      vertex 120.94075616940889 -8.950697058314459 0
      vertex 120.47102360618649 -8.987665812791164 0
    endloop
  endfacet
  facet normal 0 0 -1
    outer loop
      vertex 120 -9 0
      vertex 121.87120521735983 -8.803328406604251 0
      vertex 120.94075616940889 -8.950697058314459 0
    endloop
  endfacet
  facet normal 0 0 -1
    outer loop
      vertex 120.94075616940889 -8.950697058314459 0
      vertex 121.87120521735983 -8.803328406604251 0
      vertex 121.40791018536208 -8.88919506535624 0
    endloop
  endfacet
  facet normal 0.018513069370731442 -0.7069855961271325 -0.7069855961271329
    outer loop
      vertex 120 -9 0
      vertex 120.47102360618649 -8.987665812791164 0
      vertex 120.52335956242943 -9.986295347545738 1
    endloop
  endfacet
  facet normal 0.05548846507587184 -0.7050477977501145 -0.7069855961271329
    outer loop
      vertex 120.47102360618649 -8.987665812791164 0
      vertex 120.94075616940889 -8.950697058314459 0
      vertex 120.52335956242943 -9.986295347545738 1
    endloop
  endfacet
  facet normal 0.09231177075519446 -0.7011775123667346 -0.7069855961271333
    outer loop
      vertex 120.94075616940889 -8.950697058314459 0
      vertex 121.40791018536208 -8.88919506535624 0
      vertex 121.04528463267654 -9.945218953682733 1
    endloop
  endfacet
  facet normal 0.12888205628739927 -0.695385348160209 -0.7069855961271322
    outer loop
      vertex 121.40791018536208 -8.88919506535624 0
      vertex 121.87120521735983 -8.803328406604251 0
      vertex 121.5643446504023 -9.876883405951379 1
    endloop
  endfacet
  facet normal 0.01851306937073097 -0.7069855961271326 -0.7069855961271326
    outer loop
      vertex 120 -9 0
      vertex 120.52335956242943 -9.986295347545738 1
      vertex 120 -10 1
    endloop
  endfacet
  facet normal 0.055488465075870415 -0.7050477977501143 -0.7069855961271332
    outer loop
      vertex 120.94075616940889 -8.950697058314459 0
      vertex 121.04528463267654 -9.945218953682733 1
      vertex 120.52335956242943 -9.986295347545738 1
    endloop
  endfacet
  facet normal 0.09231177075519784 -0.7011775123667352 -0.7069855961271324
    outer loop
      vertex 121.40791018536208 -8.88919506535624 0
      vertex 121.5643446504023 -9.876883405951379 1
      vertex 121.04528463267654 -9.945218953682733 1
    endloop
  endfacet
  facet normal 0.128882056287395 -0.6953853481602088 -0.7069855961271332
    outer loop
      vertex 121.87120521735983 -8.803328406604251 0
      vertex 122.0791169081776 -9.781476007338057 1
      vertex 121.5643446504023 -9.876883405951379 1
    endloop
  endfacet
  facet normal 0 0 -1
    outer loop
      vertex 120 -9 0
      vertex 123.6606297876822 -8.221909118783408 0
      vertex 121.87120521735983 -8.803328406604251 0
    endloop
  endfacet
  facet normal 0.16509908506179033 -0.6876871810500194 -0.7069855961271331
    outer loop
      vertex 121.87120521735983 -8.803328406604251 0
      vertex 122.32937140592269 -8.693332436601615 0
      vertex 122.58819045102521 -9.659258262890683 1
    endloop
  endfacet
  facet normal 0.20086358871993068 -0.6781041111771205 -0.7069855961271332
    outer loop
      vertex 122.58819045102521 -9.659258262890683 1
      vertex 122.32937140592269 -8.693332436601615 0
      vertex 122.78115294937453 -8.559508646656381 0
    endloop
  endfacet
  facet normal 0.2360775392432444 -0.6666624050699259 -0.7069855961271322
    outer loop
      vertex 123.583679495453 -9.335804264972017 1
      vertex 122.78115294937453 -8.559508646656381 0
      vertex 123.2253115459077 -8.402223838474816 0
    endloop
  endfacet
  facet normal 0.1650990850617915 -0.6876871810500187 -0.7069855961271334
    outer loop
      vertex 121.87120521735983 -8.803328406604251 0
      vertex 122.58819045102521 -9.659258262890683 1
      vertex 122.0791169081776 -9.781476007338057 1
    endloop
  endfacet
  facet normal 0.20086358871993398 -0.6781041111771203 -0.7069855961271324
    outer loop
      vertex 122.58819045102521 -9.659258262890683 1
      vertex 122.78115294937453 -8.559508646656381 0
      vertex 123.09016994374947 -9.510565162951535 1
    endloop
  endfacet
  facet normal 0.23607753924324468 -0.6666624050699258 -0.7069855961271322
    outer loop
      vertex 123.09016994374947 -9.510565162951535 1
      vertex 122.78115294937453 -8.559508646656381 0
      vertex 123.583679495453 -9.335804264972017 1
    endloop
  endfacet
  facet normal 0.2706444176410397 -0.6533934236495689 -0.7069855961271329
    outer loop
      vertex 123.583679495453 -9.335804264972017 1
      vertex 123.6606297876822 -8.221909118783408 0
      vertex 124.067366430758 -9.135454576426008 1
    endloop
  endfacet
  facet normal 0.30446947850234435 -0.638333536271809 -0.7069855961271331
    outer loop
      vertex 124.067366430758 -9.135454576426008 1
      vertex 123.6606297876822 -8.221909118783408 0
      vertex 124.53990499739547 -8.910065241883679 1
    endloop
  endfacet
  facet normal 0 0 -1
    outer loop
      vertex 121.87120521735983 -8.803328406604251 0
      vertex 122.78115294937453 -8.559508646656381 0
      vertex 122.32937140592269 -8.693332436601615 0
    endloop
  endfacet
  facet normal 0 0 -1
    outer loop
      vertex 121.87120521735983 -8.803328406604251 0
      vertex 123.6606297876822 -8.221909118783408 0
      vertex 122.78115294937453 -8.559508646656381 0
    endloop
  endfacet
  facet normal 0 0 -1
    outer loop
      vertex 122.78115294937453 -8.559508646656381 0
      vertex 123.6606297876822 -8.221909118783408 0
      vertex 123.2253115459077 -8.402223838474816 0
    endloop
  endfacet
  facet normal 0.270644417641043 -0.6533934236495684 -0.7069855961271321
    outer loop
      vertex 123.583679495453 -9.335804264972017 1
      vertex 123.2253115459077 -8.402223838474816 0
      vertex 123.6606297876822 -8.221909118783408 0
    endloop
  endfacet
  facet normal 0.3044694785023438 -0.6383335362718093 -0.7069855961271329
    outer loop
      vertex 124.53990499739547 -8.910065241883679 1
      vertex 123.6606297876822 -8.221909118783408 0
      vertex 124.08591449765592 -8.01905871769531 0
    endloop
  endfacet
  facet normal 0.33746000968649087 -0.6215240210411469 -0.7069855961271327
    outer loop
      vertex 124.53990499739547 -8.910065241883679 1
      vertex 124.08591449765592 -8.01905871769531 0
      vertex 124.5 -7.794228634059947 0
    endloop
  endfacet
  facet normal 0 0 -1
    outer loop
      vertex 123.6606297876822 -8.221909118783408 0
      vertex 124.5 -7.794228634059947 0
      vertex 124.08591449765592 -8.01905871769531 0
    endloop
  endfacet
  facet normal 0 0 -1
    outer loop
      vertex 123.6606297876822 -8.221909118783408 0
      vertex 125.66388351944853 -6.994313653112738 0
      vertex 124.5 -7.794228634059947 0
    endloop
  endfacet
  facet normal 0 0 -1
    outer loop
      vertex 124.5 -7.794228634059947 0
      vertex 125.29006727063226 -7.281152949374527 0
      vertex 124.90175131513524 -7.548035111508817 0
    endloop
  endfacet
  facet normal 0.3695255864406413 -0.6030109516704183 -0.7069855961271324
    outer loop
      vertex 124.5 -7.794228634059947 0
      vertex 124.90175131513524 -7.548035111508817 0
      vertex 125.44639035015027 -8.386705679454241 1
    endloop
  endfacet
  facet normal 0.40057831924776566 -0.5828450711959404 -0.7069855961271306
    outer loop
      vertex 124.90175131513524 -7.548035111508817 0
      vertex 125.29006727063226 -7.281152949374527 0
      vertex 125.87785252292473 -8.090169943749475 1
    endloop
  endfacet
  facet normal 0.33746000968649154 -0.6215240210411467 -0.7069855961271326
    outer loop
      vertex 124.53990499739547 -8.910065241883679 1
      vertex 124.5 -7.794228634059947 0
      vertex 125 -8.660254037844386 1
    endloop
  endfacet
  facet normal 0.36952558644064243 -0.6030109516704172 -0.7069855961271327
    outer loop
      vertex 124.5 -7.794228634059947 0
      vertex 125.44639035015027 -8.386705679454241 1
      vertex 125 -8.660254037844386 1
    endloop
  endfacet
  facet normal 0.40057831924777015 -0.5828450711959355 -0.7069855961271323
    outer loop
      vertex 124.90175131513524 -7.548035111508817 0
      vertex 125.87785252292473 -8.090169943749475 1
      vertex 125.44639035015027 -8.386705679454241 1
    endloop
  endfacet
  facet normal 0.4305330947256905 -0.5610816528943763 -0.7069855961271306
    outer loop
      vertex 125.87785252292473 -8.090169943749475 1
      vertex 125.29006727063226 -7.281152949374527 0
      vertex 126.29320391049838 -7.771459614569709 1
    endloop
  endfacet
  facet normal 0 0 -1
    outer loop
      vertex 124.5 -7.794228634059947 0
      vertex 125.66388351944853 -6.994313653112738 0
      vertex 125.29006727063226 -7.281152949374527 0
    endloop
  endfacet
  facet normal 0.43053309472570056 -0.5610816528943637 -0.7069855961271344
    outer loop
      vertex 126.29320391049838 -7.771459614569709 1
      vertex 125.29006727063226 -7.281152949374527 0
      vertex 125.66388351944853 -6.994313653112738 0
    endloop
  endfacet
  facet normal 0 0 -1
    outer loop
      vertex 123.6606297876822 -8.221909118783408 0
      vertex 127.54803511150882 -4.901751315135244 0
      vertex 125.66388351944853 -6.994313653112738 0
    endloop
  endfacet
  facet normal 0.4593078089169632 -0.5377803487825302 -0.7069855961271336
    outer loop
      vertex 125.66388351944853 -6.994313653112738 0
      vertex 126.02217545722972 -6.688303429296548 0
      vertex 126.69130606358858 -7.431448254773942 1
    endloop
  endfacet
  facet normal 0 0 -1
    outer loop
      vertex 125.66388351944853 -6.994313653112738 0
      vertex 126.36396103067892 -6.3639610306789285 0
      vertex 126.02217545722972 -6.688303429296548 0
    endloop
  endfacet
  facet normal 0 0 -1
    outer loop
      vertex 125.66388351944853 -6.994313653112738 0
      vertex 126.68830342929655 -6.022175457229724 0
      vertex 126.36396103067892 -6.3639610306789285 0
    endloop
  endfacet
  facet normal 0.48682359233008987 -0.5130050261153271 -0.7069855961271341
    outer loop
      vertex 126.02217545722972 -6.688303429296548 0
      vertex 126.36396103067892 -6.3639610306789285 0
      vertex 127.07106781186548 -7.0710678118654755 1
    endloop
  endfacet
  facet normal 0.5130050261153207 -0.48682359233009614 -0.7069855961271342
    outer loop
      vertex 126.36396103067892 -6.3639610306789285 0
      vertex 126.68830342929655 -6.022175457229724 0
      vertex 127.07106781186548 -7.0710678118654755 1
    endloop
  endfacet
  facet normal 0.45930780891696504 -0.5377803487825277 -0.7069855961271345
    outer loop
      vertex 126.29320391049838 -7.771459614569709 1
      vertex 125.66388351944853 -6.994313653112738 0
      vertex 126.69130606358858 -7.431448254773942 1
    endloop
  endfacet
  facet normal 0.48682359233008926 -0.5130050261153281 -0.7069855961271337
    outer loop
      vertex 126.02217545722972 -6.688303429296548 0
      vertex 127.07106781186548 -7.0710678118654755 1
      vertex 126.69130606358858 -7.431448254773942 1
    endloop
  endfacet
  facet normal 0.5130050261153324 -0.4868235923300887 -0.706985596127131
    outer loop
      vertex 127.07106781186548 -7.0710678118654755 1
      vertex 126.68830342929655 -6.022175457229724 0
      vertex 127.43144825477394 -6.691306063588582 1
    endloop
  endfacet
  facet normal 0 0 -1
    outer loop
      vertex 125.66388351944853 -6.994313653112738 0
      vertex 127.54803511150882 -4.901751315135244 0
      vertex 126.68830342929655 -6.022175457229724 0
    endloop
  endfacet
  facet normal 0.5377803487825332 -0.4593078089169641 -0.7069855961271307
    outer loop
      vertex 127.43144825477394 -6.691306063588582 1
      vertex 126.68830342929655 -6.022175457229724 0
      vertex 126.99431365311274 -5.663883519448537 0
    endloop
  endfacet
  facet normal 0 0 -1
    outer loop
      vertex 126.68830342929655 -6.022175457229724 0
      vertex 127.54803511150882 -4.901751315135244 0
      vertex 126.99431365311274 -5.663883519448537 0
    endloop
  endfacet
  facet normal 0 0 -1
    outer loop
      vertex 126.99431365311274 -5.663883519448537 0
      vertex 127.54803511150882 -4.901751315135244 0
      vertex 127.28115294937453 -5.2900672706322585 0
    endloop
  endfacet
  facet normal 0.5610816528943683 -0.4305330947256928 -0.7069855961271355
    outer loop
      vertex 126.99431365311274 -5.663883519448537 0
      vertex 127.28115294937453 -5.2900672706322585 0
      vertex 128.0901699437495 -5.877852522924732 1
    endloop
  endfacet
  facet normal 0.5828450711959318 -0.4005783192477728 -0.7069855961271337
    outer loop
      vertex 127.28115294937453 -5.2900672706322585 0
      vertex 127.54803511150882 -4.901751315135244 0
      vertex 128.38670567945425 -5.446390350150271 1
    endloop
  endfacet
  facet normal 0.537780348782531 -0.45930780891696577 -0.7069855961271315
    outer loop
      vertex 127.43144825477394 -6.691306063588582 1
      vertex 126.99431365311274 -5.663883519448537 0
      vertex 127.77145961456971 -6.293203910498374 1
    endloop
  endfacet
  facet normal 0.5610816528943617 -0.4305330947257078 -0.7069855961271316
    outer loop
      vertex 127.77145961456971 -6.293203910498374 1
      vertex 126.99431365311274 -5.663883519448537 0
      vertex 128.0901699437495 -5.877852522924732 1
    endloop
  endfacet
  facet normal 0.5828450711959344 -0.4005783192477654 -0.7069855961271356
    outer loop
      vertex 127.28115294937453 -5.2900672706322585 0
      vertex 128.38670567945425 -5.446390350150271 1
      vertex 128.0901699437495 -5.877852522924732 1
    endloop
  endfacet
  facet normal 0.6030109516704175 -0.36952558644063965 -0.7069855961271339
    outer loop
      vertex 128.38670567945425 -5.446390350150271 1
      vertex 127.54803511150882 -4.901751315135244 0
      vertex 128.6602540378444 -5 1
    endloop
  endfacet
  facet normal 0 -1 0
    outer loop
      vertex 120 -10 1
      vertex 110 -10 5
      vertex 109.1626247001129 -10 5.021927443926819
    endloop
  endfacet
  facet normal 0 -1 0
    outer loop
      vertex 120 -10 1
      vertex 110.8373752998871 -10 5.021927443926819
      vertex 110 -10 5
    endloop
  endfacet
  facet normal 0 -1 0
    outer loop
      vertex 120 -10 1
      vertex 111.67245541228246 -10 5.087649674107627
      vertex 110.8373752998871 -10 5.021927443926819
    endloop
  endfacet
  facet normal 0.026176948307874575 -0.9996573249755573 0
    outer loop
      vertex 120 -10 1
      vertex 120.52335956242943 -9.986295347545738 1
      vertex 120 -10 8.512622174269854
    endloop
  endfacet
  facet normal 0.0784590957278422 -0.9969173337331283 0
    outer loop
      vertex 120.52335956242943 -9.986295347545738 1
      vertex 121.04528463267654 -9.945218953682733 1
      vertex 121.04528463267654 -9.945218953682733 9
    endloop
  endfacet
  facet normal 0.13052619222005163 -0.9914448613738105 0
    outer loop
      vertex 121.04528463267654 -9.945218953682733 1
      vertex 121.5643446504023 -9.876883405951379 1
      vertex 121.5643446504023 -9.876883405951379 9
    endloop
  endfacet
  facet normal 0.1822355254921466 -0.9832549075639547 0
    outer loop
      vertex 121.5643446504023 -9.876883405951379 1
      vertex 122.0791169081776 -9.781476007338057 1
      vertex 121.5643446504023 -9.876883405951379 9
    endloop
  endfacet
  facet normal 0.23344536385590525 -0.9723699203976766 0
    outer loop
      vertex 122.0791169081776 -9.781476007338057 1
      vertex 122.58819045102521 -9.659258262890683 1
      vertex 122.58819045102521 -9.659258262890683 9
    endloop
  endfacet
  facet normal 0.284015344703928 -0.9588197348681914 0
    outer loop
      vertex 122.58819045102521 -9.659258262890683 1
      vertex 123.09016994374947 -9.510565162951535 1
      vertex 123.09016994374947 -9.510565162951535 9
    endloop
  endfacet
  facet normal 0.3338068592337717 -0.9426414910921782 0
    outer loop
      vertex 123.09016994374947 -9.510565162951535 1
      vertex 123.583679495453 -9.335804264972017 1
      vertex 123.583679495453 -9.335804264972017 9
    endloop
  endfacet
  facet normal 0.3826834323650884 -0.9238795325112874 0
    outer loop
      vertex 123.583679495453 -9.335804264972017 1
      vertex 124.067366430758 -9.135454576426008 1
      vertex 123.583679495453 -9.335804264972017 9
    endloop
  endfacet
  facet normal 0.4305110968082927 -0.9025852843498616 0
    outer loop
      vertex 124.067366430758 -9.135454576426008 1
      vertex 124.53990499739547 -8.910065241883679 1
      vertex 124.53990499739547 -8.910065241883679 9
    endloop
  endfacet
  facet normal 0.4771587602596096 -0.8788171126619646 0
    outer loop
      vertex 124.53990499739547 -8.910065241883679 1
      vertex 125 -8.660254037844386 1
      vertex 124.53990499739547 -8.910065241883679 9
    endloop
  endfacet
  facet normal 0.5224985647159492 -0.8526401643540921 0
    outer loop
      vertex 125 -8.660254037844386 1
      vertex 125.44639035015027 -8.386705679454241 1
      vertex 125.44639035015027 -8.386705679454241 9
    endloop
  endfacet
  facet normal 0.5664062369248348 -0.8241261886220143 0
    outer loop
      vertex 125.44639035015027 -8.386705679454241 1
      vertex 125.87785252292473 -8.090169943749475 1
      vertex 125.44639035015027 -8.386705679454241 9
    endloop
  endfacet
  facet normal 0.6087614290087138 -0.7933533402912404 0
    outer loop
      vertex 125.87785252292473 -8.090169943749475 1
      vertex 126.29320391049838 -7.771459614569709 1
      vertex 126.29320391049838 -7.771459614569709 9
    endloop
  endfacet
  facet normal 0.649448048330185 -0.7604059656000298 0
    outer loop
      vertex 126.29320391049838 -7.771459614569709 1
      vertex 126.69130606358858 -7.431448254773942 1
      vertex 126.29320391049838 -7.771459614569709 9
    endloop
  endfacet
  facet normal 0 -1 0
    outer loop
      vertex 120 -10 1
      vertex 112.5029514406437 -10 5.196986550477796
      vertex 111.67245541228246 -10 5.087649674107627
    endloop
  endfacet
  facet normal 0 -1 0
    outer loop
      vertex 120 -10 1
      vertex 113.32658705308415 -10 5.349638388259109
      vertex 112.5029514406437 -10 5.196986550477796
    endloop
  endfacet
  facet normal 0 -1 0
    outer loop
      vertex 120 -10 1
      vertex 114.14110472164033 -10 5.545186779374907
      vertex 113.32658705308415 -10 5.349638388259109
    endloop
  endfacet
  facet normal 0 -1 0
    outer loop
      vertex 120 -10 1
      vertex 114.94427190999916 -10 5.7830957392775435
      vertex 114.14110472164033 -10 5.545186779374907
    endloop
  endfacet
  facet normal 0 -1 0
    outer loop
      vertex 120 -10 1
      vertex 115.73388719272481 -10 6.062713176044772
      vertex 114.94427190999916 -10 5.7830957392775435
    endloop
  endfacet
  facet normal 0 -1 0
    outer loop
      vertex 120 -10 1
      vertex 116.5077862892128 -10 6.383272677718386
      vertex 115.73388719272481 -10 6.062713176044772
    endloop
  endfacet
  facet normal 0 -1 0
    outer loop
      vertex 120 -10 1
      vertex 117.26384799583275 -10 6.743895612986114
      vertex 116.5077862892128 -10 6.383272677718386
    endloop
  endfacet
  facet normal 0 -1 0
    outer loop
      vertex 120 -10 1
      vertex 118 -10 7.1435935394489825
      vertex 117.26384799583275 -10 6.743895612986114
    endloop
  endfacet
  facet normal 0.6883545756937551 -0.7253743710122867 0
    outer loop
      vertex 126.69130606358858 -7.431448254773942 1
      vertex 127.07106781186548 -7.0710678118654755 1
      vertex 127.07106781186548 -7.0710678118654755 9
    endloop
  endfacet
  facet normal 0.72537437101229 -0.6883545756937516 0
    outer loop
      vertex 127.07106781186548 -7.0710678118654755 1
      vertex 127.43144825477394 -6.691306063588582 1
      vertex 127.43144825477394 -6.691306063588582 9
    endloop
  endfacet
  facet normal 0.7604059656000314 -0.6494480483301833 0
    outer loop
      vertex 127.43144825477394 -6.691306063588582 1
      vertex 127.77145961456971 -6.293203910498374 1
      vertex 127.43144825477394 -6.691306063588582 9
    endloop
  endfacet
  facet normal 0.7933533402912211 -0.6087614290087391 0
    outer loop
      vertex 127.77145961456971 -6.293203910498374 1
      vertex 128.0901699437495 -5.877852522924732 1
      vertex 128.0901699437495 -5.877852522924732 9
    endloop
  endfacet
  facet normal 0.824126188622017 -0.5664062369248309 0
    outer loop
      vertex 128.0901699437495 -5.877852522924732 1
      vertex 128.38670567945425 -5.446390350150271 1
      vertex 128.0901699437495 -5.877852522924732 9
    endloop
  endfacet
  facet normal 0.8526401643540937 -0.5224985647159461 0
    outer loop
      vertex 128.38670567945425 -5.446390350150271 1
      vertex 128.6602540378444 -5 1
      vertex 128.6602540378444 -5 9
    endloop
  endfacet
  facet normal 0 0 -1
    outer loop
      vertex 127.54803511150882 -4.901751315135244 0
      vertex 128.01905871769532 -4.085914497655921 0
      vertex 127.79422863405995 -4.5 0
    endloop
  endfacet
  facet normal 0.6030109516704198 -0.3695255864406321 -0.7069855961271357
    outer loop
      vertex 127.54803511150882 -4.901751315135244 0
      vertex 127.79422863405995 -4.5 0
      vertex 128.6602540378444 -5 1
    endloop
  endfacet
  facet normal 0.6215240210411417 -0.33746000968649464 -0.7069855961271359
    outer loop
      vertex 127.79422863405995 -4.5 0
      vertex 128.01905871769532 -4.085914497655921 0
      vertex 128.6602540378444 -5 1
    endloop
  endfacet
  facet normal 0 0 -1
    outer loop
      vertex 123.6606297876822 -8.221909118783408 0
      vertex 129 0 0
      vertex 127.54803511150882 -4.901751315135244 0
    endloop
  endfacet
  facet normal 0 0 -1
    outer loop
      vertex 127.54803511150882 -4.901751315135244 0
      vertex 128.55950864665638 -2.7811529493745266 0
      vertex 128.01905871769532 -4.085914497655921 0
    endloop
  endfacet
  facet normal 0.6383335362718117 -0.30446947850232975 -0.7069855961271367
    outer loop
      vertex 128.01905871769532 -4.085914497655921 0
      vertex 128.2219091187834 -3.660629787682202 0
      vertex 129.135454576426 -4.067366430758002 1
    endloop
  endfacet
  facet normal 0.6215240210411599 -0.33746000968647466 -0.7069855961271293
    outer loop
      vertex 128.01905871769532 -4.085914497655921 0
      vertex 128.91006524188367 -4.5399049973954675 1
      vertex 128.6602540378444 -5 1
    endloop
  endfacet
  facet normal 0.6383335362718053 -0.3044694785023611 -0.7069855961271291
    outer loop
      vertex 128.01905871769532 -4.085914497655921 0
      vertex 129.135454576426 -4.067366430758002 1
      vertex 128.91006524188367 -4.5399049973954675 1
    endloop
  endfacet
  facet normal 0 0 -1
    outer loop
      vertex 128.01905871769532 -4.085914497655921 0
      vertex 128.55950864665638 -2.7811529493745266 0
      vertex 128.2219091187834 -3.660629787682202 0
    endloop
  endfacet
  facet normal 0 0 -1
    outer loop
      vertex 128.2219091187834 -3.660629787682202 0
      vertex 128.55950864665638 -2.7811529493745266 0
      vertex 128.4022238384748 -3.2253115459077026 0
    endloop
  endfacet
  facet normal 0.6533934236495639 -0.27064441764104186 -0.7069855961271367
    outer loop
      vertex 129.135454576426 -4.067366430758002 1
      vertex 128.2219091187834 -3.660629787682202 0
      vertex 128.4022238384748 -3.2253115459077026 0
    endloop
  endfacet
  facet normal 0.6666624050699229 -0.2360775392432514 -0.7069855961271326
    outer loop
      vertex 128.4022238384748 -3.2253115459077026 0
      vertex 128.55950864665638 -2.7811529493745266 0
      vertex 129.335804264972 -3.5836794954530027 1
    endloop
  endfacet
  facet normal 0 0 -1
    outer loop
      vertex 127.54803511150882 -4.901751315135244 0
      vertex 129 0 0
      vertex 128.55950864665638 -2.7811529493745266 0
    endloop
  endfacet
  facet normal 0.6781041111771191 -0.20086358871994003 -0.7069855961271319
    outer loop
      vertex 128.55950864665638 -2.7811529493745266 0
      vertex 128.69333243660162 -2.3293714059226867 0
      vertex 129.6592582628907 -2.5881904510252074 1
    endloop
  endfacet
  facet normal 0.6533934236495738 -0.27064441764102853 -0.7069855961271326
    outer loop
      vertex 129.135454576426 -4.067366430758002 1
      vertex 128.4022238384748 -3.2253115459077026 0
      vertex 129.335804264972 -3.5836794954530027 1
    endloop
  endfacet
  facet normal 0.6666624050699228 -0.23607753924325153 -0.7069855961271326
    outer loop
      vertex 128.55950864665638 -2.7811529493745266 0
      vertex 129.51056516295154 -3.090169943749474 1
      vertex 129.335804264972 -3.5836794954530027 1
    endloop
  endfacet
  facet normal 0.6781041111771193 -0.20086358871993581 -0.7069855961271329
    outer loop
      vertex 128.55950864665638 -2.7811529493745266 0
      vertex 129.6592582628907 -2.5881904510252074 1
      vertex 129.51056516295154 -3.090169943749474 1
    endloop
  endfacet
  facet normal 0 0 -1
    outer loop
      vertex 128.55950864665638 -2.7811529493745266 0
      vertex 128.88919506535623 -1.407910185362078 0
      vertex 128.69333243660162 -2.3293714059226867 0
    endloop
  endfacet
  facet normal 0.6876871810500214 -0.16509908506176016 -0.7069855961271381
    outer loop
      vertex 128.69333243660162 -2.3293714059226867 0
      vertex 128.80332840660424 -1.8712052173598341 0
      vertex 129.78147600733806 -2.0791169081775935 1
    endloop
  endfacet
  facet normal 0 0 -1
    outer loop
      vertex 128.69333243660162 -2.3293714059226867 0
      vertex 128.88919506535623 -1.407910185362078 0
      vertex 128.80332840660424 -1.8712052173598341 0
    endloop
  endfacet
  facet normal 0 0 -1
    outer loop
      vertex 128.55950864665638 -2.7811529493745266 0
      vertex 129 0 0
      vertex 128.88919506535623 -1.407910185362078 0
    endloop
  endfacet
  facet normal 0.695385348160201 -0.1288820562874054 -0.706985596127139
    outer loop
      vertex 128.80332840660424 -1.8712052173598341 0
      vertex 128.88919506535623 -1.407910185362078 0
      vertex 129.8768834059514 -1.5643446504023086 1
    endloop
  endfacet
  facet normal 0.6876871810500217 -0.16509908506178586 -0.706985596127132
    outer loop
      vertex 129.6592582628907 -2.5881904510252074 1
      vertex 128.69333243660162 -2.3293714059226867 0
      vertex 129.78147600733806 -2.0791169081775935 1
    endloop
  endfacet
  facet normal 0.6953853481602013 -0.12888205628740967 -0.7069855961271378
    outer loop
      vertex 128.80332840660424 -1.8712052173598341 0
      vertex 129.8768834059514 -1.5643446504023086 1
      vertex 129.78147600733806 -2.0791169081775935 1
    endloop
  endfacet
  facet normal 0.7011775123667293 -0.09231177075519045 -0.7069855961271391
    outer loop
      vertex 128.88919506535623 -1.407910185362078 0
      vertex 129.94521895368274 -1.0452846326765348 1
      vertex 129.8768834059514 -1.5643446504023086 1
    endloop
  endfacet
  facet normal 0 0 -1
    outer loop
      vertex 128.88919506535623 -1.407910185362078 0
      vertex 129 0 0
      vertex 128.95069705831446 -0.9407561694088813 0
    endloop
  endfacet
  facet normal 0.7011775123667313 -0.09231177075520774 -0.7069855961271349
    outer loop
      vertex 128.88919506535623 -1.407910185362078 0
      vertex 128.95069705831446 -0.9407561694088813 0
      vertex 129.94521895368274 -1.0452846326765348 1
    endloop
  endfacet
  facet normal 0.7050477977501158 -0.05548846507587009 -0.7069855961271316
    outer loop
      vertex 128.95069705831446 -0.9407561694088813 0
      vertex 128.98766581279116 -0.4710236061864945 0
      vertex 129.98629534754573 -0.5233595624294384 1
    endloop
  endfacet
  facet normal 0 0 -1
    outer loop
      vertex 128.95069705831446 -0.9407561694088813 0
      vertex 129 0 0
      vertex 128.98766581279116 -0.4710236061864945 0
    endloop
  endfacet
  facet normal 0.7069855961271339 -0.018513069370731373 -0.7069855961271316
    outer loop
      vertex 128.98766581279116 -0.4710236061864945 0
      vertex 129 0 0
      vertex 129.98629534754573 -0.5233595624294384 1
    endloop
  endfacet
  facet normal 0.7050477977501137 -0.05548846507585712 -0.7069855961271347
    outer loop
      vertex 128.95069705831446 -0.9407561694088813 0
      vertex 129.98629534754573 -0.5233595624294384 1
      vertex 129.94521895368274 -1.0452846326765348 1
    endloop
  endfacet
  facet normal 0.7069855961271327 -0.01851306937073561 -0.7069855961271327
    outer loop
      vertex 129.98629534754573 -0.5233595624294384 1
      vertex 129 0 0
      vertex 130 0 1
    endloop
  endfacet
  facet normal 0.8788171126619789 -0.47715876025958354 0
    outer loop
      vertex 128.6602540378444 -5 1
      vertex 128.91006524188367 -4.5399049973954675 1
      vertex 128.6602540378444 -5 9
    endloop
  endfacet
  facet normal 0.9025852843498516 -0.43051109680831406 0
    outer loop
      vertex 128.91006524188367 -4.5399049973954675 1
      vertex 129.135454576426 -4.067366430758002 1
      vertex 129.135454576426 -4.067366430758002 9
    endloop
  endfacet
  facet normal 0.9238795325112938 -0.3826834323650725 0
    outer loop
      vertex 129.135454576426 -4.067366430758002 1
      vertex 129.335804264972 -3.5836794954530027 1
      vertex 129.335804264972 -3.5836794954530027 9
    endloop
  endfacet
  facet normal 0.9426414910921745 -0.33380685923378156 0
    outer loop
      vertex 129.335804264972 -3.5836794954530027 1
      vertex 129.51056516295154 -3.090169943749474 1
      vertex 129.335804264972 -3.5836794954530027 9
    endloop
  endfacet
  facet normal 0.9588197348681906 -0.28401534470393075 0
    outer loop
      vertex 129.51056516295154 -3.090169943749474 1
      vertex 129.6592582628907 -2.5881904510252074 1
      vertex 129.6592582628907 -2.5881904510252074 9
    endloop
  endfacet
  facet normal 0.9723699203976787 -0.23344536385589681 0
    outer loop
      vertex 129.6592582628907 -2.5881904510252074 1
      vertex 129.78147600733806 -2.0791169081775935 1
      vertex 129.78147600733806 -2.0791169081775935 9
    endloop
  endfacet
  facet normal 0.9832549075639505 -0.18223552549216857 0
    outer loop
      vertex 129.78147600733806 -2.0791169081775935 1
      vertex 129.8768834059514 -1.5643446504023086 1
      vertex 129.78147600733806 -2.0791169081775935 9
    endloop
  endfacet
  facet normal 0.9914448613738115 -0.1305261922200424 0
    outer loop
      vertex 129.8768834059514 -1.5643446504023086 1
      vertex 129.94521895368274 -1.0452846326765348 1
      vertex 129.94521895368274 -1.0452846326765348 9
    endloop
  endfacet
  facet normal 0.9969173337331297 -0.07845909572782357 0
    outer loop
      vertex 129.94521895368274 -1.0452846326765348 1
      vertex 129.98629534754573 -0.5233595624294384 1
      vertex 129.98629534754573 -0.5233595624294384 9
    endloop
  endfacet
  facet normal 0.999657324975557 -0.02617694830788113 0
    outer loop
      vertex 129.98629534754573 -0.5233595624294384 1
      vertex 130 0 1
      vertex 129.98629534754573 -0.5233595624294384 9
    endloop
  endfacet
  facet normal 0 -1 0
    outer loop
      vertex 10 -10 9
      vertex 120 -10 1
      vertex 109.1626247001129 -10 5.021927443926819
    endloop
  endfacet
  facet normal 0 -1 0
    outer loop
      vertex 10 -10 9
      vertex 105.05572809000084 -10 5.7830957392775435
      vertex 104.26611280727519 -10 6.062713176044772
    endloop
  endfacet
  facet normal 0 -1 0
    outer loop
      vertex 10 -10 9
      vertex 104.26611280727519 -10 6.062713176044772
      vertex 103.4922137107872 -10 6.383272677718386
    endloop
  endfacet
  facet normal 0 -1 0
    outer loop
      vertex 10 -10 9
      vertex 103.4922137107872 -10 6.383272677718386
      vertex 102.73615200416725 -10 6.743895612986114
    endloop
  endfacet
  facet normal 0 -1 0
    outer loop
      vertex 10 -10 9
      vertex 107.4970485593563 -10 5.196986550477796
      vertex 106.67341294691585 -10 5.349638388259109
    endloop
  endfacet
  facet normal 0 -1 0
    outer loop
      vertex 10 -10 9
      vertex 109.1626247001129 -10 5.021927443926819
      vertex 108.32754458771754 -10 5.087649674107627
    endloop
  endfacet
  facet normal 0 -1 0
    outer loop
      vertex 10 -10 9
      vertex 108.32754458771754 -10 5.087649674107627
      vertex 107.4970485593563 -10 5.196986550477796
    endloop
  endfacet
  facet normal 0 -1 0
    outer loop
      vertex 10 -10 9
      vertex 106.67341294691585 -10 5.349638388259109
      vertex 105.85889527835967 -10 5.545186779374907
    endloop
  endfacet
  facet normal 0 -1 0
    outer loop
      vertex 10 -10 9
      vertex 105.85889527835967 -10 5.545186779374907
      vertex 105.05572809000084 -10 5.7830957392775435
    endloop
  endfacet
  facet normal 0 -1 0
    outer loop
      vertex 10 -10 9
      vertex 102.73615200416725 -10 6.743895612986114
      vertex 102 -10 7.1435935394489825
    endloop
  endfacet
  facet normal 0 -1 0
    outer loop
      vertex 10 -10 9
      vertex 102 -10 7.1435935394489825
      vertex 101.28577543975956 -10 7.581270912873215
    endloop
  endfacet
  facet normal 0 -1 0
    outer loop
      vertex 10 -10 9
      vertex 101.28577543975956 -10 7.581270912873215
      vertex 100.59543596332043 -10 8.05572809000084
    endloop
  endfacet
  facet normal 0 -1 0
    outer loop
      vertex 10 -10 9
      vertex 100.59543596332043 -10 8.05572809000084
      vertex 99.9308737432026 -10 8.565664616688466
    endloop
  endfacet
  facet normal 0 -1 0
    outer loop
      vertex 10 -10 9
      vertex 99.9308737432026 -10 8.565664616688466
      vertex 99.42233234810497 -10 9
    endloop
  endfacet
  facet normal 0 -0.7071067811865475 0.7071067811865475
    outer loop
      vertex 10 -10 9
      vertex 99.42233234810497 -10 9
      vertex 99.29391029825827 -9.890317207638308 9.109682792361692
    endloop
  endfacet
  facet normal 0 -0.7071067811865476 0.7071067811865476
    outer loop
      vertex 10 -10 9
      vertex 99.29391029825827 -9.890317207638308 9.109682792361692
      vertex 98.68629150101523 -9.313708498984761 9.686291501015239
    endloop
  endfacet
  facet normal 0 -0.7071067811865475 0.7071067811865475
    outer loop
      vertex 10 -10 9
      vertex 98.68629150101523 -9.313708498984761 9.686291501015239
      vertex 98.38859325120139 -9 10
    endloop
  endfacet
  facet normal 0 0 1
    outer loop
      vertex 10 -9 10
      vertex 98.38859325120139 -9 10
      vertex 98.38859325120139 9 10
    endloop
  endfacet
  facet normal 0 -1 0
    outer loop
      vertex 120 -10 1
      vertex 118.71422456024044 -10 7.581270912873215
      vertex 118 -10 7.1435935394489825
    endloop
  endfacet
  facet normal 0 -1 0
    outer loop
      vertex 120 -10 1
      vertex 119.40456403667957 -10 8.05572809000084
      vertex 118.71422456024044 -10 7.581270912873215
    endloop
  endfacet
  facet normal 0 -1 0
    outer loop
      vertex 120 -10 1
      vertex 120 -10 8.512622174269854
      vertex 119.40456403667957 -10 8.05572809000084
    endloop
  endfacet
  facet normal 0.026176948307868333 -0.9996573249755574 -4.3426153220191205e-16
    outer loop
      vertex 120.52335956242943 -9.986295347545738 1
      vertex 120.0691262567974 -9.998189865261132 8.565664616688466
      vertex 120 -10 8.512622174269854
    endloop
  endfacet
  facet normal 0.026176948307875574 -0.9996573249755573 0
    outer loop
      vertex 120.52335956242943 -9.986295347545738 1
      vertex 120.52335956242943 -9.986295347545738 8.953616509723009
      vertex 120.0691262567974 -9.998189865261132 8.565664616688466
    endloop
  endfacet
  facet normal 0.0784590957278422 -0.9969173337331283 0
    outer loop
      vertex 120.52335956242943 -9.986295347545738 1
      vertex 121.04528463267654 -9.945218953682733 9
      vertex 120.52335956242943 -9.986295347545738 8.953616509723009
    endloop
  endfacet
  facet normal 0.13052619222005163 -0.9914448613738105 0
    outer loop
      vertex 121.04528463267654 -9.945218953682733 1
      vertex 121.5643446504023 -9.876883405951379 9
      vertex 121.04528463267654 -9.945218953682733 9
    endloop
  endfacet
  facet normal 0.1822355254921466 -0.9832549075639547 0
    outer loop
      vertex 122.0791169081776 -9.781476007338057 1
      vertex 122.0791169081776 -9.781476007338057 9
      vertex 121.5643446504023 -9.876883405951379 9
    endloop
  endfacet
  facet normal 0.23344536385590525 -0.9723699203976766 0
    outer loop
      vertex 122.0791169081776 -9.781476007338057 1
      vertex 122.58819045102521 -9.659258262890683 9
      vertex 122.0791169081776 -9.781476007338057 9
    endloop
  endfacet
  facet normal 0.284015344703928 -0.9588197348681914 0
    outer loop
      vertex 122.58819045102521 -9.659258262890683 1
      vertex 123.09016994374947 -9.510565162951535 9
      vertex 122.58819045102521 -9.659258262890683 9
    endloop
  endfacet
  facet normal 0.3338068592337717 -0.9426414910921782 0
    outer loop
      vertex 123.09016994374947 -9.510565162951535 1
      vertex 123.583679495453 -9.335804264972017 9
      vertex 123.09016994374947 -9.510565162951535 9
    endloop
  endfacet
  facet normal 0.3826834323650884 -0.9238795325112874 0
    outer loop
      vertex 124.067366430758 -9.135454576426008 1
      vertex 124.067366430758 -9.135454576426008 9
      vertex 123.583679495453 -9.335804264972017 9
    endloop
  endfacet
  facet normal 0.4305110968082927 -0.9025852843498616 0
    outer loop
      vertex 124.067366430758 -9.135454576426008 1
      vertex 124.53990499739547 -8.910065241883679 9
      vertex 124.067366430758 -9.135454576426008 9
    endloop
  endfacet
  facet normal 0.4771587602596096 -0.8788171126619646 0
    outer loop
      vertex 125 -8.660254037844386 1
      vertex 125 -8.660254037844386 9
      vertex 124.53990499739547 -8.910065241883679 9
    endloop
  endfacet
  facet normal 0.5224985647159492 -0.8526401643540921 0
    outer loop
      vertex 125 -8.660254037844386 1
      vertex 125.44639035015027 -8.386705679454241 9
      vertex 125 -8.660254037844386 9
    endloop
  endfacet
  facet normal 0.5664062369248348 -0.8241261886220143 0
    outer loop
      vertex 125.87785252292473 -8.090169943749475 1
      vertex 125.87785252292473 -8.090169943749475 9
      vertex 125.44639035015027 -8.386705679454241 9
    endloop
  endfacet
  facet normal 0.6087614290087138 -0.7933533402912404 0
    outer loop
      vertex 125.87785252292473 -8.090169943749475 1
      vertex 126.29320391049838 -7.771459614569709 9
      vertex 125.87785252292473 -8.090169943749475 9
    endloop
  endfacet
  facet normal 0.649448048330185 -0.7604059656000298 0
    outer loop
      vertex 126.69130606358858 -7.431448254773942 1
      vertex 126.69130606358858 -7.431448254773942 9
      vertex 126.29320391049838 -7.771459614569709 9
    endloop
  endfacet
  facet normal 0.6883545756937551 -0.7253743710122867 0
    outer loop
      vertex 126.69130606358858 -7.431448254773942 1
      vertex 127.07106781186548 -7.0710678118654755 9
      vertex 126.69130606358858 -7.431448254773942 9
    endloop
  endfacet
  facet normal 0.72537437101229 -0.6883545756937516 0
    outer loop
      vertex 127.07106781186548 -7.0710678118654755 1
      vertex 127.43144825477394 -6.691306063588582 9
      vertex 127.07106781186548 -7.0710678118654755 9
    endloop
  endfacet
  facet normal 0.7604059656000314 -0.6494480483301833 0
    outer loop
      vertex 127.77145961456971 -6.293203910498374 1
      vertex 127.77145961456971 -6.293203910498374 9
      vertex 127.43144825477394 -6.691306063588582 9
    endloop
  endfacet
  facet normal 0.7933533402912211 -0.6087614290087391 0
    outer loop
      vertex 127.77145961456971 -6.293203910498374 1
      vertex 128.0901699437495 -5.877852522924732 9
      vertex 127.77145961456971 -6.293203910498374 9
    endloop
  endfacet
  facet normal 0.824126188622017 -0.5664062369248309 0
    outer loop
      vertex 128.38670567945425 -5.446390350150271 1
      vertex 128.38670567945425 -5.446390350150271 9
      vertex 128.0901699437495 -5.877852522924732 9
    endloop
  endfacet
  facet normal 0.8526401643540937 -0.5224985647159461 0
    outer loop
      vertex 128.38670567945425 -5.446390350150271 1
      vertex 128.6602540378444 -5 9
      vertex 128.38670567945425 -5.446390350150271 9
    endloop
  endfacet
  facet normal 0.07845909572784227 -0.9969173337331282 -9.567907107841431e-16
    outer loop
      vertex 121.04528463267654 -9.945218953682733 9
      vertex 120.57766765189503 -9.982021208210412 9
      vertex 120.52335956242943 -9.986295347545738 8.953616509723009
    endloop
  endfacet
  facet normal 0.05548846507587053 -0.7050477977501151 0.7069855961271325
    outer loop
      vertex 121.04528463267654 -9.945218953682733 9
      vertex 120.70608970174173 -9.86192992214328 9.109682792361692
      vertex 120.57766765189503 -9.982021208210412 9
    endloop
  endfacet
  facet normal 0.09231177075519789 -0.7011775123667356 0.706985596127132
    outer loop
      vertex 121.04528463267654 -9.945218953682733 9
      vertex 121.5643446504023 -9.876883405951379 9
      vertex 121.00424454473719 -9.554748599794399 9.392621173758817
    endloop
  endfacet
  facet normal 0.05548846507587024 -0.7050477977501155 0.7069855961271319
    outer loop
      vertex 121.04528463267654 -9.945218953682733 9
      vertex 121.00424454473719 -9.554748599794399 9.392621173758817
      vertex 120.70608970174173 -9.86192992214328 9.109682792361692
    endloop
  endfacet
  facet normal 0.0923117707551981 -0.7011775123667354 0.7069855961271321
    outer loop
      vertex 121.5643446504023 -9.876883405951379 9
      vertex 121.31370849898477 -9.217904002219516 9.686291501015239
      vertex 121.00424454473719 -9.554748599794399 9.392621173758817
    endloop
  endfacet
  facet normal 0.128882056287395 -0.6953853481602088 0.7069855961271332
    outer loop
      vertex 121.5643446504023 -9.876883405951379 9
      vertex 122.0791169081776 -9.781476007338057 9
      vertex 121.87120521735983 -8.803328406604251 10
    endloop
  endfacet
  facet normal 0.09231177075520672 -0.7011775123667334 0.7069855961271331
    outer loop
      vertex 121.5643446504023 -9.876883405951379 9
      vertex 121.43670872337796 -9.071021878374445 9.815906692885891
      vertex 121.31370849898477 -9.217904002219516 9.686291501015239
    endloop
  endfacet
  facet normal 0.12888205628739663 -0.6953853481602089 0.7069855961271329
    outer loop
      vertex 121.5643446504023 -9.876883405951379 9
      vertex 121.87120521735983 -8.803328406604251 10
      vertex 121.43670872337796 -9.071021878374445 9.815906692885891
    endloop
  endfacet
  facet normal 0.1288820562873983 -0.6953853481602104 0.706985596127131
    outer loop
      vertex 121.87120521735983 -8.803328406604251 10
      vertex 121.61140674879861 -8.851479206642063 10
      vertex 121.43670872337796 -9.071021878374445 9.815906692885891
    endloop
  endfacet
  facet normal 0.1650990850617915 -0.6876871810500187 0.7069855961271334
    outer loop
      vertex 121.87120521735983 -8.803328406604251 10
      vertex 122.0791169081776 -9.781476007338057 9
      vertex 122.58819045102521 -9.659258262890683 9
    endloop
  endfacet
  facet normal 0.20086358871993376 -0.6781041111771197 0.7069855961271332
    outer loop
      vertex 122.58819045102521 -9.659258262890683 9
      vertex 123.09016994374947 -9.510565162951535 9
      vertex 122.32937140592269 -8.693332436601615 10
    endloop
  endfacet
  facet normal 0.23607753924324468 -0.6666624050699258 0.7069855961271321
    outer loop
      vertex 123.09016994374947 -9.510565162951535 9
      vertex 123.583679495453 -9.335804264972017 9
      vertex 123.2253115459077 -8.402223838474816 10
    endloop
  endfacet
  facet normal 0.2706444176410397 -0.6533934236495689 0.7069855961271329
    outer loop
      vertex 123.583679495453 -9.335804264972017 9
      vertex 124.067366430758 -9.135454576426008 9
      vertex 123.6606297876822 -8.221909118783408 10
    endloop
  endfacet
  facet normal 0.30446947850234435 -0.638333536271809 0.7069855961271331
    outer loop
      vertex 124.067366430758 -9.135454576426008 9
      vertex 124.53990499739547 -8.910065241883679 9
      vertex 123.6606297876822 -8.221909118783408 10
    endloop
  endfacet
  facet normal 0.16509908506179033 -0.6876871810500194 0.7069855961271331
    outer loop
      vertex 121.87120521735983 -8.803328406604251 10
      vertex 122.58819045102521 -9.659258262890683 9
      vertex 122.32937140592269 -8.693332436601615 10
    endloop
  endfacet
  facet normal 0.20086358871993093 -0.6781041111771214 0.7069855961271324
    outer loop
      vertex 123.09016994374947 -9.510565162951535 9
      vertex 122.78115294937453 -8.559508646656381 10
      vertex 122.32937140592269 -8.693332436601615 10
    endloop
  endfacet
  facet normal 0.23607753924324437 -0.6666624050699258 0.7069855961271322
    outer loop
      vertex 123.09016994374947 -9.510565162951535 9
      vertex 123.2253115459077 -8.402223838474816 10
      vertex 122.78115294937453 -8.559508646656381 10
    endloop
  endfacet
  facet normal 0.3374600096864915 -0.6215240210411466 0.7069855961271329
    outer loop
      vertex 124.53990499739547 -8.910065241883679 9
      vertex 125 -8.660254037844386 9
      vertex 124.08591449765592 -8.01905871769531 10
    endloop
  endfacet
  facet normal 0.3695255864406426 -0.6030109516704174 0.7069855961271323
    outer loop
      vertex 125 -8.660254037844386 9
      vertex 125.44639035015027 -8.386705679454241 9
      vertex 124.90175131513524 -7.548035111508817 10
    endloop
  endfacet
  facet normal 0.400578319247771 -0.5828450711959368 0.7069855961271306
    outer loop
      vertex 125.44639035015027 -8.386705679454241 9
      vertex 125.87785252292473 -8.090169943749475 9
      vertex 125.29006727063226 -7.281152949374527 10
    endloop
  endfacet
  facet normal 0.4305330947256905 -0.5610816528943763 0.7069855961271306
    outer loop
      vertex 125.87785252292473 -8.090169943749475 9
      vertex 126.29320391049838 -7.771459614569709 9
      vertex 125.29006727063226 -7.281152949374527 10
    endloop
  endfacet
  facet normal 0.270644417641043 -0.6533934236495684 0.7069855961271321
    outer loop
      vertex 123.583679495453 -9.335804264972017 9
      vertex 123.6606297876822 -8.221909118783408 10
      vertex 123.2253115459077 -8.402223838474816 10
    endloop
  endfacet
  facet normal 0.3044694785023438 -0.6383335362718093 0.7069855961271329
    outer loop
      vertex 124.53990499739547 -8.910065241883679 9
      vertex 124.08591449765592 -8.01905871769531 10
      vertex 123.6606297876822 -8.221909118783408 10
    endloop
  endfacet
  facet normal 0.337460009686491 -0.6215240210411471 0.7069855961271327
    outer loop
      vertex 125 -8.660254037844386 9
      vertex 124.5 -7.794228634059947 10
      vertex 124.08591449765592 -8.01905871769531 10
    endloop
  endfacet
  facet normal 0 0 1
    outer loop
      vertex 121.87120521735983 -8.803328406604251 10
      vertex 123.2253115459077 -8.402223838474816 10
      vertex 121.61140674879861 -8.851479206642063 10
    endloop
  endfacet
  facet normal 0 0 1
    outer loop
      vertex 121.87120521735983 -8.803328406604251 10
      vertex 122.32937140592269 -8.693332436601615 10
      vertex 123.2253115459077 -8.402223838474816 10
    endloop
  endfacet
  facet normal 0 0 1
    outer loop
      vertex 122.32937140592269 -8.693332436601615 10
      vertex 122.78115294937453 -8.559508646656381 10
      vertex 123.2253115459077 -8.402223838474816 10
    endloop
  endfacet
  facet normal 0 0 1
    outer loop
      vertex 123.2253115459077 -8.402223838474816 10
      vertex 124.08591449765592 -8.01905871769531 10
      vertex 121.61140674879861 -8.851479206642063 10
    endloop
  endfacet
  facet normal 0 0 1
    outer loop
      vertex 123.2253115459077 -8.402223838474816 10
      vertex 123.6606297876822 -8.221909118783408 10
      vertex 124.08591449765592 -8.01905871769531 10
    endloop
  endfacet
  facet normal 0.36952558644064115 -0.603010951670418 0.7069855961271327
    outer loop
      vertex 125 -8.660254037844386 9
      vertex 124.90175131513524 -7.548035111508817 10
      vertex 124.5 -7.794228634059947 10
    endloop
  endfacet
  facet normal 0.40057831924776466 -0.582845071195939 0.7069855961271323
    outer loop
      vertex 125.44639035015027 -8.386705679454241 9
      vertex 125.29006727063226 -7.281152949374527 10
      vertex 124.90175131513524 -7.548035111508817 10
    endloop
  endfacet
  facet normal 0 0 1
    outer loop
      vertex 124.08591449765592 -8.01905871769531 10
      vertex 124.5 -7.794228634059947 10
      vertex 124.90175131513524 -7.548035111508817 10
    endloop
  endfacet
  facet normal 0 0 1
    outer loop
      vertex 124.08591449765592 -8.01905871769531 10
      vertex 124.90175131513524 -7.548035111508817 10
      vertex 125.66388351944853 -6.994313653112738 10
    endloop
  endfacet
  facet normal 0.45930780891696504 -0.5377803487825277 0.7069855961271345
    outer loop
      vertex 126.29320391049838 -7.771459614569709 9
      vertex 126.69130606358858 -7.431448254773942 9
      vertex 125.66388351944853 -6.994313653112738 10
    endloop
  endfacet
  facet normal 0.4868235923300891 -0.5130050261153278 0.706985596127134
    outer loop
      vertex 126.69130606358858 -7.431448254773942 9
      vertex 127.07106781186548 -7.0710678118654755 9
      vertex 126.36396103067892 -6.3639610306789285 10
    endloop
  endfacet
  facet normal 0.5130050261153324 -0.4868235923300887 0.706985596127131
    outer loop
      vertex 127.07106781186548 -7.0710678118654755 9
      vertex 127.43144825477394 -6.691306063588582 9
      vertex 126.68830342929655 -6.022175457229724 10
    endloop
  endfacet
  facet normal 0.43053309472570056 -0.5610816528943637 0.7069855961271344
    outer loop
      vertex 126.29320391049838 -7.771459614569709 9
      vertex 125.66388351944853 -6.994313653112738 10
      vertex 125.29006727063226 -7.281152949374527 10
    endloop
  endfacet
  facet normal 0 0 1
    outer loop
      vertex 124.08591449765592 -8.01905871769531 10
      vertex 127.28115294937453 -5.2900672706322585 10
      vertex 121.61140674879861 -8.851479206642063 10
    endloop
  endfacet
  facet normal 0 0 1
    outer loop
      vertex 124.90175131513524 -7.548035111508817 10
      vertex 125.29006727063226 -7.281152949374527 10
      vertex 125.66388351944853 -6.994313653112738 10
    endloop
  endfacet
  facet normal 0 0 1
    outer loop
      vertex 124.08591449765592 -8.01905871769531 10
      vertex 125.66388351944853 -6.994313653112738 10
      vertex 127.28115294937453 -5.2900672706322585 10
    endloop
  endfacet
  facet normal 0.4593078089169632 -0.5377803487825302 0.7069855961271336
    outer loop
      vertex 126.69130606358858 -7.431448254773942 9
      vertex 126.02217545722972 -6.688303429296548 10
      vertex 125.66388351944853 -6.994313653112738 10
    endloop
  endfacet
  facet normal 0.48682359233009004 -0.5130050261153273 0.7069855961271337
    outer loop
      vertex 126.69130606358858 -7.431448254773942 9
      vertex 126.36396103067892 -6.3639610306789285 10
      vertex 126.02217545722972 -6.688303429296548 10
    endloop
  endfacet
  facet normal 0.5130050261153207 -0.48682359233009614 0.7069855961271342
    outer loop
      vertex 127.07106781186548 -7.0710678118654755 9
      vertex 126.68830342929655 -6.022175457229724 10
      vertex 126.36396103067892 -6.3639610306789285 10
    endloop
  endfacet
  facet normal 0 0 1
    outer loop
      vertex 125.66388351944853 -6.994313653112738 10
      vertex 126.02217545722972 -6.688303429296548 10
      vertex 126.68830342929655 -6.022175457229724 10
    endloop
  endfacet
  facet normal 0 0 1
    outer loop
      vertex 126.02217545722972 -6.688303429296548 10
      vertex 126.36396103067892 -6.3639610306789285 10
      vertex 126.68830342929655 -6.022175457229724 10
    endloop
  endfacet
  facet normal 0.537780348782531 -0.45930780891696577 0.7069855961271315
    outer loop
      vertex 127.43144825477394 -6.691306063588582 9
      vertex 127.77145961456971 -6.293203910498374 9
      vertex 126.99431365311274 -5.663883519448537 10
    endloop
  endfacet
  facet normal 0.5610816528943617 -0.4305330947257078 0.7069855961271316
    outer loop
      vertex 127.77145961456971 -6.293203910498374 9
      vertex 128.0901699437495 -5.877852522924732 9
      vertex 126.99431365311274 -5.663883519448537 10
    endloop
  endfacet
  facet normal 0.5828450711959345 -0.40057831924776544 0.7069855961271356
    outer loop
      vertex 128.0901699437495 -5.877852522924732 9
      vertex 128.38670567945425 -5.446390350150271 9
      vertex 127.28115294937453 -5.2900672706322585 10
    endloop
  endfacet
  facet normal 0.5377803487825332 -0.4593078089169641 0.7069855961271307
    outer loop
      vertex 127.43144825477394 -6.691306063588582 9
      vertex 126.99431365311274 -5.663883519448537 10
      vertex 126.68830342929655 -6.022175457229724 10
    endloop
  endfacet
  facet normal 0 0 1
    outer loop
      vertex 125.66388351944853 -6.994313653112738 10
      vertex 126.68830342929655 -6.022175457229724 10
      vertex 127.28115294937453 -5.2900672706322585 10
    endloop
  endfacet
  facet normal 0 0 1
    outer loop
      vertex 126.68830342929655 -6.022175457229724 10
      vertex 126.99431365311274 -5.663883519448537 10
      vertex 127.28115294937453 -5.2900672706322585 10
    endloop
  endfacet
  facet normal 0.5610816528943683 -0.4305330947256928 0.7069855961271355
    outer loop
      vertex 128.0901699437495 -5.877852522924732 9
      vertex 127.28115294937453 -5.2900672706322585 10
      vertex 126.99431365311274 -5.663883519448537 10
    endloop
  endfacet
  facet normal 0.5828450711959318 -0.4005783192477728 0.7069855961271337
    outer loop
      vertex 128.38670567945425 -5.446390350150271 9
      vertex 127.54803511150882 -4.901751315135244 10
      vertex 127.28115294937453 -5.2900672706322585 10
    endloop
  endfacet
  facet normal 0.8788171126619789 -0.47715876025958354 0
    outer loop
      vertex 128.91006524188367 -4.5399049973954675 1
      vertex 128.91006524188367 -4.5399049973954675 9
      vertex 128.6602540378444 -5 9
    endloop
  endfacet
  facet normal 0.9025852843498516 -0.43051109680831406 0
    outer loop
      vertex 128.91006524188367 -4.5399049973954675 1
      vertex 129.135454576426 -4.067366430758002 9
      vertex 128.91006524188367 -4.5399049973954675 9
    endloop
  endfacet
  facet normal 0.9238795325112938 -0.3826834323650725 0
    outer loop
      vertex 129.135454576426 -4.067366430758002 1
      vertex 129.335804264972 -3.5836794954530027 9
      vertex 129.135454576426 -4.067366430758002 9
    endloop
  endfacet
  facet normal 0.9426414910921745 -0.33380685923378156 0
    outer loop
      vertex 129.51056516295154 -3.090169943749474 1
      vertex 129.51056516295154 -3.090169943749474 9
      vertex 129.335804264972 -3.5836794954530027 9
    endloop
  endfacet
  facet normal 0.9588197348681906 -0.28401534470393075 0
    outer loop
      vertex 129.51056516295154 -3.090169943749474 1
      vertex 129.6592582628907 -2.5881904510252074 9
      vertex 129.51056516295154 -3.090169943749474 9
    endloop
  endfacet
  facet normal 0.9723699203976787 -0.23344536385589681 0
    outer loop
      vertex 129.6592582628907 -2.5881904510252074 1
      vertex 129.78147600733806 -2.0791169081775935 9
      vertex 129.6592582628907 -2.5881904510252074 9
    endloop
  endfacet
  facet normal 0.9832549075639505 -0.18223552549216857 0
    outer loop
      vertex 129.8768834059514 -1.5643446504023086 1
      vertex 129.8768834059514 -1.5643446504023086 9
      vertex 129.78147600733806 -2.0791169081775935 9
    endloop
  endfacet
  facet normal 0.9914448613738115 -0.1305261922200424 0
    outer loop
      vertex 129.8768834059514 -1.5643446504023086 1
      vertex 129.94521895368274 -1.0452846326765348 9
      vertex 129.8768834059514 -1.5643446504023086 9
    endloop
  endfacet
  facet normal 0.9969173337331297 -0.07845909572782357 0
    outer loop
      vertex 129.94521895368274 -1.0452846326765348 1
      vertex 129.98629534754573 -0.5233595624294384 9
      vertex 129.94521895368274 -1.0452846326765348 9
    endloop
  endfacet
  facet normal 0.999657324975557 -0.02617694830788113 0
    outer loop
      vertex 129.98629534754573 -0.5233595624294384 9
      vertex 130 0 1
      vertex 130 0 9
    endloop
  endfacet
  facet normal 0.603010951670416 -0.3695255864406387 0.7069855961271356
    outer loop
      vertex 128.38670567945425 -5.446390350150271 9
      vertex 128.6602540378444 -5 9
      vertex 127.79422863405995 -4.5 10
    endloop
  endfacet
  facet normal 0.6215240210411599 -0.33746000968647466 0.7069855961271293
    outer loop
      vertex 128.6602540378444 -5 9
      vertex 128.91006524188367 -4.5399049973954675 9
      vertex 128.01905871769532 -4.085914497655921 10
    endloop
  endfacet
  facet normal 0.6383335362718053 -0.3044694785023611 0.7069855961271291
    outer loop
      vertex 128.91006524188367 -4.5399049973954675 9
      vertex 129.135454576426 -4.067366430758002 9
      vertex 128.01905871769532 -4.085914497655921 10
    endloop
  endfacet
  facet normal 0.6030109516704215 -0.36952558644063316 0.7069855961271337
    outer loop
      vertex 128.38670567945425 -5.446390350150271 9
      vertex 127.79422863405995 -4.5 10
      vertex 127.54803511150882 -4.901751315135244 10
    endloop
  endfacet
  facet normal 0.6215240210411417 -0.33746000968649464 0.7069855961271359
    outer loop
      vertex 128.6602540378444 -5 9
      vertex 128.01905871769532 -4.085914497655921 10
      vertex 127.79422863405995 -4.5 10
    endloop
  endfacet
  facet normal 0 0 1
    outer loop
      vertex 127.28115294937453 -5.2900672706322585 10
      vertex 127.54803511150882 -4.901751315135244 10
      vertex 127.79422863405995 -4.5 10
    endloop
  endfacet
  facet normal 0.6383335362718117 -0.30446947850232975 0.7069855961271367
    outer loop
      vertex 129.135454576426 -4.067366430758002 9
      vertex 128.2219091187834 -3.660629787682202 10
      vertex 128.01905871769532 -4.085914497655921 10
    endloop
  endfacet
  facet normal 0 0 1
    outer loop
      vertex 127.28115294937453 -5.2900672706322585 10
      vertex 127.79422863405995 -4.5 10
      vertex 128.4022238384748 -3.2253115459077026 10
    endloop
  endfacet
  facet normal 0 0 1
    outer loop
      vertex 127.79422863405995 -4.5 10
      vertex 128.01905871769532 -4.085914497655921 10
      vertex 128.2219091187834 -3.660629787682202 10
    endloop
  endfacet
  facet normal 0 0 1
    outer loop
      vertex 127.79422863405995 -4.5 10
      vertex 128.2219091187834 -3.660629787682202 10
      vertex 128.4022238384748 -3.2253115459077026 10
    endloop
  endfacet
  facet normal 0.6533934236495738 -0.27064441764102853 0.7069855961271326
    outer loop
      vertex 129.135454576426 -4.067366430758002 9
      vertex 129.335804264972 -3.5836794954530027 9
      vertex 128.4022238384748 -3.2253115459077026 10
    endloop
  endfacet
  facet normal 0.6666624050699228 -0.23607753924325153 0.7069855961271327
    outer loop
      vertex 129.335804264972 -3.5836794954530027 9
      vertex 129.51056516295154 -3.090169943749474 9
      vertex 128.55950864665638 -2.7811529493745266 10
    endloop
  endfacet
  facet normal 0.6781041111771203 -0.2008635887199361 0.706985596127132
    outer loop
      vertex 129.51056516295154 -3.090169943749474 9
      vertex 129.6592582628907 -2.5881904510252074 9
      vertex 128.69333243660162 -2.3293714059226867 10
    endloop
  endfacet
  facet normal 0 0 1
    outer loop
      vertex 127.28115294937453 -5.2900672706322585 10
      vertex 128.2219091187834 3.660629787682202 10
      vertex 121.61140674879861 -8.851479206642063 10
    endloop
  endfacet
  facet normal 0.6533934236495639 -0.27064441764104186 0.7069855961271367
    outer loop
      vertex 129.135454576426 -4.067366430758002 9
      vertex 128.4022238384748 -3.2253115459077026 10
      vertex 128.2219091187834 -3.660629787682202 10
    endloop
  endfacet
  facet normal 0.6666624050699229 -0.2360775392432514 0.7069855961271325
    outer loop
      vertex 129.335804264972 -3.5836794954530027 9
      vertex 128.55950864665638 -2.7811529493745266 10
      vertex 128.4022238384748 -3.2253115459077026 10
    endloop
  endfacet
  facet normal 0 0 1
    outer loop
      vertex 127.28115294937453 -5.2900672706322585 10
      vertex 128.4022238384748 -3.2253115459077026 10
      vertex 128.95069705831446 -0.9407561694088813 10
    endloop
  endfacet
  facet normal 0.6781041111771181 -0.20086358871993973 0.706985596127133
    outer loop
      vertex 129.51056516295154 -3.090169943749474 9
      vertex 128.69333243660162 -2.3293714059226867 10
      vertex 128.55950864665638 -2.7811529493745266 10
    endloop
  endfacet
  facet normal 0 0 1
    outer loop
      vertex 128.4022238384748 -3.2253115459077026 10
      vertex 128.55950864665638 -2.7811529493745266 10
      vertex 128.69333243660162 -2.3293714059226867 10
    endloop
  endfacet
  facet normal 0.6876871810500217 -0.16509908506178586 0.706985596127132
    outer loop
      vertex 129.6592582628907 -2.5881904510252074 9
      vertex 129.78147600733806 -2.0791169081775935 9
      vertex 128.69333243660162 -2.3293714059226867 10
    endloop
  endfacet
  facet normal 0.6953853481602004 -0.1288820562874095 0.7069855961271388
    outer loop
      vertex 129.78147600733806 -2.0791169081775935 9
      vertex 129.8768834059514 -1.5643446504023086 9
      vertex 128.88919506535623 -1.407910185362078 10
    endloop
  endfacet
  facet normal 0.6876871810500214 -0.16509908506176016 0.7069855961271381
    outer loop
      vertex 129.78147600733806 -2.0791169081775935 9
      vertex 128.80332840660424 -1.8712052173598341 10
      vertex 128.69333243660162 -2.3293714059226867 10
    endloop
  endfacet
  facet normal 0 0 1
    outer loop
      vertex 128.4022238384748 -3.2253115459077026 10
      vertex 128.69333243660162 -2.3293714059226867 10
      vertex 128.95069705831446 -0.9407561694088813 10
    endloop
  endfacet
  facet normal 0.6953853481602021 -0.1288820562874056 0.7069855961271378
    outer loop
      vertex 129.78147600733806 -2.0791169081775935 9
      vertex 128.88919506535623 -1.407910185362078 10
      vertex 128.80332840660424 -1.8712052173598341 10
    endloop
  endfacet
  facet normal 0.701177512366727 -0.09231177075520718 0.7069855961271392
    outer loop
      vertex 129.8768834059514 -1.5643446504023086 9
      vertex 128.95069705831446 -0.9407561694088813 10
      vertex 128.88919506535623 -1.407910185362078 10
    endloop
  endfacet
  facet normal 0 0 1
    outer loop
      vertex 128.69333243660162 -2.3293714059226867 10
      vertex 128.80332840660424 -1.8712052173598341 10
      vertex 128.88919506535623 -1.407910185362078 10
    endloop
  endfacet
  facet normal 0 0 1
    outer loop
      vertex 128.69333243660162 -2.3293714059226867 10
      vertex 128.88919506535623 -1.407910185362078 10
      vertex 128.95069705831446 -0.9407561694088813 10
    endloop
  endfacet
  facet normal 0.7011775123667333 -0.09231177075519098 0.7069855961271351
    outer loop
      vertex 129.8768834059514 -1.5643446504023086 9
      vertex 129.94521895368274 -1.0452846326765348 9
      vertex 128.95069705831446 -0.9407561694088813 10
    endloop
  endfacet
  facet normal 0.7050477977501136 -0.055488465075857106 0.7069855961271349
    outer loop
      vertex 129.94521895368274 -1.0452846326765348 9
      vertex 129.98629534754573 -0.5233595624294384 9
      vertex 128.95069705831446 -0.9407561694088813 10
    endloop
  endfacet
  facet normal 0.7069855961271327 -0.01851306937073561 0.7069855961271327
    outer loop
      vertex 129.98629534754573 -0.5233595624294384 9
      vertex 130 0 9
      vertex 129 0 10
    endloop
  endfacet
  facet normal 0.7050477977501158 -0.05548846507587009 0.7069855961271316
    outer loop
      vertex 129.98629534754573 -0.5233595624294384 9
      vertex 128.98766581279116 -0.4710236061864945 10
      vertex 128.95069705831446 -0.9407561694088813 10
    endloop
  endfacet
  facet normal 0 0 1
    outer loop
      vertex 127.28115294937453 -5.2900672706322585 10
      vertex 128.95069705831446 -0.9407561694088813 10
      vertex 128.2219091187834 3.660629787682202 10
    endloop
  endfacet
  facet normal 0.7069855961271339 -0.018513069370731373 0.7069855961271316
    outer loop
      vertex 129.98629534754573 -0.5233595624294384 9
      vertex 129 0 10
      vertex 128.98766581279116 -0.4710236061864945 10
    endloop
  endfacet
  facet normal 0 0 1
    outer loop
      vertex 128.95069705831446 -0.9407561694088813 10
      vertex 128.98766581279116 -0.4710236061864945 10
      vertex 128.98766581279116 0.4710236061864945 10
    endloop
  endfacet
  facet normal 0 1 0
    outer loop
      vertex 10 10 1
      vertex 110.8373752998871 10 5.021927443926819
      vertex 120 10 1
    endloop
  endfacet
  facet normal 0 0 -1
    outer loop
      vertex 10 9 0
      vertex 122.32937140592269 8.693332436601615 0
      vertex 129 0 0
    endloop
  endfacet
  facet normal 0 0 -1
    outer loop
      vertex 10 9 0
      vertex 120 9 0
      vertex 122.32937140592269 8.693332436601615 0
    endloop
  endfacet
  facet normal 0 0.7071067811865475 -0.7071067811865475
    outer loop
      vertex 10 9 0
      vertex 120 10 1
      vertex 120 9 0
    endloop
  endfacet
  facet normal 0 1 0
    outer loop
      vertex 10 10 1
      vertex 108.32754458771754 10 5.087649674107627
      vertex 109.1626247001129 10 5.021927443926819
    endloop
  endfacet
  facet normal 0 1 0
    outer loop
      vertex 10 10 1
      vertex 109.1626247001129 10 5.021927443926819
      vertex 110 10 5
    endloop
  endfacet
  facet normal 0 1 0
    outer loop
      vertex 10 10 1
      vertex 110 10 5
      vertex 110.8373752998871 10 5.021927443926819
    endloop
  endfacet
  facet normal 0 1 0
    outer loop
      vertex 10 10 1
      vertex 104.26611280727519 10 6.062713176044772
      vertex 105.05572809000084 10 5.7830957392775435
    endloop
  endfacet
  facet normal 0 1 0
    outer loop
      vertex 10 10 1
      vertex 103.4922137107872 10 6.383272677718386
      vertex 104.26611280727519 10 6.062713176044772
    endloop
  endfacet
  facet normal 0 1 0
    outer loop
      vertex 10 10 1
      vertex 102.73615200416725 10 6.743895612986114
      vertex 103.4922137107872 10 6.383272677718386
    endloop
  endfacet
  facet normal 0 1 0
    outer loop
      vertex 10 10 1
      vertex 102 10 7.1435935394489825
      vertex 102.73615200416725 10 6.743895612986114
    endloop
  endfacet
  facet normal 0 1 0
    outer loop
      vertex 10 10 1
      vertex 106.67341294691585 10 5.349638388259109
      vertex 107.4970485593563 10 5.196986550477796
    endloop
  endfacet
  facet normal 0 1 0
    outer loop
      vertex 10 10 1
      vertex 105.85889527835967 10 5.545186779374907
      vertex 106.67341294691585 10 5.349638388259109
    endloop
  endfacet
  facet normal 0 1 0
    outer loop
      vertex 10 10 1
      vertex 107.4970485593563 10 5.196986550477796
      vertex 108.32754458771754 10 5.087649674107627
    endloop
  endfacet
  facet normal 0 1 0
    outer loop
      vertex 10 10 1
      vertex 105.05572809000084 10 5.7830957392775435
      vertex 105.85889527835967 10 5.545186779374907
    endloop
  endfacet
  facet normal 0 0 -1
    outer loop
      vertex 129 0 0
      vertex 128.95069705831446 0.9407561694088813 0
      vertex 128.98766581279116 0.4710236061864945 0
    endloop
  endfacet
  facet normal 0.7069855961271339 0.018513069370731373 -0.7069855961271316
    outer loop
      vertex 129 0 0
      vertex 128.98766581279116 0.4710236061864945 0
      vertex 129.98629534754573 0.5233595624294384 1
    endloop
  endfacet
  facet normal 0 0 -1
    outer loop
      vertex 129 0 0
      vertex 128.80332840660424 1.8712052173598341 0
      vertex 128.95069705831446 0.9407561694088813 0
    endloop
  endfacet
  facet normal 0.7050477977501125 0.055488465075869825 -0.706985596127135
    outer loop
      vertex 128.98766581279116 0.4710236061864945 0
      vertex 128.95069705831446 0.9407561694088813 0
      vertex 129.94521895368274 1.0452846326765348 1
    endloop
  endfacet
  facet normal 0.7069855961271327 0.01851306937073561 -0.7069855961271327
    outer loop
      vertex 129 0 0
      vertex 129.98629534754573 0.5233595624294384 1
      vertex 130 0 1
    endloop
  endfacet
  facet normal 0.7050477977501166 0.05548846507585734 -0.7069855961271317
    outer loop
      vertex 128.98766581279116 0.4710236061864945 0
      vertex 129.94521895368274 1.0452846326765348 1
      vertex 129.98629534754573 0.5233595624294384 1
    endloop
  endfacet
  facet normal 0.7011775123667333 0.09231177075519098 -0.7069855961271351
    outer loop
      vertex 128.95069705831446 0.9407561694088813 0
      vertex 129.8768834059514 1.5643446504023086 1
      vertex 129.94521895368274 1.0452846326765348 1
    endloop
  endfacet
  facet normal 0 0 -1
    outer loop
      vertex 128.95069705831446 0.9407561694088813 0
      vertex 128.80332840660424 1.8712052173598341 0
      vertex 128.88919506535623 1.407910185362078 0
    endloop
  endfacet
  facet normal 0.701177512366727 0.09231177075520718 -0.7069855961271393
    outer loop
      vertex 128.95069705831446 0.9407561694088813 0
      vertex 128.88919506535623 1.407910185362078 0
      vertex 129.8768834059514 1.5643446504023086 1
    endloop
  endfacet
  facet normal 0.695385348160201 0.1288820562874054 -0.706985596127139
    outer loop
      vertex 128.88919506535623 1.407910185362078 0
      vertex 128.80332840660424 1.8712052173598341 0
      vertex 129.8768834059514 1.5643446504023086 1
    endloop
  endfacet
  facet normal 0 0 -1
    outer loop
      vertex 128.80332840660424 1.8712052173598341 0
      vertex 128.55950864665638 2.7811529493745266 0
      vertex 128.69333243660162 2.3293714059226867 0
    endloop
  endfacet
  facet normal 0.6876871810500214 0.16509908506176016 -0.7069855961271381
    outer loop
      vertex 128.80332840660424 1.8712052173598341 0
      vertex 128.69333243660162 2.3293714059226867 0
      vertex 129.78147600733806 2.0791169081775935 1
    endloop
  endfacet
  facet normal 0.6953853481602013 0.12888205628740967 -0.7069855961271378
    outer loop
      vertex 128.80332840660424 1.8712052173598341 0
      vertex 129.78147600733806 2.0791169081775935 1
      vertex 129.8768834059514 1.5643446504023086 1
    endloop
  endfacet
  facet normal 0.6876871810500215 0.16509908506178583 -0.7069855961271319
    outer loop
      vertex 128.69333243660162 2.3293714059226867 0
      vertex 129.6592582628907 2.5881904510252074 1
      vertex 129.78147600733806 2.0791169081775935 1
    endloop
  endfacet
  facet normal 0 0 -1
    outer loop
      vertex 128.80332840660424 1.8712052173598341 0
      vertex 128.01905871769532 4.085914497655921 0
      vertex 128.55950864665638 2.7811529493745266 0
    endloop
  endfacet
  facet normal 0.6781041111771191 0.20086358871994003 -0.7069855961271319
    outer loop
      vertex 128.69333243660162 2.3293714059226867 0
      vertex 128.55950864665638 2.7811529493745266 0
      vertex 129.6592582628907 2.5881904510252074 1
    endloop
  endfacet
  facet normal 0 0 -1
    outer loop
      vertex 129 0 0
      vertex 122.32937140592269 8.693332436601615 0
      vertex 128.80332840660424 1.8712052173598341 0
    endloop
  endfacet
  facet normal 0 0 -1
    outer loop
      vertex 128.55950864665638 2.7811529493745266 0
      vertex 128.2219091187834 3.660629787682202 0
      vertex 128.4022238384748 3.2253115459077026 0
    endloop
  endfacet
  facet normal 0 0 -1
    outer loop
      vertex 128.55950864665638 2.7811529493745266 0
      vertex 128.01905871769532 4.085914497655921 0
      vertex 128.2219091187834 3.660629787682202 0
    endloop
  endfacet
  facet normal 0.6666624050699229 0.2360775392432514 -0.7069855961271326
    outer loop
      vertex 128.55950864665638 2.7811529493745266 0
      vertex 128.4022238384748 3.2253115459077026 0
      vertex 129.335804264972 3.5836794954530027 1
    endloop
  endfacet
  facet normal 0.6533934236495678 0.27064441764104347 -0.7069855961271325
    outer loop
      vertex 128.4022238384748 3.2253115459077026 0
      vertex 128.2219091187834 3.660629787682202 0
      vertex 129.335804264972 3.5836794954530027 1
    endloop
  endfacet
  facet normal 0.6781041111771193 0.20086358871993581 -0.7069855961271329
    outer loop
      vertex 128.55950864665638 2.7811529493745266 0
      vertex 129.51056516295154 3.090169943749474 1
      vertex 129.6592582628907 2.5881904510252074 1
    endloop
  endfacet
  facet normal 0.6666624050699228 0.23607753924325153 -0.7069855961271326
    outer loop
      vertex 128.55950864665638 2.7811529493745266 0
      vertex 129.335804264972 3.5836794954530027 1
      vertex 129.51056516295154 3.090169943749474 1
    endloop
  endfacet
  facet normal 0 0 -1
    outer loop
      vertex 128.80332840660424 1.8712052173598341 0
      vertex 126.68830342929655 6.022175457229724 0
      vertex 128.01905871769532 4.085914497655921 0
    endloop
  endfacet
  facet normal 0.6383335362718117 0.30446947850232975 -0.7069855961271367
    outer loop
      vertex 128.2219091187834 3.660629787682202 0
      vertex 128.01905871769532 4.085914497655921 0
      vertex 129.135454576426 4.067366430758002 1
    endloop
  endfacet
  facet normal 0 0 -1
    outer loop
      vertex 128.01905871769532 4.085914497655921 0
      vertex 127.54803511150882 4.901751315135244 0
      vertex 127.79422863405995 4.5 0
    endloop
  endfacet
  facet normal 0.6215240210411417 0.33746000968649464 -0.7069855961271359
    outer loop
      vertex 128.01905871769532 4.085914497655921 0
      vertex 127.79422863405995 4.5 0
      vertex 128.6602540378444 5 1
    endloop
  endfacet
  facet normal 0.6030109516704198 0.3695255864406321 -0.7069855961271357
    outer loop
      vertex 127.79422863405995 4.5 0
      vertex 127.54803511150882 4.901751315135244 0
      vertex 128.6602540378444 5 1
    endloop
  endfacet
  facet normal 0.6533934236495702 0.27064441764102704 -0.7069855961271365
    outer loop
      vertex 128.2219091187834 3.660629787682202 0
      vertex 129.135454576426 4.067366430758002 1
      vertex 129.335804264972 3.5836794954530027 1
    endloop
  endfacet
  facet normal 0.6383335362718053 0.3044694785023611 -0.7069855961271291
    outer loop
      vertex 128.01905871769532 4.085914497655921 0
      vertex 128.91006524188367 4.5399049973954675 1
      vertex 129.135454576426 4.067366430758002 1
    endloop
  endfacet
  facet normal 0.6215240210411599 0.33746000968647466 -0.7069855961271293
    outer loop
      vertex 128.01905871769532 4.085914497655921 0
      vertex 128.6602540378444 5 1
      vertex 128.91006524188367 4.5399049973954675 1
    endloop
  endfacet
  facet normal 0.999657324975557 0.02617694830788113 0
    outer loop
      vertex 130 0 1
      vertex 129.98629534754573 0.5233595624294384 1
      vertex 130 0 9
    endloop
  endfacet
  facet normal 0.9969173337331297 0.07845909572782357 0
    outer loop
      vertex 129.98629534754573 0.5233595624294384 1
      vertex 129.94521895368274 1.0452846326765348 1
      vertex 129.94521895368274 1.0452846326765348 9
    endloop
  endfacet
  facet normal 0.9914448613738115 0.1305261922200424 0
    outer loop
      vertex 129.94521895368274 1.0452846326765348 1
      vertex 129.8768834059514 1.5643446504023086 1
      vertex 129.94521895368274 1.0452846326765348 9
    endloop
  endfacet
  facet normal 0.9832549075639505 0.18223552549216857 0
    outer loop
      vertex 129.8768834059514 1.5643446504023086 1
      vertex 129.78147600733806 2.0791169081775935 1
      vertex 129.78147600733806 2.0791169081775935 9
    endloop
  endfacet
  facet normal 0.9723699203976787 0.23344536385589681 0
    outer loop
      vertex 129.78147600733806 2.0791169081775935 1
      vertex 129.6592582628907 2.5881904510252074 1
      vertex 129.78147600733806 2.0791169081775935 9
    endloop
  endfacet
  facet normal 0.9588197348681906 0.28401534470393075 0
    outer loop
      vertex 129.6592582628907 2.5881904510252074 1
      vertex 129.51056516295154 3.090169943749474 1
      vertex 129.6592582628907 2.5881904510252074 9
    endloop
  endfacet
  facet normal 0.9426414910921745 0.33380685923378156 0
    outer loop
      vertex 129.51056516295154 3.090169943749474 1
      vertex 129.335804264972 3.5836794954530027 1
      vertex 129.335804264972 3.5836794954530027 9
    endloop
  endfacet
  facet normal 0.9238795325112938 0.3826834323650725 0
    outer loop
      vertex 129.335804264972 3.5836794954530027 1
      vertex 129.135454576426 4.067366430758002 1
      vertex 129.135454576426 4.067366430758002 9
    endloop
  endfacet
  facet normal 0.9025852843498516 0.43051109680831406 0
    outer loop
      vertex 129.135454576426 4.067366430758002 1
      vertex 128.91006524188367 4.5399049973954675 1
      vertex 129.135454576426 4.067366430758002 9
    endloop
  endfacet
  facet normal 0.8788171126619789 0.47715876025958354 0
    outer loop
      vertex 128.91006524188367 4.5399049973954675 1
      vertex 128.6602540378444 5 1
      vertex 128.6602540378444 5 9
    endloop
  endfacet
  facet normal 0 0 -1
    outer loop
      vertex 128.01905871769532 4.085914497655921 0
      vertex 126.68830342929655 6.022175457229724 0
      vertex 127.54803511150882 4.901751315135244 0
    endloop
  endfacet
  facet normal 0 0 -1
    outer loop
      vertex 128.80332840660424 1.8712052173598341 0
      vertex 122.32937140592269 8.693332436601615 0
      vertex 126.68830342929655 6.022175457229724 0
    endloop
  endfacet
  facet normal 0 0 -1
    outer loop
      vertex 127.54803511150882 4.901751315135244 0
      vertex 126.68830342929655 6.022175457229724 0
      vertex 127.28115294937453 5.2900672706322585 0
    endloop
  endfacet
  facet normal 0.5828450711959317 0.40057831924777276 -0.7069855961271337
    outer loop
      vertex 127.54803511150882 4.901751315135244 0
      vertex 127.28115294937453 5.2900672706322585 0
      vertex 128.38670567945425 5.446390350150271 1
    endloop
  endfacet
  facet normal 0.5610816528943683 0.4305330947256928 -0.7069855961271355
    outer loop
      vertex 127.28115294937453 5.2900672706322585 0
      vertex 126.99431365311274 5.663883519448537 0
      vertex 128.0901699437495 5.877852522924732 1
    endloop
  endfacet
  facet normal 0 0 -1
    outer loop
      vertex 127.28115294937453 5.2900672706322585 0
      vertex 126.68830342929655 6.022175457229724 0
      vertex 126.99431365311274 5.663883519448537 0
    endloop
  endfacet
  facet normal 0.5377803487825327 0.45930780891696366 -0.7069855961271315
    outer loop
      vertex 126.99431365311274 5.663883519448537 0
      vertex 126.68830342929655 6.022175457229724 0
      vertex 127.77145961456971 6.293203910498374 1
    endloop
  endfacet
  facet normal 0.5828450711959344 0.4005783192477654 -0.7069855961271356
    outer loop
      vertex 127.28115294937453 5.2900672706322585 0
      vertex 128.0901699437495 5.877852522924732 1
      vertex 128.38670567945425 5.446390350150271 1
    endloop
  endfacet
  facet normal 0.6030109516704175 0.36952558644063965 -0.7069855961271339
    outer loop
      vertex 127.54803511150882 4.901751315135244 0
      vertex 128.38670567945425 5.446390350150271 1
      vertex 128.6602540378444 5 1
    endloop
  endfacet
  facet normal 0.5610816528943617 0.4305330947257078 -0.7069855961271316
    outer loop
      vertex 126.99431365311274 5.663883519448537 0
      vertex 127.77145961456971 6.293203910498374 1
      vertex 128.0901699437495 5.877852522924732 1
    endloop
  endfacet
  facet normal 0 0 -1
    outer loop
      vertex 126.68830342929655 6.022175457229724 0
      vertex 124.90175131513524 7.548035111508817 0
      vertex 125.29006727063226 7.281152949374527 0
    endloop
  endfacet
  facet normal 0 0 -1
    outer loop
      vertex 125.66388351944853 6.994313653112738 0
      vertex 126.02217545722972 6.688303429296548 0
      vertex 125.29006727063226 7.281152949374527 0
    endloop
  endfacet
  facet normal 0 0 -1
    outer loop
      vertex 126.68830342929655 6.022175457229724 0
      vertex 122.32937140592269 8.693332436601615 0
      vertex 124.90175131513524 7.548035111508817 0
    endloop
  endfacet
  facet normal 0.43053309472570056 0.5610816528943637 -0.7069855961271344
    outer loop
      vertex 125.66388351944853 6.994313653112738 0
      vertex 125.29006727063226 7.281152949374527 0
      vertex 126.29320391049838 7.771459614569709 1
    endloop
  endfacet
  facet normal 0 0 -1
    outer loop
      vertex 126.68830342929655 6.022175457229724 0
      vertex 126.02217545722972 6.688303429296548 0
      vertex 126.36396103067892 6.3639610306789285 0
    endloop
  endfacet
  facet normal 0 0 -1
    outer loop
      vertex 126.68830342929655 6.022175457229724 0
      vertex 125.29006727063226 7.281152949374527 0
      vertex 126.02217545722972 6.688303429296548 0
    endloop
  endfacet
  facet normal 0.5130050261153207 0.48682359233009614 -0.7069855961271342
    outer loop
      vertex 126.68830342929655 6.022175457229724 0
      vertex 126.36396103067892 6.3639610306789285 0
      vertex 127.07106781186548 7.0710678118654755 1
    endloop
  endfacet
  facet normal 0.48682359233008987 0.5130050261153271 -0.7069855961271341
    outer loop
      vertex 126.36396103067892 6.3639610306789285 0
      vertex 126.02217545722972 6.688303429296548 0
      vertex 127.07106781186548 7.0710678118654755 1
    endloop
  endfacet
  facet normal 0.45930780891696277 0.5377803487825297 -0.7069855961271345
    outer loop
      vertex 125.66388351944853 6.994313653112738 0
      vertex 126.29320391049838 7.771459614569709 1
      vertex 126.02217545722972 6.688303429296548 0
    endloop
  endfacet
  facet normal 0.5377803487825314 0.4593078089169662 -0.7069855961271309
    outer loop
      vertex 126.68830342929655 6.022175457229724 0
      vertex 127.43144825477394 6.691306063588582 1
      vertex 127.77145961456971 6.293203910498374 1
    endloop
  endfacet
  facet normal 0.5130050261153324 0.4868235923300887 -0.7069855961271309
    outer loop
      vertex 126.68830342929655 6.022175457229724 0
      vertex 127.07106781186548 7.0710678118654755 1
      vertex 127.43144825477394 6.691306063588582 1
    endloop
  endfacet
  facet normal 0.48682359233008926 0.5130050261153281 -0.7069855961271337
    outer loop
      vertex 126.02217545722972 6.688303429296548 0
      vertex 126.69130606358858 7.431448254773942 1
      vertex 127.07106781186548 7.0710678118654755 1
    endloop
  endfacet
  facet normal 0.45930780891696543 0.5377803487825282 -0.7069855961271337
    outer loop
      vertex 126.02217545722972 6.688303429296548 0
      vertex 126.29320391049838 7.771459614569709 1
      vertex 126.69130606358858 7.431448254773942 1
    endloop
  endfacet
  facet normal 0 0 -1
    outer loop
      vertex 120 9 0
      vertex 120.47102360618649 8.987665812791164 0
      vertex 120.94075616940889 8.950697058314459 0
    endloop
  endfacet
  facet normal 0 0 -1
    outer loop
      vertex 120 9 0
      vertex 120.94075616940889 8.950697058314459 0
      vertex 122.32937140592269 8.693332436601615 0
    endloop
  endfacet
  facet normal 0 0 -1
    outer loop
      vertex 121.87120521735983 8.803328406604251 0
      vertex 122.32937140592269 8.693332436601615 0
      vertex 121.40791018536208 8.88919506535624 0
    endloop
  endfacet
  facet normal 0 0 -1
    outer loop
      vertex 121.40791018536208 8.88919506535624 0
      vertex 122.32937140592269 8.693332436601615 0
      vertex 120.94075616940889 8.950697058314459 0
    endloop
  endfacet
  facet normal 0.018513069370731442 0.7069855961271325 -0.7069855961271329
    outer loop
      vertex 120 9 0
      vertex 120.52335956242943 9.986295347545738 1
      vertex 120.47102360618649 8.987665812791164 0
    endloop
  endfacet
  facet normal 0.05548846507587184 0.7050477977501145 -0.7069855961271329
    outer loop
      vertex 120.47102360618649 8.987665812791164 0
      vertex 120.52335956242943 9.986295347545738 1
      vertex 120.94075616940889 8.950697058314459 0
    endloop
  endfacet
  facet normal 0.12888205628739904 0.6953853481602079 -0.7069855961271333
    outer loop
      vertex 121.87120521735983 8.803328406604251 0
      vertex 121.40791018536208 8.88919506535624 0
      vertex 122.0791169081776 9.781476007338057 1
    endloop
  endfacet
  facet normal 0.09231177075519446 0.7011775123667346 -0.7069855961271333
    outer loop
      vertex 121.40791018536208 8.88919506535624 0
      vertex 120.94075616940889 8.950697058314459 0
      vertex 121.04528463267654 9.945218953682733 1
    endloop
  endfacet
  facet normal 0.01851306937073097 0.7069855961271326 -0.7069855961271326
    outer loop
      vertex 120 9 0
      vertex 120 10 1
      vertex 120.52335956242943 9.986295347545738 1
    endloop
  endfacet
  facet normal 0.055488465075870415 0.7050477977501143 -0.7069855961271332
    outer loop
      vertex 120.94075616940889 8.950697058314459 0
      vertex 120.52335956242943 9.986295347545738 1
      vertex 121.04528463267654 9.945218953682733 1
    endloop
  endfacet
  facet normal 0.12888205628739516 0.6953853481602097 -0.7069855961271323
    outer loop
      vertex 121.40791018536208 8.88919506535624 0
      vertex 121.5643446504023 9.876883405951379 1
      vertex 122.0791169081776 9.781476007338057 1
    endloop
  endfacet
  facet normal 0.09231177075519784 0.7011775123667352 -0.7069855961271324
    outer loop
      vertex 121.40791018536208 8.88919506535624 0
      vertex 121.04528463267654 9.945218953682733 1
      vertex 121.5643446504023 9.876883405951379 1
    endloop
  endfacet
  facet normal 0 0 -1
    outer loop
      vertex 124.90175131513524 7.548035111508817 0
      vertex 124.08591449765592 8.01905871769531 0
      vertex 124.5 7.794228634059947 0
    endloop
  endfacet
  facet normal 0 0 -1
    outer loop
      vertex 124.90175131513524 7.548035111508817 0
      vertex 123.2253115459077 8.402223838474816 0
      vertex 124.08591449765592 8.01905871769531 0
    endloop
  endfacet
  facet normal 0.40057831924776477 0.5828450711959391 -0.7069855961271324
    outer loop
      vertex 125.29006727063226 7.281152949374527 0
      vertex 124.90175131513524 7.548035111508817 0
      vertex 125.44639035015027 8.386705679454241 1
    endloop
  endfacet
  facet normal 0.3695255864406411 0.603010951670418 -0.7069855961271327
    outer loop
      vertex 124.90175131513524 7.548035111508817 0
      vertex 124.5 7.794228634059947 0
      vertex 125 8.660254037844386 1
    endloop
  endfacet
  facet normal 0 0 -1
    outer loop
      vertex 124.90175131513524 7.548035111508817 0
      vertex 122.32937140592269 8.693332436601615 0
      vertex 123.2253115459077 8.402223838474816 0
    endloop
  endfacet
  facet normal 0 0 -1
    outer loop
      vertex 124.08591449765592 8.01905871769531 0
      vertex 123.2253115459077 8.402223838474816 0
      vertex 123.6606297876822 8.221909118783408 0
    endloop
  endfacet
  facet normal 0 0 -1
    outer loop
      vertex 123.2253115459077 8.402223838474816 0
      vertex 122.32937140592269 8.693332436601615 0
      vertex 122.78115294937453 8.559508646656381 0
    endloop
  endfacet
  facet normal 0.2706444176410427 0.6533934236495677 -0.706985596127133
    outer loop
      vertex 123.6606297876822 8.221909118783408 0
      vertex 123.2253115459077 8.402223838474816 0
      vertex 124.067366430758 9.135454576426008 1
    endloop
  endfacet
  facet normal 0.337460009686491 0.6215240210411471 -0.7069855961271326
    outer loop
      vertex 124.5 7.794228634059947 0
      vertex 124.08591449765592 8.01905871769531 0
      vertex 125 8.660254037844386 1
    endloop
  endfacet
  facet normal 0.3044694785023438 0.6383335362718093 -0.7069855961271329
    outer loop
      vertex 124.08591449765592 8.01905871769531 0
      vertex 123.6606297876822 8.221909118783408 0
      vertex 124.53990499739547 8.910065241883679 1
    endloop
  endfacet
  facet normal 0.4305330947256905 0.5610816528943763 -0.7069855961271306
    outer loop
      vertex 125.29006727063226 7.281152949374527 0
      vertex 125.87785252292473 8.090169943749475 1
      vertex 126.29320391049838 7.771459614569709 1
    endloop
  endfacet
  facet normal 0.400578319247771 0.5828450711959368 -0.7069855961271307
    outer loop
      vertex 125.29006727063226 7.281152949374527 0
      vertex 125.44639035015027 8.386705679454241 1
      vertex 125.87785252292473 8.090169943749475 1
    endloop
  endfacet
  facet normal 0.3695255864406426 0.6030109516704174 -0.7069855961271323
    outer loop
      vertex 124.90175131513524 7.548035111508817 0
      vertex 125 8.660254037844386 1
      vertex 125.44639035015027 8.386705679454241 1
    endloop
  endfacet
  facet normal 0.3374600096864915 0.6215240210411466 -0.7069855961271329
    outer loop
      vertex 124.08591449765592 8.01905871769531 0
      vertex 124.53990499739547 8.910065241883679 1
      vertex 125 8.660254037844386 1
    endloop
  endfacet
  facet normal 0.20086358871993093 0.6781041111771214 -0.7069855961271324
    outer loop
      vertex 122.78115294937453 8.559508646656381 0
      vertex 122.32937140592269 8.693332436601615 0
      vertex 123.09016994374947 9.510565162951535 1
    endloop
  endfacet
  facet normal 0.23607753924324437 0.6666624050699258 -0.7069855961271323
    outer loop
      vertex 123.2253115459077 8.402223838474816 0
      vertex 122.78115294937453 8.559508646656381 0
      vertex 123.09016994374947 9.510565162951535 1
    endloop
  endfacet
  facet normal 0.16509908506179025 0.6876871810500189 -0.7069855961271334
    outer loop
      vertex 121.87120521735983 8.803328406604251 0
      vertex 122.0791169081776 9.781476007338057 1
      vertex 122.32937140592269 8.693332436601615 0
    endloop
  endfacet
  facet normal 0.27064441764103997 0.6533934236495696 -0.7069855961271322
    outer loop
      vertex 123.2253115459077 8.402223838474816 0
      vertex 123.583679495453 9.335804264972017 1
      vertex 124.067366430758 9.135454576426008 1
    endloop
  endfacet
  facet normal 0.20086358871993376 0.6781041111771197 -0.7069855961271332
    outer loop
      vertex 122.32937140592269 8.693332436601615 0
      vertex 122.58819045102521 9.659258262890683 1
      vertex 123.09016994374947 9.510565162951535 1
    endloop
  endfacet
  facet normal 0.23607753924324468 0.6666624050699258 -0.7069855961271322
    outer loop
      vertex 123.2253115459077 8.402223838474816 0
      vertex 123.09016994374947 9.510565162951535 1
      vertex 123.583679495453 9.335804264972017 1
    endloop
  endfacet
  facet normal 0.30446947850234435 0.638333536271809 -0.7069855961271329
    outer loop
      vertex 123.6606297876822 8.221909118783408 0
      vertex 124.067366430758 9.135454576426008 1
      vertex 124.53990499739547 8.910065241883679 1
    endloop
  endfacet
  facet normal 0.16509908506179155 0.687687181050019 -0.7069855961271332
    outer loop
      vertex 122.32937140592269 8.693332436601615 0
      vertex 122.0791169081776 9.781476007338057 1
      vertex 122.58819045102521 9.659258262890683 1
    endloop
  endfacet
  facet normal 0.8526401643540937 0.5224985647159461 0
    outer loop
      vertex 128.6602540378444 5 1
      vertex 128.38670567945425 5.446390350150271 1
      vertex 128.38670567945425 5.446390350150271 9
    endloop
  endfacet
  facet normal 0.824126188622017 0.5664062369248309 0
    outer loop
      vertex 128.38670567945425 5.446390350150271 1
      vertex 128.0901699437495 5.877852522924732 1
      vertex 128.38670567945425 5.446390350150271 9
    endloop
  endfacet
  facet normal 0.7933533402912211 0.6087614290087391 0
    outer loop
      vertex 128.0901699437495 5.877852522924732 1
      vertex 127.77145961456971 6.293203910498374 1
      vertex 127.77145961456971 6.293203910498374 9
    endloop
  endfacet
  facet normal 0.7604059656000314 0.6494480483301833 0
    outer loop
      vertex 127.77145961456971 6.293203910498374 1
      vertex 127.43144825477394 6.691306063588582 1
      vertex 127.77145961456971 6.293203910498374 9
    endloop
  endfacet
  facet normal 0.72537437101229 0.6883545756937516 0
    outer loop
      vertex 127.43144825477394 6.691306063588582 1
      vertex 127.07106781186548 7.0710678118654755 1
      vertex 127.07106781186548 7.0710678118654755 9
    endloop
  endfacet
  facet normal 0.6883545756937551 0.7253743710122867 0
    outer loop
      vertex 127.07106781186548 7.0710678118654755 1
      vertex 126.69130606358858 7.431448254773942 1
      vertex 126.69130606358858 7.431448254773942 9
    endloop
  endfacet
  facet normal 0 1 0
    outer loop
      vertex 120 10 1
      vertex 110.8373752998871 10 5.021927443926819
      vertex 111.67245541228246 10 5.087649674107627
    endloop
  endfacet
  facet normal 0.026176948307874575 0.9996573249755573 0
    outer loop
      vertex 120 10 1
      vertex 120 10 8.512622174269854
      vertex 120.52335956242943 9.986295347545738 1
    endloop
  endfacet
  facet normal 0.0784590957278422 0.9969173337331283 0
    outer loop
      vertex 120.52335956242943 9.986295347545738 1
      vertex 121.04528463267654 9.945218953682733 9
      vertex 121.04528463267654 9.945218953682733 1
    endloop
  endfacet
  facet normal 0.13052619222005163 0.9914448613738105 0
    outer loop
      vertex 121.04528463267654 9.945218953682733 1
      vertex 121.5643446504023 9.876883405951379 9
      vertex 121.5643446504023 9.876883405951379 1
    endloop
  endfacet
  facet normal 0.1822355254921466 0.9832549075639547 0
    outer loop
      vertex 121.5643446504023 9.876883405951379 1
      vertex 121.5643446504023 9.876883405951379 9
      vertex 122.0791169081776 9.781476007338057 1
    endloop
  endfacet
  facet normal 0.5664062369248348 0.8241261886220143 0
    outer loop
      vertex 125.87785252292473 8.090169943749475 1
      vertex 125.44639035015027 8.386705679454241 1
      vertex 125.44639035015027 8.386705679454241 9
    endloop
  endfacet
  facet normal 0.5224985647159492 0.8526401643540921 0
    outer loop
      vertex 125.44639035015027 8.386705679454241 1
      vertex 125 8.660254037844386 1
      vertex 125.44639035015027 8.386705679454241 9
    endloop
  endfacet
  facet normal 0.649448048330185 0.7604059656000298 0
    outer loop
      vertex 126.69130606358858 7.431448254773942 1
      vertex 126.29320391049838 7.771459614569709 1
      vertex 126.69130606358858 7.431448254773942 9
    endloop
  endfacet
  facet normal 0.6087614290087138 0.7933533402912404 0
    outer loop
      vertex 125.87785252292473 8.090169943749475 1
      vertex 126.29320391049838 7.771459614569709 9
      vertex 126.29320391049838 7.771459614569709 1
    endloop
  endfacet
  facet normal 0.3826834323650884 0.9238795325112874 0
    outer loop
      vertex 123.583679495453 9.335804264972017 1
      vertex 123.583679495453 9.335804264972017 9
      vertex 124.067366430758 9.135454576426008 1
    endloop
  endfacet
  facet normal 0.4771587602596096 0.8788171126619646 0
    outer loop
      vertex 125 8.660254037844386 1
      vertex 124.53990499739547 8.910065241883679 1
      vertex 124.53990499739547 8.910065241883679 9
    endloop
  endfacet
  facet normal 0.4305110968082927 0.9025852843498616 0
    outer loop
      vertex 124.53990499739547 8.910065241883679 1
      vertex 124.067366430758 9.135454576426008 1
      vertex 124.53990499739547 8.910065241883679 9
    endloop
  endfacet
  facet normal 0.3338068592337717 0.9426414910921782 0
    outer loop
      vertex 123.583679495453 9.335804264972017 1
      vertex 123.09016994374947 9.510565162951535 1
      vertex 123.09016994374947 9.510565162951535 9
    endloop
  endfacet
  facet normal 0.284015344703928 0.9588197348681914 0
    outer loop
      vertex 122.58819045102521 9.659258262890683 1
      vertex 123.09016994374947 9.510565162951535 9
      vertex 123.09016994374947 9.510565162951535 1
    endloop
  endfacet
  facet normal 0.23344536385590525 0.9723699203976766 0
    outer loop
      vertex 122.58819045102521 9.659258262890683 1
      vertex 122.0791169081776 9.781476007338057 1
      vertex 122.0791169081776 9.781476007338057 9
    endloop
  endfacet
  facet normal 0 1 0
    outer loop
      vertex 120 10 1
      vertex 111.67245541228246 10 5.087649674107627
      vertex 112.5029514406437 10 5.196986550477796
    endloop
  endfacet
  facet normal 0 1 0
    outer loop
      vertex 120 10 1
      vertex 112.5029514406437 10 5.196986550477796
      vertex 113.32658705308415 10 5.349638388259109
    endloop
  endfacet
  facet normal 0 1 0
    outer loop
      vertex 120 10 1
      vertex 113.32658705308415 10 5.349638388259109
      vertex 114.14110472164033 10 5.545186779374907
    endloop
  endfacet
  facet normal 0 1 0
    outer loop
      vertex 120 10 1
      vertex 114.14110472164033 10 5.545186779374907
      vertex 114.94427190999916 10 5.7830957392775435
    endloop
  endfacet
  facet normal 0 1 0
    outer loop
      vertex 120 10 1
      vertex 114.94427190999916 10 5.7830957392775435
      vertex 115.73388719272481 10 6.062713176044772
    endloop
  endfacet
  facet normal 0 1 0
    outer loop
      vertex 120 10 1
      vertex 115.73388719272481 10 6.062713176044772
      vertex 116.5077862892128 10 6.383272677718386
    endloop
  endfacet
  facet normal 0 1 0
    outer loop
      vertex 120 10 1
      vertex 116.5077862892128 10 6.383272677718386
      vertex 117.26384799583275 10 6.743895612986114
    endloop
  endfacet
  facet normal 0 1 0
    outer loop
      vertex 120 10 1
      vertex 117.26384799583275 10 6.743895612986114
      vertex 118 10 7.1435935394489825
    endloop
  endfacet
  facet normal 0 1 0
    outer loop
      vertex 10 10 1
      vertex 101.28577543975956 10 7.581270912873215
      vertex 102 10 7.1435935394489825
    endloop
  endfacet
  facet normal 0 1 0
    outer loop
      vertex 10 10 1
      vertex 100.59543596332043 10 8.05572809000084
      vertex 101.28577543975956 10 7.581270912873215
    endloop
  endfacet
  facet normal 0 1 0
    outer loop
      vertex 10 10 1
      vertex 99.9308737432026 10 8.565664616688466
      vertex 100.59543596332043 10 8.05572809000084
    endloop
  endfacet
  facet normal 0 1 0
    outer loop
      vertex 10 10 1
      vertex 99.42233234810496 10 9
      vertex 99.9308737432026 10 8.565664616688466
    endloop
  endfacet
  facet normal 0 0.7071067811865476 0.7071067811865476
    outer loop
      vertex 10 10 9
      vertex 99.29391029825827 9.890317207638308 9.109682792361692
      vertex 99.42233234810496 10 9
    endloop
  endfacet
  facet normal 0 0.7071067811865476 0.7071067811865476
    outer loop
      vertex 10 9 10
      vertex 98.38859325120139 9 10
      vertex 98.68629150101523 9.313708498984761 9.686291501015239
    endloop
  endfacet
  facet normal 0 0.7071067811865476 0.7071067811865476
    outer loop
      vertex 10 9 10
      vertex 98.68629150101523 9.313708498984761 9.686291501015239
      vertex 99.29391029825827 9.890317207638308 9.109682792361692
    endloop
  endfacet
  facet normal 0.999657324975557 0.02617694830788113 0
    outer loop
      vertex 129.98629534754573 0.5233595624294384 1
      vertex 129.98629534754573 0.5233595624294384 9
      vertex 130 0 9
    endloop
  endfacet
  facet normal 0.9969173337331297 0.07845909572782357 0
    outer loop
      vertex 129.98629534754573 0.5233595624294384 1
      vertex 129.94521895368274 1.0452846326765348 9
      vertex 129.98629534754573 0.5233595624294384 9
    endloop
  endfacet
  facet normal 0.9914448613738115 0.1305261922200424 0
    outer loop
      vertex 129.8768834059514 1.5643446504023086 1
      vertex 129.8768834059514 1.5643446504023086 9
      vertex 129.94521895368274 1.0452846326765348 9
    endloop
  endfacet
  facet normal 0.9832549075639505 0.18223552549216857 0
    outer loop
      vertex 129.8768834059514 1.5643446504023086 1
      vertex 129.78147600733806 2.0791169081775935 9
      vertex 129.8768834059514 1.5643446504023086 9
    endloop
  endfacet
  facet normal 0.9723699203976787 0.23344536385589681 0
    outer loop
      vertex 129.6592582628907 2.5881904510252074 1
      vertex 129.6592582628907 2.5881904510252074 9
      vertex 129.78147600733806 2.0791169081775935 9
    endloop
  endfacet
  facet normal 0.9588197348681906 0.28401534470393075 0
    outer loop
      vertex 129.51056516295154 3.090169943749474 1
      vertex 129.51056516295154 3.090169943749474 9
      vertex 129.6592582628907 2.5881904510252074 9
    endloop
  endfacet
  facet normal 0.9426414910921745 0.33380685923378156 0
    outer loop
      vertex 129.51056516295154 3.090169943749474 1
      vertex 129.335804264972 3.5836794954530027 9
      vertex 129.51056516295154 3.090169943749474 9
    endloop
  endfacet
  facet normal 0.9238795325112938 0.3826834323650725 0
    outer loop
      vertex 129.335804264972 3.5836794954530027 1
      vertex 129.135454576426 4.067366430758002 9
      vertex 129.335804264972 3.5836794954530027 9
    endloop
  endfacet
  facet normal 0.9025852843498516 0.43051109680831406 0
    outer loop
      vertex 128.91006524188367 4.5399049973954675 1
      vertex 128.91006524188367 4.5399049973954675 9
      vertex 129.135454576426 4.067366430758002 9
    endloop
  endfacet
  facet normal 0.8788171126619789 0.47715876025958354 0
    outer loop
      vertex 128.91006524188367 4.5399049973954675 1
      vertex 128.6602540378444 5 9
      vertex 128.91006524188367 4.5399049973954675 9
    endloop
  endfacet
  facet normal 0.7069855961271336 0.018513069370735633 0.7069855961271316
    outer loop
      vertex 130 0 9
      vertex 129.98629534754573 0.5233595624294384 9
      vertex 128.98766581279116 0.4710236061864945 10
    endloop
  endfacet
  facet normal 0.7050477977501167 0.05548846507585735 0.7069855961271317
    outer loop
      vertex 129.98629534754573 0.5233595624294384 9
      vertex 129.94521895368274 1.0452846326765348 9
      vertex 128.98766581279116 0.4710236061864945 10
    endloop
  endfacet
  facet normal 0 0 1
    outer loop
      vertex 128.2219091187834 3.660629787682202 10
      vertex 125.29006727063226 7.281152949374527 10
      vertex 121.61140674879861 -8.851479206642063 10
    endloop
  endfacet
  facet normal 0.7069855961271327 0.018513069370731345 0.7069855961271327
    outer loop
      vertex 130 0 9
      vertex 128.98766581279116 0.4710236061864945 10
      vertex 129 0 10
    endloop
  endfacet
  facet normal 0 0 1
    outer loop
      vertex 128.98766581279116 -0.4710236061864945 10
      vertex 129 0 10
      vertex 128.98766581279116 0.4710236061864945 10
    endloop
  endfacet
  facet normal 0.7050477977501125 0.055488465075869825 0.706985596127135
    outer loop
      vertex 129.94521895368274 1.0452846326765348 9
      vertex 128.95069705831446 0.9407561694088813 10
      vertex 128.98766581279116 0.4710236061864945 10
    endloop
  endfacet
  facet normal 0.7011775123667314 0.09231177075520776 0.7069855961271349
    outer loop
      vertex 129.94521895368274 1.0452846326765348 9
      vertex 128.88919506535623 1.407910185362078 10
      vertex 128.95069705831446 0.9407561694088813 10
    endloop
  endfacet
  facet normal 0 0 1
    outer loop
      vertex 128.98766581279116 0.4710236061864945 10
      vertex 128.95069705831446 0.9407561694088813 10
      vertex 128.88919506535623 1.407910185362078 10
    endloop
  endfacet
  facet normal 0 0 1
    outer loop
      vertex 128.95069705831446 -0.9407561694088813 10
      vertex 128.98766581279116 0.4710236061864945 10
      vertex 128.2219091187834 3.660629787682202 10
    endloop
  endfacet
  facet normal 0.7011775123667295 0.09231177075519048 0.7069855961271391
    outer loop
      vertex 129.94521895368274 1.0452846326765348 9
      vertex 129.8768834059514 1.5643446504023086 9
      vertex 128.88919506535623 1.407910185362078 10
    endloop
  endfacet
  facet normal 0.6953853481602004 0.1288820562874095 0.7069855961271388
    outer loop
      vertex 129.8768834059514 1.5643446504023086 9
      vertex 129.78147600733806 2.0791169081775935 9
      vertex 128.88919506535623 1.407910185362078 10
    endloop
  endfacet
  facet normal 0.6876871810500217 0.16509908506178586 0.706985596127132
    outer loop
      vertex 129.78147600733806 2.0791169081775935 9
      vertex 129.6592582628907 2.5881904510252074 9
      vertex 128.69333243660162 2.3293714059226867 10
    endloop
  endfacet
  facet normal 0 0 1
    outer loop
      vertex 125.29006727063226 7.281152949374527 10
      vertex 123.2253115459077 8.402223838474816 10
      vertex 121.61140674879861 -8.851479206642063 10
    endloop
  endfacet
  facet normal 0.6953853481602021 0.1288820562874056 0.7069855961271378
    outer loop
      vertex 129.78147600733806 2.0791169081775935 9
      vertex 128.80332840660424 1.8712052173598341 10
      vertex 128.88919506535623 1.407910185362078 10
    endloop
  endfacet
  facet normal 0 0 1
    outer loop
      vertex 128.98766581279116 0.4710236061864945 10
      vertex 128.88919506535623 1.407910185362078 10
      vertex 128.4022238384748 3.2253115459077026 10
    endloop
  endfacet
  facet normal 0 0 1
    outer loop
      vertex 128.88919506535623 1.407910185362078 10
      vertex 128.80332840660424 1.8712052173598341 10
      vertex 128.69333243660162 2.3293714059226867 10
    endloop
  endfacet
  facet normal 0.6876871810500214 0.16509908506176016 0.7069855961271381
    outer loop
      vertex 129.78147600733806 2.0791169081775935 9
      vertex 128.69333243660162 2.3293714059226867 10
      vertex 128.80332840660424 1.8712052173598341 10
    endloop
  endfacet
  facet normal 0 0 1
    outer loop
      vertex 128.88919506535623 1.407910185362078 10
      vertex 128.69333243660162 2.3293714059226867 10
      vertex 128.4022238384748 3.2253115459077026 10
    endloop
  endfacet
  facet normal 0 0 1
    outer loop
      vertex 128.98766581279116 0.4710236061864945 10
      vertex 128.4022238384748 3.2253115459077026 10
      vertex 128.2219091187834 3.660629787682202 10
    endloop
  endfacet
  facet normal 0 0 1
    outer loop
      vertex 121.87120521735983 8.803328406604251 10
      vertex 121.61140674879861 8.851479206642065 10
      vertex 121.61140674879861 -8.851479206642063 10
    endloop
  endfacet
  facet normal 0.6781041111771203 0.2008635887199361 0.706985596127132
    outer loop
      vertex 128.69333243660162 2.3293714059226867 10
      vertex 129.6592582628907 2.5881904510252074 9
      vertex 129.51056516295154 3.090169943749474 9
    endloop
  endfacet
  facet normal 0.6666624050699228 0.23607753924325153 0.7069855961271326
    outer loop
      vertex 129.51056516295154 3.090169943749474 9
      vertex 129.335804264972 3.5836794954530027 9
      vertex 128.4022238384748 3.2253115459077026 10
    endloop
  endfacet
  facet normal 0.6533934236495738 0.27064441764102853 0.7069855961271326
    outer loop
      vertex 129.335804264972 3.5836794954530027 9
      vertex 129.135454576426 4.067366430758002 9
      vertex 128.4022238384748 3.2253115459077026 10
    endloop
  endfacet
  facet normal 0 0 1
    outer loop
      vertex 123.2253115459077 8.402223838474816 10
      vertex 122.32937140592269 8.693332436601615 10
      vertex 121.61140674879861 -8.851479206642063 10
    endloop
  endfacet
  facet normal 0 0 1
    outer loop
      vertex 121.87120521735983 8.803328406604251 10
      vertex 121.61140674879861 -8.851479206642063 10
      vertex 122.32937140592269 8.693332436601615 10
    endloop
  endfacet
  facet normal 0.6781041111771181 0.20086358871993973 0.706985596127133
    outer loop
      vertex 128.69333243660162 2.3293714059226867 10
      vertex 129.51056516295154 3.090169943749474 9
      vertex 128.55950864665638 2.7811529493745266 10
    endloop
  endfacet
  facet normal 0.6666624050699229 0.2360775392432514 0.7069855961271326
    outer loop
      vertex 129.51056516295154 3.090169943749474 9
      vertex 128.4022238384748 3.2253115459077026 10
      vertex 128.55950864665638 2.7811529493745266 10
    endloop
  endfacet
  facet normal 0 0 1
    outer loop
      vertex 128.69333243660162 2.3293714059226867 10
      vertex 128.55950864665638 2.7811529493745266 10
      vertex 128.4022238384748 3.2253115459077026 10
    endloop
  endfacet
  facet normal 0.6533934236495639 0.27064441764104186 0.7069855961271367
    outer loop
      vertex 128.4022238384748 3.2253115459077026 10
      vertex 129.135454576426 4.067366430758002 9
      vertex 128.2219091187834 3.660629787682202 10
    endloop
  endfacet
  facet normal 0.6383335362718053 0.3044694785023611 0.7069855961271291
    outer loop
      vertex 129.135454576426 4.067366430758002 9
      vertex 128.91006524188367 4.5399049973954675 9
      vertex 128.01905871769532 4.085914497655921 10
    endloop
  endfacet
  facet normal 0.6215240210411599 0.33746000968647466 0.7069855961271293
    outer loop
      vertex 128.91006524188367 4.5399049973954675 9
      vertex 128.6602540378444 5 9
      vertex 128.01905871769532 4.085914497655921 10
    endloop
  endfacet
  facet normal 0.6383335362718117 0.30446947850232975 0.7069855961271367
    outer loop
      vertex 128.2219091187834 3.660629787682202 10
      vertex 129.135454576426 4.067366430758002 9
      vertex 128.01905871769532 4.085914497655921 10
    endloop
  endfacet
  facet normal 0 0 1
    outer loop
      vertex 128.2219091187834 3.660629787682202 10
      vertex 128.01905871769532 4.085914497655921 10
      vertex 127.79422863405995 4.5 10
    endloop
  endfacet
  facet normal 0.6215240210411417 0.33746000968649464 0.7069855961271359
    outer loop
      vertex 128.01905871769532 4.085914497655921 10
      vertex 128.6602540378444 5 9
      vertex 127.79422863405995 4.5 10
    endloop
  endfacet
  facet normal 0.6030109516704198 0.3695255864406321 0.7069855961271357
    outer loop
      vertex 127.79422863405995 4.5 10
      vertex 128.6602540378444 5 9
      vertex 127.54803511150882 4.901751315135244 10
    endloop
  endfacet
  facet normal 0 0 1
    outer loop
      vertex 128.2219091187834 3.660629787682202 10
      vertex 127.79422863405995 4.5 10
      vertex 126.99431365311274 5.663883519448537 10
    endloop
  endfacet
  facet normal 0.8526401643540937 0.5224985647159461 0
    outer loop
      vertex 128.6602540378444 5 1
      vertex 128.38670567945425 5.446390350150271 9
      vertex 128.6602540378444 5 9
    endloop
  endfacet
  facet normal 0.824126188622017 0.5664062369248309 0
    outer loop
      vertex 128.0901699437495 5.877852522924732 1
      vertex 128.0901699437495 5.877852522924732 9
      vertex 128.38670567945425 5.446390350150271 9
    endloop
  endfacet
  facet normal 0.7933533402912211 0.6087614290087391 0
    outer loop
      vertex 128.0901699437495 5.877852522924732 1
      vertex 127.77145961456971 6.293203910498374 9
      vertex 128.0901699437495 5.877852522924732 9
    endloop
  endfacet
  facet normal 0.7604059656000314 0.6494480483301833 0
    outer loop
      vertex 127.43144825477394 6.691306063588582 1
      vertex 127.43144825477394 6.691306063588582 9
      vertex 127.77145961456971 6.293203910498374 9
    endloop
  endfacet
  facet normal 0.72537437101229 0.6883545756937516 0
    outer loop
      vertex 127.43144825477394 6.691306063588582 1
      vertex 127.07106781186548 7.0710678118654755 9
      vertex 127.43144825477394 6.691306063588582 9
    endloop
  endfacet
  facet normal 0.6883545756937551 0.7253743710122867 0
    outer loop
      vertex 127.07106781186548 7.0710678118654755 1
      vertex 126.69130606358858 7.431448254773942 9
      vertex 127.07106781186548 7.0710678118654755 9
    endloop
  endfacet
  facet normal 0 1 0
    outer loop
      vertex 120 10 1
      vertex 118 10 7.1435935394489825
      vertex 118.71422456024044 10 7.581270912873215
    endloop
  endfacet
  facet normal 0 1 0
    outer loop
      vertex 120 10 1
      vertex 118.71422456024044 10 7.581270912873215
      vertex 119.40456403667957 10 8.05572809000084
    endloop
  endfacet
  facet normal 0 1 0
    outer loop
      vertex 120 10 1
      vertex 119.40456403667957 10 8.05572809000084
      vertex 120 10 8.512622174269854
    endloop
  endfacet
  facet normal 0.026176948307868333 0.9996573249755574 -4.3426153220191205e-16
    outer loop
      vertex 120.52335956242943 9.986295347545738 1
      vertex 120 10 8.512622174269854
      vertex 120.0691262567974 9.998189865261132 8.565664616688466
    endloop
  endfacet
  facet normal 0.026176948307875574 0.9996573249755573 0
    outer loop
      vertex 120.52335956242943 9.986295347545738 1
      vertex 120.0691262567974 9.998189865261132 8.565664616688466
      vertex 120.52335956242943 9.986295347545738 8.953616509723009
    endloop
  endfacet
  facet normal 0.07845909572782105 0.9969173337331299 0
    outer loop
      vertex 120.52335956242943 9.986295347545738 1
      vertex 120.52335956242943 9.986295347545738 8.953616509723009
      vertex 120.57766765189504 9.982021208210412 9
    endloop
  endfacet
  facet normal 0.07845909572784464 0.9969173337331281 -1.6122164901023008e-16
    outer loop
      vertex 120.52335956242943 9.986295347545738 1
      vertex 120.57766765189504 9.982021208210412 9
      vertex 121.04528463267654 9.945218953682733 9
    endloop
  endfacet
  facet normal 0.13052619222005163 0.9914448613738105 0
    outer loop
      vertex 121.04528463267654 9.945218953682733 1
      vertex 121.04528463267654 9.945218953682733 9
      vertex 121.5643446504023 9.876883405951379 9
    endloop
  endfacet
  facet normal 0.5664062369248348 0.8241261886220143 0
    outer loop
      vertex 125.87785252292473 8.090169943749475 1
      vertex 125.44639035015027 8.386705679454241 9
      vertex 125.87785252292473 8.090169943749475 9
    endloop
  endfacet
  facet normal 0.4771587602596096 0.8788171126619646 0
    outer loop
      vertex 125 8.660254037844386 1
      vertex 124.53990499739547 8.910065241883679 9
      vertex 125 8.660254037844386 9
    endloop
  endfacet
  facet normal 0.5224985647159492 0.8526401643540921 0
    outer loop
      vertex 125 8.660254037844386 1
      vertex 125 8.660254037844386 9
      vertex 125.44639035015027 8.386705679454241 9
    endloop
  endfacet
  facet normal 0.649448048330185 0.7604059656000298 0
    outer loop
      vertex 126.29320391049838 7.771459614569709 1
      vertex 126.29320391049838 7.771459614569709 9
      vertex 126.69130606358858 7.431448254773942 9
    endloop
  endfacet
  facet normal 0.6087614290087138 0.7933533402912404 0
    outer loop
      vertex 125.87785252292473 8.090169943749475 1
      vertex 125.87785252292473 8.090169943749475 9
      vertex 126.29320391049838 7.771459614569709 9
    endloop
  endfacet
  facet normal 0.3826834323650884 0.9238795325112874 0
    outer loop
      vertex 124.067366430758 9.135454576426008 1
      vertex 123.583679495453 9.335804264972017 9
      vertex 124.067366430758 9.135454576426008 9
    endloop
  endfacet
  facet normal 0.4305110968082927 0.9025852843498616 0
    outer loop
      vertex 124.067366430758 9.135454576426008 1
      vertex 124.067366430758 9.135454576426008 9
      vertex 124.53990499739547 8.910065241883679 9
    endloop
  endfacet
  facet normal 0.284015344703928 0.9588197348681914 0
    outer loop
      vertex 122.58819045102521 9.659258262890683 1
      vertex 122.58819045102521 9.659258262890683 9
      vertex 123.09016994374947 9.510565162951535 9
    endloop
  endfacet
  facet normal 0.3338068592337717 0.9426414910921782 0
    outer loop
      vertex 123.583679495453 9.335804264972017 1
      vertex 123.09016994374947 9.510565162951535 9
      vertex 123.583679495453 9.335804264972017 9
    endloop
  endfacet
  facet normal 0.1822355254921466 0.9832549075639547 0
    outer loop
      vertex 122.0791169081776 9.781476007338057 1
      vertex 121.5643446504023 9.876883405951379 9
      vertex 122.0791169081776 9.781476007338057 9
    endloop
  endfacet
  facet normal 0.23344536385590525 0.9723699203976766 0
    outer loop
      vertex 122.58819045102521 9.659258262890683 1
      vertex 122.0791169081776 9.781476007338057 9
      vertex 122.58819045102521 9.659258262890683 9
    endloop
  endfacet
  facet normal 0.5828450711959344 0.4005783192477654 0.7069855961271356
    outer loop
      vertex 128.38670567945425 5.446390350150271 9
      vertex 128.0901699437495 5.877852522924732 9
      vertex 127.28115294937453 5.2900672706322585 10
    endloop
  endfacet
  facet normal 0.6030109516704175 0.36952558644063965 0.7069855961271339
    outer loop
      vertex 127.54803511150882 4.901751315135244 10
      vertex 128.6602540378444 5 9
      vertex 128.38670567945425 5.446390350150271 9
    endloop
  endfacet
  facet normal 0.5610816528943617 0.4305330947257078 0.7069855961271316
    outer loop
      vertex 128.0901699437495 5.877852522924732 9
      vertex 127.77145961456971 6.293203910498374 9
      vertex 126.99431365311274 5.663883519448537 10
    endloop
  endfacet
  facet normal 0.537780348782531 0.45930780891696577 0.7069855961271315
    outer loop
      vertex 126.99431365311274 5.663883519448537 10
      vertex 127.77145961456971 6.293203910498374 9
      vertex 127.43144825477394 6.691306063588582 9
    endloop
  endfacet
  facet normal 0.5828450711959317 0.40057831924777276 0.7069855961271337
    outer loop
      vertex 127.54803511150882 4.901751315135244 10
      vertex 128.38670567945425 5.446390350150271 9
      vertex 127.28115294937453 5.2900672706322585 10
    endloop
  endfacet
  facet normal 0.5610816528943683 0.4305330947256928 0.7069855961271355
    outer loop
      vertex 128.0901699437495 5.877852522924732 9
      vertex 126.99431365311274 5.663883519448537 10
      vertex 127.28115294937453 5.2900672706322585 10
    endloop
  endfacet
  facet normal 0 0 1
    outer loop
      vertex 127.79422863405995 4.5 10
      vertex 127.54803511150882 4.901751315135244 10
      vertex 126.99431365311274 5.663883519448537 10
    endloop
  endfacet
  facet normal 0 0 1
    outer loop
      vertex 127.54803511150882 4.901751315135244 10
      vertex 127.28115294937453 5.2900672706322585 10
      vertex 126.99431365311274 5.663883519448537 10
    endloop
  endfacet
  facet normal 0 0 1
    outer loop
      vertex 128.2219091187834 3.660629787682202 10
      vertex 126.99431365311274 5.663883519448537 10
      vertex 125.29006727063226 7.281152949374527 10
    endloop
  endfacet
  facet normal 0.5377803487825332 0.4593078089169641 0.7069855961271307
    outer loop
      vertex 126.99431365311274 5.663883519448537 10
      vertex 127.43144825477394 6.691306063588582 9
      vertex 126.68830342929655 6.022175457229724 10
    endloop
  endfacet
  facet normal 0 0 1
    outer loop
      vertex 126.99431365311274 5.663883519448537 10
      vertex 126.68830342929655 6.022175457229724 10
      vertex 126.02217545722972 6.688303429296548 10
    endloop
  endfacet
  facet normal 0.5130050261153324 0.4868235923300887 0.7069855961271309
    outer loop
      vertex 126.68830342929655 6.022175457229724 10
      vertex 127.43144825477394 6.691306063588582 9
      vertex 127.07106781186548 7.0710678118654755 9
    endloop
  endfacet
  facet normal 0.4868235923300892 0.513005026115328 0.7069855961271337
    outer loop
      vertex 127.07106781186548 7.0710678118654755 9
      vertex 126.69130606358858 7.431448254773942 9
      vertex 126.02217545722972 6.688303429296548 10
    endloop
  endfacet
  facet normal 0.45930780891696504 0.5377803487825277 0.7069855961271345
    outer loop
      vertex 126.69130606358858 7.431448254773942 9
      vertex 126.29320391049838 7.771459614569709 9
      vertex 125.66388351944853 6.994313653112738 10
    endloop
  endfacet
  facet normal 0.43053309472570056 0.5610816528943637 0.7069855961271344
    outer loop
      vertex 125.66388351944853 6.994313653112738 10
      vertex 126.29320391049838 7.771459614569709 9
      vertex 125.29006727063226 7.281152949374527 10
    endloop
  endfacet
  facet normal 0 0 1
    outer loop
      vertex 125.66388351944853 6.994313653112738 10
      vertex 125.29006727063226 7.281152949374527 10
      vertex 126.02217545722972 6.688303429296548 10
    endloop
  endfacet
  facet normal 0.5130050261153207 0.48682359233009614 0.7069855961271342
    outer loop
      vertex 126.68830342929655 6.022175457229724 10
      vertex 127.07106781186548 7.0710678118654755 9
      vertex 126.36396103067892 6.3639610306789285 10
    endloop
  endfacet
  facet normal 0.48682359233008987 0.5130050261153271 0.7069855961271341
    outer loop
      vertex 127.07106781186548 7.0710678118654755 9
      vertex 126.02217545722972 6.688303429296548 10
      vertex 126.36396103067892 6.3639610306789285 10
    endloop
  endfacet
  facet normal 0 0 1
    outer loop
      vertex 126.68830342929655 6.022175457229724 10
      vertex 126.36396103067892 6.3639610306789285 10
      vertex 126.02217545722972 6.688303429296548 10
    endloop
  endfacet
  facet normal 0 0 1
    outer loop
      vertex 126.99431365311274 5.663883519448537 10
      vertex 126.02217545722972 6.688303429296548 10
      vertex 125.29006727063226 7.281152949374527 10
    endloop
  endfacet
  facet normal 0.4593078089169632 0.5377803487825302 0.7069855961271336
    outer loop
      vertex 126.69130606358858 7.431448254773942 9
      vertex 125.66388351944853 6.994313653112738 10
      vertex 126.02217545722972 6.688303429296548 10
    endloop
  endfacet
  facet normal 0.05548846507587202 0.7050477977501124 0.706985596127135
    outer loop
      vertex 121.04528463267654 9.945218953682733 9
      vertex 120.57766765189504 9.982021208210412 9
      vertex 120.70608970174173 9.86192992214328 9.109682792361692
    endloop
  endfacet
  facet normal 0.128882056287395 0.6953853481602088 0.7069855961271332
    outer loop
      vertex 121.5643446504023 9.876883405951379 9
      vertex 121.87120521735983 8.803328406604251 10
      vertex 122.0791169081776 9.781476007338057 9
    endloop
  endfacet
  facet normal 0.0923117707551979 0.7011775123667356 0.7069855961271322
    outer loop
      vertex 121.04528463267654 9.945218953682733 9
      vertex 121.31370849898477 9.217904002219516 9.686291501015239
      vertex 121.5643446504023 9.876883405951379 9
    endloop
  endfacet
  facet normal 0.09231177075519836 0.7011775123667355 0.7069855961271319
    outer loop
      vertex 121.04528463267654 9.945218953682733 9
      vertex 121.00424454473719 9.554748599794399 9.392621173758817
      vertex 121.31370849898477 9.217904002219516 9.686291501015239
    endloop
  endfacet
  facet normal 0.05548846507587024 0.7050477977501155 0.7069855961271319
    outer loop
      vertex 121.04528463267654 9.945218953682733 9
      vertex 120.70608970174173 9.86192992214328 9.109682792361692
      vertex 121.00424454473719 9.554748599794399 9.392621173758817
    endloop
  endfacet
  facet normal 0.12888205628740285 0.6953853481602092 0.7069855961271314
    outer loop
      vertex 121.5643446504023 9.876883405951379 9
      vertex 121.61140674879861 8.851479206642065 10
      vertex 121.87120521735983 8.803328406604251 10
    endloop
  endfacet
  facet normal 0.12888205628738925 0.6953853481602102 0.706985596127133
    outer loop
      vertex 121.5643446504023 9.876883405951379 9
      vertex 121.43670872337796 9.071021878374445 9.815906692885891
      vertex 121.61140674879861 8.851479206642065 10
    endloop
  endfacet
  facet normal 0.09231177075520672 0.7011775123667334 0.7069855961271331
    outer loop
      vertex 121.5643446504023 9.876883405951379 9
      vertex 121.31370849898477 9.217904002219516 9.686291501015239
      vertex 121.43670872337796 9.071021878374445 9.815906692885891
    endloop
  endfacet
  facet normal 0.4305330947256905 0.5610816528943763 0.7069855961271306
    outer loop
      vertex 125.29006727063226 7.281152949374527 10
      vertex 126.29320391049838 7.771459614569709 9
      vertex 125.87785252292473 8.090169943749475 9
    endloop
  endfacet
  facet normal 0.400578319247771 0.5828450711959368 0.7069855961271307
    outer loop
      vertex 125.29006727063226 7.281152949374527 10
      vertex 125.87785252292473 8.090169943749475 9
      vertex 125.44639035015027 8.386705679454241 9
    endloop
  endfacet
  facet normal 0.36952558644064243 0.6030109516704172 0.7069855961271327
    outer loop
      vertex 125.44639035015027 8.386705679454241 9
      vertex 125 8.660254037844386 9
      vertex 124.5 7.794228634059947 10
    endloop
  endfacet
  facet normal 0.3374600096864915 0.6215240210411466 0.7069855961271329
    outer loop
      vertex 125 8.660254037844386 9
      vertex 124.53990499739547 8.910065241883679 9
      vertex 124.08591449765592 8.01905871769531 10
    endloop
  endfacet
  facet normal 0.3044694785023444 0.6383335362718091 0.7069855961271329
    outer loop
      vertex 124.08591449765592 8.01905871769531 10
      vertex 124.53990499739547 8.910065241883679 9
      vertex 124.067366430758 9.135454576426008 9
    endloop
  endfacet
  facet normal 0.40057831924776477 0.5828450711959391 0.7069855961271324
    outer loop
      vertex 125.29006727063226 7.281152949374527 10
      vertex 125.44639035015027 8.386705679454241 9
      vertex 124.90175131513524 7.548035111508817 10
    endloop
  endfacet
  facet normal 0.3695255864406413 0.6030109516704183 0.7069855961271324
    outer loop
      vertex 125.44639035015027 8.386705679454241 9
      vertex 124.5 7.794228634059947 10
      vertex 124.90175131513524 7.548035111508817 10
    endloop
  endfacet
  facet normal 0 0 1
    outer loop
      vertex 125.29006727063226 7.281152949374527 10
      vertex 124.90175131513524 7.548035111508817 10
      vertex 124.5 7.794228634059947 10
    endloop
  endfacet
  facet normal 0 0 1
    outer loop
      vertex 125.29006727063226 7.281152949374527 10
      vertex 124.5 7.794228634059947 10
      vertex 124.08591449765592 8.01905871769531 10
    endloop
  endfacet
  facet normal 0 0 1
    outer loop
      vertex 125.29006727063226 7.281152949374527 10
      vertex 124.08591449765592 8.01905871769531 10
      vertex 123.2253115459077 8.402223838474816 10
    endloop
  endfacet
  facet normal 0.2706444176410427 0.6533934236495677 0.706985596127133
    outer loop
      vertex 123.6606297876822 8.221909118783408 10
      vertex 124.067366430758 9.135454576426008 9
      vertex 123.2253115459077 8.402223838474816 10
    endloop
  endfacet
  facet normal 0.337460009686491 0.6215240210411471 0.7069855961271327
    outer loop
      vertex 125 8.660254037844386 9
      vertex 124.08591449765592 8.01905871769531 10
      vertex 124.5 7.794228634059947 10
    endloop
  endfacet
  facet normal 0.30446947850234374 0.6383335362718092 0.7069855961271331
    outer loop
      vertex 124.08591449765592 8.01905871769531 10
      vertex 124.067366430758 9.135454576426008 9
      vertex 123.6606297876822 8.221909118783408 10
    endloop
  endfacet
  facet normal 0 0 1
    outer loop
      vertex 124.08591449765592 8.01905871769531 10
      vertex 123.6606297876822 8.221909118783408 10
      vertex 123.2253115459077 8.402223838474816 10
    endloop
  endfacet
  facet normal 0 0 1
    outer loop
      vertex 123.2253115459077 8.402223838474816 10
      vertex 122.78115294937453 8.559508646656381 10
      vertex 122.32937140592269 8.693332436601615 10
    endloop
  endfacet
  facet normal 0.27064441764103997 0.6533934236495696 0.7069855961271322
    outer loop
      vertex 123.2253115459077 8.402223838474816 10
      vertex 124.067366430758 9.135454576426008 9
      vertex 123.583679495453 9.335804264972017 9
    endloop
  endfacet
  facet normal 0.20086358871993376 0.6781041111771197 0.7069855961271332
    outer loop
      vertex 122.32937140592269 8.693332436601615 10
      vertex 123.09016994374947 9.510565162951535 9
      vertex 122.58819045102521 9.659258262890683 9
    endloop
  endfacet
  facet normal 0.23607753924324468 0.6666624050699258 0.7069855961271322
    outer loop
      vertex 123.2253115459077 8.402223838474816 10
      vertex 123.583679495453 9.335804264972017 9
      vertex 123.09016994374947 9.510565162951535 9
    endloop
  endfacet
  facet normal 0.16509908506179155 0.687687181050019 0.7069855961271332
    outer loop
      vertex 122.32937140592269 8.693332436601615 10
      vertex 122.58819045102521 9.659258262890683 9
      vertex 122.0791169081776 9.781476007338057 9
    endloop
  endfacet
  facet normal 0.20086358871993093 0.6781041111771214 0.7069855961271324
    outer loop
      vertex 122.78115294937453 8.559508646656381 10
      vertex 123.09016994374947 9.510565162951535 9
      vertex 122.32937140592269 8.693332436601615 10
    endloop
  endfacet
  facet normal 0.23607753924324437 0.6666624050699258 0.7069855961271323
    outer loop
      vertex 123.2253115459077 8.402223838474816 10
      vertex 123.09016994374947 9.510565162951535 9
      vertex 122.78115294937453 8.559508646656381 10
    endloop
  endfacet
  facet normal 0.16509908506179025 0.6876871810500189 0.7069855961271334
    outer loop
      vertex 121.87120521735983 8.803328406604251 10
      vertex 122.32937140592269 8.693332436601615 10
      vertex 122.0791169081776 9.781476007338057 9
    endloop
  endfacet
  facet normal 0.6087614290087227 0.7933533402912336 0
    outer loop
      vertex 7.98617474864052 -2.486867076662307 6
      vertex 8.119087192664086 -2.588854381999832 0
      vertex 7.98617474864052 -2.486867076662307 0
    endloop
  endfacet
  facet normal 0.1822355254921475 0.9832549075639545 0
    outer loop
      vertex 9.33468258938317 -3.1300723223481786 6
      vertex 9.49940971187126 -3.160602689904441 0
      vertex 9.33468258938317 -3.1300723223481786 0
    endloop
  endfacet
  facet normal 0.1305261922200485 0.9914448613738108 0
    outer loop
      vertex 9.49940971187126 -3.160602689904441 6
      vertex 9.665508917543509 -3.1824700651784745 0
      vertex 9.49940971187126 -3.160602689904441 0
    endloop
  endfacet
  facet normal 0.07845909572784537 0.996917333733128 0
    outer loop
      vertex 9.665508917543509 -3.1824700651784745 6
      vertex 9.83252494002258 -3.1956145112146364 0
      vertex 9.665508917543509 -3.1824700651784745 0
    endloop
  endfacet
  facet normal 0.026176948307874502 0.9996573249755571 0
    outer loop
      vertex 9.83252494002258 -3.1956145112146364 6
      vertex 10 -3.2 0
      vertex 9.83252494002258 -3.1956145112146364 0
    endloop
  endfacet
  facet normal -0.026176948307874502 0.9996573249755571 0
    outer loop
      vertex 10 -3.2 6
      vertex 10.16747505997742 -3.1956145112146364 0
      vertex 10 -3.2 0
    endloop
  endfacet
  facet normal -0.07845909572784537 0.996917333733128 0
    outer loop
      vertex 10.16747505997742 -3.1956145112146364 6
      vertex 10.334491082456491 -3.1824700651784745 0
      vertex 10.16747505997742 -3.1956145112146364 0
    endloop
  endfacet
  facet normal -0.1305261922200485 0.9914448613738108 0
    outer loop
      vertex 10.334491082456491 -3.1824700651784745 6
      vertex 10.50059028812874 -3.160602689904441 0
      vertex 10.334491082456491 -3.1824700651784745 0
    endloop
  endfacet
  facet normal -0.1822355254921475 0.9832549075639545 0
    outer loop
      vertex 10.50059028812874 -3.160602689904441 6
      vertex 10.66531741061683 -3.1300723223481786 0
      vertex 10.50059028812874 -3.160602689904441 0
    endloop
  endfacet
  facet normal 0.28401534470392337 0.9588197348681929 0
    outer loop
      vertex 9.011145618000167 -3.0433808521444914 6
      vertex 9.171779055671934 -3.090962644125019 0
      vertex 9.011145618000167 -3.0433808521444914 0
    endloop
  endfacet
  facet normal 0.3338068592337716 0.9426414910921782 0
    outer loop
      vertex 8.85322256145504 -2.987457364791046 6
      vertex 9.011145618000167 -3.0433808521444914 0
      vertex 8.85322256145504 -2.987457364791046 0
    endloop
  endfacet
  facet normal 0.4305110968082944 0.9025852843498609 0
    outer loop
      vertex 8.54723040083345 -2.8512208774027776 6
      vertex 8.69844274215744 -2.923345464456323 0
      vertex 8.54723040083345 -2.8512208774027776 0
    endloop
  endfacet
  facet normal 0.3826834323650898 0.9238795325112868 0
    outer loop
      vertex 8.69844274215744 -2.923345464456323 6
      vertex 8.85322256145504 -2.987457364791046 0
      vertex 8.69844274215744 -2.923345464456323 0
    endloop
  endfacet
  facet normal 0.2334453638559058 0.9723699203976767 0
    outer loop
      vertex 9.171779055671934 -3.090962644125019 6
      vertex 9.33468258938317 -3.1300723223481786 0
      vertex 9.171779055671934 -3.090962644125019 0
    endloop
  endfacet
  facet normal 0.4771587602596102 0.8788171126619644 0
    outer loop
      vertex 8.4 -2.7712812921102037 6
      vertex 8.54723040083345 -2.8512208774027776 0
      vertex 8.4 -2.7712812921102037 0
    endloop
  endfacet
  facet normal 0.5224985647159465 0.8526401643540936 0
    outer loop
      vertex 8.257155087951913 -2.6837458174253572 6
      vertex 8.4 -2.7712812921102037 0
      vertex 8.257155087951913 -2.6837458174253572 0
    endloop
  endfacet
  facet normal 0.5664062369248323 0.8241261886220159 0
    outer loop
      vertex 8.119087192664086 -2.588854381999832 6
      vertex 8.257155087951913 -2.6837458174253572 0
      vertex 8.119087192664086 -2.588854381999832 0
    endloop
  endfacet
  facet normal -0.2334453638559058 0.9723699203976767 0
    outer loop
      vertex 10.66531741061683 -3.1300723223481786 6
      vertex 10.828220944328066 -3.090962644125019 0
      vertex 10.66531741061683 -3.1300723223481786 0
    endloop
  endfacet
  facet normal -0.28401534470392337 0.9588197348681929 0
    outer loop
      vertex 10.828220944328066 -3.090962644125019 6
      vertex 10.988854381999833 -3.0433808521444914 0
      vertex 10.828220944328066 -3.090962644125019 0
    endloop
  endfacet
  facet normal -0.3338068592337716 0.9426414910921782 0
    outer loop
      vertex 10.988854381999833 -3.0433808521444914 6
      vertex 11.14677743854496 -2.987457364791046 0
      vertex 10.988854381999833 -3.0433808521444914 0
    endloop
  endfacet
  facet normal -0.3826834323650898 0.9238795325112868 0
    outer loop
      vertex 11.14677743854496 -2.987457364791046 6
      vertex 11.30155725784256 -2.923345464456323 0
      vertex 11.14677743854496 -2.987457364791046 0
    endloop
  endfacet
  facet normal -0.4305110968082944 0.9025852843498609 0
    outer loop
      vertex 11.30155725784256 -2.923345464456323 6
      vertex 11.45276959916655 -2.8512208774027776 0
      vertex 11.30155725784256 -2.923345464456323 0
    endloop
  endfacet
  facet normal -0.4771587602596102 0.8788171126619644 0
    outer loop
      vertex 11.45276959916655 -2.8512208774027776 6
      vertex 11.6 -2.7712812921102037 0
      vertex 11.45276959916655 -2.8512208774027776 0
    endloop
  endfacet
  facet normal -0.5224985647159465 0.8526401643540936 0
    outer loop
      vertex 11.6 -2.7712812921102037 6
      vertex 11.742844912048087 -2.6837458174253572 0
      vertex 11.6 -2.7712812921102037 0
    endloop
  endfacet
  facet normal -0.5664062369248323 0.8241261886220159 0
    outer loop
      vertex 11.742844912048087 -2.6837458174253572 6
      vertex 11.880912807335914 -2.588854381999832 0
      vertex 11.742844912048087 -2.6837458174253572 0
    endloop
  endfacet
  facet normal -0.6087614290087227 0.7933533402912336 0
    outer loop
      vertex 11.880912807335914 -2.588854381999832 6
      vertex 12.01382525135948 -2.486867076662307 0
      vertex 11.880912807335914 -2.588854381999832 0
    endloop
  endfacet
  facet normal 0.649448048330184 0.7604059656000306 0
    outer loop
      vertex 7.858782059651654 -2.3780634415276616 6
      vertex 7.98617474864052 -2.486867076662307 0
      vertex 7.858782059651654 -2.3780634415276616 0
    endloop
  endfacet
  facet normal 0.6883545756937494 0.7253743710122921 0
    outer loop
      vertex 7.737258300203047 -2.2627416997969525 6
      vertex 7.858782059651654 -2.3780634415276616 0
      vertex 7.737258300203047 -2.2627416997969525 0
    endloop
  endfacet
  facet normal 0.7604059656000317 0.6494480483301828 0
    outer loop
      vertex 7.513132923337693 -2.0138252513594797 6
      vertex 7.621936558472338 -2.1412179403483464 0
      vertex 7.513132923337693 -2.0138252513594797 0
    endloop
  endfacet
  facet normal 0.7253743710122909 0.6883545756937507 0
    outer loop
      vertex 7.621936558472338 -2.1412179403483464 6
      vertex 7.737258300203047 -2.2627416997969525 0
      vertex 7.621936558472338 -2.1412179403483464 0
    endloop
  endfacet
  facet normal 0.7933533402912336 0.6087614290087227 0
    outer loop
      vertex 7.411145618000168 -1.880912807335914 6
      vertex 7.513132923337693 -2.0138252513594797 0
      vertex 7.411145618000168 -1.880912807335914 0
    endloop
  endfacet
  facet normal 0.8241261886220148 0.5664062369248342 0
    outer loop
      vertex 7.316254182574642 -1.7428449120480867 6
      vertex 7.411145618000168 -1.880912807335914 0
      vertex 7.316254182574642 -1.7428449120480867 0
    endloop
  endfacet
  facet normal 0.8526401643540942 0.5224985647159458 0
    outer loop
      vertex 7.228718707889796 -1.6 6
      vertex 7.316254182574642 -1.7428449120480867 0
      vertex 7.228718707889796 -1.6 0
    endloop
  endfacet
  facet normal 0.9025852843498602 0.4305110968082961 0
    outer loop
      vertex 7.0766545355436765 -1.3015572578425607 6
      vertex 7.148779122597222 -1.4527695991665497 0
      vertex 7.0766545355436765 -1.3015572578425607 0
    endloop
  endfacet
  facet normal 0.8788171126619644 0.4771587602596102 0
    outer loop
      vertex 7.148779122597222 -1.4527695991665497 6
      vertex 7.228718707889796 -1.6 0
      vertex 7.148779122597222 -1.4527695991665497 0
    endloop
  endfacet
  facet normal 0.9238795325112865 0.38268343236509017 0
    outer loop
      vertex 7.012542635208954 -1.146777438544961 6
      vertex 7.0766545355436765 -1.3015572578425607 0
      vertex 7.012542635208954 -1.146777438544961 0
    endloop
  endfacet
  facet normal 0.9426414910921808 0.3338068592337644 0
    outer loop
      vertex 6.956619147855509 -0.9888543819998317 6
      vertex 7.012542635208954 -1.146777438544961 0
      vertex 6.956619147855509 -0.9888543819998317 0
    endloop
  endfacet
  facet normal 0.958819734868191 0.2840153447039297 0
    outer loop
      vertex 6.909037355874981 -0.8282209443280664 6
      vertex 6.956619147855509 -0.9888543819998317 0
      vertex 6.909037355874981 -0.8282209443280664 0
    endloop
  endfacet
  facet normal 0.972369920397677 0.23344536385590403 0
    outer loop
      vertex 6.869927677651821 -0.6653174106168299 6
      vertex 6.909037355874981 -0.8282209443280664 0
      vertex 6.869927677651821 -0.6653174106168299 0
    endloop
  endfacet
  facet normal 0.9832549075639548 0.18223552549214633 0
    outer loop
      vertex 6.839397310095559 -0.5005902881287388 6
      vertex 6.869927677651821 -0.6653174106168299 0
      vertex 6.839397310095559 -0.5005902881287388 0
    endloop
  endfacet
  facet normal 0.9914448613738107 0.13052619222004877 0
    outer loop
      vertex 6.8175299348215255 -0.3344910824564911 6
      vertex 6.839397310095559 -0.5005902881287388 0
      vertex 6.8175299348215255 -0.3344910824564911 0
    endloop
  endfacet
  facet normal 0.9969173337331282 0.07845909572784299 0
    outer loop
      vertex 6.804385488785364 -0.1674750599774203 6
      vertex 6.8175299348215255 -0.3344910824564911 0
      vertex 6.804385488785364 -0.1674750599774203 0
    endloop
  endfacet
  facet normal 0.9996573249755571 0.0261769483078771 0
    outer loop
      vertex 6.8 0 6
      vertex 6.804385488785364 -0.1674750599774203 0
      vertex 6.8 0 0
    endloop
  endfacet
  facet normal -0.649448048330184 0.7604059656000306 0
    outer loop
      vertex 12.01382525135948 -2.486867076662307 6
      vertex 12.141217940348346 -2.3780634415276616 0
      vertex 12.01382525135948 -2.486867076662307 0
    endloop
  endfacet
  facet normal -0.6883545756937494 0.7253743710122921 0
    outer loop
      vertex 12.141217940348346 -2.3780634415276616 6
      vertex 12.262741699796953 -2.2627416997969525 0
      vertex 12.141217940348346 -2.3780634415276616 0
    endloop
  endfacet
  facet normal -0.7253743710122909 0.6883545756937507 0
    outer loop
      vertex 12.262741699796953 -2.2627416997969525 6
      vertex 12.378063441527662 -2.1412179403483464 0
      vertex 12.262741699796953 -2.2627416997969525 0
    endloop
  endfacet
  facet normal -0.7604059656000317 0.6494480483301828 0
    outer loop
      vertex 12.378063441527662 -2.1412179403483464 6
      vertex 12.486867076662307 -2.0138252513594797 0
      vertex 12.378063441527662 -2.1412179403483464 0
    endloop
  endfacet
  facet normal -0.7933533402912336 0.6087614290087227 0
    outer loop
      vertex 12.486867076662307 -2.0138252513594797 6
      vertex 12.588854381999832 -1.880912807335914 0
      vertex 12.486867076662307 -2.0138252513594797 0
    endloop
  endfacet
  facet normal -0.8241261886220148 0.5664062369248342 0
    outer loop
      vertex 12.588854381999832 -1.880912807335914 6
      vertex 12.683745817425358 -1.7428449120480867 0
      vertex 12.588854381999832 -1.880912807335914 0
    endloop
  endfacet
  facet normal -0.8526401643540964 0.5224985647159419 0
    outer loop
      vertex 12.683745817425358 -1.7428449120480867 6
      vertex 12.771281292110203 -1.6 0
      vertex 12.683745817425358 -1.7428449120480867 0
    endloop
  endfacet
  facet normal -0.878817112661962 0.4771587602596142 0
    outer loop
      vertex 12.771281292110203 -1.6 6
      vertex 12.851220877402778 -1.4527695991665497 0
      vertex 12.771281292110203 -1.6 0
    endloop
  endfacet
  facet normal -0.9025852843498602 0.4305110968082961 0
    outer loop
      vertex 12.851220877402778 -1.4527695991665497 6
      vertex 12.923345464456323 -1.3015572578425607 0
      vertex 12.851220877402778 -1.4527695991665497 0
    endloop
  endfacet
  facet normal -0.9238795325112865 0.38268343236509017 0
    outer loop
      vertex 12.923345464456323 -1.3015572578425607 6
      vertex 12.987457364791046 -1.146777438544961 0
      vertex 12.923345464456323 -1.3015572578425607 0
    endloop
  endfacet
  facet normal -0.9426414910921808 0.3338068592337644 0
    outer loop
      vertex 12.987457364791046 -1.146777438544961 6
      vertex 13.043380852144491 -0.9888543819998317 0
      vertex 12.987457364791046 -1.146777438544961 0
    endloop
  endfacet
  facet normal -0.958819734868191 0.2840153447039297 0
    outer loop
      vertex 13.043380852144491 -0.9888543819998317 6
      vertex 13.09096264412502 -0.8282209443280664 0
      vertex 13.043380852144491 -0.9888543819998317 0
    endloop
  endfacet
  facet normal -0.972369920397677 0.23344536385590403 0
    outer loop
      vertex 13.09096264412502 -0.8282209443280664 6
      vertex 13.130072322348179 -0.6653174106168299 0
      vertex 13.09096264412502 -0.8282209443280664 0
    endloop
  endfacet
  facet normal -0.9832549075639557 0.1822355254921412 0
    outer loop
      vertex 13.130072322348179 -0.6653174106168299 6
      vertex 13.16060268990444 -0.5005902881287388 0
      vertex 13.130072322348179 -0.6653174106168299 0
    endloop
  endfacet
  facet normal -0.99144486137381 0.130526192220054 0
    outer loop
      vertex 13.16060268990444 -0.5005902881287388 6
      vertex 13.182470065178475 -0.3344910824564911 0
      vertex 13.16060268990444 -0.5005902881287388 0
    endloop
  endfacet
  facet normal -0.9969173337331282 0.07845909572784299 0
    outer loop
      vertex 13.182470065178475 -0.3344910824564911 6
      vertex 13.195614511214636 -0.1674750599774203 0
      vertex 13.182470065178475 -0.3344910824564911 0
    endloop
  endfacet
  facet normal -0.9996573249755571 0.0261769483078718 0
    outer loop
      vertex 13.195614511214636 -0.1674750599774203 6
      vertex 13.2 0 0
      vertex 13.195614511214636 -0.1674750599774203 0
    endloop
  endfacet
  facet normal 0.6087614290087227 0.7933533402912336 0
    outer loop
      vertex 8.119087192664086 -2.588854381999832 6
      vertex 8.119087192664086 -2.588854381999832 0
      vertex 7.98617474864052 -2.486867076662307 6
    endloop
  endfacet
  facet normal 0.1305261922200485 0.9914448613738108 0
    outer loop
      vertex 9.49940971187126 -3.160602689904441 6
      vertex 9.665508917543509 -3.1824700651784745 6
      vertex 9.665508917543509 -3.1824700651784745 0
    endloop
  endfacet
  facet normal 0.1822355254921475 0.9832549075639545 0
    outer loop
      vertex 9.33468258938317 -3.1300723223481786 6
      vertex 9.49940971187126 -3.160602689904441 6
      vertex 9.49940971187126 -3.160602689904441 0
    endloop
  endfacet
  facet normal 0.07845909572784537 0.996917333733128 0
    outer loop
      vertex 9.665508917543509 -3.1824700651784745 6
      vertex 9.83252494002258 -3.1956145112146364 6
      vertex 9.83252494002258 -3.1956145112146364 0
    endloop
  endfacet
  facet normal 0.026176948307874502 0.9996573249755571 0
    outer loop
      vertex 9.83252494002258 -3.1956145112146364 6
      vertex 10 -3.2 6
      vertex 10 -3.2 0
    endloop
  endfacet
  facet normal -0.026176948307874502 0.9996573249755571 0
    outer loop
      vertex 10 -3.2 6
      vertex 10.16747505997742 -3.1956145112146364 6
      vertex 10.16747505997742 -3.1956145112146364 0
    endloop
  endfacet
  facet normal -0.07845909572784537 0.996917333733128 0
    outer loop
      vertex 10.16747505997742 -3.1956145112146364 6
      vertex 10.334491082456491 -3.1824700651784745 6
      vertex 10.334491082456491 -3.1824700651784745 0
    endloop
  endfacet
  facet normal -0.1305261922200485 0.9914448613738108 0
    outer loop
      vertex 10.334491082456491 -3.1824700651784745 6
      vertex 10.50059028812874 -3.160602689904441 6
      vertex 10.50059028812874 -3.160602689904441 0
    endloop
  endfacet
  facet normal -0.1822355254921475 0.9832549075639545 0
    outer loop
      vertex 10.50059028812874 -3.160602689904441 6
      vertex 10.66531741061683 -3.1300723223481786 6
      vertex 10.66531741061683 -3.1300723223481786 0
    endloop
  endfacet
  facet normal 0.28401534470392337 0.9588197348681929 0
    outer loop
      vertex 9.011145618000167 -3.0433808521444914 6
      vertex 9.171779055671934 -3.090962644125019 6
      vertex 9.171779055671934 -3.090962644125019 0
    endloop
  endfacet
  facet normal 0.3338068592337716 0.9426414910921782 0
    outer loop
      vertex 8.85322256145504 -2.987457364791046 6
      vertex 9.011145618000167 -3.0433808521444914 6
      vertex 9.011145618000167 -3.0433808521444914 0
    endloop
  endfacet
  facet normal 0.4771587602596102 0.8788171126619644 0
    outer loop
      vertex 8.54723040083345 -2.8512208774027776 6
      vertex 8.54723040083345 -2.8512208774027776 0
      vertex 8.4 -2.7712812921102037 6
    endloop
  endfacet
  facet normal 0.3826834323650898 0.9238795325112868 0
    outer loop
      vertex 8.69844274215744 -2.923345464456323 6
      vertex 8.85322256145504 -2.987457364791046 6
      vertex 8.85322256145504 -2.987457364791046 0
    endloop
  endfacet
  facet normal 0.4305110968082944 0.9025852843498609 0
    outer loop
      vertex 8.54723040083345 -2.8512208774027776 6
      vertex 8.69844274215744 -2.923345464456323 6
      vertex 8.69844274215744 -2.923345464456323 0
    endloop
  endfacet
  facet normal 0.2334453638559058 0.9723699203976767 0
    outer loop
      vertex 9.33468258938317 -3.1300723223481786 6
      vertex 9.33468258938317 -3.1300723223481786 0
      vertex 9.171779055671934 -3.090962644125019 6
    endloop
  endfacet
  facet normal 0.5224985647159465 0.8526401643540936 0
    outer loop
      vertex 8.257155087951913 -2.6837458174253572 6
      vertex 8.4 -2.7712812921102037 6
      vertex 8.4 -2.7712812921102037 0
    endloop
  endfacet
  facet normal 0.5664062369248323 0.8241261886220159 0
    outer loop
      vertex 8.257155087951913 -2.6837458174253572 6
      vertex 8.257155087951913 -2.6837458174253572 0
      vertex 8.119087192664086 -2.588854381999832 6
    endloop
  endfacet
  facet normal -0.2334453638559058 0.9723699203976767 0
    outer loop
      vertex 10.66531741061683 -3.1300723223481786 6
      vertex 10.828220944328066 -3.090962644125019 6
      vertex 10.828220944328066 -3.090962644125019 0
    endloop
  endfacet
  facet normal -0.28401534470392337 0.9588197348681929 0
    outer loop
      vertex 10.828220944328066 -3.090962644125019 6
      vertex 10.988854381999833 -3.0433808521444914 6
      vertex 10.988854381999833 -3.0433808521444914 0
    endloop
  endfacet
  facet normal -0.3338068592337716 0.9426414910921782 0
    outer loop
      vertex 10.988854381999833 -3.0433808521444914 6
      vertex 11.14677743854496 -2.987457364791046 6
      vertex 11.14677743854496 -2.987457364791046 0
    endloop
  endfacet
  facet normal -0.3826834323650898 0.9238795325112868 0
    outer loop
      vertex 11.14677743854496 -2.987457364791046 6
      vertex 11.30155725784256 -2.923345464456323 6
      vertex 11.30155725784256 -2.923345464456323 0
    endloop
  endfacet
  facet normal -0.4305110968082944 0.9025852843498609 0
    outer loop
      vertex 11.30155725784256 -2.923345464456323 6
      vertex 11.45276959916655 -2.8512208774027776 6
      vertex 11.45276959916655 -2.8512208774027776 0
    endloop
  endfacet
  facet normal -0.4771587602596102 0.8788171126619644 0
    outer loop
      vertex 11.45276959916655 -2.8512208774027776 6
      vertex 11.6 -2.7712812921102037 6
      vertex 11.6 -2.7712812921102037 0
    endloop
  endfacet
  facet normal -0.5224985647159465 0.8526401643540936 0
    outer loop
      vertex 11.6 -2.7712812921102037 6
      vertex 11.742844912048087 -2.6837458174253572 6
      vertex 11.742844912048087 -2.6837458174253572 0
    endloop
  endfacet
  facet normal -0.5664062369248323 0.8241261886220159 0
    outer loop
      vertex 11.742844912048087 -2.6837458174253572 6
      vertex 11.880912807335914 -2.588854381999832 6
      vertex 11.880912807335914 -2.588854381999832 0
    endloop
  endfacet
  facet normal -0.6087614290087227 0.7933533402912336 0
    outer loop
      vertex 11.880912807335914 -2.588854381999832 6
      vertex 12.01382525135948 -2.486867076662307 6
      vertex 12.01382525135948 -2.486867076662307 0
    endloop
  endfacet
  facet normal 0.649448048330184 0.7604059656000306 0
    outer loop
      vertex 7.858782059651654 -2.3780634415276616 6
      vertex 7.98617474864052 -2.486867076662307 6
      vertex 7.98617474864052 -2.486867076662307 0
    endloop
  endfacet
  facet normal 0.6883545756937494 0.7253743710122921 0
    outer loop
      vertex 7.858782059651654 -2.3780634415276616 6
      vertex 7.858782059651654 -2.3780634415276616 0
      vertex 7.737258300203047 -2.2627416997969525 6
    endloop
  endfacet
  facet normal 0.7253743710122909 0.6883545756937507 0
    outer loop
      vertex 7.737258300203047 -2.2627416997969525 6
      vertex 7.737258300203047 -2.2627416997969525 0
      vertex 7.621936558472338 -2.1412179403483464 6
    endloop
  endfacet
  facet normal 0.7604059656000317 0.6494480483301828 0
    outer loop
      vertex 7.621936558472338 -2.1412179403483464 6
      vertex 7.621936558472338 -2.1412179403483464 0
      vertex 7.513132923337693 -2.0138252513594797 6
    endloop
  endfacet
  facet normal 0.7933533402912336 0.6087614290087227 0
    outer loop
      vertex 7.513132923337693 -2.0138252513594797 6
      vertex 7.513132923337693 -2.0138252513594797 0
      vertex 7.411145618000168 -1.880912807335914 6
    endloop
  endfacet
  facet normal 0.8241261886220148 0.5664062369248342 0
    outer loop
      vertex 7.411145618000168 -1.880912807335914 6
      vertex 7.411145618000168 -1.880912807335914 0
      vertex 7.316254182574642 -1.7428449120480867 6
    endloop
  endfacet
  facet normal 0.8526401643540942 0.5224985647159458 0
    outer loop
      vertex 7.316254182574642 -1.7428449120480867 6
      vertex 7.316254182574642 -1.7428449120480867 0
      vertex 7.228718707889796 -1.6 6
    endloop
  endfacet
  facet normal 0.8788171126619644 0.4771587602596102 0
    outer loop
      vertex 7.228718707889796 -1.6 6
      vertex 7.228718707889796 -1.6 0
      vertex 7.148779122597222 -1.4527695991665497 6
    endloop
  endfacet
  facet normal 0.9025852843498602 0.4305110968082961 0
    outer loop
      vertex 7.148779122597222 -1.4527695991665497 6
      vertex 7.148779122597222 -1.4527695991665497 0
      vertex 7.0766545355436765 -1.3015572578425607 6
    endloop
  endfacet
  facet normal 0.9238795325112865 0.38268343236509017 0
    outer loop
      vertex 7.0766545355436765 -1.3015572578425607 6
      vertex 7.0766545355436765 -1.3015572578425607 0
      vertex 7.012542635208954 -1.146777438544961 6
    endloop
  endfacet
  facet normal 0.9426414910921808 0.3338068592337644 0
    outer loop
      vertex 7.012542635208954 -1.146777438544961 6
      vertex 7.012542635208954 -1.146777438544961 0
      vertex 6.956619147855509 -0.9888543819998317 6
    endloop
  endfacet
  facet normal 0.958819734868191 0.2840153447039297 0
    outer loop
      vertex 6.909037355874981 -0.8282209443280664 6
      vertex 6.956619147855509 -0.9888543819998317 6
      vertex 6.956619147855509 -0.9888543819998317 0
    endloop
  endfacet
  facet normal 0.972369920397677 0.23344536385590403 0
    outer loop
      vertex 6.909037355874981 -0.8282209443280664 6
      vertex 6.909037355874981 -0.8282209443280664 0
      vertex 6.869927677651821 -0.6653174106168299 6
    endloop
  endfacet
  facet normal 0.9832549075639548 0.18223552549214633 0
    outer loop
      vertex 6.869927677651821 -0.6653174106168299 6
      vertex 6.869927677651821 -0.6653174106168299 0
      vertex 6.839397310095559 -0.5005902881287388 6
    endloop
  endfacet
  facet normal 0.9914448613738107 0.13052619222004877 0
    outer loop
      vertex 6.839397310095559 -0.5005902881287388 6
      vertex 6.839397310095559 -0.5005902881287388 0
      vertex 6.8175299348215255 -0.3344910824564911 6
    endloop
  endfacet
  facet normal 0.9969173337331282 0.07845909572784299 0
    outer loop
      vertex 6.8175299348215255 -0.3344910824564911 6
      vertex 6.8175299348215255 -0.3344910824564911 0
      vertex 6.804385488785364 -0.1674750599774203 6
    endloop
  endfacet
  facet normal 0.9996573249755571 0.0261769483078771 0
    outer loop
      vertex 6.804385488785364 -0.1674750599774203 6
      vertex 6.804385488785364 -0.1674750599774203 0
      vertex 6.8 0 6
    endloop
  endfacet
  facet normal -0.649448048330184 0.7604059656000306 0
    outer loop
      vertex 12.01382525135948 -2.486867076662307 6
      vertex 12.141217940348346 -2.3780634415276616 6
      vertex 12.141217940348346 -2.3780634415276616 0
    endloop
  endfacet
  facet normal -0.6883545756937494 0.7253743710122921 0
    outer loop
      vertex 12.141217940348346 -2.3780634415276616 6
      vertex 12.262741699796953 -2.2627416997969525 6
      vertex 12.262741699796953 -2.2627416997969525 0
    endloop
  endfacet
  facet normal -0.7253743710122909 0.6883545756937507 0
    outer loop
      vertex 12.262741699796953 -2.2627416997969525 6
      vertex 12.378063441527662 -2.1412179403483464 6
      vertex 12.378063441527662 -2.1412179403483464 0
    endloop
  endfacet
  facet normal -0.7604059656000317 0.6494480483301828 0
    outer loop
      vertex 12.378063441527662 -2.1412179403483464 6
      vertex 12.486867076662307 -2.0138252513594797 6
      vertex 12.486867076662307 -2.0138252513594797 0
    endloop
  endfacet
  facet normal -0.7933533402912336 0.6087614290087227 0
    outer loop
      vertex 12.486867076662307 -2.0138252513594797 6
      vertex 12.588854381999832 -1.880912807335914 6
      vertex 12.588854381999832 -1.880912807335914 0
    endloop
  endfacet
  facet normal -0.8241261886220148 0.5664062369248342 0
    outer loop
      vertex 12.588854381999832 -1.880912807335914 6
      vertex 12.683745817425358 -1.7428449120480867 6
      vertex 12.683745817425358 -1.7428449120480867 0
    endloop
  endfacet
  facet normal -0.8526401643540964 0.5224985647159419 0
    outer loop
      vertex 12.683745817425358 -1.7428449120480867 6
      vertex 12.771281292110203 -1.6 6
      vertex 12.771281292110203 -1.6 0
    endloop
  endfacet
  facet normal -0.878817112661962 0.4771587602596142 0
    outer loop
      vertex 12.771281292110203 -1.6 6
      vertex 12.851220877402778 -1.4527695991665497 6
      vertex 12.851220877402778 -1.4527695991665497 0
    endloop
  endfacet
  facet normal -0.9025852843498602 0.4305110968082961 0
    outer loop
      vertex 12.851220877402778 -1.4527695991665497 6
      vertex 12.923345464456323 -1.3015572578425607 6
      vertex 12.923345464456323 -1.3015572578425607 0
    endloop
  endfacet
  facet normal -0.9238795325112865 0.38268343236509017 0
    outer loop
      vertex 12.923345464456323 -1.3015572578425607 6
      vertex 12.987457364791046 -1.146777438544961 6
      vertex 12.987457364791046 -1.146777438544961 0
    endloop
  endfacet
  facet normal -0.9426414910921808 0.3338068592337644 0
    outer loop
      vertex 12.987457364791046 -1.146777438544961 6
      vertex 13.043380852144491 -0.9888543819998317 6
      vertex 13.043380852144491 -0.9888543819998317 0
    endloop
  endfacet
  facet normal -0.958819734868191 0.2840153447039297 0
    outer loop
      vertex 13.043380852144491 -0.9888543819998317 6
      vertex 13.09096264412502 -0.8282209443280664 6
      vertex 13.09096264412502 -0.8282209443280664 0
    endloop
  endfacet
  facet normal -0.972369920397677 0.23344536385590403 0
    outer loop
      vertex 13.09096264412502 -0.8282209443280664 6
      vertex 13.130072322348179 -0.6653174106168299 6
      vertex 13.130072322348179 -0.6653174106168299 0
    endloop
  endfacet
  facet normal -0.9832549075639557 0.1822355254921412 0
    outer loop
      vertex 13.130072322348179 -0.6653174106168299 6
      vertex 13.16060268990444 -0.5005902881287388 6
      vertex 13.16060268990444 -0.5005902881287388 0
    endloop
  endfacet
  facet normal -0.99144486137381 0.130526192220054 0
    outer loop
      vertex 13.16060268990444 -0.5005902881287388 6
      vertex 13.182470065178475 -0.3344910824564911 6
      vertex 13.182470065178475 -0.3344910824564911 0
    endloop
  endfacet
  facet normal -0.9969173337331282 0.07845909572784299 0
    outer loop
      vertex 13.182470065178475 -0.3344910824564911 6
      vertex 13.195614511214636 -0.1674750599774203 6
      vertex 13.195614511214636 -0.1674750599774203 0
    endloop
  endfacet
  facet normal -0.9996573249755571 0.0261769483078718 0
    outer loop
      vertex 13.195614511214636 -0.1674750599774203 6
      vertex 13.2 0 6
      vertex 13.2 0 0
    endloop
  endfacet
  facet normal 0.9996573249755571 -0.0261769483078771 0
    outer loop
      vertex 6.804385488785364 0.1674750599774203 6
      vertex 6.8 0 0
      vertex 6.804385488785364 0.1674750599774203 0
    endloop
  endfacet
  facet normal 0.9969173337331282 -0.07845909572784299 0
    outer loop
      vertex 6.8175299348215255 0.3344910824564911 6
      vertex 6.804385488785364 0.1674750599774203 0
      vertex 6.8175299348215255 0.3344910824564911 0
    endloop
  endfacet
  facet normal 0.9914448613738107 -0.13052619222004877 0
    outer loop
      vertex 6.839397310095559 0.5005902881287388 6
      vertex 6.8175299348215255 0.3344910824564911 0
      vertex 6.839397310095559 0.5005902881287388 0
    endloop
  endfacet
  facet normal 0.9832549075639548 -0.18223552549214633 0
    outer loop
      vertex 6.869927677651821 0.6653174106168299 6
      vertex 6.839397310095559 0.5005902881287388 0
      vertex 6.869927677651821 0.6653174106168299 0
    endloop
  endfacet
  facet normal 0.972369920397677 -0.23344536385590403 0
    outer loop
      vertex 6.909037355874981 0.8282209443280664 6
      vertex 6.869927677651821 0.6653174106168299 0
      vertex 6.909037355874981 0.8282209443280664 0
    endloop
  endfacet
  facet normal 0.958819734868191 -0.2840153447039297 0
    outer loop
      vertex 6.956619147855509 0.9888543819998317 6
      vertex 6.909037355874981 0.8282209443280664 0
      vertex 6.956619147855509 0.9888543819998317 0
    endloop
  endfacet
  facet normal 0.9426414910921808 -0.3338068592337644 0
    outer loop
      vertex 7.012542635208954 1.146777438544961 6
      vertex 6.956619147855509 0.9888543819998317 0
      vertex 7.012542635208954 1.146777438544961 0
    endloop
  endfacet
  facet normal 0.9238795325112865 -0.38268343236509017 0
    outer loop
      vertex 7.0766545355436765 1.3015572578425607 6
      vertex 7.012542635208954 1.146777438544961 0
      vertex 7.0766545355436765 1.3015572578425607 0
    endloop
  endfacet
  facet normal 0.9025852843498602 -0.4305110968082961 0
    outer loop
      vertex 7.148779122597222 1.4527695991665497 6
      vertex 7.0766545355436765 1.3015572578425607 0
      vertex 7.148779122597222 1.4527695991665497 0
    endloop
  endfacet
  facet normal 0.8788171126619644 -0.4771587602596102 0
    outer loop
      vertex 7.228718707889796 1.6 6
      vertex 7.148779122597222 1.4527695991665497 0
      vertex 7.228718707889796 1.6 0
    endloop
  endfacet
  facet normal 0.8526401643540942 -0.5224985647159458 0
    outer loop
      vertex 7.316254182574642 1.7428449120480867 6
      vertex 7.228718707889796 1.6 0
      vertex 7.316254182574642 1.7428449120480867 0
    endloop
  endfacet
  facet normal 0.8241261886220148 -0.5664062369248342 0
    outer loop
      vertex 7.411145618000168 1.880912807335914 6
      vertex 7.316254182574642 1.7428449120480867 0
      vertex 7.411145618000168 1.880912807335914 0
    endloop
  endfacet
  facet normal 0.7933533402912336 -0.6087614290087227 0
    outer loop
      vertex 7.513132923337693 2.0138252513594797 6
      vertex 7.411145618000168 1.880912807335914 0
      vertex 7.513132923337693 2.0138252513594797 0
    endloop
  endfacet
  facet normal 0.7604059656000317 -0.6494480483301828 0
    outer loop
      vertex 7.621936558472338 2.1412179403483464 6
      vertex 7.513132923337693 2.0138252513594797 0
      vertex 7.621936558472338 2.1412179403483464 0
    endloop
  endfacet
  facet normal 0.7253743710122909 -0.6883545756937507 0
    outer loop
      vertex 7.737258300203047 2.2627416997969525 6
      vertex 7.621936558472338 2.1412179403483464 0
      vertex 7.737258300203047 2.2627416997969525 0
    endloop
  endfacet
  facet normal 0.6883545756937494 -0.7253743710122921 0
    outer loop
      vertex 7.858782059651654 2.3780634415276616 6
      vertex 7.737258300203047 2.2627416997969525 0
      vertex 7.858782059651654 2.3780634415276616 0
    endloop
  endfacet
  facet normal 0.649448048330184 -0.7604059656000306 0
    outer loop
      vertex 7.98617474864052 2.486867076662307 6
      vertex 7.858782059651654 2.3780634415276616 0
      vertex 7.98617474864052 2.486867076662307 0
    endloop
  endfacet
  facet normal -0.9996573249755571 -0.0261769483078718 0
    outer loop
      vertex 13.2 0 6
      vertex 13.195614511214636 0.1674750599774203 0
      vertex 13.2 0 0
    endloop
  endfacet
  facet normal -0.9969173337331282 -0.07845909572784299 0
    outer loop
      vertex 13.195614511214636 0.1674750599774203 6
      vertex 13.182470065178475 0.3344910824564911 0
      vertex 13.195614511214636 0.1674750599774203 0
    endloop
  endfacet
  facet normal -0.99144486137381 -0.130526192220054 0
    outer loop
      vertex 13.182470065178475 0.3344910824564911 6
      vertex 13.16060268990444 0.5005902881287388 0
      vertex 13.182470065178475 0.3344910824564911 0
    endloop
  endfacet
  facet normal -0.9832549075639557 -0.1822355254921412 0
    outer loop
      vertex 13.16060268990444 0.5005902881287388 6
      vertex 13.130072322348179 0.6653174106168299 0
      vertex 13.16060268990444 0.5005902881287388 0
    endloop
  endfacet
  facet normal -0.972369920397677 -0.23344536385590403 0
    outer loop
      vertex 13.130072322348179 0.6653174106168299 6
      vertex 13.09096264412502 0.8282209443280664 0
      vertex 13.130072322348179 0.6653174106168299 0
    endloop
  endfacet
  facet normal -0.958819734868191 -0.2840153447039297 0
    outer loop
      vertex 13.09096264412502 0.8282209443280664 6
      vertex 13.043380852144491 0.9888543819998317 0
      vertex 13.09096264412502 0.8282209443280664 0
    endloop
  endfacet
  facet normal -0.9426414910921808 -0.3338068592337644 0
    outer loop
      vertex 13.043380852144491 0.9888543819998317 6
      vertex 12.987457364791046 1.146777438544961 0
      vertex 13.043380852144491 0.9888543819998317 0
    endloop
  endfacet
  facet normal -0.9238795325112865 -0.38268343236509017 0
    outer loop
      vertex 12.987457364791046 1.146777438544961 6
      vertex 12.923345464456323 1.3015572578425607 0
      vertex 12.987457364791046 1.146777438544961 0
    endloop
  endfacet
  facet normal -0.649448048330184 -0.7604059656000306 0
    outer loop
      vertex 12.141217940348346 2.3780634415276616 6
      vertex 12.01382525135948 2.486867076662307 0
      vertex 12.141217940348346 2.3780634415276616 0
    endloop
  endfacet
  facet normal -0.9025852843498602 -0.4305110968082961 0
    outer loop
      vertex 12.923345464456323 1.3015572578425607 6
      vertex 12.851220877402778 1.4527695991665497 0
      vertex 12.923345464456323 1.3015572578425607 0
    endloop
  endfacet
  facet normal -0.878817112661962 -0.4771587602596142 0
    outer loop
      vertex 12.851220877402778 1.4527695991665497 6
      vertex 12.771281292110203 1.6 0
      vertex 12.851220877402778 1.4527695991665497 0
    endloop
  endfacet
  facet normal -0.8526401643540964 -0.5224985647159419 0
    outer loop
      vertex 12.771281292110203 1.6 6
      vertex 12.683745817425358 1.7428449120480867 0
      vertex 12.771281292110203 1.6 0
    endloop
  endfacet
  facet normal -0.8241261886220148 -0.5664062369248342 0
    outer loop
      vertex 12.683745817425358 1.7428449120480867 6
      vertex 12.588854381999832 1.880912807335914 0
      vertex 12.683745817425358 1.7428449120480867 0
    endloop
  endfacet
  facet normal -0.7933533402912336 -0.6087614290087227 0
    outer loop
      vertex 12.588854381999832 1.880912807335914 6
      vertex 12.486867076662307 2.0138252513594797 0
      vertex 12.588854381999832 1.880912807335914 0
    endloop
  endfacet
  facet normal -0.7604059656000317 -0.6494480483301828 0
    outer loop
      vertex 12.486867076662307 2.0138252513594797 6
      vertex 12.378063441527662 2.1412179403483464 0
      vertex 12.486867076662307 2.0138252513594797 0
    endloop
  endfacet
  facet normal -0.7253743710122909 -0.6883545756937507 0
    outer loop
      vertex 12.378063441527662 2.1412179403483464 6
      vertex 12.262741699796953 2.2627416997969525 0
      vertex 12.378063441527662 2.1412179403483464 0
    endloop
  endfacet
  facet normal -0.6883545756937494 -0.7253743710122921 0
    outer loop
      vertex 12.262741699796953 2.2627416997969525 6
      vertex 12.141217940348346 2.3780634415276616 0
      vertex 12.262741699796953 2.2627416997969525 0
    endloop
  endfacet
  facet normal 0.6087614290087227 -0.7933533402912336 0
    outer loop
      vertex 8.119087192664086 2.588854381999832 6
      vertex 7.98617474864052 2.486867076662307 0
      vertex 8.119087192664086 2.588854381999832 0
    endloop
  endfacet
  facet normal 0.5664062369248323 -0.8241261886220159 0
    outer loop
      vertex 8.257155087951913 2.6837458174253572 6
      vertex 8.119087192664086 2.588854381999832 0
      vertex 8.257155087951913 2.6837458174253572 0
    endloop
  endfacet
  facet normal 0.5224985647159465 -0.8526401643540936 0
    outer loop
      vertex 8.4 2.7712812921102037 6
      vertex 8.257155087951913 2.6837458174253572 0
      vertex 8.4 2.7712812921102037 0
    endloop
  endfacet
  facet normal 0.4771587602596102 -0.8788171126619644 0
    outer loop
      vertex 8.54723040083345 2.8512208774027776 6
      vertex 8.4 2.7712812921102037 0
      vertex 8.54723040083345 2.8512208774027776 0
    endloop
  endfacet
  facet normal 0.4305110968082944 -0.9025852843498609 0
    outer loop
      vertex 8.69844274215744 2.923345464456323 6
      vertex 8.54723040083345 2.8512208774027776 0
      vertex 8.69844274215744 2.923345464456323 0
    endloop
  endfacet
  facet normal 0.3826834323650898 -0.9238795325112868 0
    outer loop
      vertex 8.85322256145504 2.987457364791046 6
      vertex 8.69844274215744 2.923345464456323 0
      vertex 8.85322256145504 2.987457364791046 0
    endloop
  endfacet
  facet normal 0.3338068592337716 -0.9426414910921782 0
    outer loop
      vertex 9.011145618000167 3.0433808521444914 6
      vertex 8.85322256145504 2.987457364791046 0
      vertex 9.011145618000167 3.0433808521444914 0
    endloop
  endfacet
  facet normal 0.28401534470392337 -0.9588197348681929 0
    outer loop
      vertex 9.171779055671934 3.090962644125019 6
      vertex 9.011145618000167 3.0433808521444914 0
      vertex 9.171779055671934 3.090962644125019 0
    endloop
  endfacet
  facet normal 0.2334453638559058 -0.9723699203976767 0
    outer loop
      vertex 9.33468258938317 3.1300723223481786 6
      vertex 9.171779055671934 3.090962644125019 0
      vertex 9.33468258938317 3.1300723223481786 0
    endloop
  endfacet
  facet normal -0.6087614290087227 -0.7933533402912336 0
    outer loop
      vertex 12.01382525135948 2.486867076662307 6
      vertex 11.880912807335914 2.588854381999832 0
      vertex 12.01382525135948 2.486867076662307 0
    endloop
  endfacet
  facet normal -0.5664062369248323 -0.8241261886220159 0
    outer loop
      vertex 11.880912807335914 2.588854381999832 6
      vertex 11.742844912048087 2.6837458174253572 0
      vertex 11.880912807335914 2.588854381999832 0
    endloop
  endfacet
  facet normal -0.4771587602596102 -0.8788171126619644 0
    outer loop
      vertex 11.6 2.7712812921102037 6
      vertex 11.45276959916655 2.8512208774027776 0
      vertex 11.6 2.7712812921102037 0
    endloop
  endfacet
  facet normal -0.5224985647159465 -0.8526401643540936 0
    outer loop
      vertex 11.742844912048087 2.6837458174253572 6
      vertex 11.6 2.7712812921102037 0
      vertex 11.742844912048087 2.6837458174253572 0
    endloop
  endfacet
  facet normal -0.3338068592337716 -0.9426414910921782 0
    outer loop
      vertex 11.14677743854496 2.987457364791046 6
      vertex 10.988854381999833 3.0433808521444914 0
      vertex 11.14677743854496 2.987457364791046 0
    endloop
  endfacet
  facet normal -0.2334453638559058 -0.9723699203976767 0
    outer loop
      vertex 10.828220944328066 3.090962644125019 6
      vertex 10.66531741061683 3.1300723223481786 0
      vertex 10.828220944328066 3.090962644125019 0
    endloop
  endfacet
  facet normal -0.28401534470392337 -0.9588197348681929 0
    outer loop
      vertex 10.988854381999833 3.0433808521444914 6
      vertex 10.828220944328066 3.090962644125019 0
      vertex 10.988854381999833 3.0433808521444914 0
    endloop
  endfacet
  facet normal -0.4305110968082944 -0.9025852843498609 0
    outer loop
      vertex 11.45276959916655 2.8512208774027776 6
      vertex 11.30155725784256 2.923345464456323 0
      vertex 11.45276959916655 2.8512208774027776 0
    endloop
  endfacet
  facet normal -0.3826834323650898 -0.9238795325112868 0
    outer loop
      vertex 11.30155725784256 2.923345464456323 6
      vertex 11.14677743854496 2.987457364791046 0
      vertex 11.30155725784256 2.923345464456323 0
    endloop
  endfacet
  facet normal 0.1822355254921475 -0.9832549075639545 0
    outer loop
      vertex 9.49940971187126 3.160602689904441 6
      vertex 9.33468258938317 3.1300723223481786 0
      vertex 9.49940971187126 3.160602689904441 0
    endloop
  endfacet
  facet normal 0.1305261922200485 -0.9914448613738108 0
    outer loop
      vertex 9.665508917543509 3.1824700651784745 6
      vertex 9.49940971187126 3.160602689904441 0
      vertex 9.665508917543509 3.1824700651784745 0
    endloop
  endfacet
  facet normal 0.07845909572784537 -0.996917333733128 0
    outer loop
      vertex 9.83252494002258 3.1956145112146364 6
      vertex 9.665508917543509 3.1824700651784745 0
      vertex 9.83252494002258 3.1956145112146364 0
    endloop
  endfacet
  facet normal 0.026176948307874502 -0.9996573249755571 0
    outer loop
      vertex 10 3.2 6
      vertex 9.83252494002258 3.1956145112146364 0
      vertex 10 3.2 0
    endloop
  endfacet
  facet normal -0.026176948307874502 -0.9996573249755571 0
    outer loop
      vertex 10.16747505997742 3.1956145112146364 6
      vertex 10 3.2 0
      vertex 10.16747505997742 3.1956145112146364 0
    endloop
  endfacet
  facet normal -0.07845909572784537 -0.996917333733128 0
    outer loop
      vertex 10.334491082456491 3.1824700651784745 6
      vertex 10.16747505997742 3.1956145112146364 0
      vertex 10.334491082456491 3.1824700651784745 0
    endloop
  endfacet
  facet normal -0.1822355254921475 -0.9832549075639545 0
    outer loop
      vertex 10.66531741061683 3.1300723223481786 6
      vertex 10.50059028812874 3.160602689904441 0
      vertex 10.66531741061683 3.1300723223481786 0
    endloop
  endfacet
  facet normal -0.1305261922200485 -0.9914448613738108 0
    outer loop
      vertex 10.50059028812874 3.160602689904441 6
      vertex 10.334491082456491 3.1824700651784745 0
      vertex 10.50059028812874 3.160602689904441 0
    endloop
  endfacet
  facet normal 0.9996573249755571 -0.0261769483078771 0
    outer loop
      vertex 6.8 0 6
      vertex 6.8 0 0
      vertex 6.804385488785364 0.1674750599774203 6
    endloop
  endfacet
  facet normal 0.9969173337331282 -0.07845909572784299 0
    outer loop
      vertex 6.804385488785364 0.1674750599774203 6
      vertex 6.804385488785364 0.1674750599774203 0
      vertex 6.8175299348215255 0.3344910824564911 6
    endloop
  endfacet
  facet normal 0.9914448613738107 -0.13052619222004877 0
    outer loop
      vertex 6.8175299348215255 0.3344910824564911 6
      vertex 6.8175299348215255 0.3344910824564911 0
      vertex 6.839397310095559 0.5005902881287388 6
    endloop
  endfacet
  facet normal 0.9832549075639548 -0.18223552549214633 0
    outer loop
      vertex 6.839397310095559 0.5005902881287388 6
      vertex 6.839397310095559 0.5005902881287388 0
      vertex 6.869927677651821 0.6653174106168299 6
    endloop
  endfacet
  facet normal 0.972369920397677 -0.23344536385590403 0
    outer loop
      vertex 6.869927677651821 0.6653174106168299 6
      vertex 6.869927677651821 0.6653174106168299 0
      vertex 6.909037355874981 0.8282209443280664 6
    endloop
  endfacet
  facet normal 0.958819734868191 -0.2840153447039297 0
    outer loop
      vertex 6.909037355874981 0.8282209443280664 6
      vertex 6.909037355874981 0.8282209443280664 0
      vertex 6.956619147855509 0.9888543819998317 6
    endloop
  endfacet
  facet normal 0.9426414910921808 -0.3338068592337644 0
    outer loop
      vertex 6.956619147855509 0.9888543819998317 6
      vertex 6.956619147855509 0.9888543819998317 0
      vertex 7.012542635208954 1.146777438544961 6
    endloop
  endfacet
  facet normal 0.9238795325112865 -0.38268343236509017 0
    outer loop
      vertex 7.012542635208954 1.146777438544961 6
      vertex 7.012542635208954 1.146777438544961 0
      vertex 7.0766545355436765 1.3015572578425607 6
    endloop
  endfacet
  facet normal 0.9025852843498602 -0.4305110968082961 0
    outer loop
      vertex 7.0766545355436765 1.3015572578425607 6
      vertex 7.0766545355436765 1.3015572578425607 0
      vertex 7.148779122597222 1.4527695991665497 6
    endloop
  endfacet
  facet normal 0.8788171126619644 -0.4771587602596102 0
    outer loop
      vertex 7.148779122597222 1.4527695991665497 6
      vertex 7.148779122597222 1.4527695991665497 0
      vertex 7.228718707889796 1.6 6
    endloop
  endfacet
  facet normal 0.8526401643540942 -0.5224985647159458 0
    outer loop
      vertex 7.228718707889796 1.6 6
      vertex 7.228718707889796 1.6 0
      vertex 7.316254182574642 1.7428449120480867 6
    endloop
  endfacet
  facet normal 0.8241261886220148 -0.5664062369248342 0
    outer loop
      vertex 7.316254182574642 1.7428449120480867 6
      vertex 7.316254182574642 1.7428449120480867 0
      vertex 7.411145618000168 1.880912807335914 6
    endloop
  endfacet
  facet normal 0.7933533402912336 -0.6087614290087227 0
    outer loop
      vertex 7.411145618000168 1.880912807335914 6
      vertex 7.411145618000168 1.880912807335914 0
      vertex 7.513132923337693 2.0138252513594797 6
    endloop
  endfacet
  facet normal 0.7604059656000317 -0.6494480483301828 0
    outer loop
      vertex 7.513132923337693 2.0138252513594797 6
      vertex 7.513132923337693 2.0138252513594797 0
      vertex 7.621936558472338 2.1412179403483464 6
    endloop
  endfacet
  facet normal 0.7253743710122909 -0.6883545756937507 0
    outer loop
      vertex 7.621936558472338 2.1412179403483464 6
      vertex 7.621936558472338 2.1412179403483464 0
      vertex 7.737258300203047 2.2627416997969525 6
    endloop
  endfacet
  facet normal 0.6883545756937494 -0.7253743710122921 0
    outer loop
      vertex 7.737258300203047 2.2627416997969525 6
      vertex 7.737258300203047 2.2627416997969525 0
      vertex 7.858782059651654 2.3780634415276616 6
    endloop
  endfacet
  facet normal 0.649448048330184 -0.7604059656000306 0
    outer loop
      vertex 7.858782059651654 2.3780634415276616 6
      vertex 7.858782059651654 2.3780634415276616 0
      vertex 7.98617474864052 2.486867076662307 6
    endloop
  endfacet
  facet normal -0.9996573249755571 -0.0261769483078718 0
    outer loop
      vertex 13.2 0 6
      vertex 13.195614511214636 0.1674750599774203 6
      vertex 13.195614511214636 0.1674750599774203 0
    endloop
  endfacet
  facet normal -0.9969173337331282 -0.07845909572784299 0
    outer loop
      vertex 13.195614511214636 0.1674750599774203 6
      vertex 13.182470065178475 0.3344910824564911 6
      vertex 13.182470065178475 0.3344910824564911 0
    endloop
  endfacet
  facet normal -0.99144486137381 -0.130526192220054 0
    outer loop
      vertex 13.182470065178475 0.3344910824564911 6
      vertex 13.16060268990444 0.5005902881287388 6
      vertex 13.16060268990444 0.5005902881287388 0
    endloop
  endfacet
  facet normal -0.9832549075639557 -0.1822355254921412 0
    outer loop
      vertex 13.16060268990444 0.5005902881287388 6
      vertex 13.130072322348179 0.6653174106168299 6
      vertex 13.130072322348179 0.6653174106168299 0
    endloop
  endfacet
  facet normal -0.972369920397677 -0.23344536385590403 0
    outer loop
      vertex 13.09096264412502 0.8282209443280664 6
      vertex 13.09096264412502 0.8282209443280664 0
      vertex 13.130072322348179 0.6653174106168299 6
    endloop
  endfacet
  facet normal -0.958819734868191 -0.2840153447039297 0
    outer loop
      vertex 13.09096264412502 0.8282209443280664 6
      vertex 13.043380852144491 0.9888543819998317 6
      vertex 13.043380852144491 0.9888543819998317 0
    endloop
  endfacet
  facet normal -0.9426414910921808 -0.3338068592337644 0
    outer loop
      vertex 13.043380852144491 0.9888543819998317 6
      vertex 12.987457364791046 1.146777438544961 6
      vertex 12.987457364791046 1.146777438544961 0
    endloop
  endfacet
  facet normal -0.9238795325112865 -0.38268343236509017 0
    outer loop
      vertex 12.987457364791046 1.146777438544961 6
      vertex 12.923345464456323 1.3015572578425607 6
      vertex 12.923345464456323 1.3015572578425607 0
    endloop
  endfacet
  facet normal -0.6883545756937494 -0.7253743710122921 0
    outer loop
      vertex 12.141217940348346 2.3780634415276616 6
      vertex 12.141217940348346 2.3780634415276616 0
      vertex 12.262741699796953 2.2627416997969525 6
    endloop
  endfacet
  facet normal -0.649448048330184 -0.7604059656000306 0
    outer loop
      vertex 12.141217940348346 2.3780634415276616 6
      vertex 12.01382525135948 2.486867076662307 6
      vertex 12.01382525135948 2.486867076662307 0
    endloop
  endfacet
  facet normal -0.9025852843498602 -0.4305110968082961 0
    outer loop
      vertex 12.923345464456323 1.3015572578425607 6
      vertex 12.851220877402778 1.4527695991665497 6
      vertex 12.851220877402778 1.4527695991665497 0
    endloop
  endfacet
  facet normal -0.878817112661962 -0.4771587602596142 0
    outer loop
      vertex 12.851220877402778 1.4527695991665497 6
      vertex 12.771281292110203 1.6 6
      vertex 12.771281292110203 1.6 0
    endloop
  endfacet
  facet normal -0.8526401643540964 -0.5224985647159419 0
    outer loop
      vertex 12.771281292110203 1.6 6
      vertex 12.683745817425358 1.7428449120480867 6
      vertex 12.683745817425358 1.7428449120480867 0
    endloop
  endfacet
  facet normal -0.8241261886220148 -0.5664062369248342 0
    outer loop
      vertex 12.683745817425358 1.7428449120480867 6
      vertex 12.588854381999832 1.880912807335914 6
      vertex 12.588854381999832 1.880912807335914 0
    endloop
  endfacet
  facet normal -0.7933533402912336 -0.6087614290087227 0
    outer loop
      vertex 12.588854381999832 1.880912807335914 6
      vertex 12.486867076662307 2.0138252513594797 6
      vertex 12.486867076662307 2.0138252513594797 0
    endloop
  endfacet
  facet normal -0.7604059656000317 -0.6494480483301828 0
    outer loop
      vertex 12.486867076662307 2.0138252513594797 6
      vertex 12.378063441527662 2.1412179403483464 6
      vertex 12.378063441527662 2.1412179403483464 0
    endloop
  endfacet
  facet normal -0.7253743710122909 -0.6883545756937507 0
    outer loop
      vertex 12.378063441527662 2.1412179403483464 6
      vertex 12.262741699796953 2.2627416997969525 6
      vertex 12.262741699796953 2.2627416997969525 0
    endloop
  endfacet
  facet normal 0.6087614290087227 -0.7933533402912336 0
    outer loop
      vertex 7.98617474864052 2.486867076662307 6
      vertex 7.98617474864052 2.486867076662307 0
      vertex 8.119087192664086 2.588854381999832 6
    endloop
  endfacet
  facet normal 0.5664062369248323 -0.8241261886220159 0
    outer loop
      vertex 8.119087192664086 2.588854381999832 6
      vertex 8.119087192664086 2.588854381999832 0
      vertex 8.257155087951913 2.6837458174253572 6
    endloop
  endfacet
  facet normal 0.5224985647159465 -0.8526401643540936 0
    outer loop
      vertex 8.257155087951913 2.6837458174253572 6
      vertex 8.257155087951913 2.6837458174253572 0
      vertex 8.4 2.7712812921102037 6
    endloop
  endfacet
  facet normal 0.4771587602596102 -0.8788171126619644 0
    outer loop
      vertex 8.4 2.7712812921102037 6
      vertex 8.4 2.7712812921102037 0
      vertex 8.54723040083345 2.8512208774027776 6
    endloop
  endfacet
  facet normal 0.4305110968082944 -0.9025852843498609 0
    outer loop
      vertex 8.54723040083345 2.8512208774027776 6
      vertex 8.54723040083345 2.8512208774027776 0
      vertex 8.69844274215744 2.923345464456323 6
    endloop
  endfacet
  facet normal 0.3826834323650898 -0.9238795325112868 0
    outer loop
      vertex 8.69844274215744 2.923345464456323 6
      vertex 8.69844274215744 2.923345464456323 0
      vertex 8.85322256145504 2.987457364791046 6
    endloop
  endfacet
  facet normal 0.3338068592337716 -0.9426414910921782 0
    outer loop
      vertex 8.85322256145504 2.987457364791046 6
      vertex 8.85322256145504 2.987457364791046 0
      vertex 9.011145618000167 3.0433808521444914 6
    endloop
  endfacet
  facet normal 0.28401534470392337 -0.9588197348681929 0
    outer loop
      vertex 9.011145618000167 3.0433808521444914 6
      vertex 9.011145618000167 3.0433808521444914 0
      vertex 9.171779055671934 3.090962644125019 6
    endloop
  endfacet
  facet normal 0.2334453638559058 -0.9723699203976767 0
    outer loop
      vertex 9.171779055671934 3.090962644125019 6
      vertex 9.171779055671934 3.090962644125019 0
      vertex 9.33468258938317 3.1300723223481786 6
    endloop
  endfacet
  facet normal -0.6087614290087227 -0.7933533402912336 0
    outer loop
      vertex 12.01382525135948 2.486867076662307 6
      vertex 11.880912807335914 2.588854381999832 6
      vertex 11.880912807335914 2.588854381999832 0
    endloop
  endfacet
  facet normal -0.5664062369248323 -0.8241261886220159 0
    outer loop
      vertex 11.880912807335914 2.588854381999832 6
      vertex 11.742844912048087 2.6837458174253572 6
      vertex 11.742844912048087 2.6837458174253572 0
    endloop
  endfacet
  facet normal -0.5224985647159465 -0.8526401643540936 0
    outer loop
      vertex 11.6 2.7712812921102037 6
      vertex 11.6 2.7712812921102037 0
      vertex 11.742844912048087 2.6837458174253572 6
    endloop
  endfacet
  facet normal -0.3338068592337716 -0.9426414910921782 0
    outer loop
      vertex 10.988854381999833 3.0433808521444914 6
      vertex 10.988854381999833 3.0433808521444914 0
      vertex 11.14677743854496 2.987457364791046 6
    endloop
  endfacet
  facet normal -0.28401534470392337 -0.9588197348681929 0
    outer loop
      vertex 10.828220944328066 3.090962644125019 6
      vertex 10.828220944328066 3.090962644125019 0
      vertex 10.988854381999833 3.0433808521444914 6
    endloop
  endfacet
  facet normal -0.2334453638559058 -0.9723699203976767 0
    outer loop
      vertex 10.828220944328066 3.090962644125019 6
      vertex 10.66531741061683 3.1300723223481786 6
      vertex 10.66531741061683 3.1300723223481786 0
    endloop
  endfacet
  facet normal -0.4771587602596102 -0.8788171126619644 0
    outer loop
      vertex 11.6 2.7712812921102037 6
      vertex 11.45276959916655 2.8512208774027776 6
      vertex 11.45276959916655 2.8512208774027776 0
    endloop
  endfacet
  facet normal -0.4305110968082944 -0.9025852843498609 0
    outer loop
      vertex 11.30155725784256 2.923345464456323 6
      vertex 11.30155725784256 2.923345464456323 0
      vertex 11.45276959916655 2.8512208774027776 6
    endloop
  endfacet
  facet normal -0.3826834323650898 -0.9238795325112868 0
    outer loop
      vertex 11.14677743854496 2.987457364791046 6
      vertex 11.14677743854496 2.987457364791046 0
      vertex 11.30155725784256 2.923345464456323 6
    endloop
  endfacet
  facet normal 0.1822355254921475 -0.9832549075639545 0
    outer loop
      vertex 9.33468258938317 3.1300723223481786 6
      vertex 9.33468258938317 3.1300723223481786 0
      vertex 9.49940971187126 3.160602689904441 6
    endloop
  endfacet
  facet normal 0.1305261922200485 -0.9914448613738108 0
    outer loop
      vertex 9.49940971187126 3.160602689904441 6
      vertex 9.49940971187126 3.160602689904441 0
      vertex 9.665508917543509 3.1824700651784745 6
    endloop
  endfacet
  facet normal 0.07845909572784537 -0.996917333733128 0
    outer loop
      vertex 9.665508917543509 3.1824700651784745 6
      vertex 9.665508917543509 3.1824700651784745 0
      vertex 9.83252494002258 3.1956145112146364 6
    endloop
  endfacet
  facet normal 0.026176948307874502 -0.9996573249755571 0
    outer loop
      vertex 9.83252494002258 3.1956145112146364 6
      vertex 9.83252494002258 3.1956145112146364 0
      vertex 10 3.2 6
    endloop
  endfacet
  facet normal -0.026176948307874502 -0.9996573249755571 0
    outer loop
      vertex 10 3.2 6
      vertex 10 3.2 0
      vertex 10.16747505997742 3.1956145112146364 6
    endloop
  endfacet
  facet normal -0.07845909572784537 -0.996917333733128 0
    outer loop
      vertex 10.16747505997742 3.1956145112146364 6
      vertex 10.16747505997742 3.1956145112146364 0
      vertex 10.334491082456491 3.1824700651784745 6
    endloop
  endfacet
  facet normal -0.1305261922200485 -0.9914448613738108 0
    outer loop
      vertex 10.334491082456491 3.1824700651784745 6
      vertex 10.334491082456491 3.1824700651784745 0
      vertex 10.50059028812874 3.160602689904441 6
    endloop
  endfacet
  facet normal -0.1822355254921475 -0.9832549075639545 0
    outer loop
      vertex 10.50059028812874 3.160602689904441 6
      vertex 10.50059028812874 3.160602689904441 0
      vertex 10.66531741061683 3.1300723223481786 6
    endloop
  endfacet
  facet normal -0.7253743710126722 6.540211844844431e-13 0.6883545756933488
    outer loop
      vertex 121.61140674879861 -8.851479206642063 10
      vertex 121.31370849898477 -9.217904002219516 9.686291501015239
      vertex 121.43670872337796 -9.071021878374445 9.815906692885891
    endloop
  endfacet
  facet normal 0.2840153447039236 0 0.9588197348681929
    outer loop
      vertex 105.05572809000084 -10 5.7830957392775435
      vertex 105.85889527835967 -10 5.545186779374907
      vertex 105.85889527835967 10 5.545186779374907
    endloop
  endfacet
  facet normal 0.33380685923376924 0 0.9426414910921791
    outer loop
      vertex 104.26611280727519 -10 6.062713176044772
      vertex 105.05572809000084 -10 5.7830957392775435
      vertex 105.05572809000084 10 5.7830957392775435
    endloop
  endfacet
  facet normal 0.38268343236509195 0 0.9238795325112859
    outer loop
      vertex 103.4922137107872 -10 6.383272677718386
      vertex 104.26611280727519 -10 6.062713176044772
      vertex 104.26611280727519 10 6.062713176044772
    endloop
  endfacet
  facet normal 0.1822355254921474 0 0.9832549075639545
    outer loop
      vertex 106.67341294691585 -10 5.349638388259109
      vertex 107.4970485593563 -10 5.196986550477796
      vertex 107.4970485593563 10 5.196986550477796
    endloop
  endfacet
  facet normal 0.13052619222004982 0 0.9914448613738107
    outer loop
      vertex 107.4970485593563 -10 5.196986550477796
      vertex 108.32754458771754 -10 5.087649674107627
      vertex 108.32754458771754 10 5.087649674107627
    endloop
  endfacet
  facet normal 0.07845909572784451 0 0.9969173337331281
    outer loop
      vertex 108.32754458771754 -10 5.087649674107627
      vertex 109.1626247001129 -10 5.021927443926819
      vertex 109.1626247001129 10 5.021927443926819
    endloop
  endfacet
  facet normal 0.23344536385590722 0 0.9723699203976762
    outer loop
      vertex 105.85889527835967 -10 5.545186779374907
      vertex 106.67341294691585 -10 5.349638388259109
      vertex 106.67341294691585 10 5.349638388259109
    endloop
  endfacet
  facet normal 0.026176948307873975 0 0.9996573249755573
    outer loop
      vertex 109.1626247001129 -10 5.021927443926819
      vertex 110 -10 5
      vertex 110 10 5
    endloop
  endfacet
  facet normal -0.026176948307873975 0 0.9996573249755573
    outer loop
      vertex 110 -10 5
      vertex 110.8373752998871 -10 5.021927443926819
      vertex 110.8373752998871 10 5.021927443926819
    endloop
  endfacet
  facet normal -0.07845909572784451 0 0.9969173337331281
    outer loop
      vertex 110.8373752998871 -10 5.021927443926819
      vertex 111.67245541228246 -10 5.087649674107627
      vertex 111.67245541228246 10 5.087649674107627
    endloop
  endfacet
  facet normal -0.13052619222004982 0 0.9914448613738107
    outer loop
      vertex 111.67245541228246 -10 5.087649674107627
      vertex 112.5029514406437 -10 5.196986550477796
      vertex 112.5029514406437 10 5.196986550477796
    endloop
  endfacet
  facet normal -0.1822355254921474 0 0.9832549075639545
    outer loop
      vertex 112.5029514406437 -10 5.196986550477796
      vertex 113.32658705308415 -10 5.349638388259109
      vertex 113.32658705308415 10 5.349638388259109
    endloop
  endfacet
  facet normal 0.430511096808294 0 0.9025852843498612
    outer loop
      vertex 102.73615200416725 -10 6.743895612986114
      vertex 103.4922137107872 -10 6.383272677718386
      vertex 103.4922137107872 10 6.383272677718386
    endloop
  endfacet
  facet normal 0.47715876025960935 0 0.8788171126619648
    outer loop
      vertex 102 -10 7.1435935394489825
      vertex 102.73615200416725 -10 6.743895612986114
      vertex 102.73615200416725 10 6.743895612986114
    endloop
  endfacet
  facet normal 0.522498564715945 0 0.8526401643540946
    outer loop
      vertex 101.28577543975956 -10 7.581270912873215
      vertex 102 -10 7.1435935394489825
      vertex 102 10 7.1435935394489825
    endloop
  endfacet
  facet normal -0.23344536385590722 0 0.9723699203976762
    outer loop
      vertex 113.32658705308415 -10 5.349638388259109
      vertex 114.14110472164033 -10 5.545186779374907
      vertex 114.14110472164033 10 5.545186779374907
    endloop
  endfacet
  facet normal -0.2840153447039236 0 0.9588197348681929
    outer loop
      vertex 114.14110472164033 -10 5.545186779374907
      vertex 114.94427190999916 -10 5.7830957392775435
      vertex 114.94427190999916 10 5.7830957392775435
    endloop
  endfacet
  facet normal -0.33380685923376924 0 0.9426414910921791
    outer loop
      vertex 114.94427190999916 -10 5.7830957392775435
      vertex 115.73388719272481 -10 6.062713176044772
      vertex 115.73388719272481 10 6.062713176044772
    endloop
  endfacet
  facet normal -0.38268343236509195 0 0.9238795325112859
    outer loop
      vertex 115.73388719272481 -10 6.062713176044772
      vertex 116.5077862892128 -10 6.383272677718386
      vertex 116.5077862892128 10 6.383272677718386
    endloop
  endfacet
  facet normal -0.430511096808294 0 0.9025852843498612
    outer loop
      vertex 116.5077862892128 -10 6.383272677718386
      vertex 117.26384799583275 -10 6.743895612986114
      vertex 117.26384799583275 10 6.743895612986114
    endloop
  endfacet
  facet normal -0.47715876025960935 0 0.8788171126619648
    outer loop
      vertex 117.26384799583275 -10 6.743895612986114
      vertex 118 -10 7.1435935394489825
      vertex 118 10 7.1435935394489825
    endloop
  endfacet
  facet normal -0.522498564715945 0 0.8526401643540946
    outer loop
      vertex 118 -10 7.1435935394489825
      vertex 118.71422456024044 -10 7.581270912873215
      vertex 118.71422456024044 10 7.581270912873215
    endloop
  endfacet
  facet normal 0.5664062369248336 0 0.824126188622015
    outer loop
      vertex 101.28577543975956 10 7.581270912873215
      vertex 100.59543596332043 -10 8.05572809000084
      vertex 101.28577543975956 -10 7.581270912873215
    endloop
  endfacet
  facet normal 0.6087614290087203 0 0.7933533402912354
    outer loop
      vertex 100.59543596332043 10 8.05572809000084
      vertex 99.9308737432026 -10 8.565664616688466
      vertex 100.59543596332043 -10 8.05572809000084
    endloop
  endfacet
  facet normal 0.6494480483301912 0 0.7604059656000244
    outer loop
      vertex 99.9308737432026 10 8.565664616688466
      vertex 99.42233234810497 -10 9
      vertex 99.9308737432026 -10 8.565664616688466
    endloop
  endfacet
  facet normal 0.6494480483301661 4.61460592994574e-16 0.760405965600046
    outer loop
      vertex 99.42233234810496 10 9
      vertex 99.29391029825827 -9.890317207638308 9.109682792361692
      vertex 99.42233234810497 -10 9
    endloop
  endfacet
  facet normal 0.6883545756937501 0 0.7253743710122912
    outer loop
      vertex 98.68629150101523 -9.313708498984761 9.686291501015239
      vertex 99.29391029825827 -9.890317207638308 9.109682792361692
      vertex 99.29391029825827 9.890317207638308 9.109682792361692
    endloop
  endfacet
  facet normal 0.7253743710122887 0 0.6883545756937529
    outer loop
      vertex 98.38859325120139 -9 10
      vertex 98.68629150101523 -9.313708498984761 9.686291501015239
      vertex 98.38859325120139 9 10
    endloop
  endfacet
  facet normal -0.5664062369248336 0 0.824126188622015
    outer loop
      vertex 118.71422456024044 -10 7.581270912873215
      vertex 119.40456403667957 -10 8.05572809000084
      vertex 119.40456403667957 10 8.05572809000084
    endloop
  endfacet
  facet normal -0.6087614290087205 0 0.7933533402912353
    outer loop
      vertex 120 -10 8.512622174269854
      vertex 120 10 8.512622174269854
      vertex 119.40456403667957 -10 8.05572809000084
    endloop
  endfacet
  facet normal -0.6087614290087187 0 0.7933533402912366
    outer loop
      vertex 120 -10 8.512622174269854
      vertex 120.0691262567974 -9.998189865261132 8.565664616688466
      vertex 120.0691262567974 9.998189865261132 8.565664616688466
    endloop
  endfacet
  facet normal -0.6494480483301862 2.396864492366156e-16 0.7604059656000287
    outer loop
      vertex 120.52335956242943 -9.986295347545738 8.953616509723009
      vertex 120.57766765189504 9.982021208210412 9
      vertex 120.0691262567974 -9.998189865261132 8.565664616688466
    endloop
  endfacet
  facet normal -0.6494480483302335 4.620197545337533e-16 0.7604059655999883
    outer loop
      vertex 120.52335956242943 -9.986295347545738 8.953616509723009
      vertex 120.57766765189503 -9.982021208210412 9
      vertex 120.57766765189504 9.982021208210412 9
    endloop
  endfacet
  facet normal -0.6494480483301659 0 0.7604059656000461
    outer loop
      vertex 120.57766765189503 -9.982021208210412 9
      vertex 120.70608970174173 -9.86192992214328 9.109682792361692
      vertex 120.70608970174173 9.86192992214328 9.109682792361692
    endloop
  endfacet
  facet normal -0.6883545756937498 -2.19551067228885e-17 0.7253743710122916
    outer loop
      vertex 120.70608970174173 -9.86192992214328 9.109682792361692
      vertex 121.00424454473719 -9.554748599794399 9.392621173758817
      vertex 121.31370849898477 9.217904002219516 9.686291501015239
    endloop
  endfacet
  facet normal -0.6883545756937505 0 0.7253743710122909
    outer loop
      vertex 121.00424454473719 -9.554748599794399 9.392621173758817
      vertex 121.31370849898477 -9.217904002219516 9.686291501015239
      vertex 121.31370849898477 9.217904002219516 9.686291501015239
    endloop
  endfacet
  facet normal -0.7253743710122886 0 0.6883545756937529
    outer loop
      vertex 121.61140674879861 -8.851479206642063 10
      vertex 121.31370849898477 9.217904002219516 9.686291501015239
      vertex 121.31370849898477 -9.217904002219516 9.686291501015239
    endloop
  endfacet
  facet normal 0.2840153447039236 0 0.9588197348681929
    outer loop
      vertex 105.05572809000084 -10 5.7830957392775435
      vertex 105.85889527835967 10 5.545186779374907
      vertex 105.05572809000084 10 5.7830957392775435
    endloop
  endfacet
  facet normal 0.33380685923376924 0 0.9426414910921791
    outer loop
      vertex 104.26611280727519 -10 6.062713176044772
      vertex 105.05572809000084 10 5.7830957392775435
      vertex 104.26611280727519 10 6.062713176044772
    endloop
  endfacet
  facet normal 0.1822355254921474 0 0.9832549075639545
    outer loop
      vertex 106.67341294691585 -10 5.349638388259109
      vertex 107.4970485593563 10 5.196986550477796
      vertex 106.67341294691585 10 5.349638388259109
    endloop
  endfacet
  facet normal 0.07845909572784451 0 0.9969173337331281
    outer loop
      vertex 108.32754458771754 -10 5.087649674107627
      vertex 109.1626247001129 10 5.021927443926819
      vertex 108.32754458771754 10 5.087649674107627
    endloop
  endfacet
  facet normal 0.026176948307873975 0 0.9996573249755573
    outer loop
      vertex 109.1626247001129 -10 5.021927443926819
      vertex 110 10 5
      vertex 109.1626247001129 10 5.021927443926819
    endloop
  endfacet
  facet normal 0.13052619222004982 0 0.9914448613738107
    outer loop
      vertex 107.4970485593563 -10 5.196986550477796
      vertex 108.32754458771754 10 5.087649674107627
      vertex 107.4970485593563 10 5.196986550477796
    endloop
  endfacet
  facet normal 0.23344536385590722 0 0.9723699203976762
    outer loop
      vertex 105.85889527835967 -10 5.545186779374907
      vertex 106.67341294691585 10 5.349638388259109
      vertex 105.85889527835967 10 5.545186779374907
    endloop
  endfacet
  facet normal -0.026176948307873975 0 0.9996573249755573
    outer loop
      vertex 110 -10 5
      vertex 110.8373752998871 10 5.021927443926819
      vertex 110 10 5
    endloop
  endfacet
  facet normal -0.07845909572784451 0 0.9969173337331281
    outer loop
      vertex 110.8373752998871 -10 5.021927443926819
      vertex 111.67245541228246 10 5.087649674107627
      vertex 110.8373752998871 10 5.021927443926819
    endloop
  endfacet
  facet normal -0.13052619222004982 0 0.9914448613738107
    outer loop
      vertex 111.67245541228246 -10 5.087649674107627
      vertex 112.5029514406437 10 5.196986550477796
      vertex 111.67245541228246 10 5.087649674107627
    endloop
  endfacet
  facet normal -0.1822355254921474 0 0.9832549075639545
    outer loop
      vertex 112.5029514406437 -10 5.196986550477796
      vertex 113.32658705308415 10 5.349638388259109
      vertex 112.5029514406437 10 5.196986550477796
    endloop
  endfacet
  facet normal -0.23344536385590722 0 0.9723699203976762
    outer loop
      vertex 113.32658705308415 -10 5.349638388259109
      vertex 114.14110472164033 10 5.545186779374907
      vertex 113.32658705308415 10 5.349638388259109
    endloop
  endfacet
  facet normal 0.38268343236509195 0 0.9238795325112859
    outer loop
      vertex 103.4922137107872 -10 6.383272677718386
      vertex 104.26611280727519 10 6.062713176044772
      vertex 103.4922137107872 10 6.383272677718386
    endloop
  endfacet
  facet normal 0.430511096808294 0 0.9025852843498612
    outer loop
      vertex 102.73615200416725 -10 6.743895612986114
      vertex 103.4922137107872 10 6.383272677718386
      vertex 102.73615200416725 10 6.743895612986114
    endloop
  endfacet
  facet normal 0.522498564715945 0 0.8526401643540946
    outer loop
      vertex 101.28577543975956 -10 7.581270912873215
      vertex 102 10 7.1435935394489825
      vertex 101.28577543975956 10 7.581270912873215
    endloop
  endfacet
  facet normal 0.47715876025960935 0 0.8788171126619648
    outer loop
      vertex 102 -10 7.1435935394489825
      vertex 102.73615200416725 10 6.743895612986114
      vertex 102 10 7.1435935394489825
    endloop
  endfacet
  facet normal -0.2840153447039236 0 0.9588197348681929
    outer loop
      vertex 114.14110472164033 -10 5.545186779374907
      vertex 114.94427190999916 10 5.7830957392775435
      vertex 114.14110472164033 10 5.545186779374907
    endloop
  endfacet
  facet normal -0.33380685923376924 0 0.9426414910921791
    outer loop
      vertex 114.94427190999916 -10 5.7830957392775435
      vertex 115.73388719272481 10 6.062713176044772
      vertex 114.94427190999916 10 5.7830957392775435
    endloop
  endfacet
  facet normal -0.38268343236509195 0 0.9238795325112859
    outer loop
      vertex 115.73388719272481 -10 6.062713176044772
      vertex 116.5077862892128 10 6.383272677718386
      vertex 115.73388719272481 10 6.062713176044772
    endloop
  endfacet
  facet normal -0.430511096808294 0 0.9025852843498612
    outer loop
      vertex 116.5077862892128 -10 6.383272677718386
      vertex 117.26384799583275 10 6.743895612986114
      vertex 116.5077862892128 10 6.383272677718386
    endloop
  endfacet
  facet normal -0.47715876025960935 0 0.8788171126619648
    outer loop
      vertex 117.26384799583275 -10 6.743895612986114
      vertex 118 10 7.1435935394489825
      vertex 117.26384799583275 10 6.743895612986114
    endloop
  endfacet
  facet normal -0.522498564715945 0 0.8526401643540946
    outer loop
      vertex 118 -10 7.1435935394489825
      vertex 118.71422456024044 10 7.581270912873215
      vertex 118 10 7.1435935394489825
    endloop
  endfacet
  facet normal 0.5664062369248336 0 0.824126188622015
    outer loop
      vertex 101.28577543975956 10 7.581270912873215
      vertex 100.59543596332043 10 8.05572809000084
      vertex 100.59543596332043 -10 8.05572809000084
    endloop
  endfacet
  facet normal 0.6087614290087203 0 0.7933533402912354
    outer loop
      vertex 100.59543596332043 10 8.05572809000084
      vertex 99.9308737432026 10 8.565664616688466
      vertex 99.9308737432026 -10 8.565664616688466
    endloop
  endfacet
  facet normal 0.6494480483301808 4.614605929945843e-16 0.7604059656000334
    outer loop
      vertex 99.42233234810496 10 9
      vertex 99.42233234810497 -10 9
      vertex 99.9308737432026 10 8.565664616688466
    endloop
  endfacet
  facet normal 0.6494480483302074 0 0.7604059656000107
    outer loop
      vertex 99.42233234810496 10 9
      vertex 99.29391029825827 9.890317207638308 9.109682792361692
      vertex 99.29391029825827 -9.890317207638308 9.109682792361692
    endloop
  endfacet
  facet normal 0.7253743710122887 0 0.6883545756937529
    outer loop
      vertex 98.68629150101523 -9.313708498984761 9.686291501015239
      vertex 98.68629150101523 9.313708498984761 9.686291501015239
      vertex 98.38859325120139 9 10
    endloop
  endfacet
  facet normal 0.6883545756937502 0 0.7253743710122913
    outer loop
      vertex 98.68629150101523 -9.313708498984761 9.686291501015239
      vertex 99.29391029825827 9.890317207638308 9.109682792361692
      vertex 98.68629150101523 9.313708498984761 9.686291501015239
    endloop
  endfacet
  facet normal -0.5664062369248336 0 0.824126188622015
    outer loop
      vertex 118.71422456024044 -10 7.581270912873215
      vertex 119.40456403667957 10 8.05572809000084
      vertex 118.71422456024044 10 7.581270912873215
    endloop
  endfacet
  facet normal -0.6087614290087205 0 0.7933533402912353
    outer loop
      vertex 119.40456403667957 -10 8.05572809000084
      vertex 120 10 8.512622174269854
      vertex 119.40456403667957 10 8.05572809000084
    endloop
  endfacet
  facet normal -0.6087614290087188 0 0.7933533402912367
    outer loop
      vertex 120 -10 8.512622174269854
      vertex 120.0691262567974 9.998189865261132 8.565664616688466
      vertex 120 10 8.512622174269854
    endloop
  endfacet
  facet normal -0.6494480483301862 0 0.7604059656000287
    outer loop
      vertex 120.52335956242943 9.986295347545738 8.953616509723009
      vertex 120.0691262567974 9.998189865261132 8.565664616688466
      vertex 120.0691262567974 -9.998189865261132 8.565664616688466
    endloop
  endfacet
  facet normal -0.6494480483301355 -1.9993982205822638e-15 0.7604059656000722
    outer loop
      vertex 120.52335956242943 9.986295347545738 8.953616509723009
      vertex 120.0691262567974 -9.998189865261132 8.565664616688466
      vertex 120.57766765189504 9.982021208210412 9
    endloop
  endfacet
  facet normal -0.6494480483302071 4.622917376843906e-16 0.760405965600011
    outer loop
      vertex 120.57766765189503 -9.982021208210412 9
      vertex 120.70608970174173 9.86192992214328 9.109682792361692
      vertex 120.57766765189504 9.982021208210412 9
    endloop
  endfacet
  facet normal -0.6883545756937499 0 0.7253743710122915
    outer loop
      vertex 121.00424454473719 9.554748599794399 9.392621173758817
      vertex 120.70608970174173 9.86192992214328 9.109682792361692
      vertex 120.70608970174173 -9.86192992214328 9.109682792361692
    endloop
  endfacet
  facet normal -0.6883545756937504 1.8125551147149638e-17 0.725374371012291
    outer loop
      vertex 121.00424454473719 9.554748599794399 9.392621173758817
      vertex 120.70608970174173 -9.86192992214328 9.109682792361692
      vertex 121.31370849898477 9.217904002219516 9.686291501015239
    endloop
  endfacet
  facet normal -0.7253743710122807 0 0.6883545756937614
    outer loop
      vertex 121.43670872337796 9.071021878374445 9.815906692885891
      vertex 121.61140674879861 -8.851479206642063 10
      vertex 121.61140674879861 8.851479206642065 10
    endloop
  endfacet
  facet normal -0.7253743710123003 -4.0336720646863013e-16 0.6883545756937407
    outer loop
      vertex 121.43670872337796 9.071021878374445 9.815906692885891
      vertex 121.31370849898477 9.217904002219516 9.686291501015239
      vertex 121.61140674879861 -8.851479206642063 10
    endloop
  endfacet
  facet normal 0 1 0
    outer loop
      vertex 7.0266461136734275 -5.15 6
      vertex 7.0266461136734275 -5.15 10
      vertex 12.973353886326572 -5.15 6
    endloop
  endfacet
  facet normal 0 1 0
    outer loop
      vertex 12.973353886326572 -5.15 6
      vertex 7.0266461136734275 -5.15 10
      vertex 12.973353886326572 -5.15 10
    endloop
  endfacet
  facet normal 0 0 1
    outer loop
      vertex 7.0266461136734275 -5.15 6
      vertex 8.69844274215744 -2.923345464456323 6
      vertex 8.54723040083345 -2.8512208774027776 6
    endloop
  endfacet
  facet normal 0 0 1
    outer loop
      vertex 7.0266461136734275 -5.15 6
      vertex 8.54723040083345 -2.8512208774027776 6
      vertex 8.4 -2.7712812921102037 6
    endloop
  endfacet
  facet normal 0 0 1
    outer loop
      vertex 7.0266461136734275 -5.15 6
      vertex 8.4 -2.7712812921102037 6
      vertex 8.257155087951913 -2.6837458174253572 6
    endloop
  endfacet
  facet normal 0 0 1
    outer loop
      vertex 7.0266461136734275 -5.15 6
      vertex 8.257155087951913 -2.6837458174253572 6
      vertex 8.119087192664086 -2.588854381999832 6
    endloop
  endfacet
  facet normal 0 0 1
    outer loop
      vertex 7.0266461136734275 -5.15 6
      vertex 8.119087192664086 -2.588854381999832 6
      vertex 7.98617474864052 -2.486867076662307 6
    endloop
  endfacet
  facet normal 0 0 1
    outer loop
      vertex 7.0266461136734275 -5.15 6
      vertex 7.98617474864052 -2.486867076662307 6
      vertex 7.858782059651654 -2.3780634415276616 6
    endloop
  endfacet
  facet normal 0 0 1
    outer loop
      vertex 7.0266461136734275 -5.15 6
      vertex 7.858782059651654 -2.3780634415276616 6
      vertex 7.737258300203047 -2.2627416997969525 6
    endloop
  endfacet
  facet normal 0 0 1
    outer loop
      vertex 7.0266461136734275 -5.15 6
      vertex 7.737258300203047 -2.2627416997969525 6
      vertex 7.621936558472338 -2.1412179403483464 6
    endloop
  endfacet
  facet normal 0 0 1
    outer loop
      vertex 7.0266461136734275 -5.15 6
      vertex 7.621936558472338 -2.1412179403483464 6
      vertex 7.513132923337693 -2.0138252513594797 6
    endloop
  endfacet
  facet normal 0 0 1
    outer loop
      vertex 7.0266461136734275 -5.15 6
      vertex 7.513132923337693 -2.0138252513594797 6
      vertex 7.411145618000168 -1.880912807335914 6
    endloop
  endfacet
  facet normal 0 0 1
    outer loop
      vertex 7.0266461136734275 -5.15 6
      vertex 7.411145618000168 -1.880912807335914 6
      vertex 7.316254182574642 -1.7428449120480867 6
    endloop
  endfacet
  facet normal 0 0 1
    outer loop
      vertex 7.0266461136734275 -5.15 6
      vertex 7.316254182574642 -1.7428449120480867 6
      vertex 7.228718707889796 -1.6 6
    endloop
  endfacet
  facet normal 0 0 1
    outer loop
      vertex 7.0266461136734275 -5.15 6
      vertex 7.148779122597222 -1.4527695991665497 6
      vertex 7.0766545355436765 -1.3015572578425607 6
    endloop
  endfacet
  facet normal 0 0 1
    outer loop
      vertex 7.0266461136734275 -5.15 6
      vertex 7.228718707889796 -1.6 6
      vertex 7.148779122597222 -1.4527695991665497 6
    endloop
  endfacet
  facet normal 0 0 1
    outer loop
      vertex 7.0266461136734275 -5.15 6
      vertex 12.973353886326572 -5.15 6
      vertex 10.50059028812874 -3.160602689904441 6
    endloop
  endfacet
  facet normal 0 0 1
    outer loop
      vertex 7.0266461136734275 -5.15 6
      vertex 9.49940971187126 -3.160602689904441 6
      vertex 9.33468258938317 -3.1300723223481786 6
    endloop
  endfacet
  facet normal 0 0 1
    outer loop
      vertex 7.0266461136734275 -5.15 6
      vertex 9.33468258938317 -3.1300723223481786 6
      vertex 9.171779055671934 -3.090962644125019 6
    endloop
  endfacet
  facet normal 0 0 1
    outer loop
      vertex 7.0266461136734275 -5.15 6
      vertex 9.171779055671934 -3.090962644125019 6
      vertex 9.011145618000167 -3.0433808521444914 6
    endloop
  endfacet
  facet normal 0 0 1
    outer loop
      vertex 7.0266461136734275 -5.15 6
      vertex 9.665508917543509 -3.1824700651784745 6
      vertex 9.49940971187126 -3.160602689904441 6
    endloop
  endfacet
  facet normal 0 0 1
    outer loop
      vertex 7.0266461136734275 -5.15 6
      vertex 9.83252494002258 -3.1956145112146364 6
      vertex 9.665508917543509 -3.1824700651784745 6
    endloop
  endfacet
  facet normal 0 0 1
    outer loop
      vertex 7.0266461136734275 -5.15 6
      vertex 10 -3.2 6
      vertex 9.83252494002258 -3.1956145112146364 6
    endloop
  endfacet
  facet normal 0 0 1
    outer loop
      vertex 7.0266461136734275 -5.15 6
      vertex 10.16747505997742 -3.1956145112146364 6
      vertex 10 -3.2 6
    endloop
  endfacet
  facet normal 0 0 1
    outer loop
      vertex 7.0266461136734275 -5.15 6
      vertex 10.334491082456491 -3.1824700651784745 6
      vertex 10.16747505997742 -3.1956145112146364 6
    endloop
  endfacet
  facet normal 0 0 1
    outer loop
      vertex 7.0266461136734275 -5.15 6
      vertex 10.50059028812874 -3.160602689904441 6
      vertex 10.334491082456491 -3.1824700651784745 6
    endloop
  endfacet
  facet normal 0 0 1
    outer loop
      vertex 12.973353886326572 -5.15 6
      vertex 10.66531741061683 -3.1300723223481786 6
      vertex 10.50059028812874 -3.160602689904441 6
    endloop
  endfacet
  facet normal 0 0 1
    outer loop
      vertex 12.973353886326572 -5.15 6
      vertex 10.828220944328066 -3.090962644125019 6
      vertex 10.66531741061683 -3.1300723223481786 6
    endloop
  endfacet
  facet normal 0 0 1
    outer loop
      vertex 12.973353886326572 -5.15 6
      vertex 10.988854381999833 -3.0433808521444914 6
      vertex 10.828220944328066 -3.090962644125019 6
    endloop
  endfacet
  facet normal 0 0 1
    outer loop
      vertex 7.0266461136734275 -5.15 6
      vertex 9.011145618000167 -3.0433808521444914 6
      vertex 8.85322256145504 -2.987457364791046 6
    endloop
  endfacet
  facet normal 0 0 1
    outer loop
      vertex 7.0266461136734275 -5.15 6
      vertex 8.85322256145504 -2.987457364791046 6
      vertex 8.69844274215744 -2.923345464456323 6
    endloop
  endfacet
  facet normal 0 0 1
    outer loop
      vertex 12.973353886326572 -5.15 6
      vertex 11.14677743854496 -2.987457364791046 6
      vertex 10.988854381999833 -3.0433808521444914 6
    endloop
  endfacet
  facet normal 0 0 1
    outer loop
      vertex 12.973353886326572 -5.15 6
      vertex 11.30155725784256 -2.923345464456323 6
      vertex 11.14677743854496 -2.987457364791046 6
    endloop
  endfacet
  facet normal 0 0 1
    outer loop
      vertex 12.973353886326572 -5.15 6
      vertex 11.45276959916655 -2.8512208774027776 6
      vertex 11.30155725784256 -2.923345464456323 6
    endloop
  endfacet
  facet normal 0 0 1
    outer loop
      vertex 12.973353886326572 -5.15 6
      vertex 11.6 -2.7712812921102037 6
      vertex 11.45276959916655 -2.8512208774027776 6
    endloop
  endfacet
  facet normal 0 0 1
    outer loop
      vertex 12.973353886326572 -5.15 6
      vertex 11.742844912048087 -2.6837458174253572 6
      vertex 11.6 -2.7712812921102037 6
    endloop
  endfacet
  facet normal 0 0 1
    outer loop
      vertex 12.973353886326572 -5.15 6
      vertex 11.880912807335914 -2.588854381999832 6
      vertex 11.742844912048087 -2.6837458174253572 6
    endloop
  endfacet
  facet normal 0 0 1
    outer loop
      vertex 12.973353886326572 -5.15 6
      vertex 12.01382525135948 -2.486867076662307 6
      vertex 11.880912807335914 -2.588854381999832 6
    endloop
  endfacet
  facet normal 0 0 1
    outer loop
      vertex 12.973353886326572 -5.15 6
      vertex 12.141217940348346 -2.3780634415276616 6
      vertex 12.01382525135948 -2.486867076662307 6
    endloop
  endfacet
  facet normal 0 0 1
    outer loop
      vertex 12.973353886326572 -5.15 6
      vertex 12.262741699796953 -2.2627416997969525 6
      vertex 12.141217940348346 -2.3780634415276616 6
    endloop
  endfacet
  facet normal 0 0 1
    outer loop
      vertex 12.973353886326572 -5.15 6
      vertex 12.378063441527662 -2.1412179403483464 6
      vertex 12.262741699796953 -2.2627416997969525 6
    endloop
  endfacet
  facet normal 0 0 1
    outer loop
      vertex 12.973353886326572 -5.15 6
      vertex 12.486867076662307 -2.0138252513594797 6
      vertex 12.378063441527662 -2.1412179403483464 6
    endloop
  endfacet
  facet normal 0 0 1
    outer loop
      vertex 12.973353886326572 -5.15 6
      vertex 12.588854381999832 -1.880912807335914 6
      vertex 12.486867076662307 -2.0138252513594797 6
    endloop
  endfacet
  facet normal 0 0 1
    outer loop
      vertex 12.973353886326572 -5.15 6
      vertex 12.683745817425358 -1.7428449120480867 6
      vertex 12.588854381999832 -1.880912807335914 6
    endloop
  endfacet
  facet normal 0 0 1
    outer loop
      vertex 12.973353886326572 -5.15 6
      vertex 12.771281292110203 -1.6 6
      vertex 12.683745817425358 -1.7428449120480867 6
    endloop
  endfacet
  facet normal 0 0 1
    outer loop
      vertex 12.973353886326572 -5.15 6
      vertex 12.851220877402778 -1.4527695991665497 6
      vertex 12.771281292110203 -1.6 6
    endloop
  endfacet
  facet normal 0 0 1
    outer loop
      vertex 12.973353886326572 -5.15 6
      vertex 12.923345464456323 -1.3015572578425607 6
      vertex 12.851220877402778 -1.4527695991665497 6
    endloop
  endfacet
  facet normal 0 0 1
    outer loop
      vertex 12.973353886326572 -5.15 6
      vertex 12.987457364791046 -1.146777438544961 6
      vertex 12.923345464456323 -1.3015572578425607 6
    endloop
  endfacet
  facet normal -0.8660254037844386 0.49999999999999994 0
    outer loop
      vertex 12.973353886326572 -5.15 6
      vertex 12.973353886326572 -5.15 10
      vertex 15.946707772653145 0 6
    endloop
  endfacet
  facet normal 0 0 1
    outer loop
      vertex 7.0266461136734275 -5.15 6
      vertex 7.0766545355436765 -1.3015572578425607 6
      vertex 4.053292227346854 0 6
    endloop
  endfacet
  facet normal 0 0 1
    outer loop
      vertex 7.0766545355436765 -1.3015572578425607 6
      vertex 7.012542635208954 -1.146777438544961 6
      vertex 4.053292227346854 0 6
    endloop
  endfacet
  facet normal 0 0 1
    outer loop
      vertex 7.012542635208954 -1.146777438544961 6
      vertex 6.956619147855509 -0.9888543819998317 6
      vertex 4.053292227346854 0 6
    endloop
  endfacet
  facet normal 0 0 1
    outer loop
      vertex 6.909037355874981 -0.8282209443280664 6
      vertex 4.053292227346854 0 6
      vertex 6.956619147855509 -0.9888543819998317 6
    endloop
  endfacet
  facet normal 0 0 1
    outer loop
      vertex 6.909037355874981 -0.8282209443280664 6
      vertex 6.869927677651821 -0.6653174106168299 6
      vertex 4.053292227346854 0 6
    endloop
  endfacet
  facet normal 0 0 1
    outer loop
      vertex 6.869927677651821 -0.6653174106168299 6
      vertex 6.839397310095559 -0.5005902881287388 6
      vertex 4.053292227346854 0 6
    endloop
  endfacet
  facet normal 0 0 1
    outer loop
      vertex 6.839397310095559 -0.5005902881287388 6
      vertex 6.8175299348215255 -0.3344910824564911 6
      vertex 4.053292227346854 0 6
    endloop
  endfacet
  facet normal 0 0 1
    outer loop
      vertex 6.8175299348215255 -0.3344910824564911 6
      vertex 6.804385488785364 -0.1674750599774203 6
      vertex 4.053292227346854 0 6
    endloop
  endfacet
  facet normal 0 0 1
    outer loop
      vertex 6.804385488785364 -0.1674750599774203 6
      vertex 6.8 0 6
      vertex 4.053292227346854 0 6
    endloop
  endfacet
  facet normal 0 0 1
    outer loop
      vertex 12.973353886326572 -5.15 6
      vertex 15.946707772653145 0 6
      vertex 12.987457364791046 -1.146777438544961 6
    endloop
  endfacet
  facet normal 0 0 1
    outer loop
      vertex 12.987457364791046 -1.146777438544961 6
      vertex 15.946707772653145 0 6
      vertex 13.043380852144491 -0.9888543819998317 6
    endloop
  endfacet
  facet normal 0 0 1
    outer loop
      vertex 13.043380852144491 -0.9888543819998317 6
      vertex 15.946707772653145 0 6
      vertex 13.09096264412502 -0.8282209443280664 6
    endloop
  endfacet
  facet normal 0 0 1
    outer loop
      vertex 13.09096264412502 -0.8282209443280664 6
      vertex 15.946707772653145 0 6
      vertex 13.130072322348179 -0.6653174106168299 6
    endloop
  endfacet
  facet normal 0 0 1
    outer loop
      vertex 13.130072322348179 -0.6653174106168299 6
      vertex 15.946707772653145 0 6
      vertex 13.16060268990444 -0.5005902881287388 6
    endloop
  endfacet
  facet normal 0 0 1
    outer loop
      vertex 13.16060268990444 -0.5005902881287388 6
      vertex 15.946707772653145 0 6
      vertex 13.182470065178475 -0.3344910824564911 6
    endloop
  endfacet
  facet normal 0 0 1
    outer loop
      vertex 13.182470065178475 -0.3344910824564911 6
      vertex 15.946707772653145 0 6
      vertex 13.195614511214636 -0.1674750599774203 6
    endloop
  endfacet
  facet normal 0 0 1
    outer loop
      vertex 13.195614511214636 -0.1674750599774203 6
      vertex 15.946707772653145 0 6
      vertex 13.2 0 6
    endloop
  endfacet
  facet normal 0.8660254037844386 0.5000000000000001 0
    outer loop
      vertex 7.0266461136734275 -5.15 6
      vertex 4.053292227346854 0 6
      vertex 4.053292227346854 0 10
    endloop
  endfacet
  facet normal 0.8660254037844386 0.5000000000000001 0
    outer loop
      vertex 7.0266461136734275 -5.15 6
      vertex 4.053292227346854 0 10
      vertex 7.0266461136734275 -5.15 10
    endloop
  endfacet
  facet normal -0.8660254037844386 0.49999999999999994 0
    outer loop
      vertex 15.946707772653145 0 6
      vertex 12.973353886326572 -5.15 10
      vertex 15.946707772653145 0 10
    endloop
  endfacet
  facet normal 0 0 1
    outer loop
      vertex 4.053292227346854 0 6
      vertex 6.8 0 6
      vertex 6.804385488785364 0.1674750599774203 6
    endloop
  endfacet
  facet normal 0 0 1
    outer loop
      vertex 4.053292227346854 0 6
      vertex 6.804385488785364 0.1674750599774203 6
      vertex 6.8175299348215255 0.3344910824564911 6
    endloop
  endfacet
  facet normal 0 0 1
    outer loop
      vertex 4.053292227346854 0 6
      vertex 6.8175299348215255 0.3344910824564911 6
      vertex 6.839397310095559 0.5005902881287388 6
    endloop
  endfacet
  facet normal 0 0 1
    outer loop
      vertex 4.053292227346854 0 6
      vertex 6.839397310095559 0.5005902881287388 6
      vertex 6.869927677651821 0.6653174106168299 6
    endloop
  endfacet
  facet normal 0 0 1
    outer loop
      vertex 4.053292227346854 0 6
      vertex 6.869927677651821 0.6653174106168299 6
      vertex 6.909037355874981 0.8282209443280664 6
    endloop
  endfacet
  facet normal 0 0 1
    outer loop
      vertex 4.053292227346854 0 6
      vertex 6.909037355874981 0.8282209443280664 6
      vertex 6.956619147855509 0.9888543819998317 6
    endloop
  endfacet
  facet normal 0 0 1
    outer loop
      vertex 4.053292227346854 0 6
      vertex 6.956619147855509 0.9888543819998317 6
      vertex 7.012542635208954 1.146777438544961 6
    endloop
  endfacet
  facet normal 0 0 1
    outer loop
      vertex 4.053292227346854 0 6
      vertex 7.012542635208954 1.146777438544961 6
      vertex 7.0266461136734275 5.15 6
    endloop
  endfacet
  facet normal 0 0 1
    outer loop
      vertex 13.2 0 6
      vertex 15.946707772653145 0 6
      vertex 13.195614511214636 0.1674750599774203 6
    endloop
  endfacet
  facet normal 0 0 1
    outer loop
      vertex 13.195614511214636 0.1674750599774203 6
      vertex 15.946707772653145 0 6
      vertex 13.182470065178475 0.3344910824564911 6
    endloop
  endfacet
  facet normal 0 0 1
    outer loop
      vertex 13.182470065178475 0.3344910824564911 6
      vertex 15.946707772653145 0 6
      vertex 13.16060268990444 0.5005902881287388 6
    endloop
  endfacet
  facet normal 0 0 1
    outer loop
      vertex 13.16060268990444 0.5005902881287388 6
      vertex 15.946707772653145 0 6
      vertex 13.130072322348179 0.6653174106168299 6
    endloop
  endfacet
  facet normal 0 0 1
    outer loop
      vertex 13.09096264412502 0.8282209443280664 6
      vertex 13.130072322348179 0.6653174106168299 6
      vertex 15.946707772653145 0 6
    endloop
  endfacet
  facet normal 0 0 1
    outer loop
      vertex 13.09096264412502 0.8282209443280664 6
      vertex 15.946707772653145 0 6
      vertex 13.043380852144491 0.9888543819998317 6
    endloop
  endfacet
  facet normal 0 0 1
    outer loop
      vertex 13.043380852144491 0.9888543819998317 6
      vertex 15.946707772653145 0 6
      vertex 12.987457364791046 1.146777438544961 6
    endloop
  endfacet
  facet normal 0 0 1
    outer loop
      vertex 12.987457364791046 1.146777438544961 6
      vertex 15.946707772653145 0 6
      vertex 12.923345464456323 1.3015572578425607 6
    endloop
  endfacet
  facet normal 0 0 1
    outer loop
      vertex 12.923345464456323 1.3015572578425607 6
      vertex 15.946707772653145 0 6
      vertex 12.973353886326572 5.15 6
    endloop
  endfacet
  facet normal -0.8660254037844386 -0.49999999999999994 0
    outer loop
      vertex 15.946707772653145 0 6
      vertex 15.946707772653145 0 10
      vertex 12.973353886326572 5.15 6
    endloop
  endfacet
  facet normal 0 0 1
    outer loop
      vertex 7.012542635208954 1.146777438544961 6
      vertex 7.0766545355436765 1.3015572578425607 6
      vertex 7.0266461136734275 5.15 6
    endloop
  endfacet
  facet normal 0 0 1
    outer loop
      vertex 7.0766545355436765 1.3015572578425607 6
      vertex 7.148779122597222 1.4527695991665497 6
      vertex 7.0266461136734275 5.15 6
    endloop
  endfacet
  facet normal 0 0 1
    outer loop
      vertex 7.148779122597222 1.4527695991665497 6
      vertex 7.228718707889796 1.6 6
      vertex 7.0266461136734275 5.15 6
    endloop
  endfacet
  facet normal 0 0 1
    outer loop
      vertex 7.228718707889796 1.6 6
      vertex 7.316254182574642 1.7428449120480867 6
      vertex 7.0266461136734275 5.15 6
    endloop
  endfacet
  facet normal 0 0 1
    outer loop
      vertex 7.316254182574642 1.7428449120480867 6
      vertex 7.411145618000168 1.880912807335914 6
      vertex 7.0266461136734275 5.15 6
    endloop
  endfacet
  facet normal 0 0 1
    outer loop
      vertex 7.411145618000168 1.880912807335914 6
      vertex 7.513132923337693 2.0138252513594797 6
      vertex 7.0266461136734275 5.15 6
    endloop
  endfacet
  facet normal 0 0 1
    outer loop
      vertex 7.513132923337693 2.0138252513594797 6
      vertex 7.621936558472338 2.1412179403483464 6
      vertex 7.0266461136734275 5.15 6
    endloop
  endfacet
  facet normal 0 0 1
    outer loop
      vertex 7.621936558472338 2.1412179403483464 6
      vertex 7.737258300203047 2.2627416997969525 6
      vertex 7.0266461136734275 5.15 6
    endloop
  endfacet
  facet normal 0 0 1
    outer loop
      vertex 7.737258300203047 2.2627416997969525 6
      vertex 7.858782059651654 2.3780634415276616 6
      vertex 7.0266461136734275 5.15 6
    endloop
  endfacet
  facet normal 0 0 1
    outer loop
      vertex 7.858782059651654 2.3780634415276616 6
      vertex 7.98617474864052 2.486867076662307 6
      vertex 7.0266461136734275 5.15 6
    endloop
  endfacet
  facet normal 0 0 1
    outer loop
      vertex 7.98617474864052 2.486867076662307 6
      vertex 8.119087192664086 2.588854381999832 6
      vertex 7.0266461136734275 5.15 6
    endloop
  endfacet
  facet normal 0 0 1
    outer loop
      vertex 8.119087192664086 2.588854381999832 6
      vertex 8.257155087951913 2.6837458174253572 6
      vertex 7.0266461136734275 5.15 6
    endloop
  endfacet
  facet normal 0 0 1
    outer loop
      vertex 8.257155087951913 2.6837458174253572 6
      vertex 8.4 2.7712812921102037 6
      vertex 7.0266461136734275 5.15 6
    endloop
  endfacet
  facet normal 0 0 1
    outer loop
      vertex 8.4 2.7712812921102037 6
      vertex 8.54723040083345 2.8512208774027776 6
      vertex 7.0266461136734275 5.15 6
    endloop
  endfacet
  facet normal 0 0 1
    outer loop
      vertex 8.54723040083345 2.8512208774027776 6
      vertex 8.69844274215744 2.923345464456323 6
      vertex 7.0266461136734275 5.15 6
    endloop
  endfacet
  facet normal 0 0 1
    outer loop
      vertex 8.69844274215744 2.923345464456323 6
      vertex 8.85322256145504 2.987457364791046 6
      vertex 7.0266461136734275 5.15 6
    endloop
  endfacet
  facet normal 0 0 1
    outer loop
      vertex 8.85322256145504 2.987457364791046 6
      vertex 9.011145618000167 3.0433808521444914 6
      vertex 7.0266461136734275 5.15 6
    endloop
  endfacet
  facet normal 0 0 1
    outer loop
      vertex 11.6 2.7712812921102037 6
      vertex 11.742844912048087 2.6837458174253572 6
      vertex 12.973353886326572 5.15 6
    endloop
  endfacet
  facet normal 0 0 1
    outer loop
      vertex 11.6 2.7712812921102037 6
      vertex 12.973353886326572 5.15 6
      vertex 11.45276959916655 2.8512208774027776 6
    endloop
  endfacet
  facet normal 0 0 1
    outer loop
      vertex 11.30155725784256 2.923345464456323 6
      vertex 11.45276959916655 2.8512208774027776 6
      vertex 12.973353886326572 5.15 6
    endloop
  endfacet
  facet normal 0 0 1
    outer loop
      vertex 11.14677743854496 2.987457364791046 6
      vertex 11.30155725784256 2.923345464456323 6
      vertex 12.973353886326572 5.15 6
    endloop
  endfacet
  facet normal 0 0 1
    outer loop
      vertex 10.988854381999833 3.0433808521444914 6
      vertex 11.14677743854496 2.987457364791046 6
      vertex 12.973353886326572 5.15 6
    endloop
  endfacet
  facet normal 0 0 1
    outer loop
      vertex 12.923345464456323 1.3015572578425607 6
      vertex 12.973353886326572 5.15 6
      vertex 12.851220877402778 1.4527695991665497 6
    endloop
  endfacet
  facet normal 0 0 1
    outer loop
      vertex 12.851220877402778 1.4527695991665497 6
      vertex 12.973353886326572 5.15 6
      vertex 12.771281292110203 1.6 6
    endloop
  endfacet
  facet normal 0 0 1
    outer loop
      vertex 12.771281292110203 1.6 6
      vertex 12.973353886326572 5.15 6
      vertex 12.683745817425358 1.7428449120480867 6
    endloop
  endfacet
  facet normal 0 0 1
    outer loop
      vertex 12.683745817425358 1.7428449120480867 6
      vertex 12.973353886326572 5.15 6
      vertex 12.588854381999832 1.880912807335914 6
    endloop
  endfacet
  facet normal 0 0 1
    outer loop
      vertex 12.588854381999832 1.880912807335914 6
      vertex 12.973353886326572 5.15 6
      vertex 12.486867076662307 2.0138252513594797 6
    endloop
  endfacet
  facet normal 0 0 1
    outer loop
      vertex 12.486867076662307 2.0138252513594797 6
      vertex 12.973353886326572 5.15 6
      vertex 12.378063441527662 2.1412179403483464 6
    endloop
  endfacet
  facet normal 0 0 1
    outer loop
      vertex 12.378063441527662 2.1412179403483464 6
      vertex 12.973353886326572 5.15 6
      vertex 12.262741699796953 2.2627416997969525 6
    endloop
  endfacet
  facet normal 0 0 1
    outer loop
      vertex 12.141217940348346 2.3780634415276616 6
      vertex 12.262741699796953 2.2627416997969525 6
      vertex 12.973353886326572 5.15 6
    endloop
  endfacet
  facet normal 0 0 1
    outer loop
      vertex 12.141217940348346 2.3780634415276616 6
      vertex 12.973353886326572 5.15 6
      vertex 12.01382525135948 2.486867076662307 6
    endloop
  endfacet
  facet normal 0 0 1
    outer loop
      vertex 12.01382525135948 2.486867076662307 6
      vertex 12.973353886326572 5.15 6
      vertex 11.880912807335914 2.588854381999832 6
    endloop
  endfacet
  facet normal 0 0 1
    outer loop
      vertex 11.880912807335914 2.588854381999832 6
      vertex 12.973353886326572 5.15 6
      vertex 11.742844912048087 2.6837458174253572 6
    endloop
  endfacet
  facet normal 0 0 1
    outer loop
      vertex 9.011145618000167 3.0433808521444914 6
      vertex 9.171779055671934 3.090962644125019 6
      vertex 7.0266461136734275 5.15 6
    endloop
  endfacet
  facet normal 0 0 1
    outer loop
      vertex 9.171779055671934 3.090962644125019 6
      vertex 9.33468258938317 3.1300723223481786 6
      vertex 7.0266461136734275 5.15 6
    endloop
  endfacet
  facet normal 0 0 1
    outer loop
      vertex 9.33468258938317 3.1300723223481786 6
      vertex 9.49940971187126 3.160602689904441 6
      vertex 7.0266461136734275 5.15 6
    endloop
  endfacet
  facet normal 0 0 1
    outer loop
      vertex 9.49940971187126 3.160602689904441 6
      vertex 9.665508917543509 3.1824700651784745 6
      vertex 12.973353886326572 5.15 6
    endloop
  endfacet
  facet normal 0 0 1
    outer loop
      vertex 9.665508917543509 3.1824700651784745 6
      vertex 9.83252494002258 3.1956145112146364 6
      vertex 12.973353886326572 5.15 6
    endloop
  endfacet
  facet normal 0 0 1
    outer loop
      vertex 9.83252494002258 3.1956145112146364 6
      vertex 10 3.2 6
      vertex 12.973353886326572 5.15 6
    endloop
  endfacet
  facet normal 0 0 1
    outer loop
      vertex 10.16747505997742 3.1956145112146364 6
      vertex 10.334491082456491 3.1824700651784745 6
      vertex 12.973353886326572 5.15 6
    endloop
  endfacet
  facet normal 0 0 1
    outer loop
      vertex 10 3.2 6
      vertex 10.16747505997742 3.1956145112146364 6
      vertex 12.973353886326572 5.15 6
    endloop
  endfacet
  facet normal 0 0 1
    outer loop
      vertex 10.50059028812874 3.160602689904441 6
      vertex 10.66531741061683 3.1300723223481786 6
      vertex 12.973353886326572 5.15 6
    endloop
  endfacet
  facet normal 0 0 1
    outer loop
      vertex 10.828220944328066 3.090962644125019 6
      vertex 10.988854381999833 3.0433808521444914 6
      vertex 12.973353886326572 5.15 6
    endloop
  endfacet
  facet normal 0 0 1
    outer loop
      vertex 10.828220944328066 3.090962644125019 6
      vertex 12.973353886326572 5.15 6
      vertex 10.66531741061683 3.1300723223481786 6
    endloop
  endfacet
  facet normal 0 0 1
    outer loop
      vertex 10.334491082456491 3.1824700651784745 6
      vertex 10.50059028812874 3.160602689904441 6
      vertex 12.973353886326572 5.15 6
    endloop
  endfacet
  facet normal 0 0 1
    outer loop
      vertex 9.49940971187126 3.160602689904441 6
      vertex 12.973353886326572 5.15 6
      vertex 7.0266461136734275 5.15 6
    endloop
  endfacet
  facet normal 0.8660254037844386 -0.5000000000000001 0
    outer loop
      vertex 4.053292227346854 0 6
      vertex 7.0266461136734275 5.15 6
      vertex 7.0266461136734275 5.15 10
    endloop
  endfacet
  facet normal 0.8660254037844386 -0.5000000000000001 0
    outer loop
      vertex 4.053292227346854 0 6
      vertex 7.0266461136734275 5.15 10
      vertex 4.053292227346854 0 10
    endloop
  endfacet
  facet normal -0.8660254037844386 -0.49999999999999994 0
    outer loop
      vertex 12.973353886326572 5.15 6
      vertex 15.946707772653145 0 10
      vertex 12.973353886326572 5.15 10
    endloop
  endfacet
  facet normal 0 -1 0
    outer loop
      vertex 7.0266461136734275 5.15 6
      vertex 12.973353886326572 5.15 6
      vertex 12.973353886326572 5.15 10
    endloop
  endfacet
  facet normal 0 -1 0
    outer loop
      vertex 7.0266461136734275 5.15 6
      vertex 12.973353886326572 5.15 10
      vertex 7.0266461136734275 5.15 10
    endloop
  endfacet
endsolid OpenSCAD_Model
