solid OpenSCAD_Model
  facet normal -0.7901550123756901 -0.6129070536529769 0
    outer loop
      vertex -3.6599379031849995 -3.0277639513062757 0
      vertex -3.8428307232810006 -2.7919799483892476 4
      vertex -3.8428307232810006 -2.7919799483892476 0
    endloop
  endfacet
  facet normal -0.7501110696304586 -0.661311865323653 0
    outer loop
      vertex -3.6599379031849995 -3.0277639513062757 0
      vertex -3.4626009802517053 -3.2515987531612702 0
      vertex -3.6599379031849995 -3.0277639513062757 4
    endloop
  endfacet
  facet normal -0.8270805742745629 -0.5620833778521293 0
    outer loop
      vertex -3.8428307232810006 -2.7919799483892476 0
      vertex -4.010557646134571 -2.5451772761502345 4
      vertex -4.010557646134571 -2.5451772761502345 0
    endloop
  endfacet
  facet normal -0.8607420270039441 -0.5090414157503704 0
    outer loop
      vertex -4.162456730208351 -2.288329951983148 0
      vertex -4.010557646134571 -2.5451772761502345 0
      vertex -4.162456730208351 -2.288329951983148 4
    endloop
  endfacet
  facet normal -0.8910065241883676 -0.4539904997395471 0
    outer loop
      vertex -4.162456730208351 -2.288329951983148 0
      vertex -4.297928499213593 -2.022451634934094 4
      vertex -4.297928499213593 -2.022451634934094 0
    endloop
  endfacet
  facet normal -0.9177546256839806 -0.3971478906347818 0
    outer loop
      vertex -4.297928499213593 -2.022451634934094 0
      vertex -4.4164383079691945 -1.7485916252522198 4
      vertex -4.4164383079691945 -1.7485916252522198 0
    endloop
  endfacet
  facet normal -0.7501110696304586 -0.661311865323653 0
    outer loop
      vertex -3.6599379031849995 -3.0277639513062757 4
      vertex -3.4626009802517053 -3.2515987531612702 0
      vertex -3.4626009802517053 -3.2515987531612702 4
    endloop
  endfacet
  facet normal -0.7901550123756901 -0.6129070536529769 0
    outer loop
      vertex -3.6599379031849995 -3.0277639513062757 0
      vertex -3.6599379031849995 -3.0277639513062757 4
      vertex -3.8428307232810006 -2.7919799483892476 4
    endloop
  endfacet
  facet normal -0.8607420270039441 -0.5090414157503704 0
    outer loop
      vertex -4.010557646134571 -2.5451772761502345 0
      vertex -4.010557646134571 -2.5451772761502345 4
      vertex -4.162456730208351 -2.288329951983148 4
    endloop
  endfacet
  facet normal -0.8910065241883676 -0.4539904997395471 0
    outer loop
      vertex -4.162456730208351 -2.288329951983148 0
      vertex -4.162456730208351 -2.288329951983148 4
      vertex -4.297928499213593 -2.022451634934094 4
    endloop
  endfacet
  facet normal -0.9177546256839806 -0.3971478906347818 0
    outer loop
      vertex -4.297928499213593 -2.022451634934094 0
      vertex -4.297928499213593 -2.022451634934094 4
      vertex -4.4164383079691945 -1.7485916252522198 4
    endloop
  endfacet
  facet normal -0.8270805742745629 -0.5620833778521293 0
    outer loop
      vertex -3.8428307232810006 -2.7919799483892476 0
      vertex -3.8428307232810006 -2.7919799483892476 4
      vertex -4.010557646134571 -2.5451772761502345 4
    endloop
  endfacet
  facet normal -0.9408807689542262 -0.3387379202452893 0
    outer loop
      vertex -4.4164383079691945 -1.7485916252522198 0
      vertex -4.517518452401979 -1.4678307232810002 4
      vertex -4.517518452401979 -1.4678307232810002 0
    endloop
  endfacet
  facet normal -0.9759167619387473 -0.21814324139654317 0
    outer loop
      vertex -4.600770015360998 -1.1812769640330605 0
      vertex -4.665864440961271 -0.8900612442821929 4
      vertex -4.665864440961271 -0.8900612442821929 0
    endloop
  endfacet
  facet normal -0.9602936856769427 -0.27899110603923066 0
    outer loop
      vertex -4.600770015360998 -1.1812769640330605 0
      vertex -4.517518452401979 -1.4678307232810002 0
      vertex -4.600770015360998 -1.1812769640330605 4
    endloop
  endfacet
  facet normal 0 0 -1
    outer loop
      vertex -4.4164383079691945 -1.7485916252522198 0
      vertex -4.517518452401979 -1.4678307232810002 0
      vertex -4.4164383079691945 1.7485916252522198 0
    endloop
  endfacet
  facet normal 0 0 -1
    outer loop
      vertex -4.600770015360998 -1.1812769640330605 0
      vertex -4.665864440961271 -0.8900612442821929 0
      vertex -4.600770015360998 1.1812769640330605 0
    endloop
  endfacet
  facet normal 0 0 -1
    outer loop
      vertex -4.71254483124377 -0.5953328594304443 0
      vertex -4.74062696003429 -0.29825496776423804 0
      vertex -4.71254483124377 0.5953328594304443 0
    endloop
  endfacet
  facet normal 0 0 -1
    outer loop
      vertex -4.665864440961271 -0.8900612442821929 0
      vertex -4.71254483124377 -0.5953328594304443 0
      vertex -4.665864440961271 0.8900612442821929 0
    endloop
  endfacet
  facet normal 0 0 -1
    outer loop
      vertex -4.600770015360998 -1.1812769640330605 0
      vertex -4.517518452401979 1.4678307232810002 0
      vertex -4.517518452401979 -1.4678307232810002 0
    endloop
  endfacet
  facet normal -0.9876883405951375 -0.15643446504023187 0
    outer loop
      vertex -4.665864440961271 -0.8900612442821929 0
      vertex -4.71254483124377 -0.5953328594304443 4
      vertex -4.71254483124377 -0.5953328594304443 0
    endloop
  endfacet
  facet normal -0.9955619646030801 -0.09410831331851358 0
    outer loop
      vertex -4.71254483124377 -0.5953328594304443 0
      vertex -4.74062696003429 -0.29825496776423804 4
      vertex -4.74062696003429 -0.29825496776423804 0
    endloop
  endfacet
  facet normal -0.9995065603657316 -0.03141075907812784 0
    outer loop
      vertex -4.74062696003429 -0.29825496776423804 0
      vertex -4.75 0 4
      vertex -4.75 0 0
    endloop
  endfacet
  facet normal 0 0 -1
    outer loop
      vertex -3.6599379031849995 -3.0277639513062757 0
      vertex -3.8428307232810006 -2.7919799483892476 0
      vertex -3.6599379031849995 3.0277639513062757 0
    endloop
  endfacet
  facet normal 0 0 -1
    outer loop
      vertex -3.6599379031849995 -3.0277639513062757 0
      vertex -3.4626009802517053 3.2515987531612702 0
      vertex -3.4626009802517053 -3.2515987531612702 0
    endloop
  endfacet
  facet normal 0 0 -1
    outer loop
      vertex -4.297928499213593 -2.022451634934094 0
      vertex -4.4164383079691945 -1.7485916252522198 0
      vertex -4.297928499213593 2.022451634934094 0
    endloop
  endfacet
  facet normal 0 0 -1
    outer loop
      vertex -4.162456730208351 -2.288329951983148 0
      vertex -4.297928499213593 -2.022451634934094 0
      vertex -4.162456730208351 2.288329951983148 0
    endloop
  endfacet
  facet normal 0 0 -1
    outer loop
      vertex -4.162456730208351 -2.288329951983148 0
      vertex -4.010557646134571 2.5451772761502345 0
      vertex -4.010557646134571 -2.5451772761502345 0
    endloop
  endfacet
  facet normal 0 0 -1
    outer loop
      vertex -3.8428307232810006 -2.7919799483892476 0
      vertex -4.010557646134571 -2.5451772761502345 0
      vertex -3.8428307232810006 2.7919799483892476 0
    endloop
  endfacet
  facet normal -0.9408807689542262 -0.3387379202452893 0
    outer loop
      vertex -4.4164383079691945 -1.7485916252522198 0
      vertex -4.4164383079691945 -1.7485916252522198 4
      vertex -4.517518452401979 -1.4678307232810002 4
    endloop
  endfacet
  facet normal -0.9602936856769427 -0.27899110603923066 0
    outer loop
      vertex -4.517518452401979 -1.4678307232810002 0
      vertex -4.517518452401979 -1.4678307232810002 4
      vertex -4.600770015360998 -1.1812769640330605 4
    endloop
  endfacet
  facet normal -0.9759167619387473 -0.21814324139654317 0
    outer loop
      vertex -4.600770015360998 -1.1812769640330605 0
      vertex -4.600770015360998 -1.1812769640330605 4
      vertex -4.665864440961271 -0.8900612442821929 4
    endloop
  endfacet
  facet normal -0.9876883405951375 -0.15643446504023187 0
    outer loop
      vertex -4.665864440961271 -0.8900612442821929 0
      vertex -4.665864440961271 -0.8900612442821929 4
      vertex -4.71254483124377 -0.5953328594304443 4
    endloop
  endfacet
  facet normal -0.9955619646030801 -0.09410831331851358 0
    outer loop
      vertex -4.71254483124377 -0.5953328594304443 0
      vertex -4.71254483124377 -0.5953328594304443 4
      vertex -4.74062696003429 -0.29825496776423804 4
    endloop
  endfacet
  facet normal -0.9995065603657316 -0.03141075907812784 0
    outer loop
      vertex -4.74062696003429 -0.29825496776423804 0
      vertex -4.74062696003429 -0.29825496776423804 4
      vertex -4.75 0 4
    endloop
  endfacet
  facet normal -0.6129070536529769 -0.7901550123756901 0
    outer loop
      vertex -3.0277639513062757 -3.6599379031849995 0
      vertex -2.7919799483892476 -3.8428307232810006 0
      vertex -2.7919799483892476 -3.8428307232810006 4
    endloop
  endfacet
  facet normal -0.5090414157503704 -0.8607420270039441 0
    outer loop
      vertex -2.288329951983148 -4.162456730208351 0
      vertex -2.288329951983148 -4.162456730208351 4
      vertex -2.5451772761502345 -4.010557646134571 0
    endloop
  endfacet
  facet normal -0.5620833778521293 -0.8270805742745629 0
    outer loop
      vertex -2.7919799483892476 -3.8428307232810006 0
      vertex -2.5451772761502345 -4.010557646134571 0
      vertex -2.5451772761502345 -4.010557646134571 4
    endloop
  endfacet
  facet normal -0.4539904997395471 -0.8910065241883676 0
    outer loop
      vertex -2.288329951983148 -4.162456730208351 0
      vertex -2.022451634934094 -4.297928499213593 0
      vertex -2.022451634934094 -4.297928499213593 4
    endloop
  endfacet
  facet normal -0.3971478906347818 -0.9177546256839806 0
    outer loop
      vertex -2.022451634934094 -4.297928499213593 0
      vertex -1.7485916252522198 -4.4164383079691945 0
      vertex -1.7485916252522198 -4.4164383079691945 4
    endloop
  endfacet
  facet normal -0.6129070536529769 -0.7901550123756901 0
    outer loop
      vertex -3.0277639513062757 -3.6599379031849995 0
      vertex -2.7919799483892476 -3.8428307232810006 4
      vertex -3.0277639513062757 -3.6599379031849995 4
    endloop
  endfacet
  facet normal -0.5620833778521293 -0.8270805742745629 0
    outer loop
      vertex -2.7919799483892476 -3.8428307232810006 0
      vertex -2.5451772761502345 -4.010557646134571 4
      vertex -2.7919799483892476 -3.8428307232810006 4
    endloop
  endfacet
  facet normal -0.4539904997395471 -0.8910065241883676 0
    outer loop
      vertex -2.288329951983148 -4.162456730208351 0
      vertex -2.022451634934094 -4.297928499213593 4
      vertex -2.288329951983148 -4.162456730208351 4
    endloop
  endfacet
  facet normal -0.5090414157503704 -0.8607420270039441 0
    outer loop
      vertex -2.5451772761502345 -4.010557646134571 0
      vertex -2.288329951983148 -4.162456730208351 4
      vertex -2.5451772761502345 -4.010557646134571 4
    endloop
  endfacet
  facet normal -0.3971478906347818 -0.9177546256839806 0
    outer loop
      vertex -2.022451634934094 -4.297928499213593 0
      vertex -1.7485916252522198 -4.4164383079691945 4
      vertex -2.022451634934094 -4.297928499213593 4
    endloop
  endfacet
  facet normal -0.27899110603923066 -0.9602936856769427 0
    outer loop
      vertex -1.1812769640330605 -4.600770015360998 0
      vertex -1.1812769640330605 -4.600770015360998 4
      vertex -1.4678307232810002 -4.517518452401979 0
    endloop
  endfacet
  facet normal -0.21814324139654317 -0.9759167619387473 0
    outer loop
      vertex -1.1812769640330605 -4.600770015360998 0
      vertex -0.8900612442821929 -4.665864440961271 0
      vertex -0.8900612442821929 -4.665864440961271 4
    endloop
  endfacet
  facet normal 0 0 -1
    outer loop
      vertex -1.1812769640330605 -4.600770015360998 0
      vertex -1.4678307232810002 -4.517518452401979 0
      vertex -1.013502984175895 -1.8961307183489633 0
    endloop
  endfacet
  facet normal 0 0 -1
    outer loop
      vertex -1.1812769640330605 -4.600770015360998 0
      vertex -0.822769379584943 -1.9863409948992663 0
      vertex -0.8900612442821929 -4.665864440961271 0
    endloop
  endfacet
  facet normal -0.3387379202452893 -0.9408807689542262 0
    outer loop
      vertex -1.7485916252522198 -4.4164383079691945 0
      vertex -1.4678307232810002 -4.517518452401979 0
      vertex -1.4678307232810002 -4.517518452401979 4
    endloop
  endfacet
  facet normal -0.15643446504023187 -0.9876883405951375 0
    outer loop
      vertex -0.8900612442821929 -4.665864440961271 0
      vertex -0.5953328594304443 -4.71254483124377 0
      vertex -0.5953328594304443 -4.71254483124377 4
    endloop
  endfacet
  facet normal -0.09410831331851431 -0.99556196460308 0
    outer loop
      vertex -0.5953328594304443 -4.71254483124377 0
      vertex -0.2982549677642404 -4.74062696003429 0
      vertex -0.2982549677642404 -4.74062696003429 4
    endloop
  endfacet
  facet normal -0.03141075907812759 -0.9995065603657316 0
    outer loop
      vertex -0.2982549677642404 -4.74062696003429 0
      vertex 0 -4.75 0
      vertex 0 -4.75 4
    endloop
  endfacet
  facet normal 0 0 -1
    outer loop
      vertex -0.8900612442821929 -4.665864440961271 0
      vertex -0.4194441923346757 -2.1086883528669453 0
      vertex -0.5953328594304443 -4.71254483124377 0
    endloop
  endfacet
  facet normal 0 0 -1
    outer loop
      vertex -0.5953328594304443 -4.71254483124377 0
      vertex -0.2107368517085553 -2.139647162345223 0
      vertex -0.2982549677642404 -4.74062696003429 0
    endloop
  endfacet
  facet normal 0 0 -1
    outer loop
      vertex -0.2982549677642404 -4.74062696003429 0
      vertex 0 -2.15 0
      vertex 0 -4.75 0
    endloop
  endfacet
  facet normal -0.27899110603923066 -0.9602936856769427 0
    outer loop
      vertex -1.4678307232810002 -4.517518452401979 0
      vertex -1.1812769640330605 -4.600770015360998 4
      vertex -1.4678307232810002 -4.517518452401979 4
    endloop
  endfacet
  facet normal -0.21814324139654317 -0.9759167619387473 0
    outer loop
      vertex -1.1812769640330605 -4.600770015360998 0
      vertex -0.8900612442821929 -4.665864440961271 4
      vertex -1.1812769640330605 -4.600770015360998 4
    endloop
  endfacet
  facet normal -0.3387379202452893 -0.9408807689542262 0
    outer loop
      vertex -1.7485916252522198 -4.4164383079691945 0
      vertex -1.4678307232810002 -4.517518452401979 4
      vertex -1.7485916252522198 -4.4164383079691945 4
    endloop
  endfacet
  facet normal -0.15643446504023187 -0.9876883405951375 0
    outer loop
      vertex -0.8900612442821929 -4.665864440961271 0
      vertex -0.5953328594304443 -4.71254483124377 4
      vertex -0.8900612442821929 -4.665864440961271 4
    endloop
  endfacet
  facet normal -0.09410831331851431 -0.99556196460308 0
    outer loop
      vertex -0.5953328594304443 -4.71254483124377 0
      vertex -0.2982549677642404 -4.74062696003429 4
      vertex -0.5953328594304443 -4.71254483124377 4
    endloop
  endfacet
  facet normal -0.03141075907812759 -0.9995065603657316 0
    outer loop
      vertex -0.2982549677642404 -4.74062696003429 0
      vertex 0 -4.75 4
      vertex -0.2982549677642404 -4.74062696003429 4
    endloop
  endfacet
  facet normal -0.7071067811865475 -0.7071067811865475 0
    outer loop
      vertex -3.4626009802517053 -3.2515987531612702 0
      vertex -3.2515987531612702 -3.4626009802517053 0
      vertex -3.4626009802517053 -3.2515987531612702 4
    endloop
  endfacet
  facet normal -0.661311865323653 -0.7501110696304586 0
    outer loop
      vertex -3.0277639513062757 -3.6599379031849995 0
      vertex -3.0277639513062757 -3.6599379031849995 4
      vertex -3.2515987531612702 -3.4626009802517053 0
    endloop
  endfacet
  facet normal 0 0 -1
    outer loop
      vertex -2.022451634934094 -4.297928499213593 0
      vertex -1.6619724747298845 -1.3639455609518378 0
      vertex -1.7485916252522198 -4.4164383079691945 0
    endloop
  endfacet
  facet normal 0 0 -1
    outer loop
      vertex -2.288329951983148 -4.162456730208351 0
      vertex -1.9863409948992663 -0.822769379584943 0
      vertex -2.022451634934094 -4.297928499213593 0
    endloop
  endfacet
  facet normal 0 0 -1
    outer loop
      vertex -2.022451634934094 -4.297928499213593 0
      vertex -1.7876596664504723 -1.1944760009921447 0
      vertex -1.6619724747298845 -1.3639455609518378 0
    endloop
  endfacet
  facet normal 0 0 -1
    outer loop
      vertex -2.288329951983148 -4.162456730208351 0
      vertex -2.057421721824249 -0.624112056097094 0
      vertex -1.9863409948992663 -0.822769379584943 0
    endloop
  endfacet
  facet normal 0 0 -1
    outer loop
      vertex -2.022451634934094 -4.297928499213593 0
      vertex -1.8961307183489633 -1.013502984175895 0
      vertex -1.7876596664504723 -1.1944760009921447 0
    endloop
  endfacet
  facet normal 0 0 -1
    outer loop
      vertex -2.022451634934094 -4.297928499213593 0
      vertex -1.9863409948992663 -0.822769379584943 0
      vertex -1.8961307183489633 -1.013502984175895 0
    endloop
  endfacet
  facet normal -0.7071067811865475 -0.7071067811865475 0
    outer loop
      vertex -3.2515987531612702 -3.4626009802517053 0
      vertex -3.2515987531612702 -3.4626009802517053 4
      vertex -3.4626009802517053 -3.2515987531612702 4
    endloop
  endfacet
  facet normal -0.661311865323653 -0.7501110696304586 0
    outer loop
      vertex -3.0277639513062757 -3.6599379031849995 4
      vertex -3.2515987531612702 -3.4626009802517053 4
      vertex -3.2515987531612702 -3.4626009802517053 0
    endloop
  endfacet
  facet normal 0 0 -1
    outer loop
      vertex -3.4626009802517053 -3.2515987531612702 0
      vertex -3.2515987531612702 3.4626009802517053 0
      vertex -3.2515987531612702 -3.4626009802517053 0
    endloop
  endfacet
  facet normal 0 0 -1
    outer loop
      vertex -3.0277639513062757 -3.6599379031849995 0
      vertex -3.2515987531612702 -3.4626009802517053 0
      vertex -3.0277639513062757 3.6599379031849995 0
    endloop
  endfacet
  facet normal 0 0 -1
    outer loop
      vertex -3.0277639513062757 -3.6599379031849995 0
      vertex -2.7919799483892476 3.8428307232810006 0
      vertex -2.7919799483892476 -3.8428307232810006 0
    endloop
  endfacet
  facet normal 0 0 -1
    outer loop
      vertex -2.7919799483892476 -3.8428307232810006 0
      vertex -2.5451772761502345 4.010557646134571 0
      vertex -2.5451772761502345 -4.010557646134571 0
    endloop
  endfacet
  facet normal 0 0 -1
    outer loop
      vertex -2.288329951983148 -4.162456730208351 0
      vertex -2.5451772761502345 -4.010557646134571 0
      vertex -2.2883299519831475 4.162456730208352 0
    endloop
  endfacet
  facet normal 0 0 -1
    outer loop
      vertex -2.288329951983148 -4.162456730208351 0
      vertex -2.1086883528669453 -0.4194441923346757 0
      vertex -2.057421721824249 -0.624112056097094 0
    endloop
  endfacet
  facet normal 0 0 -1
    outer loop
      vertex -2.288329951983148 -4.162456730208351 0
      vertex -2.139647162345223 -0.2107368517085553 0
      vertex -2.1086883528669453 -0.4194441923346757 0
    endloop
  endfacet
  facet normal 0 0 -1
    outer loop
      vertex -2.288329951983148 -4.162456730208351 0
      vertex -2.15 0 0
      vertex -2.139647162345223 -0.2107368517085553 0
    endloop
  endfacet
  facet normal 0 0 -1
    outer loop
      vertex -1.7485916252522198 -4.4164383079691945 0
      vertex -1.3639455609518378 -1.6619724747298845 0
      vertex -1.4678307232810002 -4.517518452401979 0
    endloop
  endfacet
  facet normal 0 0 -1
    outer loop
      vertex -1.4678307232810002 -4.517518452401979 0
      vertex -1.1944760009921447 -1.7876596664504723 0
      vertex -1.013502984175895 -1.8961307183489633 0
    endloop
  endfacet
  facet normal 0 0 -1
    outer loop
      vertex -1.1812769640330605 -4.600770015360998 0
      vertex -1.013502984175895 -1.8961307183489633 0
      vertex -0.822769379584943 -1.9863409948992663 0
    endloop
  endfacet
  facet normal 0 0 -1
    outer loop
      vertex -1.7485916252522198 -4.4164383079691945 0
      vertex -1.5202795795510773 -1.5202795795510773 0
      vertex -1.3639455609518378 -1.6619724747298845 0
    endloop
  endfacet
  facet normal 0 0 -1
    outer loop
      vertex -1.7485916252522198 -4.4164383079691945 0
      vertex -1.6619724747298845 -1.3639455609518378 0
      vertex -1.5202795795510773 -1.5202795795510773 0
    endloop
  endfacet
  facet normal 0 0 -1
    outer loop
      vertex -1.4678307232810002 -4.517518452401979 0
      vertex -1.3639455609518378 -1.6619724747298845 0
      vertex -1.1944760009921447 -1.7876596664504723 0
    endloop
  endfacet
  facet normal 0 0 -1
    outer loop
      vertex -0.8900612442821929 -4.665864440961271 0
      vertex -0.822769379584943 -1.9863409948992663 0
      vertex -0.624112056097094 -2.057421721824249 0
    endloop
  endfacet
  facet normal 0 0 -1
    outer loop
      vertex -0.8900612442821929 -4.665864440961271 0
      vertex -0.624112056097094 -2.057421721824249 0
      vertex -0.4194441923346757 -2.1086883528669453 0
    endloop
  endfacet
  facet normal 0 0 -1
    outer loop
      vertex -0.5953328594304443 -4.71254483124377 0
      vertex -0.4194441923346757 -2.1086883528669453 0
      vertex -0.2107368517085553 -2.139647162345223 0
    endloop
  endfacet
  facet normal 0 0 -1
    outer loop
      vertex -0.2982549677642404 -4.74062696003429 0
      vertex -0.2107368517085553 -2.139647162345223 0
      vertex 0 -2.15 0
    endloop
  endfacet
  facet normal 0 0 -1
    outer loop
      vertex -4.74062696003429 -0.29825496776423804 0
      vertex -4.75 0 0
      vertex -4.74062696003429 0.29825496776423804 0
    endloop
  endfacet
  facet normal 0 0 -1
    outer loop
      vertex -4.74062696003429 -0.29825496776423804 0
      vertex -4.74062696003429 0.29825496776423804 0
      vertex -4.71254483124377 0.5953328594304443 0
    endloop
  endfacet
  facet normal 0 0 -1
    outer loop
      vertex -4.71254483124377 -0.5953328594304443 0
      vertex -4.71254483124377 0.5953328594304443 0
      vertex -4.665864440961271 0.8900612442821929 0
    endloop
  endfacet
  facet normal 0 0 -1
    outer loop
      vertex -4.665864440961271 -0.8900612442821929 0
      vertex -4.665864440961271 0.8900612442821929 0
      vertex -4.600770015360998 1.1812769640330605 0
    endloop
  endfacet
  facet normal 0 0 -1
    outer loop
      vertex -4.600770015360998 -1.1812769640330605 0
      vertex -4.600770015360998 1.1812769640330605 0
      vertex -4.517518452401979 1.4678307232810002 0
    endloop
  endfacet
  facet normal 0 0 -1
    outer loop
      vertex -4.517518452401979 -1.4678307232810002 0
      vertex -4.517518452401979 1.4678307232810002 0
      vertex -4.4164383079691945 1.7485916252522198 0
    endloop
  endfacet
  facet normal -0.9995065603657316 0.03141075907812784 0
    outer loop
      vertex -4.75 0 0
      vertex -4.74062696003429 0.29825496776423804 4
      vertex -4.74062696003429 0.29825496776423804 0
    endloop
  endfacet
  facet normal -0.9955619646030801 0.09410831331851358 0
    outer loop
      vertex -4.74062696003429 0.29825496776423804 0
      vertex -4.71254483124377 0.5953328594304443 4
      vertex -4.71254483124377 0.5953328594304443 0
    endloop
  endfacet
  facet normal -0.9876883405951375 0.15643446504023187 0
    outer loop
      vertex -4.71254483124377 0.5953328594304443 0
      vertex -4.665864440961271 0.8900612442821929 4
      vertex -4.665864440961271 0.8900612442821929 0
    endloop
  endfacet
  facet normal -0.9759167619387473 0.21814324139654317 0
    outer loop
      vertex -4.665864440961271 0.8900612442821929 0
      vertex -4.600770015360998 1.1812769640330605 4
      vertex -4.600770015360998 1.1812769640330605 0
    endloop
  endfacet
  facet normal -0.9602936856769427 0.27899110603923066 0
    outer loop
      vertex -4.600770015360998 1.1812769640330605 0
      vertex -4.517518452401979 1.4678307232810002 4
      vertex -4.517518452401979 1.4678307232810002 0
    endloop
  endfacet
  facet normal -0.9408807689542262 0.3387379202452893 0
    outer loop
      vertex -4.517518452401979 1.4678307232810002 0
      vertex -4.4164383079691945 1.7485916252522198 4
      vertex -4.4164383079691945 1.7485916252522198 0
    endloop
  endfacet
  facet normal 0 0 -1
    outer loop
      vertex -4.4164383079691945 -1.7485916252522198 0
      vertex -4.4164383079691945 1.7485916252522198 0
      vertex -4.297928499213593 2.022451634934094 0
    endloop
  endfacet
  facet normal 0 0 -1
    outer loop
      vertex -4.297928499213593 -2.022451634934094 0
      vertex -4.297928499213593 2.022451634934094 0
      vertex -4.162456730208351 2.288329951983148 0
    endloop
  endfacet
  facet normal 0 0 -1
    outer loop
      vertex -4.162456730208351 -2.288329951983148 0
      vertex -4.162456730208351 2.288329951983148 0
      vertex -4.010557646134571 2.5451772761502345 0
    endloop
  endfacet
  facet normal 0 0 -1
    outer loop
      vertex -4.010557646134571 -2.5451772761502345 0
      vertex -4.010557646134571 2.5451772761502345 0
      vertex -3.8428307232810006 2.7919799483892476 0
    endloop
  endfacet
  facet normal 0 0 -1
    outer loop
      vertex -3.8428307232810006 -2.7919799483892476 0
      vertex -3.8428307232810006 2.7919799483892476 0
      vertex -3.6599379031849995 3.0277639513062757 0
    endloop
  endfacet
  facet normal 0 0 -1
    outer loop
      vertex -3.6599379031849995 -3.0277639513062757 0
      vertex -3.6599379031849995 3.0277639513062757 0
      vertex -3.4626009802517053 3.2515987531612702 0
    endloop
  endfacet
  facet normal -0.9995065603657316 0.03141075907812784 0
    outer loop
      vertex -4.75 0 0
      vertex -4.75 0 4
      vertex -4.74062696003429 0.29825496776423804 4
    endloop
  endfacet
  facet normal -0.9955619646030801 0.09410831331851358 0
    outer loop
      vertex -4.74062696003429 0.29825496776423804 0
      vertex -4.74062696003429 0.29825496776423804 4
      vertex -4.71254483124377 0.5953328594304443 4
    endloop
  endfacet
  facet normal -0.9876883405951375 0.15643446504023187 0
    outer loop
      vertex -4.71254483124377 0.5953328594304443 0
      vertex -4.71254483124377 0.5953328594304443 4
      vertex -4.665864440961271 0.8900612442821929 4
    endloop
  endfacet
  facet normal -0.9759167619387473 0.21814324139654317 0
    outer loop
      vertex -4.665864440961271 0.8900612442821929 0
      vertex -4.665864440961271 0.8900612442821929 4
      vertex -4.600770015360998 1.1812769640330605 4
    endloop
  endfacet
  facet normal -0.9602936856769427 0.27899110603923066 0
    outer loop
      vertex -4.600770015360998 1.1812769640330605 0
      vertex -4.600770015360998 1.1812769640330605 4
      vertex -4.517518452401979 1.4678307232810002 4
    endloop
  endfacet
  facet normal -0.9408807689542262 0.3387379202452893 0
    outer loop
      vertex -4.517518452401979 1.4678307232810002 0
      vertex -4.517518452401979 1.4678307232810002 4
      vertex -4.4164383079691945 1.7485916252522198 4
    endloop
  endfacet
  facet normal -0.9177546256839806 0.3971478906347818 0
    outer loop
      vertex -4.4164383079691945 1.7485916252522198 0
      vertex -4.297928499213593 2.022451634934094 4
      vertex -4.297928499213593 2.022451634934094 0
    endloop
  endfacet
  facet normal -0.8910065241883676 0.4539904997395471 0
    outer loop
      vertex -4.297928499213593 2.022451634934094 0
      vertex -4.162456730208351 2.288329951983148 4
      vertex -4.162456730208351 2.288329951983148 0
    endloop
  endfacet
  facet normal -0.8607420270039441 0.5090414157503704 0
    outer loop
      vertex -4.162456730208351 2.288329951983148 0
      vertex -4.010557646134571 2.5451772761502345 4
      vertex -4.010557646134571 2.5451772761502345 0
    endloop
  endfacet
  facet normal -0.8270805742745629 0.5620833778521293 0
    outer loop
      vertex -4.010557646134571 2.5451772761502345 0
      vertex -3.8428307232810006 2.7919799483892476 4
      vertex -3.8428307232810006 2.7919799483892476 0
    endloop
  endfacet
  facet normal -0.7901550123756901 0.6129070536529769 0
    outer loop
      vertex -3.8428307232810006 2.7919799483892476 0
      vertex -3.6599379031849995 3.0277639513062757 4
      vertex -3.6599379031849995 3.0277639513062757 0
    endloop
  endfacet
  facet normal -0.7501110696304586 0.661311865323653 0
    outer loop
      vertex -3.6599379031849995 3.0277639513062757 0
      vertex -3.4626009802517053 3.2515987531612702 4
      vertex -3.4626009802517053 3.2515987531612702 0
    endloop
  endfacet
  facet normal -0.9177546256839806 0.3971478906347818 0
    outer loop
      vertex -4.4164383079691945 1.7485916252522198 0
      vertex -4.4164383079691945 1.7485916252522198 4
      vertex -4.297928499213593 2.022451634934094 4
    endloop
  endfacet
  facet normal -0.8910065241883676 0.4539904997395471 0
    outer loop
      vertex -4.297928499213593 2.022451634934094 0
      vertex -4.297928499213593 2.022451634934094 4
      vertex -4.162456730208351 2.288329951983148 4
    endloop
  endfacet
  facet normal -0.8607420270039441 0.5090414157503704 0
    outer loop
      vertex -4.162456730208351 2.288329951983148 0
      vertex -4.162456730208351 2.288329951983148 4
      vertex -4.010557646134571 2.5451772761502345 4
    endloop
  endfacet
  facet normal -0.8270805742745629 0.5620833778521293 0
    outer loop
      vertex -4.010557646134571 2.5451772761502345 0
      vertex -4.010557646134571 2.5451772761502345 4
      vertex -3.8428307232810006 2.7919799483892476 4
    endloop
  endfacet
  facet normal -0.7901550123756901 0.6129070536529769 0
    outer loop
      vertex -3.8428307232810006 2.7919799483892476 0
      vertex -3.8428307232810006 2.7919799483892476 4
      vertex -3.6599379031849995 3.0277639513062757 4
    endloop
  endfacet
  facet normal -0.7501110696304586 0.661311865323653 0
    outer loop
      vertex -3.6599379031849995 3.0277639513062757 0
      vertex -3.6599379031849995 3.0277639513062757 4
      vertex -3.4626009802517053 3.2515987531612702 4
    endloop
  endfacet
  facet normal 0 0 -1
    outer loop
      vertex -3.4626009802517053 -3.2515987531612702 0
      vertex -3.4626009802517053 3.2515987531612702 0
      vertex -3.2515987531612702 3.4626009802517053 0
    endloop
  endfacet
  facet normal 0 0 -1
    outer loop
      vertex -3.2515987531612702 -3.4626009802517053 0
      vertex -3.2515987531612702 3.4626009802517053 0
      vertex -3.0277639513062757 3.6599379031849995 0
    endloop
  endfacet
  facet normal 0 0 -1
    outer loop
      vertex -3.0277639513062757 -3.6599379031849995 0
      vertex -3.0277639513062757 3.6599379031849995 0
      vertex -2.7919799483892476 3.8428307232810006 0
    endloop
  endfacet
  facet normal 0 0 -1
    outer loop
      vertex -2.7919799483892476 -3.8428307232810006 0
      vertex -2.7919799483892476 3.8428307232810006 0
      vertex -2.5451772761502345 4.010557646134571 0
    endloop
  endfacet
  facet normal 0 0 -1
    outer loop
      vertex -2.288329951983148 -4.162456730208351 0
      vertex -2.0224516349340953 4.297928499213593 0
      vertex -2.15 0 0
    endloop
  endfacet
  facet normal 0 0 -1
    outer loop
      vertex -2.5451772761502345 -4.010557646134571 0
      vertex -2.5451772761502345 4.010557646134571 0
      vertex -2.2883299519831475 4.162456730208352 0
    endloop
  endfacet
  facet normal 0 0 -1
    outer loop
      vertex -2.288329951983148 -4.162456730208351 0
      vertex -2.2883299519831475 4.162456730208352 0
      vertex -2.0224516349340953 4.297928499213593 0
    endloop
  endfacet
  facet normal 0 0 -1
    outer loop
      vertex -2.0224516349340953 4.297928499213593 0
      vertex -2.139647162345223 0.2107368517085553 0
      vertex -2.15 0 0
    endloop
  endfacet
  facet normal 0 0 -1
    outer loop
      vertex -2.0224516349340953 4.297928499213593 0
      vertex -2.1086883528669453 0.4194441923346757 0
      vertex -2.139647162345223 0.2107368517085553 0
    endloop
  endfacet
  facet normal 0 0 -1
    outer loop
      vertex -2.0224516349340953 4.297928499213593 0
      vertex -2.057421721824249 0.624112056097094 0
      vertex -2.1086883528669453 0.4194441923346757 0
    endloop
  endfacet
  facet normal -0.7071067811865475 0.7071067811865475 0
    outer loop
      vertex -3.4626009802517053 3.2515987531612702 0
      vertex -3.2515987531612702 3.4626009802517053 4
      vertex -3.2515987531612702 3.4626009802517053 0
    endloop
  endfacet
  facet normal -0.661311865323653 0.7501110696304586 0
    outer loop
      vertex -3.2515987531612702 3.4626009802517053 0
      vertex -3.2515987531612702 3.4626009802517053 4
      vertex -3.0277639513062757 3.6599379031849995 0
    endloop
  endfacet
  facet normal 0 0 -1
    outer loop
      vertex -2.0224516349340953 4.297928499213593 0
      vertex -1.9863409948992663 0.822769379584943 0
      vertex -2.057421721824249 0.624112056097094 0
    endloop
  endfacet
  facet normal 0 0 -1
    outer loop
      vertex -2.0224516349340953 4.297928499213593 0
      vertex -1.8961307183489633 1.013502984175895 0
      vertex -1.9863409948992663 0.822769379584943 0
    endloop
  endfacet
  facet normal 0 0 -1
    outer loop
      vertex -1.7485916252522198 4.4164383079691945 0
      vertex -1.7876596664504723 1.1944760009921447 0
      vertex -1.8961307183489633 1.013502984175895 0
    endloop
  endfacet
  facet normal 0 0 -1
    outer loop
      vertex -2.0224516349340953 4.297928499213593 0
      vertex -1.7485916252522198 4.4164383079691945 0
      vertex -1.8961307183489633 1.013502984175895 0
    endloop
  endfacet
  facet normal -0.7071067811865475 0.7071067811865475 0
    outer loop
      vertex -3.4626009802517053 3.2515987531612702 0
      vertex -3.4626009802517053 3.2515987531612702 4
      vertex -3.2515987531612702 3.4626009802517053 4
    endloop
  endfacet
  facet normal -0.661311865323653 0.7501110696304586 0
    outer loop
      vertex -3.2515987531612702 3.4626009802517053 4
      vertex -3.0277639513062757 3.6599379031849995 4
      vertex -3.0277639513062757 3.6599379031849995 0
    endloop
  endfacet
  facet normal 0 0 -1
    outer loop
      vertex -1.7485916252522198 4.4164383079691945 0
      vertex -1.6619724747298845 1.3639455609518378 0
      vertex -1.7876596664504723 1.1944760009921447 0
    endloop
  endfacet
  facet normal 0 0 -1
    outer loop
      vertex -1.4678307232810002 4.517518452401979 0
      vertex -1.5202795795510773 1.5202795795510773 0
      vertex -1.6619724747298845 1.3639455609518378 0
    endloop
  endfacet
  facet normal 0 0 -1
    outer loop
      vertex -1.4678307232810002 4.517518452401979 0
      vertex -1.3639455609518378 1.6619724747298845 0
      vertex -1.5202795795510773 1.5202795795510773 0
    endloop
  endfacet
  facet normal 0 0 -1
    outer loop
      vertex -1.1812769640330605 4.600770015360998 0
      vertex -1.1944760009921447 1.7876596664504723 0
      vertex -1.3639455609518378 1.6619724747298845 0
    endloop
  endfacet
  facet normal 0 0 -1
    outer loop
      vertex -1.7485916252522198 4.4164383079691945 0
      vertex -1.4678307232810002 4.517518452401979 0
      vertex -1.6619724747298845 1.3639455609518378 0
    endloop
  endfacet
  facet normal 0 0 -1
    outer loop
      vertex -1.4678307232810002 4.517518452401979 0
      vertex -1.1812769640330605 4.600770015360998 0
      vertex -1.3639455609518378 1.6619724747298845 0
    endloop
  endfacet
  facet normal 0 0 -1
    outer loop
      vertex -1.1812769640330605 4.600770015360998 0
      vertex -1.013502984175895 1.8961307183489633 0
      vertex -1.1944760009921447 1.7876596664504723 0
    endloop
  endfacet
  facet normal 0 0 -1
    outer loop
      vertex -0.8900612442821917 4.665864440961271 0
      vertex -0.822769379584943 1.9863409948992663 0
      vertex -1.013502984175895 1.8961307183489633 0
    endloop
  endfacet
  facet normal 0 0 -1
    outer loop
      vertex -0.5953328594304453 4.71254483124377 0
      vertex -0.624112056097094 2.057421721824249 0
      vertex -0.822769379584943 1.9863409948992663 0
    endloop
  endfacet
  facet normal 0 0 -1
    outer loop
      vertex -0.5953328594304453 4.71254483124377 0
      vertex -0.4194441923346757 2.1086883528669453 0
      vertex -0.624112056097094 2.057421721824249 0
    endloop
  endfacet
  facet normal 0 0 -1
    outer loop
      vertex -0.29825496776423804 4.74062696003429 0
      vertex -0.2107368517085553 2.139647162345223 0
      vertex -0.4194441923346757 2.1086883528669453 0
    endloop
  endfacet
  facet normal 0 0 -1
    outer loop
      vertex 0 4.75 0
      vertex 0 2.15 0
      vertex -0.2107368517085553 2.139647162345223 0
    endloop
  endfacet
  facet normal -0.6129070536529769 0.7901550123756901 0
    outer loop
      vertex -3.0277639513062757 3.6599379031849995 0
      vertex -3.0277639513062757 3.6599379031849995 4
      vertex -2.7919799483892476 3.8428307232810006 0
    endloop
  endfacet
  facet normal -0.5620833778521293 0.8270805742745629 0
    outer loop
      vertex -2.7919799483892476 3.8428307232810006 0
      vertex -2.7919799483892476 3.8428307232810006 4
      vertex -2.5451772761502345 4.010557646134571 0
    endloop
  endfacet
  facet normal -0.509041415750372 0.8607420270039432 0
    outer loop
      vertex -2.5451772761502345 4.010557646134571 0
      vertex -2.5451772761502345 4.010557646134571 4
      vertex -2.2883299519831475 4.162456730208352 0
    endloop
  endfacet
  facet normal -0.45399049973954714 0.8910065241883676 0
    outer loop
      vertex -2.2883299519831475 4.162456730208352 0
      vertex -2.2883299519831475 4.162456730208352 4
      vertex -2.0224516349340953 4.297928499213593 0
    endloop
  endfacet
  facet normal -0.3971478906347802 0.9177546256839813 0
    outer loop
      vertex -2.0224516349340953 4.297928499213593 0
      vertex -2.0224516349340953 4.297928499213593 4
      vertex -1.7485916252522198 4.4164383079691945 0
    endloop
  endfacet
  facet normal -0.6129070536529769 0.7901550123756901 0
    outer loop
      vertex -2.7919799483892476 3.8428307232810006 0
      vertex -3.0277639513062757 3.6599379031849995 4
      vertex -2.7919799483892476 3.8428307232810006 4
    endloop
  endfacet
  facet normal -0.5620833778521293 0.8270805742745629 0
    outer loop
      vertex -2.5451772761502345 4.010557646134571 0
      vertex -2.7919799483892476 3.8428307232810006 4
      vertex -2.5451772761502345 4.010557646134571 4
    endloop
  endfacet
  facet normal -0.509041415750372 0.8607420270039432 0
    outer loop
      vertex -2.2883299519831475 4.162456730208352 0
      vertex -2.5451772761502345 4.010557646134571 4
      vertex -2.2883299519831475 4.162456730208352 4
    endloop
  endfacet
  facet normal -0.45399049973954714 0.8910065241883676 0
    outer loop
      vertex -2.0224516349340953 4.297928499213593 0
      vertex -2.2883299519831475 4.162456730208352 4
      vertex -2.0224516349340953 4.297928499213593 4
    endloop
  endfacet
  facet normal -0.3971478906347802 0.9177546256839813 0
    outer loop
      vertex -2.0224516349340953 4.297928499213593 4
      vertex -1.7485916252522198 4.4164383079691945 4
      vertex -1.7485916252522198 4.4164383079691945 0
    endloop
  endfacet
  facet normal 0 0 -1
    outer loop
      vertex -1.1812769640330605 4.600770015360998 0
      vertex -0.8900612442821917 4.665864440961271 0
      vertex -1.013502984175895 1.8961307183489633 0
    endloop
  endfacet
  facet normal -0.3387379202452893 0.9408807689542262 0
    outer loop
      vertex -1.7485916252522198 4.4164383079691945 0
      vertex -1.7485916252522198 4.4164383079691945 4
      vertex -1.4678307232810002 4.517518452401979 0
    endloop
  endfacet
  facet normal -0.27899110603923066 0.9602936856769427 0
    outer loop
      vertex -1.4678307232810002 4.517518452401979 0
      vertex -1.4678307232810002 4.517518452401979 4
      vertex -1.1812769640330605 4.600770015360998 0
    endloop
  endfacet
  facet normal -0.2181432413965423 0.9759167619387474 0
    outer loop
      vertex -1.1812769640330605 4.600770015360998 0
      vertex -1.1812769640330605 4.600770015360998 4
      vertex -0.8900612442821917 4.665864440961271 0
    endloop
  endfacet
  facet normal 0 0 -1
    outer loop
      vertex -0.8900612442821917 4.665864440961271 0
      vertex -0.5953328594304453 4.71254483124377 0
      vertex -0.822769379584943 1.9863409948992663 0
    endloop
  endfacet
  facet normal 0 0 -1
    outer loop
      vertex -0.5953328594304453 4.71254483124377 0
      vertex -0.29825496776423804 4.74062696003429 0
      vertex -0.4194441923346757 2.1086883528669453 0
    endloop
  endfacet
  facet normal 0 0 -1
    outer loop
      vertex -0.29825496776423804 4.74062696003429 0
      vertex 0 4.75 0
      vertex -0.2107368517085553 2.139647162345223 0
    endloop
  endfacet
  facet normal -0.156434465040233 0.9876883405951374 0
    outer loop
      vertex -0.8900612442821917 4.665864440961271 0
      vertex -0.8900612442821917 4.665864440961271 4
      vertex -0.5953328594304453 4.71254483124377 0
    endloop
  endfacet
  facet normal -0.09410831331851326 0.9955619646030801 0
    outer loop
      vertex -0.5953328594304453 4.71254483124377 0
      vertex -0.5953328594304453 4.71254483124377 4
      vertex -0.29825496776423804 4.74062696003429 0
    endloop
  endfacet
  facet normal -0.03141075907812784 0.9995065603657316 0
    outer loop
      vertex -0.29825496776423804 4.74062696003429 0
      vertex -0.29825496776423804 4.74062696003429 4
      vertex 0 4.75 0
    endloop
  endfacet
  facet normal -0.3387379202452893 0.9408807689542262 0
    outer loop
      vertex -1.4678307232810002 4.517518452401979 0
      vertex -1.7485916252522198 4.4164383079691945 4
      vertex -1.4678307232810002 4.517518452401979 4
    endloop
  endfacet
  facet normal -0.27899110603923066 0.9602936856769427 0
    outer loop
      vertex -1.1812769640330605 4.600770015360998 0
      vertex -1.4678307232810002 4.517518452401979 4
      vertex -1.1812769640330605 4.600770015360998 4
    endloop
  endfacet
  facet normal -0.2181432413965423 0.9759167619387474 0
    outer loop
      vertex -0.8900612442821917 4.665864440961271 0
      vertex -1.1812769640330605 4.600770015360998 4
      vertex -0.8900612442821917 4.665864440961271 4
    endloop
  endfacet
  facet normal -0.156434465040233 0.9876883405951374 0
    outer loop
      vertex -0.5953328594304453 4.71254483124377 0
      vertex -0.8900612442821917 4.665864440961271 4
      vertex -0.5953328594304453 4.71254483124377 4
    endloop
  endfacet
  facet normal -0.09410831331851326 0.9955619646030801 0
    outer loop
      vertex -0.29825496776423804 4.74062696003429 0
      vertex -0.5953328594304453 4.71254483124377 4
      vertex -0.29825496776423804 4.74062696003429 4
    endloop
  endfacet
  facet normal -0.03141075907812784 0.9995065603657316 0
    outer loop
      vertex -0.29825496776423804 4.74062696003429 4
      vertex 0 4.75 4
      vertex 0 4.75 0
    endloop
  endfacet
  facet normal 0.03141075907812759 -0.9995065603657316 0
    outer loop
      vertex 0 -4.75 0
      vertex 0.2982549677642404 -4.74062696003429 0
      vertex 0.2982549677642404 -4.74062696003429 4
    endloop
  endfacet
  facet normal 0.09410831331851431 -0.99556196460308 0
    outer loop
      vertex 0.2982549677642404 -4.74062696003429 0
      vertex 0.5953328594304443 -4.71254483124377 0
      vertex 0.5953328594304443 -4.71254483124377 4
    endloop
  endfacet
  facet normal 0.15643446504023187 -0.9876883405951375 0
    outer loop
      vertex 0.5953328594304443 -4.71254483124377 0
      vertex 0.8900612442821929 -4.665864440961271 0
      vertex 0.8900612442821929 -4.665864440961271 4
    endloop
  endfacet
  facet normal 0 0 -1
    outer loop
      vertex 0 -4.75 0
      vertex 0.2107368517085553 -2.139647162345223 0
      vertex 0.2982549677642404 -4.74062696003429 0
    endloop
  endfacet
  facet normal 0 0 -1
    outer loop
      vertex 0.2982549677642404 -4.74062696003429 0
      vertex 0.4194441923346757 -2.1086883528669453 0
      vertex 0.5953328594304443 -4.71254483124377 0
    endloop
  endfacet
  facet normal 0 0 -1
    outer loop
      vertex 0.5953328594304443 -4.71254483124377 0
      vertex 0.822769379584943 -1.9863409948992663 0
      vertex 0.8900612442821929 -4.665864440961271 0
    endloop
  endfacet
  facet normal 0.21814324139654173 -0.9759167619387475 0
    outer loop
      vertex 0.8900612442821929 -4.665864440961271 0
      vertex 1.1812769640330585 -4.6007700153609985 0
      vertex 1.1812769640330585 -4.6007700153609985 4
    endloop
  endfacet
  facet normal 0.2789911060392316 -0.9602936856769425 0
    outer loop
      vertex 1.1812769640330585 -4.6007700153609985 0
      vertex 1.4678307232810002 -4.517518452401979 0
      vertex 1.4678307232810002 -4.517518452401979 4
    endloop
  endfacet
  facet normal 0 0 -1
    outer loop
      vertex 0.8900612442821929 -4.665864440961271 0
      vertex 1.013502984175895 -1.8961307183489633 0
      vertex 1.1812769640330585 -4.6007700153609985 0
    endloop
  endfacet
  facet normal 0.33873792024528937 -0.9408807689542261 0
    outer loop
      vertex 1.4678307232810002 -4.517518452401979 0
      vertex 1.7485916252522222 -4.416438307969194 0
      vertex 1.7485916252522222 -4.416438307969194 4
    endloop
  endfacet
  facet normal 0.03141075907812759 -0.9995065603657316 0
    outer loop
      vertex 0 -4.75 0
      vertex 0.2982549677642404 -4.74062696003429 4
      vertex 0 -4.75 4
    endloop
  endfacet
  facet normal 0.09410831331851431 -0.99556196460308 0
    outer loop
      vertex 0.2982549677642404 -4.74062696003429 0
      vertex 0.5953328594304443 -4.71254483124377 4
      vertex 0.2982549677642404 -4.74062696003429 4
    endloop
  endfacet
  facet normal 0.15643446504023187 -0.9876883405951375 0
    outer loop
      vertex 0.5953328594304443 -4.71254483124377 0
      vertex 0.8900612442821929 -4.665864440961271 4
      vertex 0.5953328594304443 -4.71254483124377 4
    endloop
  endfacet
  facet normal 0.21814324139654173 -0.9759167619387475 0
    outer loop
      vertex 0.8900612442821929 -4.665864440961271 0
      vertex 1.1812769640330585 -4.6007700153609985 4
      vertex 0.8900612442821929 -4.665864440961271 4
    endloop
  endfacet
  facet normal 0.2789911060392316 -0.9602936856769425 0
    outer loop
      vertex 1.1812769640330585 -4.6007700153609985 0
      vertex 1.4678307232810002 -4.517518452401979 4
      vertex 1.1812769640330585 -4.6007700153609985 4
    endloop
  endfacet
  facet normal 0.33873792024528937 -0.9408807689542261 0
    outer loop
      vertex 1.4678307232810002 -4.517518452401979 0
      vertex 1.7485916252522222 -4.416438307969194 4
      vertex 1.4678307232810002 -4.517518452401979 4
    endloop
  endfacet
  facet normal 0.3971478906347823 -0.9177546256839804 0
    outer loop
      vertex 1.7485916252522222 -4.416438307969194 0
      vertex 2.022451634934094 -4.297928499213593 0
      vertex 2.022451634934094 -4.297928499213593 4
    endloop
  endfacet
  facet normal 0.4539904997395471 -0.8910065241883676 0
    outer loop
      vertex 2.022451634934094 -4.297928499213593 0
      vertex 2.288329951983148 -4.162456730208351 0
      vertex 2.288329951983148 -4.162456730208351 4
    endloop
  endfacet
  facet normal 0.50904141575037 -0.8607420270039444 0
    outer loop
      vertex 2.288329951983148 -4.162456730208351 0
      vertex 2.545177276150232 -4.010557646134573 0
      vertex 2.545177276150232 -4.010557646134573 4
    endloop
  endfacet
  facet normal 0.562083377852129 -0.8270805742745629 0
    outer loop
      vertex 2.545177276150232 -4.010557646134573 0
      vertex 2.7919799483892476 -3.8428307232810006 0
      vertex 2.7919799483892476 -3.8428307232810006 4
    endloop
  endfacet
  facet normal 0.6129070536529768 -0.7901550123756901 0
    outer loop
      vertex 2.7919799483892476 -3.8428307232810006 0
      vertex 3.0277639513062775 -3.659937903184998 0
      vertex 3.0277639513062775 -3.659937903184998 4
    endloop
  endfacet
  facet normal 0.3971478906347823 -0.9177546256839804 0
    outer loop
      vertex 1.7485916252522222 -4.416438307969194 0
      vertex 2.022451634934094 -4.297928499213593 4
      vertex 1.7485916252522222 -4.416438307969194 4
    endloop
  endfacet
  facet normal 0.4539904997395471 -0.8910065241883676 0
    outer loop
      vertex 2.022451634934094 -4.297928499213593 0
      vertex 2.288329951983148 -4.162456730208351 4
      vertex 2.022451634934094 -4.297928499213593 4
    endloop
  endfacet
  facet normal 0.50904141575037 -0.8607420270039444 0
    outer loop
      vertex 2.288329951983148 -4.162456730208351 0
      vertex 2.545177276150232 -4.010557646134573 4
      vertex 2.288329951983148 -4.162456730208351 4
    endloop
  endfacet
  facet normal 0.562083377852129 -0.8270805742745629 0
    outer loop
      vertex 2.545177276150232 -4.010557646134573 0
      vertex 2.7919799483892476 -3.8428307232810006 4
      vertex 2.545177276150232 -4.010557646134573 4
    endloop
  endfacet
  facet normal 0.6129070536529768 -0.7901550123756901 0
    outer loop
      vertex 2.7919799483892476 -3.8428307232810006 0
      vertex 3.0277639513062775 -3.659937903184998 4
      vertex 2.7919799483892476 -3.8428307232810006 4
    endloop
  endfacet
  facet normal 0 0 -1
    outer loop
      vertex 0 -4.75 0
      vertex 0 -2.15 0
      vertex 0.2107368517085553 -2.139647162345223 0
    endloop
  endfacet
  facet normal 0 0 -1
    outer loop
      vertex 0.2982549677642404 -4.74062696003429 0
      vertex 0.2107368517085553 -2.139647162345223 0
      vertex 0.4194441923346757 -2.1086883528669453 0
    endloop
  endfacet
  facet normal 0 0 -1
    outer loop
      vertex 0.5953328594304443 -4.71254483124377 0
      vertex 0.4194441923346757 -2.1086883528669453 0
      vertex 0.624112056097094 -2.057421721824249 0
    endloop
  endfacet
  facet normal 0 0 -1
    outer loop
      vertex 0.5953328594304443 -4.71254483124377 0
      vertex 0.624112056097094 -2.057421721824249 0
      vertex 0.822769379584943 -1.9863409948992663 0
    endloop
  endfacet
  facet normal 0 0 -1
    outer loop
      vertex 0.8900612442821929 -4.665864440961271 0
      vertex 0.822769379584943 -1.9863409948992663 0
      vertex 1.013502984175895 -1.8961307183489633 0
    endloop
  endfacet
  facet normal 0 0 -1
    outer loop
      vertex 1.1812769640330585 -4.6007700153609985 0
      vertex 1.013502984175895 -1.8961307183489633 0
      vertex 1.1944760009921447 -1.7876596664504723 0
    endloop
  endfacet
  facet normal 0 0 -1
    outer loop
      vertex 1.1812769640330585 -4.6007700153609985 0
      vertex 1.3639455609518378 -1.6619724747298845 0
      vertex 1.4678307232810002 -4.517518452401979 0
    endloop
  endfacet
  facet normal 0 0 -1
    outer loop
      vertex 1.4678307232810002 -4.517518452401979 0
      vertex 1.6619724747298845 -1.3639455609518378 0
      vertex 1.7485916252522222 -4.416438307969194 0
    endloop
  endfacet
  facet normal 0 0 -1
    outer loop
      vertex 1.1812769640330585 -4.6007700153609985 0
      vertex 1.1944760009921447 -1.7876596664504723 0
      vertex 1.3639455609518378 -1.6619724747298845 0
    endloop
  endfacet
  facet normal 0 0 -1
    outer loop
      vertex 1.4678307232810002 -4.517518452401979 0
      vertex 1.3639455609518378 -1.6619724747298845 0
      vertex 1.5202795795510773 -1.5202795795510773 0
    endloop
  endfacet
  facet normal 0 0 -1
    outer loop
      vertex 1.4678307232810002 -4.517518452401979 0
      vertex 1.5202795795510773 -1.5202795795510773 0
      vertex 1.6619724747298845 -1.3639455609518378 0
    endloop
  endfacet
  facet normal 0 0 -1
    outer loop
      vertex 1.7485916252522222 -4.416438307969194 0
      vertex 1.6619724747298845 -1.3639455609518378 0
      vertex 1.7876596664504723 -1.1944760009921447 0
    endloop
  endfacet
  facet normal 0 0 -1
    outer loop
      vertex 1.7485916252522222 -4.416438307969194 0
      vertex 1.8961307183489633 -1.013502984175895 0
      vertex 2.022451634934094 -4.297928499213593 0
    endloop
  endfacet
  facet normal 0 0 -1
    outer loop
      vertex 1.7485916252522222 -4.416438307969194 0
      vertex 1.7876596664504723 -1.1944760009921447 0
      vertex 1.8961307183489633 -1.013502984175895 0
    endloop
  endfacet
  facet normal 0 0 -1
    outer loop
      vertex 2.022451634934094 -4.297928499213593 0
      vertex 1.8961307183489633 -1.013502984175895 0
      vertex 1.9863409948992663 -0.822769379584943 0
    endloop
  endfacet
  facet normal 0 0 -1
    outer loop
      vertex 2.022451634934094 -4.297928499213593 0
      vertex 1.9863409948992663 -0.822769379584943 0
      vertex 2.057421721824249 -0.624112056097094 0
    endloop
  endfacet
  facet normal 0.6613118653236535 -0.7501110696304583 0
    outer loop
      vertex 3.0277639513062775 -3.659937903184998 0
      vertex 3.2515987531612702 -3.4626009802517053 0
      vertex 3.2515987531612702 -3.4626009802517053 4
    endloop
  endfacet
  facet normal 0.7071067811865475 -0.7071067811865475 0
    outer loop
      vertex 3.2515987531612702 -3.4626009802517053 0
      vertex 3.4626009802517053 -3.2515987531612702 0
      vertex 3.2515987531612702 -3.4626009802517053 4
    endloop
  endfacet
  facet normal 0.6613118653236535 -0.7501110696304583 0
    outer loop
      vertex 3.0277639513062775 -3.659937903184998 0
      vertex 3.2515987531612702 -3.4626009802517053 4
      vertex 3.0277639513062775 -3.659937903184998 4
    endloop
  endfacet
  facet normal 0.7071067811865475 -0.7071067811865475 0
    outer loop
      vertex 3.4626009802517053 -3.2515987531612702 0
      vertex 3.4626009802517053 -3.2515987531612702 4
      vertex 3.2515987531612702 -3.4626009802517053 4
    endloop
  endfacet
  facet normal 0 0 -1
    outer loop
      vertex 2.022451634934094 -4.297928499213593 0
      vertex 2.057421721824249 -0.624112056097094 0
      vertex 2.1086883528669453 -0.4194441923346757 0
    endloop
  endfacet
  facet normal 0 0 -1
    outer loop
      vertex 2.022451634934094 -4.297928499213593 0
      vertex 2.1086883528669453 -0.4194441923346757 0
      vertex 2.139647162345223 -0.2107368517085553 0
    endloop
  endfacet
  facet normal 0 0 -1
    outer loop
      vertex 2.022451634934094 -4.297928499213593 0
      vertex 2.139647162345223 -0.2107368517085553 0
      vertex 2.15 0 0
    endloop
  endfacet
  facet normal 0 0 -1
    outer loop
      vertex 2.022451634934094 -4.297928499213593 0
      vertex 2.2883299519831475 4.162456730208352 0
      vertex 2.288329951983148 -4.162456730208351 0
    endloop
  endfacet
  facet normal 0 0 -1
    outer loop
      vertex 2.288329951983148 -4.162456730208351 0
      vertex 2.545177276150234 4.010557646134572 0
      vertex 2.545177276150232 -4.010557646134573 0
    endloop
  endfacet
  facet normal 0 0 -1
    outer loop
      vertex 2.022451634934094 -4.297928499213593 0
      vertex 2.15 0 0
      vertex 2.2883299519831475 4.162456730208352 0
    endloop
  endfacet
  facet normal 0 0 -1
    outer loop
      vertex 2.545177276150232 -4.010557646134573 0
      vertex 2.7919799483892476 3.8428307232810006 0
      vertex 2.7919799483892476 -3.8428307232810006 0
    endloop
  endfacet
  facet normal 0 0 -1
    outer loop
      vertex 2.7919799483892476 -3.8428307232810006 0
      vertex 3.027763951306276 3.6599379031849986 0
      vertex 3.0277639513062775 -3.659937903184998 0
    endloop
  endfacet
  facet normal 0 0 -1
    outer loop
      vertex 3.0277639513062775 -3.659937903184998 0
      vertex 3.2515987531612716 3.462600980251705 0
      vertex 3.2515987531612702 -3.4626009802517053 0
    endloop
  endfacet
  facet normal 0 0 -1
    outer loop
      vertex 3.2515987531612702 -3.4626009802517053 0
      vertex 3.462600980251705 3.2515987531612716 0
      vertex 3.4626009802517053 -3.2515987531612702 0
    endloop
  endfacet
  facet normal 0.7501110696304583 -0.6613118653236535 0
    outer loop
      vertex 3.4626009802517053 -3.2515987531612702 0
      vertex 3.659937903184998 -3.0277639513062775 0
      vertex 3.4626009802517053 -3.2515987531612702 4
    endloop
  endfacet
  facet normal 0.7901550123756901 -0.6129070536529768 0
    outer loop
      vertex 3.659937903184998 -3.0277639513062775 0
      vertex 3.8428307232810006 -2.7919799483892476 0
      vertex 3.659937903184998 -3.0277639513062775 4
    endloop
  endfacet
  facet normal 0.8270805742745629 -0.562083377852129 0
    outer loop
      vertex 3.8428307232810006 -2.7919799483892476 0
      vertex 4.010557646134573 -2.545177276150232 0
      vertex 3.8428307232810006 -2.7919799483892476 4
    endloop
  endfacet
  facet normal 0.8607420270039444 -0.50904141575037 0
    outer loop
      vertex 4.010557646134573 -2.545177276150232 0
      vertex 4.162456730208351 -2.288329951983148 0
      vertex 4.010557646134573 -2.545177276150232 4
    endloop
  endfacet
  facet normal 0.8910065241883676 -0.4539904997395471 0
    outer loop
      vertex 4.162456730208351 -2.288329951983148 0
      vertex 4.297928499213593 -2.022451634934094 0
      vertex 4.162456730208351 -2.288329951983148 4
    endloop
  endfacet
  facet normal 0.9177546256839804 -0.3971478906347823 0
    outer loop
      vertex 4.297928499213593 -2.022451634934094 0
      vertex 4.416438307969194 -1.7485916252522222 0
      vertex 4.297928499213593 -2.022451634934094 4
    endloop
  endfacet
  facet normal 0.7501110696304583 -0.6613118653236535 0
    outer loop
      vertex 3.4626009802517053 -3.2515987531612702 4
      vertex 3.659937903184998 -3.0277639513062775 0
      vertex 3.659937903184998 -3.0277639513062775 4
    endloop
  endfacet
  facet normal 0.7901550123756901 -0.6129070536529768 0
    outer loop
      vertex 3.8428307232810006 -2.7919799483892476 0
      vertex 3.8428307232810006 -2.7919799483892476 4
      vertex 3.659937903184998 -3.0277639513062775 4
    endloop
  endfacet
  facet normal 0.8270805742745629 -0.562083377852129 0
    outer loop
      vertex 4.010557646134573 -2.545177276150232 0
      vertex 4.010557646134573 -2.545177276150232 4
      vertex 3.8428307232810006 -2.7919799483892476 4
    endloop
  endfacet
  facet normal 0.8607420270039444 -0.50904141575037 0
    outer loop
      vertex 4.162456730208351 -2.288329951983148 0
      vertex 4.162456730208351 -2.288329951983148 4
      vertex 4.010557646134573 -2.545177276150232 4
    endloop
  endfacet
  facet normal 0.8910065241883676 -0.4539904997395471 0
    outer loop
      vertex 4.297928499213593 -2.022451634934094 0
      vertex 4.297928499213593 -2.022451634934094 4
      vertex 4.162456730208351 -2.288329951983148 4
    endloop
  endfacet
  facet normal 0.9177546256839804 -0.3971478906347823 0
    outer loop
      vertex 4.297928499213593 -2.022451634934094 4
      vertex 4.416438307969194 -1.7485916252522222 0
      vertex 4.416438307969194 -1.7485916252522222 4
    endloop
  endfacet
  facet normal 0 0 -1
    outer loop
      vertex 3.4626009802517053 -3.2515987531612702 0
      vertex 3.6599379031849986 3.027763951306276 0
      vertex 3.659937903184998 -3.0277639513062775 0
    endloop
  endfacet
  facet normal 0 0 -1
    outer loop
      vertex 3.659937903184998 -3.0277639513062775 0
      vertex 3.8428307232810006 2.7919799483892476 0
      vertex 3.8428307232810006 -2.7919799483892476 0
    endloop
  endfacet
  facet normal 0 0 -1
    outer loop
      vertex 3.8428307232810006 -2.7919799483892476 0
      vertex 4.010557646134572 2.545177276150234 0
      vertex 4.010557646134573 -2.545177276150232 0
    endloop
  endfacet
  facet normal 0 0 -1
    outer loop
      vertex 4.010557646134573 -2.545177276150232 0
      vertex 4.162456730208352 2.288329951983148 0
      vertex 4.162456730208351 -2.288329951983148 0
    endloop
  endfacet
  facet normal 0 0 -1
    outer loop
      vertex 4.162456730208351 -2.288329951983148 0
      vertex 4.297928499213593 2.0224516349340953 0
      vertex 4.297928499213593 -2.022451634934094 0
    endloop
  endfacet
  facet normal 0 0 -1
    outer loop
      vertex 4.297928499213593 -2.022451634934094 0
      vertex 4.416438307969194 1.7485916252522204 0
      vertex 4.416438307969194 -1.7485916252522222 0
    endloop
  endfacet
  facet normal 0.9408807689542261 -0.33873792024528937 0
    outer loop
      vertex 4.416438307969194 -1.7485916252522222 0
      vertex 4.517518452401979 -1.4678307232810002 0
      vertex 4.416438307969194 -1.7485916252522222 4
    endloop
  endfacet
  facet normal 0.9602936856769425 -0.2789911060392316 0
    outer loop
      vertex 4.517518452401979 -1.4678307232810002 0
      vertex 4.6007700153609985 -1.1812769640330585 0
      vertex 4.517518452401979 -1.4678307232810002 4
    endloop
  endfacet
  facet normal 0.9759167619387475 -0.21814324139654173 0
    outer loop
      vertex 4.6007700153609985 -1.1812769640330585 0
      vertex 4.665864440961271 -0.8900612442821929 0
      vertex 4.6007700153609985 -1.1812769640330585 4
    endloop
  endfacet
  facet normal 0 0 -1
    outer loop
      vertex 4.416438307969194 -1.7485916252522222 0
      vertex 4.517518452401979 1.4678307232810002 0
      vertex 4.517518452401979 -1.4678307232810002 0
    endloop
  endfacet
  facet normal 0 0 -1
    outer loop
      vertex 4.517518452401979 -1.4678307232810002 0
      vertex 4.600770015360998 1.1812769640330603 0
      vertex 4.6007700153609985 -1.1812769640330585 0
    endloop
  endfacet
  facet normal 0 0 -1
    outer loop
      vertex 4.6007700153609985 -1.1812769640330585 0
      vertex 4.665864440961271 0.890061244282192 0
      vertex 4.665864440961271 -0.8900612442821929 0
    endloop
  endfacet
  facet normal 0 0 -1
    outer loop
      vertex 4.665864440961271 -0.8900612442821929 0
      vertex 4.71254483124377 0.5953328594304452 0
      vertex 4.71254483124377 -0.5953328594304443 0
    endloop
  endfacet
  facet normal 0 0 -1
    outer loop
      vertex 4.71254483124377 -0.5953328594304443 0
      vertex 4.74062696003429 0.29825496776423854 0
      vertex 4.74062696003429 -0.2982549677642404 0
    endloop
  endfacet
  facet normal 0 0 -1
    outer loop
      vertex 4.74062696003429 -0.2982549677642404 0
      vertex 4.74062696003429 0.29825496776423854 0
      vertex 4.75 0 0
    endloop
  endfacet
  facet normal 0.9876883405951375 -0.15643446504023187 0
    outer loop
      vertex 4.665864440961271 -0.8900612442821929 0
      vertex 4.71254483124377 -0.5953328594304443 0
      vertex 4.665864440961271 -0.8900612442821929 4
    endloop
  endfacet
  facet normal 0.99556196460308 -0.09410831331851431 0
    outer loop
      vertex 4.71254483124377 -0.5953328594304443 0
      vertex 4.74062696003429 -0.2982549677642404 0
      vertex 4.71254483124377 -0.5953328594304443 4
    endloop
  endfacet
  facet normal 0.9995065603657316 -0.03141075907812759 0
    outer loop
      vertex 4.74062696003429 -0.2982549677642404 0
      vertex 4.75 0 0
      vertex 4.74062696003429 -0.2982549677642404 4
    endloop
  endfacet
  facet normal 0.9408807689542261 -0.33873792024528937 0
    outer loop
      vertex 4.517518452401979 -1.4678307232810002 0
      vertex 4.517518452401979 -1.4678307232810002 4
      vertex 4.416438307969194 -1.7485916252522222 4
    endloop
  endfacet
  facet normal 0.9602936856769425 -0.2789911060392316 0
    outer loop
      vertex 4.6007700153609985 -1.1812769640330585 0
      vertex 4.6007700153609985 -1.1812769640330585 4
      vertex 4.517518452401979 -1.4678307232810002 4
    endloop
  endfacet
  facet normal 0.9759167619387475 -0.21814324139654173 0
    outer loop
      vertex 4.665864440961271 -0.8900612442821929 0
      vertex 4.665864440961271 -0.8900612442821929 4
      vertex 4.6007700153609985 -1.1812769640330585 4
    endloop
  endfacet
  facet normal 0.9876883405951375 -0.15643446504023187 0
    outer loop
      vertex 4.71254483124377 -0.5953328594304443 0
      vertex 4.71254483124377 -0.5953328594304443 4
      vertex 4.665864440961271 -0.8900612442821929 4
    endloop
  endfacet
  facet normal 0.99556196460308 -0.09410831331851431 0
    outer loop
      vertex 4.74062696003429 -0.2982549677642404 0
      vertex 4.74062696003429 -0.2982549677642404 4
      vertex 4.71254483124377 -0.5953328594304443 4
    endloop
  endfacet
  facet normal 0.9995065603657316 -0.03141075907812759 0
    outer loop
      vertex 4.74062696003429 -0.2982549677642404 4
      vertex 4.75 0 0
      vertex 4.75 0 4
    endloop
  endfacet
  facet normal 0 0 -1
    outer loop
      vertex 0.29825496776423804 4.74062696003429 0
      vertex 0.2107368517085553 2.139647162345223 0
      vertex 0 2.15 0
    endloop
  endfacet
  facet normal 0 0 -1
    outer loop
      vertex 0.5953328594304453 4.71254483124377 0
      vertex 0.4194441923346757 2.1086883528669453 0
      vertex 0.2107368517085553 2.139647162345223 0
    endloop
  endfacet
  facet normal 0 0 -1
    outer loop
      vertex 0.8900612442821917 4.665864440961271 0
      vertex 0.624112056097094 2.057421721824249 0
      vertex 0.4194441923346757 2.1086883528669453 0
    endloop
  endfacet
  facet normal 0 0 -1
    outer loop
      vertex 0.8900612442821917 4.665864440961271 0
      vertex 0.822769379584943 1.9863409948992663 0
      vertex 0.624112056097094 2.057421721824249 0
    endloop
  endfacet
  facet normal 0 0 -1
    outer loop
      vertex 1.4678307232810002 4.517518452401979 0
      vertex 1.3639455609518378 1.6619724747298845 0
      vertex 1.1944760009921447 1.7876596664504723 0
    endloop
  endfacet
  facet normal 0 0 -1
    outer loop
      vertex 1.7485916252522198 4.4164383079691945 0
      vertex 1.6619724747298845 1.3639455609518378 0
      vertex 1.5202795795510773 1.5202795795510773 0
    endloop
  endfacet
  facet normal 0 0 -1
    outer loop
      vertex 1.7485916252522198 4.4164383079691945 0
      vertex 1.5202795795510773 1.5202795795510773 0
      vertex 1.3639455609518378 1.6619724747298845 0
    endloop
  endfacet
  facet normal 0 0 -1
    outer loop
      vertex 1.1812769640330605 4.600770015360998 0
      vertex 1.013502984175895 1.8961307183489633 0
      vertex 0.822769379584943 1.9863409948992663 0
    endloop
  endfacet
  facet normal 0 0 -1
    outer loop
      vertex 1.4678307232810002 4.517518452401979 0
      vertex 1.1944760009921447 1.7876596664504723 0
      vertex 1.013502984175895 1.8961307183489633 0
    endloop
  endfacet
  facet normal 0 0 -1
    outer loop
      vertex 1.4678307232810002 4.517518452401979 0
      vertex 1.7485916252522198 4.4164383079691945 0
      vertex 1.3639455609518378 1.6619724747298845 0
    endloop
  endfacet
  facet normal 0 0 -1
    outer loop
      vertex 2.2883299519831475 4.162456730208352 0
      vertex 2.15 0 0
      vertex 2.139647162345223 0.2107368517085553 0
    endloop
  endfacet
  facet normal 0 0 -1
    outer loop
      vertex 2.2883299519831475 4.162456730208352 0
      vertex 2.139647162345223 0.2107368517085553 0
      vertex 2.1086883528669453 0.4194441923346757 0
    endloop
  endfacet
  facet normal 0 0 -1
    outer loop
      vertex 2.2883299519831475 4.162456730208352 0
      vertex 2.1086883528669453 0.4194441923346757 0
      vertex 2.057421721824249 0.624112056097094 0
    endloop
  endfacet
  facet normal 0 0 -1
    outer loop
      vertex 2.288329951983148 -4.162456730208351 0
      vertex 2.2883299519831475 4.162456730208352 0
      vertex 2.545177276150234 4.010557646134572 0
    endloop
  endfacet
  facet normal 0 0 -1
    outer loop
      vertex 2.545177276150232 -4.010557646134573 0
      vertex 2.545177276150234 4.010557646134572 0
      vertex 2.7919799483892476 3.8428307232810006 0
    endloop
  endfacet
  facet normal 0 0 -1
    outer loop
      vertex 2.7919799483892476 -3.8428307232810006 0
      vertex 2.7919799483892476 3.8428307232810006 0
      vertex 3.027763951306276 3.6599379031849986 0
    endloop
  endfacet
  facet normal 0 0 -1
    outer loop
      vertex 3.0277639513062775 -3.659937903184998 0
      vertex 3.027763951306276 3.6599379031849986 0
      vertex 3.2515987531612716 3.462600980251705 0
    endloop
  endfacet
  facet normal 0 0 -1
    outer loop
      vertex 3.2515987531612702 -3.4626009802517053 0
      vertex 3.2515987531612716 3.462600980251705 0
      vertex 3.462600980251705 3.2515987531612716 0
    endloop
  endfacet
  facet normal 0 0 -1
    outer loop
      vertex 2.0224516349340953 4.297928499213593 0
      vertex 1.9863409948992663 0.822769379584943 0
      vertex 1.8961307183489633 1.013502984175895 0
    endloop
  endfacet
  facet normal 0 0 -1
    outer loop
      vertex 2.0224516349340953 4.297928499213593 0
      vertex 1.8961307183489633 1.013502984175895 0
      vertex 1.7876596664504723 1.1944760009921447 0
    endloop
  endfacet
  facet normal 0 0 -1
    outer loop
      vertex 2.2883299519831475 4.162456730208352 0
      vertex 2.057421721824249 0.624112056097094 0
      vertex 1.9863409948992663 0.822769379584943 0
    endloop
  endfacet
  facet normal 0 0 -1
    outer loop
      vertex 2.0224516349340953 4.297928499213593 0
      vertex 1.7876596664504723 1.1944760009921447 0
      vertex 1.6619724747298845 1.3639455609518378 0
    endloop
  endfacet
  facet normal 0 0 -1
    outer loop
      vertex 2.0224516349340953 4.297928499213593 0
      vertex 2.2883299519831475 4.162456730208352 0
      vertex 1.9863409948992663 0.822769379584943 0
    endloop
  endfacet
  facet normal 0 0 -1
    outer loop
      vertex 1.7485916252522198 4.4164383079691945 0
      vertex 2.0224516349340953 4.297928499213593 0
      vertex 1.6619724747298845 1.3639455609518378 0
    endloop
  endfacet
  facet normal 0.6613118653236507 0.7501110696304606 0
    outer loop
      vertex 3.2515987531612716 3.462600980251705 0
      vertex 3.027763951306276 3.6599379031849986 0
      vertex 3.027763951306276 3.6599379031849986 4
    endloop
  endfacet
  facet normal 0.7071067811865476 0.7071067811865476 0
    outer loop
      vertex 3.2515987531612716 3.462600980251705 0
      vertex 3.462600980251705 3.2515987531612716 4
      vertex 3.462600980251705 3.2515987531612716 0
    endloop
  endfacet
  facet normal 0.6613118653236507 0.7501110696304606 0
    outer loop
      vertex 3.2515987531612716 3.462600980251705 0
      vertex 3.027763951306276 3.6599379031849986 4
      vertex 3.2515987531612716 3.462600980251705 4
    endloop
  endfacet
  facet normal 0.7071067811865476 0.7071067811865476 0
    outer loop
      vertex 3.2515987531612716 3.462600980251705 0
      vertex 3.2515987531612716 3.462600980251705 4
      vertex 3.462600980251705 3.2515987531612716 4
    endloop
  endfacet
  facet normal 0 0 -1
    outer loop
      vertex 0 4.75 0
      vertex 0.29825496776423804 4.74062696003429 0
      vertex 0 2.15 0
    endloop
  endfacet
  facet normal 0 0 -1
    outer loop
      vertex 0.29825496776423804 4.74062696003429 0
      vertex 0.5953328594304453 4.71254483124377 0
      vertex 0.2107368517085553 2.139647162345223 0
    endloop
  endfacet
  facet normal 0 0 -1
    outer loop
      vertex 0.5953328594304453 4.71254483124377 0
      vertex 0.8900612442821917 4.665864440961271 0
      vertex 0.4194441923346757 2.1086883528669453 0
    endloop
  endfacet
  facet normal 0.03141075907812784 0.9995065603657316 0
    outer loop
      vertex 0 4.75 0
      vertex 0 4.75 4
      vertex 0.29825496776423804 4.74062696003429 0
    endloop
  endfacet
  facet normal 0.09410831331851326 0.9955619646030801 0
    outer loop
      vertex 0.29825496776423804 4.74062696003429 0
      vertex 0.29825496776423804 4.74062696003429 4
      vertex 0.5953328594304453 4.71254483124377 0
    endloop
  endfacet
  facet normal 0.156434465040233 0.9876883405951374 0
    outer loop
      vertex 0.5953328594304453 4.71254483124377 0
      vertex 0.5953328594304453 4.71254483124377 4
      vertex 0.8900612442821917 4.665864440961271 0
    endloop
  endfacet
  facet normal 0 0 -1
    outer loop
      vertex 0.8900612442821917 4.665864440961271 0
      vertex 1.1812769640330605 4.600770015360998 0
      vertex 0.822769379584943 1.9863409948992663 0
    endloop
  endfacet
  facet normal 0 0 -1
    outer loop
      vertex 1.4678307232810002 4.517518452401979 0
      vertex 1.013502984175895 1.8961307183489633 0
      vertex 1.1812769640330605 4.600770015360998 0
    endloop
  endfacet
  facet normal 0.3387379202452893 0.9408807689542262 0
    outer loop
      vertex 1.4678307232810002 4.517518452401979 0
      vertex 1.4678307232810002 4.517518452401979 4
      vertex 1.7485916252522198 4.4164383079691945 0
    endloop
  endfacet
  facet normal 0.2181432413965423 0.9759167619387474 0
    outer loop
      vertex 0.8900612442821917 4.665864440961271 0
      vertex 0.8900612442821917 4.665864440961271 4
      vertex 1.1812769640330605 4.600770015360998 0
    endloop
  endfacet
  facet normal 0.27899110603923066 0.9602936856769427 0
    outer loop
      vertex 1.4678307232810002 4.517518452401979 0
      vertex 1.1812769640330605 4.600770015360998 0
      vertex 1.1812769640330605 4.600770015360998 4
    endloop
  endfacet
  facet normal 0.03141075907812784 0.9995065603657316 0
    outer loop
      vertex 0.29825496776423804 4.74062696003429 0
      vertex 0 4.75 4
      vertex 0.29825496776423804 4.74062696003429 4
    endloop
  endfacet
  facet normal 0.09410831331851326 0.9955619646030801 0
    outer loop
      vertex 0.5953328594304453 4.71254483124377 0
      vertex 0.29825496776423804 4.74062696003429 4
      vertex 0.5953328594304453 4.71254483124377 4
    endloop
  endfacet
  facet normal 0.156434465040233 0.9876883405951374 0
    outer loop
      vertex 0.8900612442821917 4.665864440961271 0
      vertex 0.5953328594304453 4.71254483124377 4
      vertex 0.8900612442821917 4.665864440961271 4
    endloop
  endfacet
  facet normal 0.3387379202452893 0.9408807689542262 0
    outer loop
      vertex 1.7485916252522198 4.4164383079691945 0
      vertex 1.4678307232810002 4.517518452401979 4
      vertex 1.7485916252522198 4.4164383079691945 4
    endloop
  endfacet
  facet normal 0.2181432413965423 0.9759167619387474 0
    outer loop
      vertex 1.1812769640330605 4.600770015360998 0
      vertex 0.8900612442821917 4.665864440961271 4
      vertex 1.1812769640330605 4.600770015360998 4
    endloop
  endfacet
  facet normal 0.27899110603923066 0.9602936856769427 0
    outer loop
      vertex 1.4678307232810002 4.517518452401979 0
      vertex 1.1812769640330605 4.600770015360998 4
      vertex 1.4678307232810002 4.517518452401979 4
    endloop
  endfacet
  facet normal 0.3971478906347802 0.9177546256839813 0
    outer loop
      vertex 1.7485916252522198 4.4164383079691945 0
      vertex 1.7485916252522198 4.4164383079691945 4
      vertex 2.0224516349340953 4.297928499213593 0
    endloop
  endfacet
  facet normal 0.45399049973954714 0.8910065241883676 0
    outer loop
      vertex 2.0224516349340953 4.297928499213593 0
      vertex 2.0224516349340953 4.297928499213593 4
      vertex 2.2883299519831475 4.162456730208352 0
    endloop
  endfacet
  facet normal 0.5620833778521305 0.8270805742745619 0
    outer loop
      vertex 2.545177276150234 4.010557646134572 0
      vertex 2.545177276150234 4.010557646134572 4
      vertex 2.7919799483892476 3.8428307232810006 0
    endloop
  endfacet
  facet normal 0.5090414157503704 0.8607420270039441 0
    outer loop
      vertex 2.545177276150234 4.010557646134572 0
      vertex 2.2883299519831475 4.162456730208352 0
      vertex 2.2883299519831475 4.162456730208352 4
    endloop
  endfacet
  facet normal 0.612907053652978 0.7901550123756892 0
    outer loop
      vertex 2.7919799483892476 3.8428307232810006 0
      vertex 2.7919799483892476 3.8428307232810006 4
      vertex 3.027763951306276 3.6599379031849986 0
    endloop
  endfacet
  facet normal 0.3971478906347802 0.9177546256839813 0
    outer loop
      vertex 1.7485916252522198 4.4164383079691945 4
      vertex 2.0224516349340953 4.297928499213593 4
      vertex 2.0224516349340953 4.297928499213593 0
    endloop
  endfacet
  facet normal 0.5090414157503704 0.8607420270039441 0
    outer loop
      vertex 2.545177276150234 4.010557646134572 0
      vertex 2.2883299519831475 4.162456730208352 4
      vertex 2.545177276150234 4.010557646134572 4
    endloop
  endfacet
  facet normal 0.45399049973954714 0.8910065241883676 0
    outer loop
      vertex 2.2883299519831475 4.162456730208352 0
      vertex 2.0224516349340953 4.297928499213593 4
      vertex 2.2883299519831475 4.162456730208352 4
    endloop
  endfacet
  facet normal 0.5620833778521305 0.8270805742745619 0
    outer loop
      vertex 2.7919799483892476 3.8428307232810006 0
      vertex 2.545177276150234 4.010557646134572 4
      vertex 2.7919799483892476 3.8428307232810006 4
    endloop
  endfacet
  facet normal 0.612907053652978 0.7901550123756892 0
    outer loop
      vertex 3.027763951306276 3.6599379031849986 0
      vertex 2.7919799483892476 3.8428307232810006 4
      vertex 3.027763951306276 3.6599379031849986 4
    endloop
  endfacet
  facet normal 0 0 -1
    outer loop
      vertex 3.8428307232810006 -2.7919799483892476 0
      vertex 3.8428307232810006 2.7919799483892476 0
      vertex 4.010557646134572 2.545177276150234 0
    endloop
  endfacet
  facet normal 0 0 -1
    outer loop
      vertex 4.010557646134573 -2.545177276150232 0
      vertex 4.010557646134572 2.545177276150234 0
      vertex 4.162456730208352 2.288329951983148 0
    endloop
  endfacet
  facet normal 0 0 -1
    outer loop
      vertex 4.162456730208351 -2.288329951983148 0
      vertex 4.162456730208352 2.288329951983148 0
      vertex 4.297928499213593 2.0224516349340953 0
    endloop
  endfacet
  facet normal 0 0 -1
    outer loop
      vertex 4.297928499213593 -2.022451634934094 0
      vertex 4.297928499213593 2.0224516349340953 0
      vertex 4.416438307969194 1.7485916252522204 0
    endloop
  endfacet
  facet normal 0 0 -1
    outer loop
      vertex 3.4626009802517053 -3.2515987531612702 0
      vertex 3.462600980251705 3.2515987531612716 0
      vertex 3.6599379031849986 3.027763951306276 0
    endloop
  endfacet
  facet normal 0 0 -1
    outer loop
      vertex 3.659937903184998 -3.0277639513062775 0
      vertex 3.6599379031849986 3.027763951306276 0
      vertex 3.8428307232810006 2.7919799483892476 0
    endloop
  endfacet
  facet normal 0 0 -1
    outer loop
      vertex 4.517518452401979 -1.4678307232810002 0
      vertex 4.517518452401979 1.4678307232810002 0
      vertex 4.600770015360998 1.1812769640330603 0
    endloop
  endfacet
  facet normal 0 0 -1
    outer loop
      vertex 4.665864440961271 -0.8900612442821929 0
      vertex 4.665864440961271 0.890061244282192 0
      vertex 4.71254483124377 0.5953328594304452 0
    endloop
  endfacet
  facet normal 0 0 -1
    outer loop
      vertex 4.71254483124377 -0.5953328594304443 0
      vertex 4.71254483124377 0.5953328594304452 0
      vertex 4.74062696003429 0.29825496776423854 0
    endloop
  endfacet
  facet normal 0 0 -1
    outer loop
      vertex 4.6007700153609985 -1.1812769640330585 0
      vertex 4.600770015360998 1.1812769640330603 0
      vertex 4.665864440961271 0.890061244282192 0
    endloop
  endfacet
  facet normal 0 0 -1
    outer loop
      vertex 4.416438307969194 -1.7485916252522222 0
      vertex 4.416438307969194 1.7485916252522204 0
      vertex 4.517518452401979 1.4678307232810002 0
    endloop
  endfacet
  facet normal 0.9995065603657316 0.031410759078127785 0
    outer loop
      vertex 4.75 0 0
      vertex 4.74062696003429 0.29825496776423854 0
      vertex 4.75 0 4
    endloop
  endfacet
  facet normal 0.9955619646030801 0.09410831331851345 0
    outer loop
      vertex 4.74062696003429 0.29825496776423854 0
      vertex 4.71254483124377 0.5953328594304452 0
      vertex 4.74062696003429 0.29825496776423854 4
    endloop
  endfacet
  facet normal 0.9876883405951374 0.15643446504023278 0
    outer loop
      vertex 4.71254483124377 0.5953328594304452 0
      vertex 4.665864440961271 0.890061244282192 0
      vertex 4.71254483124377 0.5953328594304452 4
    endloop
  endfacet
  facet normal 0.9602936856769427 0.27899110603923044 0
    outer loop
      vertex 4.517518452401979 1.4678307232810002 0
      vertex 4.600770015360998 1.1812769640330603 4
      vertex 4.600770015360998 1.1812769640330603 0
    endloop
  endfacet
  facet normal 0.9759167619387474 0.21814324139654268 0
    outer loop
      vertex 4.665864440961271 0.890061244282192 0
      vertex 4.600770015360998 1.1812769640330603 0
      vertex 4.665864440961271 0.890061244282192 4
    endloop
  endfacet
  facet normal 0.9408807689542255 0.33873792024529126 0
    outer loop
      vertex 4.517518452401979 1.4678307232810002 0
      vertex 4.416438307969194 1.7485916252522204 0
      vertex 4.517518452401979 1.4678307232810002 4
    endloop
  endfacet
  facet normal 0.9995065603657316 0.031410759078127785 0
    outer loop
      vertex 4.74062696003429 0.29825496776423854 0
      vertex 4.74062696003429 0.29825496776423854 4
      vertex 4.75 0 4
    endloop
  endfacet
  facet normal 0.9955619646030801 0.09410831331851345 0
    outer loop
      vertex 4.71254483124377 0.5953328594304452 0
      vertex 4.71254483124377 0.5953328594304452 4
      vertex 4.74062696003429 0.29825496776423854 4
    endloop
  endfacet
  facet normal 0.9876883405951374 0.15643446504023278 0
    outer loop
      vertex 4.665864440961271 0.890061244282192 0
      vertex 4.665864440961271 0.890061244282192 4
      vertex 4.71254483124377 0.5953328594304452 4
    endloop
  endfacet
  facet normal 0.9759167619387474 0.21814324139654268 0
    outer loop
      vertex 4.600770015360998 1.1812769640330603 0
      vertex 4.600770015360998 1.1812769640330603 4
      vertex 4.665864440961271 0.890061244282192 4
    endloop
  endfacet
  facet normal 0.9602936856769427 0.27899110603923044 0
    outer loop
      vertex 4.517518452401979 1.4678307232810002 0
      vertex 4.517518452401979 1.4678307232810002 4
      vertex 4.600770015360998 1.1812769640330603 4
    endloop
  endfacet
  facet normal 0.9408807689542255 0.33873792024529126 0
    outer loop
      vertex 4.416438307969194 1.7485916252522204 0
      vertex 4.416438307969194 1.7485916252522204 4
      vertex 4.517518452401979 1.4678307232810002 4
    endloop
  endfacet
  facet normal 0.9177546256839821 0.3971478906347785 0
    outer loop
      vertex 4.416438307969194 1.7485916252522204 0
      vertex 4.297928499213593 2.0224516349340953 0
      vertex 4.416438307969194 1.7485916252522204 4
    endloop
  endfacet
  facet normal 0.8910065241883679 0.4539904997395466 0
    outer loop
      vertex 4.297928499213593 2.0224516349340953 0
      vertex 4.162456730208352 2.288329951983148 0
      vertex 4.297928499213593 2.0224516349340953 4
    endloop
  endfacet
  facet normal 0.8607420270039438 0.5090414157503711 0
    outer loop
      vertex 4.010557646134572 2.545177276150234 0
      vertex 4.162456730208352 2.288329951983148 4
      vertex 4.162456730208352 2.288329951983148 0
    endloop
  endfacet
  facet normal 0.8270805742745619 0.5620833778521305 0
    outer loop
      vertex 4.010557646134572 2.545177276150234 0
      vertex 3.8428307232810006 2.7919799483892476 0
      vertex 4.010557646134572 2.545177276150234 4
    endloop
  endfacet
  facet normal 0.7501110696304606 0.6613118653236507 0
    outer loop
      vertex 3.462600980251705 3.2515987531612716 0
      vertex 3.6599379031849986 3.027763951306276 4
      vertex 3.6599379031849986 3.027763951306276 0
    endloop
  endfacet
  facet normal 0.7901550123756892 0.612907053652978 0
    outer loop
      vertex 3.8428307232810006 2.7919799483892476 0
      vertex 3.6599379031849986 3.027763951306276 0
      vertex 3.8428307232810006 2.7919799483892476 4
    endloop
  endfacet
  facet normal 0.8270805742745619 0.5620833778521305 0
    outer loop
      vertex 3.8428307232810006 2.7919799483892476 0
      vertex 3.8428307232810006 2.7919799483892476 4
      vertex 4.010557646134572 2.545177276150234 4
    endloop
  endfacet
  facet normal 0.9177546256839821 0.3971478906347785 0
    outer loop
      vertex 4.416438307969194 1.7485916252522204 4
      vertex 4.297928499213593 2.0224516349340953 0
      vertex 4.297928499213593 2.0224516349340953 4
    endloop
  endfacet
  facet normal 0.8910065241883679 0.4539904997395466 0
    outer loop
      vertex 4.162456730208352 2.288329951983148 0
      vertex 4.162456730208352 2.288329951983148 4
      vertex 4.297928499213593 2.0224516349340953 4
    endloop
  endfacet
  facet normal 0.8607420270039438 0.5090414157503711 0
    outer loop
      vertex 4.010557646134572 2.545177276150234 0
      vertex 4.010557646134572 2.545177276150234 4
      vertex 4.162456730208352 2.288329951983148 4
    endloop
  endfacet
  facet normal 0.7901550123756892 0.612907053652978 0
    outer loop
      vertex 3.6599379031849986 3.027763951306276 0
      vertex 3.6599379031849986 3.027763951306276 4
      vertex 3.8428307232810006 2.7919799483892476 4
    endloop
  endfacet
  facet normal 0.7501110696304606 0.6613118653236507 0
    outer loop
      vertex 3.462600980251705 3.2515987531612716 0
      vertex 3.462600980251705 3.2515987531612716 4
      vertex 3.6599379031849986 3.027763951306276 4
    endloop
  endfacet
  facet normal -0.6502666931558002 -0.7375827810218406 -0.18200238710607053
    outer loop
      vertex -3.2515987531612702 -3.4626009802517053 4
      vertex -3.70780529878873 -4.481966681984034 9.761037136134558
      vertex -3.7427256326142575 -4.482538115607694 9.88811793968716
    endloop
  endfacet
  facet normal -0.737582781021839 -0.6502666931558021 -0.18200238710607042
    outer loop
      vertex -3.6599379031849995 -3.0277639513062757 4
      vertex -3.4626009802517053 -3.2515987531612702 4
      vertex -5.586221010124473 -4.621323925677999 17.5
    endloop
  endfacet
  facet normal -0.6952967463923918 -0.6952967463923918 -0.18200238710607045
    outer loop
      vertex -3.4626009802517053 -3.2515987531612702 4
      vertex -3.2515987531612702 -3.4626009802517053 4
      vertex -5.285022548805235 -4.962966517982991 17.5
    endloop
  endfacet
  facet normal -0.6502666931558029 -0.7375827810218383 -0.18200238710607036
    outer loop
      vertex -3.2515987531612702 -3.4626009802517053 4
      vertex -3.9182118521102596 -4.502726179684398 10.59691750073928
      vertex -4.090874281184537 -4.540017690116857 11.364941508458433
    endloop
  endfacet
  facet normal -0.6502666931558021 -0.7375827810218388 -0.18200238710607036
    outer loop
      vertex -3.2515987531612702 -3.4626009802517053 4
      vertex -3.7427256326142575 -4.482538115607694 9.88811793968716
      vertex -3.9182118521102596 -4.502726179684398 10.59691750073928
    endloop
  endfacet
  facet normal -0.650266693155797 -0.7375827810218435 -0.18200238710607036
    outer loop
      vertex -3.2515987531612702 -3.4626009802517053 4
      vertex -4.090874281184537 -4.540017690116857 11.364941508458433
      vertex -4.25905008625822 -4.594053509273994 12.184793471805653
    endloop
  endfacet
  facet normal -0.9251662617338946 -0.3330803495209868 -0.18200238710607045
    outer loop
      vertex -4.4164383079691945 -1.7485916252522198 4
      vertex -6.895159743139863 -2.240373209218369 17.5
      vertex -4.517518452401979 -1.4678307232810002 4
    endloop
  endfacet
  facet normal -0.9711920574614408 -0.15382171046866483 -0.1820023871060705
    outer loop
      vertex -4.665864440961271 -0.8900612442821929 4
      vertex -5.753354697855419 -1.000026419435284 9.895949764499223
      vertex -5.662541724172961 -0.8485141262867958 9.28330549858086
    endloop
  endfacet
  facet normal -0.9442549456419201 -0.27433142131091515 -0.18200238710607045
    outer loop
      vertex -4.600770015360998 -1.1812769640330605 4
      vertex -4.517518452401979 -1.4678307232810002 4
      vertex -7.022227918182575 -1.8030016819451977 17.5
    endloop
  endfacet
  facet normal -0.959617086668548 -0.21449983231103156 -0.1820023871060703
    outer loop
      vertex -4.600770015360998 -1.1812769640330605 4
      vertex -5.858581183947074 -1.1419079114945618 10.585476449336108
      vertex -5.837568638682179 -1.1135757739797771 10.441295723831502
    endloop
  endfacet
  facet normal -0.9596170866685487 -0.214499832311028 -0.1820023871060705
    outer loop
      vertex -4.600770015360998 -1.1812769640330605 4
      vertex -5.977207793864214 -1.2727922061357857 11.36519578884146
      vertex -5.858581183947074 -1.1419079114945618 10.585476449336108
    endloop
  endfacet
  facet normal -0.9711920574614401 -0.15382171046866847 -0.18200238710607042
    outer loop
      vertex -4.665864440961271 -0.8900612442821929 4
      vertex -5.837568638682179 -1.1135757739797771 10.441295723831502
      vertex -5.753354697855419 -1.000026419435284 9.895949764499223
    endloop
  endfacet
  facet normal -0.959617086668548 -0.2144998323110316 -0.1820023871060704
    outer loop
      vertex -4.600770015360998 -1.1812769640330605 4
      vertex -6.108092088505439 -1.3914188160529266 12.195098054689788
      vertex -5.977207793864214 -1.2727922061357857 11.36519578884146
    endloop
  endfacet
  facet normal -0.9711920574614409 -0.15382171046866255 -0.18200238710607058
    outer loop
      vertex -4.665864440961271 -0.8900612442821929 4
      vertex -5.662541724172961 -0.8485141262867958 9.28330549858086
      vertex -5.595555194921237 -0.7068830098352906 8.80615392307033
    endloop
  endfacet
  facet normal -0.9789341768989787 -0.09253652460953604 -0.18200238710607036
    outer loop
      vertex -4.71254483124377 -0.5953328594304443 4
      vertex -5.587016841479684 -0.6888301782571616 8.751050072777772
      vertex -5.527507395682024 -0.5225124190580323 8.3464053924096
    endloop
  endfacet
  facet normal -0.9789341768989772 -0.09253652460955104 -0.18200238710607025
    outer loop
      vertex -4.71254483124377 -0.5953328594304443 4
      vertex -5.595555194921237 -0.7068830098352906 8.80615392307033
      vertex -5.587016841479684 -0.6888301782571616 8.751050072777772
    endloop
  endfacet
  facet normal -0.8463659899496101 -0.5005394511367796 -0.18200238710607047
    outer loop
      vertex -4.162456730208351 -2.288329951983148 4
      vertex -4.010557646134571 -2.5451772761502345 4
      vertex -6.35322343031801 -3.4927141372374364 17.5
    endloop
  endfacet
  facet normal -0.7769579133841141 -0.602670334359918 -0.1820023871060704
    outer loop
      vertex -3.6599379031849995 -3.0277639513062757 4
      vertex -5.865373209218369 -4.26144307912043 17.5
      vertex -3.8428307232810006 -2.7919799483892476 4
    endloop
  endfacet
  facet normal -0.8132667478205694 -0.5526955110881999 -0.1820023871060705
    outer loop
      vertex -3.8428307232810006 -2.7919799483892476 4
      vertex -6.121377459889609 -3.8847442635977267 17.5
      vertex -4.010557646134571 -2.5451772761502345 4
    endloop
  endfacet
  facet normal -0.8761250121841598 -0.44640799064644643 -0.18200238710607045
    outer loop
      vertex -4.162456730208351 -2.288329951983148 4
      vertex -6.559996130378642 -3.0868998638467753 17.5
      vertex -4.297928499213593 -2.022451634934094 4
    endloop
  endfacet
  facet normal -0.9024263692590635 -0.3905147617614428 -0.18200238710607047
    outer loop
      vertex -4.297928499213593 -2.022451634934094 4
      vertex -6.7408795226898235 -2.6689030069639146 17.5
      vertex -4.4164383079691945 -1.7485916252522198 4
    endloop
  endfacet
  facet normal -0.9596170866685483 -0.2144998323110299 -0.18200238710607042
    outer loop
      vertex -4.600770015360998 -1.1812769640330605 4
      vertex -5.837568638682179 -1.1135757739797771 10.441295723831502
      vertex -4.665864440961271 -0.8900612442821929 4
    endloop
  endfacet
  facet normal -0.9711920574614407 -0.15382171046866616 -0.1820023871060704
    outer loop
      vertex -4.665864440961271 -0.8900612442821929 4
      vertex -5.595555194921237 -0.7068830098352906 8.80615392307033
      vertex -4.71254483124377 -0.5953328594304443 4
    endloop
  endfacet
  facet normal -0.9789341768989788 -0.09253652460953536 -0.1820023871060704
    outer loop
      vertex -4.71254483124377 -0.5953328594304443 4
      vertex -5.483672875333082 -0.34500345427944507 8.020381246634972
      vertex -4.74062696003429 -0.29825496776423804 4
    endloop
  endfacet
  facet normal -0.9828128903727803 -0.03088613936368945 -0.18200238710607042
    outer loop
      vertex -4.74062696003429 -0.29825496776423804 4
      vertex -5.45 0 7.780000000000001
      vertex -4.75 0 4
    endloop
  endfacet
  facet normal -0.9789341768989789 -0.09253652460953525 -0.18200238710607042
    outer loop
      vertex -4.71254483124377 -0.5953328594304443 4
      vertex -5.527507395682024 -0.5225124190580323 8.3464053924096
      vertex -5.484586495274185 -0.35116257962903086 8.028426843524173
    endloop
  endfacet
  facet normal -0.9828128903727804 -0.03088613936369138 -0.18200238710607036
    outer loop
      vertex -4.74062696003429 -0.29825496776423804 4
      vertex -5.483672875333082 -0.34500345427944507 8.020381246634972
      vertex -5.458667491990045 -0.1764308525932091 7.856745096470231
    endloop
  endfacet
  facet normal -0.9789341768989809 -0.09253652460950837 -0.1820023871060722
    outer loop
      vertex -4.71254483124377 -0.5953328594304443 4
      vertex -5.484586495274185 -0.35116257962903086 8.028426843524173
      vertex -5.483672875333082 -0.34500345427944507 8.020381246634972
    endloop
  endfacet
  facet normal -0.9828128903727804 -0.030886139363689207 -0.18200238710607047
    outer loop
      vertex -4.74062696003429 -0.29825496776423804 4
      vertex -5.458667491990045 -0.1764308525932091 7.856745096470231
      vertex -5.45 0 7.780000000000001
    endloop
  endfacet
  facet normal -0.5526955110881998 -0.8132667478205694 -0.18200238710607053
    outer loop
      vertex -2.7919799483892476 -3.8428307232810006 4
      vertex -2.5451772761502345 -4.010557646134571 4
      vertex -2.9316592124521503 -4.619555730178855 7.894919917381419
    endloop
  endfacet
  facet normal -0.602670334359918 -0.7769579133841142 -0.1820023871060704
    outer loop
      vertex -3.0277639513062757 -3.6599379031849995 4
      vertex -2.7919799483892476 -3.8428307232810006 4
      vertex -3.2797276103103954 -4.514157786901355 8.480951783158453
    endloop
  endfacet
  facet normal -0.6502666931558021 -0.737582781021839 -0.18200238710607045
    outer loop
      vertex -3.0277639513062757 -3.6599379031849995 4
      vertex -3.70780529878873 -4.481966681984034 9.761037136134558
      vertex -3.2515987531612702 -3.4626009802517053 4
    endloop
  endfacet
  facet normal -0.552695511088201 -0.8132667478205687 -0.18200238710607047
    outer loop
      vertex -2.7919799483892476 -3.8428307232810006 4
      vertex -2.9316592124521503 -4.619555730178855 7.894919917381419
      vertex -3.046408962454309 -4.57420994434599 8.040761147131633
    endloop
  endfacet
  facet normal -0.5526955110882024 -0.8132667478205677 -0.18200238710607033
    outer loop
      vertex -2.7919799483892476 -3.8428307232810006 4
      vertex -3.046408962454309 -4.57420994434599 8.040761147131633
      vertex -3.2162627265381283 -4.52570561473798 8.339825656232366
    endloop
  endfacet
  facet normal -0.5005394511367753 -0.8463659899496127 -0.18200238710607056
    outer loop
      vertex -2.5451772761502345 -4.010557646134571 4
      vertex -2.8821273463520893 -4.639129292579064 7.849721303865335
      vertex -2.9316592124521503 -4.619555730178855 7.894919917381419
    endloop
  endfacet
  facet normal -0.5005394511367794 -0.8463659899496102 -0.18200238710607045
    outer loop
      vertex -2.5451772761502345 -4.010557646134571 4
      vertex -2.725 -4.719838450625191 7.79291463545654
      vertex -2.8821273463520893 -4.639129292579064 7.849721303865335
    endloop
  endfacet
  facet normal -0.3905147617614428 -0.9024263692590635 -0.1820023871060705
    outer loop
      vertex -2.022451634934094 -4.297928499213593 4
      vertex -1.7485916252522198 -4.4164383079691945 4
      vertex -2.3112446691438957 -5.048218033796012 8.339827713791259
    endloop
  endfacet
  facet normal -0.5005394511367784 -0.8463659899496107 -0.18200238710607042
    outer loop
      vertex -2.288329951983148 -4.162456730208351 4
      vertex -2.6288387132070405 -4.781839867514653 7.816779008561946
      vertex -2.725 -4.719838450625191 7.79291463545654
    endloop
  endfacet
  facet normal -0.44640799064644965 -0.8761250121841583 -0.18200238710607036
    outer loop
      vertex -2.288329951983148 -4.162456730208351 4
      vertex -2.576540145637956 -4.815560145172272 7.850826255468774
      vertex -2.6288387132070405 -4.781839867514653 7.816779008561946
    endloop
  endfacet
  facet normal -0.39051476176143873 -0.9024263692590653 -0.1820023871060706
    outer loop
      vertex -2.022451634934094 -4.297928499213593 4
      vertex -2.3112446691438957 -5.048218033796012 8.339827713791259
      vertex -2.355401536990008 -5.005483057324507 8.22267946497148
    endloop
  endfacet
  facet normal -0.4464079906464456 -0.8761250121841604 -0.18200238710607042
    outer loop
      vertex -2.022451634934094 -4.297928499213593 4
      vertex -2.4381775328198763 -4.925372523975021 8.040072101611141
      vertex -2.576540145637956 -4.815560145172272 7.850826255468774
    endloop
  endfacet
  facet normal -0.4464079906464503 -0.8761250121841578 -0.18200238710607047
    outer loop
      vertex -2.022451634934094 -4.297928499213593 4
      vertex -2.355401536990008 -5.005483057324507 8.22267946497148
      vertex -2.4381775328198763 -4.925372523975021 8.040072101611141
    endloop
  endfacet
  facet normal -0.5005394511367796 -0.8463659899496101 -0.18200238710607047
    outer loop
      vertex -2.288329951983148 -4.162456730208351 4
      vertex -2.725 -4.719838450625191 7.79291463545654
      vertex -2.5451772761502345 -4.010557646134571 4
    endloop
  endfacet
  facet normal -0.44640799064644643 -0.87612501218416 -0.18200238710607047
    outer loop
      vertex -2.288329951983148 -4.162456730208351 4
      vertex -2.022451634934094 -4.297928499213593 4
      vertex -2.576540145637956 -4.815560145172272 7.850826255468774
    endloop
  endfacet
  facet normal -0.602670334359918 -0.7769579133841142 -0.18200238710607042
    outer loop
      vertex -3.0277639513062757 -3.6599379031849995 4
      vertex -3.3900528540039074 -4.4940834269643215 8.760578987532696
      vertex -3.566105650920803 -4.479647919979722 9.281923889136698
    endloop
  endfacet
  facet normal -0.602670334359918 -0.7769579133841141 -0.18200238710607042
    outer loop
      vertex -3.0277639513062757 -3.6599379031849995 4
      vertex -3.2797276103103954 -4.514157786901355 8.480951783158453
      vertex -3.3900528540039074 -4.4940834269643215 8.760578987532696
    endloop
  endfacet
  facet normal -0.5526955110881987 -0.8132667478205703 -0.18200238710607042
    outer loop
      vertex -2.7919799483892476 -3.8428307232810006 4
      vertex -3.2162627265381283 -4.52570561473798 8.339825656232366
      vertex -3.2797276103103954 -4.514157786901355 8.480951783158453
    endloop
  endfacet
  facet normal -0.6026703343599177 -0.7769579133841146 -0.18200238710607042
    outer loop
      vertex -3.0277639513062757 -3.6599379031849995 4
      vertex -3.566105650920803 -4.479647919979722 9.281923889136698
      vertex -3.70780529878873 -4.481966681984034 9.761037136134558
    endloop
  endfacet
  facet normal -0.3330803495210213 -0.9251662617338824 -0.18200238710607028
    outer loop
      vertex -1.7485916252522198 -4.4164383079691945 4
      vertex -2.096436073252158 -5.328162046266518 9.271118737878036
      vertex -2.1047897762329084 -5.316092141660636 9.225052231012945
    endloop
  endfacet
  facet normal -0.33308034952098836 -0.9251662617338942 -0.18200238710607056
    outer loop
      vertex -1.7485916252522198 -4.4164383079691945 4
      vertex -2.010629065241161 -5.482564535042977 9.898953058850314
      vertex -2.096436073252158 -5.328162046266518 9.271118737878036
    endloop
  endfacet
  facet normal -0.3905147617614415 -0.9024263692590642 -0.1820023871060704
    outer loop
      vertex -1.7485916252522198 -4.4164383079691945 4
      vertex -2.196963987475777 -5.182913605221483 8.762484490575021
      vertex -2.3112446691438957 -5.048218033796012 8.339827713791259
    endloop
  endfacet
  facet normal -0.39051476176144434 -0.9024263692590628 -0.1820023871060704
    outer loop
      vertex -1.7485916252522198 -4.4164383079691945 4
      vertex -2.1047897762329084 -5.316092141660636 9.225052231012945
      vertex -2.196963987475777 -5.182913605221483 8.762484490575021
    endloop
  endfacet
  facet normal -0.3330803495209812 -0.9251662617338967 -0.18200238710607045
    outer loop
      vertex -1.4678307232810002 -4.517518452401979 4
      vertex -1.940369331836814 -5.644634091178959 10.594213988356042
      vertex -2.010629065241161 -5.482564535042977 9.898953058850314
    endloop
  endfacet
  facet normal -0.3330803495209865 -0.9251662617338949 -0.18200238710607047
    outer loop
      vertex -1.4678307232810002 -4.517518452401979 4
      vertex -1.887508361674443 -5.809153411006067 11.333768978979885
      vertex -1.940369331836814 -5.644634091178959 10.594213988356042
    endloop
  endfacet
  facet normal -0.2743314213109203 -0.9442549456419185 -0.18200238710607042
    outer loop
      vertex -1.4678307232810002 -4.517518452401979 4
      vertex -1.849042002247218 -5.985472325326921 12.190557058976182
      vertex -1.886333512679677 -5.812809896252643 11.350968513189086
    endloop
  endfacet
  facet normal -0.21449983231102993 -0.9596170866685483 -0.18200238710607042
    outer loop
      vertex -1.1812769640330605 -4.600770015360998 4
      vertex -0.8900612442821929 -4.665864440961271 4
      vertex -1.358514530746505 -7.121582567782992 17.5
    endloop
  endfacet
  facet normal -0.15382171046866616 -0.9711920574614405 -0.18200238710607045
    outer loop
      vertex -0.8900612442821929 -4.665864440961271 4
      vertex -0.5953328594304443 -4.71254483124377 4
      vertex -0.9086659433412044 -7.192831584529965 17.5
    endloop
  endfacet
  facet normal -0.09253652460953607 -0.9789341768989788 -0.18200238710607042
    outer loop
      vertex -0.5953328594304443 -4.71254483124377 4
      vertex -0.2982549677642404 -4.74062696003429 4
      vertex -0.4552312665875248 -7.235693781104969 17.5
    endloop
  endfacet
  facet normal -0.030886139363689207 -0.9828128903727803 -0.18200238710607042
    outer loop
      vertex -0.2982549677642404 -4.74062696003429 4
      vertex 0 -4.75 4
      vertex 0 -7.25 17.5
    endloop
  endfacet
  facet normal -0.3330803495209868 -0.9251662617338947 -0.1820023871060706
    outer loop
      vertex -1.7485916252522198 -4.4164383079691945 4
      vertex -1.4678307232810002 -4.517518452401979 4
      vertex -2.010629065241161 -5.482564535042977 9.898953058850314
    endloop
  endfacet
  facet normal -0.27433142131091515 -0.9442549456419201 -0.18200238710607045
    outer loop
      vertex -1.1812769640330605 -4.600770015360998 4
      vertex -1.8030016819451977 -7.022227918182575 17.5
      vertex -1.4678307232810002 -4.517518452401979 4
    endloop
  endfacet
  facet normal -0.2743314213108254 -0.9442549456419467 -0.18200238710606725
    outer loop
      vertex -1.4678307232810002 -4.517518452401979 4
      vertex -1.886333512679677 -5.812809896252643 11.350968513189086
      vertex -1.887508361674443 -5.809153411006067 11.333768978979885
    endloop
  endfacet
  facet normal -0.8132667478205681 -0.5526955110882019 -0.1820023871060704
    outer loop
      vertex -3.8428307232810006 -2.7919799483892476 4
      vertex -5.865373209218369 -4.26144307912043 17.5
      vertex -6.121377459889609 -3.8847442635977267 17.5
    endloop
  endfacet
  facet normal -0.6502666931558099 -0.7375827810218318 -0.18200238710607103
    outer loop
      vertex -3.2515987531612702 -3.4626009802517053 4
      vertex -4.25905008625822 -4.594053509273994 12.184793471805653
      vertex -4.351904158421596 -4.634307228178691 12.67967907094581
    endloop
  endfacet
  facet normal -0.6952967463923918 -0.6952967463923918 -0.18200238710607008
    outer loop
      vertex -3.2515987531612702 -3.4626009802517053 4
      vertex -4.351904158421596 -4.634307228178691 12.67967907094581
      vertex -4.421119642394203 -4.664313242678341 13.058731160079848
    endloop
  endfacet
  facet normal -0.6952967463923956 -0.695296746392388 -0.18200238710607033
    outer loop
      vertex -3.2515987531612702 -3.4626009802517053 4
      vertex -4.421119642394203 -4.664313242678341 13.058731160079848
      vertex -4.575522131170662 -4.750120250689338 13.976394297495375
    endloop
  endfacet
  facet normal -0.6952967463923798 -0.6952967463924038 -0.18200238710606984
    outer loop
      vertex -3.2515987531612702 -3.4626009802517053 4
      vertex -4.575522131170662 -4.750120250689338 13.976394297495375
      vertex -4.720770572215697 -4.850648164912957 14.91532429108322
    endloop
  endfacet
  facet normal -0.6952967463923914 -0.6952967463923924 -0.18200238710607025
    outer loop
      vertex -3.2515987531612702 -3.4626009802517053 4
      vertex -4.855466143641168 -4.964928846581075 15.866478731733784
      vertex -5.285022548805235 -4.962966517982991 17.5
    endloop
  endfacet
  facet normal -0.776957913384115 -0.6026703343599169 -0.1820023871060704
    outer loop
      vertex -3.6599379031849995 -3.0277639513062757 4
      vertex -5.586221010124473 -4.621323925677999 17.5
      vertex -5.865373209218369 -4.26144307912043 17.5
    endloop
  endfacet
  facet normal -0.7375827810218397 -0.6502666931558012 -0.18200238710607045
    outer loop
      vertex -3.4626009802517053 -3.2515987531612702 4
      vertex -5.285022548805235 -4.962966517982991 17.5
      vertex -5.586221010124473 -4.621323925677999 17.5
    endloop
  endfacet
  facet normal -0.6952967463924083 -0.6952967463923745 -0.18200238710607378
    outer loop
      vertex -3.2515987531612702 -3.4626009802517053 4
      vertex -4.720770572215697 -4.850648164912957 14.91532429108322
      vertex -4.855466143641168 -4.964928846581075 15.866478731733784
    endloop
  endfacet
  facet normal -0.6952967463923924 -0.6952967463923911 -0.18200238710607064
    outer loop
      vertex -5.285022548805235 -4.962966517982991 17.5
      vertex -4.855466143641168 -4.964928846581075 15.866478731733784
      vertex -4.97831165346216 -5.091861710257056 16.820697482229697
    endloop
  endfacet
  facet normal -0.6952967463923918 -0.6952967463923918 -0.18200238710607036
    outer loop
      vertex -5.285022548805235 -4.962966517982991 17.5
      vertex -4.97831165346216 -5.091861710257056 16.820697482229697
      vertex -5.05699148020443 -5.190997586583796 17.5
    endloop
  endfacet
  facet normal -0.8463659899496103 -0.5005394511367793 -0.18200238710607047
    outer loop
      vertex -4.010557646134571 -2.5451772761502345 4
      vertex -6.121377459889609 -3.8847442635977267 17.5
      vertex -6.35322343031801 -3.4927141372374364 17.5
    endloop
  endfacet
  facet normal -0.87612501218416 -0.4464079906464462 -0.18200238710607042
    outer loop
      vertex -4.162456730208351 -2.288329951983148 4
      vertex -6.35322343031801 -3.4927141372374364 17.5
      vertex -6.559996130378642 -3.0868998638467753 17.5
    endloop
  endfacet
  facet normal -0.9024263692590635 -0.3905147617614426 -0.18200238710607045
    outer loop
      vertex -4.297928499213593 -2.022451634934094 4
      vertex -6.559996130378642 -3.0868998638467753 17.5
      vertex -6.7408795226898235 -2.6689030069639146 17.5
    endloop
  endfacet
  facet normal -0.9251662617338947 -0.33308034952098664 -0.1820023871060705
    outer loop
      vertex -4.4164383079691945 -1.7485916252522198 4
      vertex -6.7408795226898235 -2.6689030069639146 17.5
      vertex -6.895159743139863 -2.240373209218369 17.5
    endloop
  endfacet
  facet normal -0.9442549456419201 -0.2743314213109145 -0.18200238710607047
    outer loop
      vertex -4.517518452401979 -1.4678307232810002 4
      vertex -6.895159743139863 -2.240373209218369 17.5
      vertex -7.022227918182575 -1.8030016819451977 17.5
    endloop
  endfacet
  facet normal -0.9596170866685478 -0.21449983231103242 -0.1820023871060704
    outer loop
      vertex -4.600770015360998 -1.1812769640330605 4
      vertex -6.401485873713204 -1.587458275827039 13.973075397739882
      vertex -6.249973580564716 -1.4966453021445814 13.067190834390233
    endloop
  endfacet
  facet normal -0.959617086668549 -0.21449983231102762 -0.18200238710607047
    outer loop
      vertex -4.600770015360998 -1.1812769640330605 4
      vertex -6.249973580564716 -1.4966453021445814 13.067190834390233
      vertex -6.108092088505439 -1.3914188160529266 12.195098054689788
    endloop
  endfacet
  facet normal -0.9596170866685495 -0.21449983231102507 -0.1820023871060702
    outer loop
      vertex -4.600770015360998 -1.1812769640330605 4
      vertex -6.561169821742839 -1.662983158520316 14.904027581186801
      vertex -6.401485873713204 -1.587458275827039 13.973075397739882
    endloop
  endfacet
  facet normal -0.9596170866685504 -0.21449983231102018 -0.18200238710607045
    outer loop
      vertex -4.600770015360998 -1.1812769640330605 4
      vertex -6.727487580941967 -1.722492604317976 15.851081806294161
      vertex -6.561169821742839 -1.662983158520316 14.904027581186801
    endloop
  endfacet
  facet normal -0.9596170866685311 -0.21449983231111117 -0.1820023871060654
    outer loop
      vertex -4.600770015360998 -1.1812769640330605 4
      vertex -7.022227918182575 -1.8030016819451977 17.5
      vertex -6.727487580941967 -1.722492604317976 15.851081806294161
    endloop
  endfacet
  facet normal -0.9596170866685222 -0.21449983231114636 -0.18200238710607095
    outer loop
      vertex -7.022227918182575 -1.8030016819451977 17.5
      vertex -6.8988374203709695 -1.7654135047258148 16.805117423161686
      vertex -6.727487580941967 -1.722492604317976 15.851081806294161
    endloop
  endfacet
  facet normal -0.9596170866685497 -0.21449983231102412 -0.18200238710606959
    outer loop
      vertex -7.022227918182575 -1.8030016819451977 17.5
      vertex -7.026400267170603 -1.7843356655790414 17.5
      vertex -6.8988374203709695 -1.7654135047258148 16.805117423161686
    endloop
  endfacet
  facet normal -0.2743314213109154 -0.9442549456419198 -0.18200238710607047
    outer loop
      vertex -1.4678307232810002 -4.517518452401979 4
      vertex -1.8288539381705138 -6.160958544822922 13.070575793269379
      vertex -1.849042002247218 -5.985472325326921 12.190557058976182
    endloop
  endfacet
  facet normal -0.2743314213109071 -0.9442549456419221 -0.18200238710607056
    outer loop
      vertex -1.4678307232810002 -4.517518452401979 4
      vertex -1.825963742542542 -6.337578526516377 13.982549654590269
      vertex -1.8288539381705138 -6.160958544822922 13.070575793269379
    endloop
  endfacet
  facet normal -0.2743314213109208 -0.9442549456419183 -0.18200238710607006
    outer loop
      vertex -1.4678307232810002 -4.517518452401979 4
      vertex -1.8403992495271415 -6.513631323433272 14.917695836118693
      vertex -1.825963742542542 -6.337578526516377 13.982549654590269
    endloop
  endfacet
  facet normal -0.27433142131102994 -0.9442549456418837 -0.18200238710608518
    outer loop
      vertex -1.4678307232810002 -4.517518452401979 4
      vertex -1.8720214373007993 -6.687421450899051 15.867008368923635
      vertex -1.8403992495271415 -6.513631323433272 14.917695836118693
    endloop
  endfacet
  facet normal -0.2743314213109132 -0.9442549456419206 -0.18200238710607053
    outer loop
      vertex -1.4678307232810002 -4.517518452401979 4
      vertex -1.8030016819451977 -7.022227918182575 17.5
      vertex -1.8720214373007993 -6.687421450899051 15.867008368923635
    endloop
  endfacet
  facet normal -0.21449983231102893 -0.9596170866685485 -0.18200238710607042
    outer loop
      vertex -1.1812769640330605 -4.600770015360998 4
      vertex -1.358514530746505 -7.121582567782992 17.5
      vertex -1.8030016819451977 -7.022227918182575 17.5
    endloop
  endfacet
  facet normal -0.15382171046866697 -0.9711920574614403 -0.1820023871060704
    outer loop
      vertex -0.8900612442821929 -4.665864440961271 4
      vertex -0.9086659433412044 -7.192831584529965 17.5
      vertex -1.358514530746505 -7.121582567782992 17.5
    endloop
  endfacet
  facet normal -0.09253652460953522 -0.9789341768989788 -0.18200238710607045
    outer loop
      vertex -0.5953328594304443 -4.71254483124377 4
      vertex -0.4552312665875248 -7.235693781104969 17.5
      vertex -0.9086659433412044 -7.192831584529965 17.5
    endloop
  endfacet
  facet normal -0.030886139363690824 -0.9828128903727802 -0.1820023871060704
    outer loop
      vertex -0.2982549677642404 -4.74062696003429 4
      vertex 0 -7.25 17.5
      vertex -0.4552312665875248 -7.235693781104969 17.5
    endloop
  endfacet
  facet normal -0.27433142131091776 -0.9442549456419194 -0.18200238710607
    outer loop
      vertex -1.8030016819451977 -7.022227918182575 17.5
      vertex -1.92052576690881 -6.857275214982871 16.821344854367176
      vertex -1.8720214373007993 -6.687421450899051 15.867008368923635
    endloop
  endfacet
  facet normal -0.2743314213109129 -0.9442549456419205 -0.18200238710607108
    outer loop
      vertex -1.8030016819451977 -7.022227918182575 17.5
      vertex -1.9668941701194598 -6.974612748751334 17.5
      vertex -1.92052576690881 -6.857275214982871 16.821344854367176
    endloop
  endfacet
  facet normal -0.9789341768989787 0.09253652460953604 -0.18200238710607036
    outer loop
      vertex -4.71254483124377 0.5953328594304443 4
      vertex -5.527507395682024 0.5225124190580323 8.3464053924096
      vertex -5.587016841479684 0.6888301782571616 8.751050072777772
    endloop
  endfacet
  facet normal -0.9789341768989772 0.09253652460955104 -0.18200238710607025
    outer loop
      vertex -4.71254483124377 0.5953328594304443 4
      vertex -5.587016841479684 0.6888301782571616 8.751050072777772
      vertex -5.595555194921237 0.7068830098352906 8.80615392307033
    endloop
  endfacet
  facet normal -0.9711920574614409 0.15382171046866255 -0.18200238710607058
    outer loop
      vertex -4.665864440961271 0.8900612442821929 4
      vertex -5.595555194921237 0.7068830098352906 8.80615392307033
      vertex -5.662541724172961 0.8485141262867958 9.28330549858086
    endloop
  endfacet
  facet normal -0.9711920574614408 0.15382171046866483 -0.1820023871060705
    outer loop
      vertex -4.665864440961271 0.8900612442821929 4
      vertex -5.662541724172961 0.8485141262867958 9.28330549858086
      vertex -5.753354697855419 1.000026419435284 9.895949764499223
    endloop
  endfacet
  facet normal -0.9711920574614401 0.15382171046866847 -0.18200238710607042
    outer loop
      vertex -4.665864440961271 0.8900612442821929 4
      vertex -5.753354697855419 1.000026419435284 9.895949764499223
      vertex -5.837568638682179 1.1135757739797771 10.441295723831502
    endloop
  endfacet
  facet normal -0.959617086668548 0.21449983231103156 -0.1820023871060703
    outer loop
      vertex -4.600770015360998 1.1812769640330605 4
      vertex -5.837568638682179 1.1135757739797771 10.441295723831502
      vertex -5.858581183947074 1.1419079114945618 10.585476449336108
    endloop
  endfacet
  facet normal -0.9596170866685487 0.214499832311028 -0.1820023871060705
    outer loop
      vertex -4.600770015360998 1.1812769640330605 4
      vertex -5.858581183947074 1.1419079114945618 10.585476449336108
      vertex -5.977207793864214 1.2727922061357857 11.36519578884146
    endloop
  endfacet
  facet normal -0.959617086668548 0.2144998323110316 -0.1820023871060704
    outer loop
      vertex -4.600770015360998 1.1812769640330605 4
      vertex -5.977207793864214 1.2727922061357857 11.36519578884146
      vertex -6.108092088505439 1.3914188160529266 12.195098054689788
    endloop
  endfacet
  facet normal -0.9442549456419201 0.27433142131091515 -0.18200238710607045
    outer loop
      vertex -4.600770015360998 1.1812769640330605 4
      vertex -7.022227918182575 1.8030016819451977 17.5
      vertex -4.517518452401979 1.4678307232810002 4
    endloop
  endfacet
  facet normal -0.9251662617338946 0.3330803495209868 -0.18200238710607047
    outer loop
      vertex -4.517518452401979 1.4678307232810002 4
      vertex -6.895159743139863 2.240373209218369 17.5
      vertex -4.4164383079691945 1.7485916252522198 4
    endloop
  endfacet
  facet normal -0.9828128903727803 0.03088613936368945 -0.18200238710607042
    outer loop
      vertex -4.75 0 4
      vertex -5.45 0 7.780000000000001
      vertex -4.74062696003429 0.29825496776423804 4
    endloop
  endfacet
  facet normal -0.9789341768989788 0.09253652460953536 -0.1820023871060704
    outer loop
      vertex -4.74062696003429 0.29825496776423804 4
      vertex -5.483672875333082 0.34500345427944507 8.020381246634972
      vertex -4.71254483124377 0.5953328594304443 4
    endloop
  endfacet
  facet normal -0.9711920574614407 0.15382171046866616 -0.1820023871060704
    outer loop
      vertex -4.71254483124377 0.5953328594304443 4
      vertex -5.595555194921237 0.7068830098352906 8.80615392307033
      vertex -4.665864440961271 0.8900612442821929 4
    endloop
  endfacet
  facet normal -0.9828128903727804 0.030886139363689207 -0.18200238710607047
    outer loop
      vertex -4.74062696003429 0.29825496776423804 4
      vertex -5.45 0 7.780000000000001
      vertex -5.458667491990045 0.1764308525932091 7.856745096470231
    endloop
  endfacet
  facet normal -0.9828128903727804 0.03088613936369138 -0.18200238710607036
    outer loop
      vertex -4.74062696003429 0.29825496776423804 4
      vertex -5.458667491990045 0.1764308525932091 7.856745096470231
      vertex -5.483672875333082 0.34500345427944507 8.020381246634972
    endloop
  endfacet
  facet normal -0.9789341768989809 0.09253652460950837 -0.1820023871060722
    outer loop
      vertex -4.71254483124377 0.5953328594304443 4
      vertex -5.483672875333082 0.34500345427944507 8.020381246634972
      vertex -5.484586495274185 0.35116257962903086 8.028426843524173
    endloop
  endfacet
  facet normal -0.9789341768989789 0.09253652460953525 -0.18200238710607042
    outer loop
      vertex -4.71254483124377 0.5953328594304443 4
      vertex -5.484586495274185 0.35116257962903086 8.028426843524173
      vertex -5.527507395682024 0.5225124190580323 8.3464053924096
    endloop
  endfacet
  facet normal -0.9596170866685483 0.2144998323110299 -0.18200238710607042
    outer loop
      vertex -4.665864440961271 0.8900612442821929 4
      vertex -5.837568638682179 1.1135757739797771 10.441295723831502
      vertex -4.600770015360998 1.1812769640330605 4
    endloop
  endfacet
  facet normal -0.9024263692590635 0.3905147617614428 -0.18200238710607047
    outer loop
      vertex -4.4164383079691945 1.7485916252522198 4
      vertex -6.7408795226898235 2.6689030069639146 17.5
      vertex -4.297928499213593 2.022451634934094 4
    endloop
  endfacet
  facet normal -0.8761250121841598 0.44640799064644643 -0.18200238710607045
    outer loop
      vertex -4.297928499213593 2.022451634934094 4
      vertex -6.559996130378642 3.0868998638467753 17.5
      vertex -4.162456730208351 2.288329951983148 4
    endloop
  endfacet
  facet normal -0.8463659899496101 0.5005394511367796 -0.18200238710607047
    outer loop
      vertex -4.162456730208351 2.288329951983148 4
      vertex -6.35322343031801 3.4927141372374364 17.5
      vertex -4.010557646134571 2.5451772761502345 4
    endloop
  endfacet
  facet normal -0.8132667478205694 0.5526955110881999 -0.1820023871060705
    outer loop
      vertex -4.010557646134571 2.5451772761502345 4
      vertex -6.121377459889609 3.8847442635977267 17.5
      vertex -3.8428307232810006 2.7919799483892476 4
    endloop
  endfacet
  facet normal -0.7769579133841141 0.602670334359918 -0.1820023871060704
    outer loop
      vertex -3.8428307232810006 2.7919799483892476 4
      vertex -5.865373209218369 4.26144307912043 17.5
      vertex -3.6599379031849995 3.0277639513062757 4
    endloop
  endfacet
  facet normal -0.6502666931558002 0.7375827810218406 -0.18200238710607053
    outer loop
      vertex -3.2515987531612702 3.4626009802517053 4
      vertex -3.7427256326142575 4.482538115607694 9.88811793968716
      vertex -3.70780529878873 4.481966681984034 9.761037136134558
    endloop
  endfacet
  facet normal -0.737582781021839 0.6502666931558021 -0.18200238710607042
    outer loop
      vertex -3.6599379031849995 3.0277639513062757 4
      vertex -5.586221010124473 4.621323925677999 17.5
      vertex -3.4626009802517053 3.2515987531612702 4
    endloop
  endfacet
  facet normal -0.6952967463923918 0.6952967463923918 -0.18200238710607045
    outer loop
      vertex -3.4626009802517053 3.2515987531612702 4
      vertex -5.285022548805235 4.962966517982991 17.5
      vertex -3.2515987531612702 3.4626009802517053 4
    endloop
  endfacet
  facet normal -0.6502666931558029 0.7375827810218383 -0.18200238710607036
    outer loop
      vertex -3.2515987531612702 3.4626009802517053 4
      vertex -4.090874281184537 4.540017690116857 11.364941508458433
      vertex -3.9182118521102596 4.502726179684398 10.59691750073928
    endloop
  endfacet
  facet normal -0.6502666931558021 0.7375827810218388 -0.18200238710607036
    outer loop
      vertex -3.2515987531612702 3.4626009802517053 4
      vertex -3.9182118521102596 4.502726179684398 10.59691750073928
      vertex -3.7427256326142575 4.482538115607694 9.88811793968716
    endloop
  endfacet
  facet normal -0.650266693155797 0.7375827810218435 -0.18200238710607036
    outer loop
      vertex -3.2515987531612702 3.4626009802517053 4
      vertex -4.25905008625822 4.594053509273994 12.184793471805653
      vertex -4.090874281184537 4.540017690116857 11.364941508458433
    endloop
  endfacet
  facet normal -0.602670334359918 0.7769579133841142 -0.1820023871060704
    outer loop
      vertex -3.0277639513062757 3.6599379031849995 4
      vertex -3.2797276103103954 4.514157786901355 8.480951783158453
      vertex -2.7919799483892476 3.8428307232810006 4
    endloop
  endfacet
  facet normal -0.5526955110881998 0.8132667478205694 -0.18200238710607053
    outer loop
      vertex -2.7919799483892476 3.8428307232810006 4
      vertex -2.9316592124521503 4.619555730178855 7.894919917381419
      vertex -2.5451772761502345 4.010557646134571 4
    endloop
  endfacet
  facet normal -0.6502666931558021 0.737582781021839 -0.18200238710607045
    outer loop
      vertex -3.2515987531612702 3.4626009802517053 4
      vertex -3.70780529878873 4.481966681984034 9.761037136134558
      vertex -3.0277639513062757 3.6599379031849995 4
    endloop
  endfacet
  facet normal -0.552695511088201 0.8132667478205687 -0.18200238710607047
    outer loop
      vertex -2.7919799483892476 3.8428307232810006 4
      vertex -3.046408962454309 4.57420994434599 8.040761147131633
      vertex -2.9316592124521503 4.619555730178855 7.894919917381419
    endloop
  endfacet
  facet normal -0.5526955110882024 0.8132667478205677 -0.18200238710607033
    outer loop
      vertex -2.7919799483892476 3.8428307232810006 4
      vertex -3.2162627265381283 4.52570561473798 8.339825656232366
      vertex -3.046408962454309 4.57420994434599 8.040761147131633
    endloop
  endfacet
  facet normal -0.5005394511367778 0.8463659899496111 -0.18200238710607067
    outer loop
      vertex -2.5451772761502345 4.010557646134571 4
      vertex -2.9316592124521503 4.619555730178855 7.894919917381419
      vertex -2.8821273463520893 4.639129292579064 7.849721303865334
    endloop
  endfacet
  facet normal -0.5005394511367789 0.8463659899496105 -0.18200238710607047
    outer loop
      vertex -2.5451772761502345 4.010557646134571 4
      vertex -2.8821273463520893 4.639129292579064 7.849721303865334
      vertex -2.725 4.719838450625191 7.79291463545654
    endloop
  endfacet
  facet normal -0.500539451136781 0.8463659899496091 -0.1820023871060704
    outer loop
      vertex -2.5451772761502345 4.010557646134571 4
      vertex -2.6288387132070397 4.781839867514654 7.816779008561945
      vertex -2.2883299519831475 4.162456730208352 4
    endloop
  endfacet
  facet normal -0.4464079906464465 0.87612501218416 -0.18200238710607045
    outer loop
      vertex -2.2883299519831475 4.162456730208352 4
      vertex -2.4381775328198763 4.925372523975021 8.040072101611138
      vertex -2.0224516349340953 4.297928499213593 4
    endloop
  endfacet
  facet normal -0.5005394511367821 0.8463659899496085 -0.1820023871060703
    outer loop
      vertex -2.5451772761502345 4.010557646134571 4
      vertex -2.725 4.719838450625191 7.79291463545654
      vertex -2.6288387132070397 4.781839867514654 7.816779008561945
    endloop
  endfacet
  facet normal -0.3905147617614411 0.9024263692590642 -0.18200238710607047
    outer loop
      vertex -2.0224516349340953 4.297928499213593 4
      vertex -2.196963987475777 5.182913605221483 8.76248449057502
      vertex -1.7485916252522198 4.4164383079691945 4
    endloop
  endfacet
  facet normal -0.4464079906464457 0.8761250121841602 -0.18200238710607045
    outer loop
      vertex -2.2883299519831475 4.162456730208352 4
      vertex -2.6288387132070397 4.781839867514654 7.816779008561945
      vertex -2.576540145637956 4.815560145172272 7.850826255468772
    endloop
  endfacet
  facet normal -0.44640799064644715 0.8761250121841596 -0.1820023871060704
    outer loop
      vertex -2.2883299519831475 4.162456730208352 4
      vertex -2.576540145637956 4.815560145172272 7.850826255468772
      vertex -2.4381775328198763 4.925372523975021 8.040072101611138
    endloop
  endfacet
  facet normal -0.446407990646448 0.8761250121841592 -0.18200238710607047
    outer loop
      vertex -2.0224516349340953 4.297928499213593 4
      vertex -2.4381775328198763 4.925372523975021 8.040072101611138
      vertex -2.355401536990009 5.005483057324506 8.222679464971476
    endloop
  endfacet
  facet normal -0.39051476176144156 0.902426369259064 -0.18200238710607042
    outer loop
      vertex -2.0224516349340953 4.297928499213593 4
      vertex -2.355401536990009 5.005483057324506 8.222679464971476
      vertex -2.3112446691438957 5.048218033796012 8.339827713791257
    endloop
  endfacet
  facet normal -0.602670334359918 0.7769579133841142 -0.18200238710607042
    outer loop
      vertex -3.0277639513062757 3.6599379031849995 4
      vertex -3.566105650920803 4.479647919979722 9.281923889136698
      vertex -3.3900528540039074 4.4940834269643215 8.760578987532696
    endloop
  endfacet
  facet normal -0.602670334359918 0.7769579133841141 -0.18200238710607042
    outer loop
      vertex -3.0277639513062757 3.6599379031849995 4
      vertex -3.3900528540039074 4.4940834269643215 8.760578987532696
      vertex -3.2797276103103954 4.514157786901355 8.480951783158453
    endloop
  endfacet
  facet normal -0.5526955110881987 0.8132667478205703 -0.18200238710607042
    outer loop
      vertex -2.7919799483892476 3.8428307232810006 4
      vertex -3.2797276103103954 4.514157786901355 8.480951783158453
      vertex -3.2162627265381283 4.52570561473798 8.339825656232366
    endloop
  endfacet
  facet normal -0.6026703343599177 0.7769579133841146 -0.18200238710607042
    outer loop
      vertex -3.0277639513062757 3.6599379031849995 4
      vertex -3.70780529878873 4.481966681984034 9.761037136134558
      vertex -3.566105650920803 4.479647919979722 9.281923889136698
    endloop
  endfacet
  facet normal -0.39051476176144173 0.902426369259064 -0.18200238710607047
    outer loop
      vertex -2.0224516349340953 4.297928499213593 4
      vertex -2.3112446691438957 5.048218033796012 8.339827713791257
      vertex -2.196963987475777 5.182913605221483 8.76248449057502
    endloop
  endfacet
  facet normal -0.3905147617614419 0.9024263692590638 -0.18200238710607042
    outer loop
      vertex -1.7485916252522198 4.4164383079691945 4
      vertex -2.196963987475777 5.182913605221483 8.76248449057502
      vertex -2.1047897762329084 5.316092141660636 9.225052231012945
    endloop
  endfacet
  facet normal -0.3330803495210213 0.9251662617338824 -0.18200238710607028
    outer loop
      vertex -1.7485916252522198 4.4164383079691945 4
      vertex -2.1047897762329084 5.316092141660636 9.225052231012945
      vertex -2.096436073252158 5.328162046266518 9.271118737878036
    endloop
  endfacet
  facet normal -0.33308034952098836 0.9251662617338942 -0.18200238710607056
    outer loop
      vertex -1.7485916252522198 4.4164383079691945 4
      vertex -2.096436073252158 5.328162046266518 9.271118737878036
      vertex -2.010629065241161 5.482564535042977 9.898953058850314
    endloop
  endfacet
  facet normal -0.33308034952097876 0.9251662617338975 -0.18200238710607075
    outer loop
      vertex -1.7485916252522198 4.4164383079691945 4
      vertex -2.010629065241161 5.482564535042977 9.898953058850314
      vertex -1.940369331836814 5.644634091178959 10.594213988356042
    endloop
  endfacet
  facet normal -0.3330803495209865 0.9251662617338949 -0.18200238710607047
    outer loop
      vertex -1.4678307232810002 4.517518452401979 4
      vertex -1.940369331836814 5.644634091178959 10.594213988356042
      vertex -1.887508361674443 5.809153411006067 11.333768978979885
    endloop
  endfacet
  facet normal -0.3330803495209868 0.9251662617338946 -0.18200238710607042
    outer loop
      vertex -1.7485916252522198 4.4164383079691945 4
      vertex -1.940369331836814 5.644634091178959 10.594213988356042
      vertex -1.4678307232810002 4.517518452401979 4
    endloop
  endfacet
  facet normal -0.2743314213109151 0.9442549456419199 -0.18200238710607045
    outer loop
      vertex -1.4678307232810002 4.517518452401979 4
      vertex -1.8030016819451977 7.022227918182575 17.5
      vertex -1.1812769640330605 4.600770015360998 4
    endloop
  endfacet
  facet normal -0.2743314213108254 0.9442549456419467 -0.18200238710606725
    outer loop
      vertex -1.4678307232810002 4.517518452401979 4
      vertex -1.887508361674443 5.809153411006067 11.333768978979885
      vertex -1.886333512679677 5.812809896252643 11.350968513189086
    endloop
  endfacet
  facet normal -0.2743314213109203 0.9442549456419185 -0.18200238710607042
    outer loop
      vertex -1.4678307232810002 4.517518452401979 4
      vertex -1.886333512679677 5.812809896252643 11.350968513189086
      vertex -1.849042002247218 5.985472325326921 12.190557058976182
    endloop
  endfacet
  facet normal -0.21449983231102904 0.9596170866685485 -0.18200238710607045
    outer loop
      vertex -1.1812769640330605 4.600770015360998 4
      vertex -1.3585145307465032 7.121582567782993 17.5
      vertex -0.8900612442821917 4.665864440961271 4
    endloop
  endfacet
  facet normal -0.15382171046866724 0.9711920574614402 -0.18200238710607042
    outer loop
      vertex -0.8900612442821917 4.665864440961271 4
      vertex -0.9086659433412061 7.192831584529965 17.5
      vertex -0.5953328594304453 4.71254483124377 4
    endloop
  endfacet
  facet normal -0.09253652460953504 0.9789341768989788 -0.18200238710607042
    outer loop
      vertex -0.5953328594304453 4.71254483124377 4
      vertex -0.4552312665875213 7.235693781104969 17.5
      vertex -0.29825496776423804 4.74062696003429 4
    endloop
  endfacet
  facet normal -0.030886139363689457 0.9828128903727804 -0.18200238710607047
    outer loop
      vertex -0.29825496776423804 4.74062696003429 4
      vertex 0 7.25 17.5
      vertex 0 4.75 4
    endloop
  endfacet
  facet normal -0.9596170866685478 0.21449983231103242 -0.1820023871060704
    outer loop
      vertex -4.600770015360998 1.1812769640330605 4
      vertex -6.249973580564716 1.4966453021445814 13.067190834390233
      vertex -6.401485873713204 1.587458275827039 13.973075397739882
    endloop
  endfacet
  facet normal -0.959617086668549 0.21449983231102762 -0.18200238710607047
    outer loop
      vertex -4.600770015360998 1.1812769640330605 4
      vertex -6.108092088505439 1.3914188160529266 12.195098054689788
      vertex -6.249973580564716 1.4966453021445814 13.067190834390233
    endloop
  endfacet
  facet normal -0.9596170866685495 0.21449983231102507 -0.1820023871060702
    outer loop
      vertex -4.600770015360998 1.1812769640330605 4
      vertex -6.401485873713204 1.587458275827039 13.973075397739882
      vertex -6.561169821742839 1.662983158520316 14.904027581186801
    endloop
  endfacet
  facet normal -0.9596170866685504 0.21449983231102018 -0.18200238710607045
    outer loop
      vertex -4.600770015360998 1.1812769640330605 4
      vertex -6.561169821742839 1.662983158520316 14.904027581186801
      vertex -6.727487580941967 1.722492604317976 15.851081806294161
    endloop
  endfacet
  facet normal -0.9596170866685311 0.21449983231111117 -0.1820023871060654
    outer loop
      vertex -4.600770015360998 1.1812769640330605 4
      vertex -6.727487580941967 1.722492604317976 15.851081806294161
      vertex -7.022227918182575 1.8030016819451977 17.5
    endloop
  endfacet
  facet normal -0.9442549456419201 0.2743314213109145 -0.18200238710607047
    outer loop
      vertex -4.517518452401979 1.4678307232810002 4
      vertex -7.022227918182575 1.8030016819451977 17.5
      vertex -6.895159743139863 2.240373209218369 17.5
    endloop
  endfacet
  facet normal -0.9251662617338947 0.33308034952098664 -0.1820023871060705
    outer loop
      vertex -4.4164383079691945 1.7485916252522198 4
      vertex -6.895159743139863 2.240373209218369 17.5
      vertex -6.7408795226898235 2.6689030069639146 17.5
    endloop
  endfacet
  facet normal -0.9024263692590635 0.3905147617614426 -0.18200238710607045
    outer loop
      vertex -4.297928499213593 2.022451634934094 4
      vertex -6.7408795226898235 2.6689030069639146 17.5
      vertex -6.559996130378642 3.0868998638467753 17.5
    endloop
  endfacet
  facet normal -0.87612501218416 0.4464079906464462 -0.18200238710607042
    outer loop
      vertex -4.162456730208351 2.288329951983148 4
      vertex -6.559996130378642 3.0868998638467753 17.5
      vertex -6.35322343031801 3.4927141372374364 17.5
    endloop
  endfacet
  facet normal -0.8463659899496103 0.5005394511367793 -0.18200238710607047
    outer loop
      vertex -4.010557646134571 2.5451772761502345 4
      vertex -6.35322343031801 3.4927141372374364 17.5
      vertex -6.121377459889609 3.8847442635977267 17.5
    endloop
  endfacet
  facet normal -0.9596170866685222 0.21449983231114636 -0.18200238710607095
    outer loop
      vertex -7.022227918182575 1.8030016819451977 17.5
      vertex -6.727487580941967 1.722492604317976 15.851081806294161
      vertex -6.8988374203709695 1.7654135047258148 16.805117423161686
    endloop
  endfacet
  facet normal -0.9596170866685497 0.21449983231102412 -0.18200238710606959
    outer loop
      vertex -7.022227918182575 1.8030016819451977 17.5
      vertex -6.8988374203709695 1.7654135047258148 16.805117423161686
      vertex -7.026400267170603 1.7843356655790414 17.5
    endloop
  endfacet
  facet normal -0.8132667478205681 0.5526955110882019 -0.1820023871060704
    outer loop
      vertex -3.8428307232810006 2.7919799483892476 4
      vertex -6.121377459889609 3.8847442635977267 17.5
      vertex -5.865373209218369 4.26144307912043 17.5
    endloop
  endfacet
  facet normal -0.6502666931558099 0.7375827810218318 -0.18200238710607103
    outer loop
      vertex -3.2515987531612702 3.4626009802517053 4
      vertex -4.351904158421596 4.634307228178691 12.67967907094581
      vertex -4.25905008625822 4.594053509273994 12.184793471805653
    endloop
  endfacet
  facet normal -0.6952967463923918 0.6952967463923918 -0.18200238710607008
    outer loop
      vertex -3.2515987531612702 3.4626009802517053 4
      vertex -4.421119642394203 4.664313242678341 13.058731160079848
      vertex -4.351904158421596 4.634307228178691 12.67967907094581
    endloop
  endfacet
  facet normal -0.6952967463923956 0.695296746392388 -0.18200238710607033
    outer loop
      vertex -3.2515987531612702 3.4626009802517053 4
      vertex -4.575522131170662 4.750120250689338 13.976394297495375
      vertex -4.421119642394203 4.664313242678341 13.058731160079848
    endloop
  endfacet
  facet normal -0.6952967463923798 0.6952967463924038 -0.18200238710606984
    outer loop
      vertex -3.2515987531612702 3.4626009802517053 4
      vertex -4.720770572215697 4.850648164912957 14.91532429108322
      vertex -4.575522131170662 4.750120250689338 13.976394297495375
    endloop
  endfacet
  facet normal -0.6952967463923914 0.6952967463923924 -0.18200238710607025
    outer loop
      vertex -3.2515987531612702 3.4626009802517053 4
      vertex -5.285022548805235 4.962966517982991 17.5
      vertex -4.855466143641168 4.964928846581075 15.866478731733784
    endloop
  endfacet
  facet normal -0.776957913384115 0.6026703343599169 -0.1820023871060704
    outer loop
      vertex -3.6599379031849995 3.0277639513062757 4
      vertex -5.865373209218369 4.26144307912043 17.5
      vertex -5.586221010124473 4.621323925677999 17.5
    endloop
  endfacet
  facet normal -0.7375827810218397 0.6502666931558012 -0.18200238710607045
    outer loop
      vertex -3.4626009802517053 3.2515987531612702 4
      vertex -5.586221010124473 4.621323925677999 17.5
      vertex -5.285022548805235 4.962966517982991 17.5
    endloop
  endfacet
  facet normal -0.6952967463924083 0.6952967463923745 -0.18200238710607378
    outer loop
      vertex -3.2515987531612702 3.4626009802517053 4
      vertex -4.855466143641168 4.964928846581075 15.866478731733784
      vertex -4.720770572215697 4.850648164912957 14.91532429108322
    endloop
  endfacet
  facet normal -0.6952967463923924 0.6952967463923911 -0.18200238710607064
    outer loop
      vertex -5.285022548805235 4.962966517982991 17.5
      vertex -4.97831165346216 5.091861710257056 16.820697482229697
      vertex -4.855466143641168 4.964928846581075 15.866478731733784
    endloop
  endfacet
  facet normal -0.6952967463923918 0.6952967463923918 -0.18200238710607036
    outer loop
      vertex -5.285022548805235 4.962966517982991 17.5
      vertex -5.05699148020443 5.190997586583796 17.5
      vertex -4.97831165346216 5.091861710257056 16.820697482229697
    endloop
  endfacet
  facet normal -0.2743314213109154 0.9442549456419198 -0.18200238710607047
    outer loop
      vertex -1.4678307232810002 4.517518452401979 4
      vertex -1.849042002247218 5.985472325326921 12.190557058976182
      vertex -1.8288539381705138 6.160958544822922 13.070575793269379
    endloop
  endfacet
  facet normal -0.2743314213109071 0.9442549456419221 -0.18200238710607056
    outer loop
      vertex -1.4678307232810002 4.517518452401979 4
      vertex -1.8288539381705138 6.160958544822922 13.070575793269379
      vertex -1.825963742542542 6.337578526516377 13.982549654590269
    endloop
  endfacet
  facet normal -0.2743314213109208 0.9442549456419183 -0.18200238710607006
    outer loop
      vertex -1.4678307232810002 4.517518452401979 4
      vertex -1.825963742542542 6.337578526516377 13.982549654590269
      vertex -1.8403992495271415 6.513631323433272 14.917695836118693
    endloop
  endfacet
  facet normal -0.27433142131102994 0.9442549456418837 -0.18200238710608518
    outer loop
      vertex -1.4678307232810002 4.517518452401979 4
      vertex -1.8403992495271415 6.513631323433272 14.917695836118693
      vertex -1.8720214373007993 6.687421450899051 15.867008368923635
    endloop
  endfacet
  facet normal -0.2743314213109132 0.9442549456419206 -0.18200238710607053
    outer loop
      vertex -1.4678307232810002 4.517518452401979 4
      vertex -1.8720214373007993 6.687421450899051 15.867008368923635
      vertex -1.8030016819451977 7.022227918182575 17.5
    endloop
  endfacet
  facet normal -0.21449983231103026 0.9596170866685482 -0.18200238710607042
    outer loop
      vertex -1.1812769640330605 4.600770015360998 4
      vertex -1.8030016819451977 7.022227918182575 17.5
      vertex -1.3585145307465032 7.121582567782993 17.5
    endloop
  endfacet
  facet normal -0.1538217104686659 0.9711920574614405 -0.18200238710607047
    outer loop
      vertex -0.8900612442821917 4.665864440961271 4
      vertex -1.3585145307465032 7.121582567782993 17.5
      vertex -0.9086659433412061 7.192831584529965 17.5
    endloop
  endfacet
  facet normal -0.09253652460953418 0.9789341768989789 -0.18200238710607047
    outer loop
      vertex -0.5953328594304453 4.71254483124377 4
      vertex -0.9086659433412061 7.192831584529965 17.5
      vertex -0.4552312665875213 7.235693781104969 17.5
    endloop
  endfacet
  facet normal -0.030886139363691067 0.9828128903727804 -0.18200238710607042
    outer loop
      vertex -0.29825496776423804 4.74062696003429 4
      vertex -0.4552312665875213 7.235693781104969 17.5
      vertex 0 7.25 17.5
    endloop
  endfacet
  facet normal -0.27433142131091776 0.9442549456419194 -0.18200238710607
    outer loop
      vertex -1.8030016819451977 7.022227918182575 17.5
      vertex -1.8720214373007993 6.687421450899051 15.867008368923635
      vertex -1.92052576690881 6.857275214982871 16.821344854367176
    endloop
  endfacet
  facet normal -0.2743314213109129 0.9442549456419205 -0.18200238710607108
    outer loop
      vertex -1.8030016819451977 7.022227918182575 17.5
      vertex -1.92052576690881 6.857275214982871 16.821344854367176
      vertex -1.9668941701194598 6.974612748751334 17.5
    endloop
  endfacet
  facet normal 0.030886139363689207 -0.9828128903727803 -0.18200238710607042
    outer loop
      vertex 0 -4.75 4
      vertex 0.2982549677642404 -4.74062696003429 4
      vertex 0 -7.25 17.5
    endloop
  endfacet
  facet normal 0.09253652460953607 -0.9789341768989788 -0.18200238710607042
    outer loop
      vertex 0.2982549677642404 -4.74062696003429 4
      vertex 0.5953328594304443 -4.71254483124377 4
      vertex 0.4552312665875248 -7.235693781104969 17.5
    endloop
  endfacet
  facet normal 0.15382171046866616 -0.9711920574614405 -0.18200238710607047
    outer loop
      vertex 0.5953328594304443 -4.71254483124377 4
      vertex 0.8900612442821929 -4.665864440961271 4
      vertex 0.9086659433412044 -7.192831584529965 17.5
    endloop
  endfacet
  facet normal 0.21449983231102854 -0.9596170866685486 -0.18200238710607042
    outer loop
      vertex 0.8900612442821929 -4.665864440961271 4
      vertex 1.1812769640330585 -4.6007700153609985 4
      vertex 1.358514530746505 -7.121582567782992 17.5
    endloop
  endfacet
  facet normal 0.2743314213109203 -0.9442549456419185 -0.18200238710607042
    outer loop
      vertex 1.4678307232810002 -4.517518452401979 4
      vertex 1.886333512679677 -5.812809896252643 11.350968513189086
      vertex 1.849042002247218 -5.985472325326921 12.190557058976182
    endloop
  endfacet
  facet normal 0.33308034952098686 -0.9251662617338947 -0.18200238710607045
    outer loop
      vertex 1.4678307232810002 -4.517518452401979 4
      vertex 1.7485916252522222 -4.416438307969194 4
      vertex 1.940369331836814 -5.644634091178959 10.594213988356042
    endloop
  endfacet
  facet normal 0.27433142131091603 -0.9442549456419196 -0.18200238710607036
    outer loop
      vertex 1.1812769640330585 -4.6007700153609985 4
      vertex 1.4678307232810002 -4.517518452401979 4
      vertex 1.8030016819451946 -7.022227918182576 17.5
    endloop
  endfacet
  facet normal 0.2743314213108254 -0.9442549456419467 -0.18200238710606725
    outer loop
      vertex 1.4678307232810002 -4.517518452401979 4
      vertex 1.887508361674443 -5.809153411006067 11.333768978979885
      vertex 1.886333512679677 -5.812809896252643 11.350968513189086
    endloop
  endfacet
  facet normal 0.3905147617614433 -0.9024263692590634 -0.18200238710607045
    outer loop
      vertex 1.7485916252522222 -4.416438307969194 4
      vertex 2.022451634934094 -4.297928499213593 4
      vertex 2.196963987475777 -5.182913605221483 8.762484490575021
    endloop
  endfacet
  facet normal 0.39051476176143873 -0.9024263692590653 -0.1820023871060706
    outer loop
      vertex 2.022451634934094 -4.297928499213593 4
      vertex 2.355401536990008 -5.005483057324507 8.22267946497148
      vertex 2.3112446691438957 -5.048218033796012 8.339827713791259
    endloop
  endfacet
  facet normal 0.4464079906464503 -0.8761250121841578 -0.18200238710607047
    outer loop
      vertex 2.022451634934094 -4.297928499213593 4
      vertex 2.4381775328198763 -4.925372523975021 8.040072101611141
      vertex 2.355401536990008 -5.005483057324507 8.22267946497148
    endloop
  endfacet
  facet normal 0.44640799064644515 -0.8761250121841604 -0.18200238710607047
    outer loop
      vertex 2.288329951983148 -4.162456730208351 4
      vertex 2.576540145637956 -4.815560145172272 7.850826255468774
      vertex 2.4381775328198763 -4.925372523975021 8.040072101611141
    endloop
  endfacet
  facet normal 0.44640799064644965 -0.8761250121841583 -0.18200238710607036
    outer loop
      vertex 2.288329951983148 -4.162456730208351 4
      vertex 2.6288387132070405 -4.781839867514653 7.816779008561946
      vertex 2.576540145637956 -4.815560145172272 7.850826255468774
    endloop
  endfacet
  facet normal 0.4464079906464464 -0.8761250121841598 -0.1820023871060704
    outer loop
      vertex 2.022451634934094 -4.297928499213593 4
      vertex 2.288329951983148 -4.162456730208351 4
      vertex 2.4381775328198763 -4.925372523975021 8.040072101611141
    endloop
  endfacet
  facet normal 0.500539451136779 -0.8463659899496103 -0.18200238710607042
    outer loop
      vertex 2.288329951983148 -4.162456730208351 4
      vertex 2.545177276150232 -4.010557646134573 4
      vertex 2.6288387132070405 -4.781839867514653 7.816779008561946
    endloop
  endfacet
  facet normal 0.5005394511367784 -0.8463659899496107 -0.18200238710607045
    outer loop
      vertex 2.545177276150232 -4.010557646134573 4
      vertex 2.725 -4.719838450625191 7.79291463545654
      vertex 2.6288387132070405 -4.781839867514653 7.816779008561946
    endloop
  endfacet
  facet normal 0.5526955110881998 -0.8132667478205694 -0.18200238710607053
    outer loop
      vertex 2.545177276150232 -4.010557646134573 4
      vertex 2.7919799483892476 -3.8428307232810006 4
      vertex 2.9316592124521472 -4.619555730178857 7.894919917381418
    endloop
  endfacet
  facet normal 0.6026703343599179 -0.7769579133841142 -0.1820023871060704
    outer loop
      vertex 2.7919799483892476 -3.8428307232810006 4
      vertex 3.0277639513062775 -3.659937903184998 4
      vertex 3.2797276103103954 -4.514157786901355 8.480951783158453
    endloop
  endfacet
  facet normal 0.5005394511367801 -0.8463659899496098 -0.1820023871060704
    outer loop
      vertex 2.545177276150232 -4.010557646134573 4
      vertex 2.8821273463520893 -4.639129292579064 7.849721303865335
      vertex 2.725 -4.719838450625191 7.79291463545654
    endloop
  endfacet
  facet normal 0.5005394511367737 -0.8463659899496137 -0.1820023871060706
    outer loop
      vertex 2.545177276150232 -4.010557646134573 4
      vertex 2.9316592124521472 -4.619555730178857 7.894919917381418
      vertex 2.8821273463520893 -4.639129292579064 7.849721303865335
    endloop
  endfacet
  facet normal 0.552695511088203 -0.8132667478205673 -0.1820023871060702
    outer loop
      vertex 2.7919799483892476 -3.8428307232810006 4
      vertex 3.046408962454309 -4.57420994434599 8.040761147131635
      vertex 2.9316592124521472 -4.619555730178857 7.894919917381418
    endloop
  endfacet
  facet normal 0.5526955110882006 -0.813266747820569 -0.18200238710607033
    outer loop
      vertex 2.7919799483892476 -3.8428307232810006 4
      vertex 3.2162627265381283 -4.52570561473798 8.339825656232366
      vertex 3.046408962454309 -4.57420994434599 8.040761147131635
    endloop
  endfacet
  facet normal 0.6502666931558024 -0.7375827810218385 -0.18200238710607036
    outer loop
      vertex 3.0277639513062775 -3.659937903184998 4
      vertex 3.2515987531612702 -3.4626009802517053 4
      vertex 3.707805298788734 -4.481966681984034 9.761037136134572
    endloop
  endfacet
  facet normal 0.33308034952101206 -0.9251662617338854 -0.18200238710607083
    outer loop
      vertex 1.7485916252522222 -4.416438307969194 4
      vertex 2.1047897762329106 -5.316092141660633 9.225052231012937
      vertex 2.096436073252158 -5.328162046266518 9.27111873787804
    endloop
  endfacet
  facet normal 0.33308034952098875 -0.925166261733894 -0.1820023871060704
    outer loop
      vertex 1.7485916252522222 -4.416438307969194 4
      vertex 2.096436073252158 -5.328162046266518 9.27111873787804
      vertex 2.010629065241161 -5.482564535042977 9.898953058850319
    endloop
  endfacet
  facet normal 0.3905147617614413 -0.9024263692590642 -0.1820023871060705
    outer loop
      vertex 2.022451634934094 -4.297928499213593 4
      vertex 2.3112446691438957 -5.048218033796012 8.339827713791259
      vertex 2.196963987475777 -5.182913605221483 8.762484490575021
    endloop
  endfacet
  facet normal 0.3905147617614389 -0.9024263692590653 -0.18200238710607042
    outer loop
      vertex 1.7485916252522222 -4.416438307969194 4
      vertex 2.196963987475777 -5.182913605221483 8.762484490575021
      vertex 2.1047897762329106 -5.316092141660633 9.225052231012937
    endloop
  endfacet
  facet normal 0.3330803495209865 -0.9251662617338949 -0.18200238710607047
    outer loop
      vertex 1.4678307232810002 -4.517518452401979 4
      vertex 1.940369331836814 -5.644634091178959 10.594213988356042
      vertex 1.887508361674443 -5.809153411006067 11.333768978979885
    endloop
  endfacet
  facet normal 0.3330803495209876 -0.9251662617338944 -0.18200238710607047
    outer loop
      vertex 1.7485916252522222 -4.416438307969194 4
      vertex 2.010629065241161 -5.482564535042977 9.898953058850319
      vertex 1.940369331836814 -5.644634091178959 10.594213988356042
    endloop
  endfacet
  facet normal 0.5526955110881987 -0.8132667478205703 -0.18200238710607042
    outer loop
      vertex 2.7919799483892476 -3.8428307232810006 4
      vertex 3.2797276103103954 -4.514157786901355 8.480951783158453
      vertex 3.2162627265381283 -4.52570561473798 8.339825656232366
    endloop
  endfacet
  facet normal 0.6026703343599201 -0.7769579133841125 -0.1820023871060702
    outer loop
      vertex 3.0277639513062775 -3.659937903184998 4
      vertex 3.3900528540039074 -4.4940834269643215 8.760578987532698
      vertex 3.2797276103103954 -4.514157786901355 8.480951783158453
    endloop
  endfacet
  facet normal 0.602670334359918 -0.7769579133841142 -0.18200238710607036
    outer loop
      vertex 3.0277639513062775 -3.659937903184998 4
      vertex 3.566105650920803 -4.479647919979722 9.2819238891367
      vertex 3.3900528540039074 -4.4940834269643215 8.760578987532698
    endloop
  endfacet
  facet normal 0.6026703343599167 -0.7769579133841154 -0.18200238710607056
    outer loop
      vertex 3.0277639513062775 -3.659937903184998 4
      vertex 3.707805298788734 -4.481966681984034 9.761037136134572
      vertex 3.566105650920803 -4.479647919979722 9.2819238891367
    endloop
  endfacet
  facet normal 0.6502666931557995 -0.7375827810218412 -0.18200238710607092
    outer loop
      vertex 3.2515987531612702 -3.4626009802517053 4
      vertex 3.7427256326142575 -4.482538115607694 9.88811793968716
      vertex 3.707805298788734 -4.481966681984034 9.761037136134572
    endloop
  endfacet
  facet normal 0.6502666931558037 -0.7375827810218376 -0.18200238710607028
    outer loop
      vertex 3.2515987531612702 -3.4626009802517053 4
      vertex 3.9182118521102596 -4.502726179684398 10.596917500739282
      vertex 3.7427256326142575 -4.482538115607694 9.88811793968716
    endloop
  endfacet
  facet normal 0.6502666931557979 -0.7375827810218428 -0.18200238710607045
    outer loop
      vertex 3.2515987531612702 -3.4626009802517053 4
      vertex 4.090874281184537 -4.540017690116857 11.36494150845843
      vertex 3.9182118521102596 -4.502726179684398 10.596917500739282
    endloop
  endfacet
  facet normal 0.6502666931557995 -0.7375827810218413 -0.18200238710607042
    outer loop
      vertex 3.2515987531612702 -3.4626009802517053 4
      vertex 4.25905008625822 -4.594053509273994 12.184793471805653
      vertex 4.090874281184537 -4.540017690116857 11.36494150845843
    endloop
  endfacet
  facet normal 0.6952967463923918 -0.6952967463923918 -0.18200238710607045
    outer loop
      vertex 3.2515987531612702 -3.4626009802517053 4
      vertex 3.4626009802517053 -3.2515987531612702 4
      vertex 5.285022548805235 -4.962966517982991 17.5
    endloop
  endfacet
  facet normal 0.7375827810218386 -0.6502666931558025 -0.18200238710607042
    outer loop
      vertex 3.4626009802517053 -3.2515987531612702 4
      vertex 3.659937903184998 -3.0277639513062775 4
      vertex 5.58622101012447 -4.621323925678002 17.5
    endloop
  endfacet
  facet normal 0.7769579133841142 -0.6026703343599179 -0.1820023871060704
    outer loop
      vertex 3.659937903184998 -3.0277639513062775 4
      vertex 3.8428307232810006 -2.7919799483892476 4
      vertex 5.865373209218369 -4.26144307912043 17.5
    endloop
  endfacet
  facet normal 0.8132667478205695 -0.5526955110881998 -0.18200238710607045
    outer loop
      vertex 3.8428307232810006 -2.7919799483892476 4
      vertex 4.010557646134573 -2.545177276150232 4
      vertex 6.121377459889611 -3.8847442635977227 17.5
    endloop
  endfacet
  facet normal 0.8463659899496104 -0.5005394511367791 -0.18200238710607047
    outer loop
      vertex 4.010557646134573 -2.545177276150232 4
      vertex 4.162456730208351 -2.288329951983148 4
      vertex 6.35322343031801 -3.4927141372374364 17.5
    endloop
  endfacet
  facet normal 0.8761250121841598 -0.44640799064644643 -0.18200238710607045
    outer loop
      vertex 4.162456730208351 -2.288329951983148 4
      vertex 4.297928499213593 -2.022451634934094 4
      vertex 6.559996130378642 -3.0868998638467753 17.5
    endloop
  endfacet
  facet normal 0.9024263692590633 -0.39051476176144323 -0.18200238710607042
    outer loop
      vertex 4.297928499213593 -2.022451634934094 4
      vertex 4.416438307969194 -1.7485916252522222 4
      vertex 6.740879522689822 -2.668903006963918 17.5
    endloop
  endfacet
  facet normal 0.9596170866685485 -0.2144998323110285 -0.18200238710607042
    outer loop
      vertex 4.6007700153609985 -1.1812769640330585 4
      vertex 4.665864440961271 -0.8900612442821929 4
      vertex 5.837568638682179 -1.1135757739797771 10.441295723831502
    endloop
  endfacet
  facet normal 0.9711920574614407 -0.15382171046866616 -0.1820023871060704
    outer loop
      vertex 4.665864440961271 -0.8900612442821929 4
      vertex 4.71254483124377 -0.5953328594304443 4
      vertex 5.595555194921237 -0.7068830098352906 8.80615392307033
    endloop
  endfacet
  facet normal 0.9789341768989785 -0.09253652460953607 -0.1820023871060705
    outer loop
      vertex 4.71254483124377 -0.5953328594304443 4
      vertex 4.74062696003429 -0.2982549677642404 4
      vertex 5.483672875333083 -0.34500345427944784 8.020381246634974
    endloop
  endfacet
  facet normal 0.9828128903727804 -0.030886139363689214 -0.18200238710607047
    outer loop
      vertex 4.74062696003429 -0.2982549677642404 4
      vertex 4.75 0 4
      vertex 5.45 0 7.780000000000001
    endloop
  endfacet
  facet normal 0.9789341768989787 -0.09253652460953526 -0.18200238710607045
    outer loop
      vertex 4.71254483124377 -0.5953328594304443 4
      vertex 5.484586495274185 -0.35116257962903086 8.028426843524171
      vertex 5.527507395682024 -0.5225124190580323 8.346405392409599
    endloop
  endfacet
  facet normal 0.9828128903727805 -0.030886139363688253 -0.1820023871060705
    outer loop
      vertex 4.74062696003429 -0.2982549677642404 4
      vertex 5.458667491990045 -0.1764308525932091 7.856745096470231
      vertex 5.483672875333083 -0.34500345427944784 8.020381246634974
    endloop
  endfacet
  facet normal 0.9789341768989748 -0.09253652460958246 -0.18200238710606784
    outer loop
      vertex 4.71254483124377 -0.5953328594304443 4
      vertex 5.483672875333083 -0.34500345427944784 8.020381246634974
      vertex 5.484586495274185 -0.35116257962903086 8.028426843524171
    endloop
  endfacet
  facet normal 0.9828128903727804 -0.030886139363689207 -0.18200238710607047
    outer loop
      vertex 4.74062696003429 -0.2982549677642404 4
      vertex 5.45 0 7.780000000000001
      vertex 5.458667491990045 -0.1764308525932091 7.856745096470231
    endloop
  endfacet
  facet normal 0.9251662617338946 -0.3330803495209868 -0.18200238710607047
    outer loop
      vertex 4.416438307969194 -1.7485916252522222 4
      vertex 4.517518452401979 -1.4678307232810002 4
      vertex 6.895159743139863 -2.240373209218369 17.5
    endloop
  endfacet
  facet normal 0.9711920574614408 -0.15382171046866483 -0.1820023871060705
    outer loop
      vertex 4.665864440961271 -0.8900612442821929 4
      vertex 5.662541724172961 -0.8485141262867958 9.28330549858086
      vertex 5.753354697855419 -1.000026419435284 9.895949764499223
    endloop
  endfacet
  facet normal 0.9442549456419196 -0.27433142131091603 -0.18200238710607036
    outer loop
      vertex 4.517518452401979 -1.4678307232810002 4
      vertex 4.6007700153609985 -1.1812769640330585 4
      vertex 7.022227918182576 -1.8030016819451946 17.5
    endloop
  endfacet
  facet normal 0.959617086668548 -0.21449983231103187 -0.18200238710607025
    outer loop
      vertex 4.6007700153609985 -1.1812769640330585 4
      vertex 5.837568638682179 -1.1135757739797771 10.441295723831502
      vertex 5.858581183947074 -1.1419079114945618 10.585476449336108
    endloop
  endfacet
  facet normal 0.9596170866685487 -0.21449983231102837 -0.18200238710607045
    outer loop
      vertex 4.6007700153609985 -1.1812769640330585 4
      vertex 5.858581183947074 -1.1419079114945618 10.585476449336108
      vertex 5.977207793864214 -1.2727922061357857 11.36519578884146
    endloop
  endfacet
  facet normal 0.9711920574614401 -0.15382171046866847 -0.18200238710607042
    outer loop
      vertex 4.665864440961271 -0.8900612442821929 4
      vertex 5.753354697855419 -1.000026419435284 9.895949764499223
      vertex 5.837568638682179 -1.1135757739797771 10.441295723831502
    endloop
  endfacet
  facet normal 0.9596170866685483 -0.21449983231102993 -0.18200238710607036
    outer loop
      vertex 4.6007700153609985 -1.1812769640330585 4
      vertex 5.977207793864214 -1.2727922061357857 11.36519578884146
      vertex 6.108092088505439 -1.3914188160529266 12.195098054689787
    endloop
  endfacet
  facet normal 0.9711920574614409 -0.15382171046866255 -0.18200238710607058
    outer loop
      vertex 4.665864440961271 -0.8900612442821929 4
      vertex 5.595555194921237 -0.7068830098352906 8.80615392307033
      vertex 5.662541724172961 -0.8485141262867958 9.28330549858086
    endloop
  endfacet
  facet normal 0.9789341768989784 -0.09253652460953778 -0.1820023871060704
    outer loop
      vertex 4.71254483124377 -0.5953328594304443 4
      vertex 5.527507395682024 -0.5225124190580323 8.346405392409599
      vertex 5.587016841479684 -0.6888301782571616 8.751050072777772
    endloop
  endfacet
  facet normal 0.9789341768989772 -0.09253652460955104 -0.18200238710607025
    outer loop
      vertex 4.71254483124377 -0.5953328594304443 4
      vertex 5.587016841479684 -0.6888301782571616 8.751050072777772
      vertex 5.595555194921237 -0.7068830098352906 8.80615392307033
    endloop
  endfacet
  facet normal 0.2743314213109154 -0.9442549456419198 -0.18200238710607047
    outer loop
      vertex 1.4678307232810002 -4.517518452401979 4
      vertex 1.849042002247218 -5.985472325326921 12.190557058976182
      vertex 1.8288539381705138 -6.160958544822922 13.070575793269379
    endloop
  endfacet
  facet normal 0.2743314213109071 -0.9442549456419221 -0.18200238710607056
    outer loop
      vertex 1.4678307232810002 -4.517518452401979 4
      vertex 1.8288539381705138 -6.160958544822922 13.070575793269379
      vertex 1.825963742542542 -6.337578526516377 13.982549654590269
    endloop
  endfacet
  facet normal 0.2743314213109208 -0.9442549456419183 -0.18200238710607006
    outer loop
      vertex 1.4678307232810002 -4.517518452401979 4
      vertex 1.825963742542542 -6.337578526516377 13.982549654590269
      vertex 1.8403992495271415 -6.513631323433272 14.917695836118693
    endloop
  endfacet
  facet normal 0.030886139363690824 -0.9828128903727802 -0.1820023871060704
    outer loop
      vertex 0.2982549677642404 -4.74062696003429 4
      vertex 0.4552312665875248 -7.235693781104969 17.5
      vertex 0 -7.25 17.5
    endloop
  endfacet
  facet normal 0.09253652460953522 -0.9789341768989788 -0.18200238710607045
    outer loop
      vertex 0.5953328594304443 -4.71254483124377 4
      vertex 0.9086659433412044 -7.192831584529965 17.5
      vertex 0.4552312665875248 -7.235693781104969 17.5
    endloop
  endfacet
  facet normal 0.27433142131102994 -0.9442549456418837 -0.18200238710608518
    outer loop
      vertex 1.4678307232810002 -4.517518452401979 4
      vertex 1.8403992495271415 -6.513631323433272 14.917695836118693
      vertex 1.8720214373007993 -6.687421450899051 15.867008368923635
    endloop
  endfacet
  facet normal 0.27433142131091315 -0.9442549456419206 -0.18200238710607045
    outer loop
      vertex 1.4678307232810002 -4.517518452401979 4
      vertex 1.8720214373007993 -6.687421450899051 15.867008368923635
      vertex 1.8030016819451946 -7.022227918182576 17.5
    endloop
  endfacet
  facet normal 0.15382171046866697 -0.9711920574614403 -0.1820023871060704
    outer loop
      vertex 0.8900612442821929 -4.665864440961271 4
      vertex 1.358514530746505 -7.121582567782992 17.5
      vertex 0.9086659433412044 -7.192831584529965 17.5
    endloop
  endfacet
  facet normal 0.21449983231102815 -0.9596170866685486 -0.18200238710607042
    outer loop
      vertex 1.1812769640330585 -4.6007700153609985 4
      vertex 1.8030016819451946 -7.022227918182576 17.5
      vertex 1.358514530746505 -7.121582567782992 17.5
    endloop
  endfacet
  facet normal 0.27433142131091764 -0.9442549456419194 -0.18200238710607003
    outer loop
      vertex 1.8030016819451946 -7.022227918182576 17.5
      vertex 1.8720214373007993 -6.687421450899051 15.867008368923635
      vertex 1.92052576690881 -6.857275214982871 16.821344854367176
    endloop
  endfacet
  facet normal 0.27433142131091287 -0.9442549456419206 -0.18200238710607108
    outer loop
      vertex 1.8030016819451946 -7.022227918182576 17.5
      vertex 1.92052576690881 -6.857275214982871 16.821344854367176
      vertex 1.9668941701194598 -6.974612748751334 17.5
    endloop
  endfacet
  facet normal 0.6502666931558099 -0.7375827810218318 -0.18200238710607103
    outer loop
      vertex 3.2515987531612702 -3.4626009802517053 4
      vertex 4.351904158421596 -4.634307228178691 12.67967907094581
      vertex 4.25905008625822 -4.594053509273994 12.184793471805653
    endloop
  endfacet
  facet normal 0.6952967463923918 -0.6952967463923918 -0.18200238710607008
    outer loop
      vertex 3.2515987531612702 -3.4626009802517053 4
      vertex 4.421119642394203 -4.664313242678341 13.058731160079848
      vertex 4.351904158421596 -4.634307228178691 12.67967907094581
    endloop
  endfacet
  facet normal 0.6952967463923956 -0.695296746392388 -0.18200238710607033
    outer loop
      vertex 3.2515987531612702 -3.4626009802517053 4
      vertex 4.575522131170662 -4.750120250689338 13.976394297495375
      vertex 4.421119642394203 -4.664313242678341 13.058731160079848
    endloop
  endfacet
  facet normal 0.6952967463923798 -0.6952967463924038 -0.18200238710606984
    outer loop
      vertex 3.2515987531612702 -3.4626009802517053 4
      vertex 4.720770572215697 -4.850648164912957 14.91532429108322
      vertex 4.575522131170662 -4.750120250689338 13.976394297495375
    endloop
  endfacet
  facet normal 0.6952967463924083 -0.6952967463923745 -0.18200238710607378
    outer loop
      vertex 3.2515987531612702 -3.4626009802517053 4
      vertex 4.855466143641168 -4.964928846581075 15.866478731733784
      vertex 4.720770572215697 -4.850648164912957 14.91532429108322
    endloop
  endfacet
  facet normal 0.6952967463923914 -0.6952967463923924 -0.18200238710607025
    outer loop
      vertex 3.2515987531612702 -3.4626009802517053 4
      vertex 5.285022548805235 -4.962966517982991 17.5
      vertex 4.855466143641168 -4.964928846581075 15.866478731733784
    endloop
  endfacet
  facet normal 0.73758278102184 -0.6502666931558008 -0.18200238710607042
    outer loop
      vertex 3.4626009802517053 -3.2515987531612702 4
      vertex 5.58622101012447 -4.621323925678002 17.5
      vertex 5.285022548805235 -4.962966517982991 17.5
    endloop
  endfacet
  facet normal 0.7769579133841145 -0.6026703343599178 -0.18200238710607042
    outer loop
      vertex 3.659937903184998 -3.0277639513062775 4
      vertex 5.865373209218369 -4.26144307912043 17.5
      vertex 5.58622101012447 -4.621323925678002 17.5
    endloop
  endfacet
  facet normal 0.813266747820569 -0.5526955110882006 -0.1820023871060704
    outer loop
      vertex 3.8428307232810006 -2.7919799483892476 4
      vertex 6.121377459889611 -3.8847442635977227 17.5
      vertex 5.865373209218369 -4.26144307912043 17.5
    endloop
  endfacet
  facet normal 0.6952967463923924 -0.6952967463923911 -0.18200238710607064
    outer loop
      vertex 5.285022548805235 -4.962966517982991 17.5
      vertex 4.97831165346216 -5.091861710257056 16.820697482229697
      vertex 4.855466143641168 -4.964928846581075 15.866478731733784
    endloop
  endfacet
  facet normal 0.6952967463923918 -0.6952967463923918 -0.18200238710607036
    outer loop
      vertex 5.285022548805235 -4.962966517982991 17.5
      vertex 5.05699148020443 -5.190997586583796 17.5
      vertex 4.97831165346216 -5.091861710257056 16.820697482229697
    endloop
  endfacet
  facet normal 0.8463659899496097 -0.5005394511367806 -0.1820023871060704
    outer loop
      vertex 4.010557646134573 -2.545177276150232 4
      vertex 6.35322343031801 -3.4927141372374364 17.5
      vertex 6.121377459889611 -3.8847442635977227 17.5
    endloop
  endfacet
  facet normal 0.87612501218416 -0.4464079906464462 -0.18200238710607042
    outer loop
      vertex 4.162456730208351 -2.288329951983148 4
      vertex 6.559996130378642 -3.0868998638467753 17.5
      vertex 6.35322343031801 -3.4927141372374364 17.5
    endloop
  endfacet
  facet normal 0.9024263692590636 -0.3905147617614426 -0.18200238710607047
    outer loop
      vertex 4.297928499213593 -2.022451634934094 4
      vertex 6.740879522689822 -2.668903006963918 17.5
      vertex 6.559996130378642 -3.0868998638467753 17.5
    endloop
  endfacet
  facet normal 0.9251662617338944 -0.3330803495209877 -0.18200238710607042
    outer loop
      vertex 4.416438307969194 -1.7485916252522222 4
      vertex 6.895159743139863 -2.240373209218369 17.5
      vertex 6.740879522689822 -2.668903006963918 17.5
    endloop
  endfacet
  facet normal 0.9442549456419204 -0.2743314213109137 -0.18200238710607047
    outer loop
      vertex 4.517518452401979 -1.4678307232810002 4
      vertex 7.022227918182576 -1.8030016819451946 17.5
      vertex 6.895159743139863 -2.240373209218369 17.5
    endloop
  endfacet
  facet normal 0.9596170866685486 -0.21449983231102826 -0.18200238710607047
    outer loop
      vertex 4.6007700153609985 -1.1812769640330585 4
      vertex 6.108092088505439 -1.3914188160529266 12.195098054689787
      vertex 6.249973580564716 -1.4966453021445814 13.067190834390232
    endloop
  endfacet
  facet normal 0.9596170866685488 -0.21449983231102718 -0.18200238710607053
    outer loop
      vertex 4.6007700153609985 -1.1812769640330585 4
      vertex 6.249973580564716 -1.4966453021445814 13.067190834390232
      vertex 6.401485873713204 -1.587458275827039 13.97307539773988
    endloop
  endfacet
  facet normal 0.959617086668551 -0.21449983231101782 -0.18200238710607064
    outer loop
      vertex 4.6007700153609985 -1.1812769640330585 4
      vertex 6.401485873713204 -1.587458275827039 13.97307539773988
      vertex 6.561169821742839 -1.662983158520316 14.9040275811868
    endloop
  endfacet
  facet normal 0.9596170866685418 -0.2144998323110586 -0.1820023871060708
    outer loop
      vertex 4.6007700153609985 -1.1812769640330585 4
      vertex 6.561169821742839 -1.662983158520316 14.9040275811868
      vertex 6.727487580941967 -1.722492604317976 15.851081806294163
    endloop
  endfacet
  facet normal 0.9596170866685713 -0.21449983231092756 -0.18200238710607006
    outer loop
      vertex 4.6007700153609985 -1.1812769640330585 4
      vertex 6.727487580941967 -1.722492604317976 15.851081806294163
      vertex 7.022227918182576 -1.8030016819451946 17.5
    endloop
  endfacet
  facet normal 0.959617086668558 -0.21449983231098724 -0.18200238710606986
    outer loop
      vertex 7.022227918182576 -1.8030016819451946 17.5
      vertex 6.727487580941967 -1.722492604317976 15.851081806294163
      vertex 6.8988374203709695 -1.7654135047258148 16.80511742316169
    endloop
  endfacet
  facet normal 0.9596170866685517 -0.21449983231101466 -0.18200238710607064
    outer loop
      vertex 7.022227918182576 -1.8030016819451946 17.5
      vertex 6.8988374203709695 -1.7654135047258148 16.80511742316169
      vertex 7.026400267170603 -1.7843356655790414 17.5
    endloop
  endfacet
  facet normal 0.3330803495209868 0.9251662617338947 -0.1820023871060706
    outer loop
      vertex 1.4678307232810002 4.517518452401979 4
      vertex 2.010629065241161 5.482564535042977 9.898953058850314
      vertex 1.7485916252522198 4.4164383079691945 4
    endloop
  endfacet
  facet normal 0.2743314213109151 0.9442549456419199 -0.18200238710607045
    outer loop
      vertex 1.4678307232810002 4.517518452401979 4
      vertex 1.1812769640330605 4.600770015360998 4
      vertex 1.8030016819451977 7.022227918182575 17.5
    endloop
  endfacet
  facet normal 0.2743314213108254 0.9442549456419467 -0.18200238710606725
    outer loop
      vertex 1.4678307232810002 4.517518452401979 4
      vertex 1.886333512679677 5.812809896252643 11.350968513189086
      vertex 1.887508361674443 5.809153411006067 11.333768978979885
    endloop
  endfacet
  facet normal 0.030886139363689457 0.9828128903727804 -0.18200238710607047
    outer loop
      vertex 0 4.75 4
      vertex 0 7.25 17.5
      vertex 0.29825496776423804 4.74062696003429 4
    endloop
  endfacet
  facet normal 0.09253652460953504 0.9789341768989788 -0.18200238710607045
    outer loop
      vertex 0.29825496776423804 4.74062696003429 4
      vertex 0.4552312665875213 7.235693781104969 17.5
      vertex 0.5953328594304453 4.71254483124377 4
    endloop
  endfacet
  facet normal 0.15382171046866724 0.9711920574614402 -0.18200238710607042
    outer loop
      vertex 0.5953328594304453 4.71254483124377 4
      vertex 0.9086659433412061 7.192831584529965 17.5
      vertex 0.8900612442821917 4.665864440961271 4
    endloop
  endfacet
  facet normal 0.21449983231102904 0.9596170866685485 -0.18200238710607045
    outer loop
      vertex 0.8900612442821917 4.665864440961271 4
      vertex 1.3585145307465032 7.121582567782993 17.5
      vertex 1.1812769640330605 4.600770015360998 4
    endloop
  endfacet
  facet normal 0.2743314213109203 0.9442549456419185 -0.18200238710607042
    outer loop
      vertex 1.4678307232810002 4.517518452401979 4
      vertex 1.849042002247218 5.985472325326921 12.190557058976182
      vertex 1.886333512679677 5.812809896252643 11.350968513189086
    endloop
  endfacet
  facet normal 0.44640799064644643 0.8761250121841598 -0.18200238710607042
    outer loop
      vertex 2.0224516349340953 4.297928499213593 4
      vertex 2.576540145637956 4.815560145172272 7.850826255468772
      vertex 2.2883299519831475 4.162456730208352 4
    endloop
  endfacet
  facet normal 0.5005394511367797 0.8463659899496102 -0.18200238710607036
    outer loop
      vertex 2.545177276150234 4.010557646134572 4
      vertex 2.2883299519831475 4.162456730208352 4
      vertex 2.725 4.719838450625191 7.79291463545654
    endloop
  endfacet
  facet normal 0.3905147617614412 0.9024263692590642 -0.18200238710607047
    outer loop
      vertex 1.7485916252522198 4.4164383079691945 4
      vertex 2.3112446691438957 5.048218033796012 8.339827713791257
      vertex 2.0224516349340953 4.297928499213593 4
    endloop
  endfacet
  facet normal 0.44640799064644715 0.8761250121841595 -0.18200238710607036
    outer loop
      vertex 2.0224516349340953 4.297928499213593 4
      vertex 2.4381775328198763 4.925372523975021 8.040072101611138
      vertex 2.576540145637956 4.815560145172272 7.850826255468772
    endloop
  endfacet
  facet normal 0.446407990646448 0.8761250121841592 -0.18200238710607047
    outer loop
      vertex 2.0224516349340953 4.297928499213593 4
      vertex 2.355401536990009 5.005483057324506 8.222679464971476
      vertex 2.4381775328198763 4.925372523975021 8.040072101611138
    endloop
  endfacet
  facet normal 0.39051476176144156 0.902426369259064 -0.18200238710607042
    outer loop
      vertex 2.0224516349340953 4.297928499213593 4
      vertex 2.3112446691438957 5.048218033796012 8.339827713791257
      vertex 2.355401536990009 5.005483057324506 8.222679464971476
    endloop
  endfacet
  facet normal 0.4464079906464457 0.8761250121841602 -0.18200238710607045
    outer loop
      vertex 2.2883299519831475 4.162456730208352 4
      vertex 2.576540145637956 4.815560145172272 7.850826255468772
      vertex 2.6288387132070397 4.781839867514654 7.816779008561945
    endloop
  endfacet
  facet normal 0.5005394511367821 0.8463659899496087 -0.18200238710607028
    outer loop
      vertex 2.2883299519831475 4.162456730208352 4
      vertex 2.6288387132070397 4.781839867514654 7.816779008561945
      vertex 2.725 4.719838450625191 7.79291463545654
    endloop
  endfacet
  facet normal 0.6026703343599191 0.7769579133841134 -0.18200238710607042
    outer loop
      vertex 2.7919799483892476 3.8428307232810006 4
      vertex 3.2797276103103954 4.514157786901355 8.480951783158453
      vertex 3.027763951306276 3.6599379031849986 4
    endloop
  endfacet
  facet normal 0.5526955110882011 0.8132667478205685 -0.18200238710607025
    outer loop
      vertex 2.545177276150234 4.010557646134572 4
      vertex 2.93165921245215 4.619555730178855 7.89491991738142
      vertex 2.7919799483892476 3.8428307232810006 4
    endloop
  endfacet
  facet normal 0.50053945113678 0.8463659899496098 -0.1820023871060703
    outer loop
      vertex 2.545177276150234 4.010557646134572 4
      vertex 2.725 4.719838450625191 7.79291463545654
      vertex 2.8821273463520893 4.639129292579064 7.849721303865335
    endloop
  endfacet
  facet normal 0.5005394511367853 0.8463659899496069 -0.18200238710607025
    outer loop
      vertex 2.545177276150234 4.010557646134572 4
      vertex 2.8821273463520893 4.639129292579064 7.849721303865335
      vertex 2.93165921245215 4.619555730178855 7.89491991738142
    endloop
  endfacet
  facet normal 0.5526955110881973 0.8132667478205711 -0.18200238710607067
    outer loop
      vertex 2.7919799483892476 3.8428307232810006 4
      vertex 2.93165921245215 4.619555730178855 7.89491991738142
      vertex 3.046408962454309 4.57420994434599 8.040761147131633
    endloop
  endfacet
  facet normal 0.5526955110882024 0.8132667478205677 -0.18200238710607033
    outer loop
      vertex 2.7919799483892476 3.8428307232810006 4
      vertex 3.046408962454309 4.57420994434599 8.040761147131633
      vertex 3.2162627265381283 4.52570561473798 8.339825656232366
    endloop
  endfacet
  facet normal 0.6502666931557998 0.737582781021841 -0.18200238710607045
    outer loop
      vertex 3.2515987531612716 3.462600980251705 4
      vertex 3.027763951306276 3.6599379031849986 4
      vertex 3.707805298788732 4.481966681984034 9.761037136134567
    endloop
  endfacet
  facet normal 0.39051476176144123 0.9024263692590642 -0.18200238710607053
    outer loop
      vertex 1.7485916252522198 4.4164383079691945 4
      vertex 2.196963987475777 5.182913605221483 8.76248449057502
      vertex 2.3112446691438957 5.048218033796012 8.339827713791257
    endloop
  endfacet
  facet normal 0.3905147617614419 0.9024263692590638 -0.18200238710607042
    outer loop
      vertex 1.7485916252522198 4.4164383079691945 4
      vertex 2.1047897762329084 5.316092141660636 9.225052231012945
      vertex 2.196963987475777 5.182913605221483 8.76248449057502
    endloop
  endfacet
  facet normal 0.3330803495210213 0.9251662617338824 -0.18200238710607028
    outer loop
      vertex 1.7485916252522198 4.4164383079691945 4
      vertex 2.096436073252158 5.328162046266518 9.271118737878036
      vertex 2.1047897762329084 5.316092141660636 9.225052231012945
    endloop
  endfacet
  facet normal 0.33308034952098836 0.9251662617338942 -0.18200238710607056
    outer loop
      vertex 1.7485916252522198 4.4164383079691945 4
      vertex 2.010629065241161 5.482564535042977 9.898953058850314
      vertex 2.096436073252158 5.328162046266518 9.271118737878036
    endloop
  endfacet
  facet normal 0.3330803495209812 0.9251662617338967 -0.18200238710607045
    outer loop
      vertex 1.4678307232810002 4.517518452401979 4
      vertex 1.940369331836814 5.644634091178959 10.594213988356042
      vertex 2.010629065241161 5.482564535042977 9.898953058850314
    endloop
  endfacet
  facet normal 0.3330803495209865 0.9251662617338949 -0.18200238710607047
    outer loop
      vertex 1.4678307232810002 4.517518452401979 4
      vertex 1.887508361674443 5.809153411006067 11.333768978979885
      vertex 1.940369331836814 5.644634091178959 10.594213988356042
    endloop
  endfacet
  facet normal 0.5526955110881987 0.8132667478205703 -0.18200238710607042
    outer loop
      vertex 2.7919799483892476 3.8428307232810006 4
      vertex 3.2162627265381283 4.52570561473798 8.339825656232366
      vertex 3.2797276103103954 4.514157786901355 8.480951783158453
    endloop
  endfacet
  facet normal 0.6026703343599198 0.7769579133841127 -0.18200238710607036
    outer loop
      vertex 3.027763951306276 3.6599379031849986 4
      vertex 3.2797276103103954 4.514157786901355 8.480951783158453
      vertex 3.3900528540039074 4.4940834269643215 8.760578987532698
    endloop
  endfacet
  facet normal 0.6026703343599198 0.7769579133841128 -0.18200238710607028
    outer loop
      vertex 3.027763951306276 3.6599379031849986 4
      vertex 3.3900528540039074 4.4940834269643215 8.760578987532698
      vertex 3.566105650920803 4.479647919979722 9.281923889136701
    endloop
  endfacet
  facet normal 0.6026703343599176 0.7769579133841148 -0.1820023871060702
    outer loop
      vertex 3.027763951306276 3.6599379031849986 4
      vertex 3.566105650920803 4.479647919979722 9.281923889136701
      vertex 3.707805298788732 4.481966681984034 9.761037136134567
    endloop
  endfacet
  facet normal 0.9828128903727805 0.03088613936368941 -0.18200238710607045
    outer loop
      vertex 4.75 0 4
      vertex 4.74062696003429 0.29825496776423854 4
      vertex 5.45 0 7.780000000000001
    endloop
  endfacet
  facet normal 0.9789341768989788 0.09253652460953525 -0.1820023871060704
    outer loop
      vertex 4.74062696003429 0.29825496776423854 4
      vertex 4.71254483124377 0.5953328594304452 4
      vertex 5.483672875333082 0.3450034542794457 8.020381246634972
    endloop
  endfacet
  facet normal 0.9711920574614403 0.15382171046866705 -0.1820023871060704
    outer loop
      vertex 4.71254483124377 0.5953328594304452 4
      vertex 4.665864440961271 0.890061244282192 4
      vertex 5.595555194921238 0.7068830098352917 8.806153923070333
    endloop
  endfacet
  facet normal 0.9828128903727804 0.030886139363689214 -0.18200238710607053
    outer loop
      vertex 4.74062696003429 0.29825496776423854 4
      vertex 5.458667491990045 0.1764308525932091 7.856745096470231
      vertex 5.45 0 7.780000000000001
    endloop
  endfacet
  facet normal 0.9828128903727803 0.03088613936369126 -0.18200238710607036
    outer loop
      vertex 4.74062696003429 0.29825496776423854 4
      vertex 5.483672875333082 0.3450034542794457 8.020381246634972
      vertex 5.458667491990045 0.1764308525932091 7.856745096470231
    endloop
  endfacet
  facet normal 0.9789341768989801 0.09253652460951674 -0.18200238710607242
    outer loop
      vertex 4.71254483124377 0.5953328594304452 4
      vertex 5.484586495274185 0.35116257962903086 8.028426843524173
      vertex 5.483672875333082 0.3450034542794457 8.020381246634972
    endloop
  endfacet
  facet normal 0.9789341768989789 0.09253652460953522 -0.18200238710607042
    outer loop
      vertex 4.71254483124377 0.5953328594304452 4
      vertex 5.527507395682024 0.5225124190580323 8.3464053924096
      vertex 5.484586495274185 0.35116257962903086 8.028426843524173
    endloop
  endfacet
  facet normal 0.9596170866685483 0.21449983231102943 -0.18200238710607047
    outer loop
      vertex 4.665864440961271 0.890061244282192 4
      vertex 4.600770015360998 1.1812769640330603 4
      vertex 5.837568638682178 1.1135757739797758 10.441295723831495
    endloop
  endfacet
  facet normal 0.9024263692590649 0.3905147617614395 -0.1820023871060705
    outer loop
      vertex 4.416438307969194 1.7485916252522204 4
      vertex 4.297928499213593 2.0224516349340953 4
      vertex 6.740879522689823 2.6689030069639155 17.5
    endloop
  endfacet
  facet normal 0.8761250121841603 0.44640799064644593 -0.18200238710607047
    outer loop
      vertex 4.297928499213593 2.0224516349340953 4
      vertex 4.162456730208352 2.288329951983148 4
      vertex 6.559996130378642 3.0868998638467766 17.5
    endloop
  endfacet
  facet normal 0.8132667478205685 0.5526955110882011 -0.18200238710607036
    outer loop
      vertex 4.010557646134572 2.545177276150234 4
      vertex 3.8428307232810006 2.7919799483892476 4
      vertex 6.121377459889609 3.884744263597726 17.5
    endloop
  endfacet
  facet normal 0.7769579133841134 0.6026703343599191 -0.18200238710607042
    outer loop
      vertex 3.8428307232810006 2.7919799483892476 4
      vertex 3.6599379031849986 3.027763951306276 4
      vertex 5.865373209218369 4.26144307912043 17.5
    endloop
  endfacet
  facet normal 0.8463659899496097 0.5005394511367802 -0.18200238710607045
    outer loop
      vertex 4.010557646134572 2.545177276150234 4
      vertex 6.353223430318011 3.492714137237436 17.5
      vertex 4.162456730208352 2.288329951983148 4
    endloop
  endfacet
  facet normal 0.9789341768989787 0.09253652460953601 -0.1820023871060704
    outer loop
      vertex 4.71254483124377 0.5953328594304452 4
      vertex 5.587016841479684 0.6888301782571616 8.751050072777772
      vertex 5.527507395682024 0.5225124190580323 8.3464053924096
    endloop
  endfacet
  facet normal 0.9789341768989788 0.0925365246095348 -0.18200238710607047
    outer loop
      vertex 4.71254483124377 0.5953328594304452 4
      vertex 5.595555194921238 0.7068830098352917 8.806153923070333
      vertex 5.587016841479684 0.6888301782571616 8.751050072777772
    endloop
  endfacet
  facet normal 0.9711920574614404 0.15382171046866602 -0.18200238710607047
    outer loop
      vertex 4.665864440961271 0.890061244282192 4
      vertex 5.662541724172961 0.8485141262867958 9.28330549858086
      vertex 5.595555194921238 0.7068830098352917 8.806153923070333
    endloop
  endfacet
  facet normal 0.9711920574614408 0.15382171046866494 -0.18200238710607053
    outer loop
      vertex 4.665864440961271 0.890061244282192 4
      vertex 5.753354697855419 1.000026419435284 9.895949764499223
      vertex 5.662541724172961 0.8485141262867958 9.28330549858086
    endloop
  endfacet
  facet normal 0.9711920574614407 0.15382171046866483 -0.18200238710607056
    outer loop
      vertex 4.665864440961271 0.890061244282192 4
      vertex 5.837568638682178 1.1135757739797758 10.441295723831495
      vertex 5.753354697855419 1.000026419435284 9.895949764499223
    endloop
  endfacet
  facet normal 0.9596170866685464 0.21449983231103883 -0.18200238710607
    outer loop
      vertex 4.600770015360998 1.1812769640330603 4
      vertex 5.858581183947074 1.1419079114945618 10.585476449336108
      vertex 5.837568638682178 1.1135757739797758 10.441295723831495
    endloop
  endfacet
  facet normal 0.9596170866685487 0.21449983231102807 -0.18200238710607053
    outer loop
      vertex 4.600770015360998 1.1812769640330603 4
      vertex 5.977207793864214 1.2727922061357857 11.36519578884146
      vertex 5.858581183947074 1.1419079114945618 10.585476449336108
    endloop
  endfacet
  facet normal 0.9596170866685484 0.21449983231102956 -0.18200238710607047
    outer loop
      vertex 4.600770015360998 1.1812769640330603 4
      vertex 6.108092088505439 1.3914188160529266 12.195098054689787
      vertex 5.977207793864214 1.2727922061357857 11.36519578884146
    endloop
  endfacet
  facet normal 0.9442549456419201 0.2743314213109149 -0.18200238710607045
    outer loop
      vertex 4.517518452401979 1.4678307232810002 4
      vertex 7.022227918182575 1.8030016819451973 17.5
      vertex 4.600770015360998 1.1812769640330603 4
    endloop
  endfacet
  facet normal 0.925166261733894 0.3330803495209887 -0.18200238710607047
    outer loop
      vertex 4.517518452401979 1.4678307232810002 4
      vertex 4.416438307969194 1.7485916252522204 4
      vertex 6.895159743139863 2.240373209218369 17.5
    endloop
  endfacet
  facet normal 0.6502666931557967 0.7375827810218438 -0.1820023871060706
    outer loop
      vertex 3.2515987531612716 3.462600980251705 4
      vertex 3.707805298788732 4.481966681984034 9.761037136134567
      vertex 3.7427256326142575 4.482538115607694 9.888117939687161
    endloop
  endfacet
  facet normal 0.6502666931558004 0.7375827810218405 -0.18200238710607042
    outer loop
      vertex 3.2515987531612716 3.462600980251705 4
      vertex 3.7427256326142575 4.482538115607694 9.888117939687161
      vertex 3.9182118521102596 4.502726179684398 10.59691750073928
    endloop
  endfacet
  facet normal 0.6502666931558022 0.7375827810218387 -0.18200238710607047
    outer loop
      vertex 3.2515987531612716 3.462600980251705 4
      vertex 3.9182118521102596 4.502726179684398 10.59691750073928
      vertex 4.090874281184537 4.540017690116857 11.364941508458433
    endloop
  endfacet
  facet normal 0.6502666931557938 0.7375827810218462 -0.18200238710607058
    outer loop
      vertex 3.2515987531612716 3.462600980251705 4
      vertex 4.090874281184537 4.540017690116857 11.364941508458433
      vertex 4.25905008625822 4.594053509273994 12.184793471805651
    endloop
  endfacet
  facet normal 0.6952967463923919 0.6952967463923919 -0.18200238710607047
    outer loop
      vertex 3.2515987531612716 3.462600980251705 4
      vertex 5.285022548805234 4.962966517982993 17.5
      vertex 3.462600980251705 3.2515987531612716 4
    endloop
  endfacet
  facet normal 0.737582781021841 0.6502666931557997 -0.1820023871060704
    outer loop
      vertex 3.462600980251705 3.2515987531612716 4
      vertex 5.586221010124471 4.621323925678 17.5
      vertex 3.6599379031849986 3.027763951306276 4
    endloop
  endfacet
  facet normal 0.2743314213109154 0.9442549456419198 -0.18200238710607047
    outer loop
      vertex 1.4678307232810002 4.517518452401979 4
      vertex 1.8288539381705138 6.160958544822922 13.070575793269379
      vertex 1.849042002247218 5.985472325326921 12.190557058976182
    endloop
  endfacet
  facet normal 0.2743314213109071 0.9442549456419221 -0.18200238710607056
    outer loop
      vertex 1.4678307232810002 4.517518452401979 4
      vertex 1.825963742542542 6.337578526516377 13.982549654590269
      vertex 1.8288539381705138 6.160958544822922 13.070575793269379
    endloop
  endfacet
  facet normal 0.2743314213109208 0.9442549456419183 -0.18200238710607006
    outer loop
      vertex 1.4678307232810002 4.517518452401979 4
      vertex 1.8403992495271415 6.513631323433272 14.917695836118693
      vertex 1.825963742542542 6.337578526516377 13.982549654590269
    endloop
  endfacet
  facet normal 0.030886139363691067 0.9828128903727804 -0.18200238710607042
    outer loop
      vertex 0.29825496776423804 4.74062696003429 4
      vertex 0 7.25 17.5
      vertex 0.4552312665875213 7.235693781104969 17.5
    endloop
  endfacet
  facet normal 0.09253652460953418 0.9789341768989789 -0.18200238710607047
    outer loop
      vertex 0.5953328594304453 4.71254483124377 4
      vertex 0.4552312665875213 7.235693781104969 17.5
      vertex 0.9086659433412061 7.192831584529965 17.5
    endloop
  endfacet
  facet normal 0.27433142131102994 0.9442549456418837 -0.18200238710608518
    outer loop
      vertex 1.4678307232810002 4.517518452401979 4
      vertex 1.8720214373007993 6.687421450899051 15.867008368923635
      vertex 1.8403992495271415 6.513631323433272 14.917695836118693
    endloop
  endfacet
  facet normal 0.2743314213109132 0.9442549456419206 -0.18200238710607053
    outer loop
      vertex 1.4678307232810002 4.517518452401979 4
      vertex 1.8030016819451977 7.022227918182575 17.5
      vertex 1.8720214373007993 6.687421450899051 15.867008368923635
    endloop
  endfacet
  facet normal 0.1538217104686659 0.9711920574614405 -0.18200238710607047
    outer loop
      vertex 0.8900612442821917 4.665864440961271 4
      vertex 0.9086659433412061 7.192831584529965 17.5
      vertex 1.3585145307465032 7.121582567782993 17.5
    endloop
  endfacet
  facet normal 0.21449983231103026 0.9596170866685482 -0.18200238710607042
    outer loop
      vertex 1.1812769640330605 4.600770015360998 4
      vertex 1.3585145307465032 7.121582567782993 17.5
      vertex 1.8030016819451977 7.022227918182575 17.5
    endloop
  endfacet
  facet normal 0.27433142131091776 0.9442549456419194 -0.18200238710607
    outer loop
      vertex 1.8030016819451977 7.022227918182575 17.5
      vertex 1.92052576690881 6.857275214982871 16.821344854367176
      vertex 1.8720214373007993 6.687421450899051 15.867008368923635
    endloop
  endfacet
  facet normal 0.2743314213109129 0.9442549456419205 -0.18200238710607108
    outer loop
      vertex 1.8030016819451977 7.022227918182575 17.5
      vertex 1.9668941701194598 6.974612748751334 17.5
      vertex 1.92052576690881 6.857275214982871 16.821344854367176
    endloop
  endfacet
  facet normal 0.9596170866685476 0.21449983231103256 -0.18200238710607042
    outer loop
      vertex 4.600770015360998 1.1812769640330603 4
      vertex 6.249973580564716 1.4966453021445814 13.067190834390233
      vertex 6.108092088505439 1.3914188160529266 12.195098054689787
    endloop
  endfacet
  facet normal 0.9596170866685478 0.21449983231103242 -0.18200238710607017
    outer loop
      vertex 4.600770015360998 1.1812769640330603 4
      vertex 6.401485873713204 1.587458275827039 13.973075397739882
      vertex 6.249973580564716 1.4966453021445814 13.067190834390233
    endloop
  endfacet
  facet normal 0.9596170866685493 0.2144998323110255 -0.18200238710607058
    outer loop
      vertex 4.600770015360998 1.1812769640330603 4
      vertex 6.561169821742839 1.662983158520316 14.904027581186801
      vertex 6.401485873713204 1.587458275827039 13.973075397739882
    endloop
  endfacet
  facet normal 0.9596170866685462 0.21449983231103892 -0.18200238710607022
    outer loop
      vertex 4.600770015360998 1.1812769640330603 4
      vertex 6.727487580941967 1.722492604317976 15.851081806294163
      vertex 6.561169821742839 1.662983158520316 14.904027581186801
    endloop
  endfacet
  facet normal 0.9596170866685497 0.21449983231102335 -0.18200238710607083
    outer loop
      vertex 4.600770015360998 1.1812769640330603 4
      vertex 7.022227918182575 1.8030016819451973 17.5
      vertex 6.727487580941967 1.722492604317976 15.851081806294163
    endloop
  endfacet
  facet normal 0.9442549456419201 0.2743314213109142 -0.18200238710607045
    outer loop
      vertex 4.517518452401979 1.4678307232810002 4
      vertex 6.895159743139863 2.240373209218369 17.5
      vertex 7.022227918182575 1.8030016819451973 17.5
    endloop
  endfacet
  facet normal 0.9251662617338942 0.33308034952098803 -0.18200238710607047
    outer loop
      vertex 4.416438307969194 1.7485916252522204 4
      vertex 6.740879522689823 2.6689030069639155 17.5
      vertex 6.895159743139863 2.240373209218369 17.5
    endloop
  endfacet
  facet normal 0.902426369259064 0.3905147617614414 -0.18200238710607045
    outer loop
      vertex 4.297928499213593 2.0224516349340953 4
      vertex 6.559996130378642 3.0868998638467766 17.5
      vertex 6.740879522689823 2.6689030069639155 17.5
    endloop
  endfacet
  facet normal 0.8761250121841602 0.44640799064644604 -0.18200238710607045
    outer loop
      vertex 4.162456730208352 2.288329951983148 4
      vertex 6.353223430318011 3.492714137237436 17.5
      vertex 6.559996130378642 3.0868998638467766 17.5
    endloop
  endfacet
  facet normal 0.846365989949609 0.5005394511367814 -0.18200238710607036
    outer loop
      vertex 4.010557646134572 2.545177276150234 4
      vertex 6.121377459889609 3.884744263597726 17.5
      vertex 6.353223430318011 3.492714137237436 17.5
    endloop
  endfacet
  facet normal 0.959617086668549 0.21449983231102734 -0.18200238710607042
    outer loop
      vertex 7.022227918182575 1.8030016819451973 17.5
      vertex 6.8988374203709695 1.7654135047258148 16.80511742316169
      vertex 6.727487580941967 1.722492604317976 15.851081806294163
    endloop
  endfacet
  facet normal 0.9596170866685485 0.21449983231102895 -0.18200238710607045
    outer loop
      vertex 7.022227918182575 1.8030016819451973 17.5
      vertex 7.026400267170603 1.7843356655790414 17.5
      vertex 6.8988374203709695 1.7654135047258148 16.80511742316169
    endloop
  endfacet
  facet normal 0.6502666931558021 0.7375827810218389 -0.18200238710606984
    outer loop
      vertex 3.2515987531612716 3.462600980251705 4
      vertex 4.25905008625822 4.594053509273994 12.184793471805651
      vertex 4.3519041584216005 4.634307228178693 12.679679070945829
    endloop
  endfacet
  facet normal 0.6952967463923918 0.6952967463923918 -0.18200238710607064
    outer loop
      vertex 3.2515987531612716 3.462600980251705 4
      vertex 4.3519041584216005 4.634307228178693 12.679679070945829
      vertex 4.421119642394203 4.664313242678341 13.058731160079844
    endloop
  endfacet
  facet normal 0.6952967463923956 0.695296746392388 -0.18200238710607033
    outer loop
      vertex 3.2515987531612716 3.462600980251705 4
      vertex 4.421119642394203 4.664313242678341 13.058731160079844
      vertex 4.575522131170662 4.750120250689338 13.976394297495371
    endloop
  endfacet
  facet normal 0.6952967463923887 0.6952967463923947 -0.18200238710607133
    outer loop
      vertex 3.2515987531612716 3.462600980251705 4
      vertex 4.575522131170662 4.750120250689338 13.976394297495371
      vertex 4.720770572215697 4.850648164912957 14.915324291083218
    endloop
  endfacet
  facet normal 0.6952967463923749 0.6952967463924089 -0.18200238710606928
    outer loop
      vertex 3.2515987531612716 3.462600980251705 4
      vertex 4.720770572215697 4.850648164912957 14.915324291083218
      vertex 4.855466143641168 4.964928846581075 15.866478731733778
    endloop
  endfacet
  facet normal 0.6952967463923928 0.6952967463923909 -0.1820023871060703
    outer loop
      vertex 3.2515987531612716 3.462600980251705 4
      vertex 4.855466143641168 4.964928846581075 15.866478731733778
      vertex 5.285022548805234 4.962966517982993 17.5
    endloop
  endfacet
  facet normal 0.7375827810218416 0.650266693155799 -0.18200238710607047
    outer loop
      vertex 3.462600980251705 3.2515987531612716 4
      vertex 5.285022548805234 4.962966517982993 17.5
      vertex 5.586221010124471 4.621323925678 17.5
    endloop
  endfacet
  facet normal 0.7769579133841136 0.6026703343599189 -0.18200238710607047
    outer loop
      vertex 3.6599379031849986 3.027763951306276 4
      vertex 5.586221010124471 4.621323925678 17.5
      vertex 5.865373209218369 4.26144307912043 17.5
    endloop
  endfacet
  facet normal 0.8132667478205685 0.5526955110882009 -0.18200238710607033
    outer loop
      vertex 3.8428307232810006 2.7919799483892476 4
      vertex 5.865373209218369 4.26144307912043 17.5
      vertex 6.121377459889609 3.884744263597726 17.5
    endloop
  endfacet
  facet normal 0.695296746392392 0.6952967463923918 -0.18200238710607036
    outer loop
      vertex 5.285022548805234 4.962966517982993 17.5
      vertex 4.855466143641168 4.964928846581075 15.866478731733778
      vertex 4.97831165346216 5.091861710257056 16.820697482229694
    endloop
  endfacet
  facet normal 0.6952967463923919 0.6952967463923919 -0.1820023871060703
    outer loop
      vertex 5.285022548805234 4.962966517982993 17.5
      vertex 4.97831165346216 5.091861710257056 16.820697482229694
      vertex 5.056991480204431 5.190997586583796 17.5
    endloop
  endfacet
  facet normal -0.5849785906597089 -0.3975510396887116 0.706932259351775
    outer loop
      vertex -6.121377459889609 -3.8847442635977267 17.5
      vertex -5.865373209218369 -4.26144307912043 17.5
      vertex -5.277049534387594 -3.3489174686187297 18.5
    endloop
  endfacet
  facet normal -0.5588618327152183 -0.4334976731448306 0.7069322593517747
    outer loop
      vertex -5.586221010124473 -4.621323925677999 17.5
      vertex -5.056356214843421 -3.673657826827957 18.5
      vertex -5.865373209218369 -4.26144307912043 17.5
    endloop
  endfacet
  facet normal -0.5849785906597096 -0.3975510396887111 0.7069322593517748
    outer loop
      vertex -5.865373209218369 -4.26144307912043 17.5
      vertex -5.056356214843421 -3.673657826827957 18.5
      vertex -5.277049534387594 -3.3489174686187297 18.5
    endloop
  endfacet
  facet normal -0.500123375122477 -0.500123375122477 0.7069322593517742
    outer loop
      vertex -5.285022548805235 -4.962966517982991 17.5
      vertex -5.05699148020443 -5.190997586583796 17.5
      vertex -4.97831165346216 -5.091861710257056 17.625796762550056
    endloop
  endfacet
  facet normal -0.5001233751224766 -0.5001233751224732 0.7069322593517773
    outer loop
      vertex -5.285022548805235 -4.962966517982991 17.5
      vertex -4.97831165346216 -5.091861710257056 17.625796762550056
      vertex -4.855466143641168 -4.964928846581075 17.802503938567817
    endloop
  endfacet
  facet normal -0.500123375122475 -0.5001233751224785 0.7069322593517747
    outer loop
      vertex -5.285022548805235 -4.962966517982991 17.5
      vertex -4.855466143641168 -4.964928846581075 17.802503938567817
      vertex -4.556053921383823 -4.278419412054303 18.5
    endloop
  endfacet
  facet normal -0.5001233751224693 -0.5001233751224823 0.7069322593517762
    outer loop
      vertex -4.556053921383823 -4.278419412054303 18.5
      vertex -4.855466143641168 -4.964928846581075 17.802503938567817
      vertex -4.720770572215697 -4.850648164912957 17.9786436497994
    endloop
  endfacet
  facet normal -0.5001233751224866 -0.5001233751224723 0.7069322593517707
    outer loop
      vertex -4.556053921383823 -4.278419412054303 18.5
      vertex -4.720770572215697 -4.850648164912957 17.9786436497994
      vertex -4.575522131170662 -4.750120250689338 18.152519574537894
    endloop
  endfacet
  facet normal -0.500123375122469 -0.5001233751224788 0.7069322593517786
    outer loop
      vertex -4.556053921383823 -4.278419412054303 18.5
      vertex -4.575522131170662 -4.750120250689338 18.152519574537894
      vertex -4.421119642394203 -4.664313242678341 18.322457192577804
    endloop
  endfacet
  facet normal -0.5305395024366845 -0.467733489331297 0.7069322593517747
    outer loop
      vertex -5.586221010124473 -4.621323925677999 17.5
      vertex -5.285022548805235 -4.962966517982991 17.5
      vertex -4.815707767348684 -3.98389993592931 18.5
    endloop
  endfacet
  facet normal -0.5588618327152187 -0.43349767314483023 0.7069322593517746
    outer loop
      vertex -5.586221010124473 -4.621323925677999 17.5
      vertex -4.815707767348684 -3.98389993592931 18.5
      vertex -5.056356214843421 -3.673657826827957 18.5
    endloop
  endfacet
  facet normal -0.5305395024366839 -0.46773348933129744 0.7069322593517748
    outer loop
      vertex -5.285022548805235 -4.962966517982991 17.5
      vertex -4.556053921383823 -4.278419412054303 18.5
      vertex -4.815707767348684 -3.98389993592931 18.5
    endloop
  endfacet
  facet normal -0.500123375122495 -0.5001233751224793 0.7069322593517599
    outer loop
      vertex -4.556053921383823 -4.278419412054303 18.5
      vertex -4.421119642394203 -4.664313242678341 18.322457192577804
      vertex -4.351904158421597 -4.634307228178691 18.392652023898926
    endloop
  endfacet
  facet normal -0.5001233751224727 -0.5001233751224727 0.7069322593517804
    outer loop
      vertex -4.556053921383823 -4.278419412054303 18.5
      vertex -4.351904158421597 -4.634307228178691 18.392652023898926
      vertex -4.278419412054303 -4.556053921383823 18.5
    endloop
  endfacet
  facet normal -0.46773348933128583 -0.5305395024366869 0.7069322593517803
    outer loop
      vertex -4.278419412054303 -4.556053921383823 18.5
      vertex -4.351904158421597 -4.634307228178691 18.392652023898926
      vertex -4.25905008625822 -4.594053509273994 18.484297505221175
    endloop
  endfacet
  facet normal -0.4677334893313 -0.5305395024366895 0.7069322593517688
    outer loop
      vertex -4.278419412054303 -4.556053921383823 18.5
      vertex -4.25905008625822 -4.594053509273994 18.484297505221175
      vertex -4.241656445670122 -4.58846483605854 18.5
    endloop
  endfacet
  facet normal -0.6301922170587589 -0.32109897266475484 0.706932259351775
    outer loop
      vertex -6.35322343031801 -3.4927141372374364 17.5
      vertex -5.655169077912622 -2.661120572281703 18.5
      vertex -6.559996130378642 -3.0868998638467753 17.5
    endloop
  endfacet
  facet normal -0.6791977279353126 -0.1973251809965061 0.7069322593517747
    outer loop
      vertex -6.895159743139863 -2.240373209218369 17.5
      vertex -6.053644757053944 -1.5543117947803429 18.5
      vertex -7.022227918182575 -1.8030016819451977 17.5
    endloop
  endfacet
  facet normal -0.6491106479860606 -0.28089526047783575 0.7069322593517748
    outer loop
      vertex -6.559996130378642 -3.0868998638467753 17.5
      vertex -5.811103036801572 -2.3007784542792367 18.5
      vertex -6.7408795226898235 -2.6689030069639146 17.5
    endloop
  endfacet
  facet normal -0.6654673357362095 -0.23958298302664538 0.706932259351775
    outer loop
      vertex -6.895159743139863 -2.240373209218369 17.5
      vertex -6.7408795226898235 -2.6689030069639146 17.5
      vertex -5.944103226844709 -1.9313562148434211 18.5
    endloop
  endfacet
  facet normal -0.6654673357362094 -0.2395829830266455 0.7069322593517748
    outer loop
      vertex -6.7408795226898235 -2.6689030069639146 17.5
      vertex -5.811103036801572 -2.3007784542792367 18.5
      vertex -5.944103226844709 -1.9313562148434211 18.5
    endloop
  endfacet
  facet normal -0.6791977279353125 -0.1973251809965064 0.7069322593517748
    outer loop
      vertex -6.895159743139863 -2.240373209218369 17.5
      vertex -5.944103226844709 -1.9313562148434211 18.5
      vertex -6.053644757053944 -1.5543117947803429 18.5
    endloop
  endfacet
  facet normal -0.608786705358164 -0.36003545390273295 0.7069322593517747
    outer loop
      vertex -6.121377459889609 -3.8847442635977267 17.5
      vertex -5.476916750274147 -3.010960463135721 18.5
      vertex -6.35322343031801 -3.4927141372374364 17.5
    endloop
  endfacet
  facet normal -0.6301922170587595 -0.3210989726647541 0.7069322593517748
    outer loop
      vertex -6.35322343031801 -3.4927141372374364 17.5
      vertex -5.476916750274147 -3.010960463135721 18.5
      vertex -5.655169077912622 -2.661120572281703 18.5
    endloop
  endfacet
  facet normal -0.6087867053581635 -0.36003545390273356 0.706932259351775
    outer loop
      vertex -6.121377459889609 -3.8847442635977267 17.5
      vertex -5.277049534387594 -3.3489174686187297 18.5
      vertex -5.476916750274147 -3.010960463135721 18.5
    endloop
  endfacet
  facet normal -0.6491106479860604 -0.280895260477836 0.706932259351775
    outer loop
      vertex -6.559996130378642 -3.0868998638467753 17.5
      vertex -5.655169077912622 -2.661120572281703 18.5
      vertex -5.811103036801572 -2.3007784542792367 18.5
    endloop
  endfacet
  facet normal 0 0 1
    outer loop
      vertex -5.811103036801572 -2.3007784542792367 18.5
      vertex -5.655169077912622 -2.661120572281703 18.5
      vertex -5.753354697855419 -1.000026419435284 18.5
    endloop
  endfacet
  facet normal 0 0 1
    outer loop
      vertex -5.476916750274147 -3.010960463135721 18.5
      vertex -5.587016841479684 -0.6888301782571616 18.5
      vertex -5.655169077912622 -2.661120572281703 18.5
    endloop
  endfacet
  facet normal 0 0 1
    outer loop
      vertex -5.476916750274147 -3.010960463135721 18.5
      vertex -5.277049534387594 -3.3489174686187297 18.5
      vertex -5.484586495274185 -0.35116257962903086 18.5
    endloop
  endfacet
  facet normal -0.6902476369981777 -0.1542886266262668 0.7069322593517801
    outer loop
      vertex -7.022227918182575 -1.8030016819451977 17.5
      vertex -6.8988374203709695 -1.7654135047258148 17.62868195867376
      vertex -7.026400267170603 -1.7843356655790414 17.5
    endloop
  endfacet
  facet normal -0.6902476369982377 -0.15428862662603904 0.7069322593517711
    outer loop
      vertex -7.022227918182575 -1.8030016819451977 17.5
      vertex -6.053644757053944 -1.5543117947803429 18.5
      vertex -6.8988374203709695 -1.7654135047258148 17.62868195867376
    endloop
  endfacet
  facet normal -0.6902476369961204 -0.15428862663500872 0.7069322593518808
    outer loop
      vertex -6.053644757053944 -1.5543117947803429 18.5
      vertex -6.727487580941967 -1.722492604317976 17.805355221056637
      vertex -6.8988374203709695 -1.7654135047258148 17.62868195867376
    endloop
  endfacet
  facet normal -0.6902476369981957 -0.15428862662621082 0.7069322593517746
    outer loop
      vertex -6.053644757053944 -1.5543117947803429 18.5
      vertex -6.561169821742839 -1.662983158520316 17.980735633113554
      vertex -6.727487580941967 -1.722492604317976 17.805355221056637
    endloop
  endfacet
  facet normal -0.6902476369981786 -0.1542886266262914 0.7069322593517736
    outer loop
      vertex -6.053644757053944 -1.5543117947803429 18.5
      vertex -6.401485873713204 -1.587458275827039 18.153134185603726
      vertex -6.561169821742839 -1.662983158520316 17.980735633113554
    endloop
  endfacet
  facet normal -0.6902476369981811 -0.15428862662627588 0.7069322593517746
    outer loop
      vertex -6.053644757053944 -1.5543117947803429 18.5
      vertex -6.249973580564716 -1.4966453021445814 18.32089058622403
      vertex -6.401485873713204 -1.587458275827039 18.153134185603726
    endloop
  endfacet
  facet normal 0 0 1
    outer loop
      vertex -5.944103226844709 -1.9313562148434211 18.5
      vertex -5.977207793864214 -1.2727922061357857 18.5
      vertex -6.053644757053944 -1.5543117947803429 18.5
    endloop
  endfacet
  facet normal -0.6902476369981811 -0.15428862662627693 0.7069322593517743
    outer loop
      vertex -6.053644757053944 -1.5543117947803429 18.5
      vertex -6.108092088505439 -1.3914188160529266 18.482389249131522
      vertex -6.249973580564716 -1.4966453021445814 18.32089058622403
    endloop
  endfacet
  facet normal -0.6902476369981614 -0.154288626626268 0.7069322593517958
    outer loop
      vertex -6.053644757053944 -1.5543117947803429 18.5
      vertex -6.09309412751409 -1.3778254565673578 18.5
      vertex -6.108092088505439 -1.3914188160529266 18.482389249131522
    endloop
  endfacet
  facet normal 0 0 1
    outer loop
      vertex -6.053644757053944 -1.5543117947803429 18.5
      vertex -5.977207793864214 -1.2727922061357857 18.5
      vertex -6.09309412751409 -1.3778254565673578 18.5
    endloop
  endfacet
  facet normal 0 0 1
    outer loop
      vertex -5.944103226844709 -1.9313562148434211 18.5
      vertex -5.811103036801572 -2.3007784542792367 18.5
      vertex -5.858581183947074 -1.1419079114945618 18.5
    endloop
  endfacet
  facet normal 0 0 1
    outer loop
      vertex -5.944103226844709 -1.9313562148434211 18.5
      vertex -5.858581183947074 -1.1419079114945618 18.5
      vertex -5.977207793864214 -1.2727922061357857 18.5
    endloop
  endfacet
  facet normal 0 0 1
    outer loop
      vertex -5.811103036801572 -2.3007784542792367 18.5
      vertex -5.753354697855419 -1.000026419435284 18.5
      vertex -5.858581183947074 -1.1419079114945618 18.5
    endloop
  endfacet
  facet normal 0 0 1
    outer loop
      vertex -5.655169077912622 -2.661120572281703 18.5
      vertex -5.662541724172961 -0.8485141262867958 18.5
      vertex -5.753354697855419 -1.000026419435284 18.5
    endloop
  endfacet
  facet normal 0 0 1
    outer loop
      vertex -5.655169077912622 -2.661120572281703 18.5
      vertex -5.587016841479684 -0.6888301782571616 18.5
      vertex -5.662541724172961 -0.8485141262867958 18.5
    endloop
  endfacet
  facet normal 0 0 1
    outer loop
      vertex -5.476916750274147 -3.010960463135721 18.5
      vertex -5.527507395682024 -0.5225124190580323 18.5
      vertex -5.587016841479684 -0.6888301782571616 18.5
    endloop
  endfacet
  facet normal 0 0 1
    outer loop
      vertex -5.476916750274147 -3.010960463135721 18.5
      vertex -5.484586495274185 -0.35116257962903086 18.5
      vertex -5.527507395682024 -0.5225124190580323 18.5
    endloop
  endfacet
  facet normal 0 0 1
    outer loop
      vertex -5.277049534387594 -3.3489174686187297 18.5
      vertex -5.458667491990045 -0.1764308525932091 18.5
      vertex -5.484586495274185 -0.35116257962903086 18.5
    endloop
  endfacet
  facet normal 0 0 1
    outer loop
      vertex -5.277049534387594 -3.3489174686187297 18.5
      vertex -5.45 0 18.5
      vertex -5.458667491990045 -0.1764308525932091 18.5
    endloop
  endfacet
  facet normal 0 0 1
    outer loop
      vertex -5.277049534387594 -3.3489174686187297 18.5
      vertex -5.458667491990045 0.1764308525932091 18.5
      vertex -5.45 0 18.5
    endloop
  endfacet
  facet normal 0 0 1
    outer loop
      vertex -5.277049534387594 -3.3489174686187297 18.5
      vertex -5.476916750274147 3.010960463135721 18.5
      vertex -5.458667491990045 0.1764308525932091 18.5
    endloop
  endfacet
  facet normal 0 0 1
    outer loop
      vertex -4.278419412054303 -4.556053921383823 18.5
      vertex -4.241656445670122 -4.58846483605854 18.5
      vertex -4.214656965084268 0 18.5
    endloop
  endfacet
  facet normal 0 0 1
    outer loop
      vertex -4.241656445670122 -4.58846483605854 18.5
      vertex -4.090874281184537 -4.540017690116857 18.5
      vertex -4.214656965084268 0 18.5
    endloop
  endfacet
  facet normal 0 0 1
    outer loop
      vertex -4.214656965084268 0 18.5
      vertex -4.090874281184537 -4.540017690116857 18.5
      vertex -3.9182118521102596 -4.502726179684398 18.5
    endloop
  endfacet
  facet normal 0 0 1
    outer loop
      vertex -4.214656965084268 0 18.5
      vertex -3.9182118521102596 -4.502726179684398 18.5
      vertex -3.7427256326142575 -4.482538115607694 18.5
    endloop
  endfacet
  facet normal 0 0 1
    outer loop
      vertex -4.214656965084268 0 18.5
      vertex -3.7427256326142575 -4.482538115607694 18.5
      vertex -3.566105650920803 -4.479647919979722 18.5
    endloop
  endfacet
  facet normal 0 0 1
    outer loop
      vertex -4.214656965084268 0 18.5
      vertex -3.566105650920803 -4.479647919979722 18.5
      vertex -3.3900528540039074 -4.4940834269643215 18.5
    endloop
  endfacet
  facet normal 0 0 1
    outer loop
      vertex -4.214656965084268 0 18.5
      vertex -3.3900528540039074 -4.4940834269643215 18.5
      vertex -3.2162627265381283 -4.52570561473798 18.5
    endloop
  endfacet
  facet normal 0 0 1
    outer loop
      vertex -5.056356214843421 -3.673657826827957 18.5
      vertex -5.277049534387594 3.3489174686187297 18.5
      vertex -5.277049534387594 -3.3489174686187297 18.5
    endloop
  endfacet
  facet normal 0 0 1
    outer loop
      vertex -5.056356214843421 -3.673657826827957 18.5
      vertex -4.815707767348684 -3.98389993592931 18.5
      vertex -5.056356214843421 3.673657826827957 18.5
    endloop
  endfacet
  facet normal 0 0 1
    outer loop
      vertex -4.556053921383823 -4.278419412054303 18.5
      vertex -4.815707767348684 3.98389993592931 18.5
      vertex -4.815707767348684 -3.98389993592931 18.5
    endloop
  endfacet
  facet normal 0 0 1
    outer loop
      vertex -4.556053921383823 -4.278419412054303 18.5
      vertex -4.278419412054303 -4.556053921383823 18.5
      vertex -4.556053921383823 4.278419412054303 18.5
    endloop
  endfacet
  facet normal -0.19732518099650517 -0.6791977279353127 0.7069322593517751
    outer loop
      vertex -1.8030016819451977 -7.022227918182575 17.5
      vertex -1.92052576690881 -6.857275214982871 17.625676878820894
      vertex -1.9668941701194598 -6.974612748751334 17.5
    endloop
  endfacet
  facet normal -0.1973251809965124 -0.6791977279353149 0.7069322593517711
    outer loop
      vertex -1.8030016819451977 -7.022227918182575 17.5
      vertex -1.8720214373007993 -6.687421450899051 17.802405857606736
      vertex -1.92052576690881 -6.857275214982871 17.625676878820894
    endloop
  endfacet
  facet normal -0.1973251809964541 -0.6791977279353162 0.7069322593517859
    outer loop
      vertex -1.8030016819451977 -7.022227918182575 17.5
      vertex -1.8403992495271415 -6.513631323433272 17.978204474792832
      vertex -1.8720214373007993 -6.687421450899051 17.802405857606736
    endloop
  endfacet
  facet normal 0 0 1
    outer loop
      vertex -1.886333512679677 -5.812809896252643 18.5
      vertex -2.107328482542134 -3.65 18.5
      vertex -1.940369331836814 -5.644634091178959 18.5
    endloop
  endfacet
  facet normal 0 0 1
    outer loop
      vertex -1.5543117947803429 -6.053644757053944 18.5
      vertex -2.107328482542134 -3.65 18.5
      vertex -1.853064221852867 -5.966849153475533 18.5
    endloop
  endfacet
  facet normal 0 0 1
    outer loop
      vertex -1.853064221852867 -5.966849153475533 18.5
      vertex -2.107328482542134 -3.65 18.5
      vertex -1.886333512679677 -5.812809896252643 18.5
    endloop
  endfacet
  facet normal 0 0 1
    outer loop
      vertex -2.107328482542134 -3.65 18.5
      vertex -2.010629065241161 -5.482564535042977 18.5
      vertex -1.940369331836814 -5.644634091178959 18.5
    endloop
  endfacet
  facet normal 0 0 1
    outer loop
      vertex -2.107328482542134 -3.65 18.5
      vertex -2.096436073252158 -5.328162046266518 18.5
      vertex -2.010629065241161 -5.482564535042977 18.5
    endloop
  endfacet
  facet normal 0 0 1
    outer loop
      vertex -2.107328482542134 -3.65 18.5
      vertex -2.196963987475777 -5.182913605221483 18.5
      vertex -2.096436073252158 -5.328162046266518 18.5
    endloop
  endfacet
  facet normal -0.15428862662627146 -0.690247636998182 0.7069322593517748
    outer loop
      vertex -1.8030016819451977 -7.022227918182575 17.5
      vertex -1.358514530746505 -7.121582567782992 17.5
      vertex -1.5543117947803429 -6.053644757053944 18.5
    endloop
  endfacet
  facet normal -0.19732518099651536 -0.6791977279353102 0.7069322593517747
    outer loop
      vertex -1.8030016819451977 -7.022227918182575 17.5
      vertex -1.5543117947803429 -6.053644757053944 18.5
      vertex -1.8403992495271415 -6.513631323433272 17.978204474792832
    endloop
  endfacet
  facet normal -0.154288626626271 -0.6902476369981819 0.7069322593517748
    outer loop
      vertex -1.358514530746505 -7.121582567782992 17.5
      vertex -1.1711332161607801 -6.139295317054303 18.5
      vertex -1.5543117947803429 -6.053644757053944 18.5
    endloop
  endfacet
  facet normal -0.11064316553451352 -0.6985734539819682 0.7069322593517748
    outer loop
      vertex -1.358514530746505 -7.121582567782992 17.5
      vertex -0.9086659433412044 -7.192831584529965 17.5
      vertex -1.1711332161607801 -6.139295317054303 18.5
    endloop
  endfacet
  facet normal -0.11064316553451305 -0.6985734539819684 0.7069322593517751
    outer loop
      vertex -0.9086659433412044 -7.192831584529965 17.5
      vertex -0.7833327097769004 -6.200716883215486 18.5
      vertex -1.1711332161607801 -6.139295317054303 18.5
    endloop
  endfacet
  facet normal -0.19732518099650945 -0.679197727935313 0.7069322593517738
    outer loop
      vertex -1.5543117947803429 -6.053644757053944 18.5
      vertex -1.825963742542542 -6.337578526516377 18.151379693594393
      vertex -1.8403992495271415 -6.513631323433272 17.978204474792832
    endloop
  endfacet
  facet normal -0.19732518099650487 -0.6791977279353156 0.7069322593517725
    outer loop
      vertex -1.5543117947803429 -6.053644757053944 18.5
      vertex -1.8288539381705138 -6.160958544822922 18.32026374198715
      vertex -1.825963742542542 -6.337578526516377 18.151379693594393
    endloop
  endfacet
  facet normal -0.19732518099650467 -0.6791977279353159 0.7069322593517722
    outer loop
      vertex -1.5543117947803429 -6.053644757053944 18.5
      vertex -1.849042002247218 -5.985472325326921 18.48323017426367
      vertex -1.8288539381705138 -6.160958544822922 18.32026374198715
    endloop
  endfacet
  facet normal -0.19732518099650123 -0.6791977279352962 0.7069322593517922
    outer loop
      vertex -1.5543117947803429 -6.053644757053944 18.5
      vertex -1.853064221852867 -5.966849153475533 18.5
      vertex -1.849042002247218 -5.985472325326921 18.48323017426367
    endloop
  endfacet
  facet normal -0.06656104641644171 -0.7041423206907415 0.7069322593517751
    outer loop
      vertex -0.9086659433412044 -7.192831584529965 17.5
      vertex -0.4552312665875248 -7.235693781104969 17.5
      vertex -0.7833327097769004 -6.200716883215486 18.5
    endloop
  endfacet
  facet normal -0.06656104641644221 -0.7041423206907416 0.706932259351775
    outer loop
      vertex -0.4552312665875248 -7.235693781104969 17.5
      vertex -0.392440747058211 -6.237667052676697 18.5
      vertex -0.7833327097769004 -6.200716883215486 18.5
    endloop
  endfacet
  facet normal -0.022216241257016343 -0.7069322593517747 0.706932259351775
    outer loop
      vertex -0.4552312665875248 -7.235693781104969 17.5
      vertex 0 -7.25 17.5
      vertex -0.392440747058211 -6.237667052676697 18.5
    endloop
  endfacet
  facet normal -0.022216241257016784 -0.7069322593517748 0.7069322593517748
    outer loop
      vertex -0.392440747058211 -6.237667052676697 18.5
      vertex 0 -7.25 17.5
      vertex 0 -6.25 18.5
    endloop
  endfacet
  facet normal 0 0 1
    outer loop
      vertex -1.5543117947803429 -6.053644757053944 18.5
      vertex -1.1711332161607801 -6.139295317054303 18.5
      vertex -2.107328482542134 -3.65 18.5
    endloop
  endfacet
  facet normal 0 0 1
    outer loop
      vertex -1.1711332161607801 -6.139295317054303 18.5
      vertex -0.7833327097769004 -6.200716883215486 18.5
      vertex -2.107328482542134 -3.65 18.5
    endloop
  endfacet
  facet normal 0 0 1
    outer loop
      vertex -0.7833327097769004 -6.200716883215486 18.5
      vertex -0.392440747058211 -6.237667052676697 18.5
      vertex -2.107328482542134 -3.65 18.5
    endloop
  endfacet
  facet normal 0 0 1
    outer loop
      vertex -0.392440747058211 -6.237667052676697 18.5
      vertex 0 -6.25 18.5
      vertex -2.107328482542134 -3.65 18.5
    endloop
  endfacet
  facet normal 0 0 1
    outer loop
      vertex 0 -6.25 18.5
      vertex 0.392440747058211 -6.237667052676697 18.5
      vertex -2.107328482542134 -3.65 18.5
    endloop
  endfacet
  facet normal 0 0 1
    outer loop
      vertex 0.392440747058211 -6.237667052676697 18.5
      vertex 0.7833327097769004 -6.200716883215486 18.5
      vertex -2.107328482542134 -3.65 18.5
    endloop
  endfacet
  facet normal 0 0 1
    outer loop
      vertex 0.7833327097769004 -6.200716883215486 18.5
      vertex 1.1711332161607801 -6.139295317054303 18.5
      vertex -2.107328482542134 -3.65 18.5
    endloop
  endfacet
  facet normal 0 0 1
    outer loop
      vertex -4.214656965084268 0 18.5
      vertex -2.725 -4.719838450625191 18.5
      vertex -2.576540145637956 -4.815560145172272 18.5
    endloop
  endfacet
  facet normal 0 0 1
    outer loop
      vertex -4.214656965084268 0 18.5
      vertex -2.576540145637956 -4.815560145172272 18.5
      vertex -2.4381775328198763 -4.925372523975021 18.5
    endloop
  endfacet
  facet normal 0 0 1
    outer loop
      vertex -4.214656965084268 0 18.5
      vertex -3.2162627265381283 -4.52570561473798 18.5
      vertex -3.046408962454309 -4.57420994434599 18.5
    endloop
  endfacet
  facet normal 0 0 1
    outer loop
      vertex -4.214656965084268 0 18.5
      vertex -3.046408962454309 -4.57420994434599 18.5
      vertex -2.8821273463520893 -4.639129292579064 18.5
    endloop
  endfacet
  facet normal 0 0 1
    outer loop
      vertex -4.214656965084268 0 18.5
      vertex -2.8821273463520893 -4.639129292579064 18.5
      vertex -2.725 -4.719838450625191 18.5
    endloop
  endfacet
  facet normal 0 0 1
    outer loop
      vertex -2.196963987475777 -5.182913605221483 18.5
      vertex -4.214656965084268 0 18.5
      vertex -2.3112446691438957 -5.048218033796012 18.5
    endloop
  endfacet
  facet normal 0 0 1
    outer loop
      vertex -4.214656965084268 0 18.5
      vertex -2.4381775328198763 -4.925372523975021 18.5
      vertex -2.3112446691438957 -5.048218033796012 18.5
    endloop
  endfacet
  facet normal 0 0 1
    outer loop
      vertex -2.196963987475777 -5.182913605221483 18.5
      vertex -2.107328482542134 -3.65 18.5
      vertex -4.214656965084268 0 18.5
    endloop
  endfacet
  facet normal -0.6902476369981777 0.1542886266262668 0.7069322593517801
    outer loop
      vertex -7.022227918182575 1.8030016819451977 17.5
      vertex -7.026400267170603 1.7843356655790414 17.5
      vertex -6.8988374203709695 1.7654135047258148 17.62868195867376
    endloop
  endfacet
  facet normal -0.6902476369982377 0.15428862662603904 0.7069322593517711
    outer loop
      vertex -7.022227918182575 1.8030016819451977 17.5
      vertex -6.8988374203709695 1.7654135047258148 17.62868195867376
      vertex -6.053644757053944 1.5543117947803429 18.5
    endloop
  endfacet
  facet normal -0.6902476369961204 0.15428862663500872 0.7069322593518808
    outer loop
      vertex -6.053644757053944 1.5543117947803429 18.5
      vertex -6.8988374203709695 1.7654135047258148 17.62868195867376
      vertex -6.727487580941967 1.722492604317976 17.805355221056637
    endloop
  endfacet
  facet normal -0.6902476369981957 0.15428862662621082 0.7069322593517746
    outer loop
      vertex -6.053644757053944 1.5543117947803429 18.5
      vertex -6.727487580941967 1.722492604317976 17.805355221056637
      vertex -6.561169821742839 1.662983158520316 17.980735633113554
    endloop
  endfacet
  facet normal -0.6902476369981811 0.15428862662627588 0.7069322593517746
    outer loop
      vertex -6.053644757053944 1.5543117947803429 18.5
      vertex -6.401485873713204 1.587458275827039 18.153134185603726
      vertex -6.249973580564716 1.4966453021445814 18.32089058622403
    endloop
  endfacet
  facet normal -0.6902476369981786 0.1542886266262914 0.7069322593517736
    outer loop
      vertex -6.053644757053944 1.5543117947803429 18.5
      vertex -6.561169821742839 1.662983158520316 17.980735633113554
      vertex -6.401485873713204 1.587458275827039 18.153134185603726
    endloop
  endfacet
  facet normal 0 0 1
    outer loop
      vertex -6.053644757053944 1.5543117947803429 18.5
      vertex -5.977207793864214 1.2727922061357857 18.5
      vertex -5.858581183947074 1.1419079114945618 18.5
    endloop
  endfacet
  facet normal 0 0 1
    outer loop
      vertex -5.944103226844709 1.9313562148434211 18.5
      vertex -5.858581183947074 1.1419079114945618 18.5
      vertex -5.753354697855419 1.000026419435284 18.5
    endloop
  endfacet
  facet normal 0 0 1
    outer loop
      vertex -6.053644757053944 1.5543117947803429 18.5
      vertex -6.09309412751409 1.3778254565673578 18.5
      vertex -5.977207793864214 1.2727922061357857 18.5
    endloop
  endfacet
  facet normal -0.6902476369981614 0.154288626626268 0.7069322593517958
    outer loop
      vertex -6.053644757053944 1.5543117947803429 18.5
      vertex -6.108092088505439 1.3914188160529266 18.482389249131522
      vertex -6.09309412751409 1.3778254565673578 18.5
    endloop
  endfacet
  facet normal -0.6902476369981811 0.15428862662627693 0.7069322593517743
    outer loop
      vertex -6.053644757053944 1.5543117947803429 18.5
      vertex -6.249973580564716 1.4966453021445814 18.32089058622403
      vertex -6.108092088505439 1.3914188160529266 18.482389249131522
    endloop
  endfacet
  facet normal 0 0 1
    outer loop
      vertex -6.053644757053944 1.5543117947803429 18.5
      vertex -5.858581183947074 1.1419079114945618 18.5
      vertex -5.944103226844709 1.9313562148434211 18.5
    endloop
  endfacet
  facet normal 0 0 1
    outer loop
      vertex -5.811103036801572 2.3007784542792367 18.5
      vertex -5.753354697855419 1.000026419435284 18.5
      vertex -5.662541724172961 0.8485141262867958 18.5
    endloop
  endfacet
  facet normal 0 0 1
    outer loop
      vertex -5.944103226844709 1.9313562148434211 18.5
      vertex -5.753354697855419 1.000026419435284 18.5
      vertex -5.811103036801572 2.3007784542792367 18.5
    endloop
  endfacet
  facet normal 0 0 1
    outer loop
      vertex -5.811103036801572 2.3007784542792367 18.5
      vertex -5.662541724172961 0.8485141262867958 18.5
      vertex -5.587016841479684 0.6888301782571616 18.5
    endloop
  endfacet
  facet normal 0 0 1
    outer loop
      vertex -5.655169077912622 2.661120572281703 18.5
      vertex -5.587016841479684 0.6888301782571616 18.5
      vertex -5.527507395682024 0.5225124190580323 18.5
    endloop
  endfacet
  facet normal 0 0 1
    outer loop
      vertex -5.476916750274147 3.010960463135721 18.5
      vertex -5.527507395682024 0.5225124190580323 18.5
      vertex -5.484586495274185 0.35116257962903086 18.5
    endloop
  endfacet
  facet normal 0 0 1
    outer loop
      vertex -5.277049534387594 -3.3489174686187297 18.5
      vertex -5.277049534387594 3.3489174686187297 18.5
      vertex -5.476916750274147 3.010960463135721 18.5
    endloop
  endfacet
  facet normal 0 0 1
    outer loop
      vertex -5.476916750274147 3.010960463135721 18.5
      vertex -5.484586495274185 0.35116257962903086 18.5
      vertex -5.458667491990045 0.1764308525932091 18.5
    endloop
  endfacet
  facet normal -0.6791977279353126 0.1973251809965061 0.7069322593517748
    outer loop
      vertex -7.022227918182575 1.8030016819451977 17.5
      vertex -6.053644757053944 1.5543117947803429 18.5
      vertex -6.895159743139863 2.240373209218369 17.5
    endloop
  endfacet
  facet normal -0.6791977279353126 0.19732518099650645 0.7069322593517748
    outer loop
      vertex -6.053644757053944 1.5543117947803429 18.5
      vertex -5.944103226844709 1.9313562148434211 18.5
      vertex -6.895159743139863 2.240373209218369 17.5
    endloop
  endfacet
  facet normal -0.6654673357362095 0.23958298302664538 0.706932259351775
    outer loop
      vertex -6.895159743139863 2.240373209218369 17.5
      vertex -5.944103226844709 1.9313562148434211 18.5
      vertex -6.7408795226898235 2.6689030069639146 17.5
    endloop
  endfacet
  facet normal -0.6491106479860607 0.2808952604778358 0.706932259351775
    outer loop
      vertex -6.7408795226898235 2.6689030069639146 17.5
      vertex -5.811103036801572 2.3007784542792367 18.5
      vertex -6.559996130378642 3.0868998638467753 17.5
    endloop
  endfacet
  facet normal -0.6654673357362094 0.2395829830266455 0.7069322593517748
    outer loop
      vertex -6.7408795226898235 2.6689030069639146 17.5
      vertex -5.944103226844709 1.9313562148434211 18.5
      vertex -5.811103036801572 2.3007784542792367 18.5
    endloop
  endfacet
  facet normal -0.6301922170587589 0.32109897266475484 0.706932259351775
    outer loop
      vertex -6.559996130378642 3.0868998638467753 17.5
      vertex -5.655169077912622 2.661120572281703 18.5
      vertex -6.35322343031801 3.4927141372374364 17.5
    endloop
  endfacet
  facet normal -0.6491106479860604 0.280895260477836 0.706932259351775
    outer loop
      vertex -6.559996130378642 3.0868998638467753 17.5
      vertex -5.811103036801572 2.3007784542792367 18.5
      vertex -5.655169077912622 2.661120572281703 18.5
    endloop
  endfacet
  facet normal 0 0 1
    outer loop
      vertex -5.811103036801572 2.3007784542792367 18.5
      vertex -5.587016841479684 0.6888301782571616 18.5
      vertex -5.655169077912622 2.661120572281703 18.5
    endloop
  endfacet
  facet normal 0 0 1
    outer loop
      vertex -5.655169077912622 2.661120572281703 18.5
      vertex -5.527507395682024 0.5225124190580323 18.5
      vertex -5.476916750274147 3.010960463135721 18.5
    endloop
  endfacet
  facet normal -0.6301922170587595 0.3210989726647541 0.7069322593517748
    outer loop
      vertex -6.35322343031801 3.4927141372374364 17.5
      vertex -5.655169077912622 2.661120572281703 18.5
      vertex -5.476916750274147 3.010960463135721 18.5
    endloop
  endfacet
  facet normal -0.608786705358164 0.36003545390273295 0.7069322593517747
    outer loop
      vertex -6.35322343031801 3.4927141372374364 17.5
      vertex -5.476916750274147 3.010960463135721 18.5
      vertex -6.121377459889609 3.8847442635977267 17.5
    endloop
  endfacet
  facet normal -0.6087867053581635 0.36003545390273356 0.706932259351775
    outer loop
      vertex -5.476916750274147 3.010960463135721 18.5
      vertex -5.277049534387594 3.3489174686187297 18.5
      vertex -6.121377459889609 3.8847442635977267 17.5
    endloop
  endfacet
  facet normal 0 0 1
    outer loop
      vertex -5.056356214843421 -3.673657826827957 18.5
      vertex -5.056356214843421 3.673657826827957 18.5
      vertex -5.277049534387594 3.3489174686187297 18.5
    endloop
  endfacet
  facet normal 0 0 1
    outer loop
      vertex -4.815707767348684 -3.98389993592931 18.5
      vertex -4.815707767348684 3.98389993592931 18.5
      vertex -5.056356214843421 3.673657826827957 18.5
    endloop
  endfacet
  facet normal 0 0 1
    outer loop
      vertex -4.556053921383823 -4.278419412054303 18.5
      vertex -4.556053921383823 4.278419412054303 18.5
      vertex -4.815707767348684 3.98389993592931 18.5
    endloop
  endfacet
  facet normal 0 0 1
    outer loop
      vertex -4.278419412054303 -4.556053921383823 18.5
      vertex -4.214656965084268 0 18.5
      vertex -4.278419412054303 4.556053921383823 18.5
    endloop
  endfacet
  facet normal 0 0 1
    outer loop
      vertex -4.278419412054303 -4.556053921383823 18.5
      vertex -4.278419412054303 4.556053921383823 18.5
      vertex -4.556053921383823 4.278419412054303 18.5
    endloop
  endfacet
  facet normal 0 0 1
    outer loop
      vertex -4.278419412054303 4.556053921383823 18.5
      vertex -4.214656965084268 0 18.5
      vertex -2.107328482542134 3.65 18.5
    endloop
  endfacet
  facet normal -0.5849785906597089 0.3975510396887116 0.706932259351775
    outer loop
      vertex -5.277049534387594 3.3489174686187297 18.5
      vertex -5.865373209218369 4.26144307912043 17.5
      vertex -6.121377459889609 3.8847442635977267 17.5
    endloop
  endfacet
  facet normal -0.5849785906597096 0.3975510396887111 0.7069322593517748
    outer loop
      vertex -5.277049534387594 3.3489174686187297 18.5
      vertex -5.056356214843421 3.673657826827957 18.5
      vertex -5.865373209218369 4.26144307912043 17.5
    endloop
  endfacet
  facet normal -0.5588618327152183 0.4334976731448306 0.7069322593517748
    outer loop
      vertex -5.865373209218369 4.26144307912043 17.5
      vertex -5.056356214843421 3.673657826827957 18.5
      vertex -5.586221010124473 4.621323925677999 17.5
    endloop
  endfacet
  facet normal -0.5305395024366845 0.467733489331297 0.7069322593517747
    outer loop
      vertex -5.586221010124473 4.621323925677999 17.5
      vertex -4.815707767348684 3.98389993592931 18.5
      vertex -5.285022548805235 4.962966517982991 17.5
    endloop
  endfacet
  facet normal -0.5588618327152187 0.43349767314483023 0.7069322593517746
    outer loop
      vertex -5.586221010124473 4.621323925677999 17.5
      vertex -5.056356214843421 3.673657826827957 18.5
      vertex -4.815707767348684 3.98389993592931 18.5
    endloop
  endfacet
  facet normal -0.5305395024366839 0.46773348933129744 0.7069322593517748
    outer loop
      vertex -4.815707767348684 3.98389993592931 18.5
      vertex -4.556053921383823 4.278419412054303 18.5
      vertex -5.285022548805235 4.962966517982991 17.5
    endloop
  endfacet
  facet normal -0.500123375122495 0.5001233751224793 0.7069322593517599
    outer loop
      vertex -4.556053921383823 4.278419412054303 18.5
      vertex -4.351904158421597 4.634307228178691 18.392652023898926
      vertex -4.421119642394203 4.664313242678341 18.322457192577804
    endloop
  endfacet
  facet normal -0.5001233751224727 0.5001233751224727 0.7069322593517804
    outer loop
      vertex -4.556053921383823 4.278419412054303 18.5
      vertex -4.278419412054303 4.556053921383823 18.5
      vertex -4.351904158421597 4.634307228178691 18.392652023898926
    endloop
  endfacet
  facet normal -0.5001233751224751 0.5001233751224785 0.7069322593517748
    outer loop
      vertex -4.556053921383823 4.278419412054303 18.5
      vertex -4.855466143641168 4.964928846581075 17.802503938567817
      vertex -5.285022548805235 4.962966517982991 17.5
    endloop
  endfacet
  facet normal -0.500123375122477 0.500123375122477 0.7069322593517742
    outer loop
      vertex -5.285022548805235 4.962966517982991 17.5
      vertex -4.97831165346216 5.091861710257056 17.625796762550056
      vertex -5.05699148020443 5.190997586583796 17.5
    endloop
  endfacet
  facet normal -0.5001233751224766 0.5001233751224732 0.7069322593517773
    outer loop
      vertex -5.285022548805235 4.962966517982991 17.5
      vertex -4.855466143641168 4.964928846581075 17.802503938567817
      vertex -4.97831165346216 5.091861710257056 17.625796762550056
    endloop
  endfacet
  facet normal -0.5001233751224866 0.5001233751224723 0.7069322593517707
    outer loop
      vertex -4.556053921383823 4.278419412054303 18.5
      vertex -4.575522131170662 4.750120250689338 18.152519574537894
      vertex -4.720770572215697 4.850648164912957 17.9786436497994
    endloop
  endfacet
  facet normal -0.5001233751224693 0.5001233751224823 0.7069322593517762
    outer loop
      vertex -4.556053921383823 4.278419412054303 18.5
      vertex -4.720770572215697 4.850648164912957 17.9786436497994
      vertex -4.855466143641168 4.964928846581075 17.802503938567817
    endloop
  endfacet
  facet normal -0.500123375122469 0.5001233751224788 0.7069322593517786
    outer loop
      vertex -4.556053921383823 4.278419412054303 18.5
      vertex -4.421119642394203 4.664313242678341 18.322457192577804
      vertex -4.575522131170662 4.750120250689338 18.152519574537894
    endloop
  endfacet
  facet normal 0 0 1
    outer loop
      vertex -4.278419412054303 4.556053921383823 18.5
      vertex -2.107328482542134 3.65 18.5
      vertex -4.241656445670122 4.58846483605854 18.5
    endloop
  endfacet
  facet normal -0.46773348933128583 0.5305395024366869 0.7069322593517803
    outer loop
      vertex -4.278419412054303 4.556053921383823 18.5
      vertex -4.25905008625822 4.594053509273994 18.484297505221175
      vertex -4.351904158421597 4.634307228178691 18.392652023898926
    endloop
  endfacet
  facet normal -0.4677334893313 0.5305395024366895 0.7069322593517688
    outer loop
      vertex -4.278419412054303 4.556053921383823 18.5
      vertex -4.241656445670122 4.58846483605854 18.5
      vertex -4.25905008625822 4.594053509273994 18.484297505221175
    endloop
  endfacet
  facet normal 0 0 1
    outer loop
      vertex -2.107328482542134 3.65 18.5
      vertex -4.090874281184537 4.540017690116857 18.5
      vertex -4.241656445670122 4.58846483605854 18.5
    endloop
  endfacet
  facet normal 0 0 1
    outer loop
      vertex -2.107328482542134 3.65 18.5
      vertex -3.9182118521102596 4.502726179684398 18.5
      vertex -4.090874281184537 4.540017690116857 18.5
    endloop
  endfacet
  facet normal 0 0 1
    outer loop
      vertex -2.107328482542134 3.65 18.5
      vertex -3.7427256326142575 4.482538115607694 18.5
      vertex -3.9182118521102596 4.502726179684398 18.5
    endloop
  endfacet
  facet normal 0 0 1
    outer loop
      vertex -2.107328482542134 3.65 18.5
      vertex -3.566105650920803 4.479647919979722 18.5
      vertex -3.7427256326142575 4.482538115607694 18.5
    endloop
  endfacet
  facet normal 0 0 1
    outer loop
      vertex -2.107328482542134 3.65 18.5
      vertex -3.3900528540039074 4.4940834269643215 18.5
      vertex -3.566105650920803 4.479647919979722 18.5
    endloop
  endfacet
  facet normal 0 0 1
    outer loop
      vertex -2.107328482542134 3.65 18.5
      vertex -3.2162627265381283 4.52570561473798 18.5
      vertex -3.3900528540039074 4.4940834269643215 18.5
    endloop
  endfacet
  facet normal 0 0 1
    outer loop
      vertex -2.107328482542134 3.65 18.5
      vertex -3.046408962454309 4.57420994434599 18.5
      vertex -3.2162627265381283 4.52570561473798 18.5
    endloop
  endfacet
  facet normal 0 0 1
    outer loop
      vertex -2.107328482542134 3.65 18.5
      vertex -2.8821273463520893 4.639129292579064 18.5
      vertex -3.046408962454309 4.57420994434599 18.5
    endloop
  endfacet
  facet normal 0 0 1
    outer loop
      vertex -2.107328482542134 3.65 18.5
      vertex -2.725 4.719838450625191 18.5
      vertex -2.8821273463520893 4.639129292579064 18.5
    endloop
  endfacet
  facet normal 0 0 1
    outer loop
      vertex -2.107328482542134 3.65 18.5
      vertex -2.576540145637956 4.815560145172272 18.5
      vertex -2.725 4.719838450625191 18.5
    endloop
  endfacet
  facet normal 0 0 1
    outer loop
      vertex -2.107328482542134 3.65 18.5
      vertex -2.4381775328198763 4.925372523975021 18.5
      vertex -2.576540145637956 4.815560145172272 18.5
    endloop
  endfacet
  facet normal 0 0 1
    outer loop
      vertex -2.107328482542134 3.65 18.5
      vertex -2.3112446691438957 5.048218033796012 18.5
      vertex -2.4381775328198763 4.925372523975021 18.5
    endloop
  endfacet
  facet normal -0.1973251809964541 0.6791977279353162 0.7069322593517859
    outer loop
      vertex -1.8030016819451977 7.022227918182575 17.5
      vertex -1.8720214373007993 6.687421450899051 17.802405857606736
      vertex -1.8403992495271415 6.513631323433272 17.978204474792832
    endloop
  endfacet
  facet normal -0.19732518099650517 0.6791977279353127 0.7069322593517751
    outer loop
      vertex -1.8030016819451977 7.022227918182575 17.5
      vertex -1.9668941701194598 6.974612748751334 17.5
      vertex -1.92052576690881 6.857275214982871 17.625676878820894
    endloop
  endfacet
  facet normal -0.1973251809965124 0.6791977279353149 0.7069322593517711
    outer loop
      vertex -1.8030016819451977 7.022227918182575 17.5
      vertex -1.92052576690881 6.857275214982871 17.625676878820894
      vertex -1.8720214373007993 6.687421450899051 17.802405857606736
    endloop
  endfacet
  facet normal 0 0 1
    outer loop
      vertex -2.3112446691438957 5.048218033796012 18.5
      vertex -2.107328482542134 3.65 18.5
      vertex 2.107328482542134 3.65 18.5
    endloop
  endfacet
  facet normal 0 0 1
    outer loop
      vertex -2.3112446691438957 5.048218033796012 18.5
      vertex 2.107328482542134 3.65 18.5
      vertex -2.196963987475777 5.182913605221483 18.5
    endloop
  endfacet
  facet normal 0 0 1
    outer loop
      vertex 2.107328482542134 3.65 18.5
      vertex -2.096436073252158 5.328162046266518 18.5
      vertex -2.196963987475777 5.182913605221483 18.5
    endloop
  endfacet
  facet normal 0 0 1
    outer loop
      vertex 2.107328482542134 3.65 18.5
      vertex -2.010629065241161 5.482564535042977 18.5
      vertex -2.096436073252158 5.328162046266518 18.5
    endloop
  endfacet
  facet normal 0 0 1
    outer loop
      vertex 2.107328482542134 3.65 18.5
      vertex -1.940369331836814 5.644634091178959 18.5
      vertex -2.010629065241161 5.482564535042977 18.5
    endloop
  endfacet
  facet normal 0 0 1
    outer loop
      vertex -1.940369331836814 5.644634091178959 18.5
      vertex 2.107328482542134 3.65 18.5
      vertex -1.886333512679677 5.812809896252643 18.5
    endloop
  endfacet
  facet normal 0 0 1
    outer loop
      vertex 2.107328482542134 3.65 18.5
      vertex -1.853064221852867 5.966849153475533 18.5
      vertex -1.886333512679677 5.812809896252643 18.5
    endloop
  endfacet
  facet normal 0 0 1
    outer loop
      vertex -1.5543117947803429 6.053644757053944 18.5
      vertex -1.853064221852867 5.966849153475533 18.5
      vertex 2.107328482542134 3.65 18.5
    endloop
  endfacet
  facet normal 0 0 1
    outer loop
      vertex -1.5543117947803429 6.053644757053944 18.5
      vertex 2.107328482542134 3.65 18.5
      vertex -1.1711332161607786 6.139295317054304 18.5
    endloop
  endfacet
  facet normal -0.19732518099650123 0.6791977279352962 0.7069322593517922
    outer loop
      vertex -1.5543117947803429 6.053644757053944 18.5
      vertex -1.849042002247218 5.985472325326921 18.48323017426367
      vertex -1.853064221852867 5.966849153475533 18.5
    endloop
  endfacet
  facet normal -0.19732518099650467 0.6791977279353159 0.7069322593517722
    outer loop
      vertex -1.5543117947803429 6.053644757053944 18.5
      vertex -1.8288539381705138 6.160958544822922 18.32026374198715
      vertex -1.849042002247218 5.985472325326921 18.48323017426367
    endloop
  endfacet
  facet normal -0.19732518099650945 0.679197727935313 0.7069322593517738
    outer loop
      vertex -1.5543117947803429 6.053644757053944 18.5
      vertex -1.8403992495271415 6.513631323433272 17.978204474792832
      vertex -1.825963742542542 6.337578526516377 18.151379693594393
    endloop
  endfacet
  facet normal -0.19732518099650487 0.6791977279353156 0.7069322593517725
    outer loop
      vertex -1.5543117947803429 6.053644757053944 18.5
      vertex -1.825963742542542 6.337578526516377 18.151379693594393
      vertex -1.8288539381705138 6.160958544822922 18.32026374198715
    endloop
  endfacet
  facet normal -0.15428862662627219 0.6902476369981818 0.7069322593517748
    outer loop
      vertex -1.5543117947803429 6.053644757053944 18.5
      vertex -1.3585145307465032 7.121582567782993 17.5
      vertex -1.8030016819451977 7.022227918182575 17.5
    endloop
  endfacet
  facet normal -0.19732518099651541 0.6791977279353104 0.7069322593517746
    outer loop
      vertex -1.5543117947803429 6.053644757053944 18.5
      vertex -1.8030016819451977 7.022227918182575 17.5
      vertex -1.8403992495271415 6.513631323433272 17.978204474792832
    endloop
  endfacet
  facet normal -0.1542886266262719 0.6902476369981817 0.7069322593517748
    outer loop
      vertex -1.5543117947803429 6.053644757053944 18.5
      vertex -1.1711332161607786 6.139295317054304 18.5
      vertex -1.3585145307465032 7.121582567782993 17.5
    endloop
  endfacet
  facet normal -0.11064316553451228 0.6985734539819682 0.706932259351775
    outer loop
      vertex -1.1711332161607786 6.139295317054304 18.5
      vertex -0.7833327097769018 6.200716883215486 18.5
      vertex -0.9086659433412061 7.192831584529965 17.5
    endloop
  endfacet
  facet normal -0.11064316553451299 0.6985734539819682 0.7069322593517748
    outer loop
      vertex -1.1711332161607786 6.139295317054304 18.5
      vertex -0.9086659433412061 7.192831584529965 17.5
      vertex -1.3585145307465032 7.121582567782993 17.5
    endloop
  endfacet
  facet normal -0.06656104641644145 0.7041423206907415 0.7069322593517748
    outer loop
      vertex -0.7833327097769018 6.200716883215486 18.5
      vertex -0.392440747058208 6.237667052676697 18.5
      vertex -0.4552312665875213 7.235693781104969 17.5
    endloop
  endfacet
  facet normal -0.06656104641644095 0.7041423206907415 0.706932259351775
    outer loop
      vertex -0.9086659433412061 7.192831584529965 17.5
      vertex -0.7833327097769018 6.200716883215486 18.5
      vertex -0.4552312665875213 7.235693781104969 17.5
    endloop
  endfacet
  facet normal -0.022216241257016957 0.7069322593517748 0.7069322593517748
    outer loop
      vertex -0.392440747058208 6.237667052676697 18.5
      vertex 0 6.25 18.5
      vertex 0 7.25 17.5
    endloop
  endfacet
  facet normal -0.02221624125701651 0.7069322593517747 0.706932259351775
    outer loop
      vertex -0.392440747058208 6.237667052676697 18.5
      vertex 0 7.25 17.5
      vertex -0.4552312665875213 7.235693781104969 17.5
    endloop
  endfacet
  facet normal 0.022216241257016347 -0.7069322593517748 0.7069322593517748
    outer loop
      vertex 0 -7.25 17.5
      vertex 0.4552312665875248 -7.235693781104969 17.5
      vertex 0 -6.25 18.5
    endloop
  endfacet
  facet normal 0.02221624125701678 -0.7069322593517747 0.706932259351775
    outer loop
      vertex 0.4552312665875248 -7.235693781104969 17.5
      vertex 0.392440747058211 -6.237667052676697 18.5
      vertex 0 -6.25 18.5
    endloop
  endfacet
  facet normal 0.06656104641644171 -0.7041423206907415 0.7069322593517751
    outer loop
      vertex 0.4552312665875248 -7.235693781104969 17.5
      vertex 0.9086659433412044 -7.192831584529965 17.5
      vertex 0.7833327097769004 -6.200716883215486 18.5
    endloop
  endfacet
  facet normal 0.06656104641644221 -0.7041423206907416 0.706932259351775
    outer loop
      vertex 0.4552312665875248 -7.235693781104969 17.5
      vertex 0.7833327097769004 -6.200716883215486 18.5
      vertex 0.392440747058211 -6.237667052676697 18.5
    endloop
  endfacet
  facet normal 0.11064316553451352 -0.6985734539819682 0.7069322593517748
    outer loop
      vertex 0.9086659433412044 -7.192831584529965 17.5
      vertex 1.358514530746505 -7.121582567782992 17.5
      vertex 1.1711332161607801 -6.139295317054303 18.5
    endloop
  endfacet
  facet normal 0.11064316553451305 -0.6985734539819684 0.7069322593517751
    outer loop
      vertex 0.7833327097769004 -6.200716883215486 18.5
      vertex 0.9086659433412044 -7.192831584529965 17.5
      vertex 1.1711332161607801 -6.139295317054303 18.5
    endloop
  endfacet
  facet normal 0.15428862662627116 -0.690247636998182 0.7069322593517747
    outer loop
      vertex 1.358514530746505 -7.121582567782992 17.5
      vertex 1.8030016819451946 -7.022227918182576 17.5
      vertex 1.5543117947803402 -6.053644757053945 18.5
    endloop
  endfacet
  facet normal 0.15428862662627052 -0.6902476369981821 0.706932259351775
    outer loop
      vertex 1.358514530746505 -7.121582567782992 17.5
      vertex 1.5543117947803402 -6.053644757053945 18.5
      vertex 1.1711332161607801 -6.139295317054303 18.5
    endloop
  endfacet
  facet normal 0.19732518099650068 -0.6791977279353142 0.7069322593517747
    outer loop
      vertex 1.8030016819451946 -7.022227918182576 17.5
      vertex 1.8403992495271415 -6.513631323433272 17.978204474792836
      vertex 1.5543117947803402 -6.053644757053945 18.5
    endloop
  endfacet
  facet normal 0.1973251809964999 -0.6791977279353144 0.7069322593517748
    outer loop
      vertex 1.5543117947803402 -6.053644757053945 18.5
      vertex 1.8403992495271415 -6.513631323433272 17.978204474792836
      vertex 1.825963742542542 -6.337578526516377 18.151379693594397
    endloop
  endfacet
  facet normal 0.1973251809965124 -0.6791977279353071 0.7069322593517784
    outer loop
      vertex 1.5543117947803402 -6.053644757053945 18.5
      vertex 1.825963742542542 -6.337578526516377 18.151379693594397
      vertex 1.8288539381705138 -6.160958544822922 18.32026374198715
    endloop
  endfacet
  facet normal 0.19732518099650492 -0.679197727935316 0.7069322593517722
    outer loop
      vertex 1.5543117947803402 -6.053644757053945 18.5
      vertex 1.8288539381705138 -6.160958544822922 18.32026374198715
      vertex 1.849042002247218 -5.985472325326921 18.48323017426367
    endloop
  endfacet
  facet normal 0.19732518099650148 -0.6791977279352963 0.7069322593517919
    outer loop
      vertex 1.5543117947803402 -6.053644757053945 18.5
      vertex 1.849042002247218 -5.985472325326921 18.48323017426367
      vertex 1.853064221852867 -5.966849153475533 18.5
    endloop
  endfacet
  facet normal 0 0 1
    outer loop
      vertex 1.1711332161607801 -6.139295317054303 18.5
      vertex 1.5543117947803402 -6.053644757053945 18.5
      vertex -2.107328482542134 -3.65 18.5
    endloop
  endfacet
  facet normal 0 0 1
    outer loop
      vertex 1.5543117947803402 -6.053644757053945 18.5
      vertex 1.853064221852867 -5.966849153475533 18.5
      vertex -2.107328482542134 -3.65 18.5
    endloop
  endfacet
  facet normal 0 0 1
    outer loop
      vertex 1.853064221852867 -5.966849153475533 18.5
      vertex 1.886333512679677 -5.812809896252643 18.5
      vertex -2.107328482542134 -3.65 18.5
    endloop
  endfacet
  facet normal 0 0 1
    outer loop
      vertex 1.940369331836814 -5.644634091178959 18.5
      vertex -2.107328482542134 -3.65 18.5
      vertex 1.886333512679677 -5.812809896252643 18.5
    endloop
  endfacet
  facet normal 0 0 1
    outer loop
      vertex -2.107328482542134 -3.65 18.5
      vertex 1.940369331836814 -5.644634091178959 18.5
      vertex 2.010629065241161 -5.482564535042977 18.5
    endloop
  endfacet
  facet normal 0 0 1
    outer loop
      vertex -2.107328482542134 -3.65 18.5
      vertex 2.010629065241161 -5.482564535042977 18.5
      vertex 2.096436073252158 -5.328162046266518 18.5
    endloop
  endfacet
  facet normal 0 0 1
    outer loop
      vertex -2.107328482542134 -3.65 18.5
      vertex 2.096436073252158 -5.328162046266518 18.5
      vertex 2.196963987475777 -5.182913605221483 18.5
    endloop
  endfacet
  facet normal 0 0 1
    outer loop
      vertex 2.3112446691438957 -5.048218033796012 18.5
      vertex -2.107328482542134 -3.65 18.5
      vertex 2.196963987475777 -5.182913605221483 18.5
    endloop
  endfacet
  facet normal 0 0 1
    outer loop
      vertex 2.3112446691438957 -5.048218033796012 18.5
      vertex 2.107328482542134 -3.65 18.5
      vertex -2.107328482542134 -3.65 18.5
    endloop
  endfacet
  facet normal 0.19732518099650512 -0.6791977279353127 0.7069322593517751
    outer loop
      vertex 1.8030016819451946 -7.022227918182576 17.5
      vertex 1.9668941701194598 -6.974612748751334 17.5
      vertex 1.92052576690881 -6.857275214982871 17.625676878820894
    endloop
  endfacet
  facet normal 0.19732518099651242 -0.6791977279353149 0.7069322593517711
    outer loop
      vertex 1.8030016819451946 -7.022227918182576 17.5
      vertex 1.92052576690881 -6.857275214982871 17.625676878820894
      vertex 1.8720214373007993 -6.687421450899051 17.802405857606736
    endloop
  endfacet
  facet normal 0.19732518099648919 -0.6791977279353154 0.7069322593517768
    outer loop
      vertex 1.8030016819451946 -7.022227918182576 17.5
      vertex 1.8720214373007993 -6.687421450899051 17.802405857606736
      vertex 1.8403992495271415 -6.513631323433272 17.978204474792836
    endloop
  endfacet
  facet normal 0 0 1
    outer loop
      vertex 2.107328482542134 -3.65 18.5
      vertex 2.3112446691438957 -5.048218033796012 18.5
      vertex 2.4381775328198763 -4.925372523975021 18.5
    endloop
  endfacet
  facet normal 0 0 1
    outer loop
      vertex 2.107328482542134 -3.65 18.5
      vertex 2.4381775328198763 -4.925372523975021 18.5
      vertex 2.576540145637956 -4.815560145172272 18.5
    endloop
  endfacet
  facet normal 0 0 1
    outer loop
      vertex 2.107328482542134 -3.65 18.5
      vertex 2.576540145637956 -4.815560145172272 18.5
      vertex 2.725 -4.719838450625191 18.5
    endloop
  endfacet
  facet normal 0 0 1
    outer loop
      vertex 2.107328482542134 -3.65 18.5
      vertex 2.725 -4.719838450625191 18.5
      vertex 2.8821273463520893 -4.639129292579064 18.5
    endloop
  endfacet
  facet normal 0 0 1
    outer loop
      vertex 2.107328482542134 -3.65 18.5
      vertex 2.8821273463520893 -4.639129292579064 18.5
      vertex 3.046408962454309 -4.57420994434599 18.5
    endloop
  endfacet
  facet normal 0 0 1
    outer loop
      vertex 2.107328482542134 -3.65 18.5
      vertex 3.046408962454309 -4.57420994434599 18.5
      vertex 3.2162627265381283 -4.52570561473798 18.5
    endloop
  endfacet
  facet normal 0 0 1
    outer loop
      vertex 2.107328482542134 -3.65 18.5
      vertex 3.2162627265381283 -4.52570561473798 18.5
      vertex 3.3900528540039074 -4.4940834269643215 18.5
    endloop
  endfacet
  facet normal 0 0 1
    outer loop
      vertex 2.107328482542134 -3.65 18.5
      vertex 3.3900528540039074 -4.4940834269643215 18.5
      vertex 3.566105650920803 -4.479647919979722 18.5
    endloop
  endfacet
  facet normal 0 0 1
    outer loop
      vertex 2.107328482542134 -3.65 18.5
      vertex 3.566105650920803 -4.479647919979722 18.5
      vertex 3.7427256326142575 -4.482538115607694 18.5
    endloop
  endfacet
  facet normal 0 0 1
    outer loop
      vertex 2.107328482542134 -3.65 18.5
      vertex 3.7427256326142575 -4.482538115607694 18.5
      vertex 3.9182118521102596 -4.502726179684398 18.5
    endloop
  endfacet
  facet normal 0 0 1
    outer loop
      vertex 2.107328482542134 -3.65 18.5
      vertex 3.9182118521102596 -4.502726179684398 18.5
      vertex 4.090874281184537 -4.540017690116857 18.5
    endloop
  endfacet
  facet normal 0 0 1
    outer loop
      vertex 2.107328482542134 -3.65 18.5
      vertex 4.090874281184537 -4.540017690116857 18.5
      vertex 4.241656445670122 -4.58846483605854 18.5
    endloop
  endfacet
  facet normal 0.4677334893313 -0.5305395024366895 0.7069322593517688
    outer loop
      vertex 4.278419412054303 -4.556053921383823 18.5
      vertex 4.241656445670122 -4.58846483605854 18.5
      vertex 4.25905008625822 -4.594053509273994 18.484297505221175
    endloop
  endfacet
  facet normal 0.46773348933128583 -0.5305395024366869 0.7069322593517803
    outer loop
      vertex 4.278419412054303 -4.556053921383823 18.5
      vertex 4.25905008625822 -4.594053509273994 18.484297505221175
      vertex 4.351904158421597 -4.634307228178691 18.392652023898926
    endloop
  endfacet
  facet normal 0 0 1
    outer loop
      vertex 4.278419412054303 -4.556053921383823 18.5
      vertex 2.107328482542134 -3.65 18.5
      vertex 4.241656445670122 -4.58846483605854 18.5
    endloop
  endfacet
  facet normal 0.500123375122469 -0.5001233751224788 0.7069322593517786
    outer loop
      vertex 4.556053921383823 -4.278419412054303 18.5
      vertex 4.421119642394203 -4.664313242678341 18.322457192577804
      vertex 4.575522131170662 -4.750120250689338 18.152519574537894
    endloop
  endfacet
  facet normal 0.5001233751224693 -0.5001233751224823 0.7069322593517762
    outer loop
      vertex 4.556053921383823 -4.278419412054303 18.5
      vertex 4.720770572215697 -4.850648164912957 17.9786436497994
      vertex 4.855466143641168 -4.964928846581075 17.802503938567817
    endloop
  endfacet
  facet normal 0.5001233751224866 -0.5001233751224723 0.7069322593517707
    outer loop
      vertex 4.556053921383823 -4.278419412054303 18.5
      vertex 4.575522131170662 -4.750120250689338 18.152519574537894
      vertex 4.720770572215697 -4.850648164912957 17.9786436497994
    endloop
  endfacet
  facet normal 0.5001233751224766 -0.5001233751224732 0.7069322593517773
    outer loop
      vertex 5.285022548805235 -4.962966517982991 17.5
      vertex 4.855466143641168 -4.964928846581075 17.802503938567817
      vertex 4.97831165346216 -5.091861710257056 17.625796762550056
    endloop
  endfacet
  facet normal 0.500123375122477 -0.500123375122477 0.7069322593517742
    outer loop
      vertex 5.285022548805235 -4.962966517982991 17.5
      vertex 4.97831165346216 -5.091861710257056 17.625796762550056
      vertex 5.05699148020443 -5.190997586583796 17.5
    endloop
  endfacet
  facet normal 0.500123375122475 -0.5001233751224785 0.7069322593517747
    outer loop
      vertex 5.285022548805235 -4.962966517982991 17.5
      vertex 4.556053921383823 -4.278419412054303 18.5
      vertex 4.855466143641168 -4.964928846581075 17.802503938567817
    endloop
  endfacet
  facet normal 0.500123375122495 -0.5001233751224793 0.7069322593517599
    outer loop
      vertex 4.556053921383823 -4.278419412054303 18.5
      vertex 4.351904158421597 -4.634307228178691 18.392652023898926
      vertex 4.421119642394203 -4.664313242678341 18.322457192577804
    endloop
  endfacet
  facet normal 0.5001233751224727 -0.5001233751224727 0.7069322593517803
    outer loop
      vertex 4.278419412054303 -4.556053921383823 18.5
      vertex 4.351904158421597 -4.634307228178691 18.392652023898926
      vertex 4.556053921383823 -4.278419412054303 18.5
    endloop
  endfacet
  facet normal 0.5305395024366846 -0.4677334893312966 0.7069322593517748
    outer loop
      vertex 5.285022548805235 -4.962966517982991 17.5
      vertex 5.58622101012447 -4.621323925678002 17.5
      vertex 4.815707767348681 -3.9838999359293124 18.5
    endloop
  endfacet
  facet normal 0.5305395024366845 -0.46773348933129666 0.7069322593517746
    outer loop
      vertex 5.285022548805235 -4.962966517982991 17.5
      vertex 4.815707767348681 -3.9838999359293124 18.5
      vertex 4.556053921383823 -4.278419412054303 18.5
    endloop
  endfacet
  facet normal 0.5588618327152178 -0.4334976731448312 0.7069322593517747
    outer loop
      vertex 4.815707767348681 -3.9838999359293124 18.5
      vertex 5.58622101012447 -4.621323925678002 17.5
      vertex 5.056356214843421 -3.673657826827957 18.5
    endloop
  endfacet
  facet normal 0.5588618327152178 -0.43349767314483123 0.7069322593517748
    outer loop
      vertex 5.056356214843421 -3.673657826827957 18.5
      vertex 5.58622101012447 -4.621323925678002 17.5
      vertex 5.865373209218369 -4.26144307912043 17.5
    endloop
  endfacet
  facet normal 0.58497859065971 -0.39755103968871025 0.7069322593517747
    outer loop
      vertex 5.056356214843421 -3.673657826827957 18.5
      vertex 5.865373209218369 -4.26144307912043 17.5
      vertex 5.277049534387595 -3.348917468618726 18.5
    endloop
  endfacet
  facet normal 0.5849785906597097 -0.39755103968871064 0.7069322593517748
    outer loop
      vertex 5.865373209218369 -4.26144307912043 17.5
      vertex 6.121377459889611 -3.8847442635977227 17.5
      vertex 5.277049534387595 -3.348917468618726 18.5
    endloop
  endfacet
  facet normal 0 0 1
    outer loop
      vertex 4.278419412054303 -4.556053921383823 18.5
      vertex 4.214656965084268 0 18.5
      vertex 2.107328482542134 -3.65 18.5
    endloop
  endfacet
  facet normal 0 0 1
    outer loop
      vertex 4.278419412054303 -4.556053921383823 18.5
      vertex 4.556053921383823 -4.278419412054303 18.5
      vertex 4.278419412054305 4.556053921383822 18.5
    endloop
  endfacet
  facet normal 0 0 1
    outer loop
      vertex 4.556053921383823 -4.278419412054303 18.5
      vertex 4.815707767348681 -3.9838999359293124 18.5
      vertex 4.556053921383822 4.278419412054305 18.5
    endloop
  endfacet
  facet normal 0 0 1
    outer loop
      vertex 4.815707767348681 -3.9838999359293124 18.5
      vertex 5.056356214843421 -3.673657826827957 18.5
      vertex 4.815707767348682 3.983899935929311 18.5
    endloop
  endfacet
  facet normal 0 0 1
    outer loop
      vertex 5.056356214843421 -3.673657826827957 18.5
      vertex 5.277049534387595 -3.348917468618726 18.5
      vertex 5.056356214843421 3.673657826827957 18.5
    endloop
  endfacet
  facet normal 0.6087867053581634 -0.360035453902734 0.7069322593517747
    outer loop
      vertex 6.121377459889611 -3.8847442635977227 17.5
      vertex 5.476916750274147 -3.010960463135721 18.5
      vertex 5.277049534387595 -3.348917468618726 18.5
    endloop
  endfacet
  facet normal 0.6087867053581636 -0.3600354539027336 0.7069322593517747
    outer loop
      vertex 6.121377459889611 -3.8847442635977227 17.5
      vertex 6.35322343031801 -3.4927141372374364 17.5
      vertex 5.476916750274147 -3.010960463135721 18.5
    endloop
  endfacet
  facet normal 0.6301922170587595 -0.3210989726647541 0.7069322593517748
    outer loop
      vertex 5.476916750274147 -3.010960463135721 18.5
      vertex 6.35322343031801 -3.4927141372374364 17.5
      vertex 5.655169077912622 -2.661120572281703 18.5
    endloop
  endfacet
  facet normal 0 0 1
    outer loop
      vertex 5.476916750274147 -3.010960463135721 18.5
      vertex 5.655169077912622 -2.661120572281703 18.5
      vertex 5.527507395682024 -0.5225124190580323 18.5
    endloop
  endfacet
  facet normal 0 0 1
    outer loop
      vertex 5.655169077912622 -2.661120572281703 18.5
      vertex 5.81110303680157 -2.3007784542792398 18.5
      vertex 5.587016841479684 -0.6888301782571616 18.5
    endloop
  endfacet
  facet normal 0.649110647986061 -0.2808952604778354 0.7069322593517751
    outer loop
      vertex 5.655169077912622 -2.661120572281703 18.5
      vertex 6.559996130378642 -3.0868998638467753 17.5
      vertex 5.81110303680157 -2.3007784542792398 18.5
    endloop
  endfacet
  facet normal 0.6301922170587589 -0.32109897266475484 0.706932259351775
    outer loop
      vertex 5.655169077912622 -2.661120572281703 18.5
      vertex 6.35322343031801 -3.4927141372374364 17.5
      vertex 6.559996130378642 -3.0868998638467753 17.5
    endloop
  endfacet
  facet normal 0.6491106479860608 -0.2808952604778355 0.706932259351775
    outer loop
      vertex 5.81110303680157 -2.3007784542792398 18.5
      vertex 6.559996130378642 -3.0868998638467753 17.5
      vertex 6.740879522689822 -2.668903006963918 17.5
    endloop
  endfacet
  facet normal 0.6654673357362092 -0.23958298302664605 0.706932259351775
    outer loop
      vertex 5.944103226844709 -1.9313562148434211 18.5
      vertex 6.740879522689822 -2.668903006963918 17.5
      vertex 6.895159743139863 -2.240373209218369 17.5
    endloop
  endfacet
  facet normal 0.665467335736209 -0.23958298302664652 0.7069322593517751
    outer loop
      vertex 5.81110303680157 -2.3007784542792398 18.5
      vertex 6.740879522689822 -2.668903006963918 17.5
      vertex 5.944103226844709 -1.9313562148434211 18.5
    endloop
  endfacet
  facet normal 0.6791977279353125 -0.19732518099650662 0.7069322593517748
    outer loop
      vertex 5.944103226844709 -1.9313562148434211 18.5
      vertex 6.895159743139863 -2.240373209218369 17.5
      vertex 6.053644757053945 -1.5543117947803402 18.5
    endloop
  endfacet
  facet normal 0.6791977279353127 -0.1973251809965061 0.7069322593517747
    outer loop
      vertex 6.895159743139863 -2.240373209218369 17.5
      vertex 7.022227918182576 -1.8030016819451946 17.5
      vertex 6.053644757053945 -1.5543117947803402 18.5
    endloop
  endfacet
  facet normal 0 0 1
    outer loop
      vertex 5.476916750274147 -3.010960463135721 18.5
      vertex 5.484586495274185 -0.35116257962903086 18.5
      vertex 5.458667491990045 -0.1764308525932091 18.5
    endloop
  endfacet
  facet normal 0 0 1
    outer loop
      vertex 5.277049534387595 -3.348917468618726 18.5
      vertex 5.476916750274147 -3.010960463135721 18.5
      vertex 5.2770495343875945 3.3489174686187293 18.5
    endloop
  endfacet
  facet normal 0 0 1
    outer loop
      vertex 5.476916750274147 -3.010960463135721 18.5
      vertex 5.527507395682024 -0.5225124190580323 18.5
      vertex 5.484586495274185 -0.35116257962903086 18.5
    endloop
  endfacet
  facet normal 0 0 1
    outer loop
      vertex 5.655169077912622 -2.661120572281703 18.5
      vertex 5.587016841479684 -0.6888301782571616 18.5
      vertex 5.527507395682024 -0.5225124190580323 18.5
    endloop
  endfacet
  facet normal 0 0 1
    outer loop
      vertex 5.81110303680157 -2.3007784542792398 18.5
      vertex 5.662541724172961 -0.8485141262867958 18.5
      vertex 5.587016841479684 -0.6888301782571616 18.5
    endloop
  endfacet
  facet normal 0 0 1
    outer loop
      vertex 5.81110303680157 -2.3007784542792398 18.5
      vertex 5.944103226844709 -1.9313562148434211 18.5
      vertex 5.753354697855419 -1.000026419435284 18.5
    endloop
  endfacet
  facet normal 0 0 1
    outer loop
      vertex 5.81110303680157 -2.3007784542792398 18.5
      vertex 5.753354697855419 -1.000026419435284 18.5
      vertex 5.662541724172961 -0.8485141262867958 18.5
    endloop
  endfacet
  facet normal 0 0 1
    outer loop
      vertex 5.944103226844709 -1.9313562148434211 18.5
      vertex 6.053644757053945 -1.5543117947803402 18.5
      vertex 5.858581183947074 -1.1419079114945618 18.5
    endloop
  endfacet
  facet normal 0.6902476369981817 -0.15428862662627588 0.7069322593517742
    outer loop
      vertex 6.053644757053945 -1.5543117947803402 18.5
      vertex 6.249973580564716 -1.4966453021445814 18.32089058622403
      vertex 6.108092088505439 -1.3914188160529266 18.482389249131522
    endloop
  endfacet
  facet normal 0.6902476369981618 -0.15428862662626697 0.7069322593517955
    outer loop
      vertex 6.053644757053945 -1.5543117947803402 18.5
      vertex 6.108092088505439 -1.3914188160529266 18.482389249131522
      vertex 6.09309412751409 -1.3778254565673578 18.5
    endloop
  endfacet
  facet normal 0 0 1
    outer loop
      vertex 6.053644757053945 -1.5543117947803402 18.5
      vertex 6.09309412751409 -1.3778254565673578 18.5
      vertex 5.977207793864214 -1.2727922061357857 18.5
    endloop
  endfacet
  facet normal 0 0 1
    outer loop
      vertex 5.944103226844709 -1.9313562148434211 18.5
      vertex 5.858581183947074 -1.1419079114945618 18.5
      vertex 5.753354697855419 -1.000026419435284 18.5
    endloop
  endfacet
  facet normal 0 0 1
    outer loop
      vertex 6.053644757053945 -1.5543117947803402 18.5
      vertex 5.977207793864214 -1.2727922061357857 18.5
      vertex 5.858581183947074 -1.1419079114945618 18.5
    endloop
  endfacet
  facet normal 0.6902476369981794 -0.15428862662628937 0.7069322593517735
    outer loop
      vertex 6.053644757053945 -1.5543117947803402 18.5
      vertex 6.561169821742839 -1.662983158520316 17.980735633113554
      vertex 6.401485873713204 -1.587458275827039 18.153134185603726
    endloop
  endfacet
  facet normal 0.6902476369981816 -0.15428862662627457 0.7069322593517744
    outer loop
      vertex 6.053644757053945 -1.5543117947803402 18.5
      vertex 6.401485873713204 -1.587458275827039 18.153134185603726
      vertex 6.249973580564716 -1.4966453021445814 18.32089058622403
    endloop
  endfacet
  facet normal 0.6902476369981971 -0.15428862662621062 0.7069322593517735
    outer loop
      vertex 6.053644757053945 -1.5543117947803402 18.5
      vertex 6.727487580941967 -1.722492604317976 17.805355221056637
      vertex 6.561169821742839 -1.662983158520316 17.980735633113554
    endloop
  endfacet
  facet normal 0.6902476369962587 -0.15428862663424867 0.7069322593519115
    outer loop
      vertex 6.053644757053945 -1.5543117947803402 18.5
      vertex 6.8988374203709695 -1.7654135047258148 17.62868195867376
      vertex 6.727487580941967 -1.722492604317976 17.805355221056637
    endloop
  endfacet
  facet normal 0.6902476369982439 -0.15428862662601137 0.7069322593517712
    outer loop
      vertex 6.053644757053945 -1.5543117947803402 18.5
      vertex 7.022227918182576 -1.8030016819451946 17.5
      vertex 6.8988374203709695 -1.7654135047258148 17.62868195867376
    endloop
  endfacet
  facet normal 0.6902476369981789 -0.15428862662625992 0.7069322593517802
    outer loop
      vertex 7.022227918182576 -1.8030016819451946 17.5
      vertex 7.026400267170603 -1.7843356655790414 17.5
      vertex 6.8988374203709695 -1.7654135047258148 17.62868195867376
    endloop
  endfacet
  facet normal 0 0 1
    outer loop
      vertex 4.214656965084268 0 18.5
      vertex 2.196963987475777 5.182913605221483 18.5
      vertex 2.107328482542134 3.65 18.5
    endloop
  endfacet
  facet normal 0 0 1
    outer loop
      vertex 4.214656965084268 0 18.5
      vertex 2.4381775328198763 4.925372523975021 18.5
      vertex 2.3112446691438957 5.048218033796012 18.5
    endloop
  endfacet
  facet normal 0 0 1
    outer loop
      vertex 4.214656965084268 0 18.5
      vertex 2.3112446691438957 5.048218033796012 18.5
      vertex 2.196963987475777 5.182913605221483 18.5
    endloop
  endfacet
  facet normal 0 0 1
    outer loop
      vertex 4.214656965084268 0 18.5
      vertex 2.8821273463520893 4.639129292579064 18.5
      vertex 2.725 4.719838450625191 18.5
    endloop
  endfacet
  facet normal 0 0 1
    outer loop
      vertex 4.214656965084268 0 18.5
      vertex 3.046408962454309 4.57420994434599 18.5
      vertex 2.8821273463520893 4.639129292579064 18.5
    endloop
  endfacet
  facet normal 0 0 1
    outer loop
      vertex 4.214656965084268 0 18.5
      vertex 3.2162627265381283 4.52570561473798 18.5
      vertex 3.046408962454309 4.57420994434599 18.5
    endloop
  endfacet
  facet normal 0 0 1
    outer loop
      vertex 4.214656965084268 0 18.5
      vertex 2.576540145637956 4.815560145172272 18.5
      vertex 2.4381775328198763 4.925372523975021 18.5
    endloop
  endfacet
  facet normal 0 0 1
    outer loop
      vertex 4.214656965084268 0 18.5
      vertex 2.725 4.719838450625191 18.5
      vertex 2.576540145637956 4.815560145172272 18.5
    endloop
  endfacet
  facet normal 0 0 1
    outer loop
      vertex -1.1711332161607786 6.139295317054304 18.5
      vertex 2.107328482542134 3.65 18.5
      vertex -0.7833327097769018 6.200716883215486 18.5
    endloop
  endfacet
  facet normal 0 0 1
    outer loop
      vertex -0.7833327097769018 6.200716883215486 18.5
      vertex 2.107328482542134 3.65 18.5
      vertex -0.392440747058208 6.237667052676697 18.5
    endloop
  endfacet
  facet normal 0 0 1
    outer loop
      vertex -0.392440747058208 6.237667052676697 18.5
      vertex 2.107328482542134 3.65 18.5
      vertex 0 6.25 18.5
    endloop
  endfacet
  facet normal 0 0 1
    outer loop
      vertex 0 6.25 18.5
      vertex 2.107328482542134 3.65 18.5
      vertex 0.392440747058208 6.237667052676697 18.5
    endloop
  endfacet
  facet normal 0 0 1
    outer loop
      vertex 0.392440747058208 6.237667052676697 18.5
      vertex 2.107328482542134 3.65 18.5
      vertex 0.7833327097769018 6.200716883215486 18.5
    endloop
  endfacet
  facet normal 0 0 1
    outer loop
      vertex 0.7833327097769018 6.200716883215486 18.5
      vertex 2.107328482542134 3.65 18.5
      vertex 1.1711332161607786 6.139295317054304 18.5
    endloop
  endfacet
  facet normal 0 0 1
    outer loop
      vertex 1.1711332161607786 6.139295317054304 18.5
      vertex 2.107328482542134 3.65 18.5
      vertex 1.5543117947803429 6.053644757053944 18.5
    endloop
  endfacet
  facet normal 0.022216241257016957 0.7069322593517748 0.7069322593517748
    outer loop
      vertex 0 6.25 18.5
      vertex 0.392440747058208 6.237667052676697 18.5
      vertex 0 7.25 17.5
    endloop
  endfacet
  facet normal 0.02221624125701651 0.7069322593517747 0.706932259351775
    outer loop
      vertex 0.392440747058208 6.237667052676697 18.5
      vertex 0.4552312665875213 7.235693781104969 17.5
      vertex 0 7.25 17.5
    endloop
  endfacet
  facet normal 0.06656104641644145 0.7041423206907415 0.7069322593517748
    outer loop
      vertex 0.392440747058208 6.237667052676697 18.5
      vertex 0.7833327097769018 6.200716883215486 18.5
      vertex 0.4552312665875213 7.235693781104969 17.5
    endloop
  endfacet
  facet normal 0.06656104641644095 0.7041423206907415 0.706932259351775
    outer loop
      vertex 0.7833327097769018 6.200716883215486 18.5
      vertex 0.9086659433412061 7.192831584529965 17.5
      vertex 0.4552312665875213 7.235693781104969 17.5
    endloop
  endfacet
  facet normal 0.19732518099650123 0.6791977279352962 0.7069322593517922
    outer loop
      vertex 1.5543117947803429 6.053644757053944 18.5
      vertex 1.853064221852867 5.966849153475533 18.5
      vertex 1.849042002247218 5.985472325326921 18.48323017426367
    endloop
  endfacet
  facet normal 0.19732518099650467 0.6791977279353159 0.7069322593517722
    outer loop
      vertex 1.5543117947803429 6.053644757053944 18.5
      vertex 1.849042002247218 5.985472325326921 18.48323017426367
      vertex 1.8288539381705138 6.160958544822922 18.32026374198715
    endloop
  endfacet
  facet normal 0.19732518099650945 0.679197727935313 0.7069322593517738
    outer loop
      vertex 1.5543117947803429 6.053644757053944 18.5
      vertex 1.825963742542542 6.337578526516377 18.151379693594393
      vertex 1.8403992495271415 6.513631323433272 17.978204474792832
    endloop
  endfacet
  facet normal 0.19732518099650487 0.6791977279353156 0.7069322593517725
    outer loop
      vertex 1.5543117947803429 6.053644757053944 18.5
      vertex 1.8288539381705138 6.160958544822922 18.32026374198715
      vertex 1.825963742542542 6.337578526516377 18.151379693594393
    endloop
  endfacet
  facet normal 0.11064316553451228 0.6985734539819682 0.706932259351775
    outer loop
      vertex 0.7833327097769018 6.200716883215486 18.5
      vertex 1.1711332161607786 6.139295317054304 18.5
      vertex 0.9086659433412061 7.192831584529965 17.5
    endloop
  endfacet
  facet normal 0.11064316553451299 0.6985734539819682 0.7069322593517748
    outer loop
      vertex 1.1711332161607786 6.139295317054304 18.5
      vertex 1.3585145307465032 7.121582567782993 17.5
      vertex 0.9086659433412061 7.192831584529965 17.5
    endloop
  endfacet
  facet normal 0.15428862662627219 0.6902476369981818 0.7069322593517748
    outer loop
      vertex 1.5543117947803429 6.053644757053944 18.5
      vertex 1.8030016819451977 7.022227918182575 17.5
      vertex 1.3585145307465032 7.121582567782993 17.5
    endloop
  endfacet
  facet normal 0.15428862662627196 0.6902476369981818 0.7069322593517748
    outer loop
      vertex 1.1711332161607786 6.139295317054304 18.5
      vertex 1.5543117947803429 6.053644757053944 18.5
      vertex 1.3585145307465032 7.121582567782993 17.5
    endloop
  endfacet
  facet normal 0.19732518099651541 0.6791977279353104 0.7069322593517746
    outer loop
      vertex 1.5543117947803429 6.053644757053944 18.5
      vertex 1.8403992495271415 6.513631323433272 17.978204474792832
      vertex 1.8030016819451977 7.022227918182575 17.5
    endloop
  endfacet
  facet normal 0 0 1
    outer loop
      vertex 2.107328482542134 3.65 18.5
      vertex 2.196963987475777 5.182913605221483 18.5
      vertex 2.096436073252158 5.328162046266518 18.5
    endloop
  endfacet
  facet normal 0 0 1
    outer loop
      vertex 2.107328482542134 3.65 18.5
      vertex 2.096436073252158 5.328162046266518 18.5
      vertex 2.010629065241161 5.482564535042977 18.5
    endloop
  endfacet
  facet normal 0 0 1
    outer loop
      vertex 2.107328482542134 3.65 18.5
      vertex 2.010629065241161 5.482564535042977 18.5
      vertex 1.940369331836814 5.644634091178959 18.5
    endloop
  endfacet
  facet normal 0 0 1
    outer loop
      vertex 2.107328482542134 3.65 18.5
      vertex 1.886333512679677 5.812809896252643 18.5
      vertex 1.853064221852867 5.966849153475533 18.5
    endloop
  endfacet
  facet normal 0 0 1
    outer loop
      vertex 1.5543117947803429 6.053644757053944 18.5
      vertex 2.107328482542134 3.65 18.5
      vertex 1.853064221852867 5.966849153475533 18.5
    endloop
  endfacet
  facet normal 0 0 1
    outer loop
      vertex 2.107328482542134 3.65 18.5
      vertex 1.940369331836814 5.644634091178959 18.5
      vertex 1.886333512679677 5.812809896252643 18.5
    endloop
  endfacet
  facet normal 0.1973251809964541 0.6791977279353162 0.7069322593517859
    outer loop
      vertex 1.8030016819451977 7.022227918182575 17.5
      vertex 1.8403992495271415 6.513631323433272 17.978204474792832
      vertex 1.8720214373007993 6.687421450899051 17.802405857606736
    endloop
  endfacet
  facet normal 0.19732518099650517 0.6791977279353127 0.7069322593517751
    outer loop
      vertex 1.8030016819451977 7.022227918182575 17.5
      vertex 1.92052576690881 6.857275214982871 17.625676878820894
      vertex 1.9668941701194598 6.974612748751334 17.5
    endloop
  endfacet
  facet normal 0.1973251809965124 0.6791977279353149 0.7069322593517711
    outer loop
      vertex 1.8030016819451977 7.022227918182575 17.5
      vertex 1.8720214373007993 6.687421450899051 17.802405857606736
      vertex 1.92052576690881 6.857275214982871 17.625676878820894
    endloop
  endfacet
  facet normal 0 0 1
    outer loop
      vertex 4.278419412054303 -4.556053921383823 18.5
      vertex 4.278419412054305 4.556053921383822 18.5
      vertex 4.214656965084268 0 18.5
    endloop
  endfacet
  facet normal 0 0 1
    outer loop
      vertex 4.556053921383823 -4.278419412054303 18.5
      vertex 4.556053921383822 4.278419412054305 18.5
      vertex 4.278419412054305 4.556053921383822 18.5
    endloop
  endfacet
  facet normal 0 0 1
    outer loop
      vertex 4.815707767348681 -3.9838999359293124 18.5
      vertex 4.815707767348682 3.983899935929311 18.5
      vertex 4.556053921383822 4.278419412054305 18.5
    endloop
  endfacet
  facet normal 0 0 1
    outer loop
      vertex 5.056356214843421 -3.673657826827957 18.5
      vertex 5.056356214843421 3.673657826827957 18.5
      vertex 4.815707767348682 3.983899935929311 18.5
    endloop
  endfacet
  facet normal 0 0 1
    outer loop
      vertex 5.277049534387595 -3.348917468618726 18.5
      vertex 5.2770495343875945 3.3489174686187293 18.5
      vertex 5.056356214843421 3.673657826827957 18.5
    endloop
  endfacet
  facet normal 0 0 1
    outer loop
      vertex 4.214656965084268 0 18.5
      vertex 3.3900528540039074 4.4940834269643215 18.5
      vertex 3.2162627265381283 4.52570561473798 18.5
    endloop
  endfacet
  facet normal 0 0 1
    outer loop
      vertex 4.214656965084268 0 18.5
      vertex 3.566105650920803 4.479647919979722 18.5
      vertex 3.3900528540039074 4.4940834269643215 18.5
    endloop
  endfacet
  facet normal 0 0 1
    outer loop
      vertex 4.214656965084268 0 18.5
      vertex 3.7427256326142575 4.482538115607694 18.5
      vertex 3.566105650920803 4.479647919979722 18.5
    endloop
  endfacet
  facet normal 0 0 1
    outer loop
      vertex 4.214656965084268 0 18.5
      vertex 3.9182118521102596 4.502726179684398 18.5
      vertex 3.7427256326142575 4.482538115607694 18.5
    endloop
  endfacet
  facet normal 0 0 1
    outer loop
      vertex 4.214656965084268 0 18.5
      vertex 4.090874281184537 4.540017690116857 18.5
      vertex 3.9182118521102596 4.502726179684398 18.5
    endloop
  endfacet
  facet normal 0 0 1
    outer loop
      vertex 4.214656965084268 0 18.5
      vertex 4.241656445670122 4.58846483605854 18.5
      vertex 4.090874281184537 4.540017690116857 18.5
    endloop
  endfacet
  facet normal 0 0 1
    outer loop
      vertex 4.278419412054305 4.556053921383822 18.5
      vertex 4.241656445670122 4.58846483605854 18.5
      vertex 4.214656965084268 0 18.5
    endloop
  endfacet
  facet normal 0 0 1
    outer loop
      vertex 5.476916750274147 -3.010960463135721 18.5
      vertex 5.458667491990045 -0.1764308525932091 18.5
      vertex 5.2770495343875945 3.3489174686187293 18.5
    endloop
  endfacet
  facet normal 0 0 1
    outer loop
      vertex 5.2770495343875945 3.3489174686187293 18.5
      vertex 5.458667491990045 -0.1764308525932091 18.5
      vertex 5.45 0 18.5
    endloop
  endfacet
  facet normal 0 0 1
    outer loop
      vertex 5.2770495343875945 3.3489174686187293 18.5
      vertex 5.45 0 18.5
      vertex 5.458667491990045 0.1764308525932091 18.5
    endloop
  endfacet
  facet normal 0 0 1
    outer loop
      vertex 5.2770495343875945 3.3489174686187293 18.5
      vertex 5.458667491990045 0.1764308525932091 18.5
      vertex 5.484586495274185 0.35116257962903086 18.5
    endloop
  endfacet
  facet normal 0 0 1
    outer loop
      vertex 5.476916750274148 3.0109604631357207 18.5
      vertex 5.484586495274185 0.35116257962903086 18.5
      vertex 5.527507395682024 0.5225124190580323 18.5
    endloop
  endfacet
  facet normal 0 0 1
    outer loop
      vertex 5.476916750274148 3.0109604631357207 18.5
      vertex 5.527507395682024 0.5225124190580323 18.5
      vertex 5.587016841479684 0.6888301782571616 18.5
    endloop
  endfacet
  facet normal 0 0 1
    outer loop
      vertex 5.655169077912622 2.661120572281704 18.5
      vertex 5.587016841479684 0.6888301782571616 18.5
      vertex 5.662541724172961 0.8485141262867958 18.5
    endloop
  endfacet
  facet normal 0 0 1
    outer loop
      vertex 5.655169077912622 2.661120572281704 18.5
      vertex 5.662541724172961 0.8485141262867958 18.5
      vertex 5.753354697855419 1.000026419435284 18.5
    endloop
  endfacet
  facet normal 0 0 1
    outer loop
      vertex 5.811103036801571 2.3007784542792376 18.5
      vertex 5.753354697855419 1.000026419435284 18.5
      vertex 5.858581183947074 1.1419079114945618 18.5
    endloop
  endfacet
  facet normal 0 0 1
    outer loop
      vertex 5.944103226844709 1.9313562148434211 18.5
      vertex 5.858581183947074 1.1419079114945618 18.5
      vertex 5.977207793864214 1.2727922061357857 18.5
    endloop
  endfacet
  facet normal 0 0 1
    outer loop
      vertex 5.811103036801571 2.3007784542792376 18.5
      vertex 5.858581183947074 1.1419079114945618 18.5
      vertex 5.944103226844709 1.9313562148434211 18.5
    endloop
  endfacet
  facet normal 0 0 1
    outer loop
      vertex 6.053644757053944 1.5543117947803424 18.5
      vertex 5.977207793864214 1.2727922061357857 18.5
      vertex 6.09309412751409 1.377825456567358 18.5
    endloop
  endfacet
  facet normal 0.6902476369981619 0.15428862662626872 0.7069322593517948
    outer loop
      vertex 6.053644757053944 1.5543117947803424 18.5
      vertex 6.09309412751409 1.377825456567358 18.5
      vertex 6.108092088505439 1.3914188160529266 18.482389249131522
    endloop
  endfacet
  facet normal 0.690247636998181 0.1542886266262773 0.7069322593517745
    outer loop
      vertex 6.053644757053944 1.5543117947803424 18.5
      vertex 6.108092088505439 1.3914188160529266 18.482389249131522
      vertex 6.249973580564716 1.4966453021445814 18.32089058622403
    endloop
  endfacet
  facet normal 0 0 1
    outer loop
      vertex 6.053644757053944 1.5543117947803424 18.5
      vertex 5.944103226844709 1.9313562148434211 18.5
      vertex 5.977207793864214 1.2727922061357857 18.5
    endloop
  endfacet
  facet normal 0.690247636998181 0.1542886266262763 0.7069322593517747
    outer loop
      vertex 6.053644757053944 1.5543117947803424 18.5
      vertex 6.249973580564716 1.4966453021445814 18.32089058622403
      vertex 6.401485873713204 1.587458275827039 18.153134185603726
    endloop
  endfacet
  facet normal 0.6902476369981786 0.1542886266262919 0.7069322593517737
    outer loop
      vertex 6.053644757053944 1.5543117947803424 18.5
      vertex 6.401485873713204 1.587458275827039 18.153134185603726
      vertex 6.561169821742839 1.662983158520316 17.980735633113554
    endloop
  endfacet
  facet normal 0.690247636998196 0.1542886266262118 0.7069322593517743
    outer loop
      vertex 6.053644757053944 1.5543117947803424 18.5
      vertex 6.561169821742839 1.662983158520316 17.980735633113554
      vertex 6.727487580941967 1.722492604317976 17.805355221056637
    endloop
  endfacet
  facet normal 0.6902476369961923 0.15428862663515108 0.7069322593517797
    outer loop
      vertex 6.053644757053944 1.5543117947803424 18.5
      vertex 6.727487580941967 1.722492604317976 17.805355221056637
      vertex 6.8988374203709695 1.7654135047258148 17.62868195867376
    endloop
  endfacet
  facet normal 0.6902476369982369 0.1542886266260475 0.70693225935177
    outer loop
      vertex 6.053644757053944 1.5543117947803424 18.5
      vertex 6.8988374203709695 1.7654135047258148 17.62868195867376
      vertex 7.022227918182575 1.8030016819451973 17.5
    endloop
  endfacet
  facet normal 0.690247636998177 0.15428862662627033 0.70693225935178
    outer loop
      vertex 7.022227918182575 1.8030016819451973 17.5
      vertex 6.8988374203709695 1.7654135047258148 17.62868195867376
      vertex 7.026400267170603 1.7843356655790414 17.5
    endloop
  endfacet
  facet normal 0 0 1
    outer loop
      vertex 5.2770495343875945 3.3489174686187293 18.5
      vertex 5.484586495274185 0.35116257962903086 18.5
      vertex 5.476916750274148 3.0109604631357207 18.5
    endloop
  endfacet
  facet normal 0 0 1
    outer loop
      vertex 5.655169077912622 2.661120572281704 18.5
      vertex 5.476916750274148 3.0109604631357207 18.5
      vertex 5.587016841479684 0.6888301782571616 18.5
    endloop
  endfacet
  facet normal 0 0 1
    outer loop
      vertex 5.655169077912622 2.661120572281704 18.5
      vertex 5.753354697855419 1.000026419435284 18.5
      vertex 5.811103036801571 2.3007784542792376 18.5
    endloop
  endfacet
  facet normal 0.6491106479860614 0.2808952604778344 0.706932259351775
    outer loop
      vertex 5.655169077912622 2.661120572281704 18.5
      vertex 5.811103036801571 2.3007784542792376 18.5
      vertex 6.559996130378642 3.0868998638467766 17.5
    endloop
  endfacet
  facet normal 0.6087867053581637 0.36003545390273367 0.7069322593517745
    outer loop
      vertex 5.2770495343875945 3.3489174686187293 18.5
      vertex 5.476916750274148 3.0109604631357207 18.5
      vertex 6.121377459889609 3.884744263597726 17.5
    endloop
  endfacet
  facet normal 0.6301922170587594 0.3210989726647541 0.7069322593517747
    outer loop
      vertex 5.655169077912622 2.661120572281704 18.5
      vertex 6.353223430318011 3.492714137237436 17.5
      vertex 5.476916750274148 3.0109604631357207 18.5
    endloop
  endfacet
  facet normal 0.6087867053581633 0.3600354539027342 0.7069322593517748
    outer loop
      vertex 5.476916750274148 3.0109604631357207 18.5
      vertex 6.353223430318011 3.492714137237436 17.5
      vertex 6.121377459889609 3.884744263597726 17.5
    endloop
  endfacet
  facet normal 0.6791977279353126 0.1973251809965062 0.7069322593517748
    outer loop
      vertex 6.053644757053944 1.5543117947803424 18.5
      vertex 6.895159743139863 2.240373209218369 17.5
      vertex 5.944103226844709 1.9313562148434211 18.5
    endloop
  endfacet
  facet normal 0.6654673357362092 0.23958298302664616 0.7069322593517748
    outer loop
      vertex 5.944103226844709 1.9313562148434211 18.5
      vertex 6.895159743139863 2.240373209218369 17.5
      vertex 6.740879522689823 2.6689030069639155 17.5
    endloop
  endfacet
  facet normal 0.6491106479860613 0.2808952604778344 0.706932259351775
    outer loop
      vertex 5.811103036801571 2.3007784542792376 18.5
      vertex 6.740879522689823 2.6689030069639155 17.5
      vertex 6.559996130378642 3.0868998638467766 17.5
    endloop
  endfacet
  facet normal 0.6654673357362091 0.2395829830266464 0.7069322593517751
    outer loop
      vertex 5.811103036801571 2.3007784542792376 18.5
      vertex 5.944103226844709 1.9313562148434211 18.5
      vertex 6.740879522689823 2.6689030069639155 17.5
    endloop
  endfacet
  facet normal 0.6791977279353127 0.19732518099650592 0.7069322593517748
    outer loop
      vertex 6.053644757053944 1.5543117947803424 18.5
      vertex 7.022227918182575 1.8030016819451973 17.5
      vertex 6.895159743139863 2.240373209218369 17.5
    endloop
  endfacet
  facet normal 0.6301922170587589 0.32109897266475484 0.7069322593517751
    outer loop
      vertex 5.655169077912622 2.661120572281704 18.5
      vertex 6.559996130378642 3.0868998638467766 17.5
      vertex 6.353223430318011 3.492714137237436 17.5
    endloop
  endfacet
  facet normal 0.46773348933129594 0.530539502436696 0.7069322593517666
    outer loop
      vertex 4.278419412054305 4.556053921383822 18.5
      vertex 4.25905008625822 4.594053509273994 18.484297505221175
      vertex 4.241656445670122 4.58846483605854 18.5
    endloop
  endfacet
  facet normal 0.4677334893312902 0.5305395024366949 0.7069322593517713
    outer loop
      vertex 4.278419412054305 4.556053921383822 18.5
      vertex 4.351904158421601 4.6343072281786934 18.39265202389892
      vertex 4.25905008625822 4.594053509273994 18.484297505221175
    endloop
  endfacet
  facet normal 0.5001233751224645 0.5001233751224747 0.7069322593517847
    outer loop
      vertex 4.556053921383822 4.278419412054305 18.5
      vertex 4.421119642394203 4.664313242678341 18.322457192577808
      vertex 4.351904158421601 4.6343072281786934 18.39265202389892
    endloop
  endfacet
  facet normal 0.5001233751224791 0.5001233751224791 0.7069322593517714
    outer loop
      vertex 4.278419412054305 4.556053921383822 18.5
      vertex 4.556053921383822 4.278419412054305 18.5
      vertex 4.351904158421601 4.6343072281786934 18.39265202389892
    endloop
  endfacet
  facet normal 0.5305395024366857 0.4677334893312955 0.7069322593517746
    outer loop
      vertex 4.815707767348682 3.983899935929311 18.5
      vertex 5.586221010124471 4.621323925678 17.5
      vertex 5.285022548805234 4.962966517982993 17.5
    endloop
  endfacet
  facet normal 0.5305395024366854 0.4677334893312957 0.7069322593517748
    outer loop
      vertex 4.815707767348682 3.983899935929311 18.5
      vertex 5.285022548805234 4.962966517982993 17.5
      vertex 4.556053921383822 4.278419412054305 18.5
    endloop
  endfacet
  facet normal 0.5588618327152177 0.4334976731448314 0.7069322593517747
    outer loop
      vertex 4.815707767348682 3.983899935929311 18.5
      vertex 5.056356214843421 3.673657826827957 18.5
      vertex 5.586221010124471 4.621323925678 17.5
    endloop
  endfacet
  facet normal 0.5001233751224812 0.5001233751224751 0.7069322593517728
    outer loop
      vertex 4.556053921383822 4.278419412054305 18.5
      vertex 4.575522131170662 4.750120250689338 18.152519574537894
      vertex 4.421119642394203 4.664313242678341 18.322457192577808
    endloop
  endfacet
  facet normal 0.5001233751224723 0.5001233751224783 0.7069322593517767
    outer loop
      vertex 4.556053921383822 4.278419412054305 18.5
      vertex 4.720770572215697 4.850648164912957 17.978643649799405
      vertex 4.575522131170662 4.750120250689338 18.152519574537894
    endloop
  endfacet
  facet normal 0.5001233751224942 0.500123375122466 0.70693225935177
    outer loop
      vertex 4.556053921383822 4.278419412054305 18.5
      vertex 4.855466143641168 4.964928846581075 17.802503938567817
      vertex 4.720770572215697 4.850648164912957 17.978643649799405
    endloop
  endfacet
  facet normal 0.500123375122474 0.5001233751224795 0.7069322593517747
    outer loop
      vertex 4.556053921383822 4.278419412054305 18.5
      vertex 5.285022548805234 4.962966517982993 17.5
      vertex 4.855466143641168 4.964928846581075 17.802503938567817
    endloop
  endfacet
  facet normal 0.5001233751224757 0.5001233751224742 0.7069322593517774
    outer loop
      vertex 5.285022548805234 4.962966517982993 17.5
      vertex 4.97831165346216 5.091861710257056 17.625796762550056
      vertex 4.855466143641168 4.964928846581075 17.802503938567817
    endloop
  endfacet
  facet normal 0.5001233751224758 0.5001233751224758 0.7069322593517761
    outer loop
      vertex 5.285022548805234 4.962966517982993 17.5
      vertex 5.056991480204431 5.190997586583796 17.5
      vertex 4.97831165346216 5.091861710257056 17.625796762550056
    endloop
  endfacet
  facet normal 0.5849785906597089 0.39755103968871175 0.7069322593517747
    outer loop
      vertex 5.2770495343875945 3.3489174686187293 18.5
      vertex 5.865373209218369 4.26144307912043 17.5
      vertex 5.056356214843421 3.673657826827957 18.5
    endloop
  endfacet
  facet normal 0.5588618327152174 0.4334976731448317 0.7069322593517747
    outer loop
      vertex 5.056356214843421 3.673657826827957 18.5
      vertex 5.865373209218369 4.26144307912043 17.5
      vertex 5.586221010124471 4.621323925678 17.5
    endloop
  endfacet
  facet normal 0.5849785906597097 0.39755103968871114 0.7069322593517746
    outer loop
      vertex 5.2770495343875945 3.3489174686187293 18.5
      vertex 6.121377459889609 3.884744263597726 17.5
      vertex 5.865373209218369 4.26144307912043 17.5
    endloop
  endfacet
  facet normal 0.9891765099647866 0.14673047445532345 7.009930411400597e-16
    outer loop
      vertex 5.483672875333083 -0.34500345427944784 8.020381246634974
      vertex 5.458667491990045 -0.1764308525932091 18.5
      vertex 5.484586495274185 -0.35116257962903086 8.028426843524171
    endloop
  endfacet
  facet normal 0.9891765099647803 0.14673047445536613 0
    outer loop
      vertex 5.483672875333083 -0.34500345427944784 8.020381246634974
      vertex 5.458667491990045 -0.1764308525932091 7.856745096470231
      vertex 5.458667491990045 -0.1764308525932091 18.5
    endloop
  endfacet
  facet normal 0.9987954562051726 0.04906767432741533 0
    outer loop
      vertex 5.458667491990045 -0.1764308525932091 7.856745096470231
      vertex 5.45 0 7.780000000000001
      vertex 5.45 0 18.5
    endloop
  endfacet
  facet normal 0.8032075314806443 0.5956993044924341 0
    outer loop
      vertex 5.837568638682179 -1.1135757739797771 10.441295723831502
      vertex 5.753354697855419 -1.000026419435284 9.895949764499223
      vertex 5.753354697855419 -1.000026419435284 18.5
    endloop
  endfacet
  facet normal 0.8032075314806464 0.5956993044924314 5.978987590445836e-17
    outer loop
      vertex 5.837568638682179 -1.1135757739797771 10.441295723831502
      vertex 5.753354697855419 -1.000026419435284 18.5
      vertex 5.858581183947074 -1.1419079114945618 10.585476449336108
    endloop
  endfacet
  facet normal 0.7409511253549604 0.6715589548470168 0
    outer loop
      vertex 5.977207793864214 -1.2727922061357857 11.36519578884146
      vertex 5.858581183947074 -1.1419079114945618 10.585476449336108
      vertex 5.858581183947074 -1.1419079114945618 18.5
    endloop
  endfacet
  facet normal 0.903989293123452 0.4275550934302638 0
    outer loop
      vertex 5.595555194921237 -0.7068830098352906 8.80615392307033
      vertex 5.587016841479684 -0.6888301782571616 8.751050072777772
      vertex 5.587016841479684 -0.6888301782571616 18.5
    endloop
  endfacet
  facet normal 0.9415440651830198 0.3368898533922229 0
    outer loop
      vertex 5.587016841479684 -0.6888301782571616 8.751050072777772
      vertex 5.527507395682024 -0.5225124190580323 8.346405392409599
      vertex 5.527507395682024 -0.5225124190580323 18.5
    endloop
  endfacet
  facet normal 0.903989293123444 0.42755509343028064 -3.8450481427044054e-17
    outer loop
      vertex 5.595555194921237 -0.7068830098352906 8.80615392307033
      vertex 5.587016841479684 -0.6888301782571616 18.5
      vertex 5.662541724172961 -0.8485141262867958 9.28330549858086
    endloop
  endfacet
  facet normal 0.8577286100002713 0.5141027441932231 0
    outer loop
      vertex 5.753354697855419 -1.000026419435284 9.895949764499223
      vertex 5.662541724172961 -0.8485141262867958 9.28330549858086
      vertex 5.662541724172961 -0.8485141262867958 18.5
    endloop
  endfacet
  facet normal 0.9700312531945444 0.24298017990326246 0
    outer loop
      vertex 5.527507395682024 -0.5225124190580323 8.346405392409599
      vertex 5.484586495274185 -0.35116257962903086 8.028426843524171
      vertex 5.484586495274185 -0.35116257962903086 18.5
    endloop
  endfacet
  facet normal 0.6715589548470163 0.740951125354961 0
    outer loop
      vertex 6.108092088505439 -1.3914188160529266 12.195098054689787
      vertex 5.977207793864214 -1.2727922061357857 11.36519578884146
      vertex 5.977207793864214 -1.2727922061357857 18.5
    endloop
  endfacet
  facet normal 0.8577286100002713 0.5141027441932231 0
    outer loop
      vertex 5.662541724172961 -0.8485141262867958 18.5
      vertex 5.753354697855419 -1.000026419435284 18.5
      vertex 5.753354697855419 -1.000026419435284 9.895949764499223
    endloop
  endfacet
  facet normal 0.8032075314806448 0.5956993044924336 0
    outer loop
      vertex 5.753354697855419 -1.000026419435284 18.5
      vertex 5.858581183947074 -1.1419079114945618 18.5
      vertex 5.858581183947074 -1.1419079114945618 10.585476449336108
    endloop
  endfacet
  facet normal 0.7409511253549604 0.6715589548470169 0
    outer loop
      vertex 5.858581183947074 -1.1419079114945618 18.5
      vertex 5.977207793864214 -1.2727922061357857 18.5
      vertex 5.977207793864214 -1.2727922061357857 11.36519578884146
    endloop
  endfacet
  facet normal 0.9891765099647805 0.14673047445536458 0
    outer loop
      vertex 5.458667491990045 -0.1764308525932091 18.5
      vertex 5.484586495274185 -0.35116257962903086 18.5
      vertex 5.484586495274185 -0.35116257962903086 8.028426843524171
    endloop
  endfacet
  facet normal 0.9987954562051726 0.04906767432741532 0
    outer loop
      vertex 5.45 0 18.5
      vertex 5.458667491990045 -0.1764308525932091 18.5
      vertex 5.458667491990045 -0.1764308525932091 7.856745096470231
    endloop
  endfacet
  facet normal 0.9039892931234448 0.4275550934302789 0
    outer loop
      vertex 5.587016841479684 -0.6888301782571616 18.5
      vertex 5.662541724172961 -0.8485141262867958 18.5
      vertex 5.662541724172961 -0.8485141262867958 9.28330549858086
    endloop
  endfacet
  facet normal 0.9415440651830198 0.3368898533922229 0
    outer loop
      vertex 5.527507395682024 -0.5225124190580323 18.5
      vertex 5.587016841479684 -0.6888301782571616 18.5
      vertex 5.587016841479684 -0.6888301782571616 8.751050072777772
    endloop
  endfacet
  facet normal 0.9700312531945443 0.24298017990326243 0
    outer loop
      vertex 5.484586495274185 -0.35116257962903086 18.5
      vertex 5.527507395682024 -0.5225124190580323 18.5
      vertex 5.527507395682024 -0.5225124190580323 8.346405392409599
    endloop
  endfacet
  facet normal 0.5956993044924339 0.8032075314806444 0
    outer loop
      vertex 6.108092088505439 -1.3914188160529266 12.195098054689787
      vertex 6.108092088505439 -1.3914188160529266 18.482389249131522
      vertex 6.249973580564716 -1.4966453021445814 13.067190834390232
    endloop
  endfacet
  facet normal 0.5141027441932223 0.8577286100002716 0
    outer loop
      vertex 6.249973580564716 -1.4966453021445814 13.067190834390232
      vertex 6.249973580564716 -1.4966453021445814 18.32089058622403
      vertex 6.401485873713204 -1.587458275827039 13.97307539773988
    endloop
  endfacet
  facet normal 0.427555093430281 0.9039892931234438 0
    outer loop
      vertex 6.401485873713204 -1.587458275827039 13.97307539773988
      vertex 6.401485873713204 -1.587458275827039 18.153134185603726
      vertex 6.561169821742839 -1.662983158520316 14.9040275811868
    endloop
  endfacet
  facet normal 0.6715589548470234 0.7409511253549546 0
    outer loop
      vertex 6.108092088505439 -1.3914188160529266 12.195098054689787
      vertex 6.09309412751409 -1.3778254565673578 18.5
      vertex 6.108092088505439 -1.3914188160529266 18.482389249131522
    endloop
  endfacet
  facet normal 0.6715589548470154 0.7409511253549619 -3.474372332158028e-17
    outer loop
      vertex 6.09309412751409 -1.3778254565673578 18.5
      vertex 6.108092088505439 -1.3914188160529266 12.195098054689787
      vertex 5.977207793864214 -1.2727922061357857 18.5
    endloop
  endfacet
  facet normal 0.595699304492434 0.8032075314806445 0
    outer loop
      vertex 6.249973580564716 -1.4966453021445814 13.067190834390232
      vertex 6.108092088505439 -1.3914188160529266 18.482389249131522
      vertex 6.249973580564716 -1.4966453021445814 18.32089058622403
    endloop
  endfacet
  facet normal 0.5141027441932224 0.8577286100002717 0
    outer loop
      vertex 6.401485873713204 -1.587458275827039 13.97307539773988
      vertex 6.249973580564716 -1.4966453021445814 18.32089058622403
      vertex 6.401485873713204 -1.587458275827039 18.153134185603726
    endloop
  endfacet
  facet normal 0.427555093430281 0.9039892931234439 0
    outer loop
      vertex 6.561169821742839 -1.662983158520316 14.9040275811868
      vertex 6.401485873713204 -1.587458275827039 18.153134185603726
      vertex 6.561169821742839 -1.662983158520316 17.980735633113554
    endloop
  endfacet
  facet normal 0.3368898533922219 0.9415440651830203 0
    outer loop
      vertex 6.561169821742839 -1.662983158520316 14.9040275811868
      vertex 6.561169821742839 -1.662983158520316 17.980735633113554
      vertex 6.727487580941967 -1.722492604317976 15.851081806294163
    endloop
  endfacet
  facet normal 0.2429801799032627 0.9700312531945442 0
    outer loop
      vertex 6.727487580941967 -1.722492604317976 15.851081806294163
      vertex 6.727487580941967 -1.722492604317976 17.805355221056637
      vertex 6.8988374203709695 -1.7654135047258148 16.80511742316169
    endloop
  endfacet
  facet normal 0.3368898533922218 0.9415440651830203 0
    outer loop
      vertex 6.727487580941967 -1.722492604317976 15.851081806294163
      vertex 6.561169821742839 -1.662983158520316 17.980735633113554
      vertex 6.727487580941967 -1.722492604317976 17.805355221056637
    endloop
  endfacet
  facet normal 0.14673047445536253 0.9891765099647808 0
    outer loop
      vertex 7.026400267170603 -1.7843356655790414 17.5
      vertex 6.8988374203709695 -1.7654135047258148 16.80511742316169
      vertex 6.8988374203709695 -1.7654135047258148 17.62868195867376
    endloop
  endfacet
  facet normal 0.2429801799032627 0.9700312531945442 0
    outer loop
      vertex 6.8988374203709695 -1.7654135047258148 16.80511742316169
      vertex 6.727487580941967 -1.722492604317976 17.805355221056637
      vertex 6.8988374203709695 -1.7654135047258148 17.62868195867376
    endloop
  endfacet
  facet normal 0.9987954562051726 -0.04906767432741532 0
    outer loop
      vertex 5.45 0 7.780000000000001
      vertex 5.458667491990045 0.1764308525932091 7.856745096470231
      vertex 5.458667491990045 0.1764308525932091 18.5
    endloop
  endfacet
  facet normal 0.9891765099647808 -0.14673047445536286 -2.933908511446125e-17
    outer loop
      vertex 5.483672875333082 0.3450034542794457 8.020381246634972
      vertex 5.484586495274185 0.35116257962903086 18.5
      vertex 5.458667491990045 0.1764308525932091 7.856745096470231
    endloop
  endfacet
  facet normal 0.9891765099647736 -0.14673047445541168 0
    outer loop
      vertex 5.483672875333082 0.3450034542794457 8.020381246634972
      vertex 5.484586495274185 0.35116257962903086 8.028426843524173
      vertex 5.484586495274185 0.35116257962903086 18.5
    endloop
  endfacet
  facet normal 0.9700312531945443 -0.24298017990326243 0
    outer loop
      vertex 5.527507395682024 0.5225124190580323 18.5
      vertex 5.484586495274185 0.35116257962903086 8.028426843524173
      vertex 5.527507395682024 0.5225124190580323 8.3464053924096
    endloop
  endfacet
  facet normal 0.9415440651830197 -0.33688985339222277 0
    outer loop
      vertex 5.527507395682024 0.5225124190580323 8.3464053924096
      vertex 5.587016841479684 0.6888301782571616 8.751050072777772
      vertex 5.587016841479684 0.6888301782571616 18.5
    endloop
  endfacet
  facet normal 0.9039892931234449 -0.42755509343027864 0
    outer loop
      vertex 5.595555194921238 0.7068830098352917 8.806153923070333
      vertex 5.587016841479684 0.6888301782571616 18.5
      vertex 5.587016841479684 0.6888301782571616 8.751050072777772
    endloop
  endfacet
  facet normal 0.9039892931234449 -0.42755509343027887 0
    outer loop
      vertex 5.662541724172961 0.8485141262867958 18.5
      vertex 5.595555194921238 0.7068830098352917 8.806153923070333
      vertex 5.662541724172961 0.8485141262867958 9.28330549858086
    endloop
  endfacet
  facet normal 0.8577286100002712 -0.5141027441932231 0
    outer loop
      vertex 5.662541724172961 0.8485141262867958 9.28330549858086
      vertex 5.753354697855419 1.000026419435284 9.895949764499223
      vertex 5.753354697855419 1.000026419435284 18.5
    endloop
  endfacet
  facet normal 0.8032075314806439 -0.5956993044924346 2.904056736431923e-17
    outer loop
      vertex 5.837568638682178 1.1135757739797758 10.441295723831495
      vertex 5.858581183947074 1.1419079114945618 18.5
      vertex 5.753354697855419 1.000026419435284 9.895949764499223
    endloop
  endfacet
  facet normal 0.8032075314806478 -0.5956993044924294 0
    outer loop
      vertex 5.837568638682178 1.1135757739797758 10.441295723831495
      vertex 5.858581183947074 1.1419079114945618 10.585476449336108
      vertex 5.858581183947074 1.1419079114945618 18.5
    endloop
  endfacet
  facet normal 0.7409511253549604 -0.6715589548470169 0
    outer loop
      vertex 5.858581183947074 1.1419079114945618 10.585476449336108
      vertex 5.977207793864214 1.2727922061357857 11.36519578884146
      vertex 5.977207793864214 1.2727922061357857 18.5
    endloop
  endfacet
  facet normal 0.9987954562051725 -0.049067674327415316 0
    outer loop
      vertex 5.45 0 7.780000000000001
      vertex 5.458667491990045 0.1764308525932091 18.5
      vertex 5.45 0 18.5
    endloop
  endfacet
  facet normal 0.9891765099647806 -0.14673047445536463 0
    outer loop
      vertex 5.484586495274185 0.35116257962903086 18.5
      vertex 5.458667491990045 0.1764308525932091 18.5
      vertex 5.458667491990045 0.1764308525932091 7.856745096470231
    endloop
  endfacet
  facet normal 0.9700312531945444 -0.24298017990326243 0
    outer loop
      vertex 5.527507395682024 0.5225124190580323 18.5
      vertex 5.484586495274185 0.35116257962903086 18.5
      vertex 5.484586495274185 0.35116257962903086 8.028426843524173
    endloop
  endfacet
  facet normal 0.9415440651830198 -0.3368898533922228 0
    outer loop
      vertex 5.587016841479684 0.6888301782571616 18.5
      vertex 5.527507395682024 0.5225124190580323 18.5
      vertex 5.527507395682024 0.5225124190580323 8.3464053924096
    endloop
  endfacet
  facet normal 0.9039892931234449 -0.42755509343027887 0
    outer loop
      vertex 5.662541724172961 0.8485141262867958 18.5
      vertex 5.587016841479684 0.6888301782571616 18.5
      vertex 5.595555194921238 0.7068830098352917 8.806153923070333
    endloop
  endfacet
  facet normal 0.8577286100002712 -0.5141027441932231 0
    outer loop
      vertex 5.753354697855419 1.000026419435284 18.5
      vertex 5.662541724172961 0.8485141262867958 18.5
      vertex 5.662541724172961 0.8485141262867958 9.28330549858086
    endloop
  endfacet
  facet normal 0.6715589548470163 -0.7409511253549609 -4.603345393831547e-18
    outer loop
      vertex 6.108092088505439 1.3914188160529266 12.195098054689787
      vertex 6.09309412751409 1.377825456567358 18.5
      vertex 5.977207793864214 1.2727922061357857 11.36519578884146
    endloop
  endfacet
  facet normal 0.8032075314806447 -0.5956993044924335 0
    outer loop
      vertex 5.858581183947074 1.1419079114945618 18.5
      vertex 5.753354697855419 1.000026419435284 18.5
      vertex 5.753354697855419 1.000026419435284 9.895949764499223
    endloop
  endfacet
  facet normal 0.7409511253549604 -0.6715589548470168 0
    outer loop
      vertex 5.977207793864214 1.2727922061357857 18.5
      vertex 5.858581183947074 1.1419079114945618 18.5
      vertex 5.858581183947074 1.1419079114945618 10.585476449336108
    endloop
  endfacet
  facet normal 0.6715589548470162 -0.7409511253549611 0
    outer loop
      vertex 5.977207793864214 1.2727922061357857 18.5
      vertex 5.977207793864214 1.2727922061357857 11.36519578884146
      vertex 6.09309412751409 1.377825456567358 18.5
    endloop
  endfacet
  facet normal 0.5956993044924339 -0.8032075314806444 0
    outer loop
      vertex 6.249973580564716 1.4966453021445814 13.067190834390233
      vertex 6.249973580564716 1.4966453021445814 18.32089058622403
      vertex 6.108092088505439 1.3914188160529266 12.195098054689787
    endloop
  endfacet
  facet normal 0.5141027441932224 -0.8577286100002716 0
    outer loop
      vertex 6.401485873713204 1.587458275827039 13.973075397739882
      vertex 6.401485873713204 1.587458275827039 18.153134185603726
      vertex 6.249973580564716 1.4966453021445814 13.067190834390233
    endloop
  endfacet
  facet normal 0.42755509343028103 -0.9039892931234439 0
    outer loop
      vertex 6.561169821742839 1.662983158520316 14.904027581186801
      vertex 6.561169821742839 1.662983158520316 17.980735633113554
      vertex 6.401485873713204 1.587458275827039 13.973075397739882
    endloop
  endfacet
  facet normal 0.3368898533922218 -0.9415440651830203 0
    outer loop
      vertex 6.727487580941967 1.722492604317976 15.851081806294163
      vertex 6.727487580941967 1.722492604317976 17.805355221056637
      vertex 6.561169821742839 1.662983158520316 14.904027581186801
    endloop
  endfacet
  facet normal 0.6715589548470174 -0.7409511253549601 0
    outer loop
      vertex 6.09309412751409 1.377825456567358 18.5
      vertex 6.108092088505439 1.3914188160529266 12.195098054689787
      vertex 6.108092088505439 1.3914188160529266 18.482389249131522
    endloop
  endfacet
  facet normal 0.5956993044924339 -0.8032075314806444 0
    outer loop
      vertex 6.108092088505439 1.3914188160529266 18.482389249131522
      vertex 6.108092088505439 1.3914188160529266 12.195098054689787
      vertex 6.249973580564716 1.4966453021445814 18.32089058622403
    endloop
  endfacet
  facet normal 0.5141027441932224 -0.8577286100002717 0
    outer loop
      vertex 6.249973580564716 1.4966453021445814 18.32089058622403
      vertex 6.249973580564716 1.4966453021445814 13.067190834390233
      vertex 6.401485873713204 1.587458275827039 18.153134185603726
    endloop
  endfacet
  facet normal 0.427555093430281 -0.9039892931234439 0
    outer loop
      vertex 6.401485873713204 1.587458275827039 18.153134185603726
      vertex 6.401485873713204 1.587458275827039 13.973075397739882
      vertex 6.561169821742839 1.662983158520316 17.980735633113554
    endloop
  endfacet
  facet normal 0.2429801799032627 -0.9700312531945442 0
    outer loop
      vertex 6.8988374203709695 1.7654135047258148 16.80511742316169
      vertex 6.8988374203709695 1.7654135047258148 17.62868195867376
      vertex 6.727487580941967 1.722492604317976 15.851081806294163
    endloop
  endfacet
  facet normal 0.3368898533922218 -0.9415440651830203 0
    outer loop
      vertex 6.561169821742839 1.662983158520316 17.980735633113554
      vertex 6.561169821742839 1.662983158520316 14.904027581186801
      vertex 6.727487580941967 1.722492604317976 17.805355221056637
    endloop
  endfacet
  facet normal 0.2429801799032627 -0.9700312531945442 0
    outer loop
      vertex 6.727487580941967 1.722492604317976 17.805355221056637
      vertex 6.727487580941967 1.722492604317976 15.851081806294163
      vertex 6.8988374203709695 1.7654135047258148 17.62868195867376
    endloop
  endfacet
  facet normal 0.1467304744553625 -0.9891765099647808 0
    outer loop
      vertex 6.8988374203709695 1.7654135047258148 17.62868195867376
      vertex 6.8988374203709695 1.7654135047258148 16.80511742316169
      vertex 7.026400267170603 1.7843356655790414 17.5
    endloop
  endfacet
  facet normal 0.6216605733700816 0.783286749228647 0
    outer loop
      vertex 2.4381775328198763 4.925372523975021 8.040072101611138
      vertex 2.4381775328198763 4.925372523975021 18.5
      vertex 2.576540145637956 4.815560145172272 7.850826255468772
    endloop
  endfacet
  facet normal 0.5418915805747476 0.8404484010944406 0
    outer loop
      vertex 2.576540145637956 4.815560145172272 7.850826255468772
      vertex 2.576540145637956 4.815560145172272 18.5
      vertex 2.6288387132070397 4.781839867514654 7.816779008561945
    endloop
  endfacet
  facet normal 0.5418915805747477 0.8404484010944405 0
    outer loop
      vertex 2.6288387132070397 4.781839867514654 7.816779008561945
      vertex 2.725 4.719838450625191 18.5
      vertex 2.725 4.719838450625191 7.79291463545654
    endloop
  endfacet
  facet normal 0.4569038756304216 0.8895160754218555 0
    outer loop
      vertex 2.725 4.719838450625191 7.79291463545654
      vertex 2.725 4.719838450625191 18.5
      vertex 2.8821273463520893 4.639129292579064 7.849721303865335
    endloop
  endfacet
  facet normal 0.3675159365947114 0.9300172236840091 0
    outer loop
      vertex 2.8821273463520893 4.639129292579064 18.5
      vertex 2.93165921245215 4.619555730178855 7.89491991738142
      vertex 2.8821273463520893 4.639129292579064 7.849721303865335
    endloop
  endfacet
  facet normal 0.3675159365947026 0.9300172236840125 -4.744469565606969e-17
    outer loop
      vertex 2.93165921245215 4.619555730178855 7.89491991738142
      vertex 2.8821273463520893 4.639129292579064 18.5
      vertex 3.046408962454309 4.57420994434599 8.040761147131633
    endloop
  endfacet
  facet normal 0.8222682189897739 0.5691001458788999 -7.83013520829418e-18
    outer loop
      vertex 2.1047897762329084 5.316092141660636 9.225052231012945
      vertex 2.096436073252158 5.328162046266518 18.5
      vertex 2.196963987475777 5.182913605221483 8.76248449057502
    endloop
  endfacet
  facet normal 0.8222682189897768 0.569100145878896 0
    outer loop
      vertex 2.1047897762329084 5.316092141660636 9.225052231012945
      vertex 2.096436073252158 5.328162046266518 9.271118737878036
      vertex 2.096436073252158 5.328162046266518 18.5
    endloop
  endfacet
  facet normal 0.8740903416267586 0.48576339371634064 0
    outer loop
      vertex 2.010629065241161 5.482564535042977 18.5
      vertex 2.096436073252158 5.328162046266518 9.271118737878036
      vertex 2.010629065241161 5.482564535042977 9.898953058850314
    endloop
  endfacet
  facet normal 0.6954426350096105 0.7185816177796992 0
    outer loop
      vertex 2.355401536990009 5.005483057324506 8.222679464971476
      vertex 2.4381775328198763 4.925372523975021 18.5
      vertex 2.4381775328198763 4.925372523975021 8.040072101611138
    endloop
  endfacet
  facet normal 0.695442635009608 0.7185816177797015 0
    outer loop
      vertex 2.3112446691438957 5.048218033796012 18.5
      vertex 2.355401536990009 5.005483057324506 8.222679464971476
      vertex 2.3112446691438957 5.048218033796012 8.339827713791257
    endloop
  endfacet
  facet normal 0.7625272039063891 0.6469561525348563 0
    outer loop
      vertex 2.3112446691438957 5.048218033796012 8.339827713791257
      vertex 2.196963987475777 5.182913605221483 8.76248449057502
      vertex 2.196963987475777 5.182913605221483 18.5
    endloop
  endfacet
  facet normal 0.179016861276628 0.9838460059270784 0
    outer loop
      vertex 3.2162627265381283 4.52570561473798 18.5
      vertex 3.2797276103103954 4.514157786901355 8.480951783158453
      vertex 3.2162627265381283 4.52570561473798 8.339825656232366
    endloop
  endfacet
  facet normal 0.1790168612766371 0.9838460059270766 6.002551285606617e-17
    outer loop
      vertex 3.2797276103103954 4.514157786901355 8.480951783158453
      vertex 3.2162627265381283 4.52570561473798 18.5
      vertex 3.3900528540039074 4.4940834269643215 8.760578987532698
    endloop
  endfacet
  facet normal 0.0817210741336707 0.9966552393091801 0
    outer loop
      vertex 3.3900528540039074 4.4940834269643215 8.760578987532698
      vertex 3.3900528540039074 4.4940834269643215 18.5
      vertex 3.566105650920803 4.479647919979722 9.281923889136701
    endloop
  endfacet
  facet normal 0.27458861818492847 0.961561797682963 0
    outer loop
      vertex 3.046408962454309 4.57420994434599 8.040761147131633
      vertex 3.046408962454309 4.57420994434599 18.5
      vertex 3.2162627265381283 4.52570561473798 8.339825656232366
    endloop
  endfacet
  facet normal 0.9174944964474921 0.3977484745270093 0
    outer loop
      vertex 2.010629065241161 5.482564535042977 9.898953058850314
      vertex 1.940369331836814 5.644634091178959 10.594213988356042
      vertex 1.940369331836814 5.644634091178959 18.5
    endloop
  endfacet
  facet normal 0.9520626777139246 0.3059030200965528 3.034083683003117e-17
    outer loop
      vertex 1.887508361674443 5.809153411006067 11.333768978979885
      vertex 1.886333512679677 5.812809896252643 18.5
      vertex 1.940369331836814 5.644634091178959 10.594213988356042
    endloop
  endfacet
  facet normal 0.9520626777139072 0.30590302009660664 0
    outer loop
      vertex 1.887508361674443 5.809153411006067 11.333768978979885
      vertex 1.886333512679677 5.812809896252643 11.350968513189086
      vertex 1.886333512679677 5.812809896252643 18.5
    endloop
  endfacet
  facet normal 0.6216605733700815 0.783286749228647 0
    outer loop
      vertex 2.576540145637956 4.815560145172272 18.5
      vertex 2.576540145637956 4.815560145172272 7.850826255468772
      vertex 2.4381775328198763 4.925372523975021 18.5
    endloop
  endfacet
  facet normal 0.8222682189897741 0.5691001458788996 0
    outer loop
      vertex 2.196963987475777 5.182913605221483 8.76248449057502
      vertex 2.096436073252158 5.328162046266518 18.5
      vertex 2.196963987475777 5.182913605221483 18.5
    endloop
  endfacet
  facet normal 0.8740903416267586 0.4857633937163406 0
    outer loop
      vertex 2.010629065241161 5.482564535042977 18.5
      vertex 2.096436073252158 5.328162046266518 18.5
      vertex 2.096436073252158 5.328162046266518 9.271118737878036
    endloop
  endfacet
  facet normal 0.7625272039063891 0.6469561525348562 0
    outer loop
      vertex 2.196963987475777 5.182913605221483 18.5
      vertex 2.3112446691438957 5.048218033796012 18.5
      vertex 2.3112446691438957 5.048218033796012 8.339827713791257
    endloop
  endfacet
  facet normal 0.6954426350096097 0.7185816177797001 1.337766803716033e-17
    outer loop
      vertex 2.4381775328198763 4.925372523975021 18.5
      vertex 2.355401536990009 5.005483057324506 8.222679464971476
      vertex 2.3112446691438957 5.048218033796012 18.5
    endloop
  endfacet
  facet normal 0.1790168612766339 0.9838460059270773 0
    outer loop
      vertex 3.3900528540039074 4.4940834269643215 8.760578987532698
      vertex 3.2162627265381283 4.52570561473798 18.5
      vertex 3.3900528540039074 4.4940834269643215 18.5
    endloop
  endfacet
  facet normal 0.08172107413367072 0.9966552393091801 0
    outer loop
      vertex 3.566105650920803 4.479647919979722 18.5
      vertex 3.566105650920803 4.479647919979722 9.281923889136701
      vertex 3.3900528540039074 4.4940834269643215 18.5
    endloop
  endfacet
  facet normal 0.45690387563042156 0.8895160754218556 0
    outer loop
      vertex 2.8821273463520893 4.639129292579064 18.5
      vertex 2.8821273463520893 4.639129292579064 7.849721303865335
      vertex 2.725 4.719838450625191 18.5
    endloop
  endfacet
  facet normal 0.5418915805747477 0.8404484010944405 9.19242443957477e-19
    outer loop
      vertex 2.725 4.719838450625191 18.5
      vertex 2.6288387132070397 4.781839867514654 7.816779008561945
      vertex 2.576540145637956 4.815560145172272 18.5
    endloop
  endfacet
  facet normal 0.36751593659470516 0.9300172236840114 0
    outer loop
      vertex 3.046408962454309 4.57420994434599 8.040761147131633
      vertex 2.8821273463520893 4.639129292579064 18.5
      vertex 3.046408962454309 4.57420994434599 18.5
    endloop
  endfacet
  facet normal 0.2745886181849285 0.961561797682963 0
    outer loop
      vertex 3.2162627265381283 4.52570561473798 18.5
      vertex 3.2162627265381283 4.52570561473798 8.339825656232366
      vertex 3.046408962454309 4.57420994434599 18.5
    endloop
  endfacet
  facet normal 0.9774619749435721 0.21111155235896353 0
    outer loop
      vertex 1.886333512679677 5.812809896252643 11.350968513189086
      vertex 1.849042002247218 5.985472325326921 12.190557058976182
      vertex 1.849042002247218 5.985472325326921 18.48323017426367
    endloop
  endfacet
  facet normal 0.9934477790194441 0.11428696496684791 0
    outer loop
      vertex 1.849042002247218 5.985472325326921 12.190557058976182
      vertex 1.8288539381705138 6.160958544822922 13.070575793269379
      vertex 1.8288539381705138 6.160958544822922 18.32026374198715
    endloop
  endfacet
  facet normal 0.952062677713924 0.305903020096554 0
    outer loop
      vertex 1.886333512679677 5.812809896252643 18.5
      vertex 1.940369331836814 5.644634091178959 18.5
      vertex 1.940369331836814 5.644634091178959 10.594213988356042
    endloop
  endfacet
  facet normal 0.9774619749435723 0.2111115523589629 0
    outer loop
      vertex 1.853064221852867 5.966849153475533 18.5
      vertex 1.886333512679677 5.812809896252643 18.5
      vertex 1.886333512679677 5.812809896252643 11.350968513189086
    endloop
  endfacet
  facet normal 0.9174944964474921 0.39774847452700923 0
    outer loop
      vertex 1.940369331836814 5.644634091178959 18.5
      vertex 2.010629065241161 5.482564535042977 18.5
      vertex 2.010629065241161 5.482564535042977 9.898953058850314
    endloop
  endfacet
  facet normal 0.9998661379095618 0.016361731626486926 0
    outer loop
      vertex 1.8288539381705138 6.160958544822922 13.070575793269379
      vertex 1.825963742542542 6.337578526516377 13.982549654590269
      vertex 1.825963742542542 6.337578526516377 18.151379693594393
    endloop
  endfacet
  facet normal 0.977461974943571 0.21111155235896906 -1.3899000325102047e-16
    outer loop
      vertex 1.853064221852867 5.966849153475533 18.5
      vertex 1.886333512679677 5.812809896252643 11.350968513189086
      vertex 1.849042002247218 5.985472325326921 18.48323017426367
    endloop
  endfacet
  facet normal 0.9966552393091802 -0.08172107413366947 0
    outer loop
      vertex 1.825963742542542 6.337578526516377 13.982549654590269
      vertex 1.8403992495271415 6.513631323433272 14.917695836118693
      vertex 1.8403992495271415 6.513631323433272 17.978204474792832
    endloop
  endfacet
  facet normal 0.9934477790194441 0.11428696496684793 0
    outer loop
      vertex 1.849042002247218 5.985472325326921 12.190557058976182
      vertex 1.8288539381705138 6.160958544822922 18.32026374198715
      vertex 1.849042002247218 5.985472325326921 18.48323017426367
    endloop
  endfacet
  facet normal 0.9998661379095618 0.016361731626486926 0
    outer loop
      vertex 1.8288539381705138 6.160958544822922 13.070575793269379
      vertex 1.825963742542542 6.337578526516377 18.151379693594393
      vertex 1.8288539381705138 6.160958544822922 18.32026374198715
    endloop
  endfacet
  facet normal 0.9966552393091802 -0.08172107413366946 0
    outer loop
      vertex 1.825963742542542 6.337578526516377 13.982549654590269
      vertex 1.8403992495271415 6.513631323433272 17.978204474792832
      vertex 1.825963742542542 6.337578526516377 18.151379693594393
    endloop
  endfacet
  facet normal 0.9838460059270777 -0.1790168612766307 0
    outer loop
      vertex 1.8403992495271415 6.513631323433272 14.917695836118693
      vertex 1.8720214373007993 6.687421450899051 15.867008368923635
      vertex 1.8720214373007993 6.687421450899051 17.802405857606736
    endloop
  endfacet
  facet normal 0.9838460059270779 -0.17901686127663072 0
    outer loop
      vertex 1.8720214373007993 6.687421450899051 17.802405857606736
      vertex 1.8403992495271415 6.513631323433272 17.978204474792832
      vertex 1.8403992495271415 6.513631323433272 14.917695836118693
    endloop
  endfacet
  facet normal 0.9615617976829617 -0.27458861818493296 0
    outer loop
      vertex 1.8720214373007993 6.687421450899051 15.867008368923635
      vertex 1.92052576690881 6.857275214982871 17.625676878820894
      vertex 1.8720214373007993 6.687421450899051 17.802405857606736
    endloop
  endfacet
  facet normal 0.9615617976829618 -0.2745886181849329 0
    outer loop
      vertex 1.8720214373007993 6.687421450899051 15.867008368923635
      vertex 1.92052576690881 6.857275214982871 16.821344854367176
      vertex 1.92052576690881 6.857275214982871 17.625676878820894
    endloop
  endfacet
  facet normal 0.9300172236840124 -0.3675159365947026 0
    outer loop
      vertex 1.9668941701194598 6.974612748751334 17.5
      vertex 1.92052576690881 6.857275214982871 17.625676878820894
      vertex 1.92052576690881 6.857275214982871 16.821344854367176
    endloop
  endfacet
  facet normal -0.016361731626487148 0.9998661379095618 0
    outer loop
      vertex 3.566105650920803 4.479647919979722 18.5
      vertex 3.707805298788732 4.481966681984034 9.761037136134567
      vertex 3.566105650920803 4.479647919979722 9.281923889136701
    endloop
  endfacet
  facet normal -0.016361731626498274 0.9998661379095615 -1.8050856191190167e-16
    outer loop
      vertex 3.707805298788732 4.481966681984034 9.761037136134567
      vertex 3.566105650920803 4.479647919979722 18.5
      vertex 3.7427256326142575 4.482538115607694 9.888117939687161
    endloop
  endfacet
  facet normal -0.11428696496684612 0.9934477790194445 0
    outer loop
      vertex 3.7427256326142575 4.482538115607694 9.888117939687161
      vertex 3.7427256326142575 4.482538115607694 18.5
      vertex 3.9182118521102596 4.502726179684398 10.59691750073928
    endloop
  endfacet
  facet normal -0.21111155235896184 0.9774619749435726 0
    outer loop
      vertex 4.090874281184537 4.540017690116857 11.364941508458433
      vertex 3.9182118521102596 4.502726179684398 10.59691750073928
      vertex 3.9182118521102596 4.502726179684398 18.5
    endloop
  endfacet
  facet normal -0.01636173162648948 0.9998661379095617 0
    outer loop
      vertex 3.7427256326142575 4.482538115607694 9.888117939687161
      vertex 3.566105650920803 4.479647919979722 18.5
      vertex 3.7427256326142575 4.482538115607694 18.5
    endloop
  endfacet
  facet normal -0.11428696496684612 0.9934477790194444 0
    outer loop
      vertex 3.9182118521102596 4.502726179684398 10.59691750073928
      vertex 3.7427256326142575 4.482538115607694 18.5
      vertex 3.9182118521102596 4.502726179684398 18.5
    endloop
  endfacet
  facet normal -0.21111155235896187 0.9774619749435727 0
    outer loop
      vertex 4.090874281184537 4.540017690116857 18.5
      vertex 4.090874281184537 4.540017690116857 11.364941508458433
      vertex 3.9182118521102596 4.502726179684398 18.5
    endloop
  endfacet
  facet normal -0.30590302009655773 0.9520626777139227 0
    outer loop
      vertex 4.090874281184537 4.540017690116857 18.5
      vertex 4.25905008625822 4.594053509273994 12.184793471805651
      vertex 4.090874281184537 4.540017690116857 11.364941508458433
    endloop
  endfacet
  facet normal -0.39774847452700723 0.917494496447493 0
    outer loop
      vertex 4.3519041584216005 4.634307228178693 12.679679070945829
      vertex 4.25905008625822 4.594053509273994 12.184793471805651
      vertex 4.25905008625822 4.594053509273994 18.484297505221175
    endloop
  endfacet
  facet normal -0.39774847452701145 0.917494496447491 -8.080332327779335e-17
    outer loop
      vertex 4.3519041584216005 4.634307228178693 12.679679070945829
      vertex 4.351904158421601 4.6343072281786934 18.39265202389892
      vertex 4.421119642394203 4.664313242678341 13.058731160079844
    endloop
  endfacet
  facet normal -0.48576339371633864 0.8740903416267596 0
    outer loop
      vertex 4.421119642394203 4.664313242678341 13.058731160079844
      vertex 4.421119642394203 4.664313242678341 18.322457192577808
      vertex 4.575522131170662 4.750120250689338 13.976394297495371
    endloop
  endfacet
  facet normal -0.5691001458788997 0.8222682189897741 0
    outer loop
      vertex 4.575522131170662 4.750120250689338 13.976394297495371
      vertex 4.575522131170662 4.750120250689338 18.152519574537894
      vertex 4.720770572215697 4.850648164912957 14.915324291083218
    endloop
  endfacet
  facet normal -0.30590302009655607 0.9520626777139234 4.7263379455404165e-17
    outer loop
      vertex 4.241656445670122 4.58846483605854 18.5
      vertex 4.25905008625822 4.594053509273994 12.184793471805651
      vertex 4.090874281184537 4.540017690116857 18.5
    endloop
  endfacet
  facet normal -0.3059030200965717 0.9520626777139184 0
    outer loop
      vertex 4.25905008625822 4.594053509273994 12.184793471805651
      vertex 4.241656445670122 4.58846483605854 18.5
      vertex 4.25905008625822 4.594053509273994 18.484297505221175
    endloop
  endfacet
  facet normal -0.39774847452701156 0.9174944964474911 -8.080332327779335e-17
    outer loop
      vertex 4.3519041584216005 4.634307228178693 12.679679070945829
      vertex 4.25905008625822 4.594053509273994 18.484297505221175
      vertex 4.351904158421601 4.6343072281786934 18.39265202389892
    endloop
  endfacet
  facet normal -0.39774847452700623 0.9174944964474934 0
    outer loop
      vertex 4.421119642394203 4.664313242678341 13.058731160079844
      vertex 4.351904158421601 4.6343072281786934 18.39265202389892
      vertex 4.421119642394203 4.664313242678341 18.322457192577808
    endloop
  endfacet
  facet normal -0.6469561525348547 0.7625272039063904 0
    outer loop
      vertex 4.720770572215697 4.850648164912957 14.915324291083218
      vertex 4.720770572215697 4.850648164912957 17.978643649799405
      vertex 4.855466143641168 4.964928846581075 15.866478731733778
    endloop
  endfacet
  facet normal -0.48576339371633864 0.8740903416267596 0
    outer loop
      vertex 4.575522131170662 4.750120250689338 13.976394297495371
      vertex 4.421119642394203 4.664313242678341 18.322457192577808
      vertex 4.575522131170662 4.750120250689338 18.152519574537894
    endloop
  endfacet
  facet normal -0.5691001458788996 0.8222682189897742 0
    outer loop
      vertex 4.720770572215697 4.850648164912957 14.915324291083218
      vertex 4.575522131170662 4.750120250689338 18.152519574537894
      vertex 4.720770572215697 4.850648164912957 17.978643649799405
    endloop
  endfacet
  facet normal -0.6469561525348548 0.7625272039063903 0
    outer loop
      vertex 4.855466143641168 4.964928846581075 15.866478731733778
      vertex 4.720770572215697 4.850648164912957 17.978643649799405
      vertex 4.855466143641168 4.964928846581075 17.802503938567817
    endloop
  endfacet
  facet normal -0.7185816177796975 0.6954426350096121 0
    outer loop
      vertex 4.855466143641168 4.964928846581075 15.866478731733778
      vertex 4.855466143641168 4.964928846581075 17.802503938567817
      vertex 4.97831165346216 5.091861710257056 16.820697482229694
    endloop
  endfacet
  facet normal -0.7832867492286478 0.6216605733700806 0
    outer loop
      vertex 5.056991480204431 5.190997586583796 17.5
      vertex 4.97831165346216 5.091861710257056 16.820697482229694
      vertex 4.97831165346216 5.091861710257056 17.625796762550056
    endloop
  endfacet
  facet normal -0.7185816177796975 0.6954426350096121 0
    outer loop
      vertex 4.855466143641168 4.964928846581075 17.802503938567817
      vertex 4.97831165346216 5.091861710257056 17.625796762550056
      vertex 4.97831165346216 5.091861710257056 16.820697482229694
    endloop
  endfacet
  facet normal 0.01636173162648721 0.9998661379095618 -4.355033858266399e-17
    outer loop
      vertex -3.70780529878873 4.481966681984034 9.761037136134558
      vertex -3.7427256326142575 4.482538115607694 18.5
      vertex -3.566105650920803 4.479647919979722 9.281923889136698
    endloop
  endfacet
  facet normal 0.0163617316264981 0.9998661379095616 0
    outer loop
      vertex -3.70780529878873 4.481966681984034 9.761037136134558
      vertex -3.7427256326142575 4.482538115607694 9.88811793968716
      vertex -3.7427256326142575 4.482538115607694 18.5
    endloop
  endfacet
  facet normal 0.21111155235896187 0.9774619749435727 0
    outer loop
      vertex -4.090874281184537 4.540017690116857 11.364941508458433
      vertex -4.090874281184537 4.540017690116857 18.5
      vertex -3.9182118521102596 4.502726179684398 10.59691750073928
    endloop
  endfacet
  facet normal 0.11428696496684612 0.9934477790194444 0
    outer loop
      vertex -3.9182118521102596 4.502726179684398 10.59691750073928
      vertex -3.9182118521102596 4.502726179684398 18.5
      vertex -3.7427256326142575 4.482538115607694 9.88811793968716
    endloop
  endfacet
  facet normal 0.4857633937163387 0.8740903416267597 0
    outer loop
      vertex -4.575522131170662 4.750120250689338 13.976394297495375
      vertex -4.575522131170662 4.750120250689338 18.152519574537894
      vertex -4.421119642394203 4.664313242678341 13.058731160079848
    endloop
  endfacet
  facet normal 0.5691001458788996 0.8222682189897741 0
    outer loop
      vertex -4.720770572215697 4.850648164912957 14.91532429108322
      vertex -4.720770572215697 4.850648164912957 17.9786436497994
      vertex -4.575522131170662 4.750120250689338 13.976394297495375
    endloop
  endfacet
  facet normal 0.21111155235896187 0.9774619749435726 0
    outer loop
      vertex -3.9182118521102596 4.502726179684398 18.5
      vertex -3.9182118521102596 4.502726179684398 10.59691750073928
      vertex -4.090874281184537 4.540017690116857 18.5
    endloop
  endfacet
  facet normal 0.01636173162648948 0.9998661379095616 0
    outer loop
      vertex -3.566105650920803 4.479647919979722 18.5
      vertex -3.566105650920803 4.479647919979722 9.281923889136698
      vertex -3.7427256326142575 4.482538115607694 18.5
    endloop
  endfacet
  facet normal 0.11428696496684611 0.9934477790194445 0
    outer loop
      vertex -3.7427256326142575 4.482538115607694 18.5
      vertex -3.7427256326142575 4.482538115607694 9.88811793968716
      vertex -3.9182118521102596 4.502726179684398 18.5
    endloop
  endfacet
  facet normal 0.3059030200965579 0.952062677713923 4.181372066063658e-17
    outer loop
      vertex -4.25905008625822 4.594053509273994 12.184793471805653
      vertex -4.241656445670122 4.58846483605854 18.5
      vertex -4.090874281184537 4.540017690116857 11.364941508458433
    endloop
  endfacet
  facet normal 0.3977484745270088 0.9174944964474921 6.183673797386404e-17
    outer loop
      vertex -4.351904158421596 4.634307228178691 12.67967907094581
      vertex -4.351904158421597 4.634307228178691 18.392652023898926
      vertex -4.25905008625822 4.594053509273994 12.184793471805653
    endloop
  endfacet
  facet normal 0.3977484745270105 0.9174944964474916 6.183673797386431e-17
    outer loop
      vertex -4.351904158421596 4.634307228178691 12.67967907094581
      vertex -4.421119642394203 4.664313242678341 13.058731160079848
      vertex -4.351904158421597 4.634307228178691 18.392652023898926
    endloop
  endfacet
  facet normal 0.3059030200965561 0.9520626777139235 0
    outer loop
      vertex -4.090874281184537 4.540017690116857 18.5
      vertex -4.090874281184537 4.540017690116857 11.364941508458433
      vertex -4.241656445670122 4.58846483605854 18.5
    endloop
  endfacet
  facet normal 0.7185816177796975 0.6954426350096121 0
    outer loop
      vertex -4.855466143641168 4.964928846581075 15.866478731733784
      vertex -4.97831165346216 5.091861710257056 16.820697482229697
      vertex -4.97831165346216 5.091861710257056 17.625796762550056
    endloop
  endfacet
  facet normal 0.7832867492286514 0.6216605733700763 0
    outer loop
      vertex -5.05699148020443 5.190997586583796 17.5
      vertex -4.97831165346216 5.091861710257056 17.625796762550056
      vertex -4.97831165346216 5.091861710257056 16.820697482229697
    endloop
  endfacet
  facet normal 0.7185816177796975 0.6954426350096121 0
    outer loop
      vertex -4.855466143641168 4.964928846581075 15.866478731733784
      vertex -4.97831165346216 5.091861710257056 17.625796762550056
      vertex -4.855466143641168 4.964928846581075 17.802503938567817
    endloop
  endfacet
  facet normal 0.6469561525348547 0.7625272039063902 0
    outer loop
      vertex -4.855466143641168 4.964928846581075 15.866478731733784
      vertex -4.855466143641168 4.964928846581075 17.802503938567817
      vertex -4.720770572215697 4.850648164912957 14.91532429108322
    endloop
  endfacet
  facet normal 0.5691001458788996 0.8222682189897741 0
    outer loop
      vertex -4.575522131170662 4.750120250689338 18.152519574537894
      vertex -4.575522131170662 4.750120250689338 13.976394297495375
      vertex -4.720770572215697 4.850648164912957 17.9786436497994
    endloop
  endfacet
  facet normal 0.48576339371633864 0.8740903416267596 0
    outer loop
      vertex -4.421119642394203 4.664313242678341 18.322457192577804
      vertex -4.421119642394203 4.664313242678341 13.058731160079848
      vertex -4.575522131170662 4.750120250689338 18.152519574537894
    endloop
  endfacet
  facet normal 0.39774847452701445 0.9174944964474897 0
    outer loop
      vertex -4.351904158421597 4.634307228178691 18.392652023898926
      vertex -4.421119642394203 4.664313242678341 13.058731160079848
      vertex -4.421119642394203 4.664313242678341 18.322457192577804
    endloop
  endfacet
  facet normal 0.6469561525348548 0.7625272039063904 0
    outer loop
      vertex -4.720770572215697 4.850648164912957 17.9786436497994
      vertex -4.720770572215697 4.850648164912957 14.91532429108322
      vertex -4.855466143641168 4.964928846581075 17.802503938567817
    endloop
  endfacet
  facet normal 0.3977484745270053 0.9174944964474937 0
    outer loop
      vertex -4.25905008625822 4.594053509273994 18.484297505221175
      vertex -4.25905008625822 4.594053509273994 12.184793471805653
      vertex -4.351904158421597 4.634307228178691 18.392652023898926
    endloop
  endfacet
  facet normal 0.30590302009657167 0.9520626777139184 0
    outer loop
      vertex -4.241656445670122 4.58846483605854 18.5
      vertex -4.25905008625822 4.594053509273994 12.184793471805653
      vertex -4.25905008625822 4.594053509273994 18.484297505221175
    endloop
  endfacet
  facet normal -0.3675159365947037 0.930017223684012 0
    outer loop
      vertex -3.046408962454309 4.57420994434599 8.040761147131633
      vertex -3.046408962454309 4.57420994434599 18.5
      vertex -2.9316592124521503 4.619555730178855 7.894919917381419
    endloop
  endfacet
  facet normal -0.36751593659470844 0.9300172236840103 0
    outer loop
      vertex -2.9316592124521503 4.619555730178855 7.894919917381419
      vertex -2.8821273463520893 4.639129292579064 18.5
      vertex -2.8821273463520893 4.639129292579064 7.849721303865334
    endloop
  endfacet
  facet normal -0.45690387563042156 0.8895160754218556 0
    outer loop
      vertex -2.8821273463520893 4.639129292579064 7.849721303865334
      vertex -2.8821273463520893 4.639129292579064 18.5
      vertex -2.725 4.719838450625191 7.79291463545654
    endloop
  endfacet
  facet normal -0.5418915805747478 0.8404484010944404 0
    outer loop
      vertex -2.725 4.719838450625191 7.79291463545654
      vertex -2.725 4.719838450625191 18.5
      vertex -2.6288387132070397 4.781839867514654 7.816779008561945
    endloop
  endfacet
  facet normal -0.5418915805747476 0.8404484010944406 2.5942499073840053e-18
    outer loop
      vertex -2.6288387132070397 4.781839867514654 7.816779008561945
      vertex -2.725 4.719838450625191 18.5
      vertex -2.576540145637956 4.815560145172272 7.850826255468772
    endloop
  endfacet
  facet normal -0.6216605733700815 0.783286749228647 0
    outer loop
      vertex -2.576540145637956 4.815560145172272 18.5
      vertex -2.4381775328198763 4.925372523975021 8.040072101611138
      vertex -2.576540145637956 4.815560145172272 7.850826255468772
    endloop
  endfacet
  facet normal -0.17901686127663727 0.9838460059270765 0
    outer loop
      vertex -3.3900528540039074 4.4940834269643215 8.760578987532696
      vertex -3.3900528540039074 4.4940834269643215 18.5
      vertex -3.2797276103103954 4.514157786901355 8.480951783158453
    endloop
  endfacet
  facet normal -0.179016861276628 0.9838460059270784 0
    outer loop
      vertex -3.2797276103103954 4.514157786901355 8.480951783158453
      vertex -3.2162627265381283 4.52570561473798 18.5
      vertex -3.2162627265381283 4.52570561473798 8.339825656232366
    endloop
  endfacet
  facet normal -0.08172107413367072 0.9966552393091801 0
    outer loop
      vertex -3.566105650920803 4.479647919979722 9.281923889136698
      vertex -3.566105650920803 4.479647919979722 18.5
      vertex -3.3900528540039074 4.4940834269643215 8.760578987532696
    endloop
  endfacet
  facet normal -0.2745886181849285 0.961561797682963 0
    outer loop
      vertex -3.2162627265381283 4.52570561473798 8.339825656232366
      vertex -3.2162627265381283 4.52570561473798 18.5
      vertex -3.046408962454309 4.57420994434599 8.040761147131633
    endloop
  endfacet
  facet normal -0.6954426350096105 0.7185816177796992 0
    outer loop
      vertex -2.4381775328198763 4.925372523975021 8.040072101611138
      vertex -2.4381775328198763 4.925372523975021 18.5
      vertex -2.355401536990009 5.005483057324506 8.222679464971476
    endloop
  endfacet
  facet normal -0.695442635009608 0.7185816177797015 3.76507839858987e-17
    outer loop
      vertex -2.355401536990009 5.005483057324506 8.222679464971476
      vertex -2.4381775328198763 4.925372523975021 18.5
      vertex -2.3112446691438957 5.048218033796012 8.339827713791257
    endloop
  endfacet
  facet normal -0.7625272039063891 0.6469561525348562 0
    outer loop
      vertex -2.196963987475777 5.182913605221483 8.76248449057502
      vertex -2.3112446691438957 5.048218033796012 8.339827713791257
      vertex -2.3112446691438957 5.048218033796012 18.5
    endloop
  endfacet
  facet normal -0.8222682189897739 0.5691001458788999 0
    outer loop
      vertex -2.1047897762329084 5.316092141660636 9.225052231012945
      vertex -2.196963987475777 5.182913605221483 8.76248449057502
      vertex -2.196963987475777 5.182913605221483 18.5
    endloop
  endfacet
  facet normal -0.8222682189897766 0.5691001458788961 -8.1538153714098e-17
    outer loop
      vertex -2.1047897762329084 5.316092141660636 9.225052231012945
      vertex -2.196963987475777 5.182913605221483 18.5
      vertex -2.096436073252158 5.328162046266518 9.271118737878036
    endloop
  endfacet
  facet normal -0.8740903416267586 0.48576339371634064 0
    outer loop
      vertex -2.010629065241161 5.482564535042977 9.898953058850314
      vertex -2.096436073252158 5.328162046266518 9.271118737878036
      vertex -2.096436073252158 5.328162046266518 18.5
    endloop
  endfacet
  facet normal -0.9174944964474921 0.3977484745270092 0
    outer loop
      vertex -1.940369331836814 5.644634091178959 10.594213988356042
      vertex -2.010629065241161 5.482564535042977 9.898953058850314
      vertex -2.010629065241161 5.482564535042977 18.5
    endloop
  endfacet
  facet normal -0.9520626777139245 0.30590302009655285 0
    outer loop
      vertex -1.887508361674443 5.809153411006067 11.333768978979885
      vertex -1.940369331836814 5.644634091178959 10.594213988356042
      vertex -1.940369331836814 5.644634091178959 18.5
    endloop
  endfacet
  facet normal -0.9520626777139088 0.30590302009660136 1.2292719676041787e-15
    outer loop
      vertex -1.887508361674443 5.809153411006067 11.333768978979885
      vertex -1.940369331836814 5.644634091178959 18.5
      vertex -1.886333512679677 5.812809896252643 11.350968513189086
    endloop
  endfacet
  facet normal -0.0817210741336707 0.9966552393091802 0
    outer loop
      vertex -3.3900528540039074 4.4940834269643215 18.5
      vertex -3.3900528540039074 4.4940834269643215 8.760578987532696
      vertex -3.566105650920803 4.479647919979722 18.5
    endloop
  endfacet
  facet normal -0.1790168612766339 0.9838460059270773 3.871710799849059e-17
    outer loop
      vertex -3.2162627265381283 4.52570561473798 18.5
      vertex -3.2797276103103954 4.514157786901355 8.480951783158453
      vertex -3.3900528540039074 4.4940834269643215 18.5
    endloop
  endfacet
  facet normal -0.27458861818492847 0.961561797682963 0
    outer loop
      vertex -3.046408962454309 4.57420994434599 18.5
      vertex -3.046408962454309 4.57420994434599 8.040761147131633
      vertex -3.2162627265381283 4.52570561473798 18.5
    endloop
  endfacet
  facet normal -0.3675159365947052 0.9300172236840115 -1.7825801348719042e-17
    outer loop
      vertex -2.8821273463520893 4.639129292579064 18.5
      vertex -2.9316592124521503 4.619555730178855 7.894919917381419
      vertex -3.046408962454309 4.57420994434599 18.5
    endloop
  endfacet
  facet normal -0.4569038756304216 0.8895160754218555 0
    outer loop
      vertex -2.725 4.719838450625191 18.5
      vertex -2.725 4.719838450625191 7.79291463545654
      vertex -2.8821273463520893 4.639129292579064 18.5
    endloop
  endfacet
  facet normal -0.5418915805747477 0.8404484010944405 0
    outer loop
      vertex -2.576540145637956 4.815560145172272 18.5
      vertex -2.576540145637956 4.815560145172272 7.850826255468772
      vertex -2.725 4.719838450625191 18.5
    endloop
  endfacet
  facet normal -0.6216605733700816 0.783286749228647 0
    outer loop
      vertex -2.4381775328198763 4.925372523975021 8.040072101611138
      vertex -2.576540145637956 4.815560145172272 18.5
      vertex -2.4381775328198763 4.925372523975021 18.5
    endloop
  endfacet
  facet normal -0.6954426350096095 0.7185816177797001 0
    outer loop
      vertex -2.3112446691438957 5.048218033796012 18.5
      vertex -2.3112446691438957 5.048218033796012 8.339827713791257
      vertex -2.4381775328198763 4.925372523975021 18.5
    endloop
  endfacet
  facet normal -0.7625272039063891 0.6469561525348563 0
    outer loop
      vertex -2.3112446691438957 5.048218033796012 18.5
      vertex -2.196963987475777 5.182913605221483 18.5
      vertex -2.196963987475777 5.182913605221483 8.76248449057502
    endloop
  endfacet
  facet normal -0.8222682189897741 0.5691001458788996 0
    outer loop
      vertex -2.196963987475777 5.182913605221483 18.5
      vertex -2.096436073252158 5.328162046266518 18.5
      vertex -2.096436073252158 5.328162046266518 9.271118737878036
    endloop
  endfacet
  facet normal -0.8740903416267586 0.48576339371634064 0
    outer loop
      vertex -2.096436073252158 5.328162046266518 18.5
      vertex -2.010629065241161 5.482564535042977 18.5
      vertex -2.010629065241161 5.482564535042977 9.898953058850314
    endloop
  endfacet
  facet normal -0.9774619749435721 0.21111155235896356 0
    outer loop
      vertex -1.849042002247218 5.985472325326921 12.190557058976182
      vertex -1.886333512679677 5.812809896252643 11.350968513189086
      vertex -1.886333512679677 5.812809896252643 18.5
    endloop
  endfacet
  facet normal -0.9934477790194441 0.11428696496684793 0
    outer loop
      vertex -1.8288539381705138 6.160958544822922 13.070575793269379
      vertex -1.849042002247218 5.985472325326921 12.190557058976182
      vertex -1.849042002247218 5.985472325326921 18.48323017426367
    endloop
  endfacet
  facet normal -0.9174944964474921 0.3977484745270092 0
    outer loop
      vertex -2.010629065241161 5.482564535042977 18.5
      vertex -1.940369331836814 5.644634091178959 18.5
      vertex -1.940369331836814 5.644634091178959 10.594213988356042
    endloop
  endfacet
  facet normal -0.952062677713924 0.30590302009655396 0
    outer loop
      vertex -1.940369331836814 5.644634091178959 18.5
      vertex -1.886333512679677 5.812809896252643 18.5
      vertex -1.886333512679677 5.812809896252643 11.350968513189086
    endloop
  endfacet
  facet normal -0.9998661379095618 0.016361731626486926 0
    outer loop
      vertex -1.825963742542542 6.337578526516377 13.982549654590269
      vertex -1.8288539381705138 6.160958544822922 13.070575793269379
      vertex -1.8288539381705138 6.160958544822922 18.32026374198715
    endloop
  endfacet
  facet normal -0.9966552393091802 -0.08172107413366946 0
    outer loop
      vertex -1.8403992495271415 6.513631323433272 14.917695836118693
      vertex -1.825963742542542 6.337578526516377 13.982549654590269
      vertex -1.825963742542542 6.337578526516377 18.151379693594393
    endloop
  endfacet
  facet normal -0.9774619749435723 0.21111155235896292 -1.9409203523709785e-17
    outer loop
      vertex -1.853064221852867 5.966849153475533 18.5
      vertex -1.849042002247218 5.985472325326921 12.190557058976182
      vertex -1.886333512679677 5.812809896252643 18.5
    endloop
  endfacet
  facet normal -0.977461974943571 0.2111115523589692 0
    outer loop
      vertex -1.853064221852867 5.966849153475533 18.5
      vertex -1.849042002247218 5.985472325326921 18.48323017426367
      vertex -1.849042002247218 5.985472325326921 12.190557058976182
    endloop
  endfacet
  facet normal -0.9934477790194441 0.11428696496684791 0
    outer loop
      vertex -1.849042002247218 5.985472325326921 18.48323017426367
      vertex -1.8288539381705138 6.160958544822922 18.32026374198715
      vertex -1.8288539381705138 6.160958544822922 13.070575793269379
    endloop
  endfacet
  facet normal -0.9998661379095618 0.016361731626486926 0
    outer loop
      vertex -1.8288539381705138 6.160958544822922 18.32026374198715
      vertex -1.825963742542542 6.337578526516377 18.151379693594393
      vertex -1.825963742542542 6.337578526516377 13.982549654590269
    endloop
  endfacet
  facet normal -0.9838460059270779 -0.17901686127663072 0
    outer loop
      vertex -1.8720214373007993 6.687421450899051 15.867008368923635
      vertex -1.8403992495271415 6.513631323433272 14.917695836118693
      vertex -1.8403992495271415 6.513631323433272 17.978204474792832
    endloop
  endfacet
  facet normal -0.9966552393091802 -0.08172107413366946 0
    outer loop
      vertex -1.825963742542542 6.337578526516377 18.151379693594393
      vertex -1.8403992495271415 6.513631323433272 17.978204474792832
      vertex -1.8403992495271415 6.513631323433272 14.917695836118693
    endloop
  endfacet
  facet normal -0.9615617976829617 -0.2745886181849329 0
    outer loop
      vertex -1.92052576690881 6.857275214982871 16.821344854367176
      vertex -1.8720214373007993 6.687421450899051 15.867008368923635
      vertex -1.8720214373007993 6.687421450899051 17.802405857606736
    endloop
  endfacet
  facet normal -0.9838460059270777 -0.17901686127663072 0
    outer loop
      vertex -1.8403992495271415 6.513631323433272 17.978204474792832
      vertex -1.8720214373007993 6.687421450899051 17.802405857606736
      vertex -1.8720214373007993 6.687421450899051 15.867008368923635
    endloop
  endfacet
  facet normal -0.9300172236840124 -0.3675159365947026 0
    outer loop
      vertex -1.9668941701194598 6.974612748751334 17.5
      vertex -1.92052576690881 6.857275214982871 16.821344854367176
      vertex -1.92052576690881 6.857275214982871 17.625676878820894
    endloop
  endfacet
  facet normal -0.9615617976829618 -0.274588618184933 0
    outer loop
      vertex -1.8720214373007993 6.687421450899051 17.802405857606736
      vertex -1.92052576690881 6.857275214982871 17.625676878820894
      vertex -1.92052576690881 6.857275214982871 16.821344854367176
    endloop
  endfacet
  facet normal -0.9891765099647757 0.14673047445539744 0
    outer loop
      vertex -5.483672875333082 -0.34500345427944507 8.020381246634972
      vertex -5.484586495274185 -0.35116257962903086 8.028426843524173
      vertex -5.484586495274185 -0.35116257962903086 18.5
    endloop
  endfacet
  facet normal -0.9891765099647808 0.1467304744553634 -2.047054178793681e-17
    outer loop
      vertex -5.483672875333082 -0.34500345427944507 8.020381246634972
      vertex -5.484586495274185 -0.35116257962903086 18.5
      vertex -5.458667491990045 -0.1764308525932091 7.856745096470231
    endloop
  endfacet
  facet normal -0.9987954562051726 0.04906767432741532 0
    outer loop
      vertex -5.458667491990045 -0.1764308525932091 7.856745096470231
      vertex -5.458667491990045 -0.1764308525932091 18.5
      vertex -5.45 0 7.780000000000001
    endloop
  endfacet
  facet normal -0.8577286100002712 0.5141027441932231 0
    outer loop
      vertex -5.662541724172961 -0.8485141262867958 9.28330549858086
      vertex -5.753354697855419 -1.000026419435284 9.895949764499223
      vertex -5.753354697855419 -1.000026419435284 18.5
    endloop
  endfacet
  facet normal -0.8032075314806444 0.5956993044924342 1.6262717724018586e-17
    outer loop
      vertex -5.837568638682179 -1.1135757739797771 10.441295723831502
      vertex -5.858581183947074 -1.1419079114945618 18.5
      vertex -5.753354697855419 -1.000026419435284 9.895949764499223
    endloop
  endfacet
  facet normal -0.8032075314806465 0.5956993044924312 0
    outer loop
      vertex -5.837568638682179 -1.1135757739797771 10.441295723831502
      vertex -5.858581183947074 -1.1419079114945618 10.585476449336108
      vertex -5.858581183947074 -1.1419079114945618 18.5
    endloop
  endfacet
  facet normal -0.7409511253549604 0.6715589548470169 0
    outer loop
      vertex -5.977207793864214 -1.2727922061357857 11.36519578884146
      vertex -5.977207793864214 -1.2727922061357857 18.5
      vertex -5.858581183947074 -1.1419079114945618 10.585476449336108
    endloop
  endfacet
  facet normal -0.903989293123452 0.4275550934302638 0
    outer loop
      vertex -5.595555194921237 -0.7068830098352906 8.80615392307033
      vertex -5.587016841479684 -0.6888301782571616 18.5
      vertex -5.587016841479684 -0.6888301782571616 8.751050072777772
    endloop
  endfacet
  facet normal -0.9700312531945443 0.2429801799032624 0
    outer loop
      vertex -5.484586495274185 -0.35116257962903086 8.028426843524173
      vertex -5.527507395682024 -0.5225124190580323 8.3464053924096
      vertex -5.527507395682024 -0.5225124190580323 18.5
    endloop
  endfacet
  facet normal -0.9415440651830197 0.33688985339222277 0
    outer loop
      vertex -5.527507395682024 -0.5225124190580323 8.3464053924096
      vertex -5.587016841479684 -0.6888301782571616 8.751050072777772
      vertex -5.587016841479684 -0.6888301782571616 18.5
    endloop
  endfacet
  facet normal -0.903989293123444 0.42755509343028075 0
    outer loop
      vertex -5.595555194921237 -0.7068830098352906 8.80615392307033
      vertex -5.662541724172961 -0.8485141262867958 9.28330549858086
      vertex -5.662541724172961 -0.8485141262867958 18.5
    endloop
  endfacet
  facet normal -0.5956993044924339 0.8032075314806444 0
    outer loop
      vertex -6.249973580564716 -1.4966453021445814 13.067190834390233
      vertex -6.249973580564716 -1.4966453021445814 18.32089058622403
      vertex -6.108092088505439 -1.3914188160529266 12.195098054689788
    endloop
  endfacet
  facet normal -0.3368898533922218 0.9415440651830201 0
    outer loop
      vertex -6.727487580941967 -1.722492604317976 15.851081806294161
      vertex -6.727487580941967 -1.722492604317976 17.805355221056637
      vertex -6.561169821742839 -1.662983158520316 14.904027581186801
    endloop
  endfacet
  facet normal -0.5141027441932224 0.8577286100002716 0
    outer loop
      vertex -6.401485873713204 -1.587458275827039 13.973075397739882
      vertex -6.401485873713204 -1.587458275827039 18.153134185603726
      vertex -6.249973580564716 -1.4966453021445814 13.067190834390233
    endloop
  endfacet
  facet normal -0.42755509343028103 0.9039892931234439 0
    outer loop
      vertex -6.561169821742839 -1.662983158520316 14.904027581186801
      vertex -6.561169821742839 -1.662983158520316 17.980735633113554
      vertex -6.401485873713204 -1.587458275827039 13.973075397739882
    endloop
  endfacet
  facet normal -0.6715589548470164 0.7409511253549609 -3.0305357176057693e-17
    outer loop
      vertex -6.108092088505439 -1.3914188160529266 12.195098054689788
      vertex -6.09309412751409 -1.3778254565673578 18.5
      vertex -5.977207793864214 -1.2727922061357857 11.36519578884146
    endloop
  endfacet
  facet normal -0.6715589548470153 0.7409511253549619 0
    outer loop
      vertex -5.977207793864214 -1.2727922061357857 18.5
      vertex -5.977207793864214 -1.2727922061357857 11.36519578884146
      vertex -6.09309412751409 -1.3778254565673578 18.5
    endloop
  endfacet
  facet normal -0.7409511253549604 0.6715589548470168 0
    outer loop
      vertex -5.977207793864214 -1.2727922061357857 18.5
      vertex -5.858581183947074 -1.1419079114945618 18.5
      vertex -5.858581183947074 -1.1419079114945618 10.585476449336108
    endloop
  endfacet
  facet normal -0.8032075314806447 0.5956993044924335 0
    outer loop
      vertex -5.858581183947074 -1.1419079114945618 18.5
      vertex -5.753354697855419 -1.000026419435284 18.5
      vertex -5.753354697855419 -1.000026419435284 9.895949764499223
    endloop
  endfacet
  facet normal -0.9700312531945444 0.24298017990326243 0
    outer loop
      vertex -5.484586495274185 -0.35116257962903086 8.028426843524173
      vertex -5.527507395682024 -0.5225124190580323 18.5
      vertex -5.484586495274185 -0.35116257962903086 18.5
    endloop
  endfacet
  facet normal -0.9891765099647806 0.14673047445536463 0
    outer loop
      vertex -5.484586495274185 -0.35116257962903086 18.5
      vertex -5.458667491990045 -0.1764308525932091 18.5
      vertex -5.458667491990045 -0.1764308525932091 7.856745096470231
    endloop
  endfacet
  facet normal -0.9987954562051725 0.049067674327415316 0
    outer loop
      vertex -5.45 0 7.780000000000001
      vertex -5.458667491990045 -0.1764308525932091 18.5
      vertex -5.45 0 18.5
    endloop
  endfacet
  facet normal -0.9039892931234449 0.4275550934302789 -3.4444118799646193e-17
    outer loop
      vertex -5.662541724172961 -0.8485141262867958 18.5
      vertex -5.587016841479684 -0.6888301782571616 18.5
      vertex -5.595555194921237 -0.7068830098352906 8.80615392307033
    endloop
  endfacet
  facet normal -0.8577286100002712 0.5141027441932231 0
    outer loop
      vertex -5.753354697855419 -1.000026419435284 18.5
      vertex -5.662541724172961 -0.8485141262867958 18.5
      vertex -5.662541724172961 -0.8485141262867958 9.28330549858086
    endloop
  endfacet
  facet normal -0.9415440651830198 0.3368898533922228 0
    outer loop
      vertex -5.587016841479684 -0.6888301782571616 18.5
      vertex -5.527507395682024 -0.5225124190580323 18.5
      vertex -5.527507395682024 -0.5225124190580323 8.3464053924096
    endloop
  endfacet
  facet normal -0.24298017990326273 0.9700312531945443 0
    outer loop
      vertex -6.8988374203709695 -1.7654135047258148 16.805117423161686
      vertex -6.8988374203709695 -1.7654135047258148 17.62868195867376
      vertex -6.727487580941967 -1.722492604317976 15.851081806294161
    endloop
  endfacet
  facet normal -0.14673047445536253 0.9891765099647809 0
    outer loop
      vertex -6.8988374203709695 -1.7654135047258148 17.62868195867376
      vertex -6.8988374203709695 -1.7654135047258148 16.805117423161686
      vertex -7.026400267170603 -1.7843356655790414 17.5
    endloop
  endfacet
  facet normal -0.3368898533922218 0.9415440651830203 0
    outer loop
      vertex -6.561169821742839 -1.662983158520316 17.980735633113554
      vertex -6.561169821742839 -1.662983158520316 14.904027581186801
      vertex -6.727487580941967 -1.722492604317976 17.805355221056637
    endloop
  endfacet
  facet normal -0.2429801799032627 0.9700312531945442 0
    outer loop
      vertex -6.727487580941967 -1.722492604317976 17.805355221056637
      vertex -6.727487580941967 -1.722492604317976 15.851081806294161
      vertex -6.8988374203709695 -1.7654135047258148 17.62868195867376
    endloop
  endfacet
  facet normal -0.427555093430281 0.9039892931234439 0
    outer loop
      vertex -6.401485873713204 -1.587458275827039 18.153134185603726
      vertex -6.401485873713204 -1.587458275827039 13.973075397739882
      vertex -6.561169821742839 -1.662983158520316 17.980735633113554
    endloop
  endfacet
  facet normal -0.5956993044924339 0.8032075314806445 0
    outer loop
      vertex -6.108092088505439 -1.3914188160529266 18.482389249131522
      vertex -6.108092088505439 -1.3914188160529266 12.195098054689788
      vertex -6.249973580564716 -1.4966453021445814 18.32089058622403
    endloop
  endfacet
  facet normal -0.5141027441932224 0.8577286100002717 0
    outer loop
      vertex -6.249973580564716 -1.4966453021445814 18.32089058622403
      vertex -6.249973580564716 -1.4966453021445814 13.067190834390233
      vertex -6.401485873713204 -1.587458275827039 18.153134185603726
    endloop
  endfacet
  facet normal -0.6715589548470234 0.7409511253549546 0
    outer loop
      vertex -6.09309412751409 -1.3778254565673578 18.5
      vertex -6.108092088505439 -1.3914188160529266 12.195098054689788
      vertex -6.108092088505439 -1.3914188160529266 18.482389249131522
    endloop
  endfacet
  facet normal -0.9987954562051725 -0.049067674327415316 0
    outer loop
      vertex -5.45 0 18.5
      vertex -5.458667491990045 0.1764308525932091 7.856745096470231
      vertex -5.45 0 7.780000000000001
    endloop
  endfacet
  facet normal -0.9891765099647808 -0.1467304744553634 0
    outer loop
      vertex -5.483672875333082 0.34500345427944507 8.020381246634972
      vertex -5.458667491990045 0.1764308525932091 7.856745096470231
      vertex -5.458667491990045 0.1764308525932091 18.5
    endloop
  endfacet
  facet normal -0.9891765099647757 -0.14673047445539672 -5.48426360682742e-16
    outer loop
      vertex -5.483672875333082 0.34500345427944507 8.020381246634972
      vertex -5.458667491990045 0.1764308525932091 18.5
      vertex -5.484586495274185 0.35116257962903086 8.028426843524173
    endloop
  endfacet
  facet normal -0.9700312531945444 -0.24298017990326246 0
    outer loop
      vertex -5.527507395682024 0.5225124190580323 8.3464053924096
      vertex -5.484586495274185 0.35116257962903086 8.028426843524173
      vertex -5.484586495274185 0.35116257962903086 18.5
    endloop
  endfacet
  facet normal -0.9415440651830197 -0.3368898533922228 0
    outer loop
      vertex -5.587016841479684 0.6888301782571616 8.751050072777772
      vertex -5.527507395682024 0.5225124190580323 8.3464053924096
      vertex -5.527507395682024 0.5225124190580323 18.5
    endloop
  endfacet
  facet normal -0.903989293123452 -0.4275550934302638 0
    outer loop
      vertex -5.595555194921237 0.7068830098352906 8.80615392307033
      vertex -5.587016841479684 0.6888301782571616 8.751050072777772
      vertex -5.587016841479684 0.6888301782571616 18.5
    endloop
  endfacet
  facet normal -0.903989293123444 -0.42755509343028064 -3.8450481427044054e-17
    outer loop
      vertex -5.595555194921237 0.7068830098352906 8.80615392307033
      vertex -5.587016841479684 0.6888301782571616 18.5
      vertex -5.662541724172961 0.8485141262867958 9.28330549858086
    endloop
  endfacet
  facet normal -0.8577286100002713 -0.5141027441932231 0
    outer loop
      vertex -5.753354697855419 1.000026419435284 9.895949764499223
      vertex -5.662541724172961 0.8485141262867958 9.28330549858086
      vertex -5.662541724172961 0.8485141262867958 18.5
    endloop
  endfacet
  facet normal -0.8032075314806443 -0.5956993044924341 0
    outer loop
      vertex -5.837568638682179 1.1135757739797771 10.441295723831502
      vertex -5.753354697855419 1.000026419435284 9.895949764499223
      vertex -5.753354697855419 1.000026419435284 18.5
    endloop
  endfacet
  facet normal -0.8032075314806464 -0.5956993044924314 5.978987590445836e-17
    outer loop
      vertex -5.837568638682179 1.1135757739797771 10.441295723831502
      vertex -5.753354697855419 1.000026419435284 18.5
      vertex -5.858581183947074 1.1419079114945618 10.585476449336108
    endloop
  endfacet
  facet normal -0.7409511253549604 -0.6715589548470168 0
    outer loop
      vertex -5.977207793864214 1.2727922061357857 11.36519578884146
      vertex -5.858581183947074 1.1419079114945618 10.585476449336108
      vertex -5.858581183947074 1.1419079114945618 18.5
    endloop
  endfacet
  facet normal -0.5956993044924339 -0.8032075314806445 0
    outer loop
      vertex -6.108092088505439 1.3914188160529266 12.195098054689788
      vertex -6.108092088505439 1.3914188160529266 18.482389249131522
      vertex -6.249973580564716 1.4966453021445814 13.067190834390233
    endloop
  endfacet
  facet normal -0.5141027441932224 -0.8577286100002717 0
    outer loop
      vertex -6.249973580564716 1.4966453021445814 13.067190834390233
      vertex -6.249973580564716 1.4966453021445814 18.32089058622403
      vertex -6.401485873713204 1.587458275827039 13.973075397739882
    endloop
  endfacet
  facet normal -0.427555093430281 -0.9039892931234439 0
    outer loop
      vertex -6.401485873713204 1.587458275827039 13.973075397739882
      vertex -6.401485873713204 1.587458275827039 18.153134185603726
      vertex -6.561169821742839 1.662983158520316 14.904027581186801
    endloop
  endfacet
  facet normal -0.9987954562051726 -0.04906767432741532 0
    outer loop
      vertex -5.45 0 18.5
      vertex -5.458667491990045 0.1764308525932091 18.5
      vertex -5.458667491990045 0.1764308525932091 7.856745096470231
    endloop
  endfacet
  facet normal -0.9891765099647805 -0.14673047445536458 0
    outer loop
      vertex -5.458667491990045 0.1764308525932091 18.5
      vertex -5.484586495274185 0.35116257962903086 18.5
      vertex -5.484586495274185 0.35116257962903086 8.028426843524173
    endloop
  endfacet
  facet normal -0.9700312531945443 -0.24298017990326243 0
    outer loop
      vertex -5.484586495274185 0.35116257962903086 18.5
      vertex -5.527507395682024 0.5225124190580323 18.5
      vertex -5.527507395682024 0.5225124190580323 8.3464053924096
    endloop
  endfacet
  facet normal -0.9415440651830198 -0.3368898533922229 0
    outer loop
      vertex -5.527507395682024 0.5225124190580323 18.5
      vertex -5.587016841479684 0.6888301782571616 18.5
      vertex -5.587016841479684 0.6888301782571616 8.751050072777772
    endloop
  endfacet
  facet normal -0.9039892931234448 -0.4275550934302789 0
    outer loop
      vertex -5.587016841479684 0.6888301782571616 18.5
      vertex -5.662541724172961 0.8485141262867958 18.5
      vertex -5.662541724172961 0.8485141262867958 9.28330549858086
    endloop
  endfacet
  facet normal -0.6715589548470163 -0.740951125354961 0
    outer loop
      vertex -6.108092088505439 1.3914188160529266 12.195098054689788
      vertex -5.977207793864214 1.2727922061357857 11.36519578884146
      vertex -5.977207793864214 1.2727922061357857 18.5
    endloop
  endfacet
  facet normal -0.7409511253549604 -0.6715589548470169 0
    outer loop
      vertex -5.858581183947074 1.1419079114945618 18.5
      vertex -5.977207793864214 1.2727922061357857 18.5
      vertex -5.977207793864214 1.2727922061357857 11.36519578884146
    endloop
  endfacet
  facet normal -0.8032075314806448 -0.5956993044924336 0
    outer loop
      vertex -5.753354697855419 1.000026419435284 18.5
      vertex -5.858581183947074 1.1419079114945618 18.5
      vertex -5.858581183947074 1.1419079114945618 10.585476449336108
    endloop
  endfacet
  facet normal -0.8577286100002713 -0.5141027441932231 0
    outer loop
      vertex -5.662541724172961 0.8485141262867958 18.5
      vertex -5.753354697855419 1.000026419435284 18.5
      vertex -5.753354697855419 1.000026419435284 9.895949764499223
    endloop
  endfacet
  facet normal -0.3368898533922218 -0.9415440651830203 0
    outer loop
      vertex -6.561169821742839 1.662983158520316 14.904027581186801
      vertex -6.561169821742839 1.662983158520316 17.980735633113554
      vertex -6.727487580941967 1.722492604317976 15.851081806294161
    endloop
  endfacet
  facet normal -0.1467304744553625 -0.9891765099647809 0
    outer loop
      vertex -7.026400267170603 1.7843356655790414 17.5
      vertex -6.8988374203709695 1.7654135047258148 16.805117423161686
      vertex -6.8988374203709695 1.7654135047258148 17.62868195867376
    endloop
  endfacet
  facet normal -0.2429801799032627 -0.9700312531945442 0
    outer loop
      vertex -6.727487580941967 1.722492604317976 15.851081806294161
      vertex -6.727487580941967 1.722492604317976 17.805355221056637
      vertex -6.8988374203709695 1.7654135047258148 16.805117423161686
    endloop
  endfacet
  facet normal -0.3368898533922218 -0.9415440651830201 0
    outer loop
      vertex -6.727487580941967 1.722492604317976 15.851081806294161
      vertex -6.561169821742839 1.662983158520316 17.980735633113554
      vertex -6.727487580941967 1.722492604317976 17.805355221056637
    endloop
  endfacet
  facet normal -0.5956993044924339 -0.8032075314806444 0
    outer loop
      vertex -6.249973580564716 1.4966453021445814 13.067190834390233
      vertex -6.108092088505439 1.3914188160529266 18.482389249131522
      vertex -6.249973580564716 1.4966453021445814 18.32089058622403
    endloop
  endfacet
  facet normal -0.42755509343028103 -0.9039892931234439 0
    outer loop
      vertex -6.561169821742839 1.662983158520316 14.904027581186801
      vertex -6.401485873713204 1.587458275827039 18.153134185603726
      vertex -6.561169821742839 1.662983158520316 17.980735633113554
    endloop
  endfacet
  facet normal -0.5141027441932224 -0.8577286100002716 0
    outer loop
      vertex -6.401485873713204 1.587458275827039 13.973075397739882
      vertex -6.249973580564716 1.4966453021445814 18.32089058622403
      vertex -6.401485873713204 1.587458275827039 18.153134185603726
    endloop
  endfacet
  facet normal -0.24298017990326273 -0.9700312531945443 0
    outer loop
      vertex -6.8988374203709695 1.7654135047258148 16.805117423161686
      vertex -6.727487580941967 1.722492604317976 17.805355221056637
      vertex -6.8988374203709695 1.7654135047258148 17.62868195867376
    endloop
  endfacet
  facet normal -0.6715589548470154 -0.7409511253549619 -3.474372332158029e-17
    outer loop
      vertex -6.09309412751409 1.3778254565673578 18.5
      vertex -6.108092088505439 1.3914188160529266 12.195098054689788
      vertex -5.977207793864214 1.2727922061357857 18.5
    endloop
  endfacet
  facet normal -0.6715589548470234 -0.7409511253549546 0
    outer loop
      vertex -6.108092088505439 1.3914188160529266 12.195098054689788
      vertex -6.09309412751409 1.3778254565673578 18.5
      vertex -6.108092088505439 1.3914188160529266 18.482389249131522
    endloop
  endfacet
  facet normal 0.0163617316264975 -0.9998661379095615 -1.6461709966691976e-16
    outer loop
      vertex -3.70780529878873 -4.481966681984034 9.761037136134558
      vertex -3.566105650920803 -4.479647919979722 18.5
      vertex -3.7427256326142575 -4.482538115607694 9.88811793968716
    endloop
  endfacet
  facet normal 0.016361731626487356 -0.9998661379095618 0
    outer loop
      vertex -3.566105650920803 -4.479647919979722 9.281923889136698
      vertex -3.566105650920803 -4.479647919979722 18.5
      vertex -3.70780529878873 -4.481966681984034 9.761037136134558
    endloop
  endfacet
  facet normal 0.21111155235896184 -0.9774619749435726 0
    outer loop
      vertex -4.090874281184537 -4.540017690116857 11.364941508458433
      vertex -3.9182118521102596 -4.502726179684398 10.59691750073928
      vertex -3.9182118521102596 -4.502726179684398 18.5
    endloop
  endfacet
  facet normal 0.11428696496684611 -0.9934477790194445 0
    outer loop
      vertex -3.7427256326142575 -4.482538115607694 9.88811793968716
      vertex -3.7427256326142575 -4.482538115607694 18.5
      vertex -3.9182118521102596 -4.502726179684398 10.59691750073928
    endloop
  endfacet
  facet normal 0.48576339371633864 -0.8740903416267596 0
    outer loop
      vertex -4.421119642394203 -4.664313242678341 13.058731160079848
      vertex -4.421119642394203 -4.664313242678341 18.322457192577804
      vertex -4.575522131170662 -4.750120250689338 13.976394297495375
    endloop
  endfacet
  facet normal 0.5691001458788996 -0.8222682189897741 0
    outer loop
      vertex -4.575522131170662 -4.750120250689338 13.976394297495375
      vertex -4.575522131170662 -4.750120250689338 18.152519574537894
      vertex -4.720770572215697 -4.850648164912957 14.91532429108322
    endloop
  endfacet
  facet normal 0.39774847452700846 -0.9174944964474924 0
    outer loop
      vertex -4.351904158421596 -4.634307228178691 12.67967907094581
      vertex -4.25905008625822 -4.594053509273994 12.184793471805653
      vertex -4.25905008625822 -4.594053509273994 18.484297505221175
    endloop
  endfacet
  facet normal 0.30590302009655773 -0.9520626777139227 0
    outer loop
      vertex -4.090874281184537 -4.540017690116857 11.364941508458433
      vertex -4.090874281184537 -4.540017690116857 18.5
      vertex -4.25905008625822 -4.594053509273994 12.184793471805653
    endloop
  endfacet
  facet normal 0.3977484745270105 -0.9174944964474916 6.183673797386431e-17
    outer loop
      vertex -4.351904158421596 -4.634307228178691 12.67967907094581
      vertex -4.351904158421597 -4.634307228178691 18.392652023898926
      vertex -4.421119642394203 -4.664313242678341 13.058731160079848
    endloop
  endfacet
  facet normal 0.21111155235896187 -0.9774619749435727 0
    outer loop
      vertex -4.090874281184537 -4.540017690116857 11.364941508458433
      vertex -3.9182118521102596 -4.502726179684398 18.5
      vertex -4.090874281184537 -4.540017690116857 18.5
    endloop
  endfacet
  facet normal 0.11428696496684612 -0.9934477790194444 0
    outer loop
      vertex -3.9182118521102596 -4.502726179684398 10.59691750073928
      vertex -3.7427256326142575 -4.482538115607694 18.5
      vertex -3.9182118521102596 -4.502726179684398 18.5
    endloop
  endfacet
  facet normal 0.016361731626489476 -0.9998661379095617 0
    outer loop
      vertex -3.7427256326142575 -4.482538115607694 9.88811793968716
      vertex -3.566105650920803 -4.479647919979722 18.5
      vertex -3.7427256326142575 -4.482538115607694 18.5
    endloop
  endfacet
  facet normal 0.7185816177796975 -0.6954426350096121 0
    outer loop
      vertex -4.97831165346216 -5.091861710257056 16.820697482229697
      vertex -4.855466143641168 -4.964928846581075 15.866478731733784
      vertex -4.855466143641168 -4.964928846581075 17.802503938567817
    endloop
  endfacet
  facet normal 0.7832867492286514 -0.6216605733700763 0
    outer loop
      vertex -5.05699148020443 -5.190997586583796 17.5
      vertex -4.97831165346216 -5.091861710257056 16.820697482229697
      vertex -4.97831165346216 -5.091861710257056 17.625796762550056
    endloop
  endfacet
  facet normal 0.6469561525348548 -0.7625272039063904 0
    outer loop
      vertex -4.720770572215697 -4.850648164912957 14.91532429108322
      vertex -4.720770572215697 -4.850648164912957 17.9786436497994
      vertex -4.855466143641168 -4.964928846581075 15.866478731733784
    endloop
  endfacet
  facet normal 0.39774847452701445 -0.9174944964474897 0
    outer loop
      vertex -4.421119642394203 -4.664313242678341 13.058731160079848
      vertex -4.351904158421597 -4.634307228178691 18.392652023898926
      vertex -4.421119642394203 -4.664313242678341 18.322457192577804
    endloop
  endfacet
  facet normal 0.5691001458788996 -0.8222682189897741 0
    outer loop
      vertex -4.720770572215697 -4.850648164912957 14.91532429108322
      vertex -4.575522131170662 -4.750120250689338 18.152519574537894
      vertex -4.720770572215697 -4.850648164912957 17.9786436497994
    endloop
  endfacet
  facet normal 0.6469561525348547 -0.7625272039063902 0
    outer loop
      vertex -4.855466143641168 -4.964928846581075 15.866478731733784
      vertex -4.720770572215697 -4.850648164912957 17.9786436497994
      vertex -4.855466143641168 -4.964928846581075 17.802503938567817
    endloop
  endfacet
  facet normal 0.4857633937163387 -0.8740903416267597 0
    outer loop
      vertex -4.575522131170662 -4.750120250689338 13.976394297495375
      vertex -4.421119642394203 -4.664313242678341 18.322457192577804
      vertex -4.575522131170662 -4.750120250689338 18.152519574537894
    endloop
  endfacet
  facet normal 0.7185816177796976 -0.6954426350096121 0
    outer loop
      vertex -4.855466143641168 -4.964928846581075 17.802503938567817
      vertex -4.97831165346216 -5.091861710257056 17.625796762550056
      vertex -4.97831165346216 -5.091861710257056 16.820697482229697
    endloop
  endfacet
  facet normal 0.30590302009657167 -0.9520626777139184 0
    outer loop
      vertex -4.25905008625822 -4.594053509273994 12.184793471805653
      vertex -4.241656445670122 -4.58846483605854 18.5
      vertex -4.25905008625822 -4.594053509273994 18.484297505221175
    endloop
  endfacet
  facet normal 0.30590302009655607 -0.9520626777139234 4.726337945540418e-17
    outer loop
      vertex -4.241656445670122 -4.58846483605854 18.5
      vertex -4.25905008625822 -4.594053509273994 12.184793471805653
      vertex -4.090874281184537 -4.540017690116857 18.5
    endloop
  endfacet
  facet normal 0.39774847452700535 -0.9174944964474938 6.183673797386351e-17
    outer loop
      vertex -4.351904158421596 -4.634307228178691 12.67967907094581
      vertex -4.25905008625822 -4.594053509273994 18.484297505221175
      vertex -4.351904158421597 -4.634307228178691 18.392652023898926
    endloop
  endfacet
  facet normal -0.9174944964474921 -0.3977484745270093 0
    outer loop
      vertex -2.010629065241161 -5.482564535042977 9.898953058850314
      vertex -1.940369331836814 -5.644634091178959 10.594213988356042
      vertex -1.940369331836814 -5.644634091178959 18.5
    endloop
  endfacet
  facet normal -0.9520626777139246 -0.3059030200965528 3.034083683003117e-17
    outer loop
      vertex -1.887508361674443 -5.809153411006067 11.333768978979885
      vertex -1.886333512679677 -5.812809896252643 18.5
      vertex -1.940369331836814 -5.644634091178959 10.594213988356042
    endloop
  endfacet
  facet normal -0.9520626777139072 -0.30590302009660664 0
    outer loop
      vertex -1.887508361674443 -5.809153411006067 11.333768978979885
      vertex -1.886333512679677 -5.812809896252643 11.350968513189086
      vertex -1.886333512679677 -5.812809896252643 18.5
    endloop
  endfacet
  facet normal -0.36751593659470855 -0.9300172236840102 0
    outer loop
      vertex -2.8821273463520893 -4.639129292579064 7.849721303865335
      vertex -2.8821273463520893 -4.639129292579064 18.5
      vertex -2.9316592124521503 -4.619555730178855 7.894919917381419
    endloop
  endfacet
  facet normal -0.3675159365947037 -0.930017223684012 -2.5369733093870672e-17
    outer loop
      vertex -2.9316592124521503 -4.619555730178855 7.894919917381419
      vertex -2.8821273463520893 -4.639129292579064 18.5
      vertex -3.046408962454309 -4.57420994434599 8.040761147131633
    endloop
  endfacet
  facet normal -0.4569038756304216 -0.8895160754218555 0
    outer loop
      vertex -2.725 -4.719838450625191 7.79291463545654
      vertex -2.725 -4.719838450625191 18.5
      vertex -2.8821273463520893 -4.639129292579064 7.849721303865335
    endloop
  endfacet
  facet normal -0.541891580574746 -0.8404484010944419 0
    outer loop
      vertex -2.6288387132070405 -4.781839867514653 7.816779008561946
      vertex -2.725 -4.719838450625191 18.5
      vertex -2.725 -4.719838450625191 7.79291463545654
    endloop
  endfacet
  facet normal -0.5418915805747512 -0.8404484010944383 0
    outer loop
      vertex -2.576540145637956 -4.815560145172272 7.850826255468774
      vertex -2.576540145637956 -4.815560145172272 18.5
      vertex -2.6288387132070405 -4.781839867514653 7.816779008561946
    endloop
  endfacet
  facet normal -0.6216605733700815 -0.783286749228647 0
    outer loop
      vertex -2.4381775328198763 -4.925372523975021 8.040072101611141
      vertex -2.4381775328198763 -4.925372523975021 18.5
      vertex -2.576540145637956 -4.815560145172272 7.850826255468774
    endloop
  endfacet
  facet normal -0.27458861818492847 -0.961561797682963 0
    outer loop
      vertex -3.046408962454309 -4.57420994434599 8.040761147131633
      vertex -3.046408962454309 -4.57420994434599 18.5
      vertex -3.2162627265381283 -4.52570561473798 8.339825656232366
    endloop
  endfacet
  facet normal -0.17901686127663713 -0.9838460059270766 6.002551285606618e-17
    outer loop
      vertex -3.2797276103103954 -4.514157786901355 8.480951783158453
      vertex -3.2162627265381283 -4.52570561473798 18.5
      vertex -3.3900528540039074 -4.4940834269643215 8.760578987532696
    endloop
  endfacet
  facet normal -0.179016861276628 -0.9838460059270784 0
    outer loop
      vertex -3.2162627265381283 -4.52570561473798 8.339825656232366
      vertex -3.2162627265381283 -4.52570561473798 18.5
      vertex -3.2797276103103954 -4.514157786901355 8.480951783158453
    endloop
  endfacet
  facet normal -0.0817210741336707 -0.9966552393091802 0
    outer loop
      vertex -3.3900528540039074 -4.4940834269643215 8.760578987532696
      vertex -3.3900528540039074 -4.4940834269643215 18.5
      vertex -3.566105650920803 -4.479647919979722 9.281923889136698
    endloop
  endfacet
  facet normal -0.6954426350096078 -0.7185816177797019 0
    outer loop
      vertex -2.3112446691438957 -5.048218033796012 8.339827713791259
      vertex -2.3112446691438957 -5.048218033796012 18.5
      vertex -2.355401536990008 -5.005483057324507 8.22267946497148
    endloop
  endfacet
  facet normal -0.7625272039063891 -0.6469561525348562 0
    outer loop
      vertex -2.3112446691438957 -5.048218033796012 8.339827713791259
      vertex -2.196963987475777 -5.182913605221483 8.762484490575021
      vertex -2.196963987475777 -5.182913605221483 18.5
    endloop
  endfacet
  facet normal -0.6954426350096107 -0.7185816177796991 0
    outer loop
      vertex -2.355401536990008 -5.005483057324507 8.22267946497148
      vertex -2.4381775328198763 -4.925372523975021 18.5
      vertex -2.4381775328198763 -4.925372523975021 8.040072101611141
    endloop
  endfacet
  facet normal -0.8222682189897739 -0.5691001458788999 -7.83013520829418e-18
    outer loop
      vertex -2.1047897762329084 -5.316092141660636 9.225052231012945
      vertex -2.096436073252158 -5.328162046266518 18.5
      vertex -2.196963987475777 -5.182913605221483 8.762484490575021
    endloop
  endfacet
  facet normal -0.8222682189897768 -0.569100145878896 0
    outer loop
      vertex -2.1047897762329084 -5.316092141660636 9.225052231012945
      vertex -2.096436073252158 -5.328162046266518 9.271118737878036
      vertex -2.096436073252158 -5.328162046266518 18.5
    endloop
  endfacet
  facet normal -0.8740903416267585 -0.48576339371634053 0
    outer loop
      vertex -2.096436073252158 -5.328162046266518 9.271118737878036
      vertex -2.010629065241161 -5.482564535042977 9.898953058850314
      vertex -2.010629065241161 -5.482564535042977 18.5
    endloop
  endfacet
  facet normal -0.9966552393091802 0.08172107413366947 0
    outer loop
      vertex -1.825963742542542 -6.337578526516377 13.982549654590269
      vertex -1.8403992495271415 -6.513631323433272 14.917695836118693
      vertex -1.8403992495271415 -6.513631323433272 17.978204474792832
    endloop
  endfacet
  facet normal -0.9774619749435721 -0.21111155235896353 0
    outer loop
      vertex -1.886333512679677 -5.812809896252643 11.350968513189086
      vertex -1.849042002247218 -5.985472325326921 12.190557058976182
      vertex -1.849042002247218 -5.985472325326921 18.48323017426367
    endloop
  endfacet
  facet normal -0.9934477790194441 -0.11428696496684791 0
    outer loop
      vertex -1.849042002247218 -5.985472325326921 12.190557058976182
      vertex -1.8288539381705138 -6.160958544822922 13.070575793269379
      vertex -1.8288539381705138 -6.160958544822922 18.32026374198715
    endloop
  endfacet
  facet normal -0.9998661379095618 -0.016361731626486926 0
    outer loop
      vertex -1.8288539381705138 -6.160958544822922 13.070575793269379
      vertex -1.825963742542542 -6.337578526516377 13.982549654590269
      vertex -1.825963742542542 -6.337578526516377 18.151379693594393
    endloop
  endfacet
  facet normal -0.977461974943571 -0.21111155235896906 -1.3899000325102047e-16
    outer loop
      vertex -1.853064221852867 -5.966849153475533 18.5
      vertex -1.886333512679677 -5.812809896252643 11.350968513189086
      vertex -1.849042002247218 -5.985472325326921 18.48323017426367
    endloop
  endfacet
  facet normal -0.9174944964474921 -0.39774847452700923 0
    outer loop
      vertex -2.010629065241161 -5.482564535042977 9.898953058850314
      vertex -1.940369331836814 -5.644634091178959 18.5
      vertex -2.010629065241161 -5.482564535042977 18.5
    endloop
  endfacet
  facet normal -0.952062677713924 -0.305903020096554 0
    outer loop
      vertex -1.886333512679677 -5.812809896252643 18.5
      vertex -1.940369331836814 -5.644634091178959 18.5
      vertex -1.940369331836814 -5.644634091178959 10.594213988356042
    endloop
  endfacet
  facet normal -0.9774619749435723 -0.2111115523589629 0
    outer loop
      vertex -1.853064221852867 -5.966849153475533 18.5
      vertex -1.886333512679677 -5.812809896252643 18.5
      vertex -1.886333512679677 -5.812809896252643 11.350968513189086
    endloop
  endfacet
  facet normal -0.9615617976829618 0.2745886181849329 0
    outer loop
      vertex -1.8720214373007993 -6.687421450899051 15.867008368923635
      vertex -1.92052576690881 -6.857275214982871 16.821344854367176
      vertex -1.92052576690881 -6.857275214982871 17.625676878820894
    endloop
  endfacet
  facet normal -0.9300172236840124 0.3675159365947026 0
    outer loop
      vertex -1.9668941701194598 -6.974612748751334 17.5
      vertex -1.92052576690881 -6.857275214982871 17.625676878820894
      vertex -1.92052576690881 -6.857275214982871 16.821344854367176
    endloop
  endfacet
  facet normal -0.9838460059270777 0.1790168612766307 0
    outer loop
      vertex -1.8403992495271415 -6.513631323433272 14.917695836118693
      vertex -1.8720214373007993 -6.687421450899051 15.867008368923635
      vertex -1.8720214373007993 -6.687421450899051 17.802405857606736
    endloop
  endfacet
  facet normal -0.9966552393091802 0.08172107413366946 0
    outer loop
      vertex -1.825963742542542 -6.337578526516377 13.982549654590269
      vertex -1.8403992495271415 -6.513631323433272 17.978204474792832
      vertex -1.825963742542542 -6.337578526516377 18.151379693594393
    endloop
  endfacet
  facet normal -0.9838460059270779 0.17901686127663072 0
    outer loop
      vertex -1.8720214373007993 -6.687421450899051 17.802405857606736
      vertex -1.8403992495271415 -6.513631323433272 17.978204474792832
      vertex -1.8403992495271415 -6.513631323433272 14.917695836118693
    endloop
  endfacet
  facet normal -0.9615617976829617 0.27458861818493296 0
    outer loop
      vertex -1.8720214373007993 -6.687421450899051 15.867008368923635
      vertex -1.92052576690881 -6.857275214982871 17.625676878820894
      vertex -1.8720214373007993 -6.687421450899051 17.802405857606736
    endloop
  endfacet
  facet normal -0.9998661379095618 -0.016361731626486926 0
    outer loop
      vertex -1.8288539381705138 -6.160958544822922 13.070575793269379
      vertex -1.825963742542542 -6.337578526516377 18.151379693594393
      vertex -1.8288539381705138 -6.160958544822922 18.32026374198715
    endloop
  endfacet
  facet normal -0.9934477790194441 -0.11428696496684793 0
    outer loop
      vertex -1.849042002247218 -5.985472325326921 12.190557058976182
      vertex -1.8288539381705138 -6.160958544822922 18.32026374198715
      vertex -1.849042002247218 -5.985472325326921 18.48323017426367
    endloop
  endfacet
  facet normal -0.36751593659470516 -0.9300172236840114 0
    outer loop
      vertex -3.046408962454309 -4.57420994434599 8.040761147131633
      vertex -2.8821273463520893 -4.639129292579064 18.5
      vertex -3.046408962454309 -4.57420994434599 18.5
    endloop
  endfacet
  facet normal -0.5418915805747476 -0.8404484010944405 -2.3900303542894404e-17
    outer loop
      vertex -2.725 -4.719838450625191 18.5
      vertex -2.6288387132070405 -4.781839867514653 7.816779008561946
      vertex -2.576540145637956 -4.815560145172272 18.5
    endloop
  endfacet
  facet normal -0.45690387563042156 -0.8895160754218556 0
    outer loop
      vertex -2.8821273463520893 -4.639129292579064 7.849721303865335
      vertex -2.725 -4.719838450625191 18.5
      vertex -2.8821273463520893 -4.639129292579064 18.5
    endloop
  endfacet
  facet normal -0.2745886181849285 -0.961561797682963 0
    outer loop
      vertex -3.2162627265381283 -4.52570561473798 8.339825656232366
      vertex -3.046408962454309 -4.57420994434599 18.5
      vertex -3.2162627265381283 -4.52570561473798 18.5
    endloop
  endfacet
  facet normal -0.17901686127663388 -0.9838460059270773 0
    outer loop
      vertex -3.3900528540039074 -4.4940834269643215 8.760578987532696
      vertex -3.2162627265381283 -4.52570561473798 18.5
      vertex -3.3900528540039074 -4.4940834269643215 18.5
    endloop
  endfacet
  facet normal -0.08172107413367072 -0.9966552393091801 0
    outer loop
      vertex -3.566105650920803 -4.479647919979722 9.281923889136698
      vertex -3.3900528540039074 -4.4940834269643215 18.5
      vertex -3.566105650920803 -4.479647919979722 18.5
    endloop
  endfacet
  facet normal -0.6216605733700815 -0.783286749228647 0
    outer loop
      vertex -2.576540145637956 -4.815560145172272 18.5
      vertex -2.576540145637956 -4.815560145172272 7.850826255468774
      vertex -2.4381775328198763 -4.925372523975021 18.5
    endloop
  endfacet
  facet normal -0.6954426350096096 -0.7185816177797 1.528876347104038e-17
    outer loop
      vertex -2.4381775328198763 -4.925372523975021 18.5
      vertex -2.355401536990008 -5.005483057324507 8.22267946497148
      vertex -2.3112446691438957 -5.048218033796012 18.5
    endloop
  endfacet
  facet normal -0.7625272039063891 -0.6469561525348562 0
    outer loop
      vertex -2.196963987475777 -5.182913605221483 18.5
      vertex -2.3112446691438957 -5.048218033796012 18.5
      vertex -2.3112446691438957 -5.048218033796012 8.339827713791259
    endloop
  endfacet
  facet normal -0.8222682189897742 -0.5691001458788997 0
    outer loop
      vertex -2.196963987475777 -5.182913605221483 8.762484490575021
      vertex -2.096436073252158 -5.328162046266518 18.5
      vertex -2.196963987475777 -5.182913605221483 18.5
    endloop
  endfacet
  facet normal -0.8740903416267586 -0.4857633937163406 0
    outer loop
      vertex -2.096436073252158 -5.328162046266518 9.271118737878036
      vertex -2.010629065241161 -5.482564535042977 18.5
      vertex -2.096436073252158 -5.328162046266518 18.5
    endloop
  endfacet
  facet normal 0.9174944964474923 -0.39774847452700923 0
    outer loop
      vertex 1.940369331836814 -5.644634091178959 10.594213988356042
      vertex 2.010629065241161 -5.482564535042977 9.898953058850319
      vertex 2.010629065241161 -5.482564535042977 18.5
    endloop
  endfacet
  facet normal 0.9520626777139245 -0.30590302009655285 0
    outer loop
      vertex 1.887508361674443 -5.809153411006067 11.333768978979885
      vertex 1.940369331836814 -5.644634091178959 10.594213988356042
      vertex 1.940369331836814 -5.644634091178959 18.5
    endloop
  endfacet
  facet normal 0.9520626777139088 -0.30590302009660136 1.2292719676041787e-15
    outer loop
      vertex 1.887508361674443 -5.809153411006067 11.333768978979885
      vertex 1.940369331836814 -5.644634091178959 18.5
      vertex 1.886333512679677 -5.812809896252643 11.350968513189086
    endloop
  endfacet
  facet normal 0.6216605733700815 -0.783286749228647 0
    outer loop
      vertex 2.576540145637956 -4.815560145172272 7.850826255468774
      vertex 2.576540145637956 -4.815560145172272 18.5
      vertex 2.4381775328198763 -4.925372523975021 8.040072101611141
    endloop
  endfacet
  facet normal 0.5418915805747512 -0.8404484010944383 -6.745049759198281e-17
    outer loop
      vertex 2.6288387132070405 -4.781839867514653 7.816779008561946
      vertex 2.725 -4.719838450625191 18.5
      vertex 2.576540145637956 -4.815560145172272 7.850826255468774
    endloop
  endfacet
  facet normal 0.5418915805747458 -0.8404484010944419 0
    outer loop
      vertex 2.725 -4.719838450625191 7.79291463545654
      vertex 2.725 -4.719838450625191 18.5
      vertex 2.6288387132070405 -4.781839867514653 7.816779008561946
    endloop
  endfacet
  facet normal 0.45690387563042156 -0.8895160754218556 0
    outer loop
      vertex 2.8821273463520893 -4.639129292579064 7.849721303865335
      vertex 2.8821273463520893 -4.639129292579064 18.5
      vertex 2.725 -4.719838450625191 7.79291463545654
    endloop
  endfacet
  facet normal 0.3675159365946995 -0.9300172236840136 0
    outer loop
      vertex 2.9316592124521472 -4.619555730178857 7.894919917381418
      vertex 2.8821273463520893 -4.639129292579064 18.5
      vertex 2.8821273463520893 -4.639129292579064 7.849721303865335
    endloop
  endfacet
  facet normal 0.3675159365947076 -0.9300172236840105 0
    outer loop
      vertex 3.046408962454309 -4.57420994434599 8.040761147131635
      vertex 3.046408962454309 -4.57420994434599 18.5
      vertex 2.9316592124521472 -4.619555730178857 7.894919917381418
    endloop
  endfacet
  facet normal 0.8222682189897732 -0.569100145878901 0
    outer loop
      vertex 2.1047897762329106 -5.316092141660633 9.225052231012937
      vertex 2.196963987475777 -5.182913605221483 8.762484490575021
      vertex 2.196963987475777 -5.182913605221483 18.5
    endloop
  endfacet
  facet normal 0.8222682189897838 -0.5691001458788857 -3.21622717427739e-16
    outer loop
      vertex 2.1047897762329106 -5.316092141660633 9.225052231012937
      vertex 2.196963987475777 -5.182913605221483 18.5
      vertex 2.096436073252158 -5.328162046266518 9.27111873787804
    endloop
  endfacet
  facet normal 0.8740903416267585 -0.4857633937163406 0
    outer loop
      vertex 2.010629065241161 -5.482564535042977 9.898953058850319
      vertex 2.096436073252158 -5.328162046266518 9.27111873787804
      vertex 2.096436073252158 -5.328162046266518 18.5
    endloop
  endfacet
  facet normal 0.6954426350096078 -0.7185816177797019 4.3029467412456534e-17
    outer loop
      vertex 2.355401536990008 -5.005483057324507 8.22267946497148
      vertex 2.4381775328198763 -4.925372523975021 18.5
      vertex 2.3112446691438957 -5.048218033796012 8.339827713791259
    endloop
  endfacet
  facet normal 0.7625272039063891 -0.6469561525348562 0
    outer loop
      vertex 2.196963987475777 -5.182913605221483 8.762484490575021
      vertex 2.3112446691438957 -5.048218033796012 8.339827713791259
      vertex 2.3112446691438957 -5.048218033796012 18.5
    endloop
  endfacet
  facet normal 0.6954426350096107 -0.7185816177796991 0
    outer loop
      vertex 2.4381775328198763 -4.925372523975021 8.040072101611141
      vertex 2.4381775328198763 -4.925372523975021 18.5
      vertex 2.355401536990008 -5.005483057324507 8.22267946497148
    endloop
  endfacet
  facet normal 0.2745886181849285 -0.961561797682963 0
    outer loop
      vertex 3.2162627265381283 -4.52570561473798 8.339825656232366
      vertex 3.2162627265381283 -4.52570561473798 18.5
      vertex 3.046408962454309 -4.57420994434599 8.040761147131635
    endloop
  endfacet
  facet normal 0.179016861276628 -0.9838460059270784 0
    outer loop
      vertex 3.2797276103103954 -4.514157786901355 8.480951783158453
      vertex 3.2162627265381283 -4.52570561473798 18.5
      vertex 3.2162627265381283 -4.52570561473798 8.339825656232366
    endloop
  endfacet
  facet normal 0.17901686127663727 -0.9838460059270765 0
    outer loop
      vertex 3.3900528540039074 -4.4940834269643215 8.760578987532698
      vertex 3.3900528540039074 -4.4940834269643215 18.5
      vertex 3.2797276103103954 -4.514157786901355 8.480951783158453
    endloop
  endfacet
  facet normal 0.0817210741336707 -0.9966552393091801 0
    outer loop
      vertex 3.566105650920803 -4.479647919979722 9.2819238891367
      vertex 3.566105650920803 -4.479647919979722 18.5
      vertex 3.3900528540039074 -4.4940834269643215 8.760578987532698
    endloop
  endfacet
  facet normal 0.9966552393091802 0.08172107413366946 0
    outer loop
      vertex 1.8403992495271415 -6.513631323433272 14.917695836118693
      vertex 1.825963742542542 -6.337578526516377 13.982549654590269
      vertex 1.825963742542542 -6.337578526516377 18.151379693594397
    endloop
  endfacet
  facet normal 0.9934477790194441 -0.11428696496684793 0
    outer loop
      vertex 1.8288539381705138 -6.160958544822922 13.070575793269379
      vertex 1.849042002247218 -5.985472325326921 12.190557058976182
      vertex 1.849042002247218 -5.985472325326921 18.48323017426367
    endloop
  endfacet
  facet normal 0.9774619749435721 -0.21111155235896356 0
    outer loop
      vertex 1.849042002247218 -5.985472325326921 12.190557058976182
      vertex 1.886333512679677 -5.812809896252643 11.350968513189086
      vertex 1.886333512679677 -5.812809896252643 18.5
    endloop
  endfacet
  facet normal 0.9998661379095618 -0.016361731626486926 0
    outer loop
      vertex 1.825963742542542 -6.337578526516377 13.982549654590269
      vertex 1.8288539381705138 -6.160958544822922 13.070575793269379
      vertex 1.8288539381705138 -6.160958544822922 18.32026374198715
    endloop
  endfacet
  facet normal 0.952062677713924 -0.30590302009655396 0
    outer loop
      vertex 1.940369331836814 -5.644634091178959 18.5
      vertex 1.886333512679677 -5.812809896252643 18.5
      vertex 1.886333512679677 -5.812809896252643 11.350968513189086
    endloop
  endfacet
  facet normal 0.9174944964474921 -0.3977484745270092 0
    outer loop
      vertex 2.010629065241161 -5.482564535042977 18.5
      vertex 1.940369331836814 -5.644634091178959 18.5
      vertex 1.940369331836814 -5.644634091178959 10.594213988356042
    endloop
  endfacet
  facet normal 0.9300172236840124 0.3675159365947026 0
    outer loop
      vertex 1.9668941701194598 -6.974612748751334 17.5
      vertex 1.92052576690881 -6.857275214982871 16.821344854367176
      vertex 1.92052576690881 -6.857275214982871 17.625676878820894
    endloop
  endfacet
  facet normal 0.9838460059270777 0.1790168612766307 0
    outer loop
      vertex 1.8720214373007993 -6.687421450899051 15.867008368923635
      vertex 1.8403992495271415 -6.513631323433272 14.917695836118693
      vertex 1.8403992495271415 -6.513631323433272 17.978204474792836
    endloop
  endfacet
  facet normal 0.9615617976829617 0.2745886181849329 0
    outer loop
      vertex 1.92052576690881 -6.857275214982871 16.821344854367176
      vertex 1.8720214373007993 -6.687421450899051 15.867008368923635
      vertex 1.8720214373007993 -6.687421450899051 17.802405857606736
    endloop
  endfacet
  facet normal 0.9838460059270777 0.17901686127663072 0
    outer loop
      vertex 1.8403992495271415 -6.513631323433272 17.978204474792836
      vertex 1.8720214373007993 -6.687421450899051 17.802405857606736
      vertex 1.8720214373007993 -6.687421450899051 15.867008368923635
    endloop
  endfacet
  facet normal 0.9966552393091802 0.08172107413366946 0
    outer loop
      vertex 1.825963742542542 -6.337578526516377 18.151379693594397
      vertex 1.8403992495271415 -6.513631323433272 17.978204474792836
      vertex 1.8403992495271415 -6.513631323433272 14.917695836118693
    endloop
  endfacet
  facet normal 0.9615617976829618 0.274588618184933 0
    outer loop
      vertex 1.8720214373007993 -6.687421450899051 17.802405857606736
      vertex 1.92052576690881 -6.857275214982871 17.625676878820894
      vertex 1.92052576690881 -6.857275214982871 16.821344854367176
    endloop
  endfacet
  facet normal 0.977461974943571 -0.2111115523589692 0
    outer loop
      vertex 1.853064221852867 -5.966849153475533 18.5
      vertex 1.849042002247218 -5.985472325326921 18.48323017426367
      vertex 1.849042002247218 -5.985472325326921 12.190557058976182
    endloop
  endfacet
  facet normal 0.9774619749435723 -0.21111155235896292 -1.9409203523709785e-17
    outer loop
      vertex 1.853064221852867 -5.966849153475533 18.5
      vertex 1.849042002247218 -5.985472325326921 12.190557058976182
      vertex 1.886333512679677 -5.812809896252643 18.5
    endloop
  endfacet
  facet normal 0.9934477790194441 -0.11428696496684791 0
    outer loop
      vertex 1.849042002247218 -5.985472325326921 18.48323017426367
      vertex 1.8288539381705138 -6.160958544822922 18.32026374198715
      vertex 1.8288539381705138 -6.160958544822922 13.070575793269379
    endloop
  endfacet
  facet normal 0.9998661379095618 -0.016361731626486926 0
    outer loop
      vertex 1.8288539381705138 -6.160958544822922 18.32026374198715
      vertex 1.825963742542542 -6.337578526516377 18.151379693594397
      vertex 1.825963742542542 -6.337578526516377 13.982549654590269
    endloop
  endfacet
  facet normal 0.6216605733700815 -0.783286749228647 0
    outer loop
      vertex 2.4381775328198763 -4.925372523975021 8.040072101611141
      vertex 2.576540145637956 -4.815560145172272 18.5
      vertex 2.4381775328198763 -4.925372523975021 18.5
    endloop
  endfacet
  facet normal 0.5418915805747477 -0.8404484010944405 0
    outer loop
      vertex 2.576540145637956 -4.815560145172272 7.850826255468774
      vertex 2.725 -4.719838450625191 18.5
      vertex 2.576540145637956 -4.815560145172272 18.5
    endloop
  endfacet
  facet normal 0.8222682189897741 -0.5691001458788996 0
    outer loop
      vertex 2.196963987475777 -5.182913605221483 18.5
      vertex 2.096436073252158 -5.328162046266518 18.5
      vertex 2.096436073252158 -5.328162046266518 9.27111873787804
    endloop
  endfacet
  facet normal 0.8740903416267586 -0.4857633937163406 0
    outer loop
      vertex 2.096436073252158 -5.328162046266518 18.5
      vertex 2.010629065241161 -5.482564535042977 18.5
      vertex 2.010629065241161 -5.482564535042977 9.898953058850319
    endloop
  endfacet
  facet normal 0.7625272039063891 -0.6469561525348562 0
    outer loop
      vertex 2.3112446691438957 -5.048218033796012 18.5
      vertex 2.196963987475777 -5.182913605221483 18.5
      vertex 2.196963987475777 -5.182913605221483 8.762484490575021
    endloop
  endfacet
  facet normal 0.6954426350096096 -0.7185816177797001 0
    outer loop
      vertex 2.3112446691438957 -5.048218033796012 8.339827713791259
      vertex 2.4381775328198763 -4.925372523975021 18.5
      vertex 2.3112446691438957 -5.048218033796012 18.5
    endloop
  endfacet
  facet normal 0.4569038756304216 -0.8895160754218555 0
    outer loop
      vertex 2.725 -4.719838450625191 18.5
      vertex 2.725 -4.719838450625191 7.79291463545654
      vertex 2.8821273463520893 -4.639129292579064 18.5
    endloop
  endfacet
  facet normal 0.3675159365947052 -0.9300172236840115 3.009550877056462e-17
    outer loop
      vertex 2.8821273463520893 -4.639129292579064 18.5
      vertex 2.9316592124521472 -4.619555730178857 7.894919917381418
      vertex 3.046408962454309 -4.57420994434599 18.5
    endloop
  endfacet
  facet normal 0.27458861818492847 -0.961561797682963 0
    outer loop
      vertex 3.046408962454309 -4.57420994434599 18.5
      vertex 3.046408962454309 -4.57420994434599 8.040761147131635
      vertex 3.2162627265381283 -4.52570561473798 18.5
    endloop
  endfacet
  facet normal 0.1790168612766339 -0.9838460059270773 3.871710799849059e-17
    outer loop
      vertex 3.2162627265381283 -4.52570561473798 18.5
      vertex 3.2797276103103954 -4.514157786901355 8.480951783158453
      vertex 3.3900528540039074 -4.4940834269643215 18.5
    endloop
  endfacet
  facet normal 0.0817210741336707 -0.9966552393091801 0
    outer loop
      vertex 3.3900528540039074 -4.4940834269643215 18.5
      vertex 3.3900528540039074 -4.4940834269643215 8.760578987532698
      vertex 3.566105650920803 -4.479647919979722 18.5
    endloop
  endfacet
  facet normal -0.016361731626486714 -0.9998661379095618 -5.29903126361131e-17
    outer loop
      vertex 3.707805298788734 -4.481966681984034 9.761037136134572
      vertex 3.7427256326142575 -4.482538115607694 18.5
      vertex 3.566105650920803 -4.479647919979722 9.2819238891367
    endloop
  endfacet
  facet normal -0.016361731626499974 -0.9998661379095616 0
    outer loop
      vertex 3.707805298788734 -4.481966681984034 9.761037136134572
      vertex 3.7427256326142575 -4.482538115607694 9.88811793968716
      vertex 3.7427256326142575 -4.482538115607694 18.5
    endloop
  endfacet
  facet normal -0.11428696496684611 -0.9934477790194444 0
    outer loop
      vertex 3.9182118521102596 -4.502726179684398 10.596917500739282
      vertex 3.9182118521102596 -4.502726179684398 18.5
      vertex 3.7427256326142575 -4.482538115607694 9.88811793968716
    endloop
  endfacet
  facet normal -0.21111155235896187 -0.9774619749435725 0
    outer loop
      vertex 4.090874281184537 -4.540017690116857 11.36494150845843
      vertex 4.090874281184537 -4.540017690116857 18.5
      vertex 3.9182118521102596 -4.502726179684398 10.596917500739282
    endloop
  endfacet
  facet normal -0.3059030200965579 -0.952062677713923 4.181372066063658e-17
    outer loop
      vertex 4.25905008625822 -4.594053509273994 12.184793471805653
      vertex 4.241656445670122 -4.58846483605854 18.5
      vertex 4.090874281184537 -4.540017690116857 11.36494150845843
    endloop
  endfacet
  facet normal -0.3977484745270088 -0.9174944964474921 6.183673797386404e-17
    outer loop
      vertex 4.351904158421596 -4.634307228178691 12.67967907094581
      vertex 4.351904158421597 -4.634307228178691 18.392652023898926
      vertex 4.25905008625822 -4.594053509273994 12.184793471805653
    endloop
  endfacet
  facet normal -0.3977484745270105 -0.9174944964474916 6.183673797386431e-17
    outer loop
      vertex 4.351904158421596 -4.634307228178691 12.67967907094581
      vertex 4.421119642394203 -4.664313242678341 13.058731160079848
      vertex 4.351904158421597 -4.634307228178691 18.392652023898926
    endloop
  endfacet
  facet normal -0.3059030200965562 -0.9520626777139235 0
    outer loop
      vertex 4.090874281184537 -4.540017690116857 18.5
      vertex 4.090874281184537 -4.540017690116857 11.36494150845843
      vertex 4.241656445670122 -4.58846483605854 18.5
    endloop
  endfacet
  facet normal -0.01636173162648948 -0.9998661379095616 0
    outer loop
      vertex 3.566105650920803 -4.479647919979722 18.5
      vertex 3.566105650920803 -4.479647919979722 9.2819238891367
      vertex 3.7427256326142575 -4.482538115607694 18.5
    endloop
  endfacet
  facet normal -0.11428696496684611 -0.9934477790194445 0
    outer loop
      vertex 3.7427256326142575 -4.482538115607694 18.5
      vertex 3.7427256326142575 -4.482538115607694 9.88811793968716
      vertex 3.9182118521102596 -4.502726179684398 18.5
    endloop
  endfacet
  facet normal -0.21111155235896187 -0.9774619749435726 0
    outer loop
      vertex 3.9182118521102596 -4.502726179684398 18.5
      vertex 3.9182118521102596 -4.502726179684398 10.596917500739282
      vertex 4.090874281184537 -4.540017690116857 18.5
    endloop
  endfacet
  facet normal -0.4857633937163387 -0.8740903416267597 0
    outer loop
      vertex 4.575522131170662 -4.750120250689338 13.976394297495375
      vertex 4.575522131170662 -4.750120250689338 18.152519574537894
      vertex 4.421119642394203 -4.664313242678341 13.058731160079848
    endloop
  endfacet
  facet normal -0.5691001458788996 -0.8222682189897741 0
    outer loop
      vertex 4.720770572215697 -4.850648164912957 14.91532429108322
      vertex 4.720770572215697 -4.850648164912957 17.9786436497994
      vertex 4.575522131170662 -4.750120250689338 13.976394297495375
    endloop
  endfacet
  facet normal -0.30590302009657167 -0.9520626777139184 0
    outer loop
      vertex 4.241656445670122 -4.58846483605854 18.5
      vertex 4.25905008625822 -4.594053509273994 12.184793471805653
      vertex 4.25905008625822 -4.594053509273994 18.484297505221175
    endloop
  endfacet
  facet normal -0.3977484745270053 -0.9174944964474937 0
    outer loop
      vertex 4.25905008625822 -4.594053509273994 18.484297505221175
      vertex 4.25905008625822 -4.594053509273994 12.184793471805653
      vertex 4.351904158421597 -4.634307228178691 18.392652023898926
    endloop
  endfacet
  facet normal -0.39774847452701445 -0.9174944964474897 0
    outer loop
      vertex 4.351904158421597 -4.634307228178691 18.392652023898926
      vertex 4.421119642394203 -4.664313242678341 13.058731160079848
      vertex 4.421119642394203 -4.664313242678341 18.322457192577804
    endloop
  endfacet
  facet normal -0.48576339371633864 -0.8740903416267596 0
    outer loop
      vertex 4.421119642394203 -4.664313242678341 18.322457192577804
      vertex 4.421119642394203 -4.664313242678341 13.058731160079848
      vertex 4.575522131170662 -4.750120250689338 18.152519574537894
    endloop
  endfacet
  facet normal -0.6469561525348547 -0.7625272039063904 0
    outer loop
      vertex 4.720770572215697 -4.850648164912957 14.91532429108322
      vertex 4.855466143641168 -4.964928846581075 15.866478731733784
      vertex 4.855466143641168 -4.964928846581075 17.802503938567817
    endloop
  endfacet
  facet normal -0.5691001458788996 -0.8222682189897741 0
    outer loop
      vertex 4.575522131170662 -4.750120250689338 18.152519574537894
      vertex 4.575522131170662 -4.750120250689338 13.976394297495375
      vertex 4.720770572215697 -4.850648164912957 17.9786436497994
    endloop
  endfacet
  facet normal -0.6469561525348548 -0.7625272039063904 0
    outer loop
      vertex 4.720770572215697 -4.850648164912957 17.9786436497994
      vertex 4.720770572215697 -4.850648164912957 14.91532429108322
      vertex 4.855466143641168 -4.964928846581075 17.802503938567817
    endloop
  endfacet
  facet normal -0.7185816177796975 -0.6954426350096121 0
    outer loop
      vertex 4.855466143641168 -4.964928846581075 15.866478731733784
      vertex 4.97831165346216 -5.091861710257056 16.820697482229697
      vertex 4.97831165346216 -5.091861710257056 17.625796762550056
    endloop
  endfacet
  facet normal -0.7185816177796975 -0.6954426350096121 0
    outer loop
      vertex 4.855466143641168 -4.964928846581075 15.866478731733784
      vertex 4.97831165346216 -5.091861710257056 17.625796762550056
      vertex 4.855466143641168 -4.964928846581075 17.802503938567817
    endloop
  endfacet
  facet normal -0.7832867492286514 -0.6216605733700763 0
    outer loop
      vertex 5.05699148020443 -5.190997586583796 17.5
      vertex 4.97831165346216 -5.091861710257056 17.625796762550056
      vertex 4.97831165346216 -5.091861710257056 16.820697482229697
    endloop
  endfacet
  facet normal 0.8577286100002721 0.5141027441932219 0
    outer loop
      vertex -1.8961307183489633 -1.013502984175895 14
      vertex -1.7876596664504723 -1.1944760009921447 0
      vertex -1.8961307183489633 -1.013502984175895 0
    endloop
  endfacet
  facet normal 0.9415440651830207 0.33688985339222055 0
    outer loop
      vertex -2.057421721824249 -0.624112056097094 14
      vertex -1.9863409948992663 -0.822769379584943 0
      vertex -2.057421721824249 -0.624112056097094 0
    endloop
  endfacet
  facet normal 0.9700312531945441 0.24298017990326373 0
    outer loop
      vertex -2.1086883528669453 -0.4194441923346757 14
      vertex -2.057421721824249 -0.624112056097094 0
      vertex -2.1086883528669453 -0.4194441923346757 0
    endloop
  endfacet
  facet normal 0.9039892931234437 0.4275550934302813 0
    outer loop
      vertex -1.9863409948992663 -0.822769379584943 14
      vertex -1.8961307183489633 -1.013502984175895 0
      vertex -1.9863409948992663 -0.822769379584943 0
    endloop
  endfacet
  facet normal 0.989176509964781 0.14673047445536153 0
    outer loop
      vertex -2.139647162345223 -0.2107368517085553 14
      vertex -2.1086883528669453 -0.4194441923346757 0
      vertex -2.139647162345223 -0.2107368517085553 0
    endloop
  endfacet
  facet normal 0.9987954562051723 0.04906767432741847 0
    outer loop
      vertex -2.15 0 14
      vertex -2.139647162345223 -0.2107368517085553 0
      vertex -2.15 0 0
    endloop
  endfacet
  facet normal 0.5141027441932219 0.8577286100002721 0
    outer loop
      vertex -1.1944760009921447 -1.7876596664504723 14
      vertex -1.013502984175895 -1.8961307183489633 0
      vertex -1.1944760009921447 -1.7876596664504723 0
    endloop
  endfacet
  facet normal 0.4275550934302813 0.9039892931234437 0
    outer loop
      vertex -1.013502984175895 -1.8961307183489633 14
      vertex -0.822769379584943 -1.9863409948992663 0
      vertex -1.013502984175895 -1.8961307183489633 0
    endloop
  endfacet
  facet normal 0.33688985339222055 0.9415440651830207 0
    outer loop
      vertex -0.822769379584943 -1.9863409948992663 14
      vertex -0.624112056097094 -2.057421721824249 0
      vertex -0.822769379584943 -1.9863409948992663 0
    endloop
  endfacet
  facet normal 0.24298017990326373 0.9700312531945441 0
    outer loop
      vertex -0.624112056097094 -2.057421721824249 14
      vertex -0.4194441923346757 -2.1086883528669453 0
      vertex -0.624112056097094 -2.057421721824249 0
    endloop
  endfacet
  facet normal 0.14673047445536153 0.989176509964781 0
    outer loop
      vertex -0.4194441923346757 -2.1086883528669453 14
      vertex -0.2107368517085553 -2.139647162345223 0
      vertex -0.4194441923346757 -2.1086883528669453 0
    endloop
  endfacet
  facet normal 0.04906767432741847 0.9987954562051723 0
    outer loop
      vertex -0.2107368517085553 -2.139647162345223 14
      vertex 0 -2.15 0
      vertex -0.2107368517085553 -2.139647162345223 0
    endloop
  endfacet
  facet normal 0.7409511253549594 0.6715589548470181 0
    outer loop
      vertex -1.6619724747298845 -1.3639455609518378 14
      vertex -1.5202795795510773 -1.5202795795510773 0
      vertex -1.6619724747298845 -1.3639455609518378 0
    endloop
  endfacet
  facet normal 0.6715589548470181 0.7409511253549594 0
    outer loop
      vertex -1.5202795795510773 -1.5202795795510773 14
      vertex -1.3639455609518378 -1.6619724747298845 0
      vertex -1.5202795795510773 -1.5202795795510773 0
    endloop
  endfacet
  facet normal 0.8032075314806453 0.5956993044924329 0
    outer loop
      vertex -1.7876596664504723 -1.1944760009921447 14
      vertex -1.6619724747298845 -1.3639455609518378 0
      vertex -1.7876596664504723 -1.1944760009921447 0
    endloop
  endfacet
  facet normal 0.5956993044924329 0.8032075314806453 0
    outer loop
      vertex -1.3639455609518378 -1.6619724747298845 14
      vertex -1.1944760009921447 -1.7876596664504723 0
      vertex -1.3639455609518378 -1.6619724747298845 0
    endloop
  endfacet
  facet normal 0.8577286100002721 0.5141027441932219 0
    outer loop
      vertex -1.8961307183489633 -1.013502984175895 14
      vertex -1.7876596664504723 -1.1944760009921447 14
      vertex -1.7876596664504723 -1.1944760009921447 0
    endloop
  endfacet
  facet normal 0.9039892931234437 0.4275550934302813 0
    outer loop
      vertex -1.8961307183489633 -1.013502984175895 14
      vertex -1.8961307183489633 -1.013502984175895 0
      vertex -1.9863409948992663 -0.822769379584943 14
    endloop
  endfacet
  facet normal 0.9415440651830207 0.33688985339222055 0
    outer loop
      vertex -1.9863409948992663 -0.822769379584943 14
      vertex -1.9863409948992663 -0.822769379584943 0
      vertex -2.057421721824249 -0.624112056097094 14
    endloop
  endfacet
  facet normal 0.9700312531945441 0.24298017990326373 0
    outer loop
      vertex -2.057421721824249 -0.624112056097094 14
      vertex -2.057421721824249 -0.624112056097094 0
      vertex -2.1086883528669453 -0.4194441923346757 14
    endloop
  endfacet
  facet normal 0.989176509964781 0.14673047445536153 0
    outer loop
      vertex -2.1086883528669453 -0.4194441923346757 14
      vertex -2.1086883528669453 -0.4194441923346757 0
      vertex -2.139647162345223 -0.2107368517085553 14
    endloop
  endfacet
  facet normal 0.9987954562051723 0.04906767432741847 0
    outer loop
      vertex -2.139647162345223 -0.2107368517085553 14
      vertex -2.139647162345223 -0.2107368517085553 0
      vertex -2.15 0 14
    endloop
  endfacet
  facet normal 0.5141027441932219 0.8577286100002721 0
    outer loop
      vertex -1.1944760009921447 -1.7876596664504723 14
      vertex -1.013502984175895 -1.8961307183489633 14
      vertex -1.013502984175895 -1.8961307183489633 0
    endloop
  endfacet
  facet normal 0.4275550934302813 0.9039892931234437 0
    outer loop
      vertex -1.013502984175895 -1.8961307183489633 14
      vertex -0.822769379584943 -1.9863409948992663 14
      vertex -0.822769379584943 -1.9863409948992663 0
    endloop
  endfacet
  facet normal 0.33688985339222055 0.9415440651830207 0
    outer loop
      vertex -0.624112056097094 -2.057421721824249 14
      vertex -0.624112056097094 -2.057421721824249 0
      vertex -0.822769379584943 -1.9863409948992663 14
    endloop
  endfacet
  facet normal 0.24298017990326373 0.9700312531945441 0
    outer loop
      vertex -0.624112056097094 -2.057421721824249 14
      vertex -0.4194441923346757 -2.1086883528669453 14
      vertex -0.4194441923346757 -2.1086883528669453 0
    endloop
  endfacet
  facet normal 0.14673047445536153 0.989176509964781 0
    outer loop
      vertex -0.4194441923346757 -2.1086883528669453 14
      vertex -0.2107368517085553 -2.139647162345223 14
      vertex -0.2107368517085553 -2.139647162345223 0
    endloop
  endfacet
  facet normal 0.04906767432741847 0.9987954562051723 0
    outer loop
      vertex -0.2107368517085553 -2.139647162345223 14
      vertex 0 -2.15 14
      vertex 0 -2.15 0
    endloop
  endfacet
  facet normal 0.7409511253549594 0.6715589548470181 0
    outer loop
      vertex -1.5202795795510773 -1.5202795795510773 14
      vertex -1.5202795795510773 -1.5202795795510773 0
      vertex -1.6619724747298845 -1.3639455609518378 14
    endloop
  endfacet
  facet normal 0.6715589548470181 0.7409511253549594 0
    outer loop
      vertex -1.5202795795510773 -1.5202795795510773 14
      vertex -1.3639455609518378 -1.6619724747298845 14
      vertex -1.3639455609518378 -1.6619724747298845 0
    endloop
  endfacet
  facet normal 0.8032075314806453 0.5956993044924329 0
    outer loop
      vertex -1.7876596664504723 -1.1944760009921447 14
      vertex -1.6619724747298845 -1.3639455609518378 14
      vertex -1.6619724747298845 -1.3639455609518378 0
    endloop
  endfacet
  facet normal 0.5956993044924329 0.8032075314806453 0
    outer loop
      vertex -1.1944760009921447 -1.7876596664504723 14
      vertex -1.1944760009921447 -1.7876596664504723 0
      vertex -1.3639455609518378 -1.6619724747298845 14
    endloop
  endfacet
  facet normal 0.9987954562051723 -0.04906767432741847 0
    outer loop
      vertex -2.139647162345223 0.2107368517085553 14
      vertex -2.15 0 0
      vertex -2.139647162345223 0.2107368517085553 0
    endloop
  endfacet
  facet normal 0.989176509964781 -0.14673047445536153 0
    outer loop
      vertex -2.1086883528669453 0.4194441923346757 14
      vertex -2.139647162345223 0.2107368517085553 0
      vertex -2.1086883528669453 0.4194441923346757 0
    endloop
  endfacet
  facet normal 0.9700312531945441 -0.24298017990326373 0
    outer loop
      vertex -2.057421721824249 0.624112056097094 14
      vertex -2.1086883528669453 0.4194441923346757 0
      vertex -2.057421721824249 0.624112056097094 0
    endloop
  endfacet
  facet normal 0.9415440651830207 -0.33688985339222055 0
    outer loop
      vertex -1.9863409948992663 0.822769379584943 14
      vertex -2.057421721824249 0.624112056097094 0
      vertex -1.9863409948992663 0.822769379584943 0
    endloop
  endfacet
  facet normal 0.9039892931234437 -0.4275550934302813 0
    outer loop
      vertex -1.8961307183489633 1.013502984175895 14
      vertex -1.9863409948992663 0.822769379584943 0
      vertex -1.8961307183489633 1.013502984175895 0
    endloop
  endfacet
  facet normal 0.8577286100002721 -0.5141027441932219 0
    outer loop
      vertex -1.7876596664504723 1.1944760009921447 14
      vertex -1.8961307183489633 1.013502984175895 0
      vertex -1.7876596664504723 1.1944760009921447 0
    endloop
  endfacet
  facet normal 0.8032075314806453 -0.5956993044924329 0
    outer loop
      vertex -1.6619724747298845 1.3639455609518378 14
      vertex -1.7876596664504723 1.1944760009921447 0
      vertex -1.6619724747298845 1.3639455609518378 0
    endloop
  endfacet
  facet normal 0.7409511253549594 -0.6715589548470181 0
    outer loop
      vertex -1.5202795795510773 1.5202795795510773 14
      vertex -1.6619724747298845 1.3639455609518378 0
      vertex -1.5202795795510773 1.5202795795510773 0
    endloop
  endfacet
  facet normal 0.6715589548470181 -0.7409511253549594 0
    outer loop
      vertex -1.3639455609518378 1.6619724747298845 14
      vertex -1.5202795795510773 1.5202795795510773 0
      vertex -1.3639455609518378 1.6619724747298845 0
    endloop
  endfacet
  facet normal 0.5956993044924329 -0.8032075314806453 0
    outer loop
      vertex -1.1944760009921447 1.7876596664504723 14
      vertex -1.3639455609518378 1.6619724747298845 0
      vertex -1.1944760009921447 1.7876596664504723 0
    endloop
  endfacet
  facet normal 0.5141027441932219 -0.8577286100002721 0
    outer loop
      vertex -1.013502984175895 1.8961307183489633 14
      vertex -1.1944760009921447 1.7876596664504723 0
      vertex -1.013502984175895 1.8961307183489633 0
    endloop
  endfacet
  facet normal 0.4275550934302813 -0.9039892931234437 0
    outer loop
      vertex -0.822769379584943 1.9863409948992663 14
      vertex -1.013502984175895 1.8961307183489633 0
      vertex -0.822769379584943 1.9863409948992663 0
    endloop
  endfacet
  facet normal 0.33688985339222055 -0.9415440651830207 0
    outer loop
      vertex -0.624112056097094 2.057421721824249 14
      vertex -0.822769379584943 1.9863409948992663 0
      vertex -0.624112056097094 2.057421721824249 0
    endloop
  endfacet
  facet normal 0.24298017990326373 -0.9700312531945441 0
    outer loop
      vertex -0.4194441923346757 2.1086883528669453 14
      vertex -0.624112056097094 2.057421721824249 0
      vertex -0.4194441923346757 2.1086883528669453 0
    endloop
  endfacet
  facet normal 0.14673047445536153 -0.989176509964781 0
    outer loop
      vertex -0.2107368517085553 2.139647162345223 14
      vertex -0.4194441923346757 2.1086883528669453 0
      vertex -0.2107368517085553 2.139647162345223 0
    endloop
  endfacet
  facet normal 0.04906767432741847 -0.9987954562051723 0
    outer loop
      vertex 0 2.15 14
      vertex -0.2107368517085553 2.139647162345223 0
      vertex 0 2.15 0
    endloop
  endfacet
  facet normal 0.9987954562051723 -0.04906767432741847 0
    outer loop
      vertex -2.15 0 14
      vertex -2.15 0 0
      vertex -2.139647162345223 0.2107368517085553 14
    endloop
  endfacet
  facet normal 0.989176509964781 -0.14673047445536153 0
    outer loop
      vertex -2.139647162345223 0.2107368517085553 14
      vertex -2.139647162345223 0.2107368517085553 0
      vertex -2.1086883528669453 0.4194441923346757 14
    endloop
  endfacet
  facet normal 0.9700312531945441 -0.24298017990326373 0
    outer loop
      vertex -2.1086883528669453 0.4194441923346757 14
      vertex -2.1086883528669453 0.4194441923346757 0
      vertex -2.057421721824249 0.624112056097094 14
    endloop
  endfacet
  facet normal 0.9415440651830207 -0.33688985339222055 0
    outer loop
      vertex -2.057421721824249 0.624112056097094 14
      vertex -2.057421721824249 0.624112056097094 0
      vertex -1.9863409948992663 0.822769379584943 14
    endloop
  endfacet
  facet normal 0.9039892931234437 -0.4275550934302813 0
    outer loop
      vertex -1.9863409948992663 0.822769379584943 14
      vertex -1.9863409948992663 0.822769379584943 0
      vertex -1.8961307183489633 1.013502984175895 14
    endloop
  endfacet
  facet normal 0.8577286100002721 -0.5141027441932219 0
    outer loop
      vertex -1.8961307183489633 1.013502984175895 14
      vertex -1.8961307183489633 1.013502984175895 0
      vertex -1.7876596664504723 1.1944760009921447 14
    endloop
  endfacet
  facet normal 0.8032075314806453 -0.5956993044924329 0
    outer loop
      vertex -1.7876596664504723 1.1944760009921447 14
      vertex -1.7876596664504723 1.1944760009921447 0
      vertex -1.6619724747298845 1.3639455609518378 14
    endloop
  endfacet
  facet normal 0.7409511253549594 -0.6715589548470181 0
    outer loop
      vertex -1.6619724747298845 1.3639455609518378 14
      vertex -1.6619724747298845 1.3639455609518378 0
      vertex -1.5202795795510773 1.5202795795510773 14
    endloop
  endfacet
  facet normal 0.6715589548470181 -0.7409511253549594 0
    outer loop
      vertex -1.5202795795510773 1.5202795795510773 14
      vertex -1.5202795795510773 1.5202795795510773 0
      vertex -1.3639455609518378 1.6619724747298845 14
    endloop
  endfacet
  facet normal 0.5956993044924329 -0.8032075314806453 0
    outer loop
      vertex -1.3639455609518378 1.6619724747298845 14
      vertex -1.3639455609518378 1.6619724747298845 0
      vertex -1.1944760009921447 1.7876596664504723 14
    endloop
  endfacet
  facet normal 0.5141027441932219 -0.8577286100002721 0
    outer loop
      vertex -1.1944760009921447 1.7876596664504723 14
      vertex -1.1944760009921447 1.7876596664504723 0
      vertex -1.013502984175895 1.8961307183489633 14
    endloop
  endfacet
  facet normal 0.4275550934302813 -0.9039892931234437 0
    outer loop
      vertex -1.013502984175895 1.8961307183489633 14
      vertex -1.013502984175895 1.8961307183489633 0
      vertex -0.822769379584943 1.9863409948992663 14
    endloop
  endfacet
  facet normal 0.33688985339222055 -0.9415440651830207 0
    outer loop
      vertex -0.822769379584943 1.9863409948992663 14
      vertex -0.822769379584943 1.9863409948992663 0
      vertex -0.624112056097094 2.057421721824249 14
    endloop
  endfacet
  facet normal 0.24298017990326373 -0.9700312531945441 0
    outer loop
      vertex -0.624112056097094 2.057421721824249 14
      vertex -0.624112056097094 2.057421721824249 0
      vertex -0.4194441923346757 2.1086883528669453 14
    endloop
  endfacet
  facet normal 0.14673047445536153 -0.989176509964781 0
    outer loop
      vertex -0.4194441923346757 2.1086883528669453 14
      vertex -0.4194441923346757 2.1086883528669453 0
      vertex -0.2107368517085553 2.139647162345223 14
    endloop
  endfacet
  facet normal 0.04906767432741847 -0.9987954562051723 0
    outer loop
      vertex -0.2107368517085553 2.139647162345223 14
      vertex -0.2107368517085553 2.139647162345223 0
      vertex 0 2.15 14
    endloop
  endfacet
  facet normal -0.04906767432741847 0.9987954562051723 0
    outer loop
      vertex 0 -2.15 14
      vertex 0.2107368517085553 -2.139647162345223 0
      vertex 0 -2.15 0
    endloop
  endfacet
  facet normal -0.14673047445536153 0.989176509964781 0
    outer loop
      vertex 0.2107368517085553 -2.139647162345223 14
      vertex 0.4194441923346757 -2.1086883528669453 0
      vertex 0.2107368517085553 -2.139647162345223 0
    endloop
  endfacet
  facet normal -0.24298017990326373 0.9700312531945441 0
    outer loop
      vertex 0.4194441923346757 -2.1086883528669453 14
      vertex 0.624112056097094 -2.057421721824249 0
      vertex 0.4194441923346757 -2.1086883528669453 0
    endloop
  endfacet
  facet normal -0.33688985339222055 0.9415440651830207 0
    outer loop
      vertex 0.624112056097094 -2.057421721824249 14
      vertex 0.822769379584943 -1.9863409948992663 0
      vertex 0.624112056097094 -2.057421721824249 0
    endloop
  endfacet
  facet normal -0.4275550934302813 0.9039892931234437 0
    outer loop
      vertex 0.822769379584943 -1.9863409948992663 14
      vertex 1.013502984175895 -1.8961307183489633 0
      vertex 0.822769379584943 -1.9863409948992663 0
    endloop
  endfacet
  facet normal -0.5141027441932219 0.8577286100002721 0
    outer loop
      vertex 1.013502984175895 -1.8961307183489633 14
      vertex 1.1944760009921447 -1.7876596664504723 0
      vertex 1.013502984175895 -1.8961307183489633 0
    endloop
  endfacet
  facet normal -0.5956993044924329 0.8032075314806453 0
    outer loop
      vertex 1.1944760009921447 -1.7876596664504723 14
      vertex 1.3639455609518378 -1.6619724747298845 0
      vertex 1.1944760009921447 -1.7876596664504723 0
    endloop
  endfacet
  facet normal -0.6715589548470181 0.7409511253549594 0
    outer loop
      vertex 1.3639455609518378 -1.6619724747298845 14
      vertex 1.5202795795510773 -1.5202795795510773 0
      vertex 1.3639455609518378 -1.6619724747298845 0
    endloop
  endfacet
  facet normal -0.7409511253549594 0.6715589548470181 0
    outer loop
      vertex 1.5202795795510773 -1.5202795795510773 14
      vertex 1.6619724747298845 -1.3639455609518378 0
      vertex 1.5202795795510773 -1.5202795795510773 0
    endloop
  endfacet
  facet normal -0.8032075314806453 0.5956993044924329 0
    outer loop
      vertex 1.6619724747298845 -1.3639455609518378 14
      vertex 1.7876596664504723 -1.1944760009921447 0
      vertex 1.6619724747298845 -1.3639455609518378 0
    endloop
  endfacet
  facet normal -0.8577286100002721 0.5141027441932219 0
    outer loop
      vertex 1.7876596664504723 -1.1944760009921447 14
      vertex 1.8961307183489633 -1.013502984175895 0
      vertex 1.7876596664504723 -1.1944760009921447 0
    endloop
  endfacet
  facet normal -0.9039892931234437 0.4275550934302813 0
    outer loop
      vertex 1.8961307183489633 -1.013502984175895 14
      vertex 1.9863409948992663 -0.822769379584943 0
      vertex 1.8961307183489633 -1.013502984175895 0
    endloop
  endfacet
  facet normal -0.9415440651830207 0.33688985339222055 0
    outer loop
      vertex 1.9863409948992663 -0.822769379584943 14
      vertex 2.057421721824249 -0.624112056097094 0
      vertex 1.9863409948992663 -0.822769379584943 0
    endloop
  endfacet
  facet normal -0.9700312531945441 0.24298017990326373 0
    outer loop
      vertex 2.057421721824249 -0.624112056097094 14
      vertex 2.1086883528669453 -0.4194441923346757 0
      vertex 2.057421721824249 -0.624112056097094 0
    endloop
  endfacet
  facet normal -0.989176509964781 0.14673047445536153 0
    outer loop
      vertex 2.1086883528669453 -0.4194441923346757 14
      vertex 2.139647162345223 -0.2107368517085553 0
      vertex 2.1086883528669453 -0.4194441923346757 0
    endloop
  endfacet
  facet normal -0.9987954562051723 0.04906767432741847 0
    outer loop
      vertex 2.139647162345223 -0.2107368517085553 14
      vertex 2.15 0 0
      vertex 2.139647162345223 -0.2107368517085553 0
    endloop
  endfacet
  facet normal -0.04906767432741847 0.9987954562051723 0
    outer loop
      vertex 0 -2.15 14
      vertex 0.2107368517085553 -2.139647162345223 14
      vertex 0.2107368517085553 -2.139647162345223 0
    endloop
  endfacet
  facet normal -0.14673047445536153 0.989176509964781 0
    outer loop
      vertex 0.2107368517085553 -2.139647162345223 14
      vertex 0.4194441923346757 -2.1086883528669453 14
      vertex 0.4194441923346757 -2.1086883528669453 0
    endloop
  endfacet
  facet normal -0.24298017990326373 0.9700312531945441 0
    outer loop
      vertex 0.4194441923346757 -2.1086883528669453 14
      vertex 0.624112056097094 -2.057421721824249 14
      vertex 0.624112056097094 -2.057421721824249 0
    endloop
  endfacet
  facet normal -0.33688985339222055 0.9415440651830207 0
    outer loop
      vertex 0.624112056097094 -2.057421721824249 14
      vertex 0.822769379584943 -1.9863409948992663 14
      vertex 0.822769379584943 -1.9863409948992663 0
    endloop
  endfacet
  facet normal -0.4275550934302813 0.9039892931234437 0
    outer loop
      vertex 0.822769379584943 -1.9863409948992663 14
      vertex 1.013502984175895 -1.8961307183489633 14
      vertex 1.013502984175895 -1.8961307183489633 0
    endloop
  endfacet
  facet normal -0.5141027441932219 0.8577286100002721 0
    outer loop
      vertex 1.013502984175895 -1.8961307183489633 14
      vertex 1.1944760009921447 -1.7876596664504723 14
      vertex 1.1944760009921447 -1.7876596664504723 0
    endloop
  endfacet
  facet normal -0.5956993044924329 0.8032075314806453 0
    outer loop
      vertex 1.1944760009921447 -1.7876596664504723 14
      vertex 1.3639455609518378 -1.6619724747298845 14
      vertex 1.3639455609518378 -1.6619724747298845 0
    endloop
  endfacet
  facet normal -0.6715589548470181 0.7409511253549594 0
    outer loop
      vertex 1.3639455609518378 -1.6619724747298845 14
      vertex 1.5202795795510773 -1.5202795795510773 14
      vertex 1.5202795795510773 -1.5202795795510773 0
    endloop
  endfacet
  facet normal -0.7409511253549594 0.6715589548470181 0
    outer loop
      vertex 1.5202795795510773 -1.5202795795510773 14
      vertex 1.6619724747298845 -1.3639455609518378 14
      vertex 1.6619724747298845 -1.3639455609518378 0
    endloop
  endfacet
  facet normal -0.8032075314806453 0.5956993044924329 0
    outer loop
      vertex 1.6619724747298845 -1.3639455609518378 14
      vertex 1.7876596664504723 -1.1944760009921447 14
      vertex 1.7876596664504723 -1.1944760009921447 0
    endloop
  endfacet
  facet normal -0.8577286100002721 0.5141027441932219 0
    outer loop
      vertex 1.7876596664504723 -1.1944760009921447 14
      vertex 1.8961307183489633 -1.013502984175895 14
      vertex 1.8961307183489633 -1.013502984175895 0
    endloop
  endfacet
  facet normal -0.9039892931234437 0.4275550934302813 0
    outer loop
      vertex 1.8961307183489633 -1.013502984175895 14
      vertex 1.9863409948992663 -0.822769379584943 14
      vertex 1.9863409948992663 -0.822769379584943 0
    endloop
  endfacet
  facet normal -0.9415440651830207 0.33688985339222055 0
    outer loop
      vertex 1.9863409948992663 -0.822769379584943 14
      vertex 2.057421721824249 -0.624112056097094 14
      vertex 2.057421721824249 -0.624112056097094 0
    endloop
  endfacet
  facet normal -0.9700312531945441 0.24298017990326373 0
    outer loop
      vertex 2.057421721824249 -0.624112056097094 14
      vertex 2.1086883528669453 -0.4194441923346757 14
      vertex 2.1086883528669453 -0.4194441923346757 0
    endloop
  endfacet
  facet normal -0.989176509964781 0.14673047445536153 0
    outer loop
      vertex 2.1086883528669453 -0.4194441923346757 14
      vertex 2.139647162345223 -0.2107368517085553 14
      vertex 2.139647162345223 -0.2107368517085553 0
    endloop
  endfacet
  facet normal -0.9987954562051723 0.04906767432741847 0
    outer loop
      vertex 2.139647162345223 -0.2107368517085553 14
      vertex 2.15 0 14
      vertex 2.15 0 0
    endloop
  endfacet
  facet normal -0.5956993044924329 -0.8032075314806453 0
    outer loop
      vertex 1.3639455609518378 1.6619724747298845 14
      vertex 1.1944760009921447 1.7876596664504723 0
      vertex 1.3639455609518378 1.6619724747298845 0
    endloop
  endfacet
  facet normal -0.8032075314806453 -0.5956993044924329 0
    outer loop
      vertex 1.7876596664504723 1.1944760009921447 14
      vertex 1.6619724747298845 1.3639455609518378 0
      vertex 1.7876596664504723 1.1944760009921447 0
    endloop
  endfacet
  facet normal -0.6715589548470181 -0.7409511253549594 0
    outer loop
      vertex 1.5202795795510773 1.5202795795510773 14
      vertex 1.3639455609518378 1.6619724747298845 0
      vertex 1.5202795795510773 1.5202795795510773 0
    endloop
  endfacet
  facet normal -0.7409511253549594 -0.6715589548470181 0
    outer loop
      vertex 1.6619724747298845 1.3639455609518378 14
      vertex 1.5202795795510773 1.5202795795510773 0
      vertex 1.6619724747298845 1.3639455609518378 0
    endloop
  endfacet
  facet normal -0.04906767432741847 -0.9987954562051723 0
    outer loop
      vertex 0.2107368517085553 2.139647162345223 14
      vertex 0 2.15 0
      vertex 0.2107368517085553 2.139647162345223 0
    endloop
  endfacet
  facet normal -0.14673047445536153 -0.989176509964781 0
    outer loop
      vertex 0.4194441923346757 2.1086883528669453 14
      vertex 0.2107368517085553 2.139647162345223 0
      vertex 0.4194441923346757 2.1086883528669453 0
    endloop
  endfacet
  facet normal -0.24298017990326373 -0.9700312531945441 0
    outer loop
      vertex 0.624112056097094 2.057421721824249 14
      vertex 0.4194441923346757 2.1086883528669453 0
      vertex 0.624112056097094 2.057421721824249 0
    endloop
  endfacet
  facet normal -0.33688985339222055 -0.9415440651830207 0
    outer loop
      vertex 0.822769379584943 1.9863409948992663 14
      vertex 0.624112056097094 2.057421721824249 0
      vertex 0.822769379584943 1.9863409948992663 0
    endloop
  endfacet
  facet normal -0.4275550934302813 -0.9039892931234437 0
    outer loop
      vertex 1.013502984175895 1.8961307183489633 14
      vertex 0.822769379584943 1.9863409948992663 0
      vertex 1.013502984175895 1.8961307183489633 0
    endloop
  endfacet
  facet normal -0.5141027441932219 -0.8577286100002721 0
    outer loop
      vertex 1.1944760009921447 1.7876596664504723 14
      vertex 1.013502984175895 1.8961307183489633 0
      vertex 1.1944760009921447 1.7876596664504723 0
    endloop
  endfacet
  facet normal -0.9987954562051723 -0.04906767432741847 0
    outer loop
      vertex 2.15 0 14
      vertex 2.139647162345223 0.2107368517085553 0
      vertex 2.15 0 0
    endloop
  endfacet
  facet normal -0.989176509964781 -0.14673047445536153 0
    outer loop
      vertex 2.139647162345223 0.2107368517085553 14
      vertex 2.1086883528669453 0.4194441923346757 0
      vertex 2.139647162345223 0.2107368517085553 0
    endloop
  endfacet
  facet normal -0.9039892931234437 -0.4275550934302813 0
    outer loop
      vertex 1.9863409948992663 0.822769379584943 14
      vertex 1.8961307183489633 1.013502984175895 0
      vertex 1.9863409948992663 0.822769379584943 0
    endloop
  endfacet
  facet normal -0.9700312531945441 -0.24298017990326373 0
    outer loop
      vertex 2.1086883528669453 0.4194441923346757 14
      vertex 2.057421721824249 0.624112056097094 0
      vertex 2.1086883528669453 0.4194441923346757 0
    endloop
  endfacet
  facet normal -0.9415440651830207 -0.33688985339222055 0
    outer loop
      vertex 2.057421721824249 0.624112056097094 14
      vertex 1.9863409948992663 0.822769379584943 0
      vertex 2.057421721824249 0.624112056097094 0
    endloop
  endfacet
  facet normal -0.8577286100002721 -0.5141027441932219 0
    outer loop
      vertex 1.8961307183489633 1.013502984175895 14
      vertex 1.7876596664504723 1.1944760009921447 0
      vertex 1.8961307183489633 1.013502984175895 0
    endloop
  endfacet
  facet normal -0.5956993044924329 -0.8032075314806453 0
    outer loop
      vertex 1.3639455609518378 1.6619724747298845 14
      vertex 1.1944760009921447 1.7876596664504723 14
      vertex 1.1944760009921447 1.7876596664504723 0
    endloop
  endfacet
  facet normal -0.8032075314806453 -0.5956993044924329 0
    outer loop
      vertex 1.6619724747298845 1.3639455609518378 14
      vertex 1.6619724747298845 1.3639455609518378 0
      vertex 1.7876596664504723 1.1944760009921447 14
    endloop
  endfacet
  facet normal -0.6715589548470181 -0.7409511253549594 0
    outer loop
      vertex 1.3639455609518378 1.6619724747298845 14
      vertex 1.3639455609518378 1.6619724747298845 0
      vertex 1.5202795795510773 1.5202795795510773 14
    endloop
  endfacet
  facet normal -0.7409511253549594 -0.6715589548470181 0
    outer loop
      vertex 1.6619724747298845 1.3639455609518378 14
      vertex 1.5202795795510773 1.5202795795510773 14
      vertex 1.5202795795510773 1.5202795795510773 0
    endloop
  endfacet
  facet normal -0.04906767432741847 -0.9987954562051723 0
    outer loop
      vertex 0 2.15 14
      vertex 0 2.15 0
      vertex 0.2107368517085553 2.139647162345223 14
    endloop
  endfacet
  facet normal -0.14673047445536153 -0.989176509964781 0
    outer loop
      vertex 0.2107368517085553 2.139647162345223 14
      vertex 0.2107368517085553 2.139647162345223 0
      vertex 0.4194441923346757 2.1086883528669453 14
    endloop
  endfacet
  facet normal -0.24298017990326373 -0.9700312531945441 0
    outer loop
      vertex 0.4194441923346757 2.1086883528669453 14
      vertex 0.4194441923346757 2.1086883528669453 0
      vertex 0.624112056097094 2.057421721824249 14
    endloop
  endfacet
  facet normal -0.33688985339222055 -0.9415440651830207 0
    outer loop
      vertex 0.822769379584943 1.9863409948992663 14
      vertex 0.624112056097094 2.057421721824249 14
      vertex 0.624112056097094 2.057421721824249 0
    endloop
  endfacet
  facet normal -0.4275550934302813 -0.9039892931234437 0
    outer loop
      vertex 0.822769379584943 1.9863409948992663 14
      vertex 0.822769379584943 1.9863409948992663 0
      vertex 1.013502984175895 1.8961307183489633 14
    endloop
  endfacet
  facet normal -0.5141027441932219 -0.8577286100002721 0
    outer loop
      vertex 1.013502984175895 1.8961307183489633 14
      vertex 1.013502984175895 1.8961307183489633 0
      vertex 1.1944760009921447 1.7876596664504723 14
    endloop
  endfacet
  facet normal -0.9987954562051723 -0.04906767432741847 0
    outer loop
      vertex 2.15 0 14
      vertex 2.139647162345223 0.2107368517085553 14
      vertex 2.139647162345223 0.2107368517085553 0
    endloop
  endfacet
  facet normal -0.989176509964781 -0.14673047445536153 0
    outer loop
      vertex 2.139647162345223 0.2107368517085553 14
      vertex 2.1086883528669453 0.4194441923346757 14
      vertex 2.1086883528669453 0.4194441923346757 0
    endloop
  endfacet
  facet normal -0.9700312531945441 -0.24298017990326373 0
    outer loop
      vertex 2.1086883528669453 0.4194441923346757 14
      vertex 2.057421721824249 0.624112056097094 14
      vertex 2.057421721824249 0.624112056097094 0
    endloop
  endfacet
  facet normal -0.9415440651830207 -0.33688985339222055 0
    outer loop
      vertex 2.057421721824249 0.624112056097094 14
      vertex 1.9863409948992663 0.822769379584943 14
      vertex 1.9863409948992663 0.822769379584943 0
    endloop
  endfacet
  facet normal -0.9039892931234437 -0.4275550934302813 0
    outer loop
      vertex 1.9863409948992663 0.822769379584943 14
      vertex 1.8961307183489633 1.013502984175895 14
      vertex 1.8961307183489633 1.013502984175895 0
    endloop
  endfacet
  facet normal -0.8577286100002721 -0.5141027441932219 0
    outer loop
      vertex 1.7876596664504723 1.1944760009921447 14
      vertex 1.7876596664504723 1.1944760009921447 0
      vertex 1.8961307183489633 1.013502984175895 14
    endloop
  endfacet
  facet normal 0 1 0
    outer loop
      vertex -2.107328482542134 -3.65 14
      vertex -2.107328482542134 -3.65 18.5
      vertex 2.107328482542134 -3.65 14
    endloop
  endfacet
  facet normal 0 0 1
    outer loop
      vertex -2.107328482542134 -3.65 14
      vertex -1.8961307183489633 -1.013502984175895 14
      vertex -1.9863409948992663 -0.822769379584943 14
    endloop
  endfacet
  facet normal 0 0 1
    outer loop
      vertex -2.107328482542134 -3.65 14
      vertex -1.5202795795510773 -1.5202795795510773 14
      vertex -1.6619724747298845 -1.3639455609518378 14
    endloop
  endfacet
  facet normal 0 0 1
    outer loop
      vertex -2.107328482542134 -3.65 14
      vertex -1.6619724747298845 -1.3639455609518378 14
      vertex -1.7876596664504723 -1.1944760009921447 14
    endloop
  endfacet
  facet normal 0 0 1
    outer loop
      vertex -2.107328482542134 -3.65 14
      vertex -1.7876596664504723 -1.1944760009921447 14
      vertex -1.8961307183489633 -1.013502984175895 14
    endloop
  endfacet
  facet normal 0.8660254037844387 0.5 0
    outer loop
      vertex -2.107328482542134 -3.65 14
      vertex -4.214656965084268 0 18.5
      vertex -2.107328482542134 -3.65 18.5
    endloop
  endfacet
  facet normal 0 0 1
    outer loop
      vertex -2.107328482542134 -3.65 14
      vertex -2.1086883528669453 -0.4194441923346757 14
      vertex -4.214656965084268 0 14
    endloop
  endfacet
  facet normal 0.8660254037844387 0.5 0
    outer loop
      vertex -2.107328482542134 -3.65 14
      vertex -4.214656965084268 0 14
      vertex -4.214656965084268 0 18.5
    endloop
  endfacet
  facet normal 0 0 1
    outer loop
      vertex -2.1086883528669453 -0.4194441923346757 14
      vertex -2.139647162345223 -0.2107368517085553 14
      vertex -4.214656965084268 0 14
    endloop
  endfacet
  facet normal 0 0 1
    outer loop
      vertex -2.139647162345223 -0.2107368517085553 14
      vertex -2.15 0 14
      vertex -4.214656965084268 0 14
    endloop
  endfacet
  facet normal 0 0 1
    outer loop
      vertex -2.107328482542134 -3.65 14
      vertex -1.9863409948992663 -0.822769379584943 14
      vertex -2.057421721824249 -0.624112056097094 14
    endloop
  endfacet
  facet normal 0 0 1
    outer loop
      vertex -2.107328482542134 -3.65 14
      vertex -2.057421721824249 -0.624112056097094 14
      vertex -2.1086883528669453 -0.4194441923346757 14
    endloop
  endfacet
  facet normal 0 0 1
    outer loop
      vertex -2.107328482542134 -3.65 14
      vertex -1.3639455609518378 -1.6619724747298845 14
      vertex -1.5202795795510773 -1.5202795795510773 14
    endloop
  endfacet
  facet normal 0 0 1
    outer loop
      vertex -2.107328482542134 -3.65 14
      vertex -1.1944760009921447 -1.7876596664504723 14
      vertex -1.3639455609518378 -1.6619724747298845 14
    endloop
  endfacet
  facet normal 0 0 1
    outer loop
      vertex -2.107328482542134 -3.65 14
      vertex -1.013502984175895 -1.8961307183489633 14
      vertex -1.1944760009921447 -1.7876596664504723 14
    endloop
  endfacet
  facet normal 0 0 1
    outer loop
      vertex -2.107328482542134 -3.65 14
      vertex -0.822769379584943 -1.9863409948992663 14
      vertex -1.013502984175895 -1.8961307183489633 14
    endloop
  endfacet
  facet normal 0 0 1
    outer loop
      vertex -2.107328482542134 -3.65 14
      vertex -0.624112056097094 -2.057421721824249 14
      vertex -0.822769379584943 -1.9863409948992663 14
    endloop
  endfacet
  facet normal 0 0 1
    outer loop
      vertex -2.107328482542134 -3.65 14
      vertex -0.4194441923346757 -2.1086883528669453 14
      vertex -0.624112056097094 -2.057421721824249 14
    endloop
  endfacet
  facet normal 0 0 1
    outer loop
      vertex -2.107328482542134 -3.65 14
      vertex 2.107328482542134 -3.65 14
      vertex -0.4194441923346757 -2.1086883528669453 14
    endloop
  endfacet
  facet normal 0 0 1
    outer loop
      vertex -4.214656965084268 0 14
      vertex -2.15 0 14
      vertex -2.139647162345223 0.2107368517085553 14
    endloop
  endfacet
  facet normal 0 0 1
    outer loop
      vertex -4.214656965084268 0 14
      vertex -2.139647162345223 0.2107368517085553 14
      vertex -2.1086883528669453 0.4194441923346757 14
    endloop
  endfacet
  facet normal 0 0 1
    outer loop
      vertex -4.214656965084268 0 14
      vertex -2.1086883528669453 0.4194441923346757 14
      vertex -2.057421721824249 0.624112056097094 14
    endloop
  endfacet
  facet normal 0 0 1
    outer loop
      vertex -4.214656965084268 0 14
      vertex -2.057421721824249 0.624112056097094 14
      vertex -2.107328482542134 3.65 14
    endloop
  endfacet
  facet normal 0 0 1
    outer loop
      vertex -2.057421721824249 0.624112056097094 14
      vertex -1.9863409948992663 0.822769379584943 14
      vertex -2.107328482542134 3.65 14
    endloop
  endfacet
  facet normal 0.8660254037844387 -0.5 0
    outer loop
      vertex -4.214656965084268 0 14
      vertex -2.107328482542134 3.65 18.5
      vertex -4.214656965084268 0 18.5
    endloop
  endfacet
  facet normal 0.8660254037844387 -0.5 0
    outer loop
      vertex -4.214656965084268 0 14
      vertex -2.107328482542134 3.65 14
      vertex -2.107328482542134 3.65 18.5
    endloop
  endfacet
  facet normal 0 0 1
    outer loop
      vertex -1.9863409948992663 0.822769379584943 14
      vertex -1.8961307183489633 1.013502984175895 14
      vertex -2.107328482542134 3.65 14
    endloop
  endfacet
  facet normal 0 0 1
    outer loop
      vertex -1.8961307183489633 1.013502984175895 14
      vertex -1.7876596664504723 1.1944760009921447 14
      vertex -2.107328482542134 3.65 14
    endloop
  endfacet
  facet normal 0 0 1
    outer loop
      vertex -1.7876596664504723 1.1944760009921447 14
      vertex -1.6619724747298845 1.3639455609518378 14
      vertex -2.107328482542134 3.65 14
    endloop
  endfacet
  facet normal 0 0 1
    outer loop
      vertex -1.6619724747298845 1.3639455609518378 14
      vertex -1.5202795795510773 1.5202795795510773 14
      vertex -2.107328482542134 3.65 14
    endloop
  endfacet
  facet normal 0 0 1
    outer loop
      vertex -1.5202795795510773 1.5202795795510773 14
      vertex -1.3639455609518378 1.6619724747298845 14
      vertex -2.107328482542134 3.65 14
    endloop
  endfacet
  facet normal 0 0 1
    outer loop
      vertex -1.3639455609518378 1.6619724747298845 14
      vertex -1.1944760009921447 1.7876596664504723 14
      vertex -2.107328482542134 3.65 14
    endloop
  endfacet
  facet normal 0 0 1
    outer loop
      vertex -1.1944760009921447 1.7876596664504723 14
      vertex -1.013502984175895 1.8961307183489633 14
      vertex -2.107328482542134 3.65 14
    endloop
  endfacet
  facet normal 0 0 1
    outer loop
      vertex -1.013502984175895 1.8961307183489633 14
      vertex -0.822769379584943 1.9863409948992663 14
      vertex -2.107328482542134 3.65 14
    endloop
  endfacet
  facet normal 0 0 1
    outer loop
      vertex -0.822769379584943 1.9863409948992663 14
      vertex -0.624112056097094 2.057421721824249 14
      vertex -2.107328482542134 3.65 14
    endloop
  endfacet
  facet normal 0 0 1
    outer loop
      vertex -2.107328482542134 3.65 14
      vertex -0.624112056097094 2.057421721824249 14
      vertex -0.4194441923346757 2.1086883528669453 14
    endloop
  endfacet
  facet normal 0 0 1
    outer loop
      vertex -2.107328482542134 3.65 14
      vertex -0.4194441923346757 2.1086883528669453 14
      vertex -0.2107368517085553 2.139647162345223 14
    endloop
  endfacet
  facet normal 0 0 1
    outer loop
      vertex -2.107328482542134 3.65 14
      vertex -0.2107368517085553 2.139647162345223 14
      vertex 0 2.15 14
    endloop
  endfacet
  facet normal 0 0 1
    outer loop
      vertex -2.107328482542134 3.65 14
      vertex 0 2.15 14
      vertex 0.2107368517085553 2.139647162345223 14
    endloop
  endfacet
  facet normal 0 0 1
    outer loop
      vertex -2.107328482542134 3.65 14
      vertex 0.2107368517085553 2.139647162345223 14
      vertex 0.4194441923346757 2.1086883528669453 14
    endloop
  endfacet
  facet normal 0 -1 0
    outer loop
      vertex -2.107328482542134 3.65 14
      vertex 2.107328482542134 3.65 18.5
      vertex -2.107328482542134 3.65 18.5
    endloop
  endfacet
  facet normal 0 1 0
    outer loop
      vertex 2.107328482542134 -3.65 14
      vertex -2.107328482542134 -3.65 18.5
      vertex 2.107328482542134 -3.65 18.5
    endloop
  endfacet
  facet normal 0 0 1
    outer loop
      vertex -0.4194441923346757 -2.1086883528669453 14
      vertex 2.107328482542134 -3.65 14
      vertex -0.2107368517085553 -2.139647162345223 14
    endloop
  endfacet
  facet normal 0 0 1
    outer loop
      vertex -0.2107368517085553 -2.139647162345223 14
      vertex 2.107328482542134 -3.65 14
      vertex 0 -2.15 14
    endloop
  endfacet
  facet normal 0 0 1
    outer loop
      vertex 0 -2.15 14
      vertex 2.107328482542134 -3.65 14
      vertex 0.2107368517085553 -2.139647162345223 14
    endloop
  endfacet
  facet normal 0 0 1
    outer loop
      vertex 0.2107368517085553 -2.139647162345223 14
      vertex 2.107328482542134 -3.65 14
      vertex 0.4194441923346757 -2.1086883528669453 14
    endloop
  endfacet
  facet normal 0 0 1
    outer loop
      vertex 0.4194441923346757 -2.1086883528669453 14
      vertex 2.107328482542134 -3.65 14
      vertex 0.624112056097094 -2.057421721824249 14
    endloop
  endfacet
  facet normal 0 0 1
    outer loop
      vertex 0.624112056097094 -2.057421721824249 14
      vertex 2.107328482542134 -3.65 14
      vertex 0.822769379584943 -1.9863409948992663 14
    endloop
  endfacet
  facet normal 0 0 1
    outer loop
      vertex 2.107328482542134 -3.65 14
      vertex 1.013502984175895 -1.8961307183489633 14
      vertex 0.822769379584943 -1.9863409948992663 14
    endloop
  endfacet
  facet normal 0 0 1
    outer loop
      vertex 2.107328482542134 -3.65 14
      vertex 1.1944760009921447 -1.7876596664504723 14
      vertex 1.013502984175895 -1.8961307183489633 14
    endloop
  endfacet
  facet normal 0 0 1
    outer loop
      vertex 2.107328482542134 -3.65 14
      vertex 1.3639455609518378 -1.6619724747298845 14
      vertex 1.1944760009921447 -1.7876596664504723 14
    endloop
  endfacet
  facet normal 0 0 1
    outer loop
      vertex 2.107328482542134 -3.65 14
      vertex 1.5202795795510773 -1.5202795795510773 14
      vertex 1.3639455609518378 -1.6619724747298845 14
    endloop
  endfacet
  facet normal 0 0 1
    outer loop
      vertex 2.107328482542134 -3.65 14
      vertex 1.6619724747298845 -1.3639455609518378 14
      vertex 1.5202795795510773 -1.5202795795510773 14
    endloop
  endfacet
  facet normal 0 0 1
    outer loop
      vertex 2.107328482542134 -3.65 14
      vertex 1.7876596664504723 -1.1944760009921447 14
      vertex 1.6619724747298845 -1.3639455609518378 14
    endloop
  endfacet
  facet normal 0 0 1
    outer loop
      vertex 2.107328482542134 -3.65 14
      vertex 1.8961307183489633 -1.013502984175895 14
      vertex 1.7876596664504723 -1.1944760009921447 14
    endloop
  endfacet
  facet normal 0 0 1
    outer loop
      vertex 2.107328482542134 -3.65 14
      vertex 1.9863409948992663 -0.822769379584943 14
      vertex 1.8961307183489633 -1.013502984175895 14
    endloop
  endfacet
  facet normal -0.8660254037844387 0.5 0
    outer loop
      vertex 2.107328482542134 -3.65 14
      vertex 2.107328482542134 -3.65 18.5
      vertex 4.214656965084268 0 14
    endloop
  endfacet
  facet normal 0 0 1
    outer loop
      vertex 2.107328482542134 -3.65 14
      vertex 2.057421721824249 -0.624112056097094 14
      vertex 1.9863409948992663 -0.822769379584943 14
    endloop
  endfacet
  facet normal 0 0 1
    outer loop
      vertex 2.107328482542134 -3.65 14
      vertex 4.214656965084268 0 14
      vertex 2.057421721824249 -0.624112056097094 14
    endloop
  endfacet
  facet normal 0 0 1
    outer loop
      vertex 2.057421721824249 -0.624112056097094 14
      vertex 4.214656965084268 0 14
      vertex 2.1086883528669453 -0.4194441923346757 14
    endloop
  endfacet
  facet normal 0 0 1
    outer loop
      vertex 2.1086883528669453 -0.4194441923346757 14
      vertex 4.214656965084268 0 14
      vertex 2.139647162345223 -0.2107368517085553 14
    endloop
  endfacet
  facet normal 0 0 1
    outer loop
      vertex 2.139647162345223 -0.2107368517085553 14
      vertex 4.214656965084268 0 14
      vertex 2.15 0 14
    endloop
  endfacet
  facet normal -0.8660254037844387 0.5 0
    outer loop
      vertex 4.214656965084268 0 14
      vertex 2.107328482542134 -3.65 18.5
      vertex 4.214656965084268 0 18.5
    endloop
  endfacet
  facet normal 0 0 1
    outer loop
      vertex -2.107328482542134 3.65 14
      vertex 0.4194441923346757 2.1086883528669453 14
      vertex 2.107328482542134 3.65 14
    endloop
  endfacet
  facet normal 0 0 1
    outer loop
      vertex 0.4194441923346757 2.1086883528669453 14
      vertex 0.624112056097094 2.057421721824249 14
      vertex 2.107328482542134 3.65 14
    endloop
  endfacet
  facet normal 0 0 1
    outer loop
      vertex 0.822769379584943 1.9863409948992663 14
      vertex 2.107328482542134 3.65 14
      vertex 0.624112056097094 2.057421721824249 14
    endloop
  endfacet
  facet normal 0 0 1
    outer loop
      vertex 0.822769379584943 1.9863409948992663 14
      vertex 1.013502984175895 1.8961307183489633 14
      vertex 2.107328482542134 3.65 14
    endloop
  endfacet
  facet normal 0 0 1
    outer loop
      vertex 1.013502984175895 1.8961307183489633 14
      vertex 1.1944760009921447 1.7876596664504723 14
      vertex 2.107328482542134 3.65 14
    endloop
  endfacet
  facet normal 0 0 1
    outer loop
      vertex 1.3639455609518378 1.6619724747298845 14
      vertex 2.107328482542134 3.65 14
      vertex 1.1944760009921447 1.7876596664504723 14
    endloop
  endfacet
  facet normal 0 0 1
    outer loop
      vertex 1.3639455609518378 1.6619724747298845 14
      vertex 1.5202795795510773 1.5202795795510773 14
      vertex 2.107328482542134 3.65 14
    endloop
  endfacet
  facet normal 0 0 1
    outer loop
      vertex 2.1086883528669453 0.4194441923346757 14
      vertex 2.107328482542134 3.65 14
      vertex 2.057421721824249 0.624112056097094 14
    endloop
  endfacet
  facet normal 0 0 1
    outer loop
      vertex 2.057421721824249 0.624112056097094 14
      vertex 2.107328482542134 3.65 14
      vertex 1.9863409948992663 0.822769379584943 14
    endloop
  endfacet
  facet normal 0 0 1
    outer loop
      vertex 2.15 0 14
      vertex 4.214656965084268 0 14
      vertex 2.139647162345223 0.2107368517085553 14
    endloop
  endfacet
  facet normal 0 0 1
    outer loop
      vertex 2.139647162345223 0.2107368517085553 14
      vertex 4.214656965084268 0 14
      vertex 2.1086883528669453 0.4194441923346757 14
    endloop
  endfacet
  facet normal 0 0 1
    outer loop
      vertex 2.1086883528669453 0.4194441923346757 14
      vertex 4.214656965084268 0 14
      vertex 2.107328482542134 3.65 14
    endloop
  endfacet
  facet normal -0.8660254037844387 -0.5 0
    outer loop
      vertex 2.107328482542134 3.65 14
      vertex 4.214656965084268 0 14
      vertex 4.214656965084268 0 18.5
    endloop
  endfacet
  facet normal 0 0 1
    outer loop
      vertex 1.7876596664504723 1.1944760009921447 14
      vertex 1.8961307183489633 1.013502984175895 14
      vertex 2.107328482542134 3.65 14
    endloop
  endfacet
  facet normal 0 0 1
    outer loop
      vertex 1.6619724747298845 1.3639455609518378 14
      vertex 1.7876596664504723 1.1944760009921447 14
      vertex 2.107328482542134 3.65 14
    endloop
  endfacet
  facet normal 0 0 1
    outer loop
      vertex 1.6619724747298845 1.3639455609518378 14
      vertex 2.107328482542134 3.65 14
      vertex 1.5202795795510773 1.5202795795510773 14
    endloop
  endfacet
  facet normal 0 0 1
    outer loop
      vertex 1.9863409948992663 0.822769379584943 14
      vertex 2.107328482542134 3.65 14
      vertex 1.8961307183489633 1.013502984175895 14
    endloop
  endfacet
  facet normal -0.8660254037844387 -0.5 0
    outer loop
      vertex 2.107328482542134 3.65 14
      vertex 4.214656965084268 0 18.5
      vertex 2.107328482542134 3.65 18.5
    endloop
  endfacet
  facet normal 0 -1 0
    outer loop
      vertex -2.107328482542134 3.65 14
      vertex 2.107328482542134 3.65 14
      vertex 2.107328482542134 3.65 18.5
    endloop
  endfacet
endsolid OpenSCAD_Model
