solid OpenSCAD_Model
  facet normal 0.6293203910498605 0.7771459614569523 0
    outer loop
      vertex 68.829021438872 38.799496555414564 -2
      vertex 68.97137580848818 38.68422025984384 -3
      vertex 68.829021438872 38.799496555414564 -3
    endloop
  endfacet
  facet normal 0.5446390350150352 0.8386705679454188 0
    outer loop
      vertex 68.97137580848818 38.68422025984384 -2
      vertex 69.125 38.58445554337723 -3
      vertex 68.97137580848818 38.68422025984384 -3
    endloop
  endfacet
  facet normal 0.9335804264972251 0.3583679495452395 0
    outer loop
      vertex 68.33565109648349 39.55922025984384 -2
      vertex 68.40129544912544 39.38821087461735 -3
      vertex 68.33565109648349 39.55922025984384 -3
    endloop
  endfacet
  facet normal 0.9659258262890541 0.258819045102574 0
    outer loop
      vertex 68.28824169871584 39.73615454106892 -2
      vertex 68.33565109648349 39.55922025984384 -3
      vertex 68.28824169871584 39.73615454106892 -3
    endloop
  endfacet
  facet normal 0.9876883405951442 0.15643446504019048 0
    outer loop
      vertex 68.25958668310552 39.91707518928161 -2
      vertex 68.28824169871584 39.73615454106892 -3
      vertex 68.25958668310552 39.91707518928161 -3
    endloop
  endfacet
  facet normal 0.9986295347545728 0.05233595624296129 0
    outer loop
      vertex 68.25 40.1 -2
      vertex 68.25958668310552 39.91707518928161 -3
      vertex 68.25 40.1 -3
    endloop
  endfacet
  facet normal 0.7771459614569901 0.6293203910498136 0
    outer loop
      vertex 68.58422025984385 39.07137580848817 -2
      vertex 68.69949655541456 38.929021438872 -3
      vertex 68.58422025984385 39.07137580848817 -3
    endloop
  endfacet
  facet normal 0.8386705679454303 0.5446390350150174 0
    outer loop
      vertex 68.48445554337724 39.225 -2
      vertex 68.58422025984385 39.07137580848817 -3
      vertex 68.48445554337724 39.225 -3
    endloop
  endfacet
  facet normal 0.8910065241883419 0.45399049973959765 0
    outer loop
      vertex 68.40129544912544 39.38821087461735 -2
      vertex 68.48445554337724 39.225 -3
      vertex 68.40129544912544 39.38821087461735 -3
    endloop
  endfacet
  facet normal 0.7071067811865087 0.7071067811865862 0
    outer loop
      vertex 68.69949655541456 38.929021438872 -2
      vertex 68.829021438872 38.799496555414564 -3
      vertex 68.69949655541456 38.929021438872 -3
    endloop
  endfacet
  facet normal 0.7071067811865087 0.7071067811865862 0
    outer loop
      vertex 68.69949655541456 38.929021438872 -2
      vertex 68.829021438872 38.799496555414564 -2
      vertex 68.829021438872 38.799496555414564 -3
    endloop
  endfacet
  facet normal 0.6293203910498605 0.7771459614569523 0
    outer loop
      vertex 68.829021438872 38.799496555414564 -2
      vertex 68.97137580848818 38.68422025984384 -2
      vertex 68.97137580848818 38.68422025984384 -3
    endloop
  endfacet
  facet normal 0.9335804264972251 0.3583679495452395 0
    outer loop
      vertex 68.40129544912544 39.38821087461735 -2
      vertex 68.40129544912544 39.38821087461735 -3
      vertex 68.33565109648349 39.55922025984384 -2
    endloop
  endfacet
  facet normal 0.9659258262890541 0.258819045102574 0
    outer loop
      vertex 68.33565109648349 39.55922025984384 -2
      vertex 68.33565109648349 39.55922025984384 -3
      vertex 68.28824169871584 39.73615454106892 -2
    endloop
  endfacet
  facet normal 0.9876883405951442 0.15643446504019048 0
    outer loop
      vertex 68.28824169871584 39.73615454106892 -2
      vertex 68.28824169871584 39.73615454106892 -3
      vertex 68.25958668310552 39.91707518928161 -2
    endloop
  endfacet
  facet normal 0.9986295347545728 0.05233595624296129 0
    outer loop
      vertex 68.25958668310552 39.91707518928161 -2
      vertex 68.25958668310552 39.91707518928161 -3
      vertex 68.25 40.1 -2
    endloop
  endfacet
  facet normal 0.8386705679454303 0.5446390350150174 0
    outer loop
      vertex 68.58422025984385 39.07137580848817 -2
      vertex 68.58422025984385 39.07137580848817 -3
      vertex 68.48445554337724 39.225 -2
    endloop
  endfacet
  facet normal 0.7771459614569901 0.6293203910498136 0
    outer loop
      vertex 68.58422025984385 39.07137580848817 -2
      vertex 68.69949655541456 38.929021438872 -2
      vertex 68.69949655541456 38.929021438872 -3
    endloop
  endfacet
  facet normal 0.8910065241883419 0.45399049973959765 0
    outer loop
      vertex 68.40129544912544 39.38821087461735 -2
      vertex 68.48445554337724 39.225 -2
      vertex 68.48445554337724 39.225 -3
    endloop
  endfacet
  facet normal 0.35836794954529416 0.9335804264972042 0
    outer loop
      vertex 69.28821087461735 38.50129544912545 -2
      vertex 69.45922025984385 38.43565109648348 -3
      vertex 69.28821087461735 38.50129544912545 -3
    endloop
  endfacet
  facet normal 0.45399049973953615 0.8910065241883734 0
    outer loop
      vertex 69.125 38.58445554337723 -2
      vertex 69.28821087461735 38.50129544912545 -3
      vertex 69.125 38.58445554337723 -3
    endloop
  endfacet
  facet normal 0.2588190451025113 0.9659258262890709 0
    outer loop
      vertex 69.45922025984385 38.43565109648348 -2
      vertex 69.63615454106892 38.388241698715845 -3
      vertex 69.45922025984385 38.43565109648348 -3
    endloop
  endfacet
  facet normal 0.15643446504022834 0.9876883405951382 0
    outer loop
      vertex 69.63615454106892 38.388241698715845 -2
      vertex 69.81707518928161 38.359586683105526 -3
      vertex 69.63615454106892 38.388241698715845 -3
    endloop
  endfacet
  facet normal 0.05233595624296129 0.9986295347545728 0
    outer loop
      vertex 69.81707518928161 38.359586683105526 -2
      vertex 70 38.35 -3
      vertex 69.81707518928161 38.359586683105526 -3
    endloop
  endfacet
  facet normal -0.05233595624296129 0.9986295347545728 0
    outer loop
      vertex 70 38.35 -2
      vertex 70.18292481071839 38.359586683105526 -3
      vertex 70 38.35 -3
    endloop
  endfacet
  facet normal -0.15643446504022834 0.9876883405951382 0
    outer loop
      vertex 70.18292481071839 38.359586683105526 -2
      vertex 70.36384545893108 38.388241698715845 -3
      vertex 70.18292481071839 38.359586683105526 -3
    endloop
  endfacet
  facet normal -0.2588190451025113 0.9659258262890709 0
    outer loop
      vertex 70.36384545893108 38.388241698715845 -2
      vertex 70.54077974015615 38.43565109648348 -3
      vertex 70.36384545893108 38.388241698715845 -3
    endloop
  endfacet
  facet normal -0.35836794954529416 0.9335804264972042 0
    outer loop
      vertex 70.54077974015615 38.43565109648348 -2
      vertex 70.71178912538265 38.50129544912545 -3
      vertex 70.54077974015615 38.43565109648348 -3
    endloop
  endfacet
  facet normal -0.45399049973953615 0.8910065241883734 0
    outer loop
      vertex 70.71178912538265 38.50129544912545 -2
      vertex 70.875 38.58445554337723 -3
      vertex 70.71178912538265 38.50129544912545 -3
    endloop
  endfacet
  facet normal -0.5446390350150352 0.8386705679454188 0
    outer loop
      vertex 70.875 38.58445554337723 -2
      vertex 71.02862419151182 38.68422025984384 -3
      vertex 70.875 38.58445554337723 -3
    endloop
  endfacet
  facet normal -0.6293203910498605 0.7771459614569523 0
    outer loop
      vertex 71.02862419151182 38.68422025984384 -2
      vertex 71.170978561128 38.799496555414564 -3
      vertex 71.02862419151182 38.68422025984384 -3
    endloop
  endfacet
  facet normal -0.7071067811865087 0.7071067811865862 0
    outer loop
      vertex 71.170978561128 38.799496555414564 -2
      vertex 71.30050344458544 38.929021438872 -3
      vertex 71.170978561128 38.799496555414564 -3
    endloop
  endfacet
  facet normal -0.7771459614569901 0.6293203910498136 0
    outer loop
      vertex 71.30050344458544 38.929021438872 -2
      vertex 71.41577974015615 39.07137580848817 -3
      vertex 71.30050344458544 38.929021438872 -3
    endloop
  endfacet
  facet normal -0.8386705679454303 0.5446390350150174 0
    outer loop
      vertex 71.41577974015615 39.07137580848817 -2
      vertex 71.51554445662276 39.225 -3
      vertex 71.41577974015615 39.07137580848817 -3
    endloop
  endfacet
  facet normal -0.8910065241883419 0.45399049973959765 0
    outer loop
      vertex 71.51554445662276 39.225 -2
      vertex 71.59870455087456 39.38821087461735 -3
      vertex 71.51554445662276 39.225 -3
    endloop
  endfacet
  facet normal -0.9335804264972251 0.3583679495452395 0
    outer loop
      vertex 71.59870455087456 39.38821087461735 -2
      vertex 71.66434890351651 39.55922025984384 -3
      vertex 71.59870455087456 39.38821087461735 -3
    endloop
  endfacet
  facet normal -0.9659258262890541 0.258819045102574 0
    outer loop
      vertex 71.66434890351651 39.55922025984384 -2
      vertex 71.71175830128416 39.73615454106892 -3
      vertex 71.66434890351651 39.55922025984384 -3
    endloop
  endfacet
  facet normal 0.45399049973953615 0.8910065241883734 0
    outer loop
      vertex 69.125 38.58445554337723 -2
      vertex 69.28821087461735 38.50129544912545 -2
      vertex 69.28821087461735 38.50129544912545 -3
    endloop
  endfacet
  facet normal 0.5446390350150352 0.8386705679454188 0
    outer loop
      vertex 68.97137580848818 38.68422025984384 -2
      vertex 69.125 38.58445554337723 -2
      vertex 69.125 38.58445554337723 -3
    endloop
  endfacet
  facet normal 0.35836794954529416 0.9335804264972042 0
    outer loop
      vertex 69.28821087461735 38.50129544912545 -2
      vertex 69.45922025984385 38.43565109648348 -2
      vertex 69.45922025984385 38.43565109648348 -3
    endloop
  endfacet
  facet normal 0.2588190451025113 0.9659258262890709 0
    outer loop
      vertex 69.45922025984385 38.43565109648348 -2
      vertex 69.63615454106892 38.388241698715845 -2
      vertex 69.63615454106892 38.388241698715845 -3
    endloop
  endfacet
  facet normal 0.15643446504022834 0.9876883405951382 0
    outer loop
      vertex 69.63615454106892 38.388241698715845 -2
      vertex 69.81707518928161 38.359586683105526 -2
      vertex 69.81707518928161 38.359586683105526 -3
    endloop
  endfacet
  facet normal 0.05233595624296129 0.9986295347545728 0
    outer loop
      vertex 69.81707518928161 38.359586683105526 -2
      vertex 70 38.35 -2
      vertex 70 38.35 -3
    endloop
  endfacet
  facet normal -0.05233595624296129 0.9986295347545728 0
    outer loop
      vertex 70 38.35 -2
      vertex 70.18292481071839 38.359586683105526 -2
      vertex 70.18292481071839 38.359586683105526 -3
    endloop
  endfacet
  facet normal -0.15643446504022834 0.9876883405951382 0
    outer loop
      vertex 70.18292481071839 38.359586683105526 -2
      vertex 70.36384545893108 38.388241698715845 -2
      vertex 70.36384545893108 38.388241698715845 -3
    endloop
  endfacet
  facet normal -0.2588190451025113 0.9659258262890709 0
    outer loop
      vertex 70.36384545893108 38.388241698715845 -2
      vertex 70.54077974015615 38.43565109648348 -2
      vertex 70.54077974015615 38.43565109648348 -3
    endloop
  endfacet
  facet normal -0.35836794954529416 0.9335804264972042 0
    outer loop
      vertex 70.54077974015615 38.43565109648348 -2
      vertex 70.71178912538265 38.50129544912545 -2
      vertex 70.71178912538265 38.50129544912545 -3
    endloop
  endfacet
  facet normal -0.45399049973953615 0.8910065241883734 0
    outer loop
      vertex 70.71178912538265 38.50129544912545 -2
      vertex 70.875 38.58445554337723 -2
      vertex 70.875 38.58445554337723 -3
    endloop
  endfacet
  facet normal -0.5446390350150352 0.8386705679454188 0
    outer loop
      vertex 70.875 38.58445554337723 -2
      vertex 71.02862419151182 38.68422025984384 -2
      vertex 71.02862419151182 38.68422025984384 -3
    endloop
  endfacet
  facet normal -0.6293203910498605 0.7771459614569523 0
    outer loop
      vertex 71.02862419151182 38.68422025984384 -2
      vertex 71.170978561128 38.799496555414564 -2
      vertex 71.170978561128 38.799496555414564 -3
    endloop
  endfacet
  facet normal -0.7071067811865087 0.7071067811865862 0
    outer loop
      vertex 71.170978561128 38.799496555414564 -2
      vertex 71.30050344458544 38.929021438872 -2
      vertex 71.30050344458544 38.929021438872 -3
    endloop
  endfacet
  facet normal -0.7771459614569901 0.6293203910498136 0
    outer loop
      vertex 71.30050344458544 38.929021438872 -2
      vertex 71.41577974015615 39.07137580848817 -2
      vertex 71.41577974015615 39.07137580848817 -3
    endloop
  endfacet
  facet normal -0.8386705679454303 0.5446390350150174 0
    outer loop
      vertex 71.41577974015615 39.07137580848817 -2
      vertex 71.51554445662276 39.225 -2
      vertex 71.51554445662276 39.225 -3
    endloop
  endfacet
  facet normal -0.8910065241883419 0.45399049973959765 0
    outer loop
      vertex 71.51554445662276 39.225 -2
      vertex 71.59870455087456 39.38821087461735 -2
      vertex 71.59870455087456 39.38821087461735 -3
    endloop
  endfacet
  facet normal -0.9335804264972251 0.3583679495452395 0
    outer loop
      vertex 71.59870455087456 39.38821087461735 -2
      vertex 71.66434890351651 39.55922025984384 -2
      vertex 71.66434890351651 39.55922025984384 -3
    endloop
  endfacet
  facet normal -0.9659258262890541 0.258819045102574 0
    outer loop
      vertex 71.66434890351651 39.55922025984384 -2
      vertex 71.71175830128416 39.73615454106892 -2
      vertex 71.71175830128416 39.73615454106892 -3
    endloop
  endfacet
  facet normal -0.9876883405951442 0.15643446504019048 0
    outer loop
      vertex 71.71175830128416 39.73615454106892 -2
      vertex 71.74041331689448 39.91707518928161 -3
      vertex 71.71175830128416 39.73615454106892 -3
    endloop
  endfacet
  facet normal -0.9986295347545728 0.05233595624296129 0
    outer loop
      vertex 71.74041331689448 39.91707518928161 -2
      vertex 71.75 40.1 -3
      vertex 71.74041331689448 39.91707518928161 -3
    endloop
  endfacet
  facet normal -0.9876883405951442 0.15643446504019048 0
    outer loop
      vertex 71.71175830128416 39.73615454106892 -2
      vertex 71.74041331689448 39.91707518928161 -2
      vertex 71.74041331689448 39.91707518928161 -3
    endloop
  endfacet
  facet normal -0.9986295347545728 0.05233595624296129 0
    outer loop
      vertex 71.74041331689448 39.91707518928161 -2
      vertex 71.75 40.1 -2
      vertex 71.75 40.1 -3
    endloop
  endfacet
  facet normal 0.9986295347545728 -0.05233595624296129 0
    outer loop
      vertex 68.25958668310552 40.28292481071839 -2
      vertex 68.25 40.1 -3
      vertex 68.25958668310552 40.28292481071839 -3
    endloop
  endfacet
  facet normal 0.9876883405951442 -0.15643446504019048 0
    outer loop
      vertex 68.28824169871584 40.46384545893108 -2
      vertex 68.25958668310552 40.28292481071839 -3
      vertex 68.28824169871584 40.46384545893108 -3
    endloop
  endfacet
  facet normal 0.9659258262890541 -0.258819045102574 0
    outer loop
      vertex 68.33565109648349 40.64077974015616 -2
      vertex 68.28824169871584 40.46384545893108 -3
      vertex 68.33565109648349 40.64077974015616 -3
    endloop
  endfacet
  facet normal 0.9335804264972251 -0.3583679495452395 0
    outer loop
      vertex 68.40129544912544 40.81178912538265 -2
      vertex 68.33565109648349 40.64077974015616 -3
      vertex 68.40129544912544 40.81178912538265 -3
    endloop
  endfacet
  facet normal 0.8910065241883419 -0.45399049973959765 0
    outer loop
      vertex 68.48445554337724 40.975 -2
      vertex 68.40129544912544 40.81178912538265 -3
      vertex 68.48445554337724 40.975 -3
    endloop
  endfacet
  facet normal 0.8386705679454303 -0.5446390350150174 0
    outer loop
      vertex 68.58422025984385 41.12862419151183 -2
      vertex 68.48445554337724 40.975 -3
      vertex 68.58422025984385 41.12862419151183 -3
    endloop
  endfacet
  facet normal 0.7771459614569901 -0.6293203910498136 0
    outer loop
      vertex 68.69949655541456 41.270978561128004 -2
      vertex 68.58422025984385 41.12862419151183 -3
      vertex 68.69949655541456 41.270978561128004 -3
    endloop
  endfacet
  facet normal 0.7071067811865087 -0.7071067811865862 0
    outer loop
      vertex 68.829021438872 41.40050344458544 -2
      vertex 68.69949655541456 41.270978561128004 -3
      vertex 68.829021438872 41.40050344458544 -3
    endloop
  endfacet
  facet normal 0.6293203910498605 -0.7771459614569523 0
    outer loop
      vertex 68.97137580848818 41.51577974015616 -2
      vertex 68.829021438872 41.40050344458544 -3
      vertex 68.97137580848818 41.51577974015616 -3
    endloop
  endfacet
  facet normal 0.9986295347545728 -0.05233595624296129 0
    outer loop
      vertex 68.25 40.1 -2
      vertex 68.25 40.1 -3
      vertex 68.25958668310552 40.28292481071839 -2
    endloop
  endfacet
  facet normal 0.9876883405951442 -0.15643446504019048 0
    outer loop
      vertex 68.25958668310552 40.28292481071839 -2
      vertex 68.25958668310552 40.28292481071839 -3
      vertex 68.28824169871584 40.46384545893108 -2
    endloop
  endfacet
  facet normal 0.9659258262890541 -0.258819045102574 0
    outer loop
      vertex 68.28824169871584 40.46384545893108 -2
      vertex 68.28824169871584 40.46384545893108 -3
      vertex 68.33565109648349 40.64077974015616 -2
    endloop
  endfacet
  facet normal 0.9335804264972251 -0.3583679495452395 0
    outer loop
      vertex 68.33565109648349 40.64077974015616 -2
      vertex 68.33565109648349 40.64077974015616 -3
      vertex 68.40129544912544 40.81178912538265 -2
    endloop
  endfacet
  facet normal 0.8910065241883419 -0.45399049973959765 0
    outer loop
      vertex 68.40129544912544 40.81178912538265 -2
      vertex 68.40129544912544 40.81178912538265 -3
      vertex 68.48445554337724 40.975 -2
    endloop
  endfacet
  facet normal 0.8386705679454303 -0.5446390350150174 0
    outer loop
      vertex 68.48445554337724 40.975 -2
      vertex 68.48445554337724 40.975 -3
      vertex 68.58422025984385 41.12862419151183 -2
    endloop
  endfacet
  facet normal 0.7771459614569901 -0.6293203910498136 0
    outer loop
      vertex 68.58422025984385 41.12862419151183 -2
      vertex 68.58422025984385 41.12862419151183 -3
      vertex 68.69949655541456 41.270978561128004 -2
    endloop
  endfacet
  facet normal 0.7071067811865087 -0.7071067811865862 0
    outer loop
      vertex 68.69949655541456 41.270978561128004 -2
      vertex 68.69949655541456 41.270978561128004 -3
      vertex 68.829021438872 41.40050344458544 -2
    endloop
  endfacet
  facet normal 0.6293203910498605 -0.7771459614569523 0
    outer loop
      vertex 68.829021438872 41.40050344458544 -2
      vertex 68.829021438872 41.40050344458544 -3
      vertex 68.97137580848818 41.51577974015616 -2
    endloop
  endfacet
  facet normal 0.5446390350150352 -0.8386705679454188 0
    outer loop
      vertex 68.97137580848818 41.51577974015616 -2
      vertex 68.97137580848818 41.51577974015616 -3
      vertex 69.125 41.61554445662277 -2
    endloop
  endfacet
  facet normal 0.5446390350150352 -0.8386705679454188 0
    outer loop
      vertex 69.125 41.61554445662277 -2
      vertex 68.97137580848818 41.51577974015616 -3
      vertex 69.125 41.61554445662277 -3
    endloop
  endfacet
  facet normal 0.45399049973953615 -0.8910065241883734 0
    outer loop
      vertex 69.28821087461735 41.69870455087455 -2
      vertex 69.125 41.61554445662277 -3
      vertex 69.28821087461735 41.69870455087455 -3
    endloop
  endfacet
  facet normal 0.35836794954529416 -0.9335804264972042 0
    outer loop
      vertex 69.45922025984385 41.76434890351652 -2
      vertex 69.28821087461735 41.69870455087455 -3
      vertex 69.45922025984385 41.76434890351652 -3
    endloop
  endfacet
  facet normal 0.2588190451025113 -0.9659258262890709 0
    outer loop
      vertex 69.63615454106892 41.81175830128416 -2
      vertex 69.45922025984385 41.76434890351652 -3
      vertex 69.63615454106892 41.81175830128416 -3
    endloop
  endfacet
  facet normal 0.15643446504022834 -0.9876883405951382 0
    outer loop
      vertex 69.81707518928161 41.84041331689448 -2
      vertex 69.63615454106892 41.81175830128416 -3
      vertex 69.81707518928161 41.84041331689448 -3
    endloop
  endfacet
  facet normal 0.05233595624296129 -0.9986295347545728 0
    outer loop
      vertex 70 41.85 -2
      vertex 69.81707518928161 41.84041331689448 -3
      vertex 70 41.85 -3
    endloop
  endfacet
  facet normal -0.05233595624296129 -0.9986295347545728 0
    outer loop
      vertex 70.18292481071839 41.84041331689448 -2
      vertex 70 41.85 -3
      vertex 70.18292481071839 41.84041331689448 -3
    endloop
  endfacet
  facet normal -0.15643446504022834 -0.9876883405951382 0
    outer loop
      vertex 70.36384545893108 41.81175830128416 -2
      vertex 70.18292481071839 41.84041331689448 -3
      vertex 70.36384545893108 41.81175830128416 -3
    endloop
  endfacet
  facet normal -0.9659258262890541 -0.258819045102574 0
    outer loop
      vertex 71.71175830128416 40.46384545893108 -2
      vertex 71.66434890351651 40.64077974015616 -3
      vertex 71.71175830128416 40.46384545893108 -3
    endloop
  endfacet
  facet normal -0.9335804264972251 -0.3583679495452395 0
    outer loop
      vertex 71.66434890351651 40.64077974015616 -2
      vertex 71.59870455087456 40.81178912538265 -3
      vertex 71.66434890351651 40.64077974015616 -3
    endloop
  endfacet
  facet normal -0.7771459614569901 -0.6293203910498136 0
    outer loop
      vertex 71.41577974015615 41.12862419151183 -2
      vertex 71.30050344458544 41.270978561128004 -3
      vertex 71.41577974015615 41.12862419151183 -3
    endloop
  endfacet
  facet normal -0.7071067811865087 -0.7071067811865862 0
    outer loop
      vertex 71.30050344458544 41.270978561128004 -2
      vertex 71.170978561128 41.40050344458544 -3
      vertex 71.30050344458544 41.270978561128004 -3
    endloop
  endfacet
  facet normal -0.8386705679454303 -0.5446390350150174 0
    outer loop
      vertex 71.51554445662276 40.975 -2
      vertex 71.41577974015615 41.12862419151183 -3
      vertex 71.51554445662276 40.975 -3
    endloop
  endfacet
  facet normal -0.8910065241883419 -0.45399049973959765 0
    outer loop
      vertex 71.59870455087456 40.81178912538265 -2
      vertex 71.51554445662276 40.975 -3
      vertex 71.59870455087456 40.81178912538265 -3
    endloop
  endfacet
  facet normal -0.2588190451025113 -0.9659258262890709 0
    outer loop
      vertex 70.54077974015615 41.76434890351652 -2
      vertex 70.36384545893108 41.81175830128416 -3
      vertex 70.54077974015615 41.76434890351652 -3
    endloop
  endfacet
  facet normal -0.35836794954529416 -0.9335804264972042 0
    outer loop
      vertex 70.71178912538265 41.69870455087455 -2
      vertex 70.54077974015615 41.76434890351652 -3
      vertex 70.71178912538265 41.69870455087455 -3
    endloop
  endfacet
  facet normal -0.45399049973953615 -0.8910065241883734 0
    outer loop
      vertex 70.875 41.61554445662277 -2
      vertex 70.71178912538265 41.69870455087455 -3
      vertex 70.875 41.61554445662277 -3
    endloop
  endfacet
  facet normal -0.5446390350150352 -0.8386705679454188 0
    outer loop
      vertex 71.02862419151182 41.51577974015616 -2
      vertex 70.875 41.61554445662277 -3
      vertex 71.02862419151182 41.51577974015616 -3
    endloop
  endfacet
  facet normal -0.6293203910498605 -0.7771459614569523 0
    outer loop
      vertex 71.170978561128 41.40050344458544 -2
      vertex 71.02862419151182 41.51577974015616 -3
      vertex 71.170978561128 41.40050344458544 -3
    endloop
  endfacet
  facet normal 0.45399049973953615 -0.8910065241883734 0
    outer loop
      vertex 69.125 41.61554445662277 -2
      vertex 69.125 41.61554445662277 -3
      vertex 69.28821087461735 41.69870455087455 -2
    endloop
  endfacet
  facet normal 0.35836794954529416 -0.9335804264972042 0
    outer loop
      vertex 69.28821087461735 41.69870455087455 -2
      vertex 69.28821087461735 41.69870455087455 -3
      vertex 69.45922025984385 41.76434890351652 -2
    endloop
  endfacet
  facet normal 0.2588190451025113 -0.9659258262890709 0
    outer loop
      vertex 69.45922025984385 41.76434890351652 -2
      vertex 69.45922025984385 41.76434890351652 -3
      vertex 69.63615454106892 41.81175830128416 -2
    endloop
  endfacet
  facet normal 0.15643446504022834 -0.9876883405951382 0
    outer loop
      vertex 69.63615454106892 41.81175830128416 -2
      vertex 69.63615454106892 41.81175830128416 -3
      vertex 69.81707518928161 41.84041331689448 -2
    endloop
  endfacet
  facet normal 0.05233595624296129 -0.9986295347545728 0
    outer loop
      vertex 69.81707518928161 41.84041331689448 -2
      vertex 69.81707518928161 41.84041331689448 -3
      vertex 70 41.85 -2
    endloop
  endfacet
  facet normal -0.05233595624296129 -0.9986295347545728 0
    outer loop
      vertex 70 41.85 -2
      vertex 70 41.85 -3
      vertex 70.18292481071839 41.84041331689448 -2
    endloop
  endfacet
  facet normal -0.15643446504022834 -0.9876883405951382 0
    outer loop
      vertex 70.18292481071839 41.84041331689448 -2
      vertex 70.18292481071839 41.84041331689448 -3
      vertex 70.36384545893108 41.81175830128416 -2
    endloop
  endfacet
  facet normal -0.9659258262890541 -0.258819045102574 0
    outer loop
      vertex 71.71175830128416 40.46384545893108 -2
      vertex 71.66434890351651 40.64077974015616 -2
      vertex 71.66434890351651 40.64077974015616 -3
    endloop
  endfacet
  facet normal -0.7771459614569901 -0.6293203910498136 0
    outer loop
      vertex 71.30050344458544 41.270978561128004 -2
      vertex 71.30050344458544 41.270978561128004 -3
      vertex 71.41577974015615 41.12862419151183 -2
    endloop
  endfacet
  facet normal -0.8910065241883419 -0.45399049973959765 0
    outer loop
      vertex 71.51554445662276 40.975 -2
      vertex 71.51554445662276 40.975 -3
      vertex 71.59870455087456 40.81178912538265 -2
    endloop
  endfacet
  facet normal -0.9335804264972251 -0.3583679495452395 0
    outer loop
      vertex 71.66434890351651 40.64077974015616 -2
      vertex 71.59870455087456 40.81178912538265 -2
      vertex 71.59870455087456 40.81178912538265 -3
    endloop
  endfacet
  facet normal -0.8386705679454303 -0.5446390350150174 0
    outer loop
      vertex 71.51554445662276 40.975 -2
      vertex 71.41577974015615 41.12862419151183 -2
      vertex 71.41577974015615 41.12862419151183 -3
    endloop
  endfacet
  facet normal -0.2588190451025113 -0.9659258262890709 0
    outer loop
      vertex 70.36384545893108 41.81175830128416 -2
      vertex 70.36384545893108 41.81175830128416 -3
      vertex 70.54077974015615 41.76434890351652 -2
    endloop
  endfacet
  facet normal -0.35836794954529416 -0.9335804264972042 0
    outer loop
      vertex 70.54077974015615 41.76434890351652 -2
      vertex 70.54077974015615 41.76434890351652 -3
      vertex 70.71178912538265 41.69870455087455 -2
    endloop
  endfacet
  facet normal -0.5446390350150352 -0.8386705679454188 0
    outer loop
      vertex 70.875 41.61554445662277 -2
      vertex 70.875 41.61554445662277 -3
      vertex 71.02862419151182 41.51577974015616 -2
    endloop
  endfacet
  facet normal -0.45399049973953615 -0.8910065241883734 0
    outer loop
      vertex 70.71178912538265 41.69870455087455 -2
      vertex 70.71178912538265 41.69870455087455 -3
      vertex 70.875 41.61554445662277 -2
    endloop
  endfacet
  facet normal -0.6293203910498605 -0.7771459614569523 0
    outer loop
      vertex 71.170978561128 41.40050344458544 -2
      vertex 71.02862419151182 41.51577974015616 -2
      vertex 71.02862419151182 41.51577974015616 -3
    endloop
  endfacet
  facet normal -0.7071067811865087 -0.7071067811865862 0
    outer loop
      vertex 71.170978561128 41.40050344458544 -2
      vertex 71.170978561128 41.40050344458544 -3
      vertex 71.30050344458544 41.270978561128004 -2
    endloop
  endfacet
  facet normal -0.9986295347545728 -0.05233595624296129 0
    outer loop
      vertex 71.75 40.1 -2
      vertex 71.74041331689448 40.28292481071839 -3
      vertex 71.75 40.1 -3
    endloop
  endfacet
  facet normal -0.9876883405951442 -0.15643446504019048 0
    outer loop
      vertex 71.74041331689448 40.28292481071839 -2
      vertex 71.71175830128416 40.46384545893108 -3
      vertex 71.74041331689448 40.28292481071839 -3
    endloop
  endfacet
  facet normal -0.9986295347545728 -0.05233595624296129 0
    outer loop
      vertex 71.75 40.1 -2
      vertex 71.74041331689448 40.28292481071839 -2
      vertex 71.74041331689448 40.28292481071839 -3
    endloop
  endfacet
  facet normal -0.9876883405951442 -0.15643446504019048 0
    outer loop
      vertex 71.74041331689448 40.28292481071839 -2
      vertex 71.71175830128416 40.46384545893108 -2
      vertex 71.71175830128416 40.46384545893108 -3
    endloop
  endfacet
  facet normal 0.9876883405951382 0.15643446504022834 0
    outer loop
      vertex 13.259586683105521 39.91707518928161 -2
      vertex 13.28824169871584 39.73615454106892 -3
      vertex 13.259586683105521 39.91707518928161 -3
    endloop
  endfacet
  facet normal 0.9986295347545739 0.052335956242941954 0
    outer loop
      vertex 13.25 40.1 -2
      vertex 13.259586683105521 39.91707518928161 -3
      vertex 13.25 40.1 -3
    endloop
  endfacet
  facet normal 0.9876883405951382 0.15643446504022834 0
    outer loop
      vertex 13.28824169871584 39.73615454106892 -2
      vertex 13.28824169871584 39.73615454106892 -3
      vertex 13.259586683105521 39.91707518928161 -2
    endloop
  endfacet
  facet normal 0.9986295347545739 0.052335956242941954 0
    outer loop
      vertex 13.259586683105521 39.91707518928161 -2
      vertex 13.259586683105521 39.91707518928161 -3
      vertex 13.25 40.1 -2
    endloop
  endfacet
  facet normal 0.629320391049851 0.77714596145696 0
    outer loop
      vertex 13.829021438871997 38.799496555414564 -2
      vertex 13.971375808488173 38.68422025984384 -3
      vertex 13.829021438871997 38.799496555414564 -3
    endloop
  endfacet
  facet normal 0.5446390350150263 0.8386705679454246 0
    outer loop
      vertex 13.971375808488173 38.68422025984384 -2
      vertex 14.125 38.58445554337723 -3
      vertex 13.971375808488173 38.68422025984384 -3
    endloop
  endfacet
  facet normal 0.45399049973953215 0.8910065241883752 0
    outer loop
      vertex 14.125 38.58445554337723 -2
      vertex 14.28821087461735 38.50129544912545 -3
      vertex 14.125 38.58445554337723 -3
    endloop
  endfacet
  facet normal 0.3583679495453039 0.9335804264972004 0
    outer loop
      vertex 14.28821087461735 38.50129544912545 -2
      vertex 14.459220259843843 38.43565109648348 -3
      vertex 14.28821087461735 38.50129544912545 -3
    endloop
  endfacet
  facet normal 0.25881904510250403 0.9659258262890728 0
    outer loop
      vertex 14.459220259843843 38.43565109648348 -2
      vertex 14.63615454106892 38.388241698715845 -3
      vertex 14.459220259843843 38.43565109648348 -3
    endloop
  endfacet
  facet normal 0.8910065241883693 0.45399049973954375 0
    outer loop
      vertex 13.401295449125449 39.38821087461735 -2
      vertex 13.484455543377232 39.225 -3
      vertex 13.401295449125449 39.38821087461735 -3
    endloop
  endfacet
  facet normal 0.8386705679454259 0.5446390350150243 0
    outer loop
      vertex 13.484455543377232 39.225 -2
      vertex 13.584220259843843 39.07137580848817 -3
      vertex 13.484455543377232 39.225 -3
    endloop
  endfacet
  facet normal 0.7071067811865427 0.7071067811865523 0
    outer loop
      vertex 13.69949655541456 38.929021438872 -2
      vertex 13.829021438871997 38.799496555414564 -3
      vertex 13.69949655541456 38.929021438872 -3
    endloop
  endfacet
  facet normal 0.7771459614569665 0.6293203910498429 0
    outer loop
      vertex 13.584220259843843 39.07137580848817 -2
      vertex 13.69949655541456 38.929021438872 -3
      vertex 13.584220259843843 39.07137580848817 -3
    endloop
  endfacet
  facet normal 0.9335804264971992 0.35836794954530715 0
    outer loop
      vertex 13.335651096483481 39.55922025984384 -2
      vertex 13.401295449125449 39.38821087461735 -3
      vertex 13.335651096483481 39.55922025984384 -3
    endloop
  endfacet
  facet normal 0.9659258262890685 0.2588190451025197 0
    outer loop
      vertex 13.28824169871584 39.73615454106892 -2
      vertex 13.335651096483481 39.55922025984384 -3
      vertex 13.28824169871584 39.73615454106892 -3
    endloop
  endfacet
  facet normal 0.15643446504023284 0.9876883405951375 0
    outer loop
      vertex 14.63615454106892 38.388241698715845 -2
      vertex 14.817075189281606 38.359586683105526 -3
      vertex 14.63615454106892 38.388241698715845 -3
    endloop
  endfacet
  facet normal 0.05233595624296029 0.9986295347545731 0
    outer loop
      vertex 14.817075189281606 38.359586683105526 -2
      vertex 15 38.35 -3
      vertex 14.817075189281606 38.359586683105526 -3
    endloop
  endfacet
  facet normal -0.05233595624296029 0.9986295347545731 0
    outer loop
      vertex 15 38.35 -2
      vertex 15.182924810718394 38.359586683105526 -3
      vertex 15 38.35 -3
    endloop
  endfacet
  facet normal -0.15643446504023284 0.9876883405951375 0
    outer loop
      vertex 15.182924810718394 38.359586683105526 -2
      vertex 15.36384545893108 38.388241698715845 -3
      vertex 15.182924810718394 38.359586683105526 -3
    endloop
  endfacet
  facet normal -0.25881904510250403 0.9659258262890728 0
    outer loop
      vertex 15.36384545893108 38.388241698715845 -2
      vertex 15.540779740156157 38.43565109648348 -3
      vertex 15.36384545893108 38.388241698715845 -3
    endloop
  endfacet
  facet normal -0.3583679495453039 0.9335804264972004 0
    outer loop
      vertex 15.540779740156157 38.43565109648348 -2
      vertex 15.71178912538265 38.50129544912545 -3
      vertex 15.540779740156157 38.43565109648348 -3
    endloop
  endfacet
  facet normal -0.45399049973953215 0.8910065241883752 0
    outer loop
      vertex 15.71178912538265 38.50129544912545 -2
      vertex 15.875 38.58445554337723 -3
      vertex 15.71178912538265 38.50129544912545 -3
    endloop
  endfacet
  facet normal -0.5446390350150263 0.8386705679454246 0
    outer loop
      vertex 15.875 38.58445554337723 -2
      vertex 16.028624191511827 38.68422025984384 -3
      vertex 15.875 38.58445554337723 -3
    endloop
  endfacet
  facet normal 0.7071067811865427 0.7071067811865523 0
    outer loop
      vertex 13.69949655541456 38.929021438872 -2
      vertex 13.829021438871997 38.799496555414564 -2
      vertex 13.829021438871997 38.799496555414564 -3
    endloop
  endfacet
  facet normal 0.629320391049851 0.77714596145696 0
    outer loop
      vertex 13.971375808488173 38.68422025984384 -2
      vertex 13.971375808488173 38.68422025984384 -3
      vertex 13.829021438871997 38.799496555414564 -2
    endloop
  endfacet
  facet normal 0.45399049973953215 0.8910065241883752 0
    outer loop
      vertex 14.125 38.58445554337723 -2
      vertex 14.28821087461735 38.50129544912545 -2
      vertex 14.28821087461735 38.50129544912545 -3
    endloop
  endfacet
  facet normal 0.5446390350150263 0.8386705679454246 0
    outer loop
      vertex 13.971375808488173 38.68422025984384 -2
      vertex 14.125 38.58445554337723 -2
      vertex 14.125 38.58445554337723 -3
    endloop
  endfacet
  facet normal 0.3583679495453039 0.9335804264972004 0
    outer loop
      vertex 14.28821087461735 38.50129544912545 -2
      vertex 14.459220259843843 38.43565109648348 -2
      vertex 14.459220259843843 38.43565109648348 -3
    endloop
  endfacet
  facet normal 0.25881904510250403 0.9659258262890728 0
    outer loop
      vertex 14.459220259843843 38.43565109648348 -2
      vertex 14.63615454106892 38.388241698715845 -2
      vertex 14.63615454106892 38.388241698715845 -3
    endloop
  endfacet
  facet normal 0.8386705679454259 0.5446390350150243 0
    outer loop
      vertex 13.584220259843843 39.07137580848817 -2
      vertex 13.584220259843843 39.07137580848817 -3
      vertex 13.484455543377232 39.225 -2
    endloop
  endfacet
  facet normal 0.9335804264971992 0.35836794954530715 0
    outer loop
      vertex 13.401295449125449 39.38821087461735 -2
      vertex 13.401295449125449 39.38821087461735 -3
      vertex 13.335651096483481 39.55922025984384 -2
    endloop
  endfacet
  facet normal 0.8910065241883693 0.45399049973954375 0
    outer loop
      vertex 13.401295449125449 39.38821087461735 -2
      vertex 13.484455543377232 39.225 -2
      vertex 13.484455543377232 39.225 -3
    endloop
  endfacet
  facet normal 0.7771459614569665 0.6293203910498429 0
    outer loop
      vertex 13.584220259843843 39.07137580848817 -2
      vertex 13.69949655541456 38.929021438872 -2
      vertex 13.69949655541456 38.929021438872 -3
    endloop
  endfacet
  facet normal 0.9659258262890685 0.2588190451025197 0
    outer loop
      vertex 13.335651096483481 39.55922025984384 -2
      vertex 13.335651096483481 39.55922025984384 -3
      vertex 13.28824169871584 39.73615454106892 -2
    endloop
  endfacet
  facet normal 0.15643446504023284 0.9876883405951375 0
    outer loop
      vertex 14.63615454106892 38.388241698715845 -2
      vertex 14.817075189281606 38.359586683105526 -2
      vertex 14.817075189281606 38.359586683105526 -3
    endloop
  endfacet
  facet normal 0.05233595624296029 0.9986295347545731 0
    outer loop
      vertex 14.817075189281606 38.359586683105526 -2
      vertex 15 38.35 -2
      vertex 15 38.35 -3
    endloop
  endfacet
  facet normal -0.05233595624296029 0.9986295347545731 0
    outer loop
      vertex 15 38.35 -2
      vertex 15.182924810718394 38.359586683105526 -2
      vertex 15.182924810718394 38.359586683105526 -3
    endloop
  endfacet
  facet normal -0.15643446504023284 0.9876883405951375 0
    outer loop
      vertex 15.182924810718394 38.359586683105526 -2
      vertex 15.36384545893108 38.388241698715845 -2
      vertex 15.36384545893108 38.388241698715845 -3
    endloop
  endfacet
  facet normal -0.25881904510250403 0.9659258262890728 0
    outer loop
      vertex 15.36384545893108 38.388241698715845 -2
      vertex 15.540779740156157 38.43565109648348 -2
      vertex 15.540779740156157 38.43565109648348 -3
    endloop
  endfacet
  facet normal -0.3583679495453039 0.9335804264972004 0
    outer loop
      vertex 15.540779740156157 38.43565109648348 -2
      vertex 15.71178912538265 38.50129544912545 -2
      vertex 15.71178912538265 38.50129544912545 -3
    endloop
  endfacet
  facet normal -0.45399049973953215 0.8910065241883752 0
    outer loop
      vertex 15.71178912538265 38.50129544912545 -2
      vertex 15.875 38.58445554337723 -2
      vertex 15.875 38.58445554337723 -3
    endloop
  endfacet
  facet normal -0.629320391049851 0.77714596145696 0
    outer loop
      vertex 16.028624191511827 38.68422025984384 -2
      vertex 16.170978561128003 38.799496555414564 -3
      vertex 16.028624191511827 38.68422025984384 -3
    endloop
  endfacet
  facet normal -0.7071067811865378 0.7071067811865572 0
    outer loop
      vertex 16.170978561128003 38.799496555414564 -2
      vertex 16.30050344458544 38.929021438872 -3
      vertex 16.170978561128003 38.799496555414564 -3
    endloop
  endfacet
  facet normal -0.7771459614569712 0.6293203910498371 0
    outer loop
      vertex 16.30050344458544 38.929021438872 -2
      vertex 16.415779740156157 39.07137580848817 -3
      vertex 16.30050344458544 38.929021438872 -3
    endloop
  endfacet
  facet normal -0.8386705679454303 0.5446390350150174 0
    outer loop
      vertex 16.415779740156157 39.07137580848817 -2
      vertex 16.515544456622766 39.225 -3
      vertex 16.415779740156157 39.07137580848817 -3
    endloop
  endfacet
  facet normal -0.8910065241883656 0.4539904997395515 0
    outer loop
      vertex 16.515544456622766 39.225 -2
      vertex 16.59870455087455 39.38821087461735 -3
      vertex 16.515544456622766 39.225 -3
    endloop
  endfacet
  facet normal -0.9335804264971992 0.35836794954530715 0
    outer loop
      vertex 16.59870455087455 39.38821087461735 -2
      vertex 16.66434890351652 39.55922025984384 -3
      vertex 16.59870455087455 39.38821087461735 -3
    endloop
  endfacet
  facet normal -0.9659258262890685 0.2588190451025197 0
    outer loop
      vertex 16.66434890351652 39.55922025984384 -2
      vertex 16.71175830128416 39.73615454106892 -3
      vertex 16.66434890351652 39.55922025984384 -3
    endloop
  endfacet
  facet normal -0.9876883405951382 0.15643446504022834 0
    outer loop
      vertex 16.71175830128416 39.73615454106892 -2
      vertex 16.74041331689448 39.91707518928161 -3
      vertex 16.71175830128416 39.73615454106892 -3
    endloop
  endfacet
  facet normal -0.9986295347545739 0.052335956242941954 0
    outer loop
      vertex 16.74041331689448 39.91707518928161 -2
      vertex 16.75 40.1 -3
      vertex 16.74041331689448 39.91707518928161 -3
    endloop
  endfacet
  facet normal -0.5446390350150263 0.8386705679454246 0
    outer loop
      vertex 15.875 38.58445554337723 -2
      vertex 16.028624191511827 38.68422025984384 -2
      vertex 16.028624191511827 38.68422025984384 -3
    endloop
  endfacet
  facet normal -0.629320391049851 0.77714596145696 0
    outer loop
      vertex 16.028624191511827 38.68422025984384 -2
      vertex 16.170978561128003 38.799496555414564 -2
      vertex 16.170978561128003 38.799496555414564 -3
    endloop
  endfacet
  facet normal -0.7071067811865378 0.7071067811865572 0
    outer loop
      vertex 16.170978561128003 38.799496555414564 -2
      vertex 16.30050344458544 38.929021438872 -2
      vertex 16.30050344458544 38.929021438872 -3
    endloop
  endfacet
  facet normal -0.7771459614569712 0.6293203910498371 0
    outer loop
      vertex 16.30050344458544 38.929021438872 -2
      vertex 16.415779740156157 39.07137580848817 -2
      vertex 16.415779740156157 39.07137580848817 -3
    endloop
  endfacet
  facet normal -0.8386705679454303 0.5446390350150174 0
    outer loop
      vertex 16.415779740156157 39.07137580848817 -2
      vertex 16.515544456622766 39.225 -2
      vertex 16.515544456622766 39.225 -3
    endloop
  endfacet
  facet normal -0.8910065241883656 0.4539904997395515 0
    outer loop
      vertex 16.515544456622766 39.225 -2
      vertex 16.59870455087455 39.38821087461735 -2
      vertex 16.59870455087455 39.38821087461735 -3
    endloop
  endfacet
  facet normal -0.9335804264971992 0.35836794954530715 0
    outer loop
      vertex 16.59870455087455 39.38821087461735 -2
      vertex 16.66434890351652 39.55922025984384 -2
      vertex 16.66434890351652 39.55922025984384 -3
    endloop
  endfacet
  facet normal -0.9659258262890685 0.2588190451025197 0
    outer loop
      vertex 16.66434890351652 39.55922025984384 -2
      vertex 16.71175830128416 39.73615454106892 -2
      vertex 16.71175830128416 39.73615454106892 -3
    endloop
  endfacet
  facet normal -0.9876883405951382 0.15643446504022834 0
    outer loop
      vertex 16.71175830128416 39.73615454106892 -2
      vertex 16.74041331689448 39.91707518928161 -2
      vertex 16.74041331689448 39.91707518928161 -3
    endloop
  endfacet
  facet normal -0.9986295347545739 0.052335956242941954 0
    outer loop
      vertex 16.74041331689448 39.91707518928161 -2
      vertex 16.75 40.1 -2
      vertex 16.75 40.1 -3
    endloop
  endfacet
  facet normal 0.9986295347545739 -0.052335956242941954 0
    outer loop
      vertex 13.259586683105521 40.28292481071839 -2
      vertex 13.25 40.1 -3
      vertex 13.259586683105521 40.28292481071839 -3
    endloop
  endfacet
  facet normal 0.9876883405951382 -0.15643446504022834 0
    outer loop
      vertex 13.28824169871584 40.46384545893108 -2
      vertex 13.259586683105521 40.28292481071839 -3
      vertex 13.28824169871584 40.46384545893108 -3
    endloop
  endfacet
  facet normal 0.9986295347545739 -0.052335956242941954 0
    outer loop
      vertex 13.25 40.1 -2
      vertex 13.25 40.1 -3
      vertex 13.259586683105521 40.28292481071839 -2
    endloop
  endfacet
  facet normal 0.9876883405951382 -0.15643446504022834 0
    outer loop
      vertex 13.259586683105521 40.28292481071839 -2
      vertex 13.259586683105521 40.28292481071839 -3
      vertex 13.28824169871584 40.46384545893108 -2
    endloop
  endfacet
  facet normal 0.9659258262890685 -0.2588190451025197 0
    outer loop
      vertex 13.335651096483481 40.64077974015616 -2
      vertex 13.28824169871584 40.46384545893108 -3
      vertex 13.335651096483481 40.64077974015616 -3
    endloop
  endfacet
  facet normal 0.9335804264971992 -0.35836794954530715 0
    outer loop
      vertex 13.401295449125449 40.81178912538265 -2
      vertex 13.335651096483481 40.64077974015616 -3
      vertex 13.401295449125449 40.81178912538265 -3
    endloop
  endfacet
  facet normal 0.8910065241883693 -0.45399049973954375 0
    outer loop
      vertex 13.484455543377232 40.975 -2
      vertex 13.401295449125449 40.81178912538265 -3
      vertex 13.484455543377232 40.975 -3
    endloop
  endfacet
  facet normal 0.8386705679454259 -0.5446390350150243 0
    outer loop
      vertex 13.584220259843843 41.12862419151183 -2
      vertex 13.484455543377232 40.975 -3
      vertex 13.584220259843843 41.12862419151183 -3
    endloop
  endfacet
  facet normal 0.7771459614569665 -0.6293203910498429 0
    outer loop
      vertex 13.69949655541456 41.270978561128004 -2
      vertex 13.584220259843843 41.12862419151183 -3
      vertex 13.69949655541456 41.270978561128004 -3
    endloop
  endfacet
  facet normal 0.7071067811865427 -0.7071067811865523 0
    outer loop
      vertex 13.829021438871997 41.40050344458544 -2
      vertex 13.69949655541456 41.270978561128004 -3
      vertex 13.829021438871997 41.40050344458544 -3
    endloop
  endfacet
  facet normal 0.629320391049851 -0.77714596145696 0
    outer loop
      vertex 13.971375808488173 41.51577974015616 -2
      vertex 13.829021438871997 41.40050344458544 -3
      vertex 13.971375808488173 41.51577974015616 -3
    endloop
  endfacet
  facet normal 0.5446390350150263 -0.8386705679454246 0
    outer loop
      vertex 14.125 41.61554445662277 -2
      vertex 13.971375808488173 41.51577974015616 -3
      vertex 14.125 41.61554445662277 -3
    endloop
  endfacet
  facet normal 0.45399049973953215 -0.8910065241883752 0
    outer loop
      vertex 14.28821087461735 41.69870455087455 -2
      vertex 14.125 41.61554445662277 -3
      vertex 14.28821087461735 41.69870455087455 -3
    endloop
  endfacet
  facet normal 0.3583679495453039 -0.9335804264972004 0
    outer loop
      vertex 14.459220259843843 41.76434890351652 -2
      vertex 14.28821087461735 41.69870455087455 -3
      vertex 14.459220259843843 41.76434890351652 -3
    endloop
  endfacet
  facet normal 0.25881904510250403 -0.9659258262890728 0
    outer loop
      vertex 14.63615454106892 41.81175830128416 -2
      vertex 14.459220259843843 41.76434890351652 -3
      vertex 14.63615454106892 41.81175830128416 -3
    endloop
  endfacet
  facet normal 0.15643446504023284 -0.9876883405951375 0
    outer loop
      vertex 14.817075189281606 41.84041331689448 -2
      vertex 14.63615454106892 41.81175830128416 -3
      vertex 14.817075189281606 41.84041331689448 -3
    endloop
  endfacet
  facet normal 0.05233595624296029 -0.9986295347545731 0
    outer loop
      vertex 15 41.85 -2
      vertex 14.817075189281606 41.84041331689448 -3
      vertex 15 41.85 -3
    endloop
  endfacet
  facet normal -0.05233595624296029 -0.9986295347545731 0
    outer loop
      vertex 15.182924810718394 41.84041331689448 -2
      vertex 15 41.85 -3
      vertex 15.182924810718394 41.84041331689448 -3
    endloop
  endfacet
  facet normal -0.15643446504023284 -0.9876883405951375 0
    outer loop
      vertex 15.36384545893108 41.81175830128416 -2
      vertex 15.182924810718394 41.84041331689448 -3
      vertex 15.36384545893108 41.81175830128416 -3
    endloop
  endfacet
  facet normal -0.25881904510250403 -0.9659258262890728 0
    outer loop
      vertex 15.540779740156157 41.76434890351652 -2
      vertex 15.36384545893108 41.81175830128416 -3
      vertex 15.540779740156157 41.76434890351652 -3
    endloop
  endfacet
  facet normal -0.45399049973953215 -0.8910065241883752 0
    outer loop
      vertex 15.875 41.61554445662277 -2
      vertex 15.71178912538265 41.69870455087455 -3
      vertex 15.875 41.61554445662277 -3
    endloop
  endfacet
  facet normal -0.3583679495453039 -0.9335804264972004 0
    outer loop
      vertex 15.71178912538265 41.69870455087455 -2
      vertex 15.540779740156157 41.76434890351652 -3
      vertex 15.71178912538265 41.69870455087455 -3
    endloop
  endfacet
  facet normal 0.9659258262890685 -0.2588190451025197 0
    outer loop
      vertex 13.28824169871584 40.46384545893108 -2
      vertex 13.28824169871584 40.46384545893108 -3
      vertex 13.335651096483481 40.64077974015616 -2
    endloop
  endfacet
  facet normal 0.9335804264971992 -0.35836794954530715 0
    outer loop
      vertex 13.335651096483481 40.64077974015616 -2
      vertex 13.335651096483481 40.64077974015616 -3
      vertex 13.401295449125449 40.81178912538265 -2
    endloop
  endfacet
  facet normal 0.8910065241883693 -0.45399049973954375 0
    outer loop
      vertex 13.401295449125449 40.81178912538265 -2
      vertex 13.401295449125449 40.81178912538265 -3
      vertex 13.484455543377232 40.975 -2
    endloop
  endfacet
  facet normal 0.8386705679454259 -0.5446390350150243 0
    outer loop
      vertex 13.484455543377232 40.975 -2
      vertex 13.484455543377232 40.975 -3
      vertex 13.584220259843843 41.12862419151183 -2
    endloop
  endfacet
  facet normal 0.7771459614569665 -0.6293203910498429 0
    outer loop
      vertex 13.584220259843843 41.12862419151183 -2
      vertex 13.584220259843843 41.12862419151183 -3
      vertex 13.69949655541456 41.270978561128004 -2
    endloop
  endfacet
  facet normal 0.7071067811865427 -0.7071067811865523 0
    outer loop
      vertex 13.69949655541456 41.270978561128004 -2
      vertex 13.69949655541456 41.270978561128004 -3
      vertex 13.829021438871997 41.40050344458544 -2
    endloop
  endfacet
  facet normal 0.629320391049851 -0.77714596145696 0
    outer loop
      vertex 13.829021438871997 41.40050344458544 -2
      vertex 13.829021438871997 41.40050344458544 -3
      vertex 13.971375808488173 41.51577974015616 -2
    endloop
  endfacet
  facet normal 0.5446390350150263 -0.8386705679454246 0
    outer loop
      vertex 13.971375808488173 41.51577974015616 -2
      vertex 13.971375808488173 41.51577974015616 -3
      vertex 14.125 41.61554445662277 -2
    endloop
  endfacet
  facet normal 0.45399049973953215 -0.8910065241883752 0
    outer loop
      vertex 14.125 41.61554445662277 -2
      vertex 14.125 41.61554445662277 -3
      vertex 14.28821087461735 41.69870455087455 -2
    endloop
  endfacet
  facet normal 0.3583679495453039 -0.9335804264972004 0
    outer loop
      vertex 14.28821087461735 41.69870455087455 -2
      vertex 14.28821087461735 41.69870455087455 -3
      vertex 14.459220259843843 41.76434890351652 -2
    endloop
  endfacet
  facet normal 0.25881904510250403 -0.9659258262890728 0
    outer loop
      vertex 14.459220259843843 41.76434890351652 -2
      vertex 14.459220259843843 41.76434890351652 -3
      vertex 14.63615454106892 41.81175830128416 -2
    endloop
  endfacet
  facet normal 0.15643446504023284 -0.9876883405951375 0
    outer loop
      vertex 14.63615454106892 41.81175830128416 -2
      vertex 14.63615454106892 41.81175830128416 -3
      vertex 14.817075189281606 41.84041331689448 -2
    endloop
  endfacet
  facet normal 0.05233595624296029 -0.9986295347545731 0
    outer loop
      vertex 14.817075189281606 41.84041331689448 -2
      vertex 14.817075189281606 41.84041331689448 -3
      vertex 15 41.85 -2
    endloop
  endfacet
  facet normal -0.05233595624296029 -0.9986295347545731 0
    outer loop
      vertex 15 41.85 -2
      vertex 15 41.85 -3
      vertex 15.182924810718394 41.84041331689448 -2
    endloop
  endfacet
  facet normal -0.15643446504023284 -0.9876883405951375 0
    outer loop
      vertex 15.182924810718394 41.84041331689448 -2
      vertex 15.182924810718394 41.84041331689448 -3
      vertex 15.36384545893108 41.81175830128416 -2
    endloop
  endfacet
  facet normal -0.25881904510250403 -0.9659258262890728 0
    outer loop
      vertex 15.36384545893108 41.81175830128416 -2
      vertex 15.36384545893108 41.81175830128416 -3
      vertex 15.540779740156157 41.76434890351652 -2
    endloop
  endfacet
  facet normal -0.3583679495453039 -0.9335804264972004 0
    outer loop
      vertex 15.540779740156157 41.76434890351652 -2
      vertex 15.540779740156157 41.76434890351652 -3
      vertex 15.71178912538265 41.69870455087455 -2
    endloop
  endfacet
  facet normal -0.5446390350150263 -0.8386705679454246 0
    outer loop
      vertex 15.875 41.61554445662277 -2
      vertex 15.875 41.61554445662277 -3
      vertex 16.028624191511827 41.51577974015616 -2
    endloop
  endfacet
  facet normal -0.45399049973953215 -0.8910065241883752 0
    outer loop
      vertex 15.71178912538265 41.69870455087455 -2
      vertex 15.71178912538265 41.69870455087455 -3
      vertex 15.875 41.61554445662277 -2
    endloop
  endfacet
  facet normal -0.7071067811865378 -0.7071067811865572 0
    outer loop
      vertex 16.30050344458544 41.270978561128004 -2
      vertex 16.170978561128003 41.40050344458544 -3
      vertex 16.30050344458544 41.270978561128004 -3
    endloop
  endfacet
  facet normal -0.8910065241883656 -0.4539904997395515 0
    outer loop
      vertex 16.59870455087455 40.81178912538265 -2
      vertex 16.515544456622766 40.975 -3
      vertex 16.59870455087455 40.81178912538265 -3
    endloop
  endfacet
  facet normal -0.8386705679454303 -0.5446390350150174 0
    outer loop
      vertex 16.515544456622766 40.975 -2
      vertex 16.415779740156157 41.12862419151183 -3
      vertex 16.515544456622766 40.975 -3
    endloop
  endfacet
  facet normal -0.7771459614569712 -0.6293203910498371 0
    outer loop
      vertex 16.415779740156157 41.12862419151183 -2
      vertex 16.30050344458544 41.270978561128004 -3
      vertex 16.415779740156157 41.12862419151183 -3
    endloop
  endfacet
  facet normal -0.9986295347545739 -0.052335956242941954 0
    outer loop
      vertex 16.75 40.1 -2
      vertex 16.74041331689448 40.28292481071839 -3
      vertex 16.75 40.1 -3
    endloop
  endfacet
  facet normal -0.9876883405951382 -0.15643446504022834 0
    outer loop
      vertex 16.74041331689448 40.28292481071839 -2
      vertex 16.71175830128416 40.46384545893108 -3
      vertex 16.74041331689448 40.28292481071839 -3
    endloop
  endfacet
  facet normal -0.9659258262890685 -0.2588190451025197 0
    outer loop
      vertex 16.71175830128416 40.46384545893108 -2
      vertex 16.66434890351652 40.64077974015616 -3
      vertex 16.71175830128416 40.46384545893108 -3
    endloop
  endfacet
  facet normal -0.9335804264971992 -0.35836794954530715 0
    outer loop
      vertex 16.66434890351652 40.64077974015616 -2
      vertex 16.59870455087455 40.81178912538265 -3
      vertex 16.66434890351652 40.64077974015616 -3
    endloop
  endfacet
  facet normal -0.5446390350150263 -0.8386705679454246 0
    outer loop
      vertex 16.028624191511827 41.51577974015616 -2
      vertex 15.875 41.61554445662277 -3
      vertex 16.028624191511827 41.51577974015616 -3
    endloop
  endfacet
  facet normal -0.629320391049851 -0.77714596145696 0
    outer loop
      vertex 16.170978561128003 41.40050344458544 -2
      vertex 16.028624191511827 41.51577974015616 -3
      vertex 16.170978561128003 41.40050344458544 -3
    endloop
  endfacet
  facet normal -0.8910065241883656 -0.4539904997395515 0
    outer loop
      vertex 16.515544456622766 40.975 -2
      vertex 16.515544456622766 40.975 -3
      vertex 16.59870455087455 40.81178912538265 -2
    endloop
  endfacet
  facet normal -0.7771459614569712 -0.6293203910498371 0
    outer loop
      vertex 16.30050344458544 41.270978561128004 -2
      vertex 16.30050344458544 41.270978561128004 -3
      vertex 16.415779740156157 41.12862419151183 -2
    endloop
  endfacet
  facet normal -0.8386705679454303 -0.5446390350150174 0
    outer loop
      vertex 16.515544456622766 40.975 -2
      vertex 16.415779740156157 41.12862419151183 -2
      vertex 16.415779740156157 41.12862419151183 -3
    endloop
  endfacet
  facet normal -0.9986295347545739 -0.052335956242941954 0
    outer loop
      vertex 16.75 40.1 -2
      vertex 16.74041331689448 40.28292481071839 -2
      vertex 16.74041331689448 40.28292481071839 -3
    endloop
  endfacet
  facet normal -0.9876883405951382 -0.15643446504022834 0
    outer loop
      vertex 16.74041331689448 40.28292481071839 -2
      vertex 16.71175830128416 40.46384545893108 -2
      vertex 16.71175830128416 40.46384545893108 -3
    endloop
  endfacet
  facet normal -0.9659258262890685 -0.2588190451025197 0
    outer loop
      vertex 16.71175830128416 40.46384545893108 -2
      vertex 16.66434890351652 40.64077974015616 -2
      vertex 16.66434890351652 40.64077974015616 -3
    endloop
  endfacet
  facet normal -0.9335804264971992 -0.35836794954530715 0
    outer loop
      vertex 16.66434890351652 40.64077974015616 -2
      vertex 16.59870455087455 40.81178912538265 -2
      vertex 16.59870455087455 40.81178912538265 -3
    endloop
  endfacet
  facet normal -0.629320391049851 -0.77714596145696 0
    outer loop
      vertex 16.028624191511827 41.51577974015616 -2
      vertex 16.028624191511827 41.51577974015616 -3
      vertex 16.170978561128003 41.40050344458544 -2
    endloop
  endfacet
  facet normal -0.7071067811865378 -0.7071067811865572 0
    outer loop
      vertex 16.170978561128003 41.40050344458544 -2
      vertex 16.170978561128003 41.40050344458544 -3
      vertex 16.30050344458544 41.270978561128004 -2
    endloop
  endfacet
  facet normal 0.7771459614569523 0.6293203910498605 0
    outer loop
      vertex 41.08422025984384 64.17137580848818 -2
      vertex 41.19949655541456 64.02902143887201 -3
      vertex 41.08422025984384 64.17137580848818 -3
    endloop
  endfacet
  facet normal 0.8910065241883734 0.45399049973953615 0
    outer loop
      vertex 40.90129544912545 64.48821087461735 -2
      vertex 40.98445554337723 64.325 -3
      vertex 40.90129544912545 64.48821087461735 -3
    endloop
  endfacet
  facet normal 0.8386705679454188 0.5446390350150352 0
    outer loop
      vertex 40.98445554337723 64.325 -2
      vertex 41.08422025984384 64.17137580848818 -3
      vertex 40.98445554337723 64.325 -3
    endloop
  endfacet
  facet normal 0.9659258262890611 0.25881904510254744 0
    outer loop
      vertex 40.78824169871584 64.83615454106892 -2
      vertex 40.83565109648348 64.65922025984385 -3
      vertex 40.78824169871584 64.83615454106892 -3
    endloop
  endfacet
  facet normal 0.9876883405951442 0.15643446504019048 0
    outer loop
      vertex 40.759586683105525 65.01707518928161 -2
      vertex 40.78824169871584 64.83615454106892 -3
      vertex 40.759586683105525 65.01707518928161 -3
    endloop
  endfacet
  facet normal 0.9986295347545728 0.05233595624296129 0
    outer loop
      vertex 40.75 65.2 -2
      vertex 40.759586683105525 65.01707518928161 -3
      vertex 40.75 65.2 -3
    endloop
  endfacet
  facet normal 0.9335804264972042 0.35836794954529416 0
    outer loop
      vertex 40.83565109648348 64.65922025984385 -2
      vertex 40.90129544912545 64.48821087461735 -3
      vertex 40.83565109648348 64.65922025984385 -3
    endloop
  endfacet
  facet normal 0.6293203910498605 0.7771459614569523 0
    outer loop
      vertex 41.329021438872 63.899496555414565 -2
      vertex 41.47137580848817 63.78422025984384 -3
      vertex 41.329021438872 63.899496555414565 -3
    endloop
  endfacet
  facet normal 0.5446390350150174 0.8386705679454303 0
    outer loop
      vertex 41.47137580848817 63.78422025984384 -2
      vertex 41.625 63.68445554337723 -3
      vertex 41.47137580848817 63.78422025984384 -3
    endloop
  endfacet
  facet normal 0.45399049973953615 0.8910065241883734 0
    outer loop
      vertex 41.625 63.68445554337723 -2
      vertex 41.78821087461735 63.60129544912545 -3
      vertex 41.625 63.68445554337723 -3
    endloop
  endfacet
  facet normal 0.35836794954530715 0.9335804264971992 0
    outer loop
      vertex 41.78821087461735 63.60129544912545 -2
      vertex 41.95922025984384 63.535651096483484 -3
      vertex 41.78821087461735 63.60129544912545 -3
    endloop
  endfacet
  facet normal 0.2588190451025378 0.9659258262890638 0
    outer loop
      vertex 41.95922025984384 63.535651096483484 -2
      vertex 42.13615454106892 63.48824169871584 -3
      vertex 41.95922025984384 63.535651096483484 -3
    endloop
  endfacet
  facet normal 0.15643446504019048 0.9876883405951442 0
    outer loop
      vertex 42.13615454106892 63.48824169871584 -2
      vertex 42.31707518928161 63.45958668310553 -3
      vertex 42.13615454106892 63.48824169871584 -3
    endloop
  endfacet
  facet normal 0.05233595624296129 0.9986295347545728 0
    outer loop
      vertex 42.31707518928161 63.45958668310553 -2
      vertex 42.5 63.45 -3
      vertex 42.31707518928161 63.45958668310553 -3
    endloop
  endfacet
  facet normal 0.707106781186567 0.7071067811865281 0
    outer loop
      vertex 41.19949655541456 64.02902143887201 -2
      vertex 41.329021438872 63.899496555414565 -3
      vertex 41.19949655541456 64.02902143887201 -3
    endloop
  endfacet
  facet normal 0.8386705679454188 0.5446390350150352 0
    outer loop
      vertex 40.98445554337723 64.325 -2
      vertex 41.08422025984384 64.17137580848818 -2
      vertex 41.08422025984384 64.17137580848818 -3
    endloop
  endfacet
  facet normal 0.7771459614569523 0.6293203910498605 0
    outer loop
      vertex 41.08422025984384 64.17137580848818 -2
      vertex 41.19949655541456 64.02902143887201 -2
      vertex 41.19949655541456 64.02902143887201 -3
    endloop
  endfacet
  facet normal 0.8910065241883734 0.45399049973953615 0
    outer loop
      vertex 40.98445554337723 64.325 -2
      vertex 40.98445554337723 64.325 -3
      vertex 40.90129544912545 64.48821087461735 -2
    endloop
  endfacet
  facet normal 0.9659258262890611 0.25881904510254744 0
    outer loop
      vertex 40.78824169871584 64.83615454106892 -2
      vertex 40.83565109648348 64.65922025984385 -2
      vertex 40.83565109648348 64.65922025984385 -3
    endloop
  endfacet
  facet normal 0.9876883405951442 0.15643446504019048 0
    outer loop
      vertex 40.78824169871584 64.83615454106892 -2
      vertex 40.78824169871584 64.83615454106892 -3
      vertex 40.759586683105525 65.01707518928161 -2
    endloop
  endfacet
  facet normal 0.9986295347545728 0.05233595624296129 0
    outer loop
      vertex 40.759586683105525 65.01707518928161 -2
      vertex 40.759586683105525 65.01707518928161 -3
      vertex 40.75 65.2 -2
    endloop
  endfacet
  facet normal 0.9335804264972042 0.35836794954529416 0
    outer loop
      vertex 40.90129544912545 64.48821087461735 -2
      vertex 40.90129544912545 64.48821087461735 -3
      vertex 40.83565109648348 64.65922025984385 -2
    endloop
  endfacet
  facet normal 0.6293203910498605 0.7771459614569523 0
    outer loop
      vertex 41.47137580848817 63.78422025984384 -2
      vertex 41.47137580848817 63.78422025984384 -3
      vertex 41.329021438872 63.899496555414565 -2
    endloop
  endfacet
  facet normal 0.5446390350150174 0.8386705679454303 0
    outer loop
      vertex 41.47137580848817 63.78422025984384 -2
      vertex 41.625 63.68445554337723 -2
      vertex 41.625 63.68445554337723 -3
    endloop
  endfacet
  facet normal 0.45399049973953615 0.8910065241883734 0
    outer loop
      vertex 41.625 63.68445554337723 -2
      vertex 41.78821087461735 63.60129544912545 -2
      vertex 41.78821087461735 63.60129544912545 -3
    endloop
  endfacet
  facet normal 0.35836794954530715 0.9335804264971992 0
    outer loop
      vertex 41.95922025984384 63.535651096483484 -2
      vertex 41.95922025984384 63.535651096483484 -3
      vertex 41.78821087461735 63.60129544912545 -2
    endloop
  endfacet
  facet normal 0.2588190451025378 0.9659258262890638 0
    outer loop
      vertex 41.95922025984384 63.535651096483484 -2
      vertex 42.13615454106892 63.48824169871584 -2
      vertex 42.13615454106892 63.48824169871584 -3
    endloop
  endfacet
  facet normal 0.15643446504019048 0.9876883405951442 0
    outer loop
      vertex 42.13615454106892 63.48824169871584 -2
      vertex 42.31707518928161 63.45958668310553 -2
      vertex 42.31707518928161 63.45958668310553 -3
    endloop
  endfacet
  facet normal 0.05233595624296129 0.9986295347545728 0
    outer loop
      vertex 42.31707518928161 63.45958668310553 -2
      vertex 42.5 63.45 -2
      vertex 42.5 63.45 -3
    endloop
  endfacet
  facet normal 0.707106781186567 0.7071067811865281 0
    outer loop
      vertex 41.329021438872 63.899496555414565 -2
      vertex 41.329021438872 63.899496555414565 -3
      vertex 41.19949655541456 64.02902143887201 -2
    endloop
  endfacet
  facet normal 0.9986295347545728 -0.05233595624296129 0
    outer loop
      vertex 40.759586683105525 65.3829248107184 -2
      vertex 40.75 65.2 -3
      vertex 40.759586683105525 65.3829248107184 -3
    endloop
  endfacet
  facet normal 0.9876883405951442 -0.15643446504019048 0
    outer loop
      vertex 40.78824169871584 65.56384545893108 -2
      vertex 40.759586683105525 65.3829248107184 -3
      vertex 40.78824169871584 65.56384545893108 -3
    endloop
  endfacet
  facet normal 0.9659258262890611 -0.25881904510254744 0
    outer loop
      vertex 40.83565109648348 65.74077974015616 -2
      vertex 40.78824169871584 65.56384545893108 -3
      vertex 40.83565109648348 65.74077974015616 -3
    endloop
  endfacet
  facet normal 0.9335804264972042 -0.35836794954529416 0
    outer loop
      vertex 40.90129544912545 65.91178912538265 -2
      vertex 40.83565109648348 65.74077974015616 -3
      vertex 40.90129544912545 65.91178912538265 -3
    endloop
  endfacet
  facet normal 0.8910065241883734 -0.45399049973953615 0
    outer loop
      vertex 40.98445554337723 66.075 -2
      vertex 40.90129544912545 65.91178912538265 -3
      vertex 40.98445554337723 66.075 -3
    endloop
  endfacet
  facet normal 0.8386705679454188 -0.5446390350150352 0
    outer loop
      vertex 41.08422025984384 66.22862419151183 -2
      vertex 40.98445554337723 66.075 -3
      vertex 41.08422025984384 66.22862419151183 -3
    endloop
  endfacet
  facet normal 0.7771459614569523 -0.6293203910498605 0
    outer loop
      vertex 41.19949655541456 66.370978561128 -2
      vertex 41.08422025984384 66.22862419151183 -3
      vertex 41.19949655541456 66.370978561128 -3
    endloop
  endfacet
  facet normal 0.7071067811865862 -0.7071067811865087 0
    outer loop
      vertex 41.329021438872 66.50050344458545 -2
      vertex 41.19949655541456 66.370978561128 -3
      vertex 41.329021438872 66.50050344458545 -3
    endloop
  endfacet
  facet normal 0.6293203910498136 -0.7771459614569901 0
    outer loop
      vertex 41.47137580848817 66.61577974015616 -2
      vertex 41.329021438872 66.50050344458545 -3
      vertex 41.47137580848817 66.61577974015616 -3
    endloop
  endfacet
  facet normal 0.5446390350150174 -0.8386705679454303 0
    outer loop
      vertex 41.625 66.71554445662277 -2
      vertex 41.47137580848817 66.61577974015616 -3
      vertex 41.625 66.71554445662277 -3
    endloop
  endfacet
  facet normal 0.45399049973959765 -0.8910065241883419 0
    outer loop
      vertex 41.78821087461735 66.79870455087456 -2
      vertex 41.625 66.71554445662277 -3
      vertex 41.78821087461735 66.79870455087456 -3
    endloop
  endfacet
  facet normal 0.3583679495452395 -0.9335804264972251 0
    outer loop
      vertex 41.95922025984384 66.86434890351651 -2
      vertex 41.78821087461735 66.79870455087456 -3
      vertex 41.95922025984384 66.86434890351651 -3
    endloop
  endfacet
  facet normal 0.258819045102574 -0.9659258262890541 0
    outer loop
      vertex 42.13615454106892 66.91175830128417 -2
      vertex 41.95922025984384 66.86434890351651 -3
      vertex 42.13615454106892 66.91175830128417 -3
    endloop
  endfacet
  facet normal 0.15643446504019048 -0.9876883405951442 0
    outer loop
      vertex 42.31707518928161 66.94041331689448 -2
      vertex 42.13615454106892 66.91175830128417 -3
      vertex 42.31707518928161 66.94041331689448 -3
    endloop
  endfacet
  facet normal 0.05233595624296129 -0.9986295347545728 0
    outer loop
      vertex 42.5 66.95 -2
      vertex 42.31707518928161 66.94041331689448 -3
      vertex 42.5 66.95 -3
    endloop
  endfacet
  facet normal 0.9986295347545728 -0.05233595624296129 0
    outer loop
      vertex 40.75 65.2 -2
      vertex 40.75 65.2 -3
      vertex 40.759586683105525 65.3829248107184 -2
    endloop
  endfacet
  facet normal 0.9876883405951442 -0.15643446504019048 0
    outer loop
      vertex 40.759586683105525 65.3829248107184 -2
      vertex 40.759586683105525 65.3829248107184 -3
      vertex 40.78824169871584 65.56384545893108 -2
    endloop
  endfacet
  facet normal 0.9659258262890611 -0.25881904510254744 0
    outer loop
      vertex 40.78824169871584 65.56384545893108 -2
      vertex 40.78824169871584 65.56384545893108 -3
      vertex 40.83565109648348 65.74077974015616 -2
    endloop
  endfacet
  facet normal 0.9335804264972042 -0.35836794954529416 0
    outer loop
      vertex 40.83565109648348 65.74077974015616 -2
      vertex 40.83565109648348 65.74077974015616 -3
      vertex 40.90129544912545 65.91178912538265 -2
    endloop
  endfacet
  facet normal 0.8910065241883734 -0.45399049973953615 0
    outer loop
      vertex 40.90129544912545 65.91178912538265 -2
      vertex 40.90129544912545 65.91178912538265 -3
      vertex 40.98445554337723 66.075 -2
    endloop
  endfacet
  facet normal 0.8386705679454188 -0.5446390350150352 0
    outer loop
      vertex 40.98445554337723 66.075 -2
      vertex 40.98445554337723 66.075 -3
      vertex 41.08422025984384 66.22862419151183 -2
    endloop
  endfacet
  facet normal 0.7771459614569523 -0.6293203910498605 0
    outer loop
      vertex 41.08422025984384 66.22862419151183 -2
      vertex 41.08422025984384 66.22862419151183 -3
      vertex 41.19949655541456 66.370978561128 -2
    endloop
  endfacet
  facet normal 0.7071067811865862 -0.7071067811865087 0
    outer loop
      vertex 41.19949655541456 66.370978561128 -2
      vertex 41.19949655541456 66.370978561128 -3
      vertex 41.329021438872 66.50050344458545 -2
    endloop
  endfacet
  facet normal 0.6293203910498136 -0.7771459614569901 0
    outer loop
      vertex 41.329021438872 66.50050344458545 -2
      vertex 41.329021438872 66.50050344458545 -3
      vertex 41.47137580848817 66.61577974015616 -2
    endloop
  endfacet
  facet normal 0.5446390350150174 -0.8386705679454303 0
    outer loop
      vertex 41.47137580848817 66.61577974015616 -2
      vertex 41.47137580848817 66.61577974015616 -3
      vertex 41.625 66.71554445662277 -2
    endloop
  endfacet
  facet normal 0.45399049973959765 -0.8910065241883419 0
    outer loop
      vertex 41.625 66.71554445662277 -2
      vertex 41.625 66.71554445662277 -3
      vertex 41.78821087461735 66.79870455087456 -2
    endloop
  endfacet
  facet normal 0.3583679495452395 -0.9335804264972251 0
    outer loop
      vertex 41.78821087461735 66.79870455087456 -2
      vertex 41.78821087461735 66.79870455087456 -3
      vertex 41.95922025984384 66.86434890351651 -2
    endloop
  endfacet
  facet normal 0.258819045102574 -0.9659258262890541 0
    outer loop
      vertex 41.95922025984384 66.86434890351651 -2
      vertex 41.95922025984384 66.86434890351651 -3
      vertex 42.13615454106892 66.91175830128417 -2
    endloop
  endfacet
  facet normal 0.15643446504019048 -0.9876883405951442 0
    outer loop
      vertex 42.13615454106892 66.91175830128417 -2
      vertex 42.13615454106892 66.91175830128417 -3
      vertex 42.31707518928161 66.94041331689448 -2
    endloop
  endfacet
  facet normal 0.05233595624296129 -0.9986295347545728 0
    outer loop
      vertex 42.31707518928161 66.94041331689448 -2
      vertex 42.31707518928161 66.94041331689448 -3
      vertex 42.5 66.95 -2
    endloop
  endfacet
  facet normal -0.05233595624296129 0.9986295347545728 0
    outer loop
      vertex 42.5 63.45 -2
      vertex 42.68292481071839 63.45958668310553 -3
      vertex 42.5 63.45 -3
    endloop
  endfacet
  facet normal -0.15643446504019048 0.9876883405951442 0
    outer loop
      vertex 42.68292481071839 63.45958668310553 -2
      vertex 42.86384545893108 63.48824169871584 -3
      vertex 42.68292481071839 63.45958668310553 -3
    endloop
  endfacet
  facet normal -0.2588190451025378 0.9659258262890638 0
    outer loop
      vertex 42.86384545893108 63.48824169871584 -2
      vertex 43.04077974015616 63.535651096483484 -3
      vertex 42.86384545893108 63.48824169871584 -3
    endloop
  endfacet
  facet normal -0.35836794954530715 0.9335804264971992 0
    outer loop
      vertex 43.04077974015616 63.535651096483484 -2
      vertex 43.21178912538265 63.60129544912545 -3
      vertex 43.04077974015616 63.535651096483484 -3
    endloop
  endfacet
  facet normal -0.45399049973953615 0.8910065241883734 0
    outer loop
      vertex 43.21178912538265 63.60129544912545 -2
      vertex 43.375 63.68445554337723 -3
      vertex 43.21178912538265 63.60129544912545 -3
    endloop
  endfacet
  facet normal -0.5446390350150174 0.8386705679454303 0
    outer loop
      vertex 43.375 63.68445554337723 -2
      vertex 43.52862419151183 63.78422025984384 -3
      vertex 43.375 63.68445554337723 -3
    endloop
  endfacet
  facet normal -0.6293203910498605 0.7771459614569523 0
    outer loop
      vertex 43.52862419151183 63.78422025984384 -2
      vertex 43.670978561128 63.899496555414565 -3
      vertex 43.52862419151183 63.78422025984384 -3
    endloop
  endfacet
  facet normal -0.707106781186567 0.7071067811865281 0
    outer loop
      vertex 43.670978561128 63.899496555414565 -2
      vertex 43.80050344458544 64.02902143887201 -3
      vertex 43.670978561128 63.899496555414565 -3
    endloop
  endfacet
  facet normal -0.7771459614569523 0.6293203910498605 0
    outer loop
      vertex 43.80050344458544 64.02902143887201 -2
      vertex 43.91577974015616 64.17137580848818 -3
      vertex 43.80050344458544 64.02902143887201 -3
    endloop
  endfacet
  facet normal -0.8386705679454188 0.5446390350150352 0
    outer loop
      vertex 43.91577974015616 64.17137580848818 -2
      vertex 44.01554445662277 64.325 -3
      vertex 43.91577974015616 64.17137580848818 -3
    endloop
  endfacet
  facet normal -0.8910065241883734 0.45399049973953615 0
    outer loop
      vertex 44.01554445662277 64.325 -2
      vertex 44.09870455087455 64.48821087461735 -3
      vertex 44.01554445662277 64.325 -3
    endloop
  endfacet
  facet normal -0.9335804264972042 0.35836794954529416 0
    outer loop
      vertex 44.09870455087455 64.48821087461735 -2
      vertex 44.16434890351652 64.65922025984385 -3
      vertex 44.09870455087455 64.48821087461735 -3
    endloop
  endfacet
  facet normal -0.9659258262890611 0.25881904510254744 0
    outer loop
      vertex 44.16434890351652 64.65922025984385 -2
      vertex 44.21175830128416 64.83615454106892 -3
      vertex 44.16434890351652 64.65922025984385 -3
    endloop
  endfacet
  facet normal -0.9876883405951442 0.15643446504019048 0
    outer loop
      vertex 44.21175830128416 64.83615454106892 -2
      vertex 44.240413316894475 65.01707518928161 -3
      vertex 44.21175830128416 64.83615454106892 -3
    endloop
  endfacet
  facet normal -0.9986295347545728 0.05233595624296129 0
    outer loop
      vertex 44.240413316894475 65.01707518928161 -2
      vertex 44.25 65.2 -3
      vertex 44.240413316894475 65.01707518928161 -3
    endloop
  endfacet
  facet normal -0.05233595624296129 0.9986295347545728 0
    outer loop
      vertex 42.5 63.45 -2
      vertex 42.68292481071839 63.45958668310553 -2
      vertex 42.68292481071839 63.45958668310553 -3
    endloop
  endfacet
  facet normal -0.15643446504019048 0.9876883405951442 0
    outer loop
      vertex 42.68292481071839 63.45958668310553 -2
      vertex 42.86384545893108 63.48824169871584 -2
      vertex 42.86384545893108 63.48824169871584 -3
    endloop
  endfacet
  facet normal -0.2588190451025378 0.9659258262890638 0
    outer loop
      vertex 42.86384545893108 63.48824169871584 -2
      vertex 43.04077974015616 63.535651096483484 -2
      vertex 43.04077974015616 63.535651096483484 -3
    endloop
  endfacet
  facet normal -0.35836794954530715 0.9335804264971992 0
    outer loop
      vertex 43.04077974015616 63.535651096483484 -2
      vertex 43.21178912538265 63.60129544912545 -2
      vertex 43.21178912538265 63.60129544912545 -3
    endloop
  endfacet
  facet normal -0.45399049973953615 0.8910065241883734 0
    outer loop
      vertex 43.21178912538265 63.60129544912545 -2
      vertex 43.375 63.68445554337723 -2
      vertex 43.375 63.68445554337723 -3
    endloop
  endfacet
  facet normal -0.5446390350150174 0.8386705679454303 0
    outer loop
      vertex 43.375 63.68445554337723 -2
      vertex 43.52862419151183 63.78422025984384 -2
      vertex 43.52862419151183 63.78422025984384 -3
    endloop
  endfacet
  facet normal -0.6293203910498605 0.7771459614569523 0
    outer loop
      vertex 43.52862419151183 63.78422025984384 -2
      vertex 43.670978561128 63.899496555414565 -2
      vertex 43.670978561128 63.899496555414565 -3
    endloop
  endfacet
  facet normal -0.707106781186567 0.7071067811865281 0
    outer loop
      vertex 43.670978561128 63.899496555414565 -2
      vertex 43.80050344458544 64.02902143887201 -2
      vertex 43.80050344458544 64.02902143887201 -3
    endloop
  endfacet
  facet normal -0.7771459614569523 0.6293203910498605 0
    outer loop
      vertex 43.80050344458544 64.02902143887201 -2
      vertex 43.91577974015616 64.17137580848818 -2
      vertex 43.91577974015616 64.17137580848818 -3
    endloop
  endfacet
  facet normal -0.8386705679454188 0.5446390350150352 0
    outer loop
      vertex 43.91577974015616 64.17137580848818 -2
      vertex 44.01554445662277 64.325 -2
      vertex 44.01554445662277 64.325 -3
    endloop
  endfacet
  facet normal -0.8910065241883734 0.45399049973953615 0
    outer loop
      vertex 44.01554445662277 64.325 -2
      vertex 44.09870455087455 64.48821087461735 -2
      vertex 44.09870455087455 64.48821087461735 -3
    endloop
  endfacet
  facet normal -0.9335804264972042 0.35836794954529416 0
    outer loop
      vertex 44.09870455087455 64.48821087461735 -2
      vertex 44.16434890351652 64.65922025984385 -2
      vertex 44.16434890351652 64.65922025984385 -3
    endloop
  endfacet
  facet normal -0.9659258262890611 0.25881904510254744 0
    outer loop
      vertex 44.16434890351652 64.65922025984385 -2
      vertex 44.21175830128416 64.83615454106892 -2
      vertex 44.21175830128416 64.83615454106892 -3
    endloop
  endfacet
  facet normal -0.9876883405951442 0.15643446504019048 0
    outer loop
      vertex 44.21175830128416 64.83615454106892 -2
      vertex 44.240413316894475 65.01707518928161 -2
      vertex 44.240413316894475 65.01707518928161 -3
    endloop
  endfacet
  facet normal -0.9986295347545728 0.05233595624296129 0
    outer loop
      vertex 44.240413316894475 65.01707518928161 -2
      vertex 44.25 65.2 -2
      vertex 44.25 65.2 -3
    endloop
  endfacet
  facet normal -0.7071067811865862 -0.7071067811865087 0
    outer loop
      vertex 43.80050344458544 66.370978561128 -2
      vertex 43.670978561128 66.50050344458545 -3
      vertex 43.80050344458544 66.370978561128 -3
    endloop
  endfacet
  facet normal -0.05233595624296129 -0.9986295347545728 0
    outer loop
      vertex 42.68292481071839 66.94041331689448 -2
      vertex 42.5 66.95 -3
      vertex 42.68292481071839 66.94041331689448 -3
    endloop
  endfacet
  facet normal -0.15643446504019048 -0.9876883405951442 0
    outer loop
      vertex 42.86384545893108 66.91175830128417 -2
      vertex 42.68292481071839 66.94041331689448 -3
      vertex 42.86384545893108 66.91175830128417 -3
    endloop
  endfacet
  facet normal -0.258819045102574 -0.9659258262890541 0
    outer loop
      vertex 43.04077974015616 66.86434890351651 -2
      vertex 42.86384545893108 66.91175830128417 -3
      vertex 43.04077974015616 66.86434890351651 -3
    endloop
  endfacet
  facet normal -0.3583679495452395 -0.9335804264972251 0
    outer loop
      vertex 43.21178912538265 66.79870455087456 -2
      vertex 43.04077974015616 66.86434890351651 -3
      vertex 43.21178912538265 66.79870455087456 -3
    endloop
  endfacet
  facet normal -0.5446390350150174 -0.8386705679454303 0
    outer loop
      vertex 43.52862419151183 66.61577974015616 -2
      vertex 43.375 66.71554445662277 -3
      vertex 43.52862419151183 66.61577974015616 -3
    endloop
  endfacet
  facet normal -0.45399049973959765 -0.8910065241883419 0
    outer loop
      vertex 43.375 66.71554445662277 -2
      vertex 43.21178912538265 66.79870455087456 -3
      vertex 43.375 66.71554445662277 -3
    endloop
  endfacet
  facet normal -0.6293203910498136 -0.7771459614569901 0
    outer loop
      vertex 43.670978561128 66.50050344458545 -2
      vertex 43.52862419151183 66.61577974015616 -3
      vertex 43.670978561128 66.50050344458545 -3
    endloop
  endfacet
  facet normal -0.9986295347545728 -0.05233595624296129 0
    outer loop
      vertex 44.25 65.2 -2
      vertex 44.240413316894475 65.3829248107184 -3
      vertex 44.25 65.2 -3
    endloop
  endfacet
  facet normal -0.9876883405951442 -0.15643446504019048 0
    outer loop
      vertex 44.240413316894475 65.3829248107184 -2
      vertex 44.21175830128416 65.56384545893108 -3
      vertex 44.240413316894475 65.3829248107184 -3
    endloop
  endfacet
  facet normal -0.9659258262890611 -0.25881904510254744 0
    outer loop
      vertex 44.21175830128416 65.56384545893108 -2
      vertex 44.16434890351652 65.74077974015616 -3
      vertex 44.21175830128416 65.56384545893108 -3
    endloop
  endfacet
  facet normal -0.9335804264972042 -0.35836794954529416 0
    outer loop
      vertex 44.16434890351652 65.74077974015616 -2
      vertex 44.09870455087455 65.91178912538265 -3
      vertex 44.16434890351652 65.74077974015616 -3
    endloop
  endfacet
  facet normal -0.8910065241883734 -0.45399049973953615 0
    outer loop
      vertex 44.09870455087455 65.91178912538265 -2
      vertex 44.01554445662277 66.075 -3
      vertex 44.09870455087455 65.91178912538265 -3
    endloop
  endfacet
  facet normal -0.8386705679454188 -0.5446390350150352 0
    outer loop
      vertex 44.01554445662277 66.075 -2
      vertex 43.91577974015616 66.22862419151183 -3
      vertex 44.01554445662277 66.075 -3
    endloop
  endfacet
  facet normal -0.7771459614569523 -0.6293203910498605 0
    outer loop
      vertex 43.91577974015616 66.22862419151183 -2
      vertex 43.80050344458544 66.370978561128 -3
      vertex 43.91577974015616 66.22862419151183 -3
    endloop
  endfacet
  facet normal -0.05233595624296129 -0.9986295347545728 0
    outer loop
      vertex 42.5 66.95 -2
      vertex 42.5 66.95 -3
      vertex 42.68292481071839 66.94041331689448 -2
    endloop
  endfacet
  facet normal -0.15643446504019048 -0.9876883405951442 0
    outer loop
      vertex 42.68292481071839 66.94041331689448 -2
      vertex 42.68292481071839 66.94041331689448 -3
      vertex 42.86384545893108 66.91175830128417 -2
    endloop
  endfacet
  facet normal -0.258819045102574 -0.9659258262890541 0
    outer loop
      vertex 42.86384545893108 66.91175830128417 -2
      vertex 42.86384545893108 66.91175830128417 -3
      vertex 43.04077974015616 66.86434890351651 -2
    endloop
  endfacet
  facet normal -0.3583679495452395 -0.9335804264972251 0
    outer loop
      vertex 43.04077974015616 66.86434890351651 -2
      vertex 43.04077974015616 66.86434890351651 -3
      vertex 43.21178912538265 66.79870455087456 -2
    endloop
  endfacet
  facet normal -0.5446390350150174 -0.8386705679454303 0
    outer loop
      vertex 43.52862419151183 66.61577974015616 -2
      vertex 43.375 66.71554445662277 -2
      vertex 43.375 66.71554445662277 -3
    endloop
  endfacet
  facet normal -0.45399049973959765 -0.8910065241883419 0
    outer loop
      vertex 43.21178912538265 66.79870455087456 -2
      vertex 43.21178912538265 66.79870455087456 -3
      vertex 43.375 66.71554445662277 -2
    endloop
  endfacet
  facet normal -0.6293203910498136 -0.7771459614569901 0
    outer loop
      vertex 43.52862419151183 66.61577974015616 -2
      vertex 43.52862419151183 66.61577974015616 -3
      vertex 43.670978561128 66.50050344458545 -2
    endloop
  endfacet
  facet normal -0.7071067811865862 -0.7071067811865087 0
    outer loop
      vertex 43.670978561128 66.50050344458545 -2
      vertex 43.670978561128 66.50050344458545 -3
      vertex 43.80050344458544 66.370978561128 -2
    endloop
  endfacet
  facet normal -0.9986295347545728 -0.05233595624296129 0
    outer loop
      vertex 44.25 65.2 -2
      vertex 44.240413316894475 65.3829248107184 -2
      vertex 44.240413316894475 65.3829248107184 -3
    endloop
  endfacet
  facet normal -0.9876883405951442 -0.15643446504019048 0
    outer loop
      vertex 44.240413316894475 65.3829248107184 -2
      vertex 44.21175830128416 65.56384545893108 -2
      vertex 44.21175830128416 65.56384545893108 -3
    endloop
  endfacet
  facet normal -0.9659258262890611 -0.25881904510254744 0
    outer loop
      vertex 44.16434890351652 65.74077974015616 -2
      vertex 44.16434890351652 65.74077974015616 -3
      vertex 44.21175830128416 65.56384545893108 -2
    endloop
  endfacet
  facet normal -0.9335804264972042 -0.35836794954529416 0
    outer loop
      vertex 44.16434890351652 65.74077974015616 -2
      vertex 44.09870455087455 65.91178912538265 -2
      vertex 44.09870455087455 65.91178912538265 -3
    endloop
  endfacet
  facet normal -0.8910065241883734 -0.45399049973953615 0
    outer loop
      vertex 44.09870455087455 65.91178912538265 -2
      vertex 44.01554445662277 66.075 -2
      vertex 44.01554445662277 66.075 -3
    endloop
  endfacet
  facet normal -0.8386705679454188 -0.5446390350150352 0
    outer loop
      vertex 43.91577974015616 66.22862419151183 -2
      vertex 43.91577974015616 66.22862419151183 -3
      vertex 44.01554445662277 66.075 -2
    endloop
  endfacet
  facet normal -0.7771459614569523 -0.6293203910498605 0
    outer loop
      vertex 43.91577974015616 66.22862419151183 -2
      vertex 43.80050344458544 66.370978561128 -2
      vertex 43.80050344458544 66.370978561128 -3
    endloop
  endfacet
  facet normal 0.77714596145696 0.629320391049851 0
    outer loop
      vertex 41.08422025984384 13.971375808488173 -2
      vertex 41.19949655541456 13.829021438871997 -3
      vertex 41.08422025984384 13.971375808488173 -3
    endloop
  endfacet
  facet normal 0.8386705679454246 0.5446390350150263 0
    outer loop
      vertex 40.98445554337723 14.125 -2
      vertex 41.08422025984384 13.971375808488173 -3
      vertex 40.98445554337723 14.125 -3
    endloop
  endfacet
  facet normal 0.8910065241883752 0.45399049973953215 0
    outer loop
      vertex 40.90129544912545 14.28821087461735 -2
      vertex 40.98445554337723 14.125 -3
      vertex 40.90129544912545 14.28821087461735 -3
    endloop
  endfacet
  facet normal 0.9335804264972004 0.3583679495453039 0
    outer loop
      vertex 40.83565109648348 14.459220259843843 -2
      vertex 40.90129544912545 14.28821087461735 -3
      vertex 40.83565109648348 14.459220259843843 -3
    endloop
  endfacet
  facet normal 0.9659258262890631 0.2588190451025402 0
    outer loop
      vertex 40.78824169871584 14.63615454106892 -2
      vertex 40.83565109648348 14.459220259843843 -3
      vertex 40.78824169871584 14.63615454106892 -3
    endloop
  endfacet
  facet normal 0.9876883405951433 0.15643446504019498 0
    outer loop
      vertex 40.759586683105525 14.817075189281606 -2
      vertex 40.78824169871584 14.63615454106892 -3
      vertex 40.759586683105525 14.817075189281606 -3
    endloop
  endfacet
  facet normal 0.9986295347545731 0.05233595624296029 0
    outer loop
      vertex 40.75 15 -2
      vertex 40.759586683105525 14.817075189281606 -3
      vertex 40.75 15 -3
    endloop
  endfacet
  facet normal 0.6293203910498429 0.7771459614569665 0
    outer loop
      vertex 41.329021438872 13.69949655541456 -2
      vertex 41.47137580848817 13.584220259843843 -3
      vertex 41.329021438872 13.69949655541456 -3
    endloop
  endfacet
  facet normal 0.45399049973954375 0.8910065241883693 0
    outer loop
      vertex 41.625 13.484455543377232 -2
      vertex 41.78821087461735 13.401295449125449 -3
      vertex 41.625 13.484455543377232 -3
    endloop
  endfacet
  facet normal 0.5446390350150243 0.8386705679454259 0
    outer loop
      vertex 41.47137580848817 13.584220259843843 -2
      vertex 41.625 13.484455543377232 -3
      vertex 41.47137580848817 13.584220259843843 -3
    endloop
  endfacet
  facet normal 0.35836794954530715 0.9335804264971992 0
    outer loop
      vertex 41.78821087461735 13.401295449125449 -2
      vertex 41.95922025984384 13.335651096483481 -3
      vertex 41.78821087461735 13.401295449125449 -3
    endloop
  endfacet
  facet normal 0.2588190451025197 0.9659258262890685 0
    outer loop
      vertex 41.95922025984384 13.335651096483481 -2
      vertex 42.13615454106892 13.28824169871584 -3
      vertex 41.95922025984384 13.335651096483481 -3
    endloop
  endfacet
  facet normal 0.15643446504022834 0.9876883405951382 0
    outer loop
      vertex 42.13615454106892 13.28824169871584 -2
      vertex 42.31707518928161 13.259586683105521 -3
      vertex 42.13615454106892 13.28824169871584 -3
    endloop
  endfacet
  facet normal 0.052335956242941954 0.9986295347545739 0
    outer loop
      vertex 42.31707518928161 13.259586683105521 -2
      vertex 42.5 13.25 -3
      vertex 42.31707518928161 13.259586683105521 -3
    endloop
  endfacet
  facet normal 0.7071067811865523 0.7071067811865427 0
    outer loop
      vertex 41.19949655541456 13.829021438871997 -2
      vertex 41.329021438872 13.69949655541456 -3
      vertex 41.19949655541456 13.829021438871997 -3
    endloop
  endfacet
  facet normal 0.77714596145696 0.629320391049851 0
    outer loop
      vertex 41.19949655541456 13.829021438871997 -2
      vertex 41.19949655541456 13.829021438871997 -3
      vertex 41.08422025984384 13.971375808488173 -2
    endloop
  endfacet
  facet normal 0.8386705679454246 0.5446390350150263 0
    outer loop
      vertex 40.98445554337723 14.125 -2
      vertex 41.08422025984384 13.971375808488173 -2
      vertex 41.08422025984384 13.971375808488173 -3
    endloop
  endfacet
  facet normal 0.8910065241883752 0.45399049973953215 0
    outer loop
      vertex 40.98445554337723 14.125 -2
      vertex 40.98445554337723 14.125 -3
      vertex 40.90129544912545 14.28821087461735 -2
    endloop
  endfacet
  facet normal 0.9335804264972004 0.3583679495453039 0
    outer loop
      vertex 40.90129544912545 14.28821087461735 -2
      vertex 40.90129544912545 14.28821087461735 -3
      vertex 40.83565109648348 14.459220259843843 -2
    endloop
  endfacet
  facet normal 0.9659258262890631 0.2588190451025402 0
    outer loop
      vertex 40.78824169871584 14.63615454106892 -2
      vertex 40.83565109648348 14.459220259843843 -2
      vertex 40.83565109648348 14.459220259843843 -3
    endloop
  endfacet
  facet normal 0.9876883405951433 0.15643446504019498 0
    outer loop
      vertex 40.78824169871584 14.63615454106892 -2
      vertex 40.78824169871584 14.63615454106892 -3
      vertex 40.759586683105525 14.817075189281606 -2
    endloop
  endfacet
  facet normal 0.9986295347545731 0.05233595624296029 0
    outer loop
      vertex 40.759586683105525 14.817075189281606 -2
      vertex 40.759586683105525 14.817075189281606 -3
      vertex 40.75 15 -2
    endloop
  endfacet
  facet normal 0.7071067811865523 0.7071067811865427 0
    outer loop
      vertex 41.19949655541456 13.829021438871997 -2
      vertex 41.329021438872 13.69949655541456 -2
      vertex 41.329021438872 13.69949655541456 -3
    endloop
  endfacet
  facet normal 0.6293203910498429 0.7771459614569665 0
    outer loop
      vertex 41.329021438872 13.69949655541456 -2
      vertex 41.47137580848817 13.584220259843843 -2
      vertex 41.47137580848817 13.584220259843843 -3
    endloop
  endfacet
  facet normal 0.45399049973954375 0.8910065241883693 0
    outer loop
      vertex 41.625 13.484455543377232 -2
      vertex 41.78821087461735 13.401295449125449 -2
      vertex 41.78821087461735 13.401295449125449 -3
    endloop
  endfacet
  facet normal 0.5446390350150243 0.8386705679454259 0
    outer loop
      vertex 41.625 13.484455543377232 -2
      vertex 41.625 13.484455543377232 -3
      vertex 41.47137580848817 13.584220259843843 -2
    endloop
  endfacet
  facet normal 0.35836794954530715 0.9335804264971992 0
    outer loop
      vertex 41.78821087461735 13.401295449125449 -2
      vertex 41.95922025984384 13.335651096483481 -2
      vertex 41.95922025984384 13.335651096483481 -3
    endloop
  endfacet
  facet normal 0.2588190451025197 0.9659258262890685 0
    outer loop
      vertex 41.95922025984384 13.335651096483481 -2
      vertex 42.13615454106892 13.28824169871584 -2
      vertex 42.13615454106892 13.28824169871584 -3
    endloop
  endfacet
  facet normal 0.15643446504022834 0.9876883405951382 0
    outer loop
      vertex 42.13615454106892 13.28824169871584 -2
      vertex 42.31707518928161 13.259586683105521 -2
      vertex 42.31707518928161 13.259586683105521 -3
    endloop
  endfacet
  facet normal 0.052335956242941954 0.9986295347545739 0
    outer loop
      vertex 42.31707518928161 13.259586683105521 -2
      vertex 42.5 13.25 -2
      vertex 42.5 13.25 -3
    endloop
  endfacet
  facet normal 0.9986295347545731 -0.05233595624296029 0
    outer loop
      vertex 40.759586683105525 15.182924810718394 -2
      vertex 40.75 15 -3
      vertex 40.759586683105525 15.182924810718394 -3
    endloop
  endfacet
  facet normal 0.9876883405951433 -0.15643446504019498 0
    outer loop
      vertex 40.78824169871584 15.36384545893108 -2
      vertex 40.759586683105525 15.182924810718394 -3
      vertex 40.78824169871584 15.36384545893108 -3
    endloop
  endfacet
  facet normal 0.9659258262890631 -0.2588190451025402 0
    outer loop
      vertex 40.83565109648348 15.540779740156157 -2
      vertex 40.78824169871584 15.36384545893108 -3
      vertex 40.83565109648348 15.540779740156157 -3
    endloop
  endfacet
  facet normal 0.9335804264972004 -0.3583679495453039 0
    outer loop
      vertex 40.90129544912545 15.71178912538265 -2
      vertex 40.83565109648348 15.540779740156157 -3
      vertex 40.90129544912545 15.71178912538265 -3
    endloop
  endfacet
  facet normal 0.8910065241883752 -0.45399049973953215 0
    outer loop
      vertex 40.98445554337723 15.875 -2
      vertex 40.90129544912545 15.71178912538265 -3
      vertex 40.98445554337723 15.875 -3
    endloop
  endfacet
  facet normal 0.8386705679454246 -0.5446390350150263 0
    outer loop
      vertex 41.08422025984384 16.028624191511827 -2
      vertex 40.98445554337723 15.875 -3
      vertex 41.08422025984384 16.028624191511827 -3
    endloop
  endfacet
  facet normal 0.77714596145696 -0.629320391049851 0
    outer loop
      vertex 41.19949655541456 16.170978561128003 -2
      vertex 41.08422025984384 16.028624191511827 -3
      vertex 41.19949655541456 16.170978561128003 -3
    endloop
  endfacet
  facet normal 0.7071067811865572 -0.7071067811865378 0
    outer loop
      vertex 41.329021438872 16.30050344458544 -2
      vertex 41.19949655541456 16.170978561128003 -3
      vertex 41.329021438872 16.30050344458544 -3
    endloop
  endfacet
  facet normal 0.6293203910498371 -0.7771459614569712 0
    outer loop
      vertex 41.47137580848817 16.415779740156157 -2
      vertex 41.329021438872 16.30050344458544 -3
      vertex 41.47137580848817 16.415779740156157 -3
    endloop
  endfacet
  facet normal 0.5446390350150174 -0.8386705679454303 0
    outer loop
      vertex 41.625 16.515544456622766 -2
      vertex 41.47137580848817 16.415779740156157 -3
      vertex 41.625 16.515544456622766 -3
    endloop
  endfacet
  facet normal 0.4539904997395515 -0.8910065241883656 0
    outer loop
      vertex 41.78821087461735 16.59870455087455 -2
      vertex 41.625 16.515544456622766 -3
      vertex 41.78821087461735 16.59870455087455 -3
    endloop
  endfacet
  facet normal 0.35836794954530715 -0.9335804264971992 0
    outer loop
      vertex 41.95922025984384 16.66434890351652 -2
      vertex 41.78821087461735 16.59870455087455 -3
      vertex 41.95922025984384 16.66434890351652 -3
    endloop
  endfacet
  facet normal 0.2588190451025197 -0.9659258262890685 0
    outer loop
      vertex 42.13615454106892 16.71175830128416 -2
      vertex 41.95922025984384 16.66434890351652 -3
      vertex 42.13615454106892 16.71175830128416 -3
    endloop
  endfacet
  facet normal 0.15643446504022834 -0.9876883405951382 0
    outer loop
      vertex 42.31707518928161 16.74041331689448 -2
      vertex 42.13615454106892 16.71175830128416 -3
      vertex 42.31707518928161 16.74041331689448 -3
    endloop
  endfacet
  facet normal 0.052335956242941954 -0.9986295347545739 0
    outer loop
      vertex 42.5 16.75 -2
      vertex 42.31707518928161 16.74041331689448 -3
      vertex 42.5 16.75 -3
    endloop
  endfacet
  facet normal 0.9986295347545731 -0.05233595624296029 0
    outer loop
      vertex 40.75 15 -2
      vertex 40.75 15 -3
      vertex 40.759586683105525 15.182924810718394 -2
    endloop
  endfacet
  facet normal 0.9876883405951433 -0.15643446504019498 0
    outer loop
      vertex 40.759586683105525 15.182924810718394 -2
      vertex 40.759586683105525 15.182924810718394 -3
      vertex 40.78824169871584 15.36384545893108 -2
    endloop
  endfacet
  facet normal 0.9659258262890631 -0.2588190451025402 0
    outer loop
      vertex 40.78824169871584 15.36384545893108 -2
      vertex 40.78824169871584 15.36384545893108 -3
      vertex 40.83565109648348 15.540779740156157 -2
    endloop
  endfacet
  facet normal 0.9335804264972004 -0.3583679495453039 0
    outer loop
      vertex 40.83565109648348 15.540779740156157 -2
      vertex 40.83565109648348 15.540779740156157 -3
      vertex 40.90129544912545 15.71178912538265 -2
    endloop
  endfacet
  facet normal 0.8910065241883752 -0.45399049973953215 0
    outer loop
      vertex 40.90129544912545 15.71178912538265 -2
      vertex 40.90129544912545 15.71178912538265 -3
      vertex 40.98445554337723 15.875 -2
    endloop
  endfacet
  facet normal 0.8386705679454246 -0.5446390350150263 0
    outer loop
      vertex 40.98445554337723 15.875 -2
      vertex 40.98445554337723 15.875 -3
      vertex 41.08422025984384 16.028624191511827 -2
    endloop
  endfacet
  facet normal 0.77714596145696 -0.629320391049851 0
    outer loop
      vertex 41.08422025984384 16.028624191511827 -2
      vertex 41.08422025984384 16.028624191511827 -3
      vertex 41.19949655541456 16.170978561128003 -2
    endloop
  endfacet
  facet normal 0.7071067811865572 -0.7071067811865378 0
    outer loop
      vertex 41.19949655541456 16.170978561128003 -2
      vertex 41.19949655541456 16.170978561128003 -3
      vertex 41.329021438872 16.30050344458544 -2
    endloop
  endfacet
  facet normal 0.6293203910498371 -0.7771459614569712 0
    outer loop
      vertex 41.329021438872 16.30050344458544 -2
      vertex 41.329021438872 16.30050344458544 -3
      vertex 41.47137580848817 16.415779740156157 -2
    endloop
  endfacet
  facet normal 0.5446390350150174 -0.8386705679454303 0
    outer loop
      vertex 41.47137580848817 16.415779740156157 -2
      vertex 41.47137580848817 16.415779740156157 -3
      vertex 41.625 16.515544456622766 -2
    endloop
  endfacet
  facet normal 0.4539904997395515 -0.8910065241883656 0
    outer loop
      vertex 41.625 16.515544456622766 -2
      vertex 41.625 16.515544456622766 -3
      vertex 41.78821087461735 16.59870455087455 -2
    endloop
  endfacet
  facet normal 0.35836794954530715 -0.9335804264971992 0
    outer loop
      vertex 41.78821087461735 16.59870455087455 -2
      vertex 41.78821087461735 16.59870455087455 -3
      vertex 41.95922025984384 16.66434890351652 -2
    endloop
  endfacet
  facet normal 0.2588190451025197 -0.9659258262890685 0
    outer loop
      vertex 41.95922025984384 16.66434890351652 -2
      vertex 41.95922025984384 16.66434890351652 -3
      vertex 42.13615454106892 16.71175830128416 -2
    endloop
  endfacet
  facet normal 0.15643446504022834 -0.9876883405951382 0
    outer loop
      vertex 42.13615454106892 16.71175830128416 -2
      vertex 42.13615454106892 16.71175830128416 -3
      vertex 42.31707518928161 16.74041331689448 -2
    endloop
  endfacet
  facet normal 0.052335956242941954 -0.9986295347545739 0
    outer loop
      vertex 42.31707518928161 16.74041331689448 -2
      vertex 42.31707518928161 16.74041331689448 -3
      vertex 42.5 16.75 -2
    endloop
  endfacet
  facet normal -0.052335956242941954 0.9986295347545739 0
    outer loop
      vertex 42.5 13.25 -2
      vertex 42.68292481071839 13.259586683105521 -3
      vertex 42.5 13.25 -3
    endloop
  endfacet
  facet normal -0.15643446504022834 0.9876883405951382 0
    outer loop
      vertex 42.68292481071839 13.259586683105521 -2
      vertex 42.86384545893108 13.28824169871584 -3
      vertex 42.68292481071839 13.259586683105521 -3
    endloop
  endfacet
  facet normal -0.2588190451025197 0.9659258262890685 0
    outer loop
      vertex 42.86384545893108 13.28824169871584 -2
      vertex 43.04077974015616 13.335651096483481 -3
      vertex 42.86384545893108 13.28824169871584 -3
    endloop
  endfacet
  facet normal -0.35836794954530715 0.9335804264971992 0
    outer loop
      vertex 43.04077974015616 13.335651096483481 -2
      vertex 43.21178912538265 13.401295449125449 -3
      vertex 43.04077974015616 13.335651096483481 -3
    endloop
  endfacet
  facet normal -0.45399049973954375 0.8910065241883693 0
    outer loop
      vertex 43.21178912538265 13.401295449125449 -2
      vertex 43.375 13.484455543377232 -3
      vertex 43.21178912538265 13.401295449125449 -3
    endloop
  endfacet
  facet normal -0.5446390350150243 0.8386705679454259 0
    outer loop
      vertex 43.375 13.484455543377232 -2
      vertex 43.52862419151183 13.584220259843843 -3
      vertex 43.375 13.484455543377232 -3
    endloop
  endfacet
  facet normal -0.6293203910498429 0.7771459614569665 0
    outer loop
      vertex 43.52862419151183 13.584220259843843 -2
      vertex 43.670978561128 13.69949655541456 -3
      vertex 43.52862419151183 13.584220259843843 -3
    endloop
  endfacet
  facet normal -0.7071067811865523 0.7071067811865427 0
    outer loop
      vertex 43.670978561128 13.69949655541456 -2
      vertex 43.80050344458544 13.829021438871997 -3
      vertex 43.670978561128 13.69949655541456 -3
    endloop
  endfacet
  facet normal -0.77714596145696 0.629320391049851 0
    outer loop
      vertex 43.80050344458544 13.829021438871997 -2
      vertex 43.91577974015616 13.971375808488173 -3
      vertex 43.80050344458544 13.829021438871997 -3
    endloop
  endfacet
  facet normal -0.8386705679454246 0.5446390350150263 0
    outer loop
      vertex 43.91577974015616 13.971375808488173 -2
      vertex 44.01554445662277 14.125 -3
      vertex 43.91577974015616 13.971375808488173 -3
    endloop
  endfacet
  facet normal -0.8910065241883752 0.45399049973953215 0
    outer loop
      vertex 44.01554445662277 14.125 -2
      vertex 44.09870455087455 14.28821087461735 -3
      vertex 44.01554445662277 14.125 -3
    endloop
  endfacet
  facet normal -0.9335804264972004 0.3583679495453039 0
    outer loop
      vertex 44.09870455087455 14.28821087461735 -2
      vertex 44.16434890351652 14.459220259843843 -3
      vertex 44.09870455087455 14.28821087461735 -3
    endloop
  endfacet
  facet normal -0.9659258262890631 0.2588190451025402 0
    outer loop
      vertex 44.16434890351652 14.459220259843843 -2
      vertex 44.21175830128416 14.63615454106892 -3
      vertex 44.16434890351652 14.459220259843843 -3
    endloop
  endfacet
  facet normal -0.9876883405951433 0.15643446504019498 0
    outer loop
      vertex 44.21175830128416 14.63615454106892 -2
      vertex 44.240413316894475 14.817075189281606 -3
      vertex 44.21175830128416 14.63615454106892 -3
    endloop
  endfacet
  facet normal -0.9986295347545731 0.05233595624296029 0
    outer loop
      vertex 44.240413316894475 14.817075189281606 -2
      vertex 44.25 15 -3
      vertex 44.240413316894475 14.817075189281606 -3
    endloop
  endfacet
  facet normal -0.052335956242941954 0.9986295347545739 0
    outer loop
      vertex 42.5 13.25 -2
      vertex 42.68292481071839 13.259586683105521 -2
      vertex 42.68292481071839 13.259586683105521 -3
    endloop
  endfacet
  facet normal -0.15643446504022834 0.9876883405951382 0
    outer loop
      vertex 42.68292481071839 13.259586683105521 -2
      vertex 42.86384545893108 13.28824169871584 -2
      vertex 42.86384545893108 13.28824169871584 -3
    endloop
  endfacet
  facet normal -0.2588190451025197 0.9659258262890685 0
    outer loop
      vertex 42.86384545893108 13.28824169871584 -2
      vertex 43.04077974015616 13.335651096483481 -2
      vertex 43.04077974015616 13.335651096483481 -3
    endloop
  endfacet
  facet normal -0.35836794954530715 0.9335804264971992 0
    outer loop
      vertex 43.04077974015616 13.335651096483481 -2
      vertex 43.21178912538265 13.401295449125449 -2
      vertex 43.21178912538265 13.401295449125449 -3
    endloop
  endfacet
  facet normal -0.45399049973954375 0.8910065241883693 0
    outer loop
      vertex 43.21178912538265 13.401295449125449 -2
      vertex 43.375 13.484455543377232 -2
      vertex 43.375 13.484455543377232 -3
    endloop
  endfacet
  facet normal -0.5446390350150243 0.8386705679454259 0
    outer loop
      vertex 43.375 13.484455543377232 -2
      vertex 43.52862419151183 13.584220259843843 -2
      vertex 43.52862419151183 13.584220259843843 -3
    endloop
  endfacet
  facet normal -0.6293203910498429 0.7771459614569665 0
    outer loop
      vertex 43.52862419151183 13.584220259843843 -2
      vertex 43.670978561128 13.69949655541456 -2
      vertex 43.670978561128 13.69949655541456 -3
    endloop
  endfacet
  facet normal -0.7071067811865523 0.7071067811865427 0
    outer loop
      vertex 43.670978561128 13.69949655541456 -2
      vertex 43.80050344458544 13.829021438871997 -2
      vertex 43.80050344458544 13.829021438871997 -3
    endloop
  endfacet
  facet normal -0.77714596145696 0.629320391049851 0
    outer loop
      vertex 43.80050344458544 13.829021438871997 -2
      vertex 43.91577974015616 13.971375808488173 -2
      vertex 43.91577974015616 13.971375808488173 -3
    endloop
  endfacet
  facet normal -0.8386705679454246 0.5446390350150263 0
    outer loop
      vertex 43.91577974015616 13.971375808488173 -2
      vertex 44.01554445662277 14.125 -2
      vertex 44.01554445662277 14.125 -3
    endloop
  endfacet
  facet normal -0.8910065241883752 0.45399049973953215 0
    outer loop
      vertex 44.01554445662277 14.125 -2
      vertex 44.09870455087455 14.28821087461735 -2
      vertex 44.09870455087455 14.28821087461735 -3
    endloop
  endfacet
  facet normal -0.9335804264972004 0.3583679495453039 0
    outer loop
      vertex 44.09870455087455 14.28821087461735 -2
      vertex 44.16434890351652 14.459220259843843 -2
      vertex 44.16434890351652 14.459220259843843 -3
    endloop
  endfacet
  facet normal -0.9659258262890631 0.2588190451025402 0
    outer loop
      vertex 44.16434890351652 14.459220259843843 -2
      vertex 44.21175830128416 14.63615454106892 -2
      vertex 44.21175830128416 14.63615454106892 -3
    endloop
  endfacet
  facet normal -0.9876883405951433 0.15643446504019498 0
    outer loop
      vertex 44.21175830128416 14.63615454106892 -2
      vertex 44.240413316894475 14.817075189281606 -2
      vertex 44.240413316894475 14.817075189281606 -3
    endloop
  endfacet
  facet normal -0.9986295347545731 0.05233595624296029 0
    outer loop
      vertex 44.240413316894475 14.817075189281606 -2
      vertex 44.25 15 -2
      vertex 44.25 15 -3
    endloop
  endfacet
  facet normal -0.7071067811865572 -0.7071067811865378 0
    outer loop
      vertex 43.80050344458544 16.170978561128003 -2
      vertex 43.670978561128 16.30050344458544 -3
      vertex 43.80050344458544 16.170978561128003 -3
    endloop
  endfacet
  facet normal -0.052335956242941954 -0.9986295347545739 0
    outer loop
      vertex 42.68292481071839 16.74041331689448 -2
      vertex 42.5 16.75 -3
      vertex 42.68292481071839 16.74041331689448 -3
    endloop
  endfacet
  facet normal -0.15643446504022834 -0.9876883405951382 0
    outer loop
      vertex 42.86384545893108 16.71175830128416 -2
      vertex 42.68292481071839 16.74041331689448 -3
      vertex 42.86384545893108 16.71175830128416 -3
    endloop
  endfacet
  facet normal -0.2588190451025197 -0.9659258262890685 0
    outer loop
      vertex 43.04077974015616 16.66434890351652 -2
      vertex 42.86384545893108 16.71175830128416 -3
      vertex 43.04077974015616 16.66434890351652 -3
    endloop
  endfacet
  facet normal -0.35836794954530715 -0.9335804264971992 0
    outer loop
      vertex 43.21178912538265 16.59870455087455 -2
      vertex 43.04077974015616 16.66434890351652 -3
      vertex 43.21178912538265 16.59870455087455 -3
    endloop
  endfacet
  facet normal -0.4539904997395515 -0.8910065241883656 0
    outer loop
      vertex 43.375 16.515544456622766 -2
      vertex 43.21178912538265 16.59870455087455 -3
      vertex 43.375 16.515544456622766 -3
    endloop
  endfacet
  facet normal -0.5446390350150174 -0.8386705679454303 0
    outer loop
      vertex 43.52862419151183 16.415779740156157 -2
      vertex 43.375 16.515544456622766 -3
      vertex 43.52862419151183 16.415779740156157 -3
    endloop
  endfacet
  facet normal -0.6293203910498371 -0.7771459614569712 0
    outer loop
      vertex 43.670978561128 16.30050344458544 -2
      vertex 43.52862419151183 16.415779740156157 -3
      vertex 43.670978561128 16.30050344458544 -3
    endloop
  endfacet
  facet normal -0.9335804264972004 -0.3583679495453039 0
    outer loop
      vertex 44.16434890351652 15.540779740156157 -2
      vertex 44.09870455087455 15.71178912538265 -3
      vertex 44.16434890351652 15.540779740156157 -3
    endloop
  endfacet
  facet normal -0.9986295347545731 -0.05233595624296029 0
    outer loop
      vertex 44.25 15 -2
      vertex 44.240413316894475 15.182924810718394 -3
      vertex 44.25 15 -3
    endloop
  endfacet
  facet normal -0.9876883405951433 -0.15643446504019498 0
    outer loop
      vertex 44.240413316894475 15.182924810718394 -2
      vertex 44.21175830128416 15.36384545893108 -3
      vertex 44.240413316894475 15.182924810718394 -3
    endloop
  endfacet
  facet normal -0.9659258262890631 -0.2588190451025402 0
    outer loop
      vertex 44.21175830128416 15.36384545893108 -2
      vertex 44.16434890351652 15.540779740156157 -3
      vertex 44.21175830128416 15.36384545893108 -3
    endloop
  endfacet
  facet normal -0.8386705679454246 -0.5446390350150263 0
    outer loop
      vertex 44.01554445662277 15.875 -2
      vertex 43.91577974015616 16.028624191511827 -3
      vertex 44.01554445662277 15.875 -3
    endloop
  endfacet
  facet normal -0.8910065241883752 -0.45399049973953215 0
    outer loop
      vertex 44.09870455087455 15.71178912538265 -2
      vertex 44.01554445662277 15.875 -3
      vertex 44.09870455087455 15.71178912538265 -3
    endloop
  endfacet
  facet normal -0.77714596145696 -0.629320391049851 0
    outer loop
      vertex 43.91577974015616 16.028624191511827 -2
      vertex 43.80050344458544 16.170978561128003 -3
      vertex 43.91577974015616 16.028624191511827 -3
    endloop
  endfacet
  facet normal -0.7071067811865572 -0.7071067811865378 0
    outer loop
      vertex 43.80050344458544 16.170978561128003 -2
      vertex 43.670978561128 16.30050344458544 -2
      vertex 43.670978561128 16.30050344458544 -3
    endloop
  endfacet
  facet normal -0.052335956242941954 -0.9986295347545739 0
    outer loop
      vertex 42.5 16.75 -2
      vertex 42.5 16.75 -3
      vertex 42.68292481071839 16.74041331689448 -2
    endloop
  endfacet
  facet normal -0.15643446504022834 -0.9876883405951382 0
    outer loop
      vertex 42.68292481071839 16.74041331689448 -2
      vertex 42.68292481071839 16.74041331689448 -3
      vertex 42.86384545893108 16.71175830128416 -2
    endloop
  endfacet
  facet normal -0.2588190451025197 -0.9659258262890685 0
    outer loop
      vertex 42.86384545893108 16.71175830128416 -2
      vertex 42.86384545893108 16.71175830128416 -3
      vertex 43.04077974015616 16.66434890351652 -2
    endloop
  endfacet
  facet normal -0.35836794954530715 -0.9335804264971992 0
    outer loop
      vertex 43.21178912538265 16.59870455087455 -2
      vertex 43.04077974015616 16.66434890351652 -2
      vertex 43.04077974015616 16.66434890351652 -3
    endloop
  endfacet
  facet normal -0.4539904997395515 -0.8910065241883656 0
    outer loop
      vertex 43.21178912538265 16.59870455087455 -2
      vertex 43.21178912538265 16.59870455087455 -3
      vertex 43.375 16.515544456622766 -2
    endloop
  endfacet
  facet normal -0.5446390350150174 -0.8386705679454303 0
    outer loop
      vertex 43.375 16.515544456622766 -2
      vertex 43.375 16.515544456622766 -3
      vertex 43.52862419151183 16.415779740156157 -2
    endloop
  endfacet
  facet normal -0.6293203910498371 -0.7771459614569712 0
    outer loop
      vertex 43.670978561128 16.30050344458544 -2
      vertex 43.52862419151183 16.415779740156157 -2
      vertex 43.52862419151183 16.415779740156157 -3
    endloop
  endfacet
  facet normal -0.9335804264972004 -0.3583679495453039 0
    outer loop
      vertex 44.16434890351652 15.540779740156157 -2
      vertex 44.09870455087455 15.71178912538265 -2
      vertex 44.09870455087455 15.71178912538265 -3
    endloop
  endfacet
  facet normal -0.9986295347545731 -0.05233595624296029 0
    outer loop
      vertex 44.25 15 -2
      vertex 44.240413316894475 15.182924810718394 -2
      vertex 44.240413316894475 15.182924810718394 -3
    endloop
  endfacet
  facet normal -0.9876883405951433 -0.15643446504019498 0
    outer loop
      vertex 44.240413316894475 15.182924810718394 -2
      vertex 44.21175830128416 15.36384545893108 -2
      vertex 44.21175830128416 15.36384545893108 -3
    endloop
  endfacet
  facet normal -0.9659258262890631 -0.2588190451025402 0
    outer loop
      vertex 44.16434890351652 15.540779740156157 -2
      vertex 44.16434890351652 15.540779740156157 -3
      vertex 44.21175830128416 15.36384545893108 -2
    endloop
  endfacet
  facet normal -0.8910065241883752 -0.45399049973953215 0
    outer loop
      vertex 44.09870455087455 15.71178912538265 -2
      vertex 44.01554445662277 15.875 -2
      vertex 44.01554445662277 15.875 -3
    endloop
  endfacet
  facet normal -0.77714596145696 -0.629320391049851 0
    outer loop
      vertex 43.80050344458544 16.170978561128003 -2
      vertex 43.80050344458544 16.170978561128003 -3
      vertex 43.91577974015616 16.028624191511827 -2
    endloop
  endfacet
  facet normal -0.8386705679454246 -0.5446390350150263 0
    outer loop
      vertex 43.91577974015616 16.028624191511827 -2
      vertex 43.91577974015616 16.028624191511827 -3
      vertex 44.01554445662277 15.875 -2
    endloop
  endfacet
  facet normal 0.2878567769264395 0.7498925417690557 0.5956506121684649
    outer loop
      vertex 69.45922025984385 38.43565109648348 -2
      vertex 68.68414655321764 37.14454476945822 0
      vertex 69.00028412958402 37.023190923767906 0
    endloop
  endfacet
  facet normal 0.6242375523543481 0.5054976028172518 0.5956506121684629
    outer loop
      vertex 68.58422025984385 39.07137580848817 -2
      vertex 67.38270987215829 38.1984274139944 0
      vertex 68.69949655541456 38.929021438872 -2
    endloop
  endfacet
  facet normal 0.5679790261194796 0.5679790261195419 0.5956506121684625
    outer loop
      vertex 68.69949655541456 38.929021438872 -2
      vertex 67.59581612153724 37.935263112596466 0
      vertex 68.829021438872 38.799496555414564 -2
    endloop
  endfacet
  facet normal 0.36466498239046596 0.7156953254294005 0.5956506121684639
    outer loop
      vertex 69.125 38.58445554337723 -2
      vertex 68.38242574257426 37.298279201123115 0
      vertex 69.28821087461735 38.50129544912545 -2
    endloop
  endfacet
  facet normal 0.5054976028172875 0.6242375523543153 0.5956506121684668
    outer loop
      vertex 68.829021438872 38.799496555414564 -2
      vertex 67.83526311259646 37.69581612153724 0
      vertex 68.97137580848818 38.68422025984384 -2
    endloop
  endfacet
  facet normal 0.4374778419963967 0.673656801335449 0.5956506121684649
    outer loop
      vertex 68.97137580848818 38.68422025984384 -2
      vertex 68.0984274139944 37.482709872158274 0
      vertex 69.125 38.58445554337723 -2
    endloop
  endfacet
  facet normal 0.7156953254293784 0.36466498239051703 0.5956506121684589
    outer loop
      vertex 68.40129544912544 39.38821087461735 -2
      vertex 67.04454476945823 38.78414655321765 0
      vertex 68.48445554337724 39.225 -2
    endloop
  endfacet
  facet normal 0.7498925417690769 0.28785677692638595 0.5956506121684642
    outer loop
      vertex 68.40129544912544 39.38821087461735 -2
      vertex 68.33565109648349 39.55922025984384 -2
      vertex 66.92319092376792 39.10028412958402 0
    endloop
  endfacet
  facet normal 0.6736568013354577 0.43747784199638207 0.5956506121684658
    outer loop
      vertex 68.58422025984385 39.07137580848817 -2
      vertex 68.48445554337724 39.225 -2
      vertex 67.19827920112311 38.48242574257426 0
    endloop
  endfacet
  facet normal 0.7758737784959853 0.20789475237652885 0.5956506121684627
    outer loop
      vertex 68.33565109648349 39.55922025984384 -2
      vertex 68.28824169871584 39.73615454106892 -2
      vertex 66.83554724218048 39.427374802230666 0
    endloop
  endfacet
  facet normal 0.7933543797437086 0.12565498941469366 0.5956506121684664
    outer loop
      vertex 68.28824169871584 39.73615454106892 -2
      vertex 68.25958668310552 39.91707518928161 -2
      vertex 66.78257396721204 39.76183489729994 0
    endloop
  endfacet
  facet normal 0.8021428243868639 0.042038524093956114 0.5956506121684646
    outer loop
      vertex 68.25958668310552 39.91707518928161 -2
      vertex 68.25 40.1 -2
      vertex 66.76485148514851 40.1 0
    endloop
  endfacet
  facet normal 0.67365680133544 0.4374778419964136 0.5956506121684629
    outer loop
      vertex 68.58422025984385 39.07137580848817 -2
      vertex 67.19827920112311 38.48242574257426 0
      vertex 67.38270987215829 38.1984274139944 0
    endloop
  endfacet
  facet normal 0.7156953254294074 0.36466498239045053 0.595650612168465
    outer loop
      vertex 68.48445554337724 39.225 -2
      vertex 67.04454476945823 38.78414655321765 0
      vertex 67.19827920112311 38.48242574257426 0
    endloop
  endfacet
  facet normal 0.7758737784959874 0.20789475237651933 0.5956506121684636
    outer loop
      vertex 68.33565109648349 39.55922025984384 -2
      vertex 66.83554724218048 39.427374802230666 0
      vertex 66.92319092376792 39.10028412958402 0
    endloop
  endfacet
  facet normal 0.7498925417690626 0.2878567769264318 0.5956506121684599
    outer loop
      vertex 68.40129544912544 39.38821087461735 -2
      vertex 66.92319092376792 39.10028412958402 0
      vertex 67.04454476945823 38.78414655321765 0
    endloop
  endfacet
  facet normal 0.7933543797437058 0.12565498941472347 0.5956506121684639
    outer loop
      vertex 68.28824169871584 39.73615454106892 -2
      vertex 66.78257396721204 39.76183489729994 0
      vertex 66.83554724218048 39.427374802230666 0
    endloop
  endfacet
  facet normal 0.8021428243868638 0.04203852409394536 0.5956506121684655
    outer loop
      vertex 68.25958668310552 39.91707518928161 -2
      vertex 66.76485148514851 40.1 0
      vertex 66.78257396721204 39.76183489729994 0
    endloop
  endfacet
  facet normal 0.5679790261195088 0.5679790261195088 0.5956506121684663
    outer loop
      vertex 68.829021438872 38.799496555414564 -2
      vertex 67.59581612153724 37.935263112596466 0
      vertex 67.83526311259646 37.69581612153724 0
    endloop
  endfacet
  facet normal 0.5054976028172702 0.6242375523543311 0.5956506121684648
    outer loop
      vertex 68.97137580848818 38.68422025984384 -2
      vertex 67.83526311259646 37.69581612153724 0
      vertex 68.0984274139944 37.482709872158274 0
    endloop
  endfacet
  facet normal 0.6242375523543487 0.5054976028172509 0.5956506121684628
    outer loop
      vertex 68.69949655541456 38.929021438872 -2
      vertex 67.38270987215829 38.1984274139944 0
      vertex 67.59581612153724 37.935263112596466 0
    endloop
  endfacet
  facet normal 0.4374778419963893 0.6736568013354546 0.5956506121684643
    outer loop
      vertex 69.125 38.58445554337723 -2
      vertex 68.0984274139944 37.482709872158274 0
      vertex 68.38242574257426 37.298279201123115 0
    endloop
  endfacet
  facet normal 0.3646649823904709 0.7156953254293975 0.5956506121684643
    outer loop
      vertex 69.28821087461735 38.50129544912545 -2
      vertex 68.38242574257426 37.298279201123115 0
      vertex 68.68414655321764 37.14454476945822 0
    endloop
  endfacet
  facet normal 0.20789475237648747 0.7758737784959941 0.5956506121684656
    outer loop
      vertex 69.63615454106892 38.388241698715845 -2
      vertex 69.00028412958402 37.023190923767906 0
      vertex 69.32737480223066 36.93554724218048 0
    endloop
  endfacet
  facet normal 0.12565498941472322 0.7933543797437044 0.5956506121684656
    outer loop
      vertex 69.81707518928161 38.359586683105526 -2
      vertex 69.32737480223066 36.93554724218048 0
      vertex 69.66183489729994 36.882573967212046 0
    endloop
  endfacet
  facet normal 0.04203852409394539 0.8021428243868644 0.5956506121684648
    outer loop
      vertex 70 38.35 -2
      vertex 69.66183489729994 36.882573967212046 0
      vertex 70 36.86485148514851 0
    endloop
  endfacet
  facet normal -0.04203852409394536 0.8021428243868638 0.5956506121684655
    outer loop
      vertex 70.18292481071839 38.359586683105526 -2
      vertex 70 36.86485148514851 0
      vertex 70.33816510270006 36.882573967212046 0
    endloop
  endfacet
  facet normal -0.12565498941472322 0.7933543797437044 0.5956506121684657
    outer loop
      vertex 70.36384545893108 38.388241698715845 -2
      vertex 70.33816510270006 36.882573967212046 0
      vertex 70.67262519776934 36.93554724218048 0
    endloop
  endfacet
  facet normal -0.20789475237648758 0.7758737784959946 0.595650612168465
    outer loop
      vertex 70.54077974015615 38.43565109648348 -2
      vertex 70.67262519776934 36.93554724218048 0
      vertex 70.99971587041598 37.023190923767906 0
    endloop
  endfacet
  facet normal -0.2878567769264397 0.7498925417690562 0.5956506121684644
    outer loop
      vertex 70.71178912538265 38.50129544912545 -2
      vertex 70.99971587041598 37.023190923767906 0
      vertex 71.31585344678236 37.14454476945822 0
    endloop
  endfacet
  facet normal 0.28785677692642986 0.7498925417690601 0.595650612168464
    outer loop
      vertex 69.28821087461735 38.50129544912545 -2
      vertex 68.68414655321764 37.14454476945822 0
      vertex 69.45922025984385 38.43565109648348 -2
    endloop
  endfacet
  facet normal 0.20789475237647811 0.7758737784959974 0.5956506121684648
    outer loop
      vertex 69.45922025984385 38.43565109648348 -2
      vertex 69.00028412958402 37.023190923767906 0
      vertex 69.63615454106892 38.388241698715845 -2
    endloop
  endfacet
  facet normal 0.12565498941472414 0.7933543797437042 0.5956506121684657
    outer loop
      vertex 69.63615454106892 38.388241698715845 -2
      vertex 69.32737480223066 36.93554724218048 0
      vertex 69.81707518928161 38.359586683105526 -2
    endloop
  endfacet
  facet normal 0.04203852409395607 0.8021428243868631 0.5956506121684657
    outer loop
      vertex 69.81707518928161 38.359586683105526 -2
      vertex 69.66183489729994 36.882573967212046 0
      vertex 70 38.35 -2
    endloop
  endfacet
  facet normal -0.042038524093956114 0.8021428243868639 0.5956506121684646
    outer loop
      vertex 70 38.35 -2
      vertex 70 36.86485148514851 0
      vertex 70.18292481071839 38.359586683105526 -2
    endloop
  endfacet
  facet normal -0.12565498941472417 0.7933543797437044 0.5956506121684656
    outer loop
      vertex 70.18292481071839 38.359586683105526 -2
      vertex 70.33816510270006 36.882573967212046 0
      vertex 70.36384545893108 38.388241698715845 -2
    endloop
  endfacet
  facet normal -0.20789475237647792 0.7758737784959966 0.5956506121684658
    outer loop
      vertex 70.36384545893108 38.388241698715845 -2
      vertex 70.67262519776934 36.93554724218048 0
      vertex 70.54077974015615 38.43565109648348 -2
    endloop
  endfacet
  facet normal -0.2878567769264295 0.7498925417690594 0.5956506121684653
    outer loop
      vertex 70.54077974015615 38.43565109648348 -2
      vertex 70.99971587041598 37.023190923767906 0
      vertex 70.71178912538265 38.50129544912545 -2
    endloop
  endfacet
  facet normal -0.36466498239046574 0.7156953254294001 0.5956506121684645
    outer loop
      vertex 70.71178912538265 38.50129544912545 -2
      vertex 71.31585344678236 37.14454476945822 0
      vertex 70.875 38.58445554337723 -2
    endloop
  endfacet
  facet normal -0.43747784199639717 0.6736568013354497 0.5956506121684639
    outer loop
      vertex 70.875 38.58445554337723 -2
      vertex 71.61757425742574 37.298279201123115 0
      vertex 71.02862419151182 38.68422025984384 -2
    endloop
  endfacet
  facet normal -0.5054976028172888 0.6242375523543169 0.5956506121684643
    outer loop
      vertex 71.02862419151182 38.68422025984384 -2
      vertex 71.9015725860056 37.482709872158274 0
      vertex 71.170978561128 38.799496555414564 -2
    endloop
  endfacet
  facet normal -0.567979026119477 0.5679790261195394 0.5956506121684675
    outer loop
      vertex 71.170978561128 38.799496555414564 -2
      vertex 72.16473688740354 37.69581612153724 0
      vertex 71.30050344458544 38.929021438872 -2
    endloop
  endfacet
  facet normal -0.6242375523543481 0.5054976028172518 0.595650612168463
    outer loop
      vertex 71.30050344458544 38.929021438872 -2
      vertex 72.40418387846276 37.935263112596466 0
      vertex 71.41577974015615 39.07137580848817 -2
    endloop
  endfacet
  facet normal -0.36466498239047107 0.7156953254293977 0.5956506121684639
    outer loop
      vertex 70.875 38.58445554337723 -2
      vertex 71.31585344678236 37.14454476945822 0
      vertex 71.61757425742574 37.298279201123115 0
    endloop
  endfacet
  facet normal -0.4374778419963891 0.6736568013354542 0.5956506121684647
    outer loop
      vertex 71.02862419151182 38.68422025984384 -2
      vertex 71.61757425742574 37.298279201123115 0
      vertex 71.9015725860056 37.482709872158274 0
    endloop
  endfacet
  facet normal -0.67365680133546 0.4374778419963836 0.595650612168462
    outer loop
      vertex 71.41577974015615 39.07137580848817 -2
      vertex 72.61729012784171 38.1984274139944 0
      vertex 71.51554445662276 39.225 -2
    endloop
  endfacet
  facet normal -0.7156953254293732 0.36466498239051437 0.5956506121684669
    outer loop
      vertex 71.51554445662276 39.225 -2
      vertex 72.80172079887689 38.48242574257426 0
      vertex 71.59870455087456 39.38821087461735 -2
    endloop
  endfacet
  facet normal -0.7498925417690807 0.2878567769263874 0.5956506121684588
    outer loop
      vertex 71.59870455087456 39.38821087461735 -2
      vertex 72.95545523054177 38.78414655321765 0
      vertex 71.66434890351651 39.55922025984384 -2
    endloop
  endfacet
  facet normal -0.7758737784959846 0.20789475237652866 0.5956506121684638
    outer loop
      vertex 71.66434890351651 39.55922025984384 -2
      vertex 73.07680907623208 39.10028412958402 0
      vertex 71.71175830128416 39.73615454106892 -2
    endloop
  endfacet
  facet normal -0.7933543797437108 0.12565498941469402 0.5956506121684632
    outer loop
      vertex 71.71175830128416 39.73615454106892 -2
      vertex 73.16445275781952 39.427374802230666 0
      vertex 71.74041331689448 39.91707518928161 -2
    endloop
  endfacet
  facet normal -0.8021428243868631 0.04203852409395607 0.5956506121684657
    outer loop
      vertex 71.74041331689448 39.91707518928161 -2
      vertex 73.21742603278796 39.76183489729994 0
      vertex 71.75 40.1 -2
    endloop
  endfacet
  facet normal -0.5054976028172696 0.6242375523543303 0.5956506121684663
    outer loop
      vertex 71.170978561128 38.799496555414564 -2
      vertex 71.9015725860056 37.482709872158274 0
      vertex 72.16473688740354 37.69581612153724 0
    endloop
  endfacet
  facet normal -0.5679790261195101 0.5679790261195101 0.5956506121684637
    outer loop
      vertex 71.30050344458544 38.929021438872 -2
      vertex 72.16473688740354 37.69581612153724 0
      vertex 72.40418387846276 37.935263112596466 0
    endloop
  endfacet
  facet normal -0.6242375523543487 0.5054976028172509 0.5956506121684628
    outer loop
      vertex 71.41577974015615 39.07137580848817 -2
      vertex 72.40418387846276 37.935263112596466 0
      vertex 72.61729012784171 38.1984274139944 0
    endloop
  endfacet
  facet normal -0.6736568013354387 0.4374778419964127 0.5956506121684652
    outer loop
      vertex 71.51554445662276 39.225 -2
      vertex 72.61729012784171 38.1984274139944 0
      vertex 72.80172079887689 38.48242574257426 0
    endloop
  endfacet
  facet normal -0.7156953254294101 0.3646649823904519 0.5956506121684607
    outer loop
      vertex 71.59870455087456 39.38821087461735 -2
      vertex 72.80172079887689 38.48242574257426 0
      vertex 72.95545523054177 38.78414655321765 0
    endloop
  endfacet
  facet normal -0.7498925417690606 0.287856776926431 0.5956506121684627
    outer loop
      vertex 71.66434890351651 39.55922025984384 -2
      vertex 72.95545523054177 38.78414655321765 0
      vertex 73.07680907623208 39.10028412958402 0
    endloop
  endfacet
  facet normal -0.7758737784959877 0.20789475237651941 0.5956506121684629
    outer loop
      vertex 71.71175830128416 39.73615454106892 -2
      vertex 73.07680907623208 39.10028412958402 0
      vertex 73.16445275781952 39.427374802230666 0
    endloop
  endfacet
  facet normal -0.7933543797437044 0.12565498941472322 0.5956506121684656
    outer loop
      vertex 71.74041331689448 39.91707518928161 -2
      vertex 73.16445275781952 39.427374802230666 0
      vertex 73.21742603278796 39.76183489729994 0
    endloop
  endfacet
  facet normal -0.8021428243868644 0.04203852409394539 0.5956506121684648
    outer loop
      vertex 71.75 40.1 -2
      vertex 73.21742603278796 39.76183489729994 0
      vertex 73.23514851485149 40.1 0
    endloop
  endfacet
  facet normal 0.8021428243868631 -0.04203852409395607 0.5956506121684657
    outer loop
      vertex 68.25 40.1 -2
      vertex 68.25958668310552 40.28292481071839 -2
      vertex 66.78257396721204 40.43816510270006 0
    endloop
  endfacet
  facet normal 0.7933543797437109 -0.12565498941469405 0.5956506121684632
    outer loop
      vertex 68.25958668310552 40.28292481071839 -2
      vertex 68.28824169871584 40.46384545893108 -2
      vertex 66.83554724218048 40.77262519776934 0
    endloop
  endfacet
  facet normal 0.7758737784959846 -0.20789475237652866 0.5956506121684638
    outer loop
      vertex 68.28824169871584 40.46384545893108 -2
      vertex 68.33565109648349 40.64077974015616 -2
      vertex 66.92319092376792 41.099715870415984 0
    endloop
  endfacet
  facet normal 0.7498925417690806 -0.28785677692638734 0.5956506121684588
    outer loop
      vertex 68.33565109648349 40.64077974015616 -2
      vertex 68.40129544912544 40.81178912538265 -2
      vertex 67.04454476945823 41.41585344678235 0
    endloop
  endfacet
  facet normal 0.7156953254293733 -0.3646649823905144 0.5956506121684668
    outer loop
      vertex 68.40129544912544 40.81178912538265 -2
      vertex 68.48445554337724 40.975 -2
      vertex 67.19827920112311 41.717574257425746 0
    endloop
  endfacet
  facet normal 0.6736568013354601 -0.4374778419963837 0.5956506121684619
    outer loop
      vertex 68.48445554337724 40.975 -2
      vertex 68.58422025984385 41.12862419151183 -2
      vertex 67.38270987215829 42.0015725860056 0
    endloop
  endfacet
  facet normal 0.6242375523543481 -0.5054976028172518 0.595650612168463
    outer loop
      vertex 68.58422025984385 41.12862419151183 -2
      vertex 68.69949655541456 41.270978561128004 -2
      vertex 67.59581612153724 42.26473688740354 0
    endloop
  endfacet
  facet normal 0.567979026119477 -0.5679790261195394 0.5956506121684675
    outer loop
      vertex 68.69949655541456 41.270978561128004 -2
      vertex 68.829021438872 41.40050344458544 -2
      vertex 67.83526311259646 42.50418387846276 0
    endloop
  endfacet
  facet normal 0.5054976028172888 -0.6242375523543169 0.5956506121684643
    outer loop
      vertex 68.829021438872 41.40050344458544 -2
      vertex 68.97137580848818 41.51577974015616 -2
      vertex 68.0984274139944 42.71729012784173 0
    endloop
  endfacet
  facet normal 0.43747784199639717 -0.6736568013354497 0.5956506121684639
    outer loop
      vertex 68.97137580848818 41.51577974015616 -2
      vertex 69.125 41.61554445662277 -2
      vertex 68.38242574257426 42.90172079887689 0
    endloop
  endfacet
  facet normal 0.36466498239046574 -0.7156953254294001 0.5956506121684645
    outer loop
      vertex 69.125 41.61554445662277 -2
      vertex 69.28821087461735 41.69870455087455 -2
      vertex 68.68414655321764 43.05545523054178 0
    endloop
  endfacet
  facet normal 0.8021428243868644 -0.04203852409394539 0.5956506121684648
    outer loop
      vertex 68.25 40.1 -2
      vertex 66.78257396721204 40.43816510270006 0
      vertex 66.76485148514851 40.1 0
    endloop
  endfacet
  facet normal 0.7933543797437044 -0.12565498941472322 0.5956506121684656
    outer loop
      vertex 68.25958668310552 40.28292481071839 -2
      vertex 66.83554724218048 40.77262519776934 0
      vertex 66.78257396721204 40.43816510270006 0
    endloop
  endfacet
  facet normal 0.7758737784959877 -0.20789475237651941 0.5956506121684629
    outer loop
      vertex 68.28824169871584 40.46384545893108 -2
      vertex 66.92319092376792 41.099715870415984 0
      vertex 66.83554724218048 40.77262519776934 0
    endloop
  endfacet
  facet normal 0.7498925417690606 -0.287856776926431 0.5956506121684627
    outer loop
      vertex 68.33565109648349 40.64077974015616 -2
      vertex 67.04454476945823 41.41585344678235 0
      vertex 66.92319092376792 41.099715870415984 0
    endloop
  endfacet
  facet normal 0.7156953254294101 -0.3646649823904519 0.5956506121684607
    outer loop
      vertex 68.40129544912544 40.81178912538265 -2
      vertex 67.19827920112311 41.717574257425746 0
      vertex 67.04454476945823 41.41585344678235 0
    endloop
  endfacet
  facet normal 0.6736568013354387 -0.4374778419964127 0.5956506121684652
    outer loop
      vertex 68.48445554337724 40.975 -2
      vertex 67.38270987215829 42.0015725860056 0
      vertex 67.19827920112311 41.717574257425746 0
    endloop
  endfacet
  facet normal 0.6242375523543487 -0.5054976028172509 0.5956506121684628
    outer loop
      vertex 68.58422025984385 41.12862419151183 -2
      vertex 67.59581612153724 42.26473688740354 0
      vertex 67.38270987215829 42.0015725860056 0
    endloop
  endfacet
  facet normal 0.5679790261195101 -0.5679790261195101 0.5956506121684637
    outer loop
      vertex 68.69949655541456 41.270978561128004 -2
      vertex 67.83526311259646 42.50418387846276 0
      vertex 67.59581612153724 42.26473688740354 0
    endloop
  endfacet
  facet normal 0.5054976028172696 -0.6242375523543303 0.5956506121684663
    outer loop
      vertex 68.829021438872 41.40050344458544 -2
      vertex 68.0984274139944 42.71729012784173 0
      vertex 67.83526311259646 42.50418387846276 0
    endloop
  endfacet
  facet normal 0.4374778419963891 -0.6736568013354542 0.5956506121684647
    outer loop
      vertex 68.97137580848818 41.51577974015616 -2
      vertex 68.38242574257426 42.90172079887689 0
      vertex 68.0984274139944 42.71729012784173 0
    endloop
  endfacet
  facet normal 0.36466498239047107 -0.7156953254293977 0.5956506121684639
    outer loop
      vertex 69.125 41.61554445662277 -2
      vertex 68.68414655321764 43.05545523054178 0
      vertex 68.38242574257426 42.90172079887689 0
    endloop
  endfacet
  facet normal 0.2878567769264397 -0.7498925417690562 0.5956506121684644
    outer loop
      vertex 69.28821087461735 41.69870455087455 -2
      vertex 69.00028412958402 43.1768090762321 0
      vertex 68.68414655321764 43.05545523054178 0
    endloop
  endfacet
  facet normal 0.2878567769264295 -0.7498925417690594 0.5956506121684653
    outer loop
      vertex 69.28821087461735 41.69870455087455 -2
      vertex 69.45922025984385 41.76434890351652 -2
      vertex 69.00028412958402 43.1768090762321 0
    endloop
  endfacet
  facet normal 0.20789475237647792 -0.7758737784959966 0.5956506121684658
    outer loop
      vertex 69.45922025984385 41.76434890351652 -2
      vertex 69.63615454106892 41.81175830128416 -2
      vertex 69.32737480223066 43.26445275781952 0
    endloop
  endfacet
  facet normal 0.12565498941472414 -0.7933543797437043 0.5956506121684656
    outer loop
      vertex 69.63615454106892 41.81175830128416 -2
      vertex 69.81707518928161 41.84041331689448 -2
      vertex 69.66183489729994 43.31742603278796 0
    endloop
  endfacet
  facet normal 0.042038524093956114 -0.8021428243868639 0.5956506121684646
    outer loop
      vertex 69.81707518928161 41.84041331689448 -2
      vertex 70 41.85 -2
      vertex 70 43.33514851485149 0
    endloop
  endfacet
  facet normal -0.04203852409395607 -0.8021428243868631 0.5956506121684657
    outer loop
      vertex 70 41.85 -2
      vertex 70.18292481071839 41.84041331689448 -2
      vertex 70.33816510270006 43.31742603278796 0
    endloop
  endfacet
  facet normal -0.20789475237647811 -0.7758737784959974 0.5956506121684648
    outer loop
      vertex 70.36384545893108 41.81175830128416 -2
      vertex 70.54077974015615 41.76434890351652 -2
      vertex 70.99971587041598 43.1768090762321 0
    endloop
  endfacet
  facet normal -0.12565498941472414 -0.7933543797437042 0.5956506121684657
    outer loop
      vertex 70.18292481071839 41.84041331689448 -2
      vertex 70.36384545893108 41.81175830128416 -2
      vertex 70.67262519776934 43.26445275781952 0
    endloop
  endfacet
  facet normal -0.28785677692642986 -0.7498925417690601 0.595650612168464
    outer loop
      vertex 70.54077974015615 41.76434890351652 -2
      vertex 70.71178912538265 41.69870455087455 -2
      vertex 71.31585344678236 43.05545523054178 0
    endloop
  endfacet
  facet normal -0.4374778419963967 -0.673656801335449 0.5956506121684649
    outer loop
      vertex 70.875 41.61554445662277 -2
      vertex 71.02862419151182 41.51577974015616 -2
      vertex 71.9015725860056 42.71729012784173 0
    endloop
  endfacet
  facet normal -0.5679790261194796 -0.5679790261195419 0.5956506121684625
    outer loop
      vertex 71.170978561128 41.40050344458544 -2
      vertex 71.30050344458544 41.270978561128004 -2
      vertex 72.40418387846276 42.26473688740354 0
    endloop
  endfacet
  facet normal -0.5054976028172875 -0.6242375523543153 0.5956506121684668
    outer loop
      vertex 71.170978561128 41.40050344458544 -2
      vertex 72.16473688740354 42.50418387846276 0
      vertex 71.02862419151182 41.51577974015616 -2
    endloop
  endfacet
  facet normal -0.36466498239046596 -0.7156953254294005 0.5956506121684639
    outer loop
      vertex 70.71178912538265 41.69870455087455 -2
      vertex 70.875 41.61554445662277 -2
      vertex 71.61757425742574 42.90172079887689 0
    endloop
  endfacet
  facet normal -0.3646649823904709 -0.7156953254293975 0.5956506121684643
    outer loop
      vertex 70.71178912538265 41.69870455087455 -2
      vertex 71.61757425742574 42.90172079887689 0
      vertex 71.31585344678236 43.05545523054178 0
    endloop
  endfacet
  facet normal -0.5054976028172702 -0.6242375523543311 0.5956506121684648
    outer loop
      vertex 71.02862419151182 41.51577974015616 -2
      vertex 72.16473688740354 42.50418387846276 0
      vertex 71.9015725860056 42.71729012784173 0
    endloop
  endfacet
  facet normal -0.4374778419963893 -0.6736568013354546 0.5956506121684643
    outer loop
      vertex 70.875 41.61554445662277 -2
      vertex 71.9015725860056 42.71729012784173 0
      vertex 71.61757425742574 42.90172079887689 0
    endloop
  endfacet
  facet normal 0.20789475237648758 -0.7758737784959946 0.595650612168465
    outer loop
      vertex 69.45922025984385 41.76434890351652 -2
      vertex 69.32737480223066 43.26445275781952 0
      vertex 69.00028412958402 43.1768090762321 0
    endloop
  endfacet
  facet normal 0.12565498941472322 -0.7933543797437044 0.5956506121684657
    outer loop
      vertex 69.63615454106892 41.81175830128416 -2
      vertex 69.66183489729994 43.31742603278796 0
      vertex 69.32737480223066 43.26445275781952 0
    endloop
  endfacet
  facet normal 0.04203852409394536 -0.8021428243868638 0.5956506121684655
    outer loop
      vertex 69.81707518928161 41.84041331689448 -2
      vertex 70 43.33514851485149 0
      vertex 69.66183489729994 43.31742603278796 0
    endloop
  endfacet
  facet normal -0.04203852409394539 -0.8021428243868644 0.5956506121684648
    outer loop
      vertex 70 41.85 -2
      vertex 70.33816510270006 43.31742603278796 0
      vertex 70 43.33514851485149 0
    endloop
  endfacet
  facet normal -0.12565498941472322 -0.7933543797437044 0.5956506121684656
    outer loop
      vertex 70.18292481071839 41.84041331689448 -2
      vertex 70.67262519776934 43.26445275781952 0
      vertex 70.33816510270006 43.31742603278796 0
    endloop
  endfacet
  facet normal -0.20789475237648747 -0.7758737784959941 0.5956506121684656
    outer loop
      vertex 70.36384545893108 41.81175830128416 -2
      vertex 70.99971587041598 43.1768090762321 0
      vertex 70.67262519776934 43.26445275781952 0
    endloop
  endfacet
  facet normal -0.2878567769264395 -0.7498925417690557 0.5956506121684649
    outer loop
      vertex 70.54077974015615 41.76434890351652 -2
      vertex 71.31585344678236 43.05545523054178 0
      vertex 70.99971587041598 43.1768090762321 0
    endloop
  endfacet
  facet normal -0.8021428243868639 -0.042038524093956114 0.5956506121684646
    outer loop
      vertex 71.75 40.1 -2
      vertex 73.23514851485149 40.1 0
      vertex 71.74041331689448 40.28292481071839 -2
    endloop
  endfacet
  facet normal -0.7933543797437086 -0.12565498941469366 0.5956506121684664
    outer loop
      vertex 71.74041331689448 40.28292481071839 -2
      vertex 73.21742603278796 40.43816510270006 0
      vertex 71.71175830128416 40.46384545893108 -2
    endloop
  endfacet
  facet normal -0.7758737784959855 -0.20789475237652888 0.5956506121684628
    outer loop
      vertex 71.71175830128416 40.46384545893108 -2
      vertex 73.16445275781952 40.77262519776934 0
      vertex 71.66434890351651 40.64077974015616 -2
    endloop
  endfacet
  facet normal -0.7156953254293784 -0.36466498239051703 0.5956506121684589
    outer loop
      vertex 71.51554445662276 40.975 -2
      vertex 71.59870455087456 40.81178912538265 -2
      vertex 72.95545523054177 41.41585344678235 0
    endloop
  endfacet
  facet normal -0.6736568013354577 -0.43747784199638207 0.5956506121684659
    outer loop
      vertex 71.51554445662276 40.975 -2
      vertex 72.80172079887689 41.717574257425746 0
      vertex 71.41577974015615 41.12862419151183 -2
    endloop
  endfacet
  facet normal -0.749892541769077 -0.287856776926386 0.595650612168464
    outer loop
      vertex 71.66434890351651 40.64077974015616 -2
      vertex 73.07680907623208 41.099715870415984 0
      vertex 71.59870455087456 40.81178912538265 -2
    endloop
  endfacet
  facet normal -0.6242375523543481 -0.5054976028172518 0.5956506121684629
    outer loop
      vertex 71.30050344458544 41.270978561128004 -2
      vertex 71.41577974015615 41.12862419151183 -2
      vertex 72.61729012784171 42.0015725860056 0
    endloop
  endfacet
  facet normal -0.7933543797437058 -0.12565498941472347 0.5956506121684639
    outer loop
      vertex 71.71175830128416 40.46384545893108 -2
      vertex 73.21742603278796 40.43816510270006 0
      vertex 73.16445275781952 40.77262519776934 0
    endloop
  endfacet
  facet normal -0.8021428243868638 -0.04203852409394536 0.5956506121684655
    outer loop
      vertex 71.74041331689448 40.28292481071839 -2
      vertex 73.23514851485149 40.1 0
      vertex 73.21742603278796 40.43816510270006 0
    endloop
  endfacet
  facet normal -0.7758737784959874 -0.20789475237651933 0.5956506121684636
    outer loop
      vertex 71.66434890351651 40.64077974015616 -2
      vertex 73.16445275781952 40.77262519776934 0
      vertex 73.07680907623208 41.099715870415984 0
    endloop
  endfacet
  facet normal -0.7498925417690626 -0.2878567769264318 0.5956506121684599
    outer loop
      vertex 71.59870455087456 40.81178912538265 -2
      vertex 73.07680907623208 41.099715870415984 0
      vertex 72.95545523054177 41.41585344678235 0
    endloop
  endfacet
  facet normal -0.67365680133544 -0.4374778419964136 0.5956506121684629
    outer loop
      vertex 71.41577974015615 41.12862419151183 -2
      vertex 72.80172079887689 41.717574257425746 0
      vertex 72.61729012784171 42.0015725860056 0
    endloop
  endfacet
  facet normal -0.6242375523543487 -0.5054976028172509 0.5956506121684628
    outer loop
      vertex 71.30050344458544 41.270978561128004 -2
      vertex 72.61729012784171 42.0015725860056 0
      vertex 72.40418387846276 42.26473688740354 0
    endloop
  endfacet
  facet normal -0.5679790261195088 -0.5679790261195088 0.5956506121684663
    outer loop
      vertex 71.170978561128 41.40050344458544 -2
      vertex 72.40418387846276 42.26473688740354 0
      vertex 72.16473688740354 42.50418387846276 0
    endloop
  endfacet
  facet normal -0.7156953254294074 -0.36466498239045053 0.595650612168465
    outer loop
      vertex 71.51554445662276 40.975 -2
      vertex 72.95545523054177 41.41585344678235 0
      vertex 72.80172079887689 41.717574257425746 0
    endloop
  endfacet
  facet normal 0.6242375523543287 0.505497602817275 0.5956506121684636
    outer loop
      vertex 13.584220259843843 39.07137580848817 -2
      vertex 12.382709872158276 38.1984274139944 0
      vertex 13.69949655541456 38.929021438872 -2
    endloop
  endfacet
  facet normal 0.7498925417690562 0.2878567769264403 0.5956506121684638
    outer loop
      vertex 13.401295449125449 39.38821087461735 -2
      vertex 13.335651096483481 39.55922025984384 -2
      vertex 11.923190923767907 39.10028412958402 0
    endloop
  endfacet
  facet normal 0.6736568013354552 0.4374778419963883 0.5956506121684643
    outer loop
      vertex 13.584220259843843 39.07137580848817 -2
      vertex 13.484455543377232 39.225 -2
      vertex 12.198279201123116 38.48242574257426 0
    endloop
  endfacet
  facet normal 0.7156953254293976 0.3646649823904723 0.5956506121684635
    outer loop
      vertex 13.401295449125449 39.38821087461735 -2
      vertex 12.04454476945822 38.78414655321765 0
      vertex 13.484455543377232 39.225 -2
    endloop
  endfacet
  facet normal 0.7758737784959963 0.20789475237648503 0.5956506121684638
    outer loop
      vertex 13.335651096483481 39.55922025984384 -2
      vertex 13.28824169871584 39.73615454106892 -2
      vertex 11.835547242180485 39.427374802230666 0
    endloop
  endfacet
  facet normal 0.7933543797437053 0.1256549894147243 0.5956506121684643
    outer loop
      vertex 13.28824169871584 39.73615454106892 -2
      vertex 13.259586683105521 39.91707518928161 -2
      vertex 11.782573967212047 39.76183489729994 0
    endloop
  endfacet
  facet normal 0.8021428243868651 0.0420385240939406 0.595650612168464
    outer loop
      vertex 13.259586683105521 39.91707518928161 -2
      vertex 13.25 40.1 -2
      vertex 11.764851485148515 40.1 0
    endloop
  endfacet
  facet normal 0.7156953254293996 0.36466498239046763 0.5956506121684638
    outer loop
      vertex 13.484455543377232 39.225 -2
      vertex 12.04454476945822 38.78414655321765 0
      vertex 12.198279201123116 38.48242574257426 0
    endloop
  endfacet
  facet normal 0.5679790261195097 0.5679790261195097 0.5956506121684646
    outer loop
      vertex 13.829021438871997 38.799496555414564 -2
      vertex 12.595816121537242 37.935263112596466 0
      vertex 12.835263112596467 37.69581612153724 0
    endloop
  endfacet
  facet normal 0.6242375523543335 0.505497602817268 0.5956506121684643
    outer loop
      vertex 13.69949655541456 38.929021438872 -2
      vertex 12.382709872158276 38.1984274139944 0
      vertex 12.595816121537242 37.935263112596466 0
    endloop
  endfacet
  facet normal 0.6736568013354529 0.43747784199639245 0.5956506121684638
    outer loop
      vertex 13.584220259843843 39.07137580848817 -2
      vertex 12.198279201123116 38.48242574257426 0
      vertex 12.382709872158276 38.1984274139944 0
    endloop
  endfacet
  facet normal 0.7498925417690558 0.2878567769264418 0.5956506121684637
    outer loop
      vertex 13.401295449125449 39.38821087461735 -2
      vertex 11.923190923767907 39.10028412958402 0
      vertex 12.04454476945822 38.78414655321765 0
    endloop
  endfacet
  facet normal 0.7758737784959965 0.20789475237648386 0.595650612168464
    outer loop
      vertex 13.335651096483481 39.55922025984384 -2
      vertex 11.835547242180485 39.427374802230666 0
      vertex 11.923190923767907 39.10028412958402 0
    endloop
  endfacet
  facet normal 0.8021428243868652 0.04203852409394122 0.595650612168464
    outer loop
      vertex 13.259586683105521 39.91707518928161 -2
      vertex 11.764851485148515 40.1 0
      vertex 11.782573967212047 39.76183489729994 0
    endloop
  endfacet
  facet normal 0.7933543797437049 0.12565498941472755 0.5956506121684639
    outer loop
      vertex 13.28824169871584 39.73615454106892 -2
      vertex 11.782573967212047 39.76183489729994 0
      vertex 11.835547242180485 39.427374802230666 0
    endloop
  endfacet
  facet normal 0.28785677692643963 0.749892541769056 0.5956506121684646
    outer loop
      vertex 14.459220259843843 38.43565109648348 -2
      vertex 13.684146553217646 37.14454476945822 0
      vertex 14.000284129584019 37.023190923767906 0
    endloop
  endfacet
  facet normal 0.2078947523764885 0.7758737784959938 0.5956506121684657
    outer loop
      vertex 14.63615454106892 38.388241698715845 -2
      vertex 14.000284129584019 37.023190923767906 0
      vertex 14.327374802230665 36.93554724218048 0
    endloop
  endfacet
  facet normal 0.12565498941472195 0.7933543797437047 0.5956506121684654
    outer loop
      vertex 14.817075189281606 38.359586683105526 -2
      vertex 14.327374802230665 36.93554724218048 0
      vertex 14.661834897299943 36.882573967212046 0
    endloop
  endfacet
  facet normal 0.042038524093945824 0.8021428243868642 0.5956506121684648
    outer loop
      vertex 15 38.35 -2
      vertex 14.661834897299943 36.882573967212046 0
      vertex 15 36.86485148514851 0
    endloop
  endfacet
  facet normal -0.0420385240939458 0.8021428243868639 0.5956506121684655
    outer loop
      vertex 15.182924810718394 38.359586683105526 -2
      vertex 15 36.86485148514851 0
      vertex 15.338165102700057 36.882573967212046 0
    endloop
  endfacet
  facet normal -0.12565498941472192 0.7933543797437045 0.5956506121684657
    outer loop
      vertex 15.36384545893108 38.388241698715845 -2
      vertex 15.338165102700057 36.882573967212046 0
      vertex 15.672625197769335 36.93554724218048 0
    endloop
  endfacet
  facet normal -0.2078947523764887 0.7758737784959946 0.5956506121684648
    outer loop
      vertex 15.540779740156157 38.43565109648348 -2
      vertex 15.672625197769335 36.93554724218048 0
      vertex 15.999715870415981 37.023190923767906 0
    endloop
  endfacet
  facet normal 0.36466498239046286 0.7156953254294023 0.5956506121684635
    outer loop
      vertex 14.125 38.58445554337723 -2
      vertex 13.382425742574258 37.298279201123115 0
      vertex 14.28821087461735 38.50129544912545 -2
    endloop
  endfacet
  facet normal 0.5054976028172807 0.6242375523543224 0.595650612168465
    outer loop
      vertex 13.971375808488173 38.68422025984384 -2
      vertex 13.829021438871997 38.799496555414564 -2
      vertex 12.835263112596467 37.69581612153724 0
    endloop
  endfacet
  facet normal 0.567979026119506 0.5679790261195138 0.5956506121684642
    outer loop
      vertex 13.69949655541456 38.929021438872 -2
      vertex 12.595816121537242 37.935263112596466 0
      vertex 13.829021438871997 38.799496555414564 -2
    endloop
  endfacet
  facet normal 0.4374778419963899 0.6736568013354541 0.5956506121684643
    outer loop
      vertex 13.971375808488173 38.68422025984384 -2
      vertex 13.0984274139944 37.482709872158274 0
      vertex 14.125 38.58445554337723 -2
    endloop
  endfacet
  facet normal 0.2878567769264376 0.749892541769057 0.5956506121684643
    outer loop
      vertex 14.28821087461735 38.50129544912545 -2
      vertex 13.684146553217646 37.14454476945822 0
      vertex 14.459220259843843 38.43565109648348 -2
    endloop
  endfacet
  facet normal 0.12565498941472775 0.7933543797437036 0.5956506121684659
    outer loop
      vertex 14.63615454106892 38.388241698715845 -2
      vertex 14.327374802230665 36.93554724218048 0
      vertex 14.817075189281606 38.359586683105526 -2
    endloop
  endfacet
  facet normal 0.20789475237647237 0.7758737784959993 0.5956506121684643
    outer loop
      vertex 14.459220259843843 38.43565109648348 -2
      vertex 14.000284129584019 37.023190923767906 0
      vertex 14.63615454106892 38.388241698715845 -2
    endloop
  endfacet
  facet normal 0.04203852409395526 0.8021428243868632 0.5956506121684656
    outer loop
      vertex 14.817075189281606 38.359586683105526 -2
      vertex 14.661834897299943 36.882573967212046 0
      vertex 15 38.35 -2
    endloop
  endfacet
  facet normal -0.0420385240939553 0.802142824386864 0.5956506121684646
    outer loop
      vertex 15 38.35 -2
      vertex 15 36.86485148514851 0
      vertex 15.182924810718394 38.359586683105526 -2
    endloop
  endfacet
  facet normal -0.1256549894147278 0.793354379743704 0.5956506121684652
    outer loop
      vertex 15.182924810718394 38.359586683105526 -2
      vertex 15.338165102700057 36.882573967212046 0
      vertex 15.36384545893108 38.388241698715845 -2
    endloop
  endfacet
  facet normal -0.20789475237647204 0.775873778495998 0.5956506121684662
    outer loop
      vertex 15.36384545893108 38.388241698715845 -2
      vertex 15.672625197769335 36.93554724218048 0
      vertex 15.540779740156157 38.43565109648348 -2
    endloop
  endfacet
  facet normal -0.2878567769264375 0.7498925417690568 0.5956506121684646
    outer loop
      vertex 15.540779740156157 38.43565109648348 -2
      vertex 15.999715870415981 37.023190923767906 0
      vertex 15.71178912538265 38.50129544912545 -2
    endloop
  endfacet
  facet normal 0.43747784199638745 0.6736568013354559 0.5956506121684642
    outer loop
      vertex 14.125 38.58445554337723 -2
      vertex 13.0984274139944 37.482709872158274 0
      vertex 13.382425742574258 37.298279201123115 0
    endloop
  endfacet
  facet normal 0.5054976028172727 0.6242375523543299 0.5956506121684642
    outer loop
      vertex 13.971375808488173 38.68422025984384 -2
      vertex 12.835263112596467 37.69581612153724 0
      vertex 13.0984274139944 37.482709872158274 0
    endloop
  endfacet
  facet normal 0.3646649823904709 0.7156953254293975 0.5956506121684643
    outer loop
      vertex 14.28821087461735 38.50129544912545 -2
      vertex 13.382425742574258 37.298279201123115 0
      vertex 13.684146553217646 37.14454476945822 0
    endloop
  endfacet
  facet normal -0.28785677692643824 0.7498925417690565 0.5956506121684645
    outer loop
      vertex 15.71178912538265 38.50129544912545 -2
      vertex 15.999715870415981 37.023190923767906 0
      vertex 16.315853446782356 37.14454476945822 0
    endloop
  endfacet
  facet normal -0.3646649823904624 0.7156953254294014 0.5956506121684647
    outer loop
      vertex 15.71178912538265 38.50129544912545 -2
      vertex 16.315853446782356 37.14454476945822 0
      vertex 15.875 38.58445554337723 -2
    endloop
  endfacet
  facet normal -0.4374778419963899 0.6736568013354541 0.5956506121684643
    outer loop
      vertex 15.875 38.58445554337723 -2
      vertex 16.617574257425744 37.298279201123115 0
      vertex 16.028624191511827 38.68422025984384 -2
    endloop
  endfacet
  facet normal -0.5054976028172811 0.6242375523543229 0.5956506121684645
    outer loop
      vertex 16.028624191511827 38.68422025984384 -2
      vertex 16.901572586005603 37.482709872158274 0
      vertex 16.170978561128003 38.799496555414564 -2
    endloop
  endfacet
  facet normal -0.5679790261195016 0.5679790261195171 0.5956506121684653
    outer loop
      vertex 16.170978561128003 38.799496555414564 -2
      vertex 17.164736887403535 37.69581612153724 0
      vertex 16.30050344458544 38.929021438872 -2
    endloop
  endfacet
  facet normal -0.624237552354332 0.50549760281727 0.5956506121684644
    outer loop
      vertex 16.30050344458544 38.929021438872 -2
      vertex 17.40418387846276 37.935263112596466 0
      vertex 16.415779740156157 39.07137580848817 -2
    endloop
  endfacet
  facet normal -0.6736568013354591 0.437477841996383 0.5956506121684635
    outer loop
      vertex 16.415779740156157 39.07137580848817 -2
      vertex 17.617290127841724 38.1984274139944 0
      vertex 16.515544456622766 39.225 -2
    endloop
  endfacet
  facet normal -0.715695325429394 0.3646649823904782 0.5956506121684642
    outer loop
      vertex 16.515544456622766 39.225 -2
      vertex 17.801720798876882 38.48242574257426 0
      vertex 16.59870455087455 39.38821087461735 -2
    endloop
  endfacet
  facet normal -0.7498925417690564 0.2878567769264404 0.5956506121684637
    outer loop
      vertex 16.59870455087455 39.38821087461735 -2
      vertex 17.95545523054178 38.78414655321765 0
      vertex 16.66434890351652 39.55922025984384 -2
    endloop
  endfacet
  facet normal -0.7758737784959957 0.20789475237648491 0.5956506121684645
    outer loop
      vertex 16.66434890351652 39.55922025984384 -2
      vertex 18.076809076232095 39.10028412958402 0
      vertex 16.71175830128416 39.73615454106892 -2
    endloop
  endfacet
  facet normal -0.7933543797437056 0.12565498941472433 0.5956506121684639
    outer loop
      vertex 16.71175830128416 39.73615454106892 -2
      vertex 18.164452757819515 39.427374802230666 0
      vertex 16.74041331689448 39.91707518928161 -2
    endloop
  endfacet
  facet normal -0.8021428243868655 0.04203852409394062 0.5956506121684635
    outer loop
      vertex 16.74041331689448 39.91707518928161 -2
      vertex 18.21742603278795 39.76183489729994 0
      vertex 16.75 40.1 -2
    endloop
  endfacet
  facet normal -0.36466498239047107 0.7156953254293977 0.5956506121684639
    outer loop
      vertex 15.875 38.58445554337723 -2
      vertex 16.315853446782356 37.14454476945822 0
      vertex 16.617574257425744 37.298279201123115 0
    endloop
  endfacet
  facet normal -0.43747784199638534 0.6736568013354569 0.5956506121684645
    outer loop
      vertex 16.028624191511827 38.68422025984384 -2
      vertex 16.617574257425744 37.298279201123115 0
      vertex 16.901572586005603 37.482709872158274 0
    endloop
  endfacet
  facet normal -0.5054976028172742 0.6242375523543275 0.5956506121684652
    outer loop
      vertex 16.170978561128003 38.799496555414564 -2
      vertex 16.901572586005603 37.482709872158274 0
      vertex 17.164736887403535 37.69581612153724 0
    endloop
  endfacet
  facet normal -0.5679790261195099 0.5679790261195099 0.5956506121684643
    outer loop
      vertex 16.30050344458544 38.929021438872 -2
      vertex 17.164736887403535 37.69581612153724 0
      vertex 17.40418387846276 37.935263112596466 0
    endloop
  endfacet
  facet normal -0.6242375523543359 0.5054976028172656 0.5956506121684637
    outer loop
      vertex 16.415779740156157 39.07137580848817 -2
      vertex 17.40418387846276 37.935263112596466 0
      vertex 17.617290127841724 38.1984274139944 0
    endloop
  endfacet
  facet normal -0.6736568013354546 0.4374778419963893 0.5956506121684643
    outer loop
      vertex 16.515544456622766 39.225 -2
      vertex 17.617290127841724 38.1984274139944 0
      vertex 17.801720798876882 38.48242574257426 0
    endloop
  endfacet
  facet normal -0.7156953254293982 0.36466498239047107 0.5956506121684634
    outer loop
      vertex 16.59870455087455 39.38821087461735 -2
      vertex 17.801720798876882 38.48242574257426 0
      vertex 17.95545523054178 38.78414655321765 0
    endloop
  endfacet
  facet normal -0.7498925417690541 0.2878567769264454 0.5956506121684642
    outer loop
      vertex 16.66434890351652 39.55922025984384 -2
      vertex 17.95545523054178 38.78414655321765 0
      vertex 18.076809076232095 39.10028412958402 0
    endloop
  endfacet
  facet normal -0.7758737784959975 0.20789475237647992 0.595650612168464
    outer loop
      vertex 16.71175830128416 39.73615454106892 -2
      vertex 18.076809076232095 39.10028412958402 0
      vertex 18.164452757819515 39.427374802230666 0
    endloop
  endfacet
  facet normal -0.7933543797437058 0.12565498941472347 0.5956506121684638
    outer loop
      vertex 16.74041331689448 39.91707518928161 -2
      vertex 18.164452757819515 39.427374802230666 0
      vertex 18.21742603278795 39.76183489729994 0
    endloop
  endfacet
  facet normal -0.802142824386865 0.04203852409394542 0.5956506121684639
    outer loop
      vertex 16.75 40.1 -2
      vertex 18.21742603278795 39.76183489729994 0
      vertex 18.235148514851485 40.1 0
    endloop
  endfacet
  facet normal 0.8021428243868652 -0.042038524093940606 0.5956506121684639
    outer loop
      vertex 13.25 40.1 -2
      vertex 13.259586683105521 40.28292481071839 -2
      vertex 11.782573967212047 40.43816510270006 0
    endloop
  endfacet
  facet normal 0.7933543797437056 -0.12565498941472433 0.5956506121684639
    outer loop
      vertex 13.259586683105521 40.28292481071839 -2
      vertex 13.28824169871584 40.46384545893108 -2
      vertex 11.835547242180485 40.77262519776934 0
    endloop
  endfacet
  facet normal 0.775873778495996 -0.207894752376485 0.5956506121684639
    outer loop
      vertex 13.28824169871584 40.46384545893108 -2
      vertex 13.335651096483481 40.64077974015616 -2
      vertex 11.923190923767907 41.099715870415984 0
    endloop
  endfacet
  facet normal 0.7498925417690564 -0.2878567769264404 0.5956506121684637
    outer loop
      vertex 13.335651096483481 40.64077974015616 -2
      vertex 13.401295449125449 40.81178912538265 -2
      vertex 12.04454476945822 41.41585344678235 0
    endloop
  endfacet
  facet normal 0.7156953254293972 -0.36466498239047207 0.595650612168464
    outer loop
      vertex 13.401295449125449 40.81178912538265 -2
      vertex 13.484455543377232 40.975 -2
      vertex 12.198279201123116 41.717574257425746 0
    endloop
  endfacet
  facet normal 0.6736568013354556 -0.4374778419963885 0.5956506121684637
    outer loop
      vertex 13.484455543377232 40.975 -2
      vertex 13.584220259843843 41.12862419151183 -2
      vertex 12.382709872158276 42.0015725860056 0
    endloop
  endfacet
  facet normal 0.8021428243868652 -0.04203852409394122 0.5956506121684642
    outer loop
      vertex 13.25 40.1 -2
      vertex 11.782573967212047 40.43816510270006 0
      vertex 11.764851485148515 40.1 0
    endloop
  endfacet
  facet normal 0.7933543797437048 -0.12565498941472752 0.5956506121684642
    outer loop
      vertex 13.259586683105521 40.28292481071839 -2
      vertex 11.835547242180485 40.77262519776934 0
      vertex 11.782573967212047 40.43816510270006 0
    endloop
  endfacet
  facet normal 0.7758737784959966 -0.2078947523764839 0.5956506121684639
    outer loop
      vertex 13.28824169871584 40.46384545893108 -2
      vertex 11.923190923767907 41.099715870415984 0
      vertex 11.835547242180485 40.77262519776934 0
    endloop
  endfacet
  facet normal 0.7498925417690558 -0.2878567769264418 0.5956506121684638
    outer loop
      vertex 13.335651096483481 40.64077974015616 -2
      vertex 12.04454476945822 41.41585344678235 0
      vertex 11.923190923767907 41.099715870415984 0
    endloop
  endfacet
  facet normal 0.7156953254293998 -0.36466498239046774 0.5956506121684636
    outer loop
      vertex 13.401295449125449 40.81178912538265 -2
      vertex 12.198279201123116 41.717574257425746 0
      vertex 12.04454476945822 41.41585344678235 0
    endloop
  endfacet
  facet normal 0.6736568013354526 -0.4374778419963923 0.5956506121684642
    outer loop
      vertex 13.484455543377232 40.975 -2
      vertex 12.382709872158276 42.0015725860056 0
      vertex 12.198279201123116 41.717574257425746 0
    endloop
  endfacet
  facet normal 0.6242375523543339 -0.5054976028172683 0.5956506121684637
    outer loop
      vertex 13.584220259843843 41.12862419151183 -2
      vertex 12.595816121537242 42.26473688740354 0
      vertex 12.382709872158276 42.0015725860056 0
    endloop
  endfacet
  facet normal 0.5679790261195099 -0.5679790261195099 0.5956506121684643
    outer loop
      vertex 13.69949655541456 41.270978561128004 -2
      vertex 12.835263112596467 42.50418387846276 0
      vertex 12.595816121537242 42.26473688740354 0
    endloop
  endfacet
  facet normal 0.5054976028172724 -0.6242375523543295 0.5956506121684647
    outer loop
      vertex 13.829021438871997 41.40050344458544 -2
      vertex 13.0984274139944 42.71729012784173 0
      vertex 12.835263112596467 42.50418387846276 0
    endloop
  endfacet
  facet normal 0.6242375523543281 -0.5054976028172745 0.5956506121684645
    outer loop
      vertex 13.584220259843843 41.12862419151183 -2
      vertex 13.69949655541456 41.270978561128004 -2
      vertex 12.595816121537242 42.26473688740354 0
    endloop
  endfacet
  facet normal 0.5679790261195056 -0.5679790261195135 0.5956506121684647
    outer loop
      vertex 13.69949655541456 41.270978561128004 -2
      vertex 13.829021438871997 41.40050344458544 -2
      vertex 12.835263112596467 42.50418387846276 0
    endloop
  endfacet
  facet normal 0.5054976028172813 -0.6242375523543231 0.5956506121684639
    outer loop
      vertex 13.829021438871997 41.40050344458544 -2
      vertex 13.971375808488173 41.51577974015616 -2
      vertex 13.0984274139944 42.71729012784173 0
    endloop
  endfacet
  facet normal 0.43747784199639 -0.6736568013354544 0.5956506121684639
    outer loop
      vertex 13.971375808488173 41.51577974015616 -2
      vertex 14.125 41.61554445662277 -2
      vertex 13.382425742574258 42.90172079887689 0
    endloop
  endfacet
  facet normal 0.3646649823904625 -0.7156953254294015 0.5956506121684645
    outer loop
      vertex 14.125 41.61554445662277 -2
      vertex 14.28821087461735 41.69870455087455 -2
      vertex 13.684146553217646 43.05545523054178 0
    endloop
  endfacet
  facet normal 0.2878567769264375 -0.7498925417690568 0.5956506121684646
    outer loop
      vertex 14.28821087461735 41.69870455087455 -2
      vertex 14.459220259843843 41.76434890351652 -2
      vertex 14.000284129584019 43.1768090762321 0
    endloop
  endfacet
  facet normal 0.20789475237647204 -0.775873778495998 0.5956506121684662
    outer loop
      vertex 14.459220259843843 41.76434890351652 -2
      vertex 14.63615454106892 41.81175830128416 -2
      vertex 14.327374802230665 43.26445275781952 0
    endloop
  endfacet
  facet normal 0.1256549894147278 -0.793354379743704 0.5956506121684652
    outer loop
      vertex 14.63615454106892 41.81175830128416 -2
      vertex 14.817075189281606 41.84041331689448 -2
      vertex 14.661834897299943 43.31742603278796 0
    endloop
  endfacet
  facet normal 0.0420385240939553 -0.802142824386864 0.5956506121684645
    outer loop
      vertex 14.817075189281606 41.84041331689448 -2
      vertex 15 41.85 -2
      vertex 15 43.33514851485149 0
    endloop
  endfacet
  facet normal -0.04203852409395526 -0.8021428243868632 0.5956506121684656
    outer loop
      vertex 15 41.85 -2
      vertex 15.182924810718394 41.84041331689448 -2
      vertex 15.338165102700057 43.31742603278796 0
    endloop
  endfacet
  facet normal -0.12565498941472775 -0.7933543797437036 0.5956506121684659
    outer loop
      vertex 15.182924810718394 41.84041331689448 -2
      vertex 15.36384545893108 41.81175830128416 -2
      vertex 15.672625197769335 43.26445275781952 0
    endloop
  endfacet
  facet normal -0.20789475237647237 -0.7758737784959993 0.5956506121684643
    outer loop
      vertex 15.36384545893108 41.81175830128416 -2
      vertex 15.540779740156157 41.76434890351652 -2
      vertex 15.999715870415981 43.1768090762321 0
    endloop
  endfacet
  facet normal -0.2878567769264375 -0.7498925417690568 0.5956506121684645
    outer loop
      vertex 15.540779740156157 41.76434890351652 -2
      vertex 15.71178912538265 41.69870455087455 -2
      vertex 16.315853446782356 43.05545523054178 0
    endloop
  endfacet
  facet normal 0.43747784199638745 -0.6736568013354559 0.5956506121684642
    outer loop
      vertex 13.971375808488173 41.51577974015616 -2
      vertex 13.382425742574258 42.90172079887689 0
      vertex 13.0984274139944 42.71729012784173 0
    endloop
  endfacet
  facet normal 0.3646649823904711 -0.7156953254293978 0.5956506121684638
    outer loop
      vertex 14.125 41.61554445662277 -2
      vertex 13.684146553217646 43.05545523054178 0
      vertex 13.382425742574258 42.90172079887689 0
    endloop
  endfacet
  facet normal 0.2878567769264397 -0.7498925417690562 0.5956506121684644
    outer loop
      vertex 14.28821087461735 41.69870455087455 -2
      vertex 14.000284129584019 43.1768090762321 0
      vertex 13.684146553217646 43.05545523054178 0
    endloop
  endfacet
  facet normal 0.2078947523764887 -0.7758737784959946 0.5956506121684648
    outer loop
      vertex 14.459220259843843 41.76434890351652 -2
      vertex 14.327374802230665 43.26445275781952 0
      vertex 14.000284129584019 43.1768090762321 0
    endloop
  endfacet
  facet normal 0.12565498941472192 -0.7933543797437045 0.5956506121684657
    outer loop
      vertex 14.63615454106892 41.81175830128416 -2
      vertex 14.661834897299943 43.31742603278796 0
      vertex 14.327374802230665 43.26445275781952 0
    endloop
  endfacet
  facet normal 0.0420385240939458 -0.8021428243868639 0.5956506121684655
    outer loop
      vertex 14.817075189281606 41.84041331689448 -2
      vertex 15 43.33514851485149 0
      vertex 14.661834897299943 43.31742603278796 0
    endloop
  endfacet
  facet normal -0.042038524093945824 -0.8021428243868642 0.5956506121684648
    outer loop
      vertex 15 41.85 -2
      vertex 15.338165102700057 43.31742603278796 0
      vertex 15 43.33514851485149 0
    endloop
  endfacet
  facet normal -0.12565498941472195 -0.7933543797437047 0.5956506121684654
    outer loop
      vertex 15.182924810718394 41.84041331689448 -2
      vertex 15.672625197769335 43.26445275781952 0
      vertex 15.338165102700057 43.31742603278796 0
    endloop
  endfacet
  facet normal -0.2078947523764885 -0.7758737784959938 0.5956506121684657
    outer loop
      vertex 15.36384545893108 41.81175830128416 -2
      vertex 15.999715870415981 43.1768090762321 0
      vertex 15.672625197769335 43.26445275781952 0
    endloop
  endfacet
  facet normal -0.8021428243868651 -0.0420385240939406 0.595650612168464
    outer loop
      vertex 16.75 40.1 -2
      vertex 18.235148514851485 40.1 0
      vertex 16.74041331689448 40.28292481071839 -2
    endloop
  endfacet
  facet normal -0.7933543797437056 -0.12565498941472436 0.5956506121684637
    outer loop
      vertex 16.74041331689448 40.28292481071839 -2
      vertex 18.21742603278795 40.43816510270006 0
      vertex 16.71175830128416 40.46384545893108 -2
    endloop
  endfacet
  facet normal -0.7758737784959963 -0.20789475237648503 0.5956506121684638
    outer loop
      vertex 16.71175830128416 40.46384545893108 -2
      vertex 18.164452757819515 40.77262519776934 0
      vertex 16.66434890351652 40.64077974015616 -2
    endloop
  endfacet
  facet normal -0.6736568013354586 -0.4374778419963827 0.5956506121684644
    outer loop
      vertex 16.515544456622766 40.975 -2
      vertex 17.801720798876882 41.717574257425746 0
      vertex 16.415779740156157 41.12862419151183 -2
    endloop
  endfacet
  facet normal -0.749892541769056 -0.2878567769264402 0.5956506121684644
    outer loop
      vertex 16.66434890351652 40.64077974015616 -2
      vertex 18.076809076232095 41.099715870415984 0
      vertex 16.59870455087455 40.81178912538265 -2
    endloop
  endfacet
  facet normal -0.7156953254293945 -0.3646649823904785 0.5956506121684634
    outer loop
      vertex 16.515544456622766 40.975 -2
      vertex 16.59870455087455 40.81178912538265 -2
      vertex 17.95545523054178 41.41585344678235 0
    endloop
  endfacet
  facet normal -0.4374778419963896 -0.6736568013354538 0.5956506121684647
    outer loop
      vertex 15.875 41.61554445662277 -2
      vertex 16.028624191511827 41.51577974015616 -2
      vertex 16.901572586005603 42.71729012784173 0
    endloop
  endfacet
  facet normal -0.5054976028172806 -0.6242375523543223 0.5956506121684655
    outer loop
      vertex 16.028624191511827 41.51577974015616 -2
      vertex 16.170978561128003 41.40050344458544 -2
      vertex 17.164736887403535 42.50418387846276 0
    endloop
  endfacet
  facet normal -0.3646649823904628 -0.7156953254294021 0.5956506121684637
    outer loop
      vertex 15.71178912538265 41.69870455087455 -2
      vertex 15.875 41.61554445662277 -2
      vertex 16.617574257425744 42.90172079887689 0
    endloop
  endfacet
  facet normal -0.5679790261195021 -0.5679790261195178 0.595650612168464
    outer loop
      vertex 16.170978561128003 41.40050344458544 -2
      vertex 16.30050344458544 41.270978561128004 -2
      vertex 17.40418387846276 42.26473688740354 0
    endloop
  endfacet
  facet normal -0.6242375523543324 -0.5054976028172703 0.5956506121684638
    outer loop
      vertex 16.30050344458544 41.270978561128004 -2
      vertex 16.415779740156157 41.12862419151183 -2
      vertex 17.617290127841724 42.0015725860056 0
    endloop
  endfacet
  facet normal -0.3646649823904709 -0.7156953254293974 0.5956506121684646
    outer loop
      vertex 15.71178912538265 41.69870455087455 -2
      vertex 16.617574257425744 42.90172079887689 0
      vertex 16.315853446782356 43.05545523054178 0
    endloop
  endfacet
  facet normal -0.4374778419963854 -0.6736568013354569 0.5956506121684643
    outer loop
      vertex 15.875 41.61554445662277 -2
      vertex 16.901572586005603 42.71729012784173 0
      vertex 16.617574257425744 42.90172079887689 0
    endloop
  endfacet
  facet normal -0.6242375523543356 -0.5054976028172655 0.5956506121684643
    outer loop
      vertex 16.30050344458544 41.270978561128004 -2
      vertex 17.617290127841724 42.0015725860056 0
      vertex 17.40418387846276 42.26473688740354 0
    endloop
  endfacet
  facet normal -0.5054976028172744 -0.6242375523543279 0.5956506121684648
    outer loop
      vertex 16.028624191511827 41.51577974015616 -2
      vertex 17.164736887403535 42.50418387846276 0
      vertex 16.901572586005603 42.71729012784173 0
    endloop
  endfacet
  facet normal -0.5679790261195095 -0.5679790261195095 0.5956506121684649
    outer loop
      vertex 16.170978561128003 41.40050344458544 -2
      vertex 17.40418387846276 42.26473688740354 0
      vertex 17.164736887403535 42.50418387846276 0
    endloop
  endfacet
  facet normal -0.8021428243868652 -0.04203852409394543 0.5956506121684636
    outer loop
      vertex 16.74041331689448 40.28292481071839 -2
      vertex 18.235148514851485 40.1 0
      vertex 18.21742603278795 40.43816510270006 0
    endloop
  endfacet
  facet normal -0.7933543797437058 -0.12565498941472347 0.5956506121684639
    outer loop
      vertex 16.71175830128416 40.46384545893108 -2
      vertex 18.21742603278795 40.43816510270006 0
      vertex 18.164452757819515 40.77262519776934 0
    endloop
  endfacet
  facet normal -0.7498925417690543 -0.28785677692644546 0.5956506121684639
    outer loop
      vertex 16.59870455087455 40.81178912538265 -2
      vertex 18.076809076232095 41.099715870415984 0
      vertex 17.95545523054178 41.41585344678235 0
    endloop
  endfacet
  facet normal -0.7758737784959973 -0.20789475237647986 0.5956506121684644
    outer loop
      vertex 16.66434890351652 40.64077974015616 -2
      vertex 18.164452757819515 40.77262519776934 0
      vertex 18.076809076232095 41.099715870415984 0
    endloop
  endfacet
  facet normal -0.7156953254293978 -0.36466498239047096 0.5956506121684639
    outer loop
      vertex 16.515544456622766 40.975 -2
      vertex 17.95545523054178 41.41585344678235 0
      vertex 17.801720798876882 41.717574257425746 0
    endloop
  endfacet
  facet normal -0.6736568013354548 -0.4374778419963895 0.5956506121684637
    outer loop
      vertex 16.415779740156157 41.12862419151183 -2
      vertex 17.801720798876882 41.717574257425746 0
      vertex 17.617290127841724 42.0015725860056 0
    endloop
  endfacet
  facet normal -0.28785677692643824 -0.7498925417690565 0.5956506121684646
    outer loop
      vertex 15.540779740156157 41.76434890351652 -2
      vertex 16.315853446782356 43.05545523054178 0
      vertex 15.999715870415981 43.1768090762321 0
    endloop
  endfacet
  facet normal 0.7933543797437042 0.12565498941474004 0.5956506121684625
    outer loop
      vertex 40.78824169871584 64.83615454106892 -2
      vertex 39.282573967212045 64.86183489729994 0
      vertex 39.33554724218049 64.52737480223067 0
    endloop
  endfacet
  facet normal 0.8021428243868638 0.04203852409394536 0.5956506121684655
    outer loop
      vertex 40.759586683105525 65.01707518928161 -2
      vertex 39.26485148514851 65.2 0
      vertex 39.282573967212045 64.86183489729994 0
    endloop
  endfacet
  facet normal 0.2878567769264399 0.7498925417690566 0.5956506121684637
    outer loop
      vertex 41.95922025984384 63.535651096483484 -2
      vertex 41.18414655321765 62.24454476945822 0
      vertex 41.500284129584024 62.12319092376791 0
    endloop
  endfacet
  facet normal 0.2078947523764766 0.7758737784959996 0.5956506121684623
    outer loop
      vertex 42.13615454106892 63.48824169871584 -2
      vertex 41.500284129584024 62.12319092376791 0
      vertex 41.827374802230665 62.03554724218049 0
    endloop
  endfacet
  facet normal 0.12565498941473974 0.7933543797437022 0.5956506121684653
    outer loop
      vertex 42.31707518928161 63.45958668310553 -2
      vertex 41.827374802230665 62.03554724218049 0
      vertex 42.16183489729994 61.98257396721205 0
    endloop
  endfacet
  facet normal 0.04203852409394539 0.8021428243868644 0.5956506121684648
    outer loop
      vertex 42.5 63.45 -2
      vertex 42.16183489729994 61.98257396721205 0
      vertex 42.5 61.964851485148515 0
    endloop
  endfacet
  facet normal 0.6242375523543175 0.5054976028172894 0.5956506121684628
    outer loop
      vertex 41.08422025984384 64.17137580848818 -2
      vertex 39.88270987215828 63.2984274139944 0
      vertex 41.19949655541456 64.02902143887201 -2
    endloop
  endfacet
  facet normal 0.5054976028172881 0.624237552354316 0.5956506121684657
    outer loop
      vertex 41.47137580848817 63.78422025984384 -2
      vertex 41.329021438872 63.899496555414565 -2
      vertex 40.335263112596465 62.79581612153724 0
    endloop
  endfacet
  facet normal 0.5679790261195241 0.567979026119493 0.5956506121684668
    outer loop
      vertex 41.329021438872 63.899496555414565 -2
      vertex 41.19949655541456 64.02902143887201 -2
      vertex 40.09581612153724 63.03526311259647 0
    endloop
  endfacet
  facet normal 0.7156953254294005 0.36466498239046596 0.5956506121684636
    outer loop
      vertex 40.98445554337723 64.325 -2
      vertex 40.90129544912545 64.48821087461735 -2
      vertex 39.54454476945822 63.884146553217654 0
    endloop
  endfacet
  facet normal 0.7498925417690594 0.2878567769264295 0.5956506121684653
    outer loop
      vertex 40.90129544912545 64.48821087461735 -2
      vertex 40.83565109648348 64.65922025984385 -2
      vertex 39.423190923767905 64.20028412958402 0
    endloop
  endfacet
  facet normal 0.7758737784959919 0.2078947523765078 0.5956506121684616
    outer loop
      vertex 40.78824169871584 64.83615454106892 -2
      vertex 39.33554724218049 64.52737480223067 0
      vertex 40.83565109648348 64.65922025984385 -2
    endloop
  endfacet
  facet normal 0.7933543797437086 0.12565498941469366 0.5956506121684664
    outer loop
      vertex 40.78824169871584 64.83615454106892 -2
      vertex 40.759586683105525 65.01707518928161 -2
      vertex 39.282573967212045 64.86183489729994 0
    endloop
  endfacet
  facet normal 0.8021428243868639 0.042038524093956114 0.5956506121684646
    outer loop
      vertex 40.759586683105525 65.01707518928161 -2
      vertex 40.75 65.2 -2
      vertex 39.26485148514851 65.2 0
    endloop
  endfacet
  facet normal 0.6736568013354497 0.43747784199639717 0.5956506121684639
    outer loop
      vertex 40.98445554337723 64.325 -2
      vertex 39.698279201123114 63.58242574257426 0
      vertex 41.08422025984384 64.17137580848818 -2
    endloop
  endfacet
  facet normal 0.36466498239046596 0.7156953254294005 0.5956506121684639
    outer loop
      vertex 41.625 63.68445554337723 -2
      vertex 40.882425742574256 62.39827920112312 0
      vertex 41.78821087461735 63.60129544912545 -2
    endloop
  endfacet
  facet normal 0.2878567769264404 0.7498925417690564 0.5956506121684637
    outer loop
      vertex 41.95922025984384 63.535651096483484 -2
      vertex 41.78821087461735 63.60129544912545 -2
      vertex 41.18414655321765 62.24454476945822 0
    endloop
  endfacet
  facet normal 0.4374778419963836 0.67365680133546 0.595650612168462
    outer loop
      vertex 41.47137580848817 63.78422025984384 -2
      vertex 40.5984274139944 62.58270987215828 0
      vertex 41.625 63.68445554337723 -2
    endloop
  endfacet
  facet normal 0.2078947523764995 0.7758737784959919 0.5956506121684644
    outer loop
      vertex 41.95922025984384 63.535651096483484 -2
      vertex 41.500284129584024 62.12319092376791 0
      vertex 42.13615454106892 63.48824169871584 -2
    endloop
  endfacet
  facet normal 0.12565498941469425 0.7933543797437123 0.5956506121684614
    outer loop
      vertex 42.13615454106892 63.48824169871584 -2
      vertex 41.827374802230665 62.03554724218049 0
      vertex 42.31707518928161 63.45958668310553 -2
    endloop
  endfacet
  facet normal 0.04203852409395607 0.8021428243868631 0.5956506121684657
    outer loop
      vertex 42.31707518928161 63.45958668310553 -2
      vertex 42.16183489729994 61.98257396721205 0
      vertex 42.5 63.45 -2
    endloop
  endfacet
  facet normal 0.6242375523543389 0.5054976028172596 0.5956506121684659
    outer loop
      vertex 41.19949655541456 64.02902143887201 -2
      vertex 39.88270987215828 63.2984274139944 0
      vertex 40.09581612153724 63.03526311259647 0
    endloop
  endfacet
  facet normal 0.6736568013354473 0.43747784199640144 0.5956506121684634
    outer loop
      vertex 41.08422025984384 64.17137580848818 -2
      vertex 39.698279201123114 63.58242574257426 0
      vertex 39.88270987215828 63.2984274139944 0
    endloop
  endfacet
  facet normal 0.5679790261195095 0.5679790261195095 0.5956506121684649
    outer loop
      vertex 41.329021438872 63.899496555414565 -2
      vertex 40.09581612153724 63.03526311259647 0
      vertex 40.335263112596465 62.79581612153724 0
    endloop
  endfacet
  facet normal 0.5054976028172612 0.6242375523543408 0.5956506121684626
    outer loop
      vertex 41.47137580848817 63.78422025984384 -2
      vertex 40.335263112596465 62.79581612153724 0
      vertex 40.5984274139944 62.58270987215828 0
    endloop
  endfacet
  facet normal 0.4374778419964013 0.673656801335447 0.5956506121684638
    outer loop
      vertex 41.625 63.68445554337723 -2
      vertex 40.5984274139944 62.58270987215828 0
      vertex 40.882425742574256 62.39827920112312 0
    endloop
  endfacet
  facet normal 0.7498925417690543 0.28785677692644546 0.5956506121684639
    outer loop
      vertex 40.90129544912545 64.48821087461735 -2
      vertex 39.423190923767905 64.20028412958402 0
      vertex 39.54454476945822 63.884146553217654 0
    endloop
  endfacet
  facet normal 0.7156953254294014 0.36466498239046435 0.5956506121684638
    outer loop
      vertex 40.98445554337723 64.325 -2
      vertex 39.54454476945822 63.884146553217654 0
      vertex 39.698279201123114 63.58242574257426 0
    endloop
  endfacet
  facet normal 0.7758737784959993 0.20789475237647195 0.5956506121684646
    outer loop
      vertex 40.83565109648348 64.65922025984385 -2
      vertex 39.33554724218049 64.52737480223067 0
      vertex 39.423190923767905 64.20028412958402 0
    endloop
  endfacet
  facet normal 0.36466498239046435 0.7156953254294014 0.5956506121684636
    outer loop
      vertex 41.78821087461735 63.60129544912545 -2
      vertex 40.882425742574256 62.39827920112312 0
      vertex 41.18414655321765 62.24454476945822 0
    endloop
  endfacet
  facet normal 0.8021428243868644 -0.04203852409394539 0.5956506121684648
    outer loop
      vertex 40.75 65.2 -2
      vertex 39.282573967212045 65.53816510270006 0
      vertex 39.26485148514851 65.2 0
    endloop
  endfacet
  facet normal 0.7933543797437022 -0.12565498941473974 0.5956506121684653
    outer loop
      vertex 40.759586683105525 65.3829248107184 -2
      vertex 39.33554724218049 65.87262519776934 0
      vertex 39.282573967212045 65.53816510270006 0
    endloop
  endfacet
  facet normal 0.8021428243868631 -0.04203852409395607 0.5956506121684657
    outer loop
      vertex 40.75 65.2 -2
      vertex 40.759586683105525 65.3829248107184 -2
      vertex 39.282573967212045 65.53816510270006 0
    endloop
  endfacet
  facet normal 0.7933543797437123 -0.12565498941469425 0.5956506121684613
    outer loop
      vertex 40.759586683105525 65.3829248107184 -2
      vertex 40.78824169871584 65.56384545893108 -2
      vertex 39.33554724218049 65.87262519776934 0
    endloop
  endfacet
  facet normal 0.775873778495989 -0.20789475237650704 0.5956506121684656
    outer loop
      vertex 40.78824169871584 65.56384545893108 -2
      vertex 40.83565109648348 65.74077974015616 -2
      vertex 39.423190923767905 66.19971587041599 0
    endloop
  endfacet
  facet normal 0.7498925417690601 -0.28785677692642986 0.595650612168464
    outer loop
      vertex 40.83565109648348 65.74077974015616 -2
      vertex 40.90129544912545 65.91178912538265 -2
      vertex 39.54454476945822 66.51585344678236 0
    endloop
  endfacet
  facet normal 0.7156953254294005 -0.36466498239046596 0.5956506121684639
    outer loop
      vertex 40.90129544912545 65.91178912538265 -2
      vertex 40.98445554337723 66.075 -2
      vertex 39.698279201123114 66.81757425742575 0
    endloop
  endfacet
  facet normal 0.67365680133545 -0.4374778419963974 0.5956506121684634
    outer loop
      vertex 40.98445554337723 66.075 -2
      vertex 41.08422025984384 66.22862419151183 -2
      vertex 39.88270987215828 67.1015725860056 0
    endloop
  endfacet
  facet normal 0.6242375523543153 -0.5054976028172875 0.5956506121684668
    outer loop
      vertex 41.08422025984384 66.22862419151183 -2
      vertex 41.19949655541456 66.370978561128 -2
      vertex 40.09581612153724 67.36473688740354 0
    endloop
  endfacet
  facet normal 0.5679790261195419 -0.5679790261194796 0.5956506121684625
    outer loop
      vertex 41.19949655541456 66.370978561128 -2
      vertex 41.329021438872 66.50050344458545 -2
      vertex 40.335263112596465 67.60418387846276 0
    endloop
  endfacet
  facet normal 0.5054976028172518 -0.6242375523543481 0.5956506121684629
    outer loop
      vertex 41.329021438872 66.50050344458545 -2
      vertex 41.47137580848817 66.61577974015616 -2
      vertex 40.5984274139944 67.81729012784172 0
    endloop
  endfacet
  facet normal 0.43747784199638207 -0.6736568013354577 0.5956506121684658
    outer loop
      vertex 41.47137580848817 66.61577974015616 -2
      vertex 41.625 66.71554445662277 -2
      vertex 40.882425742574256 68.00172079887689 0
    endloop
  endfacet
  facet normal 0.36466498239051703 -0.7156953254293784 0.5956506121684589
    outer loop
      vertex 41.625 66.71554445662277 -2
      vertex 41.78821087461735 66.79870455087456 -2
      vertex 41.18414655321765 68.15545523054178 0
    endloop
  endfacet
  facet normal 0.28785677692638617 -0.7498925417690775 0.5956506121684635
    outer loop
      vertex 41.78821087461735 66.79870455087456 -2
      vertex 41.95922025984384 66.86434890351651 -2
      vertex 41.500284129584024 68.27680907623208 0
    endloop
  endfacet
  facet normal 0.20789475237652885 -0.7758737784959853 0.5956506121684627
    outer loop
      vertex 41.95922025984384 66.86434890351651 -2
      vertex 42.13615454106892 66.91175830128417 -2
      vertex 41.827374802230665 68.36445275781952 0
    endloop
  endfacet
  facet normal 0.12565498941469366 -0.7933543797437086 0.5956506121684664
    outer loop
      vertex 42.13615454106892 66.91175830128417 -2
      vertex 42.31707518928161 66.94041331689448 -2
      vertex 42.16183489729994 68.41742603278796 0
    endloop
  endfacet
  facet normal 0.042038524093956114 -0.8021428243868639 0.5956506121684646
    outer loop
      vertex 42.31707518928161 66.94041331689448 -2
      vertex 42.5 66.95 -2
      vertex 42.5 68.43514851485149 0
    endloop
  endfacet
  facet normal 0.7758737784960007 -0.20789475237647237 0.5956506121684624
    outer loop
      vertex 40.78824169871584 65.56384545893108 -2
      vertex 39.423190923767905 66.19971587041599 0
      vertex 39.33554724218049 65.87262519776934 0
    endloop
  endfacet
  facet normal 0.7498925417690557 -0.2878567769264395 0.5956506121684649
    outer loop
      vertex 40.83565109648348 65.74077974015616 -2
      vertex 39.54454476945822 66.51585344678236 0
      vertex 39.423190923767905 66.19971587041599 0
    endloop
  endfacet
  facet normal 0.7156953254293975 -0.3646649823904709 0.5956506121684643
    outer loop
      vertex 40.90129544912545 65.91178912538265 -2
      vertex 39.698279201123114 66.81757425742575 0
      vertex 39.54454476945822 66.51585344678236 0
    endloop
  endfacet
  facet normal 0.673656801335447 -0.4374778419964013 0.5956506121684638
    outer loop
      vertex 40.98445554337723 66.075 -2
      vertex 39.88270987215828 67.1015725860056 0
      vertex 39.698279201123114 66.81757425742575 0
    endloop
  endfacet
  facet normal 0.6242375523543401 -0.5054976028172606 0.5956506121684636
    outer loop
      vertex 41.08422025984384 66.22862419151183 -2
      vertex 40.09581612153724 67.36473688740354 0
      vertex 39.88270987215828 67.1015725860056 0
    endloop
  endfacet
  facet normal 0.5679790261195088 -0.5679790261195088 0.5956506121684663
    outer loop
      vertex 41.19949655541456 66.370978561128 -2
      vertex 40.335263112596465 67.60418387846276 0
      vertex 40.09581612153724 67.36473688740354 0
    endloop
  endfacet
  facet normal 0.5054976028172509 -0.6242375523543487 0.5956506121684628
    outer loop
      vertex 41.329021438872 66.50050344458545 -2
      vertex 40.5984274139944 67.81729012784172 0
      vertex 40.335263112596465 67.60418387846276 0
    endloop
  endfacet
  facet normal 0.4374778419964136 -0.67365680133544 0.5956506121684629
    outer loop
      vertex 41.47137580848817 66.61577974015616 -2
      vertex 40.882425742574256 68.00172079887689 0
      vertex 40.5984274139944 67.81729012784172 0
    endloop
  endfacet
  facet normal 0.36466498239045053 -0.7156953254294074 0.595650612168465
    outer loop
      vertex 41.625 66.71554445662277 -2
      vertex 41.18414655321765 68.15545523054178 0
      vertex 40.882425742574256 68.00172079887689 0
    endloop
  endfacet
  facet normal 0.2878567769264262 -0.7498925417690648 0.5956506121684599
    outer loop
      vertex 41.78821087461735 66.79870455087456 -2
      vertex 41.500284129584024 68.27680907623208 0
      vertex 41.18414655321765 68.15545523054178 0
    endloop
  endfacet
  facet normal 0.2078947523765236 -0.7758737784959865 0.5956506121684633
    outer loop
      vertex 41.95922025984384 66.86434890351651 -2
      vertex 41.827374802230665 68.36445275781952 0
      vertex 41.500284129584024 68.27680907623208 0
    endloop
  endfacet
  facet normal 0.12565498941472347 -0.7933543797437058 0.5956506121684639
    outer loop
      vertex 42.13615454106892 66.91175830128417 -2
      vertex 42.16183489729994 68.41742603278796 0
      vertex 41.827374802230665 68.36445275781952 0
    endloop
  endfacet
  facet normal 0.04203852409394536 -0.8021428243868638 0.5956506121684655
    outer loop
      vertex 42.31707518928161 66.94041331689448 -2
      vertex 42.5 68.43514851485149 0
      vertex 42.16183489729994 68.41742603278796 0
    endloop
  endfacet
  facet normal -0.04203852409394536 0.8021428243868638 0.5956506121684655
    outer loop
      vertex 42.68292481071839 63.45958668310553 -2
      vertex 42.5 61.964851485148515 0
      vertex 42.83816510270006 61.98257396721205 0
    endloop
  endfacet
  facet normal -0.12565498941474004 0.7933543797437042 0.5956506121684625
    outer loop
      vertex 42.86384545893108 63.48824169871584 -2
      vertex 42.83816510270006 61.98257396721205 0
      vertex 43.172625197769335 62.03554724218049 0
    endloop
  endfacet
  facet normal -0.2078947523764763 0.7758737784959986 0.5956506121684637
    outer loop
      vertex 43.04077974015616 63.535651096483484 -2
      vertex 43.172625197769335 62.03554724218049 0
      vertex 43.499715870415976 62.12319092376791 0
    endloop
  endfacet
  facet normal -0.042038524093956114 0.8021428243868639 0.5956506121684646
    outer loop
      vertex 42.5 63.45 -2
      vertex 42.5 61.964851485148515 0
      vertex 42.68292481071839 63.45958668310553 -2
    endloop
  endfacet
  facet normal -0.12565498941469366 0.7933543797437086 0.5956506121684664
    outer loop
      vertex 42.68292481071839 63.45958668310553 -2
      vertex 42.83816510270006 61.98257396721205 0
      vertex 42.86384545893108 63.48824169871584 -2
    endloop
  endfacet
  facet normal -0.20789475237649999 0.7758737784959938 0.5956506121684618
    outer loop
      vertex 42.86384545893108 63.48824169871584 -2
      vertex 43.172625197769335 62.03554724218049 0
      vertex 43.04077974015616 63.535651096483484 -2
    endloop
  endfacet
  facet normal -0.2878567769264404 0.7498925417690564 0.5956506121684636
    outer loop
      vertex 43.04077974015616 63.535651096483484 -2
      vertex 43.499715870415976 62.12319092376791 0
      vertex 43.21178912538265 63.60129544912545 -2
    endloop
  endfacet
  facet normal -0.36466498239046596 0.7156953254294005 0.5956506121684636
    outer loop
      vertex 43.21178912538265 63.60129544912545 -2
      vertex 43.81585344678235 62.24454476945822 0
      vertex 43.375 63.68445554337723 -2
    endloop
  endfacet
  facet normal -0.4374778419963827 0.6736568013354586 0.5956506121684644
    outer loop
      vertex 43.375 63.68445554337723 -2
      vertex 44.117574257425744 62.39827920112312 0
      vertex 43.52862419151183 63.78422025984384 -2
    endloop
  endfacet
  facet normal -0.50549760281729 0.6242375523543183 0.5956506121684616
    outer loop
      vertex 43.52862419151183 63.78422025984384 -2
      vertex 44.4015725860056 62.58270987215828 0
      vertex 43.670978561128 63.899496555414565 -2
    endloop
  endfacet
  facet normal -0.5679790261195254 0.5679790261194942 0.5956506121684645
    outer loop
      vertex 43.670978561128 63.899496555414565 -2
      vertex 44.664736887403535 62.79581612153724 0
      vertex 43.80050344458544 64.02902143887201 -2
    endloop
  endfacet
  facet normal -0.6242375523543153 0.5054976028172875 0.5956506121684668
    outer loop
      vertex 43.80050344458544 64.02902143887201 -2
      vertex 44.90418387846276 63.03526311259647 0
      vertex 43.91577974015616 64.17137580848818 -2
    endloop
  endfacet
  facet normal -0.67365680133545 0.4374778419963974 0.5956506121684634
    outer loop
      vertex 43.91577974015616 64.17137580848818 -2
      vertex 45.11729012784172 63.2984274139944 0
      vertex 44.01554445662277 64.325 -2
    endloop
  endfacet
  facet normal -0.7156953254294005 0.36466498239046596 0.5956506121684639
    outer loop
      vertex 44.01554445662277 64.325 -2
      vertex 45.301720798876886 63.58242574257426 0
      vertex 44.09870455087455 64.48821087461735 -2
    endloop
  endfacet
  facet normal -0.7498925417690606 0.28785677692643 0.5956506121684634
    outer loop
      vertex 44.09870455087455 64.48821087461735 -2
      vertex 45.45545523054178 63.884146553217654 0
      vertex 44.16434890351652 64.65922025984385 -2
    endloop
  endfacet
  facet normal -0.775873778495989 0.20789475237650704 0.5956506121684656
    outer loop
      vertex 44.16434890351652 64.65922025984385 -2
      vertex 45.576809076232095 64.20028412958402 0
      vertex 44.21175830128416 64.83615454106892 -2
    endloop
  endfacet
  facet normal -0.7933543797437123 0.12565498941469425 0.5956506121684614
    outer loop
      vertex 44.21175830128416 64.83615454106892 -2
      vertex 45.66445275781951 64.52737480223067 0
      vertex 44.240413316894475 65.01707518928161 -2
    endloop
  endfacet
  facet normal -0.8021428243868631 0.04203852409395607 0.5956506121684657
    outer loop
      vertex 44.240413316894475 65.01707518928161 -2
      vertex 45.717426032787955 64.86183489729994 0
      vertex 44.25 65.2 -2
    endloop
  endfacet
  facet normal -0.2878567769264399 0.7498925417690566 0.5956506121684637
    outer loop
      vertex 43.21178912538265 63.60129544912545 -2
      vertex 43.499715870415976 62.12319092376791 0
      vertex 43.81585344678235 62.24454476945822 0
    endloop
  endfacet
  facet normal -0.36466498239046435 0.7156953254294014 0.5956506121684638
    outer loop
      vertex 43.375 63.68445554337723 -2
      vertex 43.81585344678235 62.24454476945822 0
      vertex 44.117574257425744 62.39827920112312 0
    endloop
  endfacet
  facet normal -0.43747784199640183 0.6736568013354479 0.5956506121684625
    outer loop
      vertex 43.52862419151183 63.78422025984384 -2
      vertex 44.117574257425744 62.39827920112312 0
      vertex 44.4015725860056 62.58270987215828 0
    endloop
  endfacet
  facet normal -0.5054976028172602 0.6242375523543394 0.5956506121684647
    outer loop
      vertex 43.670978561128 63.899496555414565 -2
      vertex 44.4015725860056 62.58270987215828 0
      vertex 44.664736887403535 62.79581612153724 0
    endloop
  endfacet
  facet normal -0.5679790261195088 0.5679790261195088 0.5956506121684663
    outer loop
      vertex 43.80050344458544 64.02902143887201 -2
      vertex 44.664736887403535 62.79581612153724 0
      vertex 44.90418387846276 63.03526311259647 0
    endloop
  endfacet
  facet normal -0.6242375523543401 0.5054976028172606 0.5956506121684636
    outer loop
      vertex 43.91577974015616 64.17137580848818 -2
      vertex 44.90418387846276 63.03526311259647 0
      vertex 45.11729012784172 63.2984274139944 0
    endloop
  endfacet
  facet normal -0.673656801335447 0.4374778419964013 0.5956506121684638
    outer loop
      vertex 44.01554445662277 64.325 -2
      vertex 45.11729012784172 63.2984274139944 0
      vertex 45.301720798876886 63.58242574257426 0
    endloop
  endfacet
  facet normal -0.7156953254294014 0.36466498239046435 0.5956506121684636
    outer loop
      vertex 44.09870455087455 64.48821087461735 -2
      vertex 45.301720798876886 63.58242574257426 0
      vertex 45.45545523054178 63.884146553217654 0
    endloop
  endfacet
  facet normal -0.7498925417690536 0.2878567769264452 0.5956506121684648
    outer loop
      vertex 44.16434890351652 64.65922025984385 -2
      vertex 45.45545523054178 63.884146553217654 0
      vertex 45.576809076232095 64.20028412958402 0
    endloop
  endfacet
  facet normal -0.7758737784960007 0.20789475237647237 0.5956506121684624
    outer loop
      vertex 44.21175830128416 64.83615454106892 -2
      vertex 45.576809076232095 64.20028412958402 0
      vertex 45.66445275781951 64.52737480223067 0
    endloop
  endfacet
  facet normal -0.7933543797437022 0.12565498941473974 0.5956506121684653
    outer loop
      vertex 44.240413316894475 65.01707518928161 -2
      vertex 45.66445275781951 64.52737480223067 0
      vertex 45.717426032787955 64.86183489729994 0
    endloop
  endfacet
  facet normal -0.8021428243868644 0.04203852409394539 0.5956506121684648
    outer loop
      vertex 44.25 65.2 -2
      vertex 45.717426032787955 64.86183489729994 0
      vertex 45.73514851485149 65.2 0
    endloop
  endfacet
  facet normal -0.04203852409395607 -0.8021428243868631 0.5956506121684657
    outer loop
      vertex 42.5 66.95 -2
      vertex 42.68292481071839 66.94041331689448 -2
      vertex 42.83816510270006 68.41742603278796 0
    endloop
  endfacet
  facet normal -0.20789475237652877 -0.7758737784959849 0.5956506121684634
    outer loop
      vertex 42.86384545893108 66.91175830128417 -2
      vertex 43.04077974015616 66.86434890351651 -2
      vertex 43.499715870415976 68.27680907623208 0
    endloop
  endfacet
  facet normal -0.12565498941469405 -0.7933543797437109 0.5956506121684632
    outer loop
      vertex 42.68292481071839 66.94041331689448 -2
      vertex 42.86384545893108 66.91175830128417 -2
      vertex 43.172625197769335 68.36445275781952 0
    endloop
  endfacet
  facet normal -0.28785677692638734 -0.7498925417690806 0.5956506121684588
    outer loop
      vertex 43.04077974015616 66.86434890351651 -2
      vertex 43.21178912538265 66.79870455087456 -2
      vertex 43.81585344678235 68.15545523054178 0
    endloop
  endfacet
  facet normal -0.3646649823905144 -0.7156953254293733 0.5956506121684668
    outer loop
      vertex 43.21178912538265 66.79870455087456 -2
      vertex 43.375 66.71554445662277 -2
      vertex 44.117574257425744 68.00172079887689 0
    endloop
  endfacet
  facet normal -0.4374778419963836 -0.67365680133546 0.595650612168462
    outer loop
      vertex 43.52862419151183 66.61577974015616 -2
      vertex 44.4015725860056 67.81729012784172 0
      vertex 43.375 66.71554445662277 -2
    endloop
  endfacet
  facet normal -0.6736568013354497 -0.43747784199639717 0.5956506121684639
    outer loop
      vertex 43.91577974015616 66.22862419151183 -2
      vertex 44.01554445662277 66.075 -2
      vertex 45.301720798876886 66.81757425742575 0
    endloop
  endfacet
  facet normal -0.8021428243868639 -0.042038524093956114 0.5956506121684646
    outer loop
      vertex 44.25 65.2 -2
      vertex 45.73514851485149 65.2 0
      vertex 44.240413316894475 65.3829248107184 -2
    endloop
  endfacet
  facet normal -0.7933543797437086 -0.12565498941469366 0.5956506121684664
    outer loop
      vertex 44.240413316894475 65.3829248107184 -2
      vertex 45.717426032787955 65.53816510270006 0
      vertex 44.21175830128416 65.56384545893108 -2
    endloop
  endfacet
  facet normal -0.7758737784959919 -0.2078947523765078 0.5956506121684616
    outer loop
      vertex 44.16434890351652 65.74077974015616 -2
      vertex 44.21175830128416 65.56384545893108 -2
      vertex 45.66445275781951 65.87262519776934 0
    endloop
  endfacet
  facet normal -0.7498925417690594 -0.2878567769264295 0.5956506121684653
    outer loop
      vertex 44.16434890351652 65.74077974015616 -2
      vertex 45.576809076232095 66.19971587041599 0
      vertex 44.09870455087455 65.91178912538265 -2
    endloop
  endfacet
  facet normal -0.7156953254294001 -0.36466498239046574 0.5956506121684645
    outer loop
      vertex 44.09870455087455 65.91178912538265 -2
      vertex 45.45545523054178 66.51585344678236 0
      vertex 44.01554445662277 66.075 -2
    endloop
  endfacet
  facet normal -0.5054976028172518 -0.6242375523543481 0.595650612168463
    outer loop
      vertex 43.52862419151183 66.61577974015616 -2
      vertex 43.670978561128 66.50050344458545 -2
      vertex 44.664736887403535 67.60418387846276 0
    endloop
  endfacet
  facet normal -0.5679790261195394 -0.567979026119477 0.5956506121684675
    outer loop
      vertex 43.670978561128 66.50050344458545 -2
      vertex 43.80050344458544 66.370978561128 -2
      vertex 44.90418387846276 67.36473688740354 0
    endloop
  endfacet
  facet normal -0.6242375523543175 -0.5054976028172894 0.5956506121684628
    outer loop
      vertex 43.91577974015616 66.22862419151183 -2
      vertex 45.11729012784172 67.1015725860056 0
      vertex 43.80050344458544 66.370978561128 -2
    endloop
  endfacet
  facet normal -0.3646649823904519 -0.7156953254294101 0.5956506121684607
    outer loop
      vertex 43.21178912538265 66.79870455087456 -2
      vertex 44.117574257425744 68.00172079887689 0
      vertex 43.81585344678235 68.15545523054178 0
    endloop
  endfacet
  facet normal -0.7758737784959993 -0.20789475237647195 0.5956506121684646
    outer loop
      vertex 44.16434890351652 65.74077974015616 -2
      vertex 45.66445275781951 65.87262519776934 0
      vertex 45.576809076232095 66.19971587041599 0
    endloop
  endfacet
  facet normal -0.7498925417690562 -0.2878567769264397 0.5956506121684644
    outer loop
      vertex 44.09870455087455 65.91178912538265 -2
      vertex 45.576809076232095 66.19971587041599 0
      vertex 45.45545523054178 66.51585344678236 0
    endloop
  endfacet
  facet normal -0.4374778419964127 -0.6736568013354387 0.5956506121684652
    outer loop
      vertex 43.375 66.71554445662277 -2
      vertex 44.4015725860056 67.81729012784172 0
      vertex 44.117574257425744 68.00172079887689 0
    endloop
  endfacet
  facet normal -0.5054976028172509 -0.6242375523543487 0.5956506121684628
    outer loop
      vertex 43.52862419151183 66.61577974015616 -2
      vertex 44.664736887403535 67.60418387846276 0
      vertex 44.4015725860056 67.81729012784172 0
    endloop
  endfacet
  facet normal -0.5679790261195101 -0.5679790261195101 0.5956506121684637
    outer loop
      vertex 43.670978561128 66.50050344458545 -2
      vertex 44.90418387846276 67.36473688740354 0
      vertex 44.664736887403535 67.60418387846276 0
    endloop
  endfacet
  facet normal -0.6736568013354473 -0.43747784199640144 0.5956506121684634
    outer loop
      vertex 43.91577974015616 66.22862419151183 -2
      vertex 45.301720798876886 66.81757425742575 0
      vertex 45.11729012784172 67.1015725860056 0
    endloop
  endfacet
  facet normal -0.6242375523543389 -0.5054976028172596 0.5956506121684659
    outer loop
      vertex 43.80050344458544 66.370978561128 -2
      vertex 45.11729012784172 67.1015725860056 0
      vertex 44.90418387846276 67.36473688740354 0
    endloop
  endfacet
  facet normal -0.7156953254293977 -0.36466498239047107 0.5956506121684639
    outer loop
      vertex 44.01554445662277 66.075 -2
      vertex 45.45545523054178 66.51585344678236 0
      vertex 45.301720798876886 66.81757425742575 0
    endloop
  endfacet
  facet normal -0.04203852409394539 -0.8021428243868644 0.5956506121684648
    outer loop
      vertex 42.5 66.95 -2
      vertex 42.83816510270006 68.41742603278796 0
      vertex 42.5 68.43514851485149 0
    endloop
  endfacet
  facet normal -0.12565498941472322 -0.7933543797437044 0.5956506121684656
    outer loop
      vertex 42.68292481071839 66.94041331689448 -2
      vertex 43.172625197769335 68.36445275781952 0
      vertex 42.83816510270006 68.41742603278796 0
    endloop
  endfacet
  facet normal -0.2078947523765237 -0.7758737784959867 0.5956506121684629
    outer loop
      vertex 42.86384545893108 66.91175830128417 -2
      vertex 43.499715870415976 68.27680907623208 0
      vertex 43.172625197769335 68.36445275781952 0
    endloop
  endfacet
  facet normal -0.2878567769264256 -0.7498925417690633 0.5956506121684624
    outer loop
      vertex 43.04077974015616 66.86434890351651 -2
      vertex 43.81585344678235 68.15545523054178 0
      vertex 43.499715870415976 68.27680907623208 0
    endloop
  endfacet
  facet normal -0.8021428243868638 -0.04203852409394536 0.5956506121684655
    outer loop
      vertex 44.240413316894475 65.3829248107184 -2
      vertex 45.73514851485149 65.2 0
      vertex 45.717426032787955 65.53816510270006 0
    endloop
  endfacet
  facet normal -0.7933543797437042 -0.12565498941474004 0.5956506121684625
    outer loop
      vertex 44.21175830128416 65.56384545893108 -2
      vertex 45.717426032787955 65.53816510270006 0
      vertex 45.66445275781951 65.87262519776934 0
    endloop
  endfacet
  facet normal 0.7933543797437043 0.12565498941473874 0.5956506121684625
    outer loop
      vertex 40.78824169871584 14.63615454106892 -2
      vertex 39.282573967212045 14.661834897299943 0
      vertex 39.33554724218049 14.327374802230665 0
    endloop
  endfacet
  facet normal 0.8021428243868639 0.0420385240939458 0.5956506121684655
    outer loop
      vertex 40.759586683105525 14.817075189281606 -2
      vertex 39.26485148514851 15 0
      vertex 39.282573967212045 14.661834897299943 0
    endloop
  endfacet
  facet normal 0.2878567769264363 0.7498925417690582 0.5956506121684634
    outer loop
      vertex 41.95922025984384 13.335651096483481 -2
      vertex 41.18414655321765 12.04454476945822 0
      vertex 41.500284129584024 11.923190923767907 0
    endloop
  endfacet
  facet normal 0.2078947523764881 0.7758737784959955 0.5956506121684638
    outer loop
      vertex 42.13615454106892 13.28824169871584 -2
      vertex 41.500284129584024 11.923190923767907 0
      vertex 41.827374802230665 11.835547242180485 0
    endloop
  endfacet
  facet normal 0.12565498941472752 0.7933543797437048 0.5956506121684642
    outer loop
      vertex 42.31707518928161 13.259586683105521 -2
      vertex 41.827374802230665 11.835547242180485 0
      vertex 42.16183489729994 11.782573967212047 0
    endloop
  endfacet
  facet normal 0.04203852409394122 0.8021428243868652 0.5956506121684642
    outer loop
      vertex 42.5 13.25 -2
      vertex 42.16183489729994 11.782573967212047 0
      vertex 42.5 11.764851485148515 0
    endloop
  endfacet
  facet normal 0.624237552354324 0.505497602817282 0.5956506121684624
    outer loop
      vertex 41.19949655541456 13.829021438871997 -2
      vertex 41.08422025984384 13.971375808488173 -2
      vertex 39.88270987215828 13.0984274139944 0
    endloop
  endfacet
  facet normal 0.5679790261195135 0.5679790261195056 0.5956506121684647
    outer loop
      vertex 41.19949655541456 13.829021438871997 -2
      vertex 40.09581612153724 12.835263112596467 0
      vertex 41.329021438872 13.69949655541456 -2
    endloop
  endfacet
  facet normal 0.5054976028172745 0.6242375523543281 0.5956506121684645
    outer loop
      vertex 41.329021438872 13.69949655541456 -2
      vertex 40.335263112596465 12.595816121537242 0
      vertex 41.47137580848817 13.584220259843843 -2
    endloop
  endfacet
  facet normal 0.7156953254294015 0.3646649823904625 0.5956506121684645
    outer loop
      vertex 40.98445554337723 14.125 -2
      vertex 40.90129544912545 14.28821087461735 -2
      vertex 39.54454476945822 13.684146553217646 0
    endloop
  endfacet
  facet normal 0.7498925417690568 0.2878567769264375 0.5956506121684646
    outer loop
      vertex 40.90129544912545 14.28821087461735 -2
      vertex 40.83565109648348 14.459220259843843 -2
      vertex 39.423190923767905 14.000284129584019 0
    endloop
  endfacet
  facet normal 0.7758737784959934 0.20789475237650193 0.5956506121684618
    outer loop
      vertex 40.78824169871584 14.63615454106892 -2
      vertex 39.33554724218049 14.327374802230665 0
      vertex 40.83565109648348 14.459220259843843 -2
    endloop
  endfacet
  facet normal 0.7933543797437083 0.12565498941469733 0.5956506121684659
    outer loop
      vertex 40.78824169871584 14.63615454106892 -2
      vertex 40.759586683105525 14.817075189281606 -2
      vertex 39.282573967212045 14.661834897299943 0
    endloop
  endfacet
  facet normal 0.802142824386864 0.0420385240939553 0.5956506121684645
    outer loop
      vertex 40.759586683105525 14.817075189281606 -2
      vertex 40.75 15 -2
      vertex 39.26485148514851 15 0
    endloop
  endfacet
  facet normal 0.6736568013354544 0.43747784199639 0.5956506121684639
    outer loop
      vertex 40.98445554337723 14.125 -2
      vertex 39.698279201123114 13.382425742574258 0
      vertex 41.08422025984384 13.971375808488173 -2
    endloop
  endfacet
  facet normal 0.4374778419963885 0.6736568013354556 0.5956506121684637
    outer loop
      vertex 41.625 13.484455543377232 -2
      vertex 41.47137580848817 13.584220259843843 -2
      vertex 40.5984274139944 12.382709872158276 0
    endloop
  endfacet
  facet normal 0.36466498239047207 0.7156953254293972 0.595650612168464
    outer loop
      vertex 41.625 13.484455543377232 -2
      vertex 40.882425742574256 12.198279201123116 0
      vertex 41.78821087461735 13.401295449125449 -2
    endloop
  endfacet
  facet normal 0.2878567769264404 0.7498925417690564 0.5956506121684637
    outer loop
      vertex 41.78821087461735 13.401295449125449 -2
      vertex 41.18414655321765 12.04454476945822 0
      vertex 41.95922025984384 13.335651096483481 -2
    endloop
  endfacet
  facet normal 0.12565498941472433 0.7933543797437056 0.5956506121684639
    outer loop
      vertex 42.13615454106892 13.28824169871584 -2
      vertex 41.827374802230665 11.835547242180485 0
      vertex 42.31707518928161 13.259586683105521 -2
    endloop
  endfacet
  facet normal 0.20789475237648508 0.7758737784959964 0.5956506121684635
    outer loop
      vertex 41.95922025984384 13.335651096483481 -2
      vertex 41.500284129584024 11.923190923767907 0
      vertex 42.13615454106892 13.28824169871584 -2
    endloop
  endfacet
  facet normal 0.042038524093940606 0.8021428243868652 0.5956506121684639
    outer loop
      vertex 42.31707518928161 13.259586683105521 -2
      vertex 42.16183489729994 11.782573967212047 0
      vertex 42.5 13.25 -2
    endloop
  endfacet
  facet normal 0.7156953254293978 0.3646649823904711 0.5956506121684638
    outer loop
      vertex 40.98445554337723 14.125 -2
      vertex 39.54454476945822 13.684146553217646 0
      vertex 39.698279201123114 13.382425742574258 0
    endloop
  endfacet
  facet normal 0.6242375523543379 0.5054976028172623 0.5956506121684646
    outer loop
      vertex 41.19949655541456 13.829021438871997 -2
      vertex 39.88270987215828 13.0984274139944 0
      vertex 40.09581612153724 12.835263112596467 0
    endloop
  endfacet
  facet normal 0.6736568013354489 0.4374778419963998 0.5956506121684629
    outer loop
      vertex 41.08422025984384 13.971375808488173 -2
      vertex 39.698279201123114 13.382425742574258 0
      vertex 39.88270987215828 13.0984274139944 0
    endloop
  endfacet
  facet normal 0.5679790261195099 0.5679790261195099 0.5956506121684643
    outer loop
      vertex 41.329021438872 13.69949655541456 -2
      vertex 40.09581612153724 12.835263112596467 0
      vertex 40.335263112596465 12.595816121537242 0
    endloop
  endfacet
  facet normal 0.5054976028172683 0.6242375523543339 0.5956506121684637
    outer loop
      vertex 41.47137580848817 13.584220259843843 -2
      vertex 40.335263112596465 12.595816121537242 0
      vertex 40.5984274139944 12.382709872158276 0
    endloop
  endfacet
  facet normal 0.4374778419963923 0.6736568013354526 0.5956506121684642
    outer loop
      vertex 41.625 13.484455543377232 -2
      vertex 40.5984274139944 12.382709872158276 0
      vertex 40.882425742574256 12.198279201123116 0
    endloop
  endfacet
  facet normal 0.7498925417690562 0.2878567769264397 0.5956506121684644
    outer loop
      vertex 40.90129544912545 14.28821087461735 -2
      vertex 39.423190923767905 14.000284129584019 0
      vertex 39.54454476945822 13.684146553217646 0
    endloop
  endfacet
  facet normal 0.775873778495999 0.20789475237647306 0.5956506121684643
    outer loop
      vertex 40.83565109648348 14.459220259843843 -2
      vertex 39.33554724218049 14.327374802230665 0
      vertex 39.423190923767905 14.000284129584019 0
    endloop
  endfacet
  facet normal 0.36466498239046774 0.7156953254293998 0.5956506121684636
    outer loop
      vertex 41.78821087461735 13.401295449125449 -2
      vertex 40.882425742574256 12.198279201123116 0
      vertex 41.18414655321765 12.04454476945822 0
    endloop
  endfacet
  facet normal 0.8021428243868642 -0.042038524093945824 0.5956506121684648
    outer loop
      vertex 40.75 15 -2
      vertex 39.282573967212045 15.338165102700057 0
      vertex 39.26485148514851 15 0
    endloop
  endfacet
  facet normal 0.7933543797437025 -0.12565498941473846 0.595650612168465
    outer loop
      vertex 40.759586683105525 15.182924810718394 -2
      vertex 39.33554724218049 15.672625197769335 0
      vertex 39.282573967212045 15.338165102700057 0
    endloop
  endfacet
  facet normal 0.8021428243868632 -0.04203852409395526 0.5956506121684656
    outer loop
      vertex 40.75 15 -2
      vertex 40.759586683105525 15.182924810718394 -2
      vertex 39.282573967212045 15.338165102700057 0
    endloop
  endfacet
  facet normal 0.7933543797437116 -0.12565498941469785 0.5956506121684615
    outer loop
      vertex 40.759586683105525 15.182924810718394 -2
      vertex 40.78824169871584 15.36384545893108 -2
      vertex 39.33554724218049 15.672625197769335 0
    endloop
  endfacet
  facet normal 0.7758737784959909 -0.20789475237650126 0.595650612168465
    outer loop
      vertex 40.78824169871584 15.36384545893108 -2
      vertex 40.83565109648348 15.540779740156157 -2
      vertex 39.423190923767905 15.999715870415981 0
    endloop
  endfacet
  facet normal 0.7498925417690568 -0.2878567769264375 0.5956506121684645
    outer loop
      vertex 40.83565109648348 15.540779740156157 -2
      vertex 40.90129544912545 15.71178912538265 -2
      vertex 39.54454476945822 16.315853446782356 0
    endloop
  endfacet
  facet normal 0.7156953254294021 -0.3646649823904628 0.5956506121684637
    outer loop
      vertex 40.90129544912545 15.71178912538265 -2
      vertex 40.98445554337723 15.875 -2
      vertex 39.698279201123114 16.617574257425744 0
    endloop
  endfacet
  facet normal 0.6736568013354547 -0.4374778419963903 0.5956506121684632
    outer loop
      vertex 40.98445554337723 15.875 -2
      vertex 41.08422025984384 16.028624191511827 -2
      vertex 39.88270987215828 16.901572586005603 0
    endloop
  endfacet
  facet normal 0.6242375523543223 -0.5054976028172806 0.5956506121684655
    outer loop
      vertex 41.08422025984384 16.028624191511827 -2
      vertex 41.19949655541456 16.170978561128003 -2
      vertex 40.09581612153724 17.164736887403535 0
    endloop
  endfacet
  facet normal 0.5679790261195178 -0.5679790261195021 0.595650612168464
    outer loop
      vertex 41.19949655541456 16.170978561128003 -2
      vertex 41.329021438872 16.30050344458544 -2
      vertex 40.335263112596465 17.40418387846276 0
    endloop
  endfacet
  facet normal 0.5054976028172703 -0.6242375523543324 0.5956506121684638
    outer loop
      vertex 41.329021438872 16.30050344458544 -2
      vertex 41.47137580848817 16.415779740156157 -2
      vertex 40.5984274139944 17.617290127841724 0
    endloop
  endfacet
  facet normal 0.4374778419963827 -0.6736568013354586 0.5956506121684644
    outer loop
      vertex 41.47137580848817 16.415779740156157 -2
      vertex 41.625 16.515544456622766 -2
      vertex 40.882425742574256 17.801720798876882 0
    endloop
  endfacet
  facet normal 0.3646649823904785 -0.7156953254293945 0.5956506121684634
    outer loop
      vertex 41.625 16.515544456622766 -2
      vertex 41.78821087461735 16.59870455087455 -2
      vertex 41.18414655321765 17.95545523054178 0
    endloop
  endfacet
  facet normal 0.2878567769264404 -0.7498925417690564 0.5956506121684636
    outer loop
      vertex 41.78821087461735 16.59870455087455 -2
      vertex 41.95922025984384 16.66434890351652 -2
      vertex 41.500284129584024 18.076809076232095 0
    endloop
  endfacet
  facet normal 0.20789475237648503 -0.7758737784959963 0.5956506121684638
    outer loop
      vertex 41.95922025984384 16.66434890351652 -2
      vertex 42.13615454106892 16.71175830128416 -2
      vertex 41.827374802230665 18.164452757819515 0
    endloop
  endfacet
  facet normal 0.12565498941472436 -0.7933543797437056 0.5956506121684638
    outer loop
      vertex 42.13615454106892 16.71175830128416 -2
      vertex 42.31707518928161 16.74041331689448 -2
      vertex 42.16183489729994 18.21742603278795 0
    endloop
  endfacet
  facet normal 0.0420385240939406 -0.8021428243868651 0.595650612168464
    outer loop
      vertex 42.31707518928161 16.74041331689448 -2
      vertex 42.5 16.75 -2
      vertex 42.5 18.235148514851485 0
    endloop
  endfacet
  facet normal 0.7758737784960004 -0.2078947523764734 0.5956506121684625
    outer loop
      vertex 40.78824169871584 15.36384545893108 -2
      vertex 39.423190923767905 15.999715870415981 0
      vertex 39.33554724218049 15.672625197769335 0
    endloop
  endfacet
  facet normal 0.7498925417690565 -0.28785677692643824 0.5956506121684646
    outer loop
      vertex 40.83565109648348 15.540779740156157 -2
      vertex 39.54454476945822 16.315853446782356 0
      vertex 39.423190923767905 15.999715870415981 0
    endloop
  endfacet
  facet normal 0.7156953254293974 -0.3646649823904709 0.5956506121684646
    outer loop
      vertex 40.90129544912545 15.71178912538265 -2
      vertex 39.698279201123114 16.617574257425744 0
      vertex 39.54454476945822 16.315853446782356 0
    endloop
  endfacet
  facet normal 0.6736568013354496 -0.43747784199639744 0.5956506121684639
    outer loop
      vertex 40.98445554337723 15.875 -2
      vertex 39.88270987215828 16.901572586005603 0
      vertex 39.698279201123114 16.617574257425744 0
    endloop
  endfacet
  facet normal 0.6242375523543368 -0.5054976028172649 0.5956506121684636
    outer loop
      vertex 41.08422025984384 16.028624191511827 -2
      vertex 40.09581612153724 17.164736887403535 0
      vertex 39.88270987215828 16.901572586005603 0
    endloop
  endfacet
  facet normal 0.5679790261195095 -0.5679790261195095 0.5956506121684649
    outer loop
      vertex 41.19949655541456 16.170978561128003 -2
      vertex 40.335263112596465 17.40418387846276 0
      vertex 40.09581612153724 17.164736887403535 0
    endloop
  endfacet
  facet normal 0.5054976028172655 -0.6242375523543356 0.5956506121684643
    outer loop
      vertex 41.329021438872 16.30050344458544 -2
      vertex 40.5984274139944 17.617290127841724 0
      vertex 40.335263112596465 17.40418387846276 0
    endloop
  endfacet
  facet normal 0.4374778419963895 -0.6736568013354548 0.5956506121684637
    outer loop
      vertex 41.47137580848817 16.415779740156157 -2
      vertex 40.882425742574256 17.801720798876882 0
      vertex 40.5984274139944 17.617290127841724 0
    endloop
  endfacet
  facet normal 0.36466498239047096 -0.7156953254293978 0.5956506121684639
    outer loop
      vertex 41.625 16.515544456622766 -2
      vertex 41.18414655321765 17.95545523054178 0
      vertex 40.882425742574256 17.801720798876882 0
    endloop
  endfacet
  facet normal 0.2878567769264399 -0.7498925417690566 0.5956506121684637
    outer loop
      vertex 41.78821087461735 16.59870455087455 -2
      vertex 41.500284129584024 18.076809076232095 0
      vertex 41.18414655321765 17.95545523054178 0
    endloop
  endfacet
  facet normal 0.20789475237648414 -0.7758737784959964 0.595650612168464
    outer loop
      vertex 41.95922025984384 16.66434890351652 -2
      vertex 41.827374802230665 18.164452757819515 0
      vertex 41.500284129584024 18.076809076232095 0
    endloop
  endfacet
  facet normal 0.12565498941472347 -0.7933543797437058 0.5956506121684639
    outer loop
      vertex 42.13615454106892 16.71175830128416 -2
      vertex 42.16183489729994 18.21742603278795 0
      vertex 41.827374802230665 18.164452757819515 0
    endloop
  endfacet
  facet normal 0.04203852409394543 -0.8021428243868652 0.5956506121684636
    outer loop
      vertex 42.31707518928161 16.74041331689448 -2
      vertex 42.5 18.235148514851485 0
      vertex 42.16183489729994 18.21742603278795 0
    endloop
  endfacet
  facet normal -0.04203852409394122 0.8021428243868652 0.595650612168464
    outer loop
      vertex 42.68292481071839 13.259586683105521 -2
      vertex 42.5 11.764851485148515 0
      vertex 42.83816510270006 11.782573967212047 0
    endloop
  endfacet
  facet normal -0.12565498941472755 0.7933543797437049 0.5956506121684639
    outer loop
      vertex 42.86384545893108 13.28824169871584 -2
      vertex 42.83816510270006 11.782573967212047 0
      vertex 43.172625197769335 11.835547242180485 0
    endloop
  endfacet
  facet normal -0.20789475237648813 0.7758737784959955 0.5956506121684636
    outer loop
      vertex 43.04077974015616 13.335651096483481 -2
      vertex 43.172625197769335 11.835547242180485 0
      vertex 43.499715870415976 11.923190923767907 0
    endloop
  endfacet
  facet normal -0.2878567769264362 0.7498925417690581 0.5956506121684635
    outer loop
      vertex 43.21178912538265 13.401295449125449 -2
      vertex 43.499715870415976 11.923190923767907 0
      vertex 43.81585344678235 12.04454476945822 0
    endloop
  endfacet
  facet normal -0.0420385240939406 0.8021428243868651 0.595650612168464
    outer loop
      vertex 42.5 13.25 -2
      vertex 42.5 11.764851485148515 0
      vertex 42.68292481071839 13.259586683105521 -2
    endloop
  endfacet
  facet normal -0.1256549894147243 0.7933543797437054 0.5956506121684643
    outer loop
      vertex 42.68292481071839 13.259586683105521 -2
      vertex 42.83816510270006 11.782573967212047 0
      vertex 42.86384545893108 13.28824169871584 -2
    endloop
  endfacet
  facet normal -0.20789475237648503 0.7758737784959963 0.5956506121684638
    outer loop
      vertex 42.86384545893108 13.28824169871584 -2
      vertex 43.172625197769335 11.835547242180485 0
      vertex 43.04077974015616 13.335651096483481 -2
    endloop
  endfacet
  facet normal -0.2878567769264405 0.7498925417690567 0.5956506121684633
    outer loop
      vertex 43.04077974015616 13.335651096483481 -2
      vertex 43.499715870415976 11.923190923767907 0
      vertex 43.21178912538265 13.401295449125449 -2
    endloop
  endfacet
  facet normal -0.3646649823904723 0.7156953254293976 0.5956506121684635
    outer loop
      vertex 43.21178912538265 13.401295449125449 -2
      vertex 43.81585344678235 12.04454476945822 0
      vertex 43.375 13.484455543377232 -2
    endloop
  endfacet
  facet normal -0.4374778419963883 0.6736568013354552 0.5956506121684643
    outer loop
      vertex 43.375 13.484455543377232 -2
      vertex 44.117574257425744 12.198279201123116 0
      vertex 43.52862419151183 13.584220259843843 -2
    endloop
  endfacet
  facet normal -0.505497602817275 0.6242375523543287 0.5956506121684636
    outer loop
      vertex 43.52862419151183 13.584220259843843 -2
      vertex 44.4015725860056 12.382709872158276 0
      vertex 43.670978561128 13.69949655541456 -2
    endloop
  endfacet
  facet normal -0.5679790261195138 0.567979026119506 0.5956506121684642
    outer loop
      vertex 43.670978561128 13.69949655541456 -2
      vertex 44.664736887403535 12.595816121537242 0
      vertex 43.80050344458544 13.829021438871997 -2
    endloop
  endfacet
  facet normal -0.6242375523543224 0.5054976028172807 0.595650612168465
    outer loop
      vertex 43.80050344458544 13.829021438871997 -2
      vertex 44.90418387846276 12.835263112596467 0
      vertex 43.91577974015616 13.971375808488173 -2
    endloop
  endfacet
  facet normal -0.673656801335455 0.4374778419963905 0.5956506121684627
    outer loop
      vertex 43.91577974015616 13.971375808488173 -2
      vertex 45.11729012784172 13.0984274139944 0
      vertex 44.01554445662277 14.125 -2
    endloop
  endfacet
  facet normal -0.7156953254294023 0.36466498239046286 0.5956506121684635
    outer loop
      vertex 44.01554445662277 14.125 -2
      vertex 45.301720798876886 13.382425742574258 0
      vertex 44.09870455087455 14.28821087461735 -2
    endloop
  endfacet
  facet normal -0.749892541769057 0.2878567769264376 0.5956506121684643
    outer loop
      vertex 44.09870455087455 14.28821087461735 -2
      vertex 45.45545523054178 13.684146553217646 0
      vertex 44.16434890351652 14.459220259843843 -2
    endloop
  endfacet
  facet normal -0.7758737784959909 0.2078947523765013 0.5956506121684649
    outer loop
      vertex 44.16434890351652 14.459220259843843 -2
      vertex 45.576809076232095 14.000284129584019 0
      vertex 44.21175830128416 14.63615454106892 -2
    endloop
  endfacet
  facet normal -0.7933543797437115 0.12565498941469783 0.5956506121684615
    outer loop
      vertex 44.21175830128416 14.63615454106892 -2
      vertex 45.66445275781951 14.327374802230665 0
      vertex 44.240413316894475 14.817075189281606 -2
    endloop
  endfacet
  facet normal -0.8021428243868632 0.04203852409395526 0.5956506121684656
    outer loop
      vertex 44.240413316894475 14.817075189281606 -2
      vertex 45.717426032787955 14.661834897299943 0
      vertex 44.25 15 -2
    endloop
  endfacet
  facet normal -0.36466498239046763 0.7156953254293996 0.5956506121684638
    outer loop
      vertex 43.375 13.484455543377232 -2
      vertex 43.81585344678235 12.04454476945822 0
      vertex 44.117574257425744 12.198279201123116 0
    endloop
  endfacet
  facet normal -0.43747784199639245 0.6736568013354529 0.5956506121684638
    outer loop
      vertex 43.52862419151183 13.584220259843843 -2
      vertex 44.117574257425744 12.198279201123116 0
      vertex 44.4015725860056 12.382709872158276 0
    endloop
  endfacet
  facet normal -0.505497602817268 0.6242375523543335 0.5956506121684643
    outer loop
      vertex 43.670978561128 13.69949655541456 -2
      vertex 44.4015725860056 12.382709872158276 0
      vertex 44.664736887403535 12.595816121537242 0
    endloop
  endfacet
  facet normal -0.5679790261195097 0.5679790261195097 0.5956506121684646
    outer loop
      vertex 43.80050344458544 13.829021438871997 -2
      vertex 44.664736887403535 12.595816121537242 0
      vertex 44.90418387846276 12.835263112596467 0
    endloop
  endfacet
  facet normal -0.6242375523543388 0.505497602817263 0.595650612168463
    outer loop
      vertex 43.91577974015616 13.971375808488173 -2
      vertex 44.90418387846276 12.835263112596467 0
      vertex 45.11729012784172 13.0984274139944 0
    endloop
  endfacet
  facet normal -0.6736568013354484 0.43747784199639944 0.5956506121684637
    outer loop
      vertex 44.01554445662277 14.125 -2
      vertex 45.11729012784172 13.0984274139944 0
      vertex 45.301720798876886 13.382425742574258 0
    endloop
  endfacet
  facet normal -0.7156953254293975 0.3646649823904709 0.5956506121684643
    outer loop
      vertex 44.09870455087455 14.28821087461735 -2
      vertex 45.301720798876886 13.382425742574258 0
      vertex 45.45545523054178 13.684146553217646 0
    endloop
  endfacet
  facet normal -0.749892541769056 0.28785677692643963 0.5956506121684646
    outer loop
      vertex 44.16434890351652 14.459220259843843 -2
      vertex 45.45545523054178 13.684146553217646 0
      vertex 45.576809076232095 14.000284129584019 0
    endloop
  endfacet
  facet normal -0.7758737784960004 0.2078947523764734 0.5956506121684625
    outer loop
      vertex 44.21175830128416 14.63615454106892 -2
      vertex 45.576809076232095 14.000284129584019 0
      vertex 45.66445275781951 14.327374802230665 0
    endloop
  endfacet
  facet normal -0.7933543797437025 0.12565498941473846 0.595650612168465
    outer loop
      vertex 44.240413316894475 14.817075189281606 -2
      vertex 45.66445275781951 14.327374802230665 0
      vertex 45.717426032787955 14.661834897299943 0
    endloop
  endfacet
  facet normal -0.8021428243868642 0.042038524093945824 0.5956506121684648
    outer loop
      vertex 44.25 15 -2
      vertex 45.717426032787955 14.661834897299943 0
      vertex 45.73514851485149 15 0
    endloop
  endfacet
  facet normal -0.04203852409394062 -0.8021428243868655 0.5956506121684635
    outer loop
      vertex 42.5 16.75 -2
      vertex 42.68292481071839 16.74041331689448 -2
      vertex 42.83816510270006 18.21742603278795 0
    endloop
  endfacet
  facet normal -0.12565498941472433 -0.7933543797437056 0.5956506121684639
    outer loop
      vertex 42.68292481071839 16.74041331689448 -2
      vertex 42.86384545893108 16.71175830128416 -2
      vertex 43.172625197769335 18.164452757819515 0
    endloop
  endfacet
  facet normal -0.207894752376485 -0.775873778495996 0.5956506121684639
    outer loop
      vertex 42.86384545893108 16.71175830128416 -2
      vertex 43.04077974015616 16.66434890351652 -2
      vertex 43.499715870415976 18.076809076232095 0
    endloop
  endfacet
  facet normal -0.437477841996383 -0.6736568013354591 0.5956506121684635
    outer loop
      vertex 43.375 16.515544456622766 -2
      vertex 43.52862419151183 16.415779740156157 -2
      vertex 44.4015725860056 17.617290127841724 0
    endloop
  endfacet
  facet normal -0.2878567769264404 -0.7498925417690564 0.5956506121684637
    outer loop
      vertex 43.21178912538265 16.59870455087455 -2
      vertex 43.81585344678235 17.95545523054178 0
      vertex 43.04077974015616 16.66434890351652 -2
    endloop
  endfacet
  facet normal -0.3646649823904782 -0.715695325429394 0.5956506121684642
    outer loop
      vertex 43.21178912538265 16.59870455087455 -2
      vertex 43.375 16.515544456622766 -2
      vertex 44.117574257425744 17.801720798876882 0
    endloop
  endfacet
  facet normal -0.6736568013354541 -0.4374778419963899 0.5956506121684643
    outer loop
      vertex 43.91577974015616 16.028624191511827 -2
      vertex 44.01554445662277 15.875 -2
      vertex 45.301720798876886 16.617574257425744 0
    endloop
  endfacet
  facet normal -0.802142824386864 -0.0420385240939553 0.5956506121684646
    outer loop
      vertex 44.25 15 -2
      vertex 45.73514851485149 15 0
      vertex 44.240413316894475 15.182924810718394 -2
    endloop
  endfacet
  facet normal -0.7933543797437083 -0.12565498941469733 0.5956506121684659
    outer loop
      vertex 44.240413316894475 15.182924810718394 -2
      vertex 45.717426032787955 15.338165102700057 0
      vertex 44.21175830128416 15.36384545893108 -2
    endloop
  endfacet
  facet normal -0.7758737784959933 -0.2078947523765019 0.5956506121684618
    outer loop
      vertex 44.16434890351652 15.540779740156157 -2
      vertex 44.21175830128416 15.36384545893108 -2
      vertex 45.66445275781951 15.672625197769335 0
    endloop
  endfacet
  facet normal -0.7498925417690568 -0.2878567769264375 0.5956506121684646
    outer loop
      vertex 44.16434890351652 15.540779740156157 -2
      vertex 45.576809076232095 15.999715870415981 0
      vertex 44.09870455087455 15.71178912538265 -2
    endloop
  endfacet
  facet normal -0.7156953254294014 -0.3646649823904624 0.5956506121684647
    outer loop
      vertex 44.09870455087455 15.71178912538265 -2
      vertex 45.45545523054178 16.315853446782356 0
      vertex 44.01554445662277 15.875 -2
    endloop
  endfacet
  facet normal -0.5679790261195171 -0.5679790261195016 0.5956506121684653
    outer loop
      vertex 43.80050344458544 16.170978561128003 -2
      vertex 44.90418387846276 17.164736887403535 0
      vertex 43.670978561128 16.30050344458544 -2
    endloop
  endfacet
  facet normal -0.50549760281727 -0.624237552354332 0.5956506121684644
    outer loop
      vertex 43.670978561128 16.30050344458544 -2
      vertex 44.664736887403535 17.40418387846276 0
      vertex 43.52862419151183 16.415779740156157 -2
    endloop
  endfacet
  facet normal -0.6242375523543237 -0.5054976028172816 0.595650612168463
    outer loop
      vertex 43.80050344458544 16.170978561128003 -2
      vertex 43.91577974015616 16.028624191511827 -2
      vertex 45.11729012784172 16.901572586005603 0
    endloop
  endfacet
  facet normal -0.36466498239047107 -0.7156953254293982 0.5956506121684634
    outer loop
      vertex 43.21178912538265 16.59870455087455 -2
      vertex 44.117574257425744 17.801720798876882 0
      vertex 43.81585344678235 17.95545523054178 0
    endloop
  endfacet
  facet normal -0.775873778495999 -0.20789475237647306 0.5956506121684643
    outer loop
      vertex 44.16434890351652 15.540779740156157 -2
      vertex 45.66445275781951 15.672625197769335 0
      vertex 45.576809076232095 15.999715870415981 0
    endloop
  endfacet
  facet normal -0.7156953254293977 -0.36466498239047107 0.5956506121684639
    outer loop
      vertex 44.01554445662277 15.875 -2
      vertex 45.45545523054178 16.315853446782356 0
      vertex 45.301720798876886 16.617574257425744 0
    endloop
  endfacet
  facet normal -0.7498925417690565 -0.28785677692643824 0.5956506121684645
    outer loop
      vertex 44.09870455087455 15.71178912538265 -2
      vertex 45.576809076232095 15.999715870415981 0
      vertex 45.45545523054178 16.315853446782356 0
    endloop
  endfacet
  facet normal -0.4374778419963893 -0.6736568013354546 0.5956506121684643
    outer loop
      vertex 43.375 16.515544456622766 -2
      vertex 44.4015725860056 17.617290127841724 0
      vertex 44.117574257425744 17.801720798876882 0
    endloop
  endfacet
  facet normal -0.5054976028172656 -0.6242375523543359 0.5956506121684637
    outer loop
      vertex 43.52862419151183 16.415779740156157 -2
      vertex 44.664736887403535 17.40418387846276 0
      vertex 44.4015725860056 17.617290127841724 0
    endloop
  endfacet
  facet normal -0.5679790261195099 -0.5679790261195099 0.5956506121684643
    outer loop
      vertex 43.670978561128 16.30050344458544 -2
      vertex 44.90418387846276 17.164736887403535 0
      vertex 44.664736887403535 17.40418387846276 0
    endloop
  endfacet
  facet normal -0.6736568013354499 -0.4374778419963977 0.5956506121684634
    outer loop
      vertex 43.91577974015616 16.028624191511827 -2
      vertex 45.301720798876886 16.617574257425744 0
      vertex 45.11729012784172 16.901572586005603 0
    endloop
  endfacet
  facet normal -0.6242375523543361 -0.5054976028172642 0.5956506121684648
    outer loop
      vertex 43.80050344458544 16.170978561128003 -2
      vertex 45.11729012784172 16.901572586005603 0
      vertex 44.90418387846276 17.164736887403535 0
    endloop
  endfacet
  facet normal -0.04203852409394542 -0.802142824386865 0.5956506121684639
    outer loop
      vertex 42.5 16.75 -2
      vertex 42.83816510270006 18.21742603278795 0
      vertex 42.5 18.235148514851485 0
    endloop
  endfacet
  facet normal -0.12565498941472347 -0.7933543797437058 0.5956506121684638
    outer loop
      vertex 42.68292481071839 16.74041331689448 -2
      vertex 43.172625197769335 18.164452757819515 0
      vertex 42.83816510270006 18.21742603278795 0
    endloop
  endfacet
  facet normal -0.20789475237648414 -0.7758737784959964 0.5956506121684638
    outer loop
      vertex 42.86384545893108 16.71175830128416 -2
      vertex 43.499715870415976 18.076809076232095 0
      vertex 43.172625197769335 18.164452757819515 0
    endloop
  endfacet
  facet normal -0.2878567769264399 -0.7498925417690566 0.5956506121684637
    outer loop
      vertex 43.04077974015616 16.66434890351652 -2
      vertex 43.81585344678235 17.95545523054178 0
      vertex 43.499715870415976 18.076809076232095 0
    endloop
  endfacet
  facet normal -0.8021428243868639 -0.0420385240939458 0.5956506121684655
    outer loop
      vertex 44.240413316894475 15.182924810718394 -2
      vertex 45.73514851485149 15 0
      vertex 45.717426032787955 15.338165102700057 0
    endloop
  endfacet
  facet normal -0.7933543797437043 -0.12565498941473874 0.5956506121684625
    outer loop
      vertex 44.21175830128416 15.36384545893108 -2
      vertex 45.717426032787955 15.338165102700057 0
      vertex 45.66445275781951 15.672625197769335 0
    endloop
  endfacet
  facet normal -1 0 0
    outer loop
      vertex 0 0 -3
      vertex 0 0 0
      vertex 0 3.5 0
    endloop
  endfacet
  facet normal 0 0 1
    outer loop
      vertex 0 3.5 0
      vertex 31.057866631263522 27.392223484336558 0
      vertex 29.792223484336557 28.657866631263524 0
    endloop
  endfacet
  facet normal 0 0 1
    outer loop
      vertex 0 3.5 0
      vertex 32.448872185798706 26.2658093961884 0
      vertex 31.057866631263522 27.392223484336558 0
    endloop
  endfacet
  facet normal -1 0 0
    outer loop
      vertex 0 0 -3
      vertex 0 3.5 0
      vertex 0 76.70000000298023 0
    endloop
  endfacet
  facet normal 0 0 -1
    outer loop
      vertex 0 0 -3
      vertex 13.401295449125449 39.38821087461735 -3
      vertex 13.484455543377232 39.225 -3
    endloop
  endfacet
  facet normal 0 0 -1
    outer loop
      vertex 0 0 -3
      vertex 13.584220259843843 39.07137580848817 -3
      vertex 13.69949655541456 38.929021438872 -3
    endloop
  endfacet
  facet normal 0 0 -1
    outer loop
      vertex 0 0 -3
      vertex 13.829021438871997 38.799496555414564 -3
      vertex 13.971375808488173 38.68422025984384 -3
    endloop
  endfacet
  facet normal 0 0 -1
    outer loop
      vertex 0 0 -3
      vertex 13.69949655541456 38.929021438872 -3
      vertex 13.829021438871997 38.799496555414564 -3
    endloop
  endfacet
  facet normal 0 0 -1
    outer loop
      vertex 0 0 -3
      vertex 13.484455543377232 39.225 -3
      vertex 13.584220259843843 39.07137580848817 -3
    endloop
  endfacet
  facet normal 0 0 -1
    outer loop
      vertex 0 0 -3
      vertex 13.28824169871584 39.73615454106892 -3
      vertex 13.335651096483481 39.55922025984384 -3
    endloop
  endfacet
  facet normal 0 0 -1
    outer loop
      vertex 0 0 -3
      vertex 13.335651096483481 39.55922025984384 -3
      vertex 13.401295449125449 39.38821087461735 -3
    endloop
  endfacet
  facet normal 0 0 -1
    outer loop
      vertex 0 0 -3
      vertex 13.259586683105521 39.91707518928161 -3
      vertex 13.28824169871584 39.73615454106892 -3
    endloop
  endfacet
  facet normal 0 0 -1
    outer loop
      vertex 0 0 -3
      vertex 13.25 40.1 -3
      vertex 13.259586683105521 39.91707518928161 -3
    endloop
  endfacet
  facet normal 0 0 -1
    outer loop
      vertex 0 0 -3
      vertex 14.28821087461735 38.50129544912545 -3
      vertex 14.459220259843843 38.43565109648348 -3
    endloop
  endfacet
  facet normal 0 0 -1
    outer loop
      vertex 0 0 -3
      vertex 14.459220259843843 38.43565109648348 -3
      vertex 14.63615454106892 38.388241698715845 -3
    endloop
  endfacet
  facet normal 0 0 -1
    outer loop
      vertex 0 0 -3
      vertex 14.63615454106892 38.388241698715845 -3
      vertex 14.817075189281606 38.359586683105526 -3
    endloop
  endfacet
  facet normal 0 0 -1
    outer loop
      vertex 0 0 -3
      vertex 14.817075189281606 38.359586683105526 -3
      vertex 15 38.35 -3
    endloop
  endfacet
  facet normal 0 0 -1
    outer loop
      vertex 0 0 -3
      vertex 13.971375808488173 38.68422025984384 -3
      vertex 14.125 38.58445554337723 -3
    endloop
  endfacet
  facet normal 0 0 -1
    outer loop
      vertex 0 0 -3
      vertex 14.125 38.58445554337723 -3
      vertex 14.28821087461735 38.50129544912545 -3
    endloop
  endfacet
  facet normal 0 0 -1
    outer loop
      vertex 0 0 -3
      vertex 15 38.35 -3
      vertex 15.182924810718394 38.359586683105526 -3
    endloop
  endfacet
  facet normal 0 0 -1
    outer loop
      vertex 0 0 -3
      vertex 15.182924810718394 38.359586683105526 -3
      vertex 15.36384545893108 38.388241698715845 -3
    endloop
  endfacet
  facet normal 0 0 -1
    outer loop
      vertex 0 0 -3
      vertex 15.36384545893108 38.388241698715845 -3
      vertex 15.540779740156157 38.43565109648348 -3
    endloop
  endfacet
  facet normal 0 0 -1
    outer loop
      vertex 0 0 -3
      vertex 15.540779740156157 38.43565109648348 -3
      vertex 15.71178912538265 38.50129544912545 -3
    endloop
  endfacet
  facet normal 0 0 -1
    outer loop
      vertex 0 0 -3
      vertex 15.71178912538265 38.50129544912545 -3
      vertex 15.875 38.58445554337723 -3
    endloop
  endfacet
  facet normal 0 0 1
    outer loop
      vertex 0 3.5 0
      vertex 11.923190923767907 39.10028412958402 0
      vertex 11.835547242180485 39.427374802230666 0
    endloop
  endfacet
  facet normal 0 0 1
    outer loop
      vertex 0 3.5 0
      vertex 11.835547242180485 39.427374802230666 0
      vertex 11.782573967212047 39.76183489729994 0
    endloop
  endfacet
  facet normal 0 0 1
    outer loop
      vertex 0 3.5 0
      vertex 11.782573967212047 39.76183489729994 0
      vertex 11.764851485148515 40.1 0
    endloop
  endfacet
  facet normal 0 0 1
    outer loop
      vertex 0 3.5 0
      vertex 11.764851485148515 40.1 0
      vertex 11.782573967212047 40.43816510270006 0
    endloop
  endfacet
  facet normal 0 0 1
    outer loop
      vertex 0 3.5 0
      vertex 11.782573967212047 40.43816510270006 0
      vertex 11.835547242180485 40.77262519776934 0
    endloop
  endfacet
  facet normal 0 0 1
    outer loop
      vertex 0 3.5 0
      vertex 11.835547242180485 40.77262519776934 0
      vertex 11.923190923767907 41.099715870415984 0
    endloop
  endfacet
  facet normal 0 0 1
    outer loop
      vertex 0 3.5 0
      vertex 13.0984274139944 37.482709872158274 0
      vertex 12.835263112596467 37.69581612153724 0
    endloop
  endfacet
  facet normal 0 0 1
    outer loop
      vertex 0 3.5 0
      vertex 13.382425742574258 37.298279201123115 0
      vertex 13.0984274139944 37.482709872158274 0
    endloop
  endfacet
  facet normal 0 0 1
    outer loop
      vertex 0 3.5 0
      vertex 13.684146553217646 37.14454476945822 0
      vertex 13.382425742574258 37.298279201123115 0
    endloop
  endfacet
  facet normal 0 0 1
    outer loop
      vertex 0 3.5 0
      vertex 14.000284129584019 37.023190923767906 0
      vertex 13.684146553217646 37.14454476945822 0
    endloop
  endfacet
  facet normal 0 0 1
    outer loop
      vertex 0 3.5 0
      vertex 12.198279201123116 38.48242574257426 0
      vertex 12.04454476945822 38.78414655321765 0
    endloop
  endfacet
  facet normal 0 0 1
    outer loop
      vertex 0 3.5 0
      vertex 12.382709872158276 38.1984274139944 0
      vertex 12.198279201123116 38.48242574257426 0
    endloop
  endfacet
  facet normal 0 0 1
    outer loop
      vertex 0 3.5 0
      vertex 12.595816121537242 37.935263112596466 0
      vertex 12.382709872158276 38.1984274139944 0
    endloop
  endfacet
  facet normal 0 0 1
    outer loop
      vertex 0 3.5 0
      vertex 12.835263112596467 37.69581612153724 0
      vertex 12.595816121537242 37.935263112596466 0
    endloop
  endfacet
  facet normal 0 0 1
    outer loop
      vertex 0 3.5 0
      vertex 12.04454476945822 38.78414655321765 0
      vertex 11.923190923767907 39.10028412958402 0
    endloop
  endfacet
  facet normal 0 0 1
    outer loop
      vertex 0 3.5 0
      vertex 14.327374802230665 36.93554724218048 0
      vertex 14.000284129584019 37.023190923767906 0
    endloop
  endfacet
  facet normal 0 0 1
    outer loop
      vertex 0 3.5 0
      vertex 14.661834897299943 36.882573967212046 0
      vertex 14.327374802230665 36.93554724218048 0
    endloop
  endfacet
  facet normal 0 0 1
    outer loop
      vertex 0 3.5 0
      vertex 15 36.86485148514851 0
      vertex 14.661834897299943 36.882573967212046 0
    endloop
  endfacet
  facet normal 0 0 1
    outer loop
      vertex 0 3.5 0
      vertex 15.338165102700057 36.882573967212046 0
      vertex 15 36.86485148514851 0
    endloop
  endfacet
  facet normal 0 0 1
    outer loop
      vertex 0 3.5 0
      vertex 15.672625197769335 36.93554724218048 0
      vertex 15.338165102700057 36.882573967212046 0
    endloop
  endfacet
  facet normal 0 0 -1
    outer loop
      vertex 0 0 -3
      vertex 0 80.2 -3
      vertex 13.25 40.1 -3
    endloop
  endfacet
  facet normal 0 0 -1
    outer loop
      vertex 0 0 -3
      vertex 15.875 38.58445554337723 -3
      vertex 16.028624191511827 38.68422025984384 -3
    endloop
  endfacet
  facet normal 0 0 -1
    outer loop
      vertex 0 0 -3
      vertex 16.028624191511827 38.68422025984384 -3
      vertex 16.170978561128003 38.799496555414564 -3
    endloop
  endfacet
  facet normal 0 0 -1
    outer loop
      vertex 0 0 -3
      vertex 16.170978561128003 38.799496555414564 -3
      vertex 16.30050344458544 38.929021438872 -3
    endloop
  endfacet
  facet normal 0 0 1
    outer loop
      vertex 0 3.5 0
      vertex 27.690965595286098 31.55 0
      vertex 15.672625197769335 36.93554724218048 0
    endloop
  endfacet
  facet normal 0 0 1
    outer loop
      vertex 0 3.5 0
      vertex 29.792223484336557 28.657866631263524 0
      vertex 28.665809396188397 30.048872185798707 0
    endloop
  endfacet
  facet normal 0 0 1
    outer loop
      vertex 0 3.5 0
      vertex 28.665809396188397 30.048872185798707 0
      vertex 27.690965595286098 31.55 0
    endloop
  endfacet
  facet normal 0 0 -1
    outer loop
      vertex 0 0 -3
      vertex 16.30050344458544 38.929021438872 -3
      vertex 43.670978561128 63.899496555414565 -3
    endloop
  endfacet
  facet normal 0 0 1
    outer loop
      vertex 15.672625197769335 36.93554724218048 0
      vertex 27.690965595286098 31.55 0
      vertex 15.999715870415981 37.023190923767906 0
    endloop
  endfacet
  facet normal 0 0 1
    outer loop
      vertex 15.999715870415981 37.023190923767906 0
      vertex 27.690965595286098 31.55 0
      vertex 16.315853446782356 37.14454476945822 0
    endloop
  endfacet
  facet normal 0 0 1
    outer loop
      vertex 16.315853446782356 37.14454476945822 0
      vertex 26.878372674311525 33.14480340340382 0
      vertex 16.617574257425744 37.298279201123115 0
    endloop
  endfacet
  facet normal 0 0 1
    outer loop
      vertex 16.617574257425744 37.298279201123115 0
      vertex 26.878372674311525 33.14480340340382 0
      vertex 16.901572586005603 37.482709872158274 0
    endloop
  endfacet
  facet normal 0 0 1
    outer loop
      vertex 16.901572586005603 37.482709872158274 0
      vertex 26.236933571352875 34.8158093961884 0
      vertex 17.164736887403535 37.69581612153724 0
    endloop
  endfacet
  facet normal 0 0 1
    outer loop
      vertex 17.164736887403535 37.69581612153724 0
      vertex 26.236933571352875 34.8158093961884 0
      vertex 17.40418387846276 37.935263112596466 0
    endloop
  endfacet
  facet normal 0 0 1
    outer loop
      vertex 17.617290127841724 38.1984274139944 0
      vertex 17.40418387846276 37.935263112596466 0
      vertex 26.236933571352875 34.8158093961884 0
    endloop
  endfacet
  facet normal 0 0 1
    outer loop
      vertex 17.801720798876882 38.48242574257426 0
      vertex 17.617290127841724 38.1984274139944 0
      vertex 25.77367602745192 36.54471008701631 0
    endloop
  endfacet
  facet normal 0 0 1
    outer loop
      vertex 17.95545523054178 38.78414655321765 0
      vertex 17.801720798876882 38.48242574257426 0
      vertex 25.77367602745192 36.54471008701631 0
    endloop
  endfacet
  facet normal 0 0 1
    outer loop
      vertex 18.076809076232095 39.10028412958402 0
      vertex 17.95545523054178 38.78414655321765 0
      vertex 25.493675589202525 38.31256327812313 0
    endloop
  endfacet
  facet normal 0 0 1
    outer loop
      vertex 18.164452757819515 39.427374802230666 0
      vertex 18.076809076232095 39.10028412958402 0
      vertex 25.493675589202525 38.31256327812313 0
    endloop
  endfacet
  facet normal 0 0 1
    outer loop
      vertex 18.21742603278795 39.76183489729994 0
      vertex 18.164452757819515 39.427374802230666 0
      vertex 25.493675589202525 38.31256327812313 0
    endloop
  endfacet
  facet normal 0 0 1
    outer loop
      vertex 18.235148514851485 40.1 0
      vertex 18.21742603278795 39.76183489729994 0
      vertex 25.4 40.1 0
    endloop
  endfacet
  facet normal 0 -1 0
    outer loop
      vertex 0 0 -3
      vertex 85 0 0
      vertex 0 0 0
    endloop
  endfacet
  facet normal 0 0 -1
    outer loop
      vertex 0 0 -3
      vertex 40.78824169871584 14.63615454106892 -3
      vertex 40.83565109648348 14.459220259843843 -3
    endloop
  endfacet
  facet normal 0 0 -1
    outer loop
      vertex 0 0 -3
      vertex 40.759586683105525 14.817075189281606 -3
      vertex 40.78824169871584 14.63615454106892 -3
    endloop
  endfacet
  facet normal 0 0 -1
    outer loop
      vertex 0 0 -3
      vertex 40.75 15 -3
      vertex 40.759586683105525 14.817075189281606 -3
    endloop
  endfacet
  facet normal 0 0 -1
    outer loop
      vertex 0 0 -3
      vertex 40.98445554337723 14.125 -3
      vertex 41.08422025984384 13.971375808488173 -3
    endloop
  endfacet
  facet normal 0 0 -1
    outer loop
      vertex 0 0 -3
      vertex 41.19949655541456 13.829021438871997 -3
      vertex 41.329021438872 13.69949655541456 -3
    endloop
  endfacet
  facet normal 0 0 -1
    outer loop
      vertex 0 0 -3
      vertex 41.08422025984384 13.971375808488173 -3
      vertex 41.19949655541456 13.829021438871997 -3
    endloop
  endfacet
  facet normal 0 0 -1
    outer loop
      vertex 0 0 -3
      vertex 41.47137580848817 13.584220259843843 -3
      vertex 41.625 13.484455543377232 -3
    endloop
  endfacet
  facet normal 0 0 -1
    outer loop
      vertex 0 0 -3
      vertex 41.625 13.484455543377232 -3
      vertex 41.78821087461735 13.401295449125449 -3
    endloop
  endfacet
  facet normal 0 0 -1
    outer loop
      vertex 0 0 -3
      vertex 41.329021438872 13.69949655541456 -3
      vertex 41.47137580848817 13.584220259843843 -3
    endloop
  endfacet
  facet normal 0 0 -1
    outer loop
      vertex 0 0 -3
      vertex 40.90129544912545 14.28821087461735 -3
      vertex 40.98445554337723 14.125 -3
    endloop
  endfacet
  facet normal 0 0 -1
    outer loop
      vertex 0 0 -3
      vertex 40.83565109648348 14.459220259843843 -3
      vertex 40.90129544912545 14.28821087461735 -3
    endloop
  endfacet
  facet normal 0 0 -1
    outer loop
      vertex 0 0 -3
      vertex 41.78821087461735 13.401295449125449 -3
      vertex 41.95922025984384 13.335651096483481 -3
    endloop
  endfacet
  facet normal 0 0 1
    outer loop
      vertex 0 3.5 0
      vertex 39.88270987215828 13.0984274139944 0
      vertex 39.698279201123114 13.382425742574258 0
    endloop
  endfacet
  facet normal 0 0 1
    outer loop
      vertex 0 3.5 0
      vertex 40.882425742574256 12.198279201123116 0
      vertex 40.5984274139944 12.382709872158276 0
    endloop
  endfacet
  facet normal 0 0 1
    outer loop
      vertex 0 3.5 0
      vertex 40.335263112596465 12.595816121537242 0
      vertex 40.09581612153724 12.835263112596467 0
    endloop
  endfacet
  facet normal 0 0 1
    outer loop
      vertex 0 3.5 0
      vertex 40.09581612153724 12.835263112596467 0
      vertex 39.88270987215828 13.0984274139944 0
    endloop
  endfacet
  facet normal 0 0 1
    outer loop
      vertex 0 3.5 0
      vertex 40.5984274139944 12.382709872158276 0
      vertex 40.335263112596465 12.595816121537242 0
    endloop
  endfacet
  facet normal 0 0 1
    outer loop
      vertex 0 3.5 0
      vertex 41.18414655321765 12.04454476945822 0
      vertex 40.882425742574256 12.198279201123116 0
    endloop
  endfacet
  facet normal 0 0 1
    outer loop
      vertex 0 3.5 0
      vertex 41.500284129584024 11.923190923767907 0
      vertex 41.18414655321765 12.04454476945822 0
    endloop
  endfacet
  facet normal 0 0 1
    outer loop
      vertex 0 3.5 0
      vertex 41.827374802230665 11.835547242180485 0
      vertex 41.500284129584024 11.923190923767907 0
    endloop
  endfacet
  facet normal 0 0 1
    outer loop
      vertex 0 3.5 0
      vertex 42.16183489729994 11.782573967212047 0
      vertex 41.827374802230665 11.835547242180485 0
    endloop
  endfacet
  facet normal 0 0 1
    outer loop
      vertex 0 3.5 0
      vertex 42.5 11.764851485148515 0
      vertex 42.16183489729994 11.782573967212047 0
    endloop
  endfacet
  facet normal 0 0 1
    outer loop
      vertex 0 3.5 0
      vertex 42.83816510270006 11.782573967212047 0
      vertex 42.5 11.764851485148515 0
    endloop
  endfacet
  facet normal 0 0 1
    outer loop
      vertex 0 3.5 0
      vertex 43.172625197769335 11.835547242180485 0
      vertex 42.83816510270006 11.782573967212047 0
    endloop
  endfacet
  facet normal 0 0 -1
    outer loop
      vertex 0 0 -3
      vertex 40.759586683105525 15.182924810718394 -3
      vertex 40.75 15 -3
    endloop
  endfacet
  facet normal 0 0 -1
    outer loop
      vertex 0 0 -3
      vertex 40.78824169871584 15.36384545893108 -3
      vertex 40.759586683105525 15.182924810718394 -3
    endloop
  endfacet
  facet normal 0 0 -1
    outer loop
      vertex 0 0 -3
      vertex 40.83565109648348 15.540779740156157 -3
      vertex 40.78824169871584 15.36384545893108 -3
    endloop
  endfacet
  facet normal 0 0 -1
    outer loop
      vertex 0 0 -3
      vertex 40.90129544912545 15.71178912538265 -3
      vertex 40.83565109648348 15.540779740156157 -3
    endloop
  endfacet
  facet normal 0 0 -1
    outer loop
      vertex 0 0 -3
      vertex 40.98445554337723 15.875 -3
      vertex 40.90129544912545 15.71178912538265 -3
    endloop
  endfacet
  facet normal 0 0 -1
    outer loop
      vertex 0 0 -3
      vertex 41.08422025984384 16.028624191511827 -3
      vertex 40.98445554337723 15.875 -3
    endloop
  endfacet
  facet normal 0 0 -1
    outer loop
      vertex 0 0 -3
      vertex 41.19949655541456 16.170978561128003 -3
      vertex 41.08422025984384 16.028624191511827 -3
    endloop
  endfacet
  facet normal 0 0 -1
    outer loop
      vertex 0 0 -3
      vertex 41.329021438872 16.30050344458544 -3
      vertex 41.19949655541456 16.170978561128003 -3
    endloop
  endfacet
  facet normal 0 0 1
    outer loop
      vertex 0 3.5 0
      vertex 39.698279201123114 13.382425742574258 0
      vertex 39.54454476945822 13.684146553217646 0
    endloop
  endfacet
  facet normal 0 0 1
    outer loop
      vertex 0 3.5 0
      vertex 39.54454476945822 13.684146553217646 0
      vertex 39.423190923767905 14.000284129584019 0
    endloop
  endfacet
  facet normal 0 0 1
    outer loop
      vertex 0 3.5 0
      vertex 39.423190923767905 14.000284129584019 0
      vertex 39.33554724218049 14.327374802230665 0
    endloop
  endfacet
  facet normal 0 0 1
    outer loop
      vertex 0 3.5 0
      vertex 39.33554724218049 14.327374802230665 0
      vertex 39.282573967212045 14.661834897299943 0
    endloop
  endfacet
  facet normal 0 0 1
    outer loop
      vertex 0 3.5 0
      vertex 39.282573967212045 14.661834897299943 0
      vertex 39.26485148514851 15 0
    endloop
  endfacet
  facet normal 0 0 1
    outer loop
      vertex 0 3.5 0
      vertex 39.26485148514851 15 0
      vertex 39.282573967212045 15.338165102700057 0
    endloop
  endfacet
  facet normal 0 0 1
    outer loop
      vertex 0 3.5 0
      vertex 39.282573967212045 15.338165102700057 0
      vertex 39.33554724218049 15.672625197769335 0
    endloop
  endfacet
  facet normal 0 0 1
    outer loop
      vertex 0 3.5 0
      vertex 39.33554724218049 15.672625197769335 0
      vertex 33.95 25.2909655952861 0
    endloop
  endfacet
  facet normal 0 0 1
    outer loop
      vertex 0 3.5 0
      vertex 33.95 25.2909655952861 0
      vertex 32.448872185798706 26.2658093961884 0
    endloop
  endfacet
  facet normal 0 0 -1
    outer loop
      vertex 0 0 -3
      vertex 41.95922025984384 13.335651096483481 -3
      vertex 85 0 -3
    endloop
  endfacet
  facet normal 0 0 -1
    outer loop
      vertex 0 0 -3
      vertex 68.25 40.1 -3
      vertex 41.329021438872 16.30050344458544 -3
    endloop
  endfacet
  facet normal 0 0 1
    outer loop
      vertex 33.95 25.2909655952861 0
      vertex 39.33554724218049 15.672625197769335 0
      vertex 39.423190923767905 15.999715870415981 0
    endloop
  endfacet
  facet normal 0 0 1
    outer loop
      vertex 39.423190923767905 15.999715870415981 0
      vertex 39.54454476945822 16.315853446782356 0
      vertex 35.54480340340382 24.478372674311526 0
    endloop
  endfacet
  facet normal 0 0 1
    outer loop
      vertex 39.54454476945822 16.315853446782356 0
      vertex 39.698279201123114 16.617574257425744 0
      vertex 35.54480340340382 24.478372674311526 0
    endloop
  endfacet
  facet normal 0 0 1
    outer loop
      vertex 39.698279201123114 16.617574257425744 0
      vertex 39.88270987215828 16.901572586005603 0
      vertex 37.2158093961884 23.836933571352876 0
    endloop
  endfacet
  facet normal 0 0 1
    outer loop
      vertex 39.88270987215828 16.901572586005603 0
      vertex 40.09581612153724 17.164736887403535 0
      vertex 37.2158093961884 23.836933571352876 0
    endloop
  endfacet
  facet normal 0 0 1
    outer loop
      vertex 40.335263112596465 17.40418387846276 0
      vertex 37.2158093961884 23.836933571352876 0
      vertex 40.09581612153724 17.164736887403535 0
    endloop
  endfacet
  facet normal 0 0 1
    outer loop
      vertex 40.5984274139944 17.617290127841724 0
      vertex 38.94471008701632 23.37367602745192 0
      vertex 40.335263112596465 17.40418387846276 0
    endloop
  endfacet
  facet normal 0 0 1
    outer loop
      vertex 40.882425742574256 17.801720798876882 0
      vertex 38.94471008701632 23.37367602745192 0
      vertex 40.5984274139944 17.617290127841724 0
    endloop
  endfacet
  facet normal 0 0 1
    outer loop
      vertex 41.18414655321765 17.95545523054178 0
      vertex 38.94471008701632 23.37367602745192 0
      vertex 40.882425742574256 17.801720798876882 0
    endloop
  endfacet
  facet normal 0 0 1
    outer loop
      vertex 41.500284129584024 18.076809076232095 0
      vertex 40.71256327812313 23.093675589202526 0
      vertex 41.18414655321765 17.95545523054178 0
    endloop
  endfacet
  facet normal 0 0 1
    outer loop
      vertex 41.827374802230665 18.164452757819515 0
      vertex 40.71256327812313 23.093675589202526 0
      vertex 41.500284129584024 18.076809076232095 0
    endloop
  endfacet
  facet normal 0 0 1
    outer loop
      vertex 42.16183489729994 18.21742603278795 0
      vertex 40.71256327812313 23.093675589202526 0
      vertex 41.827374802230665 18.164452757819515 0
    endloop
  endfacet
  facet normal 0 0 1
    outer loop
      vertex 42.5 18.235148514851485 0
      vertex 40.71256327812313 23.093675589202526 0
      vertex 42.16183489729994 18.21742603278795 0
    endloop
  endfacet
  facet normal 0 0 1
    outer loop
      vertex 16.315853446782356 37.14454476945822 0
      vertex 27.690965595286098 31.55 0
      vertex 26.878372674311525 33.14480340340382 0
    endloop
  endfacet
  facet normal 0 0 1
    outer loop
      vertex 16.901572586005603 37.482709872158274 0
      vertex 26.878372674311525 33.14480340340382 0
      vertex 26.236933571352875 34.8158093961884 0
    endloop
  endfacet
  facet normal 0 0 1
    outer loop
      vertex 17.617290127841724 38.1984274139944 0
      vertex 26.236933571352875 34.8158093961884 0
      vertex 25.77367602745192 36.54471008701631 0
    endloop
  endfacet
  facet normal 0 0 1
    outer loop
      vertex 17.95545523054178 38.78414655321765 0
      vertex 25.77367602745192 36.54471008701631 0
      vertex 25.493675589202525 38.31256327812313 0
    endloop
  endfacet
  facet normal 0 0 1
    outer loop
      vertex 18.21742603278795 39.76183489729994 0
      vertex 25.493675589202525 38.31256327812313 0
      vertex 25.4 40.1 0
    endloop
  endfacet
  facet normal 0 0 1
    outer loop
      vertex 33.95 25.2909655952861 0
      vertex 39.423190923767905 15.999715870415981 0
      vertex 35.54480340340382 24.478372674311526 0
    endloop
  endfacet
  facet normal 0 0 1
    outer loop
      vertex 39.698279201123114 16.617574257425744 0
      vertex 37.2158093961884 23.836933571352876 0
      vertex 35.54480340340382 24.478372674311526 0
    endloop
  endfacet
  facet normal 0 0 1
    outer loop
      vertex 40.335263112596465 17.40418387846276 0
      vertex 38.94471008701632 23.37367602745192 0
      vertex 37.2158093961884 23.836933571352876 0
    endloop
  endfacet
  facet normal 0 0 1
    outer loop
      vertex 41.18414655321765 17.95545523054178 0
      vertex 40.71256327812313 23.093675589202526 0
      vertex 38.94471008701632 23.37367602745192 0
    endloop
  endfacet
  facet normal 0 0 1
    outer loop
      vertex 42.5 23 0
      vertex 40.71256327812313 23.093675589202526 0
      vertex 42.5 18.235148514851485 0
    endloop
  endfacet
  facet normal 0 0 1
    outer loop
      vertex 0 3.5 0
      vertex 11.923190923767907 41.099715870415984 0
      vertex 0 76.70000000298023 0
    endloop
  endfacet
  facet normal -1 0 0
    outer loop
      vertex 0 0 -3
      vertex 0 80.2 0
      vertex 0 80.2 -3
    endloop
  endfacet
  facet normal -1 0 0
    outer loop
      vertex 0 0 -3
      vertex 0 76.70000000298023 0
      vertex 0 80.2 0
    endloop
  endfacet
  facet normal 0 0 -1
    outer loop
      vertex 0 80.2 -3
      vertex 13.259586683105521 40.28292481071839 -3
      vertex 13.25 40.1 -3
    endloop
  endfacet
  facet normal 0 0 -1
    outer loop
      vertex 0 80.2 -3
      vertex 13.28824169871584 40.46384545893108 -3
      vertex 13.259586683105521 40.28292481071839 -3
    endloop
  endfacet
  facet normal 0 0 -1
    outer loop
      vertex 0 80.2 -3
      vertex 13.335651096483481 40.64077974015616 -3
      vertex 13.28824169871584 40.46384545893108 -3
    endloop
  endfacet
  facet normal 0 0 -1
    outer loop
      vertex 0 80.2 -3
      vertex 13.401295449125449 40.81178912538265 -3
      vertex 13.335651096483481 40.64077974015616 -3
    endloop
  endfacet
  facet normal 0 0 -1
    outer loop
      vertex 0 80.2 -3
      vertex 13.484455543377232 40.975 -3
      vertex 13.401295449125449 40.81178912538265 -3
    endloop
  endfacet
  facet normal 0 0 -1
    outer loop
      vertex 0 80.2 -3
      vertex 13.584220259843843 41.12862419151183 -3
      vertex 13.484455543377232 40.975 -3
    endloop
  endfacet
  facet normal 0 0 -1
    outer loop
      vertex 0 80.2 -3
      vertex 13.69949655541456 41.270978561128004 -3
      vertex 13.584220259843843 41.12862419151183 -3
    endloop
  endfacet
  facet normal 0 0 -1
    outer loop
      vertex 0 80.2 -3
      vertex 13.829021438871997 41.40050344458544 -3
      vertex 13.69949655541456 41.270978561128004 -3
    endloop
  endfacet
  facet normal 0 0 -1
    outer loop
      vertex 0 80.2 -3
      vertex 13.971375808488173 41.51577974015616 -3
      vertex 13.829021438871997 41.40050344458544 -3
    endloop
  endfacet
  facet normal 0 0 -1
    outer loop
      vertex 0 80.2 -3
      vertex 14.125 41.61554445662277 -3
      vertex 13.971375808488173 41.51577974015616 -3
    endloop
  endfacet
  facet normal 0 0 -1
    outer loop
      vertex 0 80.2 -3
      vertex 14.28821087461735 41.69870455087455 -3
      vertex 14.125 41.61554445662277 -3
    endloop
  endfacet
  facet normal 0 0 -1
    outer loop
      vertex 0 80.2 -3
      vertex 14.459220259843843 41.76434890351652 -3
      vertex 14.28821087461735 41.69870455087455 -3
    endloop
  endfacet
  facet normal 0 0 1
    outer loop
      vertex 0 76.70000000298023 0
      vertex 11.923190923767907 41.099715870415984 0
      vertex 12.04454476945822 41.41585344678235 0
    endloop
  endfacet
  facet normal 0 0 1
    outer loop
      vertex 0 76.70000000298023 0
      vertex 12.04454476945822 41.41585344678235 0
      vertex 12.198279201123116 41.717574257425746 0
    endloop
  endfacet
  facet normal 0 0 1
    outer loop
      vertex 0 76.70000000298023 0
      vertex 12.198279201123116 41.717574257425746 0
      vertex 12.382709872158276 42.0015725860056 0
    endloop
  endfacet
  facet normal 0 0 1
    outer loop
      vertex 0 76.70000000298023 0
      vertex 12.382709872158276 42.0015725860056 0
      vertex 12.595816121537242 42.26473688740354 0
    endloop
  endfacet
  facet normal 0 0 1
    outer loop
      vertex 0 76.70000000298023 0
      vertex 12.595816121537242 42.26473688740354 0
      vertex 12.835263112596467 42.50418387846276 0
    endloop
  endfacet
  facet normal 0 0 1
    outer loop
      vertex 0 76.70000000298023 0
      vertex 12.835263112596467 42.50418387846276 0
      vertex 13.0984274139944 42.71729012784173 0
    endloop
  endfacet
  facet normal 0 0 1
    outer loop
      vertex 0 76.70000000298023 0
      vertex 13.0984274139944 42.71729012784173 0
      vertex 13.382425742574258 42.90172079887689 0
    endloop
  endfacet
  facet normal 0 0 1
    outer loop
      vertex 0 76.70000000298023 0
      vertex 13.382425742574258 42.90172079887689 0
      vertex 13.684146553217646 43.05545523054178 0
    endloop
  endfacet
  facet normal 0 0 1
    outer loop
      vertex 0 76.70000000298023 0
      vertex 13.684146553217646 43.05545523054178 0
      vertex 14.000284129584019 43.1768090762321 0
    endloop
  endfacet
  facet normal 0 0 1
    outer loop
      vertex 0 76.70000000298023 0
      vertex 14.000284129584019 43.1768090762321 0
      vertex 14.327374802230665 43.26445275781952 0
    endloop
  endfacet
  facet normal 0 0 1
    outer loop
      vertex 0 76.70000000298023 0
      vertex 14.327374802230665 43.26445275781952 0
      vertex 14.661834897299943 43.31742603278796 0
    endloop
  endfacet
  facet normal 0 0 1
    outer loop
      vertex 0 76.70000000298023 0
      vertex 14.661834897299943 43.31742603278796 0
      vertex 15 43.33514851485149 0
    endloop
  endfacet
  facet normal 0 0 1
    outer loop
      vertex 0 76.70000000298023 0
      vertex 15 43.33514851485149 0
      vertex 15.338165102700057 43.31742603278796 0
    endloop
  endfacet
  facet normal 0 0 1
    outer loop
      vertex 0 76.70000000298023 0
      vertex 15.338165102700057 43.31742603278796 0
      vertex 15.672625197769335 43.26445275781952 0
    endloop
  endfacet
  facet normal 0 0 1
    outer loop
      vertex 0 76.70000000298023 0
      vertex 15.672625197769335 43.26445275781952 0
      vertex 15.999715870415981 43.1768090762321 0
    endloop
  endfacet
  facet normal 0 0 1
    outer loop
      vertex 18.164452757819515 40.77262519776934 0
      vertex 25.493675589202525 41.887436721876874 0
      vertex 18.076809076232095 41.099715870415984 0
    endloop
  endfacet
  facet normal 0 0 1
    outer loop
      vertex 18.235148514851485 40.1 0
      vertex 25.493675589202525 41.887436721876874 0
      vertex 18.21742603278795 40.43816510270006 0
    endloop
  endfacet
  facet normal 0 0 1
    outer loop
      vertex 18.21742603278795 40.43816510270006 0
      vertex 25.493675589202525 41.887436721876874 0
      vertex 18.164452757819515 40.77262519776934 0
    endloop
  endfacet
  facet normal 0 0 1
    outer loop
      vertex 18.076809076232095 41.099715870415984 0
      vertex 25.493675589202525 41.887436721876874 0
      vertex 17.95545523054178 41.41585344678235 0
    endloop
  endfacet
  facet normal 0 0 1
    outer loop
      vertex 17.95545523054178 41.41585344678235 0
      vertex 25.77367602745192 43.65528991298369 0
      vertex 17.801720798876882 41.717574257425746 0
    endloop
  endfacet
  facet normal 0 0 1
    outer loop
      vertex 17.801720798876882 41.717574257425746 0
      vertex 25.77367602745192 43.65528991298369 0
      vertex 17.617290127841724 42.0015725860056 0
    endloop
  endfacet
  facet normal 0 0 1
    outer loop
      vertex 17.617290127841724 42.0015725860056 0
      vertex 26.236933571352875 45.384190603811604 0
      vertex 17.40418387846276 42.26473688740354 0
    endloop
  endfacet
  facet normal 0 0 1
    outer loop
      vertex 17.164736887403535 42.50418387846276 0
      vertex 17.40418387846276 42.26473688740354 0
      vertex 26.236933571352875 45.384190603811604 0
    endloop
  endfacet
  facet normal 0 0 1
    outer loop
      vertex 0 76.70000000298023 0
      vertex 15.999715870415981 43.1768090762321 0
      vertex 16.315853446782356 43.05545523054178 0
    endloop
  endfacet
  facet normal 0 0 1
    outer loop
      vertex 0 76.70000000298023 0
      vertex 16.617574257425744 42.90172079887689 0
      vertex 16.901572586005603 42.71729012784173 0
    endloop
  endfacet
  facet normal 0 0 1
    outer loop
      vertex 0 76.70000000298023 0
      vertex 16.315853446782356 43.05545523054178 0
      vertex 16.617574257425744 42.90172079887689 0
    endloop
  endfacet
  facet normal 0 0 1
    outer loop
      vertex 0 76.70000000298023 0
      vertex 16.901572586005603 42.71729012784173 0
      vertex 17.164736887403535 42.50418387846276 0
    endloop
  endfacet
  facet normal 0 0 1
    outer loop
      vertex 0 76.70000000298023 0
      vertex 17.164736887403535 42.50418387846276 0
      vertex 26.236933571352875 45.384190603811604 0
    endloop
  endfacet
  facet normal 0 0 1
    outer loop
      vertex 0 76.70000000298023 0
      vertex 26.236933571352875 45.384190603811604 0
      vertex 26.878372674311525 47.05519659659618 0
    endloop
  endfacet
  facet normal 0 0 1
    outer loop
      vertex 0 76.70000000298023 0
      vertex 26.878372674311525 47.05519659659618 0
      vertex 27.690965595286098 48.650000000000006 0
    endloop
  endfacet
  facet normal 0 0 1
    outer loop
      vertex 0 76.70000000298023 0
      vertex 27.690965595286098 48.650000000000006 0
      vertex 28.665809396188397 50.151127814201296 0
    endloop
  endfacet
  facet normal 0 0 1
    outer loop
      vertex 0 76.70000000298023 0
      vertex 28.665809396188397 50.151127814201296 0
      vertex 29.792223484336557 51.54213336873648 0
    endloop
  endfacet
  facet normal 0 0 -1
    outer loop
      vertex 0 80.2 -3
      vertex 40.75 65.2 -3
      vertex 14.459220259843843 41.76434890351652 -3
    endloop
  endfacet
  facet normal 0 0 1
    outer loop
      vertex 0 76.70000000298023 0
      vertex 29.792223484336557 51.54213336873648 0
      vertex 31.057866631263522 52.80777651566345 0
    endloop
  endfacet
  facet normal 0 0 1
    outer loop
      vertex 0 76.70000000298023 0
      vertex 31.057866631263522 52.80777651566345 0
      vertex 32.448872185798706 53.9341906038116 0
    endloop
  endfacet
  facet normal 0 0 -1
    outer loop
      vertex 15.36384545893108 41.81175830128416 -3
      vertex 40.78824169871584 64.83615454106892 -3
      vertex 15.540779740156157 41.76434890351652 -3
    endloop
  endfacet
  facet normal 0 0 -1
    outer loop
      vertex 14.459220259843843 41.76434890351652 -3
      vertex 40.75 65.2 -3
      vertex 14.63615454106892 41.81175830128416 -3
    endloop
  endfacet
  facet normal 0 0 -1
    outer loop
      vertex 14.63615454106892 41.81175830128416 -3
      vertex 40.75 65.2 -3
      vertex 14.817075189281606 41.84041331689448 -3
    endloop
  endfacet
  facet normal 0 0 -1
    outer loop
      vertex 14.817075189281606 41.84041331689448 -3
      vertex 40.75 65.2 -3
      vertex 15 41.85 -3
    endloop
  endfacet
  facet normal 0 0 -1
    outer loop
      vertex 15 41.85 -3
      vertex 40.75 65.2 -3
      vertex 15.182924810718394 41.84041331689448 -3
    endloop
  endfacet
  facet normal 0 0 -1
    outer loop
      vertex 15.182924810718394 41.84041331689448 -3
      vertex 40.759586683105525 65.01707518928161 -3
      vertex 15.36384545893108 41.81175830128416 -3
    endloop
  endfacet
  facet normal 0 0 -1
    outer loop
      vertex 16.415779740156157 39.07137580848817 -3
      vertex 43.52862419151183 63.78422025984384 -3
      vertex 16.30050344458544 38.929021438872 -3
    endloop
  endfacet
  facet normal 0 0 -1
    outer loop
      vertex 16.515544456622766 39.225 -3
      vertex 43.375 63.68445554337723 -3
      vertex 16.415779740156157 39.07137580848817 -3
    endloop
  endfacet
  facet normal 0 0 -1
    outer loop
      vertex 16.59870455087455 39.38821087461735 -3
      vertex 43.21178912538265 63.60129544912545 -3
      vertex 16.515544456622766 39.225 -3
    endloop
  endfacet
  facet normal 0 0 -1
    outer loop
      vertex 16.66434890351652 39.55922025984384 -3
      vertex 43.04077974015616 63.535651096483484 -3
      vertex 16.59870455087455 39.38821087461735 -3
    endloop
  endfacet
  facet normal 0 0 -1
    outer loop
      vertex 16.71175830128416 39.73615454106892 -3
      vertex 42.86384545893108 63.48824169871584 -3
      vertex 16.66434890351652 39.55922025984384 -3
    endloop
  endfacet
  facet normal 0 0 -1
    outer loop
      vertex 16.71175830128416 40.46384545893108 -3
      vertex 42.13615454106892 63.48824169871584 -3
      vertex 16.74041331689448 40.28292481071839 -3
    endloop
  endfacet
  facet normal 0 0 -1
    outer loop
      vertex 16.66434890351652 40.64077974015616 -3
      vertex 41.95922025984384 63.535651096483484 -3
      vertex 16.71175830128416 40.46384545893108 -3
    endloop
  endfacet
  facet normal 0 0 -1
    outer loop
      vertex 16.30050344458544 41.270978561128004 -3
      vertex 41.329021438872 63.899496555414565 -3
      vertex 16.415779740156157 41.12862419151183 -3
    endloop
  endfacet
  facet normal 0 0 -1
    outer loop
      vertex 16.415779740156157 41.12862419151183 -3
      vertex 41.47137580848817 63.78422025984384 -3
      vertex 16.515544456622766 40.975 -3
    endloop
  endfacet
  facet normal 0 0 -1
    outer loop
      vertex 16.59870455087455 40.81178912538265 -3
      vertex 41.78821087461735 63.60129544912545 -3
      vertex 16.66434890351652 40.64077974015616 -3
    endloop
  endfacet
  facet normal 0 0 -1
    outer loop
      vertex 16.515544456622766 40.975 -3
      vertex 41.625 63.68445554337723 -3
      vertex 16.59870455087455 40.81178912538265 -3
    endloop
  endfacet
  facet normal 0 0 -1
    outer loop
      vertex 15.540779740156157 41.76434890351652 -3
      vertex 40.83565109648348 64.65922025984385 -3
      vertex 15.71178912538265 41.69870455087455 -3
    endloop
  endfacet
  facet normal 0 0 -1
    outer loop
      vertex 15.71178912538265 41.69870455087455 -3
      vertex 40.90129544912545 64.48821087461735 -3
      vertex 15.875 41.61554445662277 -3
    endloop
  endfacet
  facet normal 0 0 -1
    outer loop
      vertex 15.875 41.61554445662277 -3
      vertex 40.98445554337723 64.325 -3
      vertex 16.028624191511827 41.51577974015616 -3
    endloop
  endfacet
  facet normal 0 0 -1
    outer loop
      vertex 16.170978561128003 41.40050344458544 -3
      vertex 41.19949655541456 64.02902143887201 -3
      vertex 16.30050344458544 41.270978561128004 -3
    endloop
  endfacet
  facet normal 0 0 -1
    outer loop
      vertex 16.028624191511827 41.51577974015616 -3
      vertex 41.08422025984384 64.17137580848818 -3
      vertex 16.170978561128003 41.40050344458544 -3
    endloop
  endfacet
  facet normal 0 0 -1
    outer loop
      vertex 16.74041331689448 39.91707518928161 -3
      vertex 42.68292481071839 63.45958668310553 -3
      vertex 16.71175830128416 39.73615454106892 -3
    endloop
  endfacet
  facet normal 0 0 -1
    outer loop
      vertex 16.74041331689448 39.91707518928161 -3
      vertex 16.75 40.1 -3
      vertex 42.5 63.45 -3
    endloop
  endfacet
  facet normal 0 0 -1
    outer loop
      vertex 16.75 40.1 -3
      vertex 16.74041331689448 40.28292481071839 -3
      vertex 42.31707518928161 63.45958668310553 -3
    endloop
  endfacet
  facet normal 0 0 1
    outer loop
      vertex 18.235148514851485 40.1 0
      vertex 25.4 40.1 0
      vertex 25.493675589202525 41.887436721876874 0
    endloop
  endfacet
  facet normal 0 0 1
    outer loop
      vertex 17.95545523054178 41.41585344678235 0
      vertex 25.493675589202525 41.887436721876874 0
      vertex 25.77367602745192 43.65528991298369 0
    endloop
  endfacet
  facet normal 0 0 1
    outer loop
      vertex 17.617290127841724 42.0015725860056 0
      vertex 25.77367602745192 43.65528991298369 0
      vertex 26.236933571352875 45.384190603811604 0
    endloop
  endfacet
  facet normal 0 0 -1
    outer loop
      vertex 16.415779740156157 41.12862419151183 -3
      vertex 41.329021438872 63.899496555414565 -3
      vertex 41.47137580848817 63.78422025984384 -3
    endloop
  endfacet
  facet normal 0 0 -1
    outer loop
      vertex 15.71178912538265 41.69870455087455 -3
      vertex 40.83565109648348 64.65922025984385 -3
      vertex 40.90129544912545 64.48821087461735 -3
    endloop
  endfacet
  facet normal 0 0 -1
    outer loop
      vertex 15.36384545893108 41.81175830128416 -3
      vertex 40.759586683105525 65.01707518928161 -3
      vertex 40.78824169871584 64.83615454106892 -3
    endloop
  endfacet
  facet normal 0 0 -1
    outer loop
      vertex 15.540779740156157 41.76434890351652 -3
      vertex 40.78824169871584 64.83615454106892 -3
      vertex 40.83565109648348 64.65922025984385 -3
    endloop
  endfacet
  facet normal 0 0 -1
    outer loop
      vertex 15.182924810718394 41.84041331689448 -3
      vertex 40.75 65.2 -3
      vertex 40.759586683105525 65.01707518928161 -3
    endloop
  endfacet
  facet normal 0 0 -1
    outer loop
      vertex 16.028624191511827 41.51577974015616 -3
      vertex 40.98445554337723 64.325 -3
      vertex 41.08422025984384 64.17137580848818 -3
    endloop
  endfacet
  facet normal 0 0 -1
    outer loop
      vertex 16.170978561128003 41.40050344458544 -3
      vertex 41.08422025984384 64.17137580848818 -3
      vertex 41.19949655541456 64.02902143887201 -3
    endloop
  endfacet
  facet normal 0 0 -1
    outer loop
      vertex 15.875 41.61554445662277 -3
      vertex 40.90129544912545 64.48821087461735 -3
      vertex 40.98445554337723 64.325 -3
    endloop
  endfacet
  facet normal 0 0 -1
    outer loop
      vertex 16.30050344458544 41.270978561128004 -3
      vertex 41.19949655541456 64.02902143887201 -3
      vertex 41.329021438872 63.899496555414565 -3
    endloop
  endfacet
  facet normal 0 0 -1
    outer loop
      vertex 16.74041331689448 40.28292481071839 -3
      vertex 42.13615454106892 63.48824169871584 -3
      vertex 42.31707518928161 63.45958668310553 -3
    endloop
  endfacet
  facet normal 0 0 -1
    outer loop
      vertex 16.75 40.1 -3
      vertex 42.31707518928161 63.45958668310553 -3
      vertex 42.5 63.45 -3
    endloop
  endfacet
  facet normal 0 0 -1
    outer loop
      vertex 16.59870455087455 40.81178912538265 -3
      vertex 41.625 63.68445554337723 -3
      vertex 41.78821087461735 63.60129544912545 -3
    endloop
  endfacet
  facet normal 0 0 -1
    outer loop
      vertex 16.66434890351652 40.64077974015616 -3
      vertex 41.78821087461735 63.60129544912545 -3
      vertex 41.95922025984384 63.535651096483484 -3
    endloop
  endfacet
  facet normal 0 0 -1
    outer loop
      vertex 16.515544456622766 40.975 -3
      vertex 41.47137580848817 63.78422025984384 -3
      vertex 41.625 63.68445554337723 -3
    endloop
  endfacet
  facet normal 0 0 -1
    outer loop
      vertex 16.71175830128416 40.46384545893108 -3
      vertex 41.95922025984384 63.535651096483484 -3
      vertex 42.13615454106892 63.48824169871584 -3
    endloop
  endfacet
  facet normal 0 0 -1
    outer loop
      vertex 16.74041331689448 39.91707518928161 -3
      vertex 42.5 63.45 -3
      vertex 42.68292481071839 63.45958668310553 -3
    endloop
  endfacet
  facet normal 0 0 -1
    outer loop
      vertex 16.71175830128416 39.73615454106892 -3
      vertex 42.68292481071839 63.45958668310553 -3
      vertex 42.86384545893108 63.48824169871584 -3
    endloop
  endfacet
  facet normal 0 0 -1
    outer loop
      vertex 16.66434890351652 39.55922025984384 -3
      vertex 42.86384545893108 63.48824169871584 -3
      vertex 43.04077974015616 63.535651096483484 -3
    endloop
  endfacet
  facet normal 0 0 -1
    outer loop
      vertex 16.59870455087455 39.38821087461735 -3
      vertex 43.04077974015616 63.535651096483484 -3
      vertex 43.21178912538265 63.60129544912545 -3
    endloop
  endfacet
  facet normal 0 0 -1
    outer loop
      vertex 16.415779740156157 39.07137580848817 -3
      vertex 43.375 63.68445554337723 -3
      vertex 43.52862419151183 63.78422025984384 -3
    endloop
  endfacet
  facet normal 0 0 -1
    outer loop
      vertex 16.515544456622766 39.225 -3
      vertex 43.21178912538265 63.60129544912545 -3
      vertex 43.375 63.68445554337723 -3
    endloop
  endfacet
  facet normal 0 0 -1
    outer loop
      vertex 16.30050344458544 38.929021438872 -3
      vertex 43.52862419151183 63.78422025984384 -3
      vertex 43.670978561128 63.899496555414565 -3
    endloop
  endfacet
  facet normal 0 0 1
    outer loop
      vertex 38.94471008701632 56.82632397254808 0
      vertex 40.71256327812313 57.10632441079748 0
      vertex 40.335263112596465 62.79581612153724 0
    endloop
  endfacet
  facet normal 0 0 1
    outer loop
      vertex 42.5 57.2 0
      vertex 41.500284129584024 62.12319092376791 0
      vertex 40.71256327812313 57.10632441079748 0
    endloop
  endfacet
  facet normal 0 0 1
    outer loop
      vertex 0 76.70000000298023 0
      vertex 32.448872185798706 53.9341906038116 0
      vertex 33.95 54.90903440471391 0
    endloop
  endfacet
  facet normal 0 0 1
    outer loop
      vertex 0 76.70000000298023 0
      vertex 33.95 54.90903440471391 0
      vertex 35.54480340340382 55.72162732568847 0
    endloop
  endfacet
  facet normal 0 0 1
    outer loop
      vertex 0 76.70000000298023 0
      vertex 35.54480340340382 55.72162732568847 0
      vertex 37.2158093961884 56.36306642864713 0
    endloop
  endfacet
  facet normal 0 0 1
    outer loop
      vertex 0 76.70000000298023 0
      vertex 37.2158093961884 56.36306642864713 0
      vertex 38.94471008701632 56.82632397254808 0
    endloop
  endfacet
  facet normal 0 0 1
    outer loop
      vertex 0 76.70000000298023 0
      vertex 38.94471008701632 56.82632397254808 0
      vertex 40.335263112596465 62.79581612153724 0
    endloop
  endfacet
  facet normal 0 0 1
    outer loop
      vertex 0 76.70000000298023 0
      vertex 39.88270987215828 63.2984274139944 0
      vertex 39.698279201123114 63.58242574257426 0
    endloop
  endfacet
  facet normal 0 0 1
    outer loop
      vertex 0 76.70000000298023 0
      vertex 39.54454476945822 63.884146553217654 0
      vertex 39.423190923767905 64.20028412958402 0
    endloop
  endfacet
  facet normal 0 0 1
    outer loop
      vertex 0 76.70000000298023 0
      vertex 39.698279201123114 63.58242574257426 0
      vertex 39.54454476945822 63.884146553217654 0
    endloop
  endfacet
  facet normal 0 0 1
    outer loop
      vertex 0 76.70000000298023 0
      vertex 39.33554724218049 64.52737480223067 0
      vertex 39.282573967212045 64.86183489729994 0
    endloop
  endfacet
  facet normal 0 0 1
    outer loop
      vertex 0 76.70000000298023 0
      vertex 39.282573967212045 64.86183489729994 0
      vertex 39.26485148514851 65.2 0
    endloop
  endfacet
  facet normal 0 0 1
    outer loop
      vertex 0 76.70000000298023 0
      vertex 39.423190923767905 64.20028412958402 0
      vertex 39.33554724218049 64.52737480223067 0
    endloop
  endfacet
  facet normal 0 0 1
    outer loop
      vertex 0 76.70000000298023 0
      vertex 39.26485148514851 65.2 0
      vertex 39.282573967212045 65.53816510270006 0
    endloop
  endfacet
  facet normal 0 0 1
    outer loop
      vertex 0 76.70000000298023 0
      vertex 39.282573967212045 65.53816510270006 0
      vertex 39.33554724218049 65.87262519776934 0
    endloop
  endfacet
  facet normal 0 0 1
    outer loop
      vertex 0 76.70000000298023 0
      vertex 39.33554724218049 65.87262519776934 0
      vertex 39.423190923767905 66.19971587041599 0
    endloop
  endfacet
  facet normal 0 0 1
    outer loop
      vertex 0 76.70000000298023 0
      vertex 39.423190923767905 66.19971587041599 0
      vertex 39.54454476945822 66.51585344678236 0
    endloop
  endfacet
  facet normal 0 0 1
    outer loop
      vertex 0 76.70000000298023 0
      vertex 39.54454476945822 66.51585344678236 0
      vertex 39.698279201123114 66.81757425742575 0
    endloop
  endfacet
  facet normal 0 0 1
    outer loop
      vertex 0 76.70000000298023 0
      vertex 40.335263112596465 62.79581612153724 0
      vertex 40.09581612153724 63.03526311259647 0
    endloop
  endfacet
  facet normal 0 0 1
    outer loop
      vertex 0 76.70000000298023 0
      vertex 40.09581612153724 63.03526311259647 0
      vertex 39.88270987215828 63.2984274139944 0
    endloop
  endfacet
  facet normal 0 0 -1
    outer loop
      vertex 0 80.2 -3
      vertex 40.759586683105525 65.3829248107184 -3
      vertex 40.75 65.2 -3
    endloop
  endfacet
  facet normal 0 0 -1
    outer loop
      vertex 0 80.2 -3
      vertex 40.78824169871584 65.56384545893108 -3
      vertex 40.759586683105525 65.3829248107184 -3
    endloop
  endfacet
  facet normal 0 0 -1
    outer loop
      vertex 0 80.2 -3
      vertex 40.83565109648348 65.74077974015616 -3
      vertex 40.78824169871584 65.56384545893108 -3
    endloop
  endfacet
  facet normal 0 0 -1
    outer loop
      vertex 0 80.2 -3
      vertex 40.90129544912545 65.91178912538265 -3
      vertex 40.83565109648348 65.74077974015616 -3
    endloop
  endfacet
  facet normal 0 0 -1
    outer loop
      vertex 0 80.2 -3
      vertex 40.98445554337723 66.075 -3
      vertex 40.90129544912545 65.91178912538265 -3
    endloop
  endfacet
  facet normal 0 0 -1
    outer loop
      vertex 0 80.2 -3
      vertex 41.08422025984384 66.22862419151183 -3
      vertex 40.98445554337723 66.075 -3
    endloop
  endfacet
  facet normal 0 0 -1
    outer loop
      vertex 0 80.2 -3
      vertex 41.19949655541456 66.370978561128 -3
      vertex 41.08422025984384 66.22862419151183 -3
    endloop
  endfacet
  facet normal 0 0 -1
    outer loop
      vertex 0 80.2 -3
      vertex 41.329021438872 66.50050344458545 -3
      vertex 41.19949655541456 66.370978561128 -3
    endloop
  endfacet
  facet normal 0 0 -1
    outer loop
      vertex 0 80.2 -3
      vertex 41.47137580848817 66.61577974015616 -3
      vertex 41.329021438872 66.50050344458545 -3
    endloop
  endfacet
  facet normal 0 0 -1
    outer loop
      vertex 0 80.2 -3
      vertex 41.625 66.71554445662277 -3
      vertex 41.47137580848817 66.61577974015616 -3
    endloop
  endfacet
  facet normal 0 0 -1
    outer loop
      vertex 0 80.2 -3
      vertex 41.78821087461735 66.79870455087456 -3
      vertex 41.625 66.71554445662277 -3
    endloop
  endfacet
  facet normal 0 0 -1
    outer loop
      vertex 0 80.2 -3
      vertex 41.95922025984384 66.86434890351651 -3
      vertex 41.78821087461735 66.79870455087456 -3
    endloop
  endfacet
  facet normal 0 1 0
    outer loop
      vertex 0 80.2 -3
      vertex 0 80.2 0
      vertex 85 80.2 -3
    endloop
  endfacet
  facet normal 0 0 1
    outer loop
      vertex 0 76.70000000298023 0
      vertex 39.698279201123114 66.81757425742575 0
      vertex 39.88270987215828 67.1015725860056 0
    endloop
  endfacet
  facet normal 0 0 1
    outer loop
      vertex 0 76.70000000298023 0
      vertex 39.88270987215828 67.1015725860056 0
      vertex 40.09581612153724 67.36473688740354 0
    endloop
  endfacet
  facet normal 0 0 1
    outer loop
      vertex 0 76.70000000298023 0
      vertex 40.09581612153724 67.36473688740354 0
      vertex 40.335263112596465 67.60418387846276 0
    endloop
  endfacet
  facet normal 0 0 1
    outer loop
      vertex 0 76.70000000298023 0
      vertex 40.335263112596465 67.60418387846276 0
      vertex 40.5984274139944 67.81729012784172 0
    endloop
  endfacet
  facet normal 0 0 1
    outer loop
      vertex 0 76.70000000298023 0
      vertex 40.5984274139944 67.81729012784172 0
      vertex 40.882425742574256 68.00172079887689 0
    endloop
  endfacet
  facet normal 0 0 1
    outer loop
      vertex 0 76.70000000298023 0
      vertex 40.882425742574256 68.00172079887689 0
      vertex 41.18414655321765 68.15545523054178 0
    endloop
  endfacet
  facet normal 0 0 1
    outer loop
      vertex 0 76.70000000298023 0
      vertex 41.18414655321765 68.15545523054178 0
      vertex 41.500284129584024 68.27680907623208 0
    endloop
  endfacet
  facet normal 0 0 1
    outer loop
      vertex 0 76.70000000298023 0
      vertex 41.500284129584024 68.27680907623208 0
      vertex 41.827374802230665 68.36445275781952 0
    endloop
  endfacet
  facet normal 0 0 1
    outer loop
      vertex 0 76.70000000298023 0
      vertex 41.827374802230665 68.36445275781952 0
      vertex 42.16183489729994 68.41742603278796 0
    endloop
  endfacet
  facet normal 0 0 1
    outer loop
      vertex 0 76.70000000298023 0
      vertex 42.16183489729994 68.41742603278796 0
      vertex 42.5 68.43514851485149 0
    endloop
  endfacet
  facet normal 0 0 1
    outer loop
      vertex 0 76.70000000298023 0
      vertex 42.5 68.43514851485149 0
      vertex 42.83816510270006 68.41742603278796 0
    endloop
  endfacet
  facet normal 0 0 1
    outer loop
      vertex 0 76.70000000298023 0
      vertex 42.83816510270006 68.41742603278796 0
      vertex 43.172625197769335 68.36445275781952 0
    endloop
  endfacet
  facet normal 0 0 1
    outer loop
      vertex 40.71256327812313 57.10632441079748 0
      vertex 40.882425742574256 62.39827920112312 0
      vertex 40.5984274139944 62.58270987215828 0
    endloop
  endfacet
  facet normal 0 0 1
    outer loop
      vertex 40.71256327812313 57.10632441079748 0
      vertex 41.18414655321765 62.24454476945822 0
      vertex 40.882425742574256 62.39827920112312 0
    endloop
  endfacet
  facet normal 0 0 1
    outer loop
      vertex 40.71256327812313 57.10632441079748 0
      vertex 41.500284129584024 62.12319092376791 0
      vertex 41.18414655321765 62.24454476945822 0
    endloop
  endfacet
  facet normal 0 0 1
    outer loop
      vertex 40.71256327812313 57.10632441079748 0
      vertex 40.5984274139944 62.58270987215828 0
      vertex 40.335263112596465 62.79581612153724 0
    endloop
  endfacet
  facet normal 0 0 1
    outer loop
      vertex 42.5 57.2 0
      vertex 41.827374802230665 62.03554724218049 0
      vertex 41.500284129584024 62.12319092376791 0
    endloop
  endfacet
  facet normal 0 0 1
    outer loop
      vertex 42.5 57.2 0
      vertex 42.16183489729994 61.98257396721205 0
      vertex 41.827374802230665 62.03554724218049 0
    endloop
  endfacet
  facet normal 0 0 1
    outer loop
      vertex 42.5 61.964851485148515 0
      vertex 42.16183489729994 61.98257396721205 0
      vertex 42.5 57.2 0
    endloop
  endfacet
  facet normal 0 0 -1
    outer loop
      vertex 0 80.2 -3
      vertex 85 80.2 -3
      vertex 41.95922025984384 66.86434890351651 -3
    endloop
  endfacet
  facet normal 0 0 1
    outer loop
      vertex 0 3.5 0
      vertex 85 3.5 0
      vertex 43.172625197769335 11.835547242180485 0
    endloop
  endfacet
  facet normal 0 0 1
    outer loop
      vertex 42.5 23 0
      vertex 42.5 18.235148514851485 0
      vertex 42.83816510270006 18.21742603278795 0
    endloop
  endfacet
  facet normal 0 0 1
    outer loop
      vertex 42.5 23 0
      vertex 42.83816510270006 18.21742603278795 0
      vertex 43.172625197769335 18.164452757819515 0
    endloop
  endfacet
  facet normal 0 0 1
    outer loop
      vertex 43.172625197769335 18.164452757819515 0
      vertex 43.499715870415976 18.076809076232095 0
      vertex 42.5 23 0
    endloop
  endfacet
  facet normal 0 0 1
    outer loop
      vertex 44.4015725860056 17.617290127841724 0
      vertex 44.664736887403535 17.40418387846276 0
      vertex 44.28743672187687 23.093675589202526 0
    endloop
  endfacet
  facet normal 0 0 1
    outer loop
      vertex 43.499715870415976 18.076809076232095 0
      vertex 43.81585344678235 17.95545523054178 0
      vertex 44.28743672187687 23.093675589202526 0
    endloop
  endfacet
  facet normal 0 0 1
    outer loop
      vertex 43.81585344678235 17.95545523054178 0
      vertex 44.117574257425744 17.801720798876882 0
      vertex 44.28743672187687 23.093675589202526 0
    endloop
  endfacet
  facet normal 0 0 1
    outer loop
      vertex 44.117574257425744 17.801720798876882 0
      vertex 44.4015725860056 17.617290127841724 0
      vertex 44.28743672187687 23.093675589202526 0
    endloop
  endfacet
  facet normal 0 0 1
    outer loop
      vertex 45.45545523054178 16.315853446782356 0
      vertex 46.05528991298368 23.37367602745192 0
      vertex 45.301720798876886 16.617574257425744 0
    endloop
  endfacet
  facet normal 0 0 1
    outer loop
      vertex 45.576809076232095 15.999715870415981 0
      vertex 47.7841906038116 23.836933571352876 0
      vertex 45.45545523054178 16.315853446782356 0
    endloop
  endfacet
  facet normal 0 0 1
    outer loop
      vertex 45.66445275781951 15.672625197769335 0
      vertex 47.7841906038116 23.836933571352876 0
      vertex 45.576809076232095 15.999715870415981 0
    endloop
  endfacet
  facet normal 0 0 1
    outer loop
      vertex 44.664736887403535 17.40418387846276 0
      vertex 44.90418387846276 17.164736887403535 0
      vertex 46.05528991298368 23.37367602745192 0
    endloop
  endfacet
  facet normal 0 0 1
    outer loop
      vertex 45.11729012784172 16.901572586005603 0
      vertex 46.05528991298368 23.37367602745192 0
      vertex 44.90418387846276 17.164736887403535 0
    endloop
  endfacet
  facet normal 0 0 1
    outer loop
      vertex 45.301720798876886 16.617574257425744 0
      vertex 46.05528991298368 23.37367602745192 0
      vertex 45.11729012784172 16.901572586005603 0
    endloop
  endfacet
  facet normal 0 -1 0
    outer loop
      vertex 0 0 -3
      vertex 85 0 -3
      vertex 85 0 0
    endloop
  endfacet
  facet normal 0 0 -1
    outer loop
      vertex 85 0 -3
      vertex 41.95922025984384 13.335651096483481 -3
      vertex 42.13615454106892 13.28824169871584 -3
    endloop
  endfacet
  facet normal 0 0 -1
    outer loop
      vertex 85 0 -3
      vertex 42.13615454106892 13.28824169871584 -3
      vertex 42.31707518928161 13.259586683105521 -3
    endloop
  endfacet
  facet normal 0 0 -1
    outer loop
      vertex 85 0 -3
      vertex 42.31707518928161 13.259586683105521 -3
      vertex 42.5 13.25 -3
    endloop
  endfacet
  facet normal 0 0 -1
    outer loop
      vertex 85 0 -3
      vertex 42.5 13.25 -3
      vertex 42.68292481071839 13.259586683105521 -3
    endloop
  endfacet
  facet normal 0 0 -1
    outer loop
      vertex 85 0 -3
      vertex 42.68292481071839 13.259586683105521 -3
      vertex 42.86384545893108 13.28824169871584 -3
    endloop
  endfacet
  facet normal 0 0 -1
    outer loop
      vertex 85 0 -3
      vertex 42.86384545893108 13.28824169871584 -3
      vertex 43.04077974015616 13.335651096483481 -3
    endloop
  endfacet
  facet normal 0 0 -1
    outer loop
      vertex 85 0 -3
      vertex 43.04077974015616 13.335651096483481 -3
      vertex 43.21178912538265 13.401295449125449 -3
    endloop
  endfacet
  facet normal 0 0 -1
    outer loop
      vertex 85 0 -3
      vertex 43.21178912538265 13.401295449125449 -3
      vertex 43.375 13.484455543377232 -3
    endloop
  endfacet
  facet normal 0 0 -1
    outer loop
      vertex 85 0 -3
      vertex 43.375 13.484455543377232 -3
      vertex 43.52862419151183 13.584220259843843 -3
    endloop
  endfacet
  facet normal 0 0 -1
    outer loop
      vertex 85 0 -3
      vertex 43.52862419151183 13.584220259843843 -3
      vertex 43.670978561128 13.69949655541456 -3
    endloop
  endfacet
  facet normal 0 0 -1
    outer loop
      vertex 85 0 -3
      vertex 43.670978561128 13.69949655541456 -3
      vertex 43.80050344458544 13.829021438871997 -3
    endloop
  endfacet
  facet normal 0 0 -1
    outer loop
      vertex 85 0 -3
      vertex 43.80050344458544 13.829021438871997 -3
      vertex 43.91577974015616 13.971375808488173 -3
    endloop
  endfacet
  facet normal 0 0 -1
    outer loop
      vertex 85 0 -3
      vertex 43.91577974015616 13.971375808488173 -3
      vertex 44.01554445662277 14.125 -3
    endloop
  endfacet
  facet normal 0 0 -1
    outer loop
      vertex 85 0 -3
      vertex 44.01554445662277 14.125 -3
      vertex 44.09870455087455 14.28821087461735 -3
    endloop
  endfacet
  facet normal 0 0 -1
    outer loop
      vertex 85 0 -3
      vertex 44.09870455087455 14.28821087461735 -3
      vertex 44.16434890351652 14.459220259843843 -3
    endloop
  endfacet
  facet normal 0 0 -1
    outer loop
      vertex 85 0 -3
      vertex 44.16434890351652 14.459220259843843 -3
      vertex 44.21175830128416 14.63615454106892 -3
    endloop
  endfacet
  facet normal 0 0 -1
    outer loop
      vertex 85 0 -3
      vertex 44.21175830128416 14.63615454106892 -3
      vertex 44.240413316894475 14.817075189281606 -3
    endloop
  endfacet
  facet normal 0 0 -1
    outer loop
      vertex 85 0 -3
      vertex 44.240413316894475 14.817075189281606 -3
      vertex 44.25 15 -3
    endloop
  endfacet
  facet normal 0 0 1
    outer loop
      vertex 85 3.5 0
      vertex 43.499715870415976 11.923190923767907 0
      vertex 43.172625197769335 11.835547242180485 0
    endloop
  endfacet
  facet normal 0 0 1
    outer loop
      vertex 85 3.5 0
      vertex 43.81585344678235 12.04454476945822 0
      vertex 43.499715870415976 11.923190923767907 0
    endloop
  endfacet
  facet normal 0 0 1
    outer loop
      vertex 85 3.5 0
      vertex 44.117574257425744 12.198279201123116 0
      vertex 43.81585344678235 12.04454476945822 0
    endloop
  endfacet
  facet normal 0 0 1
    outer loop
      vertex 85 3.5 0
      vertex 44.4015725860056 12.382709872158276 0
      vertex 44.117574257425744 12.198279201123116 0
    endloop
  endfacet
  facet normal 0 0 1
    outer loop
      vertex 85 3.5 0
      vertex 44.664736887403535 12.595816121537242 0
      vertex 44.4015725860056 12.382709872158276 0
    endloop
  endfacet
  facet normal 0 0 1
    outer loop
      vertex 85 3.5 0
      vertex 44.90418387846276 12.835263112596467 0
      vertex 44.664736887403535 12.595816121537242 0
    endloop
  endfacet
  facet normal 0 0 1
    outer loop
      vertex 85 3.5 0
      vertex 45.11729012784172 13.0984274139944 0
      vertex 44.90418387846276 12.835263112596467 0
    endloop
  endfacet
  facet normal 0 0 1
    outer loop
      vertex 85 3.5 0
      vertex 45.301720798876886 13.382425742574258 0
      vertex 45.11729012784172 13.0984274139944 0
    endloop
  endfacet
  facet normal 0 0 -1
    outer loop
      vertex 85 0 -3
      vertex 44.16434890351652 15.540779740156157 -3
      vertex 44.09870455087455 15.71178912538265 -3
    endloop
  endfacet
  facet normal 0 0 -1
    outer loop
      vertex 85 0 -3
      vertex 44.01554445662277 15.875 -3
      vertex 43.91577974015616 16.028624191511827 -3
    endloop
  endfacet
  facet normal 0 0 -1
    outer loop
      vertex 85 0 -3
      vertex 44.09870455087455 15.71178912538265 -3
      vertex 44.01554445662277 15.875 -3
    endloop
  endfacet
  facet normal 0 0 -1
    outer loop
      vertex 85 0 -3
      vertex 43.91577974015616 16.028624191511827 -3
      vertex 43.80050344458544 16.170978561128003 -3
    endloop
  endfacet
  facet normal 0 0 -1
    outer loop
      vertex 85 0 -3
      vertex 43.80050344458544 16.170978561128003 -3
      vertex 43.670978561128 16.30050344458544 -3
    endloop
  endfacet
  facet normal 0 0 -1
    outer loop
      vertex 85 0 -3
      vertex 44.25 15 -3
      vertex 44.240413316894475 15.182924810718394 -3
    endloop
  endfacet
  facet normal 0 0 -1
    outer loop
      vertex 85 0 -3
      vertex 44.240413316894475 15.182924810718394 -3
      vertex 44.21175830128416 15.36384545893108 -3
    endloop
  endfacet
  facet normal 0 0 -1
    outer loop
      vertex 85 0 -3
      vertex 44.21175830128416 15.36384545893108 -3
      vertex 44.16434890351652 15.540779740156157 -3
    endloop
  endfacet
  facet normal 0 0 1
    outer loop
      vertex 85 3.5 0
      vertex 45.45545523054178 13.684146553217646 0
      vertex 45.301720798876886 13.382425742574258 0
    endloop
  endfacet
  facet normal 0 0 1
    outer loop
      vertex 85 3.5 0
      vertex 45.576809076232095 14.000284129584019 0
      vertex 45.45545523054178 13.684146553217646 0
    endloop
  endfacet
  facet normal 0 0 1
    outer loop
      vertex 85 3.5 0
      vertex 45.66445275781951 14.327374802230665 0
      vertex 45.576809076232095 14.000284129584019 0
    endloop
  endfacet
  facet normal 0 0 1
    outer loop
      vertex 85 3.5 0
      vertex 45.717426032787955 14.661834897299943 0
      vertex 45.66445275781951 14.327374802230665 0
    endloop
  endfacet
  facet normal 0 0 1
    outer loop
      vertex 85 3.5 0
      vertex 45.73514851485149 15 0
      vertex 45.717426032787955 14.661834897299943 0
    endloop
  endfacet
  facet normal 0 0 1
    outer loop
      vertex 85 3.5 0
      vertex 45.717426032787955 15.338165102700057 0
      vertex 45.73514851485149 15 0
    endloop
  endfacet
  facet normal 0 0 1
    outer loop
      vertex 85 3.5 0
      vertex 45.66445275781951 15.672625197769335 0
      vertex 45.717426032787955 15.338165102700057 0
    endloop
  endfacet
  facet normal 0 0 1
    outer loop
      vertex 85 3.5 0
      vertex 49.45519659659618 24.478372674311526 0
      vertex 45.66445275781951 15.672625197769335 0
    endloop
  endfacet
  facet normal 0 0 1
    outer loop
      vertex 85 3.5 0
      vertex 51.05 25.2909655952861 0
      vertex 49.45519659659618 24.478372674311526 0
    endloop
  endfacet
  facet normal 0 0 1
    outer loop
      vertex 85 3.5 0
      vertex 52.551127814201294 26.2658093961884 0
      vertex 51.05 25.2909655952861 0
    endloop
  endfacet
  facet normal 0 0 -1
    outer loop
      vertex 0 0 -3
      vertex 68.25958668310552 40.28292481071839 -3
      vertex 68.25 40.1 -3
    endloop
  endfacet
  facet normal 0 0 -1
    outer loop
      vertex 0 0 -3
      vertex 68.28824169871584 40.46384545893108 -3
      vertex 68.25958668310552 40.28292481071839 -3
    endloop
  endfacet
  facet normal 0 0 -1
    outer loop
      vertex 0 0 -3
      vertex 68.33565109648349 40.64077974015616 -3
      vertex 68.28824169871584 40.46384545893108 -3
    endloop
  endfacet
  facet normal 0 0 -1
    outer loop
      vertex 0 0 -3
      vertex 68.40129544912544 40.81178912538265 -3
      vertex 68.33565109648349 40.64077974015616 -3
    endloop
  endfacet
  facet normal 0 0 -1
    outer loop
      vertex 0 0 -3
      vertex 68.48445554337724 40.975 -3
      vertex 68.40129544912544 40.81178912538265 -3
    endloop
  endfacet
  facet normal 0 0 -1
    outer loop
      vertex 0 0 -3
      vertex 68.58422025984385 41.12862419151183 -3
      vertex 68.48445554337724 40.975 -3
    endloop
  endfacet
  facet normal 0 0 -1
    outer loop
      vertex 0 0 -3
      vertex 68.69949655541456 41.270978561128004 -3
      vertex 68.58422025984385 41.12862419151183 -3
    endloop
  endfacet
  facet normal 0 0 -1
    outer loop
      vertex 0 0 -3
      vertex 68.829021438872 41.40050344458544 -3
      vertex 68.69949655541456 41.270978561128004 -3
    endloop
  endfacet
  facet normal 0 0 -1
    outer loop
      vertex 0 0 -3
      vertex 68.97137580848818 41.51577974015616 -3
      vertex 68.829021438872 41.40050344458544 -3
    endloop
  endfacet
  facet normal 0 0 -1
    outer loop
      vertex 0 0 -3
      vertex 69.125 41.61554445662277 -3
      vertex 68.97137580848818 41.51577974015616 -3
    endloop
  endfacet
  facet normal 0 0 -1
    outer loop
      vertex 41.329021438872 16.30050344458544 -3
      vertex 68.25 40.1 -3
      vertex 41.47137580848817 16.415779740156157 -3
    endloop
  endfacet
  facet normal 0 0 -1
    outer loop
      vertex 41.47137580848817 16.415779740156157 -3
      vertex 68.25 40.1 -3
      vertex 41.625 16.515544456622766 -3
    endloop
  endfacet
  facet normal 0 0 -1
    outer loop
      vertex 41.625 16.515544456622766 -3
      vertex 68.25 40.1 -3
      vertex 41.78821087461735 16.59870455087455 -3
    endloop
  endfacet
  facet normal 0 0 -1
    outer loop
      vertex 41.78821087461735 16.59870455087455 -3
      vertex 68.25 40.1 -3
      vertex 41.95922025984384 16.66434890351652 -3
    endloop
  endfacet
  facet normal 0 0 -1
    outer loop
      vertex 41.95922025984384 16.66434890351652 -3
      vertex 68.25 40.1 -3
      vertex 42.13615454106892 16.71175830128416 -3
    endloop
  endfacet
  facet normal 0 0 -1
    outer loop
      vertex 42.13615454106892 16.71175830128416 -3
      vertex 68.25 40.1 -3
      vertex 42.31707518928161 16.74041331689448 -3
    endloop
  endfacet
  facet normal 0 0 -1
    outer loop
      vertex 42.31707518928161 16.74041331689448 -3
      vertex 68.25 40.1 -3
      vertex 42.5 16.75 -3
    endloop
  endfacet
  facet normal 0 0 -1
    outer loop
      vertex 42.86384545893108 16.71175830128416 -3
      vertex 68.28824169871584 39.73615454106892 -3
      vertex 43.04077974015616 16.66434890351652 -3
    endloop
  endfacet
  facet normal 0 0 -1
    outer loop
      vertex 43.375 16.515544456622766 -3
      vertex 68.48445554337724 39.225 -3
      vertex 43.52862419151183 16.415779740156157 -3
    endloop
  endfacet
  facet normal 0 0 -1
    outer loop
      vertex 43.04077974015616 16.66434890351652 -3
      vertex 68.33565109648349 39.55922025984384 -3
      vertex 43.21178912538265 16.59870455087455 -3
    endloop
  endfacet
  facet normal 0 0 -1
    outer loop
      vertex 43.21178912538265 16.59870455087455 -3
      vertex 68.40129544912544 39.38821087461735 -3
      vertex 43.375 16.515544456622766 -3
    endloop
  endfacet
  facet normal 0 0 -1
    outer loop
      vertex 42.5 16.75 -3
      vertex 68.25 40.1 -3
      vertex 42.68292481071839 16.74041331689448 -3
    endloop
  endfacet
  facet normal 0 0 -1
    outer loop
      vertex 42.68292481071839 16.74041331689448 -3
      vertex 68.25958668310552 39.91707518928161 -3
      vertex 42.86384545893108 16.71175830128416 -3
    endloop
  endfacet
  facet normal 0 0 -1
    outer loop
      vertex 43.52862419151183 16.415779740156157 -3
      vertex 68.58422025984385 39.07137580848817 -3
      vertex 43.670978561128 16.30050344458544 -3
    endloop
  endfacet
  facet normal 0 0 1
    outer loop
      vertex 43.499715870415976 18.076809076232095 0
      vertex 44.28743672187687 23.093675589202526 0
      vertex 42.5 23 0
    endloop
  endfacet
  facet normal 0 0 1
    outer loop
      vertex 44.664736887403535 17.40418387846276 0
      vertex 46.05528991298368 23.37367602745192 0
      vertex 44.28743672187687 23.093675589202526 0
    endloop
  endfacet
  facet normal 0 0 1
    outer loop
      vertex 45.45545523054178 16.315853446782356 0
      vertex 47.7841906038116 23.836933571352876 0
      vertex 46.05528991298368 23.37367602745192 0
    endloop
  endfacet
  facet normal 0 0 1
    outer loop
      vertex 45.66445275781951 15.672625197769335 0
      vertex 49.45519659659618 24.478372674311526 0
      vertex 47.7841906038116 23.836933571352876 0
    endloop
  endfacet
  facet normal 0 0 -1
    outer loop
      vertex 42.68292481071839 16.74041331689448 -3
      vertex 68.25 40.1 -3
      vertex 68.25958668310552 39.91707518928161 -3
    endloop
  endfacet
  facet normal 0 0 -1
    outer loop
      vertex 43.375 16.515544456622766 -3
      vertex 68.40129544912544 39.38821087461735 -3
      vertex 68.48445554337724 39.225 -3
    endloop
  endfacet
  facet normal 0 0 -1
    outer loop
      vertex 43.21178912538265 16.59870455087455 -3
      vertex 68.33565109648349 39.55922025984384 -3
      vertex 68.40129544912544 39.38821087461735 -3
    endloop
  endfacet
  facet normal 0 0 -1
    outer loop
      vertex 43.52862419151183 16.415779740156157 -3
      vertex 68.48445554337724 39.225 -3
      vertex 68.58422025984385 39.07137580848817 -3
    endloop
  endfacet
  facet normal 0 0 -1
    outer loop
      vertex 43.670978561128 16.30050344458544 -3
      vertex 68.58422025984385 39.07137580848817 -3
      vertex 68.69949655541456 38.929021438872 -3
    endloop
  endfacet
  facet normal 0 0 -1
    outer loop
      vertex 43.670978561128 16.30050344458544 -3
      vertex 68.69949655541456 38.929021438872 -3
      vertex 68.829021438872 38.799496555414564 -3
    endloop
  endfacet
  facet normal 0 0 -1
    outer loop
      vertex 43.04077974015616 16.66434890351652 -3
      vertex 68.28824169871584 39.73615454106892 -3
      vertex 68.33565109648349 39.55922025984384 -3
    endloop
  endfacet
  facet normal 0 0 -1
    outer loop
      vertex 42.86384545893108 16.71175830128416 -3
      vertex 68.25958668310552 39.91707518928161 -3
      vertex 68.28824169871584 39.73615454106892 -3
    endloop
  endfacet
  facet normal 0 0 1
    outer loop
      vertex 58.76306642864712 34.8158093961884 0
      vertex 67.83526311259646 37.69581612153724 0
      vertex 59.22632397254808 36.54471008701631 0
    endloop
  endfacet
  facet normal 0 0 1
    outer loop
      vertex 59.22632397254808 36.54471008701631 0
      vertex 67.19827920112311 38.48242574257426 0
      vertex 59.506324410797475 38.31256327812313 0
    endloop
  endfacet
  facet normal 0 0 1
    outer loop
      vertex 59.506324410797475 38.31256327812313 0
      vertex 66.78257396721204 39.76183489729994 0
      vertex 59.6 40.1 0
    endloop
  endfacet
  facet normal 0 0 -1
    outer loop
      vertex 85 0 -3
      vertex 43.670978561128 16.30050344458544 -3
      vertex 68.829021438872 38.799496555414564 -3
    endloop
  endfacet
  facet normal 0 0 1
    outer loop
      vertex 85 3.5 0
      vertex 53.94213336873648 27.392223484336558 0
      vertex 52.551127814201294 26.2658093961884 0
    endloop
  endfacet
  facet normal 0 0 1
    outer loop
      vertex 85 3.5 0
      vertex 55.20777651566344 28.657866631263524 0
      vertex 53.94213336873648 27.392223484336558 0
    endloop
  endfacet
  facet normal 0 0 -1
    outer loop
      vertex 85 0 -3
      vertex 68.829021438872 38.799496555414564 -3
      vertex 68.97137580848818 38.68422025984384 -3
    endloop
  endfacet
  facet normal 0 0 -1
    outer loop
      vertex 85 0 -3
      vertex 68.97137580848818 38.68422025984384 -3
      vertex 69.125 38.58445554337723 -3
    endloop
  endfacet
  facet normal 0 0 1
    outer loop
      vertex 85 3.5 0
      vertex 56.33419060381161 30.048872185798707 0
      vertex 55.20777651566344 28.657866631263524 0
    endloop
  endfacet
  facet normal 0 0 1
    outer loop
      vertex 85 3.5 0
      vertex 57.3090344047139 31.55 0
      vertex 56.33419060381161 30.048872185798707 0
    endloop
  endfacet
  facet normal 0 0 1
    outer loop
      vertex 85 3.5 0
      vertex 58.12162732568848 33.14480340340382 0
      vertex 57.3090344047139 31.55 0
    endloop
  endfacet
  facet normal 0 0 1
    outer loop
      vertex 85 3.5 0
      vertex 58.76306642864712 34.8158093961884 0
      vertex 58.12162732568848 33.14480340340382 0
    endloop
  endfacet
  facet normal 0 0 1
    outer loop
      vertex 85 3.5 0
      vertex 69.66183489729994 36.882573967212046 0
      vertex 58.76306642864712 34.8158093961884 0
    endloop
  endfacet
  facet normal 0 0 1
    outer loop
      vertex 58.76306642864712 34.8158093961884 0
      vertex 68.0984274139944 37.482709872158274 0
      vertex 67.83526311259646 37.69581612153724 0
    endloop
  endfacet
  facet normal 0 0 1
    outer loop
      vertex 59.22632397254808 36.54471008701631 0
      vertex 67.59581612153724 37.935263112596466 0
      vertex 67.38270987215829 38.1984274139944 0
    endloop
  endfacet
  facet normal 0 0 1
    outer loop
      vertex 59.22632397254808 36.54471008701631 0
      vertex 67.83526311259646 37.69581612153724 0
      vertex 67.59581612153724 37.935263112596466 0
    endloop
  endfacet
  facet normal 0 0 1
    outer loop
      vertex 58.76306642864712 34.8158093961884 0
      vertex 69.00028412958402 37.023190923767906 0
      vertex 68.68414655321764 37.14454476945822 0
    endloop
  endfacet
  facet normal 0 0 1
    outer loop
      vertex 58.76306642864712 34.8158093961884 0
      vertex 69.32737480223066 36.93554724218048 0
      vertex 69.00028412958402 37.023190923767906 0
    endloop
  endfacet
  facet normal 0 0 1
    outer loop
      vertex 58.76306642864712 34.8158093961884 0
      vertex 69.66183489729994 36.882573967212046 0
      vertex 69.32737480223066 36.93554724218048 0
    endloop
  endfacet
  facet normal 0 0 1
    outer loop
      vertex 58.76306642864712 34.8158093961884 0
      vertex 68.38242574257426 37.298279201123115 0
      vertex 68.0984274139944 37.482709872158274 0
    endloop
  endfacet
  facet normal 0 0 1
    outer loop
      vertex 58.76306642864712 34.8158093961884 0
      vertex 68.68414655321764 37.14454476945822 0
      vertex 68.38242574257426 37.298279201123115 0
    endloop
  endfacet
  facet normal 0 0 1
    outer loop
      vertex 59.22632397254808 36.54471008701631 0
      vertex 67.38270987215829 38.1984274139944 0
      vertex 67.19827920112311 38.48242574257426 0
    endloop
  endfacet
  facet normal 0 0 1
    outer loop
      vertex 59.506324410797475 38.31256327812313 0
      vertex 67.19827920112311 38.48242574257426 0
      vertex 67.04454476945823 38.78414655321765 0
    endloop
  endfacet
  facet normal 0 0 1
    outer loop
      vertex 59.506324410797475 38.31256327812313 0
      vertex 67.04454476945823 38.78414655321765 0
      vertex 66.92319092376792 39.10028412958402 0
    endloop
  endfacet
  facet normal 0 0 1
    outer loop
      vertex 59.506324410797475 38.31256327812313 0
      vertex 66.83554724218048 39.427374802230666 0
      vertex 66.78257396721204 39.76183489729994 0
    endloop
  endfacet
  facet normal 0 0 1
    outer loop
      vertex 59.6 40.1 0
      vertex 66.78257396721204 39.76183489729994 0
      vertex 66.76485148514851 40.1 0
    endloop
  endfacet
  facet normal 0 0 1
    outer loop
      vertex 59.506324410797475 38.31256327812313 0
      vertex 66.92319092376792 39.10028412958402 0
      vertex 66.83554724218048 39.427374802230666 0
    endloop
  endfacet
  facet normal 0 0 -1
    outer loop
      vertex 85 0 -3
      vertex 69.28821087461735 38.50129544912545 -3
      vertex 69.45922025984385 38.43565109648348 -3
    endloop
  endfacet
  facet normal 0 0 -1
    outer loop
      vertex 85 0 -3
      vertex 69.45922025984385 38.43565109648348 -3
      vertex 69.63615454106892 38.388241698715845 -3
    endloop
  endfacet
  facet normal 0 0 -1
    outer loop
      vertex 85 0 -3
      vertex 69.63615454106892 38.388241698715845 -3
      vertex 69.81707518928161 38.359586683105526 -3
    endloop
  endfacet
  facet normal 0 0 -1
    outer loop
      vertex 85 0 -3
      vertex 69.81707518928161 38.359586683105526 -3
      vertex 70 38.35 -3
    endloop
  endfacet
  facet normal 0 0 -1
    outer loop
      vertex 85 0 -3
      vertex 69.125 38.58445554337723 -3
      vertex 69.28821087461735 38.50129544912545 -3
    endloop
  endfacet
  facet normal 0 0 -1
    outer loop
      vertex 85 0 -3
      vertex 70 38.35 -3
      vertex 70.18292481071839 38.359586683105526 -3
    endloop
  endfacet
  facet normal 0 0 -1
    outer loop
      vertex 85 0 -3
      vertex 70.18292481071839 38.359586683105526 -3
      vertex 70.36384545893108 38.388241698715845 -3
    endloop
  endfacet
  facet normal 0 0 -1
    outer loop
      vertex 85 0 -3
      vertex 70.36384545893108 38.388241698715845 -3
      vertex 70.54077974015615 38.43565109648348 -3
    endloop
  endfacet
  facet normal 0 0 -1
    outer loop
      vertex 85 0 -3
      vertex 70.54077974015615 38.43565109648348 -3
      vertex 70.71178912538265 38.50129544912545 -3
    endloop
  endfacet
  facet normal 0 0 -1
    outer loop
      vertex 85 0 -3
      vertex 70.71178912538265 38.50129544912545 -3
      vertex 70.875 38.58445554337723 -3
    endloop
  endfacet
  facet normal 0 0 -1
    outer loop
      vertex 85 0 -3
      vertex 70.875 38.58445554337723 -3
      vertex 71.02862419151182 38.68422025984384 -3
    endloop
  endfacet
  facet normal 0 0 -1
    outer loop
      vertex 85 0 -3
      vertex 71.02862419151182 38.68422025984384 -3
      vertex 71.170978561128 38.799496555414564 -3
    endloop
  endfacet
  facet normal 0 0 -1
    outer loop
      vertex 85 0 -3
      vertex 71.170978561128 38.799496555414564 -3
      vertex 71.30050344458544 38.929021438872 -3
    endloop
  endfacet
  facet normal 0 0 -1
    outer loop
      vertex 85 0 -3
      vertex 71.30050344458544 38.929021438872 -3
      vertex 71.41577974015615 39.07137580848817 -3
    endloop
  endfacet
  facet normal 0 0 -1
    outer loop
      vertex 85 0 -3
      vertex 71.41577974015615 39.07137580848817 -3
      vertex 71.51554445662276 39.225 -3
    endloop
  endfacet
  facet normal 0 0 -1
    outer loop
      vertex 85 0 -3
      vertex 71.51554445662276 39.225 -3
      vertex 71.59870455087456 39.38821087461735 -3
    endloop
  endfacet
  facet normal 0 0 -1
    outer loop
      vertex 85 0 -3
      vertex 71.59870455087456 39.38821087461735 -3
      vertex 71.66434890351651 39.55922025984384 -3
    endloop
  endfacet
  facet normal 1 0 0
    outer loop
      vertex 85 0 -3
      vertex 85 80.2 -3
      vertex 85 0 0
    endloop
  endfacet
  facet normal 1 0 0
    outer loop
      vertex 85 0 0
      vertex 85 80.2 -3
      vertex 85 3.5 0
    endloop
  endfacet
  facet normal 0 0 1
    outer loop
      vertex 85 3.5 0
      vertex 70 36.86485148514851 0
      vertex 69.66183489729994 36.882573967212046 0
    endloop
  endfacet
  facet normal 0 0 1
    outer loop
      vertex 85 3.5 0
      vertex 70.33816510270006 36.882573967212046 0
      vertex 70 36.86485148514851 0
    endloop
  endfacet
  facet normal 0 0 1
    outer loop
      vertex 85 3.5 0
      vertex 70.67262519776934 36.93554724218048 0
      vertex 70.33816510270006 36.882573967212046 0
    endloop
  endfacet
  facet normal 0 0 1
    outer loop
      vertex 85 3.5 0
      vertex 70.99971587041598 37.023190923767906 0
      vertex 70.67262519776934 36.93554724218048 0
    endloop
  endfacet
  facet normal 0 0 1
    outer loop
      vertex 85 3.5 0
      vertex 71.31585344678236 37.14454476945822 0
      vertex 70.99971587041598 37.023190923767906 0
    endloop
  endfacet
  facet normal 0 0 1
    outer loop
      vertex 85 3.5 0
      vertex 71.61757425742574 37.298279201123115 0
      vertex 71.31585344678236 37.14454476945822 0
    endloop
  endfacet
  facet normal 0 0 1
    outer loop
      vertex 85 3.5 0
      vertex 71.9015725860056 37.482709872158274 0
      vertex 71.61757425742574 37.298279201123115 0
    endloop
  endfacet
  facet normal 0 0 1
    outer loop
      vertex 85 3.5 0
      vertex 72.16473688740354 37.69581612153724 0
      vertex 71.9015725860056 37.482709872158274 0
    endloop
  endfacet
  facet normal 0 0 1
    outer loop
      vertex 85 3.5 0
      vertex 72.40418387846276 37.935263112596466 0
      vertex 72.16473688740354 37.69581612153724 0
    endloop
  endfacet
  facet normal 0 0 1
    outer loop
      vertex 85 3.5 0
      vertex 72.61729012784171 38.1984274139944 0
      vertex 72.40418387846276 37.935263112596466 0
    endloop
  endfacet
  facet normal 0 0 1
    outer loop
      vertex 85 3.5 0
      vertex 72.80172079887689 38.48242574257426 0
      vertex 72.61729012784171 38.1984274139944 0
    endloop
  endfacet
  facet normal 0 0 1
    outer loop
      vertex 85 3.5 0
      vertex 72.95545523054177 38.78414655321765 0
      vertex 72.80172079887689 38.48242574257426 0
    endloop
  endfacet
  facet normal 0 0 1
    outer loop
      vertex 85 3.5 0
      vertex 73.07680907623208 39.10028412958402 0
      vertex 72.95545523054177 38.78414655321765 0
    endloop
  endfacet
  facet normal 0 0 1
    outer loop
      vertex 85 3.5 0
      vertex 73.16445275781952 39.427374802230666 0
      vertex 73.07680907623208 39.10028412958402 0
    endloop
  endfacet
  facet normal 0 0 1
    outer loop
      vertex 85 3.5 0
      vertex 73.21742603278796 39.76183489729994 0
      vertex 73.16445275781952 39.427374802230666 0
    endloop
  endfacet
  facet normal 0 0 1
    outer loop
      vertex 85 3.5 0
      vertex 73.23514851485149 40.1 0
      vertex 73.21742603278796 39.76183489729994 0
    endloop
  endfacet
  facet normal 0 0 -1
    outer loop
      vertex 85 0 -3
      vertex 71.66434890351651 39.55922025984384 -3
      vertex 85 80.2 -3
    endloop
  endfacet
  facet normal 0 0 1
    outer loop
      vertex 85 3.5 0
      vertex 85 76.70000000298023 0
      vertex 73.23514851485149 40.1 0
    endloop
  endfacet
  facet normal 0 0 -1
    outer loop
      vertex 0 0 -3
      vertex 43.670978561128 63.899496555414565 -3
      vertex 85 80.2 -3
    endloop
  endfacet
  facet normal 0 0 -1
    outer loop
      vertex 0 0 -3
      vertex 85 80.2 -3
      vertex 69.125 41.61554445662277 -3
    endloop
  endfacet
  facet normal 0 0 1
    outer loop
      vertex 42.5 57.2 0
      vertex 44.28743672187687 57.10632441079748 0
      vertex 42.5 61.964851485148515 0
    endloop
  endfacet
  facet normal 0 0 1
    outer loop
      vertex 44.28743672187687 57.10632441079748 0
      vertex 46.05528991298368 56.82632397254808 0
      vertex 43.172625197769335 62.03554724218049 0
    endloop
  endfacet
  facet normal 0 0 1
    outer loop
      vertex 46.05528991298368 56.82632397254808 0
      vertex 47.7841906038116 56.36306642864713 0
      vertex 44.664736887403535 62.79581612153724 0
    endloop
  endfacet
  facet normal 0 0 1
    outer loop
      vertex 47.7841906038116 56.36306642864713 0
      vertex 49.45519659659618 55.72162732568847 0
      vertex 45.301720798876886 63.58242574257426 0
    endloop
  endfacet
  facet normal 0 0 1
    outer loop
      vertex 49.45519659659618 55.72162732568847 0
      vertex 51.05 54.90903440471391 0
      vertex 45.301720798876886 63.58242574257426 0
    endloop
  endfacet
  facet normal 0 0 1
    outer loop
      vertex 59.6 40.1 0
      vertex 66.78257396721204 40.43816510270006 0
      vertex 59.506324410797475 41.887436721876874 0
    endloop
  endfacet
  facet normal 0 0 1
    outer loop
      vertex 59.506324410797475 41.887436721876874 0
      vertex 67.04454476945823 41.41585344678235 0
      vertex 59.22632397254808 43.65528991298369 0
    endloop
  endfacet
  facet normal 0 0 1
    outer loop
      vertex 59.22632397254808 43.65528991298369 0
      vertex 67.38270987215829 42.0015725860056 0
      vertex 58.76306642864712 45.384190603811604 0
    endloop
  endfacet
  facet normal 0 0 1
    outer loop
      vertex 58.76306642864712 45.384190603811604 0
      vertex 68.0984274139944 42.71729012784173 0
      vertex 58.12162732568848 47.05519659659618 0
    endloop
  endfacet
  facet normal 0 0 1
    outer loop
      vertex 44.28743672187687 57.10632441079748 0
      vertex 42.83816510270006 61.98257396721205 0
      vertex 42.5 61.964851485148515 0
    endloop
  endfacet
  facet normal 0 0 1
    outer loop
      vertex 44.28743672187687 57.10632441079748 0
      vertex 43.172625197769335 62.03554724218049 0
      vertex 42.83816510270006 61.98257396721205 0
    endloop
  endfacet
  facet normal 0 0 1
    outer loop
      vertex 46.05528991298368 56.82632397254808 0
      vertex 43.499715870415976 62.12319092376791 0
      vertex 43.172625197769335 62.03554724218049 0
    endloop
  endfacet
  facet normal 0 0 1
    outer loop
      vertex 46.05528991298368 56.82632397254808 0
      vertex 43.81585344678235 62.24454476945822 0
      vertex 43.499715870415976 62.12319092376791 0
    endloop
  endfacet
  facet normal 0 0 1
    outer loop
      vertex 46.05528991298368 56.82632397254808 0
      vertex 44.117574257425744 62.39827920112312 0
      vertex 43.81585344678235 62.24454476945822 0
    endloop
  endfacet
  facet normal 0 0 1
    outer loop
      vertex 46.05528991298368 56.82632397254808 0
      vertex 44.4015725860056 62.58270987215828 0
      vertex 44.117574257425744 62.39827920112312 0
    endloop
  endfacet
  facet normal 0 0 1
    outer loop
      vertex 46.05528991298368 56.82632397254808 0
      vertex 44.664736887403535 62.79581612153724 0
      vertex 44.4015725860056 62.58270987215828 0
    endloop
  endfacet
  facet normal 0 0 1
    outer loop
      vertex 47.7841906038116 56.36306642864713 0
      vertex 44.90418387846276 63.03526311259647 0
      vertex 44.664736887403535 62.79581612153724 0
    endloop
  endfacet
  facet normal 0 0 1
    outer loop
      vertex 47.7841906038116 56.36306642864713 0
      vertex 45.11729012784172 63.2984274139944 0
      vertex 44.90418387846276 63.03526311259647 0
    endloop
  endfacet
  facet normal 0 0 1
    outer loop
      vertex 47.7841906038116 56.36306642864713 0
      vertex 45.301720798876886 63.58242574257426 0
      vertex 45.11729012784172 63.2984274139944 0
    endloop
  endfacet
  facet normal 0 0 1
    outer loop
      vertex 0 76.70000000298023 0
      vertex 43.172625197769335 68.36445275781952 0
      vertex 85 76.70000000298023 0
    endloop
  endfacet
  facet normal 0 0 -1
    outer loop
      vertex 85 80.2 -3
      vertex 43.670978561128 63.899496555414565 -3
      vertex 43.80050344458544 64.02902143887201 -3
    endloop
  endfacet
  facet normal 0 0 -1
    outer loop
      vertex 85 80.2 -3
      vertex 43.80050344458544 64.02902143887201 -3
      vertex 43.91577974015616 64.17137580848818 -3
    endloop
  endfacet
  facet normal 0 0 -1
    outer loop
      vertex 85 80.2 -3
      vertex 43.91577974015616 64.17137580848818 -3
      vertex 44.01554445662277 64.325 -3
    endloop
  endfacet
  facet normal 0 0 -1
    outer loop
      vertex 85 80.2 -3
      vertex 44.01554445662277 64.325 -3
      vertex 44.09870455087455 64.48821087461735 -3
    endloop
  endfacet
  facet normal 0 0 -1
    outer loop
      vertex 85 80.2 -3
      vertex 44.09870455087455 64.48821087461735 -3
      vertex 44.16434890351652 64.65922025984385 -3
    endloop
  endfacet
  facet normal 0 0 -1
    outer loop
      vertex 85 80.2 -3
      vertex 44.16434890351652 64.65922025984385 -3
      vertex 44.21175830128416 64.83615454106892 -3
    endloop
  endfacet
  facet normal 0 0 -1
    outer loop
      vertex 85 80.2 -3
      vertex 44.21175830128416 64.83615454106892 -3
      vertex 44.240413316894475 65.01707518928161 -3
    endloop
  endfacet
  facet normal 0 0 -1
    outer loop
      vertex 85 80.2 -3
      vertex 44.240413316894475 65.01707518928161 -3
      vertex 44.25 65.2 -3
    endloop
  endfacet
  facet normal 0 0 1
    outer loop
      vertex 85 76.70000000298023 0
      vertex 45.301720798876886 63.58242574257426 0
      vertex 51.05 54.90903440471391 0
    endloop
  endfacet
  facet normal 0 0 1
    outer loop
      vertex 85 76.70000000298023 0
      vertex 51.05 54.90903440471391 0
      vertex 52.551127814201294 53.9341906038116 0
    endloop
  endfacet
  facet normal 0 0 1
    outer loop
      vertex 85 76.70000000298023 0
      vertex 45.45545523054178 63.884146553217654 0
      vertex 45.301720798876886 63.58242574257426 0
    endloop
  endfacet
  facet normal 0 0 1
    outer loop
      vertex 85 76.70000000298023 0
      vertex 45.576809076232095 64.20028412958402 0
      vertex 45.45545523054178 63.884146553217654 0
    endloop
  endfacet
  facet normal 0 0 1
    outer loop
      vertex 85 76.70000000298023 0
      vertex 45.66445275781951 64.52737480223067 0
      vertex 45.576809076232095 64.20028412958402 0
    endloop
  endfacet
  facet normal 0 0 1
    outer loop
      vertex 85 76.70000000298023 0
      vertex 45.717426032787955 64.86183489729994 0
      vertex 45.66445275781951 64.52737480223067 0
    endloop
  endfacet
  facet normal 0 0 1
    outer loop
      vertex 85 76.70000000298023 0
      vertex 45.73514851485149 65.2 0
      vertex 45.717426032787955 64.86183489729994 0
    endloop
  endfacet
  facet normal 0 0 1
    outer loop
      vertex 85 76.70000000298023 0
      vertex 45.717426032787955 65.53816510270006 0
      vertex 45.73514851485149 65.2 0
    endloop
  endfacet
  facet normal 0 0 1
    outer loop
      vertex 85 76.70000000298023 0
      vertex 45.66445275781951 65.87262519776934 0
      vertex 45.717426032787955 65.53816510270006 0
    endloop
  endfacet
  facet normal 0 0 1
    outer loop
      vertex 85 76.70000000298023 0
      vertex 45.576809076232095 66.19971587041599 0
      vertex 45.66445275781951 65.87262519776934 0
    endloop
  endfacet
  facet normal 0 0 1
    outer loop
      vertex 85 76.70000000298023 0
      vertex 45.45545523054178 66.51585344678236 0
      vertex 45.576809076232095 66.19971587041599 0
    endloop
  endfacet
  facet normal 0 0 1
    outer loop
      vertex 85 76.70000000298023 0
      vertex 45.301720798876886 66.81757425742575 0
      vertex 45.45545523054178 66.51585344678236 0
    endloop
  endfacet
  facet normal 0 0 -1
    outer loop
      vertex 85 80.2 -3
      vertex 42.13615454106892 66.91175830128417 -3
      vertex 41.95922025984384 66.86434890351651 -3
    endloop
  endfacet
  facet normal 0 0 -1
    outer loop
      vertex 85 80.2 -3
      vertex 42.31707518928161 66.94041331689448 -3
      vertex 42.13615454106892 66.91175830128417 -3
    endloop
  endfacet
  facet normal 0 0 -1
    outer loop
      vertex 85 80.2 -3
      vertex 42.5 66.95 -3
      vertex 42.31707518928161 66.94041331689448 -3
    endloop
  endfacet
  facet normal 0 0 -1
    outer loop
      vertex 85 80.2 -3
      vertex 42.68292481071839 66.94041331689448 -3
      vertex 42.5 66.95 -3
    endloop
  endfacet
  facet normal 0 0 -1
    outer loop
      vertex 85 80.2 -3
      vertex 42.86384545893108 66.91175830128417 -3
      vertex 42.68292481071839 66.94041331689448 -3
    endloop
  endfacet
  facet normal 0 0 -1
    outer loop
      vertex 85 80.2 -3
      vertex 43.04077974015616 66.86434890351651 -3
      vertex 42.86384545893108 66.91175830128417 -3
    endloop
  endfacet
  facet normal 0 0 -1
    outer loop
      vertex 85 80.2 -3
      vertex 43.21178912538265 66.79870455087456 -3
      vertex 43.04077974015616 66.86434890351651 -3
    endloop
  endfacet
  facet normal 0 0 -1
    outer loop
      vertex 85 80.2 -3
      vertex 44.16434890351652 65.74077974015616 -3
      vertex 44.09870455087455 65.91178912538265 -3
    endloop
  endfacet
  facet normal 0 0 -1
    outer loop
      vertex 85 80.2 -3
      vertex 44.09870455087455 65.91178912538265 -3
      vertex 44.01554445662277 66.075 -3
    endloop
  endfacet
  facet normal 0 0 -1
    outer loop
      vertex 85 80.2 -3
      vertex 43.670978561128 66.50050344458545 -3
      vertex 43.52862419151183 66.61577974015616 -3
    endloop
  endfacet
  facet normal 0 0 -1
    outer loop
      vertex 85 80.2 -3
      vertex 43.375 66.71554445662277 -3
      vertex 43.21178912538265 66.79870455087456 -3
    endloop
  endfacet
  facet normal 0 0 -1
    outer loop
      vertex 85 80.2 -3
      vertex 43.52862419151183 66.61577974015616 -3
      vertex 43.375 66.71554445662277 -3
    endloop
  endfacet
  facet normal 0 0 -1
    outer loop
      vertex 85 80.2 -3
      vertex 43.91577974015616 66.22862419151183 -3
      vertex 43.80050344458544 66.370978561128 -3
    endloop
  endfacet
  facet normal 0 0 -1
    outer loop
      vertex 85 80.2 -3
      vertex 43.80050344458544 66.370978561128 -3
      vertex 43.670978561128 66.50050344458545 -3
    endloop
  endfacet
  facet normal 0 0 -1
    outer loop
      vertex 85 80.2 -3
      vertex 44.01554445662277 66.075 -3
      vertex 43.91577974015616 66.22862419151183 -3
    endloop
  endfacet
  facet normal 0 0 -1
    outer loop
      vertex 85 80.2 -3
      vertex 44.25 65.2 -3
      vertex 44.240413316894475 65.3829248107184 -3
    endloop
  endfacet
  facet normal 0 0 -1
    outer loop
      vertex 85 80.2 -3
      vertex 44.240413316894475 65.3829248107184 -3
      vertex 44.21175830128416 65.56384545893108 -3
    endloop
  endfacet
  facet normal 0 0 -1
    outer loop
      vertex 85 80.2 -3
      vertex 44.21175830128416 65.56384545893108 -3
      vertex 44.16434890351652 65.74077974015616 -3
    endloop
  endfacet
  facet normal 0 1 0
    outer loop
      vertex 0 80.2 0
      vertex 85 80.2 0
      vertex 85 80.2 -3
    endloop
  endfacet
  facet normal 0 0 1
    outer loop
      vertex 85 76.70000000298023 0
      vertex 43.172625197769335 68.36445275781952 0
      vertex 43.499715870415976 68.27680907623208 0
    endloop
  endfacet
  facet normal 0 0 1
    outer loop
      vertex 85 76.70000000298023 0
      vertex 43.499715870415976 68.27680907623208 0
      vertex 43.81585344678235 68.15545523054178 0
    endloop
  endfacet
  facet normal 0 0 1
    outer loop
      vertex 85 76.70000000298023 0
      vertex 43.81585344678235 68.15545523054178 0
      vertex 44.117574257425744 68.00172079887689 0
    endloop
  endfacet
  facet normal 0 0 1
    outer loop
      vertex 85 76.70000000298023 0
      vertex 44.4015725860056 67.81729012784172 0
      vertex 44.664736887403535 67.60418387846276 0
    endloop
  endfacet
  facet normal 0 0 1
    outer loop
      vertex 85 76.70000000298023 0
      vertex 44.90418387846276 67.36473688740354 0
      vertex 45.11729012784172 67.1015725860056 0
    endloop
  endfacet
  facet normal 0 0 1
    outer loop
      vertex 85 76.70000000298023 0
      vertex 44.664736887403535 67.60418387846276 0
      vertex 44.90418387846276 67.36473688740354 0
    endloop
  endfacet
  facet normal 0 0 1
    outer loop
      vertex 85 76.70000000298023 0
      vertex 44.117574257425744 68.00172079887689 0
      vertex 44.4015725860056 67.81729012784172 0
    endloop
  endfacet
  facet normal 0 0 1
    outer loop
      vertex 85 76.70000000298023 0
      vertex 45.11729012784172 67.1015725860056 0
      vertex 45.301720798876886 66.81757425742575 0
    endloop
  endfacet
  facet normal 0 0 1
    outer loop
      vertex 59.6 40.1 0
      vertex 66.76485148514851 40.1 0
      vertex 66.78257396721204 40.43816510270006 0
    endloop
  endfacet
  facet normal 0 0 1
    outer loop
      vertex 59.506324410797475 41.887436721876874 0
      vertex 66.78257396721204 40.43816510270006 0
      vertex 66.83554724218048 40.77262519776934 0
    endloop
  endfacet
  facet normal 0 0 1
    outer loop
      vertex 59.506324410797475 41.887436721876874 0
      vertex 66.83554724218048 40.77262519776934 0
      vertex 66.92319092376792 41.099715870415984 0
    endloop
  endfacet
  facet normal 0 0 1
    outer loop
      vertex 59.506324410797475 41.887436721876874 0
      vertex 66.92319092376792 41.099715870415984 0
      vertex 67.04454476945823 41.41585344678235 0
    endloop
  endfacet
  facet normal 0 0 1
    outer loop
      vertex 59.22632397254808 43.65528991298369 0
      vertex 67.04454476945823 41.41585344678235 0
      vertex 67.19827920112311 41.717574257425746 0
    endloop
  endfacet
  facet normal 0 0 1
    outer loop
      vertex 59.22632397254808 43.65528991298369 0
      vertex 67.19827920112311 41.717574257425746 0
      vertex 67.38270987215829 42.0015725860056 0
    endloop
  endfacet
  facet normal 0 0 1
    outer loop
      vertex 58.76306642864712 45.384190603811604 0
      vertex 67.38270987215829 42.0015725860056 0
      vertex 67.59581612153724 42.26473688740354 0
    endloop
  endfacet
  facet normal 0 0 1
    outer loop
      vertex 58.76306642864712 45.384190603811604 0
      vertex 67.59581612153724 42.26473688740354 0
      vertex 67.83526311259646 42.50418387846276 0
    endloop
  endfacet
  facet normal 0 0 1
    outer loop
      vertex 58.76306642864712 45.384190603811604 0
      vertex 67.83526311259646 42.50418387846276 0
      vertex 68.0984274139944 42.71729012784173 0
    endloop
  endfacet
  facet normal 0 0 1
    outer loop
      vertex 58.12162732568848 47.05519659659618 0
      vertex 68.0984274139944 42.71729012784173 0
      vertex 68.38242574257426 42.90172079887689 0
    endloop
  endfacet
  facet normal 0 0 1
    outer loop
      vertex 58.12162732568848 47.05519659659618 0
      vertex 68.38242574257426 42.90172079887689 0
      vertex 68.68414655321764 43.05545523054178 0
    endloop
  endfacet
  facet normal 0 0 1
    outer loop
      vertex 85 76.70000000298023 0
      vertex 56.33419060381161 50.151127814201296 0
      vertex 57.3090344047139 48.650000000000006 0
    endloop
  endfacet
  facet normal 0 0 1
    outer loop
      vertex 85 76.70000000298023 0
      vertex 55.20777651566344 51.54213336873648 0
      vertex 56.33419060381161 50.151127814201296 0
    endloop
  endfacet
  facet normal 0 0 1
    outer loop
      vertex 85 76.70000000298023 0
      vertex 57.3090344047139 48.650000000000006 0
      vertex 58.12162732568848 47.05519659659618 0
    endloop
  endfacet
  facet normal 0 0 1
    outer loop
      vertex 85 76.70000000298023 0
      vertex 68.68414655321764 43.05545523054178 0
      vertex 69.00028412958402 43.1768090762321 0
    endloop
  endfacet
  facet normal 0 0 1
    outer loop
      vertex 85 76.70000000298023 0
      vertex 58.12162732568848 47.05519659659618 0
      vertex 68.68414655321764 43.05545523054178 0
    endloop
  endfacet
  facet normal 0 0 -1
    outer loop
      vertex 85 80.2 -3
      vertex 69.28821087461735 41.69870455087455 -3
      vertex 69.125 41.61554445662277 -3
    endloop
  endfacet
  facet normal 0 0 -1
    outer loop
      vertex 85 80.2 -3
      vertex 69.45922025984385 41.76434890351652 -3
      vertex 69.28821087461735 41.69870455087455 -3
    endloop
  endfacet
  facet normal 0 0 -1
    outer loop
      vertex 85 80.2 -3
      vertex 69.63615454106892 41.81175830128416 -3
      vertex 69.45922025984385 41.76434890351652 -3
    endloop
  endfacet
  facet normal 0 0 -1
    outer loop
      vertex 85 80.2 -3
      vertex 69.81707518928161 41.84041331689448 -3
      vertex 69.63615454106892 41.81175830128416 -3
    endloop
  endfacet
  facet normal 0 0 -1
    outer loop
      vertex 85 80.2 -3
      vertex 70 41.85 -3
      vertex 69.81707518928161 41.84041331689448 -3
    endloop
  endfacet
  facet normal 0 0 -1
    outer loop
      vertex 85 80.2 -3
      vertex 70.875 41.61554445662277 -3
      vertex 70.71178912538265 41.69870455087455 -3
    endloop
  endfacet
  facet normal 0 0 -1
    outer loop
      vertex 85 80.2 -3
      vertex 71.02862419151182 41.51577974015616 -3
      vertex 70.875 41.61554445662277 -3
    endloop
  endfacet
  facet normal 0 0 -1
    outer loop
      vertex 85 80.2 -3
      vertex 70.18292481071839 41.84041331689448 -3
      vertex 70 41.85 -3
    endloop
  endfacet
  facet normal 0 0 -1
    outer loop
      vertex 85 80.2 -3
      vertex 70.36384545893108 41.81175830128416 -3
      vertex 70.18292481071839 41.84041331689448 -3
    endloop
  endfacet
  facet normal 0 0 -1
    outer loop
      vertex 85 80.2 -3
      vertex 70.54077974015615 41.76434890351652 -3
      vertex 70.36384545893108 41.81175830128416 -3
    endloop
  endfacet
  facet normal 0 0 -1
    outer loop
      vertex 85 80.2 -3
      vertex 70.71178912538265 41.69870455087455 -3
      vertex 70.54077974015615 41.76434890351652 -3
    endloop
  endfacet
  facet normal 0 0 -1
    outer loop
      vertex 85 80.2 -3
      vertex 71.66434890351651 39.55922025984384 -3
      vertex 71.71175830128416 39.73615454106892 -3
    endloop
  endfacet
  facet normal 0 0 -1
    outer loop
      vertex 85 80.2 -3
      vertex 71.71175830128416 39.73615454106892 -3
      vertex 71.74041331689448 39.91707518928161 -3
    endloop
  endfacet
  facet normal 0 0 -1
    outer loop
      vertex 85 80.2 -3
      vertex 71.74041331689448 39.91707518928161 -3
      vertex 71.75 40.1 -3
    endloop
  endfacet
  facet normal 0 0 -1
    outer loop
      vertex 85 80.2 -3
      vertex 71.75 40.1 -3
      vertex 71.74041331689448 40.28292481071839 -3
    endloop
  endfacet
  facet normal 0 0 -1
    outer loop
      vertex 85 80.2 -3
      vertex 71.74041331689448 40.28292481071839 -3
      vertex 71.71175830128416 40.46384545893108 -3
    endloop
  endfacet
  facet normal 0 0 -1
    outer loop
      vertex 85 80.2 -3
      vertex 71.66434890351651 40.64077974015616 -3
      vertex 71.59870455087456 40.81178912538265 -3
    endloop
  endfacet
  facet normal 0 0 -1
    outer loop
      vertex 85 80.2 -3
      vertex 71.71175830128416 40.46384545893108 -3
      vertex 71.66434890351651 40.64077974015616 -3
    endloop
  endfacet
  facet normal 0 0 -1
    outer loop
      vertex 85 80.2 -3
      vertex 71.51554445662276 40.975 -3
      vertex 71.41577974015615 41.12862419151183 -3
    endloop
  endfacet
  facet normal 0 0 -1
    outer loop
      vertex 85 80.2 -3
      vertex 71.30050344458544 41.270978561128004 -3
      vertex 71.170978561128 41.40050344458544 -3
    endloop
  endfacet
  facet normal 0 0 -1
    outer loop
      vertex 85 80.2 -3
      vertex 71.170978561128 41.40050344458544 -3
      vertex 71.02862419151182 41.51577974015616 -3
    endloop
  endfacet
  facet normal 0 0 -1
    outer loop
      vertex 85 80.2 -3
      vertex 71.41577974015615 41.12862419151183 -3
      vertex 71.30050344458544 41.270978561128004 -3
    endloop
  endfacet
  facet normal 0 0 -1
    outer loop
      vertex 85 80.2 -3
      vertex 71.59870455087456 40.81178912538265 -3
      vertex 71.51554445662276 40.975 -3
    endloop
  endfacet
  facet normal 1 0 0
    outer loop
      vertex 85 3.5 0
      vertex 85 80.2 -3
      vertex 85 76.70000000298023 0
    endloop
  endfacet
  facet normal 0 0 1
    outer loop
      vertex 85 76.70000000298023 0
      vertex 69.00028412958402 43.1768090762321 0
      vertex 69.32737480223066 43.26445275781952 0
    endloop
  endfacet
  facet normal 0 0 1
    outer loop
      vertex 85 76.70000000298023 0
      vertex 69.32737480223066 43.26445275781952 0
      vertex 69.66183489729994 43.31742603278796 0
    endloop
  endfacet
  facet normal 0 0 1
    outer loop
      vertex 85 76.70000000298023 0
      vertex 69.66183489729994 43.31742603278796 0
      vertex 70 43.33514851485149 0
    endloop
  endfacet
  facet normal 0 0 1
    outer loop
      vertex 85 76.70000000298023 0
      vertex 70 43.33514851485149 0
      vertex 70.33816510270006 43.31742603278796 0
    endloop
  endfacet
  facet normal 0 0 1
    outer loop
      vertex 85 76.70000000298023 0
      vertex 70.33816510270006 43.31742603278796 0
      vertex 70.67262519776934 43.26445275781952 0
    endloop
  endfacet
  facet normal 0 0 1
    outer loop
      vertex 85 76.70000000298023 0
      vertex 70.67262519776934 43.26445275781952 0
      vertex 70.99971587041598 43.1768090762321 0
    endloop
  endfacet
  facet normal 0 0 1
    outer loop
      vertex 85 76.70000000298023 0
      vertex 72.95545523054177 41.41585344678235 0
      vertex 73.07680907623208 41.099715870415984 0
    endloop
  endfacet
  facet normal 0 0 1
    outer loop
      vertex 85 76.70000000298023 0
      vertex 72.16473688740354 42.50418387846276 0
      vertex 72.40418387846276 42.26473688740354 0
    endloop
  endfacet
  facet normal 0 0 1
    outer loop
      vertex 85 76.70000000298023 0
      vertex 72.40418387846276 42.26473688740354 0
      vertex 72.61729012784171 42.0015725860056 0
    endloop
  endfacet
  facet normal 0 0 1
    outer loop
      vertex 85 76.70000000298023 0
      vertex 72.61729012784171 42.0015725860056 0
      vertex 72.80172079887689 41.717574257425746 0
    endloop
  endfacet
  facet normal 0 0 1
    outer loop
      vertex 85 76.70000000298023 0
      vertex 72.80172079887689 41.717574257425746 0
      vertex 72.95545523054177 41.41585344678235 0
    endloop
  endfacet
  facet normal 0 0 1
    outer loop
      vertex 85 76.70000000298023 0
      vertex 70.99971587041598 43.1768090762321 0
      vertex 71.31585344678236 43.05545523054178 0
    endloop
  endfacet
  facet normal 0 0 1
    outer loop
      vertex 85 76.70000000298023 0
      vertex 71.31585344678236 43.05545523054178 0
      vertex 71.61757425742574 42.90172079887689 0
    endloop
  endfacet
  facet normal 0 0 1
    outer loop
      vertex 85 76.70000000298023 0
      vertex 71.61757425742574 42.90172079887689 0
      vertex 71.9015725860056 42.71729012784173 0
    endloop
  endfacet
  facet normal 0 0 1
    outer loop
      vertex 85 76.70000000298023 0
      vertex 71.9015725860056 42.71729012784173 0
      vertex 72.16473688740354 42.50418387846276 0
    endloop
  endfacet
  facet normal 0 0 1
    outer loop
      vertex 85 76.70000000298023 0
      vertex 73.21742603278796 40.43816510270006 0
      vertex 73.23514851485149 40.1 0
    endloop
  endfacet
  facet normal 0 0 1
    outer loop
      vertex 85 76.70000000298023 0
      vertex 73.16445275781952 40.77262519776934 0
      vertex 73.21742603278796 40.43816510270006 0
    endloop
  endfacet
  facet normal 0 0 1
    outer loop
      vertex 85 76.70000000298023 0
      vertex 73.07680907623208 41.099715870415984 0
      vertex 73.16445275781952 40.77262519776934 0
    endloop
  endfacet
  facet normal 0 0 1
    outer loop
      vertex 85 76.70000000298023 0
      vertex 52.551127814201294 53.9341906038116 0
      vertex 53.94213336873648 52.80777651566345 0
    endloop
  endfacet
  facet normal 0 0 1
    outer loop
      vertex 85 76.70000000298023 0
      vertex 53.94213336873648 52.80777651566345 0
      vertex 55.20777651566344 51.54213336873648 0
    endloop
  endfacet
  facet normal 1 0 0
    outer loop
      vertex 85 80.2 -3
      vertex 85 80.2 0
      vertex 85 76.70000000298023 0
    endloop
  endfacet
  facet normal -1 0 0
    outer loop
      vertex 0 0 0
      vertex 0 3.5 12.899999998509884
      vertex 0 3.5 0
    endloop
  endfacet
  facet normal 0 1 0
    outer loop
      vertex 0 3.5 0
      vertex 0 3.5 12.899999998509884
      vertex 85 3.5 0
    endloop
  endfacet
  facet normal -1 0 0
    outer loop
      vertex 0 0 0
      vertex 0 0 12.899999998509884
      vertex 0 3.5 12.899999998509884
    endloop
  endfacet
  facet normal -1 0 0
    outer loop
      vertex 0 0 12.899999998509884
      vertex 0 2 16.399999998509884
      vertex 0 3.5 12.899999998509884
    endloop
  endfacet
  facet normal -1 0 0
    outer loop
      vertex 0 3.5 12.899999998509884
      vertex 0 5.5 16.399999998509884
      vertex 0 5.5 12.899999998509884
    endloop
  endfacet
  facet normal -1 0 0
    outer loop
      vertex 0 3.5 12.899999998509884
      vertex 0 2 16.399999998509884
      vertex 0 5.5 16.399999998509884
    endloop
  endfacet
  facet normal 0 -1 0
    outer loop
      vertex 0 0 0
      vertex 85 0 12.899999998509884
      vertex 0 0 12.899999998509884
    endloop
  endfacet
  facet normal 0 0 -1
    outer loop
      vertex 0 3.5 12.899999998509884
      vertex 0 5.5 12.899999998509884
      vertex 85 3.5 12.899999998509884
    endloop
  endfacet
  facet normal 0 -0.8682431421244592 0.4961389383568338
    outer loop
      vertex 0 0 12.899999998509884
      vertex 85 2 16.399999998509884
      vertex 0 2 16.399999998509884
    endloop
  endfacet
  facet normal 0 0 1
    outer loop
      vertex 0 2 16.399999998509884
      vertex 85 5.5 16.399999998509884
      vertex 0 5.5 16.399999998509884
    endloop
  endfacet
  facet normal 0 1 0
    outer loop
      vertex 0 5.5 12.899999998509884
      vertex 0 5.5 16.399999998509884
      vertex 85 5.5 12.899999998509884
    endloop
  endfacet
  facet normal -1 0 0
    outer loop
      vertex 0 76.70000000298023 0
      vertex 0 76.70000000298023 12.899999998509884
      vertex 0 80.2 0
    endloop
  endfacet
  facet normal -1 0 0
    outer loop
      vertex 0 80.20000000298023 0
      vertex 0 80.2 0
      vertex 0 76.70000000298023 12.899999998509884
    endloop
  endfacet
  facet normal 0 0 -1
    outer loop
      vertex 0 80.20000000298023 0
      vertex 85 80.2 0
      vertex 0 80.2 0
    endloop
  endfacet
  facet normal 0 1 0
    outer loop
      vertex 0 80.20000000298023 0
      vertex 0 80.20000000298023 12.899999998509884
      vertex 85 80.20000000298023 0
    endloop
  endfacet
  facet normal -1 0 0
    outer loop
      vertex 0 80.20000000298023 0
      vertex 0 76.70000000298023 12.899999998509884
      vertex 0 80.20000000298023 12.899999998509884
    endloop
  endfacet
  facet normal -1 0 0
    outer loop
      vertex 0 74.70000000298023 12.899999998509884
      vertex 0 74.70000000298023 16.399999998509884
      vertex 0 76.70000000298023 12.899999998509884
    endloop
  endfacet
  facet normal -1 0 0
    outer loop
      vertex 0 76.70000000298023 12.899999998509884
      vertex 0 78.20000000298023 16.399999998509884
      vertex 0 80.20000000298023 12.899999998509884
    endloop
  endfacet
  facet normal -1 0 0
    outer loop
      vertex 0 76.70000000298023 12.899999998509884
      vertex 0 74.70000000298023 16.399999998509884
      vertex 0 78.20000000298023 16.399999998509884
    endloop
  endfacet
  facet normal 0 -1 0
    outer loop
      vertex 0 76.70000000298023 0
      vertex 85 76.70000000298023 12.899999998509884
      vertex 0 76.70000000298023 12.899999998509884
    endloop
  endfacet
  facet normal 0 0 -1
    outer loop
      vertex 0 74.70000000298023 12.899999998509884
      vertex 0 76.70000000298023 12.899999998509884
      vertex 85 74.70000000298023 12.899999998509884
    endloop
  endfacet
  facet normal 0 -1 0
    outer loop
      vertex 0 74.70000000298023 12.899999998509884
      vertex 85 74.70000000298023 16.399999998509884
      vertex 0 74.70000000298023 16.399999998509884
    endloop
  endfacet
  facet normal 0 0.8682431421244592 0.4961389383568338
    outer loop
      vertex 0 80.20000000298023 12.899999998509884
      vertex 0 78.20000000298023 16.399999998509884
      vertex 85 80.20000000298023 12.899999998509884
    endloop
  endfacet
  facet normal 0 0 1
    outer loop
      vertex 0 74.70000000298023 16.399999998509884
      vertex 85 78.20000000298023 16.399999998509884
      vertex 0 78.20000000298023 16.399999998509884
    endloop
  endfacet
  facet normal 0 -1 0
    outer loop
      vertex 0 0 0
      vertex 85 0 0
      vertex 85 0 12.899999998509884
    endloop
  endfacet
  facet normal 1 0 0
    outer loop
      vertex 85 0 0
      vertex 85 3.5 0
      vertex 85 3.5 12.899999998509884
    endloop
  endfacet
  facet normal 0 1 0
    outer loop
      vertex 0 3.5 12.899999998509884
      vertex 85 3.5 12.899999998509884
      vertex 85 3.5 0
    endloop
  endfacet
  facet normal 0 0 -1
    outer loop
      vertex 0 5.5 12.899999998509884
      vertex 85 5.5 12.899999998509884
      vertex 85 3.5 12.899999998509884
    endloop
  endfacet
  facet normal 0 -0.8682431421244592 0.4961389383568338
    outer loop
      vertex 0 0 12.899999998509884
      vertex 85 0 12.899999998509884
      vertex 85 2 16.399999998509884
    endloop
  endfacet
  facet normal 0 0 1
    outer loop
      vertex 0 2 16.399999998509884
      vertex 85 2 16.399999998509884
      vertex 85 5.5 16.399999998509884
    endloop
  endfacet
  facet normal 0 1 0
    outer loop
      vertex 0 5.5 16.399999998509884
      vertex 85 5.5 16.399999998509884
      vertex 85 5.5 12.899999998509884
    endloop
  endfacet
  facet normal 1 0 0
    outer loop
      vertex 85 0 0
      vertex 85 3.5 12.899999998509884
      vertex 85 0 12.899999998509884
    endloop
  endfacet
  facet normal 1 0 0
    outer loop
      vertex 85 0 12.899999998509884
      vertex 85 3.5 12.899999998509884
      vertex 85 2 16.399999998509884
    endloop
  endfacet
  facet normal 1 0 0
    outer loop
      vertex 85 3.5 12.899999998509884
      vertex 85 5.5 12.899999998509884
      vertex 85 5.5 16.399999998509884
    endloop
  endfacet
  facet normal 1 0 0
    outer loop
      vertex 85 3.5 12.899999998509884
      vertex 85 5.5 16.399999998509884
      vertex 85 2 16.399999998509884
    endloop
  endfacet
  facet normal 0 0 -1
    outer loop
      vertex 0 80.20000000298023 0
      vertex 85 80.20000000298023 0
      vertex 85 80.2 0
    endloop
  endfacet
  facet normal 0 -1 0
    outer loop
      vertex 0 76.70000000298023 0
      vertex 85 76.70000000298023 0
      vertex 85 76.70000000298023 12.899999998509884
    endloop
  endfacet
  facet normal 1 0 0
    outer loop
      vertex 85 76.70000000298023 0
      vertex 85 80.2 0
      vertex 85 76.70000000298023 12.899999998509884
    endloop
  endfacet
  facet normal 1 0 0
    outer loop
      vertex 85 80.20000000298023 0
      vertex 85 76.70000000298023 12.899999998509884
      vertex 85 80.2 0
    endloop
  endfacet
  facet normal 0 1 0
    outer loop
      vertex 0 80.20000000298023 12.899999998509884
      vertex 85 80.20000000298023 12.899999998509884
      vertex 85 80.20000000298023 0
    endloop
  endfacet
  facet normal 0 0 -1
    outer loop
      vertex 0 76.70000000298023 12.899999998509884
      vertex 85 76.70000000298023 12.899999998509884
      vertex 85 74.70000000298023 12.899999998509884
    endloop
  endfacet
  facet normal 0 -1 0
    outer loop
      vertex 0 74.70000000298023 12.899999998509884
      vertex 85 74.70000000298023 12.899999998509884
      vertex 85 74.70000000298023 16.399999998509884
    endloop
  endfacet
  facet normal 0 0 1
    outer loop
      vertex 0 74.70000000298023 16.399999998509884
      vertex 85 74.70000000298023 16.399999998509884
      vertex 85 78.20000000298023 16.399999998509884
    endloop
  endfacet
  facet normal 0 0.8682431421244592 0.4961389383568338
    outer loop
      vertex 0 78.20000000298023 16.399999998509884
      vertex 85 78.20000000298023 16.399999998509884
      vertex 85 80.20000000298023 12.899999998509884
    endloop
  endfacet
  facet normal 1 0 0
    outer loop
      vertex 85 80.20000000298023 0
      vertex 85 80.20000000298023 12.899999998509884
      vertex 85 76.70000000298023 12.899999998509884
    endloop
  endfacet
  facet normal 1 0 0
    outer loop
      vertex 85 74.70000000298023 12.899999998509884
      vertex 85 76.70000000298023 12.899999998509884
      vertex 85 74.70000000298023 16.399999998509884
    endloop
  endfacet
  facet normal 1 0 0
    outer loop
      vertex 85 76.70000000298023 12.899999998509884
      vertex 85 80.20000000298023 12.899999998509884
      vertex 85 78.20000000298023 16.399999998509884
    endloop
  endfacet
  facet normal 1 0 0
    outer loop
      vertex 85 76.70000000298023 12.899999998509884
      vertex 85 78.20000000298023 16.399999998509884
      vertex 85 74.70000000298023 16.399999998509884
    endloop
  endfacet
  facet normal 0.7771459614569707 0.6293203910498377 0
    outer loop
      vertex 29.792223484336557 28.657866631263524 -1.5
      vertex 28.665809396188397 30.048872185798707 -1.5
      vertex 28.665809396188397 30.048872185798707 0
    endloop
  endfacet
  facet normal 0.6293203910498377 0.7771459614569707 0
    outer loop
      vertex 31.057866631263522 27.392223484336558 -1.5
      vertex 31.057866631263522 27.392223484336558 0
      vertex 32.448872185798706 26.2658093961884 -1.5
    endloop
  endfacet
  facet normal 0.7071067811865476 0.7071067811865476 0
    outer loop
      vertex 29.792223484336557 28.657866631263524 -1.5
      vertex 29.792223484336557 28.657866631263524 0
      vertex 31.057866631263522 27.392223484336558 -1.5
    endloop
  endfacet
  facet normal 0.7771459614569707 0.6293203910498377 0
    outer loop
      vertex 29.792223484336557 28.657866631263524 -1.5
      vertex 28.665809396188397 30.048872185798707 0
      vertex 29.792223484336557 28.657866631263524 0
    endloop
  endfacet
  facet normal 0.7071067811865476 0.7071067811865476 0
    outer loop
      vertex 31.057866631263522 27.392223484336558 -1.5
      vertex 29.792223484336557 28.657866631263524 0
      vertex 31.057866631263522 27.392223484336558 0
    endloop
  endfacet
  facet normal 0.9335804264972016 0.3583679495453004 0
    outer loop
      vertex 26.878372674311525 33.14480340340382 -1.5
      vertex 26.236933571352875 34.8158093961884 -1.5
      vertex 26.236933571352875 34.8158093961884 0
    endloop
  endfacet
  facet normal 0.9659258262890675 0.25881904510252357 0
    outer loop
      vertex 25.77367602745192 36.54471008701631 -1.5
      vertex 25.77367602745192 36.54471008701631 0
      vertex 26.236933571352875 34.8158093961884 -1.5
    endloop
  endfacet
  facet normal 0 0 1
    outer loop
      vertex 25.493675589202525 38.31256327812313 -1.5
      vertex 25.493675589202525 41.887436721876874 -1.5
      vertex 25.4 40.1 -1.5
    endloop
  endfacet
  facet normal 0 0 1
    outer loop
      vertex 25.77367602745192 36.54471008701631 -1.5
      vertex 25.77367602745192 43.65528991298369 -1.5
      vertex 25.493675589202525 38.31256327812313 -1.5
    endloop
  endfacet
  facet normal 0 0 1
    outer loop
      vertex 25.77367602745192 36.54471008701631 -1.5
      vertex 26.236933571352875 34.8158093961884 -1.5
      vertex 26.236933571352875 45.384190603811604 -1.5
    endloop
  endfacet
  facet normal 0.987688340595138 0.15643446504022904 0
    outer loop
      vertex 25.77367602745192 36.54471008701631 -1.5
      vertex 25.493675589202525 38.31256327812313 -1.5
      vertex 25.493675589202525 38.31256327812313 0
    endloop
  endfacet
  facet normal 0.9986295347545738 0.05233595624294395 0
    outer loop
      vertex 25.493675589202525 38.31256327812313 -1.5
      vertex 25.4 40.1 -1.5
      vertex 25.4 40.1 0
    endloop
  endfacet
  facet normal 0.8386705679454246 0.544639035015026 0
    outer loop
      vertex 28.665809396188397 30.048872185798707 -1.5
      vertex 27.690965595286098 31.55 -1.5
      vertex 27.690965595286098 31.55 0
    endloop
  endfacet
  facet normal 0.8910065241883683 0.45399049973954564 0
    outer loop
      vertex 26.878372674311525 33.14480340340382 -1.5
      vertex 26.878372674311525 33.14480340340382 0
      vertex 27.690965595286098 31.55 -1.5
    endloop
  endfacet
  facet normal 0 0 1
    outer loop
      vertex 28.665809396188397 30.048872185798707 -1.5
      vertex 28.665809396188397 50.151127814201296 -1.5
      vertex 27.690965595286098 31.55 -1.5
    endloop
  endfacet
  facet normal 0 0 1
    outer loop
      vertex 26.878372674311525 33.14480340340382 -1.5
      vertex 26.878372674311525 47.05519659659618 -1.5
      vertex 26.236933571352875 34.8158093961884 -1.5
    endloop
  endfacet
  facet normal 0 0 1
    outer loop
      vertex 26.878372674311525 33.14480340340382 -1.5
      vertex 27.690965595286098 31.55 -1.5
      vertex 27.690965595286098 48.650000000000006 -1.5
    endloop
  endfacet
  facet normal 0 0 1
    outer loop
      vertex 29.792223484336557 28.657866631263524 -1.5
      vertex 29.792223484336557 51.54213336873648 -1.5
      vertex 28.665809396188397 30.048872185798707 -1.5
    endloop
  endfacet
  facet normal 0 0 1
    outer loop
      vertex 29.792223484336557 28.657866631263524 -1.5
      vertex 31.057866631263522 27.392223484336558 -1.5
      vertex 31.057866631263522 52.80777651566345 -1.5
    endloop
  endfacet
  facet normal 0.9659258262890675 0.25881904510252357 0
    outer loop
      vertex 26.236933571352875 34.8158093961884 -1.5
      vertex 25.77367602745192 36.54471008701631 0
      vertex 26.236933571352875 34.8158093961884 0
    endloop
  endfacet
  facet normal 0.987688340595138 0.15643446504022904 0
    outer loop
      vertex 25.77367602745192 36.54471008701631 -1.5
      vertex 25.493675589202525 38.31256327812313 0
      vertex 25.77367602745192 36.54471008701631 0
    endloop
  endfacet
  facet normal 0.9986295347545738 0.05233595624294395 0
    outer loop
      vertex 25.493675589202525 38.31256327812313 -1.5
      vertex 25.4 40.1 0
      vertex 25.493675589202525 38.31256327812313 0
    endloop
  endfacet
  facet normal 0.8910065241883683 0.45399049973954564 0
    outer loop
      vertex 27.690965595286098 31.55 -1.5
      vertex 26.878372674311525 33.14480340340382 0
      vertex 27.690965595286098 31.55 0
    endloop
  endfacet
  facet normal 0.8386705679454246 0.544639035015026 0
    outer loop
      vertex 28.665809396188397 30.048872185798707 -1.5
      vertex 27.690965595286098 31.55 0
      vertex 28.665809396188397 30.048872185798707 0
    endloop
  endfacet
  facet normal 0.9335804264972016 0.3583679495453004 0
    outer loop
      vertex 26.878372674311525 33.14480340340382 -1.5
      vertex 26.236933571352875 34.8158093961884 0
      vertex 26.878372674311525 33.14480340340382 0
    endloop
  endfacet
  facet normal 0.45399049973954647 0.891006524188368 0
    outer loop
      vertex 33.95 25.2909655952861 -1.5
      vertex 33.95 25.2909655952861 0
      vertex 35.54480340340382 24.478372674311526 -1.5
    endloop
  endfacet
  facet normal 0.3583679495453004 0.9335804264972016 0
    outer loop
      vertex 35.54480340340382 24.478372674311526 -1.5
      vertex 35.54480340340382 24.478372674311526 0
      vertex 37.2158093961884 23.836933571352876 -1.5
    endloop
  endfacet
  facet normal 0.5446390350150251 0.8386705679454253 0
    outer loop
      vertex 33.95 25.2909655952861 -1.5
      vertex 32.448872185798706 26.2658093961884 -1.5
      vertex 32.448872185798706 26.2658093961884 0
    endloop
  endfacet
  facet normal 0.25881904510252257 0.9659258262890678 0
    outer loop
      vertex 37.2158093961884 23.836933571352876 -1.5
      vertex 37.2158093961884 23.836933571352876 0
      vertex 38.94471008701632 23.37367602745192 -1.5
    endloop
  endfacet
  facet normal 0.15643446504022965 0.9876883405951379 0
    outer loop
      vertex 38.94471008701632 23.37367602745192 -1.5
      vertex 38.94471008701632 23.37367602745192 0
      vertex 40.71256327812313 23.093675589202526 -1.5
    endloop
  endfacet
  facet normal 0.05233595624294395 0.9986295347545738 0
    outer loop
      vertex 40.71256327812313 23.093675589202526 -1.5
      vertex 40.71256327812313 23.093675589202526 0
      vertex 42.5 23 -1.5
    endloop
  endfacet
  facet normal 0.45399049973954647 0.891006524188368 0
    outer loop
      vertex 35.54480340340382 24.478372674311526 -1.5
      vertex 33.95 25.2909655952861 0
      vertex 35.54480340340382 24.478372674311526 0
    endloop
  endfacet
  facet normal 0.3583679495453004 0.9335804264972016 0
    outer loop
      vertex 37.2158093961884 23.836933571352876 -1.5
      vertex 35.54480340340382 24.478372674311526 0
      vertex 37.2158093961884 23.836933571352876 0
    endloop
  endfacet
  facet normal 0.6293203910498377 0.7771459614569707 0
    outer loop
      vertex 32.448872185798706 26.2658093961884 -1.5
      vertex 31.057866631263522 27.392223484336558 0
      vertex 32.448872185798706 26.2658093961884 0
    endloop
  endfacet
  facet normal 0.5446390350150251 0.8386705679454253 0
    outer loop
      vertex 33.95 25.2909655952861 -1.5
      vertex 32.448872185798706 26.2658093961884 0
      vertex 33.95 25.2909655952861 0
    endloop
  endfacet
  facet normal 0.25881904510252257 0.9659258262890678 0
    outer loop
      vertex 38.94471008701632 23.37367602745192 -1.5
      vertex 37.2158093961884 23.836933571352876 0
      vertex 38.94471008701632 23.37367602745192 0
    endloop
  endfacet
  facet normal 0.15643446504022965 0.9876883405951379 0
    outer loop
      vertex 40.71256327812313 23.093675589202526 -1.5
      vertex 38.94471008701632 23.37367602745192 0
      vertex 40.71256327812313 23.093675589202526 0
    endloop
  endfacet
  facet normal 0.05233595624294395 0.9986295347545738 0
    outer loop
      vertex 42.5 23 -1.5
      vertex 40.71256327812313 23.093675589202526 0
      vertex 42.5 23 0
    endloop
  endfacet
  facet normal 0 0 1
    outer loop
      vertex 35.54480340340382 24.478372674311526 -1.5
      vertex 37.2158093961884 23.836933571352876 -1.5
      vertex 37.2158093961884 56.36306642864713 -1.5
    endloop
  endfacet
  facet normal 0 0 1
    outer loop
      vertex 31.057866631263522 27.392223484336558 -1.5
      vertex 32.448872185798706 26.2658093961884 -1.5
      vertex 32.448872185798706 53.9341906038116 -1.5
    endloop
  endfacet
  facet normal 0 0 1
    outer loop
      vertex 33.95 25.2909655952861 -1.5
      vertex 33.95 54.90903440471391 -1.5
      vertex 32.448872185798706 26.2658093961884 -1.5
    endloop
  endfacet
  facet normal 0 0 1
    outer loop
      vertex 33.95 25.2909655952861 -1.5
      vertex 35.54480340340382 24.478372674311526 -1.5
      vertex 35.54480340340382 55.72162732568847 -1.5
    endloop
  endfacet
  facet normal 0 0 1
    outer loop
      vertex 37.2158093961884 23.836933571352876 -1.5
      vertex 38.94471008701632 23.37367602745192 -1.5
      vertex 38.94471008701632 56.82632397254808 -1.5
    endloop
  endfacet
  facet normal 0 0 1
    outer loop
      vertex 38.94471008701632 23.37367602745192 -1.5
      vertex 40.71256327812313 23.093675589202526 -1.5
      vertex 40.71256327812313 57.10632441079748 -1.5
    endloop
  endfacet
  facet normal 0 0 1
    outer loop
      vertex 40.71256327812313 23.093675589202526 -1.5
      vertex 42.5 23 -1.5
      vertex 42.5 57.2 -1.5
    endloop
  endfacet
  facet normal 0 0 1
    outer loop
      vertex 25.493675589202525 38.31256327812313 -1.5
      vertex 25.77367602745192 43.65528991298369 -1.5
      vertex 25.493675589202525 41.887436721876874 -1.5
    endloop
  endfacet
  facet normal 0 0 1
    outer loop
      vertex 25.77367602745192 36.54471008701631 -1.5
      vertex 26.236933571352875 45.384190603811604 -1.5
      vertex 25.77367602745192 43.65528991298369 -1.5
    endloop
  endfacet
  facet normal 0 0 1
    outer loop
      vertex 26.236933571352875 34.8158093961884 -1.5
      vertex 26.878372674311525 47.05519659659618 -1.5
      vertex 26.236933571352875 45.384190603811604 -1.5
    endloop
  endfacet
  facet normal 0.9986295347545738 -0.05233595624294395 0
    outer loop
      vertex 25.4 40.1 -1.5
      vertex 25.493675589202525 41.887436721876874 -1.5
      vertex 25.493675589202525 41.887436721876874 0
    endloop
  endfacet
  facet normal 0.987688340595138 -0.15643446504022904 0
    outer loop
      vertex 25.493675589202525 41.887436721876874 -1.5
      vertex 25.77367602745192 43.65528991298369 -1.5
      vertex 25.77367602745192 43.65528991298369 0
    endloop
  endfacet
  facet normal 0.9659258262890675 -0.25881904510252357 0
    outer loop
      vertex 25.77367602745192 43.65528991298369 -1.5
      vertex 26.236933571352875 45.384190603811604 -1.5
      vertex 26.236933571352875 45.384190603811604 0
    endloop
  endfacet
  facet normal 0 0 1
    outer loop
      vertex 26.878372674311525 33.14480340340382 -1.5
      vertex 27.690965595286098 48.650000000000006 -1.5
      vertex 26.878372674311525 47.05519659659618 -1.5
    endloop
  endfacet
  facet normal 0 0 1
    outer loop
      vertex 27.690965595286098 31.55 -1.5
      vertex 28.665809396188397 50.151127814201296 -1.5
      vertex 27.690965595286098 48.650000000000006 -1.5
    endloop
  endfacet
  facet normal 0 0 1
    outer loop
      vertex 28.665809396188397 30.048872185798707 -1.5
      vertex 29.792223484336557 51.54213336873648 -1.5
      vertex 28.665809396188397 50.151127814201296 -1.5
    endloop
  endfacet
  facet normal 0 0 1
    outer loop
      vertex 29.792223484336557 28.657866631263524 -1.5
      vertex 31.057866631263522 52.80777651566345 -1.5
      vertex 29.792223484336557 51.54213336873648 -1.5
    endloop
  endfacet
  facet normal 0 0 1
    outer loop
      vertex 31.057866631263522 27.392223484336558 -1.5
      vertex 32.448872185798706 53.9341906038116 -1.5
      vertex 31.057866631263522 52.80777651566345 -1.5
    endloop
  endfacet
  facet normal 0.9335804264972016 -0.3583679495453004 0
    outer loop
      vertex 26.236933571352875 45.384190603811604 -1.5
      vertex 26.878372674311525 47.05519659659618 -1.5
      vertex 26.878372674311525 47.05519659659618 0
    endloop
  endfacet
  facet normal 0.8910065241883689 -0.4539904997395449 0
    outer loop
      vertex 26.878372674311525 47.05519659659618 -1.5
      vertex 27.690965595286098 48.650000000000006 -1.5
      vertex 27.690965595286098 48.650000000000006 0
    endloop
  endfacet
  facet normal 0.838670567945424 -0.5446390350150269 0
    outer loop
      vertex 27.690965595286098 48.650000000000006 -1.5
      vertex 28.665809396188397 50.151127814201296 -1.5
      vertex 28.665809396188397 50.151127814201296 0
    endloop
  endfacet
  facet normal 0.9986295347545738 -0.05233595624294395 0
    outer loop
      vertex 25.4 40.1 -1.5
      vertex 25.493675589202525 41.887436721876874 0
      vertex 25.4 40.1 0
    endloop
  endfacet
  facet normal 0.987688340595138 -0.15643446504022904 0
    outer loop
      vertex 25.493675589202525 41.887436721876874 -1.5
      vertex 25.77367602745192 43.65528991298369 0
      vertex 25.493675589202525 41.887436721876874 0
    endloop
  endfacet
  facet normal 0.9659258262890675 -0.25881904510252357 0
    outer loop
      vertex 25.77367602745192 43.65528991298369 -1.5
      vertex 26.236933571352875 45.384190603811604 0
      vertex 25.77367602745192 43.65528991298369 0
    endloop
  endfacet
  facet normal 0.9335804264972016 -0.3583679495453004 0
    outer loop
      vertex 26.236933571352875 45.384190603811604 -1.5
      vertex 26.878372674311525 47.05519659659618 0
      vertex 26.236933571352875 45.384190603811604 0
    endloop
  endfacet
  facet normal 0.8910065241883689 -0.4539904997395449 0
    outer loop
      vertex 26.878372674311525 47.05519659659618 -1.5
      vertex 27.690965595286098 48.650000000000006 0
      vertex 26.878372674311525 47.05519659659618 0
    endloop
  endfacet
  facet normal 0.838670567945424 -0.5446390350150269 0
    outer loop
      vertex 27.690965595286098 48.650000000000006 -1.5
      vertex 28.665809396188397 50.151127814201296 0
      vertex 27.690965595286098 48.650000000000006 0
    endloop
  endfacet
  facet normal 0.7771459614569707 -0.6293203910498377 0
    outer loop
      vertex 28.665809396188397 50.151127814201296 -1.5
      vertex 29.792223484336557 51.54213336873648 -1.5
      vertex 29.792223484336557 51.54213336873648 0
    endloop
  endfacet
  facet normal 0.7071067811865485 -0.7071067811865465 0
    outer loop
      vertex 29.792223484336557 51.54213336873648 -1.5
      vertex 31.057866631263522 52.80777651566345 -1.5
      vertex 31.057866631263522 52.80777651566345 0
    endloop
  endfacet
  facet normal 0.7771459614569707 -0.6293203910498377 0
    outer loop
      vertex 28.665809396188397 50.151127814201296 -1.5
      vertex 29.792223484336557 51.54213336873648 0
      vertex 28.665809396188397 50.151127814201296 0
    endloop
  endfacet
  facet normal 0.7071067811865485 -0.7071067811865465 0
    outer loop
      vertex 29.792223484336557 51.54213336873648 -1.5
      vertex 31.057866631263522 52.80777651566345 0
      vertex 29.792223484336557 51.54213336873648 0
    endloop
  endfacet
  facet normal 0.6293203910498353 -0.7771459614569726 0
    outer loop
      vertex 31.057866631263522 52.80777651566345 -1.5
      vertex 32.448872185798706 53.9341906038116 0
      vertex 31.057866631263522 52.80777651566345 0
    endloop
  endfacet
  facet normal 0 0 1
    outer loop
      vertex 32.448872185798706 26.2658093961884 -1.5
      vertex 33.95 54.90903440471391 -1.5
      vertex 32.448872185798706 53.9341906038116 -1.5
    endloop
  endfacet
  facet normal 0 0 1
    outer loop
      vertex 33.95 25.2909655952861 -1.5
      vertex 35.54480340340382 55.72162732568847 -1.5
      vertex 33.95 54.90903440471391 -1.5
    endloop
  endfacet
  facet normal 0 0 1
    outer loop
      vertex 35.54480340340382 24.478372674311526 -1.5
      vertex 37.2158093961884 56.36306642864713 -1.5
      vertex 35.54480340340382 55.72162732568847 -1.5
    endloop
  endfacet
  facet normal 0 0 1
    outer loop
      vertex 37.2158093961884 23.836933571352876 -1.5
      vertex 38.94471008701632 56.82632397254808 -1.5
      vertex 37.2158093961884 56.36306642864713 -1.5
    endloop
  endfacet
  facet normal 0 0 1
    outer loop
      vertex 38.94471008701632 23.37367602745192 -1.5
      vertex 40.71256327812313 57.10632441079748 -1.5
      vertex 38.94471008701632 56.82632397254808 -1.5
    endloop
  endfacet
  facet normal 0 0 1
    outer loop
      vertex 40.71256327812313 23.093675589202526 -1.5
      vertex 42.5 57.2 -1.5
      vertex 40.71256327812313 57.10632441079748 -1.5
    endloop
  endfacet
  facet normal 0.6293203910498353 -0.7771459614569726 0
    outer loop
      vertex 31.057866631263522 52.80777651566345 -1.5
      vertex 32.448872185798706 53.9341906038116 -1.5
      vertex 32.448872185798706 53.9341906038116 0
    endloop
  endfacet
  facet normal 0.5446390350150279 -0.8386705679454235 0
    outer loop
      vertex 32.448872185798706 53.9341906038116 -1.5
      vertex 33.95 54.90903440471391 -1.5
      vertex 33.95 54.90903440471391 0
    endloop
  endfacet
  facet normal 0.4539904997395433 -0.8910065241883696 0
    outer loop
      vertex 33.95 54.90903440471391 -1.5
      vertex 35.54480340340382 55.72162732568847 -1.5
      vertex 35.54480340340382 55.72162732568847 0
    endloop
  endfacet
  facet normal 0.3583679495453039 -0.9335804264972004 0
    outer loop
      vertex 35.54480340340382 55.72162732568847 -1.5
      vertex 37.2158093961884 56.36306642864713 -1.5
      vertex 37.2158093961884 56.36306642864713 0
    endloop
  endfacet
  facet normal 0.25881904510252074 -0.9659258262890683 0
    outer loop
      vertex 37.2158093961884 56.36306642864713 -1.5
      vertex 38.94471008701632 56.82632397254808 -1.5
      vertex 38.94471008701632 56.82632397254808 0
    endloop
  endfacet
  facet normal 0.15643446504022965 -0.9876883405951379 0
    outer loop
      vertex 38.94471008701632 56.82632397254808 -1.5
      vertex 40.71256327812313 57.10632441079748 -1.5
      vertex 40.71256327812313 57.10632441079748 0
    endloop
  endfacet
  facet normal 0.05233595624294395 -0.9986295347545738 0
    outer loop
      vertex 40.71256327812313 57.10632441079748 -1.5
      vertex 42.5 57.2 -1.5
      vertex 42.5 57.2 0
    endloop
  endfacet
  facet normal 0.5446390350150279 -0.8386705679454235 0
    outer loop
      vertex 32.448872185798706 53.9341906038116 -1.5
      vertex 33.95 54.90903440471391 0
      vertex 32.448872185798706 53.9341906038116 0
    endloop
  endfacet
  facet normal 0.4539904997395433 -0.8910065241883696 0
    outer loop
      vertex 33.95 54.90903440471391 -1.5
      vertex 35.54480340340382 55.72162732568847 0
      vertex 33.95 54.90903440471391 0
    endloop
  endfacet
  facet normal 0.3583679495453039 -0.9335804264972004 0
    outer loop
      vertex 35.54480340340382 55.72162732568847 -1.5
      vertex 37.2158093961884 56.36306642864713 0
      vertex 35.54480340340382 55.72162732568847 0
    endloop
  endfacet
  facet normal 0.25881904510252074 -0.9659258262890683 0
    outer loop
      vertex 37.2158093961884 56.36306642864713 -1.5
      vertex 38.94471008701632 56.82632397254808 0
      vertex 37.2158093961884 56.36306642864713 0
    endloop
  endfacet
  facet normal 0.15643446504022965 -0.9876883405951379 0
    outer loop
      vertex 38.94471008701632 56.82632397254808 -1.5
      vertex 40.71256327812313 57.10632441079748 0
      vertex 38.94471008701632 56.82632397254808 0
    endloop
  endfacet
  facet normal 0.05233595624294395 -0.9986295347545738 0
    outer loop
      vertex 40.71256327812313 57.10632441079748 -1.5
      vertex 42.5 57.2 0
      vertex 40.71256327812313 57.10632441079748 0
    endloop
  endfacet
  facet normal -0.05233595624294395 0.9986295347545738 0
    outer loop
      vertex 42.5 23 -1.5
      vertex 42.5 23 0
      vertex 44.28743672187687 23.093675589202526 -1.5
    endloop
  endfacet
  facet normal -0.15643446504022965 0.9876883405951379 0
    outer loop
      vertex 44.28743672187687 23.093675589202526 -1.5
      vertex 44.28743672187687 23.093675589202526 0
      vertex 46.05528991298368 23.37367602745192 -1.5
    endloop
  endfacet
  facet normal -0.25881904510252257 0.9659258262890678 0
    outer loop
      vertex 46.05528991298368 23.37367602745192 -1.5
      vertex 46.05528991298368 23.37367602745192 0
      vertex 47.7841906038116 23.836933571352876 -1.5
    endloop
  endfacet
  facet normal -0.3583679495453004 0.9335804264972016 0
    outer loop
      vertex 47.7841906038116 23.836933571352876 -1.5
      vertex 47.7841906038116 23.836933571352876 0
      vertex 49.45519659659618 24.478372674311526 -1.5
    endloop
  endfacet
  facet normal -0.45399049973954647 0.891006524188368 0
    outer loop
      vertex 49.45519659659618 24.478372674311526 -1.5
      vertex 49.45519659659618 24.478372674311526 0
      vertex 51.05 25.2909655952861 -1.5
    endloop
  endfacet
  facet normal -0.5446390350150251 0.8386705679454253 0
    outer loop
      vertex 51.05 25.2909655952861 -1.5
      vertex 51.05 25.2909655952861 0
      vertex 52.551127814201294 26.2658093961884 -1.5
    endloop
  endfacet
  facet normal -0.6293203910498377 0.7771459614569707 0
    outer loop
      vertex 52.551127814201294 26.2658093961884 -1.5
      vertex 52.551127814201294 26.2658093961884 0
      vertex 53.94213336873648 27.392223484336558 -1.5
    endloop
  endfacet
  facet normal -0.05233595624294395 0.9986295347545738 0
    outer loop
      vertex 44.28743672187687 23.093675589202526 -1.5
      vertex 42.5 23 0
      vertex 44.28743672187687 23.093675589202526 0
    endloop
  endfacet
  facet normal -0.15643446504022965 0.9876883405951379 0
    outer loop
      vertex 46.05528991298368 23.37367602745192 -1.5
      vertex 44.28743672187687 23.093675589202526 0
      vertex 46.05528991298368 23.37367602745192 0
    endloop
  endfacet
  facet normal -0.25881904510252257 0.9659258262890678 0
    outer loop
      vertex 47.7841906038116 23.836933571352876 -1.5
      vertex 46.05528991298368 23.37367602745192 0
      vertex 47.7841906038116 23.836933571352876 0
    endloop
  endfacet
  facet normal -0.3583679495453004 0.9335804264972016 0
    outer loop
      vertex 49.45519659659618 24.478372674311526 -1.5
      vertex 47.7841906038116 23.836933571352876 0
      vertex 49.45519659659618 24.478372674311526 0
    endloop
  endfacet
  facet normal -0.45399049973954647 0.891006524188368 0
    outer loop
      vertex 51.05 25.2909655952861 -1.5
      vertex 49.45519659659618 24.478372674311526 0
      vertex 51.05 25.2909655952861 0
    endloop
  endfacet
  facet normal -0.5446390350150251 0.8386705679454253 0
    outer loop
      vertex 52.551127814201294 26.2658093961884 -1.5
      vertex 51.05 25.2909655952861 0
      vertex 52.551127814201294 26.2658093961884 0
    endloop
  endfacet
  facet normal 0 0 1
    outer loop
      vertex 42.5 23 -1.5
      vertex 44.28743672187687 23.093675589202526 -1.5
      vertex 44.28743672187687 57.10632441079748 -1.5
    endloop
  endfacet
  facet normal 0 0 1
    outer loop
      vertex 44.28743672187687 23.093675589202526 -1.5
      vertex 46.05528991298368 23.37367602745192 -1.5
      vertex 46.05528991298368 56.82632397254808 -1.5
    endloop
  endfacet
  facet normal 0 0 1
    outer loop
      vertex 46.05528991298368 23.37367602745192 -1.5
      vertex 47.7841906038116 23.836933571352876 -1.5
      vertex 47.7841906038116 56.36306642864713 -1.5
    endloop
  endfacet
  facet normal 0 0 1
    outer loop
      vertex 47.7841906038116 23.836933571352876 -1.5
      vertex 49.45519659659618 24.478372674311526 -1.5
      vertex 49.45519659659618 55.72162732568847 -1.5
    endloop
  endfacet
  facet normal 0 0 1
    outer loop
      vertex 49.45519659659618 24.478372674311526 -1.5
      vertex 51.05 25.2909655952861 -1.5
      vertex 51.05 54.90903440471391 -1.5
    endloop
  endfacet
  facet normal 0 0 1
    outer loop
      vertex 51.05 25.2909655952861 -1.5
      vertex 52.551127814201294 26.2658093961884 -1.5
      vertex 52.551127814201294 53.9341906038116 -1.5
    endloop
  endfacet
  facet normal -0.7071067811865486 0.7071067811865466 0
    outer loop
      vertex 53.94213336873648 27.392223484336558 -1.5
      vertex 53.94213336873648 27.392223484336558 0
      vertex 55.20777651566344 28.657866631263524 -1.5
    endloop
  endfacet
  facet normal -0.7771459614569687 0.6293203910498402 0
    outer loop
      vertex 55.20777651566344 28.657866631263524 -1.5
      vertex 55.20777651566344 28.657866631263524 0
      vertex 56.33419060381161 30.048872185798707 -1.5
    endloop
  endfacet
  facet normal -0.6293203910498377 0.7771459614569707 0
    outer loop
      vertex 53.94213336873648 27.392223484336558 -1.5
      vertex 52.551127814201294 26.2658093961884 0
      vertex 53.94213336873648 27.392223484336558 0
    endloop
  endfacet
  facet normal -0.7071067811865486 0.7071067811865466 0
    outer loop
      vertex 55.20777651566344 28.657866631263524 -1.5
      vertex 53.94213336873648 27.392223484336558 0
      vertex 55.20777651566344 28.657866631263524 0
    endloop
  endfacet
  facet normal -0.7771459614569687 0.6293203910498402 0
    outer loop
      vertex 56.33419060381161 30.048872185798707 -1.5
      vertex 55.20777651566344 28.657866631263524 0
      vertex 56.33419060381161 30.048872185798707 0
    endloop
  endfacet
  facet normal -0.8386705679454266 0.5446390350150233 0
    outer loop
      vertex 56.33419060381161 30.048872185798707 -1.5
      vertex 56.33419060381161 30.048872185798707 0
      vertex 57.3090344047139 31.55 -1.5
    endloop
  endfacet
  facet normal -0.8910065241883667 0.4539904997395488 0
    outer loop
      vertex 57.3090344047139 31.55 -1.5
      vertex 57.3090344047139 31.55 0
      vertex 58.12162732568848 33.14480340340382 -1.5
    endloop
  endfacet
  facet normal -0.933580426497203 0.35836794954529694 0
    outer loop
      vertex 58.12162732568848 33.14480340340382 -1.5
      vertex 58.12162732568848 33.14480340340382 0
      vertex 58.76306642864712 34.8158093961884 -1.5
    endloop
  endfacet
  facet normal 0 0 1
    outer loop
      vertex 52.551127814201294 26.2658093961884 -1.5
      vertex 53.94213336873648 27.392223484336558 -1.5
      vertex 53.94213336873648 52.80777651566345 -1.5
    endloop
  endfacet
  facet normal 0 0 1
    outer loop
      vertex 53.94213336873648 27.392223484336558 -1.5
      vertex 55.20777651566344 28.657866631263524 -1.5
      vertex 55.20777651566344 51.54213336873648 -1.5
    endloop
  endfacet
  facet normal 0 0 1
    outer loop
      vertex 55.20777651566344 28.657866631263524 -1.5
      vertex 56.33419060381161 30.048872185798707 -1.5
      vertex 56.33419060381161 50.151127814201296 -1.5
    endloop
  endfacet
  facet normal 0 0 1
    outer loop
      vertex 56.33419060381161 30.048872185798707 -1.5
      vertex 57.3090344047139 31.55 -1.5
      vertex 57.3090344047139 48.650000000000006 -1.5
    endloop
  endfacet
  facet normal 0 0 1
    outer loop
      vertex 57.3090344047139 31.55 -1.5
      vertex 58.12162732568848 33.14480340340382 -1.5
      vertex 58.12162732568848 47.05519659659618 -1.5
    endloop
  endfacet
  facet normal -0.965925826289067 0.2588190451025254 0
    outer loop
      vertex 58.76306642864712 34.8158093961884 -1.5
      vertex 58.76306642864712 34.8158093961884 0
      vertex 59.22632397254808 36.54471008701631 -1.5
    endloop
  endfacet
  facet normal -0.987688340595138 0.15643446504022904 0
    outer loop
      vertex 59.22632397254808 36.54471008701631 -1.5
      vertex 59.22632397254808 36.54471008701631 0
      vertex 59.506324410797475 38.31256327812313 -1.5
    endloop
  endfacet
  facet normal 0 0 1
    outer loop
      vertex 58.12162732568848 33.14480340340382 -1.5
      vertex 58.76306642864712 34.8158093961884 -1.5
      vertex 58.76306642864712 45.384190603811604 -1.5
    endloop
  endfacet
  facet normal 0 0 1
    outer loop
      vertex 58.76306642864712 34.8158093961884 -1.5
      vertex 59.22632397254808 36.54471008701631 -1.5
      vertex 59.22632397254808 43.65528991298369 -1.5
    endloop
  endfacet
  facet normal 0 0 1
    outer loop
      vertex 59.22632397254808 36.54471008701631 -1.5
      vertex 59.506324410797475 38.31256327812313 -1.5
      vertex 59.506324410797475 41.887436721876874 -1.5
    endloop
  endfacet
  facet normal 0 0 1
    outer loop
      vertex 59.506324410797475 38.31256327812313 -1.5
      vertex 59.6 40.1 -1.5
      vertex 59.506324410797475 41.887436721876874 -1.5
    endloop
  endfacet
  facet normal -0.9986295347545738 0.05233595624294395 0
    outer loop
      vertex 59.506324410797475 38.31256327812313 -1.5
      vertex 59.506324410797475 38.31256327812313 0
      vertex 59.6 40.1 -1.5
    endloop
  endfacet
  facet normal -0.8386705679454266 0.5446390350150233 0
    outer loop
      vertex 57.3090344047139 31.55 -1.5
      vertex 56.33419060381161 30.048872185798707 0
      vertex 57.3090344047139 31.55 0
    endloop
  endfacet
  facet normal -0.8910065241883667 0.4539904997395488 0
    outer loop
      vertex 58.12162732568848 33.14480340340382 -1.5
      vertex 57.3090344047139 31.55 0
      vertex 58.12162732568848 33.14480340340382 0
    endloop
  endfacet
  facet normal -0.933580426497203 0.35836794954529694 0
    outer loop
      vertex 58.76306642864712 34.8158093961884 -1.5
      vertex 58.12162732568848 33.14480340340382 0
      vertex 58.76306642864712 34.8158093961884 0
    endloop
  endfacet
  facet normal -0.965925826289067 0.2588190451025254 0
    outer loop
      vertex 59.22632397254808 36.54471008701631 -1.5
      vertex 58.76306642864712 34.8158093961884 0
      vertex 59.22632397254808 36.54471008701631 0
    endloop
  endfacet
  facet normal -0.987688340595138 0.15643446504022904 0
    outer loop
      vertex 59.506324410797475 38.31256327812313 -1.5
      vertex 59.22632397254808 36.54471008701631 0
      vertex 59.506324410797475 38.31256327812313 0
    endloop
  endfacet
  facet normal -0.9986295347545738 0.05233595624294395 0
    outer loop
      vertex 59.6 40.1 -1.5
      vertex 59.506324410797475 38.31256327812313 0
      vertex 59.6 40.1 0
    endloop
  endfacet
  facet normal 0 0 1
    outer loop
      vertex 42.5 23 -1.5
      vertex 44.28743672187687 57.10632441079748 -1.5
      vertex 42.5 57.2 -1.5
    endloop
  endfacet
  facet normal 0 0 1
    outer loop
      vertex 44.28743672187687 23.093675589202526 -1.5
      vertex 46.05528991298368 56.82632397254808 -1.5
      vertex 44.28743672187687 57.10632441079748 -1.5
    endloop
  endfacet
  facet normal 0 0 1
    outer loop
      vertex 46.05528991298368 23.37367602745192 -1.5
      vertex 47.7841906038116 56.36306642864713 -1.5
      vertex 46.05528991298368 56.82632397254808 -1.5
    endloop
  endfacet
  facet normal 0 0 1
    outer loop
      vertex 49.45519659659618 24.478372674311526 -1.5
      vertex 51.05 54.90903440471391 -1.5
      vertex 49.45519659659618 55.72162732568847 -1.5
    endloop
  endfacet
  facet normal 0 0 1
    outer loop
      vertex 51.05 25.2909655952861 -1.5
      vertex 52.551127814201294 53.9341906038116 -1.5
      vertex 51.05 54.90903440471391 -1.5
    endloop
  endfacet
  facet normal 0 0 1
    outer loop
      vertex 52.551127814201294 26.2658093961884 -1.5
      vertex 53.94213336873648 52.80777651566345 -1.5
      vertex 52.551127814201294 53.9341906038116 -1.5
    endloop
  endfacet
  facet normal 0 0 1
    outer loop
      vertex 47.7841906038116 23.836933571352876 -1.5
      vertex 49.45519659659618 55.72162732568847 -1.5
      vertex 47.7841906038116 56.36306642864713 -1.5
    endloop
  endfacet
  facet normal -0.05233595624294395 -0.9986295347545738 0
    outer loop
      vertex 42.5 57.2 -1.5
      vertex 44.28743672187687 57.10632441079748 -1.5
      vertex 44.28743672187687 57.10632441079748 0
    endloop
  endfacet
  facet normal -0.15643446504022965 -0.9876883405951379 0
    outer loop
      vertex 44.28743672187687 57.10632441079748 -1.5
      vertex 46.05528991298368 56.82632397254808 -1.5
      vertex 46.05528991298368 56.82632397254808 0
    endloop
  endfacet
  facet normal -0.25881904510252074 -0.9659258262890683 0
    outer loop
      vertex 46.05528991298368 56.82632397254808 -1.5
      vertex 47.7841906038116 56.36306642864713 -1.5
      vertex 47.7841906038116 56.36306642864713 0
    endloop
  endfacet
  facet normal -0.5446390350150279 -0.8386705679454235 0
    outer loop
      vertex 52.551127814201294 53.9341906038116 -1.5
      vertex 52.551127814201294 53.9341906038116 0
      vertex 51.05 54.90903440471391 -1.5
    endloop
  endfacet
  facet normal -0.3583679495453039 -0.9335804264972004 0
    outer loop
      vertex 47.7841906038116 56.36306642864713 -1.5
      vertex 49.45519659659618 55.72162732568847 -1.5
      vertex 49.45519659659618 55.72162732568847 0
    endloop
  endfacet
  facet normal -0.4539904997395433 -0.8910065241883696 0
    outer loop
      vertex 49.45519659659618 55.72162732568847 -1.5
      vertex 51.05 54.90903440471391 -1.5
      vertex 51.05 54.90903440471391 0
    endloop
  endfacet
  facet normal -0.05233595624294395 -0.9986295347545738 0
    outer loop
      vertex 42.5 57.2 -1.5
      vertex 44.28743672187687 57.10632441079748 0
      vertex 42.5 57.2 0
    endloop
  endfacet
  facet normal -0.15643446504022965 -0.9876883405951379 0
    outer loop
      vertex 44.28743672187687 57.10632441079748 -1.5
      vertex 46.05528991298368 56.82632397254808 0
      vertex 44.28743672187687 57.10632441079748 0
    endloop
  endfacet
  facet normal -0.25881904510252074 -0.9659258262890683 0
    outer loop
      vertex 46.05528991298368 56.82632397254808 -1.5
      vertex 47.7841906038116 56.36306642864713 0
      vertex 46.05528991298368 56.82632397254808 0
    endloop
  endfacet
  facet normal -0.5446390350150279 -0.8386705679454235 0
    outer loop
      vertex 51.05 54.90903440471391 -1.5
      vertex 52.551127814201294 53.9341906038116 0
      vertex 51.05 54.90903440471391 0
    endloop
  endfacet
  facet normal -0.6293203910498353 -0.7771459614569726 0
    outer loop
      vertex 52.551127814201294 53.9341906038116 -1.5
      vertex 53.94213336873648 52.80777651566345 0
      vertex 52.551127814201294 53.9341906038116 0
    endloop
  endfacet
  facet normal -0.3583679495453039 -0.9335804264972004 0
    outer loop
      vertex 47.7841906038116 56.36306642864713 -1.5
      vertex 49.45519659659618 55.72162732568847 0
      vertex 47.7841906038116 56.36306642864713 0
    endloop
  endfacet
  facet normal -0.4539904997395433 -0.8910065241883696 0
    outer loop
      vertex 49.45519659659618 55.72162732568847 -1.5
      vertex 51.05 54.90903440471391 0
      vertex 49.45519659659618 55.72162732568847 0
    endloop
  endfacet
  facet normal 0 0 1
    outer loop
      vertex 53.94213336873648 27.392223484336558 -1.5
      vertex 55.20777651566344 51.54213336873648 -1.5
      vertex 53.94213336873648 52.80777651566345 -1.5
    endloop
  endfacet
  facet normal 0 0 1
    outer loop
      vertex 55.20777651566344 28.657866631263524 -1.5
      vertex 56.33419060381161 50.151127814201296 -1.5
      vertex 55.20777651566344 51.54213336873648 -1.5
    endloop
  endfacet
  facet normal 0 0 1
    outer loop
      vertex 57.3090344047139 31.55 -1.5
      vertex 58.12162732568848 47.05519659659618 -1.5
      vertex 57.3090344047139 48.650000000000006 -1.5
    endloop
  endfacet
  facet normal 0 0 1
    outer loop
      vertex 58.12162732568848 33.14480340340382 -1.5
      vertex 58.76306642864712 45.384190603811604 -1.5
      vertex 58.12162732568848 47.05519659659618 -1.5
    endloop
  endfacet
  facet normal 0 0 1
    outer loop
      vertex 56.33419060381161 30.048872185798707 -1.5
      vertex 57.3090344047139 48.650000000000006 -1.5
      vertex 56.33419060381161 50.151127814201296 -1.5
    endloop
  endfacet
  facet normal -0.8910065241883672 -0.453990499739548 0
    outer loop
      vertex 57.3090344047139 48.650000000000006 -1.5
      vertex 58.12162732568848 47.05519659659618 -1.5
      vertex 58.12162732568848 47.05519659659618 0
    endloop
  endfacet
  facet normal -0.838670567945426 -0.5446390350150242 0
    outer loop
      vertex 57.3090344047139 48.650000000000006 -1.5
      vertex 57.3090344047139 48.650000000000006 0
      vertex 56.33419060381161 50.151127814201296 -1.5
    endloop
  endfacet
  facet normal 0 0 1
    outer loop
      vertex 58.76306642864712 34.8158093961884 -1.5
      vertex 59.22632397254808 43.65528991298369 -1.5
      vertex 58.76306642864712 45.384190603811604 -1.5
    endloop
  endfacet
  facet normal 0 0 1
    outer loop
      vertex 59.22632397254808 36.54471008701631 -1.5
      vertex 59.506324410797475 41.887436721876874 -1.5
      vertex 59.22632397254808 43.65528991298369 -1.5
    endloop
  endfacet
  facet normal -0.9986295347545738 -0.05233595624294395 0
    outer loop
      vertex 59.6 40.1 -1.5
      vertex 59.6 40.1 0
      vertex 59.506324410797475 41.887436721876874 -1.5
    endloop
  endfacet
  facet normal -0.987688340595138 -0.15643446504022904 0
    outer loop
      vertex 59.506324410797475 41.887436721876874 -1.5
      vertex 59.506324410797475 41.887436721876874 0
      vertex 59.22632397254808 43.65528991298369 -1.5
    endloop
  endfacet
  facet normal -0.965925826289067 -0.2588190451025254 0
    outer loop
      vertex 58.76306642864712 45.384190603811604 -1.5
      vertex 59.22632397254808 43.65528991298369 -1.5
      vertex 59.22632397254808 43.65528991298369 0
    endloop
  endfacet
  facet normal -0.933580426497203 -0.35836794954529694 0
    outer loop
      vertex 58.76306642864712 45.384190603811604 -1.5
      vertex 58.76306642864712 45.384190603811604 0
      vertex 58.12162732568848 47.05519659659618 -1.5
    endloop
  endfacet
  facet normal -0.933580426497203 -0.35836794954529694 0
    outer loop
      vertex 58.12162732568848 47.05519659659618 -1.5
      vertex 58.76306642864712 45.384190603811604 0
      vertex 58.12162732568848 47.05519659659618 0
    endloop
  endfacet
  facet normal -0.838670567945426 -0.5446390350150242 0
    outer loop
      vertex 56.33419060381161 50.151127814201296 -1.5
      vertex 57.3090344047139 48.650000000000006 0
      vertex 56.33419060381161 50.151127814201296 0
    endloop
  endfacet
  facet normal -0.8910065241883672 -0.453990499739548 0
    outer loop
      vertex 57.3090344047139 48.650000000000006 -1.5
      vertex 58.12162732568848 47.05519659659618 0
      vertex 57.3090344047139 48.650000000000006 0
    endloop
  endfacet
  facet normal -0.9986295347545738 -0.05233595624294395 0
    outer loop
      vertex 59.506324410797475 41.887436721876874 -1.5
      vertex 59.6 40.1 0
      vertex 59.506324410797475 41.887436721876874 0
    endloop
  endfacet
  facet normal -0.987688340595138 -0.15643446504022904 0
    outer loop
      vertex 59.22632397254808 43.65528991298369 -1.5
      vertex 59.506324410797475 41.887436721876874 0
      vertex 59.22632397254808 43.65528991298369 0
    endloop
  endfacet
  facet normal -0.965925826289067 -0.2588190451025254 0
    outer loop
      vertex 58.76306642864712 45.384190603811604 -1.5
      vertex 59.22632397254808 43.65528991298369 0
      vertex 58.76306642864712 45.384190603811604 0
    endloop
  endfacet
  facet normal -0.7071067811865496 -0.7071067811865456 0
    outer loop
      vertex 53.94213336873648 52.80777651566345 -1.5
      vertex 55.20777651566344 51.54213336873648 -1.5
      vertex 55.20777651566344 51.54213336873648 0
    endloop
  endfacet
  facet normal -0.6293203910498353 -0.7771459614569726 0
    outer loop
      vertex 52.551127814201294 53.9341906038116 -1.5
      vertex 53.94213336873648 52.80777651566345 -1.5
      vertex 53.94213336873648 52.80777651566345 0
    endloop
  endfacet
  facet normal -0.7771459614569687 -0.6293203910498402 0
    outer loop
      vertex 56.33419060381161 50.151127814201296 -1.5
      vertex 56.33419060381161 50.151127814201296 0
      vertex 55.20777651566344 51.54213336873648 -1.5
    endloop
  endfacet
  facet normal -0.7071067811865496 -0.7071067811865456 0
    outer loop
      vertex 53.94213336873648 52.80777651566345 -1.5
      vertex 55.20777651566344 51.54213336873648 0
      vertex 53.94213336873648 52.80777651566345 0
    endloop
  endfacet
  facet normal -0.7771459614569687 -0.6293203910498402 0
    outer loop
      vertex 55.20777651566344 51.54213336873648 -1.5
      vertex 56.33419060381161 50.151127814201296 0
      vertex 55.20777651566344 51.54213336873648 0
    endloop
  endfacet
endsolid OpenSCAD_Model
