solid OpenSCAD_Model
  facet normal 0 0 -1
    outer loop
      vertex -58.623079456654736 -70.32454393849214 0
      vertex -58.10728263557213 -70.87381176452847 0
      vertex -58.37381176452847 -70.60728263557213 0
    endloop
  endfacet
  facet normal 0 0 -1
    outer loop
      vertex -58.623079456654736 -70.32454393849214 0
      vertex -57.82454393849214 -71.12307945665474 0
      vertex -58.10728263557213 -70.87381176452847 0
    endloop
  endfacet
  facet normal 0 0 -1
    outer loop
      vertex -58.623079456654736 -70.32454393849214 0
      vertex -59.25784008026318 -69.3905220446103 0
      vertex -59.57865891532951 -68.70874731610807 0
    endloop
  endfacet
  facet normal 0 0 -1
    outer loop
      vertex -59.81149896677179 -67.99213932298913 0
      vertex -59.89372350437213 -67.62428788751436 0
      vertex -59.70633909777092 -68.35410196624969 0
    endloop
  endfacet
  facet normal 0 0 -1
    outer loop
      vertex -59.57865891532951 -68.70874731610807 0
      vertex -59.70633909777092 -68.35410196624969 0
      vertex -59.89372350437213 -67.62428788751436 0
    endloop
  endfacet
  facet normal 0 0 -1
    outer loop
      vertex -59.25784008026318 -69.3905220446103 0
      vertex -59.42896231479612 -69.05467574939044 0
      vertex -59.57865891532951 -68.70874731610807 0
    endloop
  endfacet
  facet normal 0 0 -1
    outer loop
      vertex -58.623079456654736 -70.32454393849214 0
      vertex -59.57865891532951 -68.70874731610807 0
      vertex -60 -66.5 0
    endloop
  endfacet
  facet normal 0 0 -1
    outer loop
      vertex -58.623079456654736 -70.32454393849214 0
      vertex -58.85410196624969 -70.02671151375483 0
      vertex -59.06596755301209 -69.71496076987398 0
    endloop
  endfacet
  facet normal 0 0 -1
    outer loop
      vertex -58.623079456654736 -70.32454393849214 0
      vertex -59.06596755301209 -69.71496076987398 0
      vertex -59.25784008026318 -69.3905220446103 0
    endloop
  endfacet
  facet normal 0 0 -1
    outer loop
      vertex -57.21496076987398 -71.56596755301209 0
      vertex -57.82454393849214 -71.12307945665474 0
      vertex -56.554675749390434 -71.92896231479612 0
    endloop
  endfacet
  facet normal 0 0 -1
    outer loop
      vertex -58.623079456654736 -70.32454393849214 0
      vertex -56.554675749390434 -71.92896231479612 0
      vertex -57.82454393849214 -71.12307945665474 0
    endloop
  endfacet
  facet normal 0 0 -1
    outer loop
      vertex -57.21496076987398 -71.56596755301209 0
      vertex -57.52671151375484 -71.35410196624969 0
      vertex -57.82454393849214 -71.12307945665474 0
    endloop
  endfacet
  facet normal 0 0 -1
    outer loop
      vertex -57.21496076987398 -71.56596755301209 0
      vertex -56.554675749390434 -71.92896231479612 0
      vertex -56.89052204461029 -71.75784008026318 0
    endloop
  endfacet
  facet normal 0 0 -1
    outer loop
      vertex -58.623079456654736 -70.32454393849214 0
      vertex -54 -72.5 0
      vertex -56.554675749390434 -71.92896231479612 0
    endloop
  endfacet
  facet normal 0 0 -1
    outer loop
      vertex -59.57865891532951 -68.70874731610807 0
      vertex -59.89372350437213 -67.62428788751436 0
      vertex -60 -66.5 0
    endloop
  endfacet
  facet normal 0 0 -1
    outer loop
      vertex -59.89372350437213 -67.62428788751436 0
      vertex -59.952688207886865 -67.25199940138583 0
      vertex -59.98816037056963 -66.87674311717588 0
    endloop
  endfacet
  facet normal 0 0 -1
    outer loop
      vertex -59.89372350437213 -67.62428788751436 0
      vertex -59.98816037056963 -66.87674311717588 0
      vertex -60 -66.5 0
    endloop
  endfacet
  facet normal 0 0 -1
    outer loop
      vertex -56.554675749390434 -71.92896231479612 0
      vertex -55.85410196624969 -72.20633909777092 0
      vertex -56.20874731610807 -72.07865891532951 0
    endloop
  endfacet
  facet normal 0 0 -1
    outer loop
      vertex -56.554675749390434 -71.92896231479612 0
      vertex -55.12428788751435 -72.39372350437213 0
      vertex -55.85410196624969 -72.20633909777092 0
    endloop
  endfacet
  facet normal 0 0 -1
    outer loop
      vertex -55.85410196624969 -72.20633909777092 0
      vertex -55.12428788751435 -72.39372350437213 0
      vertex -55.49213932298913 -72.31149896677178 0
    endloop
  endfacet
  facet normal 0 0 -1
    outer loop
      vertex -56.554675749390434 -71.92896231479612 0
      vertex -54 -72.5 0
      vertex -55.12428788751435 -72.39372350437213 0
    endloop
  endfacet
  facet normal 0 0 -1
    outer loop
      vertex -55.12428788751435 -72.39372350437213 0
      vertex -54 -72.5 0
      vertex -54.751999401385824 -72.45268820788687 0
    endloop
  endfacet
  facet normal 0 0 -1
    outer loop
      vertex -54.751999401385824 -72.45268820788687 0
      vertex -54 -72.5 0
      vertex -54.376743117175884 -72.48816037056963 0
    endloop
  endfacet
  facet normal 0 0 -1
    outer loop
      vertex -58.623079456654736 -70.32454393849214 0
      vertex -45.12540627160137 -53.75 0
      vertex -45.12540627160137 -64.25 0
    endloop
  endfacet
  facet normal -0.5090414157503723 -0.860742027003943 0
    outer loop
      vertex -57.21496076987398 -71.56596755301209 0
      vertex -56.89052204461029 -71.75784008026318 0
      vertex -56.89052204461029 -71.75784008026318 25.91130999172963
    endloop
  endfacet
  facet normal -0.4539904997395619 -0.8910065241883601 0
    outer loop
      vertex -56.89052204461029 -71.75784008026318 0
      vertex -56.554675749390434 -71.92896231479612 0
      vertex -56.89052204461029 -71.75784008026318 25.91130999172963
    endloop
  endfacet
  facet normal -0.3971478906347763 -0.917754625683983 0
    outer loop
      vertex -56.554675749390434 -71.92896231479612 0
      vertex -56.20874731610807 -72.07865891532951 0
      vertex -56.20874731610807 -72.07865891532951 25.508109541267594
    endloop
  endfacet
  facet normal -0.09410831331852378 -0.995561964603079 0
    outer loop
      vertex -54.751999401385824 -72.45268820788687 0
      vertex -54.376743117175884 -72.48816037056963 0
      vertex -54.751999401385824 -72.45268820788687 24.64659122609624
    endloop
  endfacet
  facet normal -0.3387379202452853 -0.9408807689542277 0
    outer loop
      vertex -56.20874731610807 -72.07865891532951 0
      vertex -55.85410196624969 -72.20633909777092 0
      vertex -55.85410196624969 -72.20633909777092 25.298372866029858
    endloop
  endfacet
  facet normal -0.21814324139656216 -0.9759167619387431 0
    outer loop
      vertex -55.49213932298913 -72.31149896677178 0
      vertex -55.12428788751435 -72.39372350437213 0
      vertex -55.49213932298913 -72.31149896677178 25.08430875553737
    endloop
  endfacet
  facet normal -0.27899110603921135 -0.9602936856769484 0
    outer loop
      vertex -55.85410196624969 -72.20633909777092 0
      vertex -55.49213932298913 -72.31149896677178 0
      vertex -55.85410196624969 -72.20633909777092 25.298372866029858
    endloop
  endfacet
  facet normal -0.15643446504022288 -0.987688340595139 0
    outer loop
      vertex -55.12428788751435 -72.39372350437213 0
      vertex -54.751999401385824 -72.45268820788687 0
      vertex -55.12428788751435 -72.39372350437213 24.866762023037655
    endloop
  endfacet
  facet normal -0.03141075907812447 -0.9995065603657316 0
    outer loop
      vertex -54.376743117175884 -72.48816037056963 0
      vertex -54 -72.5 0
      vertex -54.376743117175884 -72.48816037056963 24.42466527826219
    endloop
  endfacet
  facet normal -0.7071067811865476 -0.7071067811865476 0
    outer loop
      vertex -58.37381176452847 -70.60728263557213 0
      vertex -58.10728263557213 -70.87381176452847 0
      vertex -58.10728263557213 -70.87381176452847 26.63090019927231
    endloop
  endfacet
  facet normal -0.7501110696304565 -0.6613118653236554 0
    outer loop
      vertex -58.623079456654736 -70.32454393849214 0
      vertex -58.37381176452847 -70.60728263557213 0
      vertex -58.37381176452847 -70.60728263557213 26.788525086737025
    endloop
  endfacet
  facet normal -0.860742027003943 -0.5090414157503723 0
    outer loop
      vertex -59.06596755301209 -69.71496076987398 0
      vertex -59.25784008026318 -69.3905220446103 27.339288205487854
      vertex -59.25784008026318 -69.3905220446103 0
    endloop
  endfacet
  facet normal -0.7901550123756972 -0.6129070536529676 0
    outer loop
      vertex -58.623079456654736 -70.32454393849214 0
      vertex -58.623079456654736 -70.32454393849214 26.93594158891765
      vertex -58.85410196624969 -70.02671151375483 0
    endloop
  endfacet
  facet normal -0.8270805742745617 -0.5620833778521307 0
    outer loop
      vertex -59.06596755301209 -69.71496076987398 0
      vertex -58.85410196624969 -70.02671151375483 0
      vertex -59.06596755301209 -69.71496076987398 27.208891770619445
    endloop
  endfacet
  facet normal -0.8910065241883639 -0.4539904997395545 0
    outer loop
      vertex -59.25784008026318 -69.3905220446103 0
      vertex -59.42896231479612 -69.05467574939044 27.455582755987052
      vertex -59.42896231479612 -69.05467574939044 0
    endloop
  endfacet
  facet normal -0.9408807689542299 -0.3387379202452793 0
    outer loop
      vertex -59.57865891532951 -68.70874731610807 0
      vertex -59.70633909777092 -68.35410196624969 27.644087823040504
      vertex -59.70633909777092 -68.35410196624969 0
    endloop
  endfacet
  facet normal -0.9602936856769432 -0.27899110603922866 0
    outer loop
      vertex -59.81149896677179 -67.99213932298913 0
      vertex -59.70633909777092 -68.35410196624969 0
      vertex -59.81149896677179 -67.99213932298913 27.715554396214877
    endloop
  endfacet
  facet normal -0.9177546256839763 -0.39714789063479206 0
    outer loop
      vertex -59.57865891532951 -68.70874731610807 0
      vertex -59.42896231479612 -69.05467574939044 0
      vertex -59.57865891532951 -68.70874731610807 27.557316460656143
    endloop
  endfacet
  facet normal -0.5620833778521219 -0.8270805742745677 0
    outer loop
      vertex -57.21496076987398 -71.56596755301209 0
      vertex -57.52671151375484 -71.35410196624969 26.287551394959422
      vertex -57.52671151375484 -71.35410196624969 0
    endloop
  endfacet
  facet normal -0.6613118653236554 -0.7501110696304565 0
    outer loop
      vertex -58.10728263557213 -70.87381176452847 0
      vertex -57.82454393849214 -71.12307945665474 0
      vertex -58.10728263557213 -70.87381176452847 26.63090019927231
    endloop
  endfacet
  facet normal -0.6129070536529768 -0.7901550123756901 0
    outer loop
      vertex -57.82454393849214 -71.12307945665474 0
      vertex -57.52671151375484 -71.35410196624969 0
      vertex -57.52671151375484 -71.35410196624969 26.287551394959422
    endloop
  endfacet
  facet normal -0.9759167619387461 -0.21814324139654823 0
    outer loop
      vertex -59.81149896677179 -67.99213932298913 0
      vertex -59.89372350437213 -67.62428788751436 27.771434134264908
      vertex -59.89372350437213 -67.62428788751436 0
    endloop
  endfacet
  facet normal -0.9876883405951391 -0.1564344650402229 9.03747825341445e-17
    outer loop
      vertex -59.89372350437213 -67.62428788751436 0
      vertex -59.94246000673866 -67.31657772187768 27.804555427071122
      vertex -59.952688207886865 -67.25199940138583 0
    endloop
  endfacet
  facet normal -0.9955619646030793 -0.09410831331852024 0
    outer loop
      vertex -59.952688207886865 -67.25199940138583 0
      vertex -59.98816037056963 -66.87674311717588 27.804555427071122
      vertex -59.98816037056963 -66.87674311717588 0
    endloop
  endfacet
  facet normal -0.9995065603657317 -0.03141075907812506 0
    outer loop
      vertex -59.98816037056963 -66.87674311717588 0
      vertex -60 -66.5 27.804555427071122
      vertex -60 -66.5 0
    endloop
  endfacet
  facet normal -1 0 0
    outer loop
      vertex -60 -66.5 0
      vertex -60 -64.25 19.80603790886457
      vertex -60 -53.75 19.80603790886457
    endloop
  endfacet
  facet normal 0 -1 0
    outer loop
      vertex -54 -72.5 0
      vertex -40.49370079531457 -72.5 17.724586552292337
      vertex -46.83572207215797 -72.5 20.46902422873785
    endloop
  endfacet
  facet normal 0 -1 0
    outer loop
      vertex -54 -72.5 0
      vertex -27.355887588134035 -72.5 13.455852275850589
      vertex -33.991869381244214 -72.5 15.383783207533114
    endloop
  endfacet
  facet normal 0 -1 0
    outer loop
      vertex -54 -72.5 0
      vertex -20.61194460442973 -72.5 11.948402419844257
      vertex -27.355887588134035 -72.5 13.455852275850589
    endloop
  endfacet
  facet normal 0 -1 0
    outer loop
      vertex -54 -72.5 0
      vertex -33.991869381244214 -72.5 15.383783207533114
      vertex -40.49370079531457 -72.5 17.724586552292337
    endloop
  endfacet
  facet normal 0 0 -1
    outer loop
      vertex -58.623079456654736 -70.32454393849214 0
      vertex -60 -66.5 0
      vertex -59.98816037056963 66.87674311717588 0
    endloop
  endfacet
  facet normal 0 0 -1
    outer loop
      vertex -58.623079456654736 -70.32454393849214 0
      vertex -45.12540627160137 53.75 0
      vertex -45.12540627160137 -53.75 0
    endloop
  endfacet
  facet normal 0 0 -1
    outer loop
      vertex -45.12540627160137 -53.75 0
      vertex -42.87459372839864 53.75 0
      vertex -42.87459372839864 -53.75 0
    endloop
  endfacet
  facet normal 0 0 -1
    outer loop
      vertex -58.623079456654736 -70.32454393849214 0
      vertex 58.623079456654736 -70.32454393849214 0
      vertex -54 -72.5 0
    endloop
  endfacet
  facet normal 0 -1 0
    outer loop
      vertex -54 -72.5 0
      vertex 0 -72.5 10
      vertex -6.906957148224514 -72.5 10.217059872890133
    endloop
  endfacet
  facet normal 0 -1 0
    outer loop
      vertex -54 -72.5 0
      vertex 6.906957148224514 -72.5 10.217059872890133
      vertex 0 -72.5 10
    endloop
  endfacet
  facet normal 0 0 -1
    outer loop
      vertex -58.623079456654736 -70.32454393849214 0
      vertex -45.12540627160137 -64.25 0
      vertex 60 -66.5 0
    endloop
  endfacet
  facet normal 0 0 -1
    outer loop
      vertex 60 -66.5 0
      vertex -45.12540627160137 -64.25 0
      vertex -42.87459372839864 -64.25 0
    endloop
  endfacet
  facet normal 0 0 -1
    outer loop
      vertex -42.87459372839864 -64.25 0
      vertex -42.87459372839864 -53.75 0
      vertex 42.87459372839864 -64.25 0
    endloop
  endfacet
  facet normal 0 -1 0
    outer loop
      vertex -54 -72.5 0
      vertex -13.786655692073447 -72.5 10.867382855407428
      vertex -20.61194460442973 -72.5 11.948402419844257
    endloop
  endfacet
  facet normal 0 -1 0
    outer loop
      vertex -54 -72.5 0
      vertex -6.906957148224514 -72.5 10.217059872890133
      vertex -13.786655692073447 -72.5 10.867382855407428
    endloop
  endfacet
  facet normal 0 -1 0
    outer loop
      vertex -54 -72.5 0
      vertex 13.786655692073447 -72.5 10.867382855407428
      vertex 6.906957148224514 -72.5 10.217059872890133
    endloop
  endfacet
  facet normal 0 0 -1
    outer loop
      vertex -42.87459372839864 -53.75 0
      vertex -42.87459372839864 53.75 0
      vertex 42.87459372839864 -53.75 0
    endloop
  endfacet
  facet normal -0.39714789063477623 -0.917754625683983 0
    outer loop
      vertex -56.554675749390434 -71.92896231479612 0
      vertex -56.20874731610807 -72.07865891532951 25.508109541267594
      vertex -56.554675749390434 -71.92896231479612 25.712691046412985
    endloop
  endfacet
  facet normal -0.5090414157503723 -0.8607420270039431 0
    outer loop
      vertex -57.21496076987398 -71.56596755301209 0
      vertex -56.89052204461029 -71.75784008026318 25.91130999172963
      vertex -57.21496076987398 -71.56596755301209 26.103182518980724
    endloop
  endfacet
  facet normal -0.4539904997395619 -0.8910065241883602 0
    outer loop
      vertex -56.554675749390434 -71.92896231479612 0
      vertex -56.554675749390434 -71.92896231479612 25.712691046412985
      vertex -56.89052204461029 -71.75784008026318 25.91130999172963
    endloop
  endfacet
  facet normal -1 0 0
    outer loop
      vertex -60 -66.5 0
      vertex -60 -66.5 27.804555427071122
      vertex -60 -64.25 19.80603790886457
    endloop
  endfacet
  facet normal -0.15643446504022288 -0.987688340595139 0
    outer loop
      vertex -54.751999401385824 -72.45268820788687 0
      vertex -54.751999401385824 -72.45268820788687 24.64659122609624
      vertex -55.12428788751435 -72.39372350437213 24.866762023037655
    endloop
  endfacet
  facet normal -0.09410831331852375 -0.9955619646030791 0
    outer loop
      vertex -54.376743117175884 -72.48816037056963 0
      vertex -54.376743117175884 -72.48816037056963 24.42466527826219
      vertex -54.751999401385824 -72.45268820788687 24.64659122609624
    endloop
  endfacet
  facet normal 0 -1 0
    outer loop
      vertex -54 -72.5 0
      vertex -52.99290415118869 -72.5 23.606265195175013
      vertex -54 -72.5 24.201860019863275
    endloop
  endfacet
  facet normal -0.03141075907812447 -0.9995065603657317 0
    outer loop
      vertex -54 -72.5 0
      vertex -54 -72.5 24.201860019863275
      vertex -54.376743117175884 -72.48816037056963 24.42466527826219
    endloop
  endfacet
  facet normal -0.3387379202452853 -0.9408807689542276 0
    outer loop
      vertex -56.20874731610807 -72.07865891532951 0
      vertex -55.85410196624969 -72.20633909777092 25.298372866029858
      vertex -56.20874731610807 -72.07865891532951 25.508109541267594
    endloop
  endfacet
  facet normal -0.2789911060392113 -0.9602936856769483 0
    outer loop
      vertex -55.49213932298913 -72.31149896677178 0
      vertex -55.49213932298913 -72.31149896677178 25.08430875553737
      vertex -55.85410196624969 -72.20633909777092 25.298372866029858
    endloop
  endfacet
  facet normal -0.2181432413965621 -0.9759167619387429 0
    outer loop
      vertex -55.12428788751435 -72.39372350437213 0
      vertex -55.12428788751435 -72.39372350437213 24.866762023037655
      vertex -55.49213932298913 -72.31149896677178 25.08430875553737
    endloop
  endfacet
  facet normal 0 -1 0
    outer loop
      vertex -54 -72.5 0
      vertex -46.83572207215797 -72.5 20.46902422873785
      vertex -52.99290415118869 -72.5 23.606265195175013
    endloop
  endfacet
  facet normal -0.7071067811865476 -0.7071067811865476 0
    outer loop
      vertex -58.37381176452847 -70.60728263557213 0
      vertex -58.10728263557213 -70.87381176452847 26.63090019927231
      vertex -58.37381176452847 -70.60728263557213 26.788525086737025
    endloop
  endfacet
  facet normal -0.7501110696304565 -0.6613118653236554 0
    outer loop
      vertex -58.623079456654736 -70.32454393849214 0
      vertex -58.37381176452847 -70.60728263557213 26.788525086737025
      vertex -58.623079456654736 -70.32454393849214 26.93594158891765
    endloop
  endfacet
  facet normal -0.860742027003943 -0.5090414157503723 0
    outer loop
      vertex -59.06596755301209 -69.71496076987398 0
      vertex -59.06596755301209 -69.71496076987398 27.208891770619445
      vertex -59.25784008026318 -69.3905220446103 27.339288205487854
    endloop
  endfacet
  facet normal -0.7901550123756972 -0.6129070536529677 0
    outer loop
      vertex -58.85410196624969 -70.02671151375483 0
      vertex -58.623079456654736 -70.32454393849214 26.93594158891765
      vertex -58.85410196624969 -70.02671151375483 27.072567920228273
    endloop
  endfacet
  facet normal -0.8270805742745697 -0.5620833778521191 0
    outer loop
      vertex -58.85410196624969 -70.02671151375483 0
      vertex -58.85410196624969 -70.02671151375483 27.072567920228273
      vertex -58.940947447689645 -69.89892226843506 27.123928194778358
    endloop
  endfacet
  facet normal -0.8270805742745562 -0.5620833778521388 1.3601492931320516e-16
    outer loop
      vertex -58.85410196624969 -70.02671151375483 0
      vertex -58.940947447689645 -69.89892226843506 27.123928194778358
      vertex -59.06596755301209 -69.71496076987398 27.208891770619445
    endloop
  endfacet
  facet normal -0.5620833778521218 -0.8270805742745677 0
    outer loop
      vertex -57.21496076987398 -71.56596755301209 0
      vertex -57.21496076987398 -71.56596755301209 26.103182518980724
      vertex -57.52671151375484 -71.35410196624969 26.287551394959422
    endloop
  endfacet
  facet normal -0.6129070536529768 -0.7901550123756901 0
    outer loop
      vertex -57.82454393849214 -71.12307945665474 0
      vertex -57.52671151375484 -71.35410196624969 26.287551394959422
      vertex -57.82454393849214 -71.12307945665474 26.46368899994237
    endloop
  endfacet
  facet normal -0.6613118653236553 -0.7501110696304565 0
    outer loop
      vertex -57.82454393849214 -71.12307945665474 0
      vertex -57.82454393849214 -71.12307945665474 26.46368899994237
      vertex -58.10728263557213 -70.87381176452847 26.63090019927231
    endloop
  endfacet
  facet normal -0.8910065241883639 -0.4539904997395545 0
    outer loop
      vertex -59.25784008026318 -69.3905220446103 0
      vertex -59.25784008026318 -69.3905220446103 27.339288205487854
      vertex -59.42896231479612 -69.05467574939044 27.455582755987052
    endloop
  endfacet
  facet normal -0.9408807689542299 -0.3387379202452793 0
    outer loop
      vertex -59.57865891532951 -68.70874731610807 0
      vertex -59.57865891532951 -68.70874731610807 27.557316460656143
      vertex -59.70633909777092 -68.35410196624969 27.644087823040504
    endloop
  endfacet
  facet normal -0.9602936856769433 -0.27899110603922866 0
    outer loop
      vertex -59.70633909777092 -68.35410196624969 0
      vertex -59.70633909777092 -68.35410196624969 27.644087823040504
      vertex -59.81149896677179 -67.99213932298913 27.715554396214877
    endloop
  endfacet
  facet normal -0.9177546256839763 -0.3971478906347921 0
    outer loop
      vertex -59.42896231479612 -69.05467574939044 0
      vertex -59.42896231479612 -69.05467574939044 27.455582755987052
      vertex -59.57865891532951 -68.70874731610807 27.557316460656143
    endloop
  endfacet
  facet normal -0.9759167619387461 -0.21814324139654823 0
    outer loop
      vertex -59.81149896677179 -67.99213932298913 0
      vertex -59.81149896677179 -67.99213932298913 27.715554396214877
      vertex -59.89372350437213 -67.62428788751436 27.771434134264908
    endloop
  endfacet
  facet normal -0.9876883405951402 -0.15643446504021488 0
    outer loop
      vertex -59.89372350437213 -67.62428788751436 0
      vertex -59.89372350437213 -67.62428788751436 27.771434134264908
      vertex -59.94246000673866 -67.31657772187768 27.804555427071122
    endloop
  endfacet
  facet normal -0.987688340595133 -0.15643446504026084 0
    outer loop
      vertex -59.952688207886865 -67.25199940138583 0
      vertex -59.94246000673866 -67.31657772187768 27.804555427071122
      vertex -59.952688207886865 -67.25199940138583 27.804555427071122
    endloop
  endfacet
  facet normal -0.9955619646030793 -0.09410831331852024 0
    outer loop
      vertex -59.952688207886865 -67.25199940138583 0
      vertex -59.952688207886865 -67.25199940138583 27.804555427071122
      vertex -59.98816037056963 -66.87674311717588 27.804555427071122
    endloop
  endfacet
  facet normal -0.9995065603657317 -0.03141075907812506 0
    outer loop
      vertex -59.98816037056963 -66.87674311717588 0
      vertex -59.98816037056963 -66.87674311717588 27.804555427071122
      vertex -60 -66.5 27.804555427071122
    endloop
  endfacet
  facet normal -1 0 0
    outer loop
      vertex -60 -66.5 27.804555427071122
      vertex -60 -64.25 22.803072945277677
      vertex -60 -64.25 19.80603790886457
    endloop
  endfacet
  facet normal -1 0 0
    outer loop
      vertex -60 -66.5 0
      vertex -60 -53.75 19.80603790886457
      vertex -60 66.5 27.804555427071122
    endloop
  endfacet
  facet normal -1 0 0
    outer loop
      vertex -60 -66.5 27.804555427071122
      vertex -60 66.5 27.804555427071122
      vertex -60 -64.25 22.803072945277677
    endloop
  endfacet
  facet normal 0 0 1
    outer loop
      vertex -59.952688207886865 -67.25199940138583 27.804555427071122
      vertex -59.94246000673866 -67.31657772187768 27.804555427071122
      vertex -59.94246000673866 67.31657772187768 27.804555427071122
    endloop
  endfacet
  facet normal 0 0 1
    outer loop
      vertex -59.952688207886865 -67.25199940138583 27.804555427071122
      vertex -59.94246000673866 67.31657772187768 27.804555427071122
      vertex -59.98816037056963 -66.87674311717588 27.804555427071122
    endloop
  endfacet
  facet normal 0 0 1
    outer loop
      vertex -59.98816037056963 -66.87674311717588 27.804555427071122
      vertex -59.94246000673866 67.31657772187768 27.804555427071122
      vertex -60 -66.5 27.804555427071122
    endloop
  endfacet
  facet normal -1 0 0
    outer loop
      vertex -60 66.5 27.804555427071122
      vertex -60 -53.75 19.80603790886457
      vertex -60 -53.75 22.803072945277677
    endloop
  endfacet
  facet normal -1 0 0
    outer loop
      vertex -60 66.5 27.804555427071122
      vertex -60 -53.75 22.803072945277677
      vertex -60 -64.25 22.803072945277677
    endloop
  endfacet
  facet normal -1 0 0
    outer loop
      vertex -60 -66.5 0
      vertex -60 53.75 19.80603790886457
      vertex -60 66.5 0
    endloop
  endfacet
  facet normal 0 0 -1
    outer loop
      vertex -60 -66.5 0
      vertex -60 66.5 0
      vertex -59.98816037056963 66.87674311717588 0
    endloop
  endfacet
  facet normal 0 0 -1
    outer loop
      vertex -58.623079456654736 -70.32454393849214 0
      vertex -59.98816037056963 66.87674311717588 0
      vertex -54 72.5 0
    endloop
  endfacet
  facet normal 0 0 -1
    outer loop
      vertex -58.623079456654736 -70.32454393849214 0
      vertex -54 72.5 0
      vertex -45.12540627160137 53.75 0
    endloop
  endfacet
  facet normal 0 0 -1
    outer loop
      vertex -45.12540627160137 -53.75 0
      vertex -45.12540627160137 53.75 0
      vertex -42.87459372839864 53.75 0
    endloop
  endfacet
  facet normal 0 0 -1
    outer loop
      vertex -59.98816037056963 66.87674311717588 0
      vertex -59.952688207886865 67.25199940138583 0
      vertex -59.89372350437213 67.62428788751436 0
    endloop
  endfacet
  facet normal 0 0 -1
    outer loop
      vertex -59.98816037056963 66.87674311717588 0
      vertex -59.89372350437213 67.62428788751436 0
      vertex -59.81149896677179 67.99213932298913 0
    endloop
  endfacet
  facet normal 0 0 -1
    outer loop
      vertex -59.98816037056963 66.87674311717588 0
      vertex -59.81149896677179 67.99213932298913 0
      vertex -59.42896231479612 69.05467574939044 0
    endloop
  endfacet
  facet normal 0 0 -1
    outer loop
      vertex -59.81149896677179 67.99213932298913 0
      vertex -59.70633909777092 68.35410196624969 0
      vertex -59.57865891532951 68.70874731610807 0
    endloop
  endfacet
  facet normal 0 0 -1
    outer loop
      vertex -59.81149896677179 67.99213932298913 0
      vertex -59.57865891532951 68.70874731610807 0
      vertex -59.42896231479612 69.05467574939044 0
    endloop
  endfacet
  facet normal 0 0 -1
    outer loop
      vertex -59.98816037056963 66.87674311717588 0
      vertex -59.42896231479612 69.05467574939044 0
      vertex -58.10728263557213 70.87381176452847 0
    endloop
  endfacet
  facet normal 0 0 -1
    outer loop
      vertex -59.42896231479612 69.05467574939044 0
      vertex -59.25784008026318 69.3905220446103 0
      vertex -59.06596755301209 69.71496076987398 0
    endloop
  endfacet
  facet normal 0 0 -1
    outer loop
      vertex -59.42896231479612 69.05467574939044 0
      vertex -59.06596755301209 69.71496076987398 0
      vertex -58.85410196624969 70.02671151375483 0
    endloop
  endfacet
  facet normal 0 0 -1
    outer loop
      vertex -59.42896231479612 69.05467574939044 0
      vertex -58.85410196624969 70.02671151375483 0
      vertex -58.10728263557213 70.87381176452847 0
    endloop
  endfacet
  facet normal 0 0 -1
    outer loop
      vertex -58.85410196624969 70.02671151375483 0
      vertex -58.623079456654736 70.32454393849214 0
      vertex -58.37381176452847 70.60728263557213 0
    endloop
  endfacet
  facet normal 0 0 -1
    outer loop
      vertex -58.85410196624969 70.02671151375483 0
      vertex -58.37381176452847 70.60728263557213 0
      vertex -58.10728263557213 70.87381176452847 0
    endloop
  endfacet
  facet normal 0 0 -1
    outer loop
      vertex -59.98816037056963 66.87674311717588 0
      vertex -58.10728263557213 70.87381176452847 0
      vertex -54 72.5 0
    endloop
  endfacet
  facet normal 0 0 -1
    outer loop
      vertex -58.10728263557213 70.87381176452847 0
      vertex -57.82454393849214 71.12307945665474 0
      vertex -57.52671151375484 71.35410196624969 0
    endloop
  endfacet
  facet normal 0 0 -1
    outer loop
      vertex -57.52671151375484 71.35410196624969 0
      vertex -57.21496076987398 71.56596755301209 0
      vertex -56.554675749390434 71.92896231479611 0
    endloop
  endfacet
  facet normal 0 0 -1
    outer loop
      vertex -58.10728263557213 70.87381176452847 0
      vertex -57.52671151375484 71.35410196624969 0
      vertex -55.12428788751435 72.39372350437213 0
    endloop
  endfacet
  facet normal 0 0 -1
    outer loop
      vertex -57.21496076987398 71.56596755301209 0
      vertex -56.89052204461029 71.75784008026318 0
      vertex -56.554675749390434 71.92896231479611 0
    endloop
  endfacet
  facet normal 0 0 -1
    outer loop
      vertex -57.52671151375484 71.35410196624969 0
      vertex -56.554675749390434 71.92896231479611 0
      vertex -56.20874731610807 72.07865891532951 0
    endloop
  endfacet
  facet normal 0 0 -1
    outer loop
      vertex -57.52671151375484 71.35410196624969 0
      vertex -56.20874731610807 72.07865891532951 0
      vertex -55.12428788751435 72.39372350437213 0
    endloop
  endfacet
  facet normal 0 0 -1
    outer loop
      vertex -56.20874731610807 72.07865891532951 0
      vertex -55.85410196624969 72.20633909777092 0
      vertex -55.49213932298913 72.31149896677178 0
    endloop
  endfacet
  facet normal 0 0 -1
    outer loop
      vertex -58.10728263557213 70.87381176452847 0
      vertex -55.12428788751435 72.39372350437213 0
      vertex -54 72.5 0
    endloop
  endfacet
  facet normal 0 0 -1
    outer loop
      vertex -56.20874731610807 72.07865891532951 0
      vertex -55.49213932298913 72.31149896677178 0
      vertex -55.12428788751435 72.39372350437213 0
    endloop
  endfacet
  facet normal 0 0 -1
    outer loop
      vertex -55.12428788751435 72.39372350437213 0
      vertex -54.751999401385824 72.45268820788687 0
      vertex -54.37674311717588 72.48816037056963 0
    endloop
  endfacet
  facet normal 0 0 -1
    outer loop
      vertex -55.12428788751435 72.39372350437213 0
      vertex -54.37674311717588 72.48816037056963 0
      vertex -54 72.5 0
    endloop
  endfacet
  facet normal 0 0 -1
    outer loop
      vertex -54 72.5 0
      vertex -45.12540627160137 64.25 0
      vertex -45.12540627160137 53.75 0
    endloop
  endfacet
  facet normal -0.5090414157503723 0.860742027003943 0
    outer loop
      vertex -57.21496076987398 71.56596755301209 0
      vertex -56.89052204461029 71.75784008026318 25.91130999172963
      vertex -56.89052204461029 71.75784008026318 0
    endloop
  endfacet
  facet normal -0.453990499739532 0.8910065241883754 0
    outer loop
      vertex -56.89052204461029 71.75784008026318 0
      vertex -56.554675749390434 71.92896231479611 25.712691046412985
      vertex -56.554675749390434 71.92896231479611 0
    endloop
  endfacet
  facet normal -0.39714789063480804 0.9177546256839693 0
    outer loop
      vertex -56.554675749390434 71.92896231479611 0
      vertex -56.20874731610807 72.07865891532951 25.508109541267594
      vertex -56.20874731610807 72.07865891532951 0
    endloop
  endfacet
  facet normal -0.15643446504022288 0.987688340595139 0
    outer loop
      vertex -55.12428788751435 72.39372350437213 0
      vertex -54.751999401385824 72.45268820788687 24.64659122609624
      vertex -54.751999401385824 72.45268820788687 0
    endloop
  endfacet
  facet normal -0.09410831331852197 0.9955619646030791 0
    outer loop
      vertex -54.751999401385824 72.45268820788687 0
      vertex -54.37674311717588 72.48816037056963 24.424665278262186
      vertex -54.37674311717588 72.48816037056963 0
    endloop
  endfacet
  facet normal -0.3387379202452853 0.9408807689542277 0
    outer loop
      vertex -56.20874731610807 72.07865891532951 0
      vertex -55.85410196624969 72.20633909777092 25.298372866029858
      vertex -55.85410196624969 72.20633909777092 0
    endloop
  endfacet
  facet normal -0.2789911060392113 0.9602936856769483 0
    outer loop
      vertex -55.85410196624969 72.20633909777092 0
      vertex -55.49213932298913 72.31149896677178 25.08430875553737
      vertex -55.49213932298913 72.31149896677178 0
    endloop
  endfacet
  facet normal -0.2181432413965621 0.9759167619387429 0
    outer loop
      vertex -55.49213932298913 72.31149896677178 0
      vertex -55.12428788751435 72.39372350437213 24.866762023037655
      vertex -55.12428788751435 72.39372350437213 0
    endloop
  endfacet
  facet normal -0.03141075907812506 0.9995065603657317 0
    outer loop
      vertex -54.37674311717588 72.48816037056963 0
      vertex -54 72.5 24.201860019863275
      vertex -54 72.5 0
    endloop
  endfacet
  facet normal -0.9995065603657317 0.03141075907812506 0
    outer loop
      vertex -60 66.5 0
      vertex -60 66.5 27.804555427071122
      vertex -59.98816037056963 66.87674311717588 0
    endloop
  endfacet
  facet normal -0.9955619646030793 0.09410831331852024 0
    outer loop
      vertex -59.98816037056963 66.87674311717588 0
      vertex -59.98816037056963 66.87674311717588 27.804555427071122
      vertex -59.952688207886865 67.25199940138583 0
    endloop
  endfacet
  facet normal -0.9876883405951389 0.15643446504022288 0
    outer loop
      vertex -59.952688207886865 67.25199940138583 0
      vertex -59.89372350437213 67.62428788751436 27.771434134264908
      vertex -59.89372350437213 67.62428788751436 0
    endloop
  endfacet
  facet normal -0.9759167619387461 0.21814324139654823 0
    outer loop
      vertex -59.89372350437213 67.62428788751436 0
      vertex -59.81149896677179 67.99213932298913 27.715554396214877
      vertex -59.81149896677179 67.99213932298913 0
    endloop
  endfacet
  facet normal -0.8910065241883639 0.4539904997395545 0
    outer loop
      vertex -59.42896231479612 69.05467574939044 0
      vertex -59.25784008026318 69.3905220446103 27.339288205487854
      vertex -59.25784008026318 69.3905220446103 0
    endloop
  endfacet
  facet normal -0.860742027003943 0.5090414157503723 0
    outer loop
      vertex -59.25784008026318 69.3905220446103 0
      vertex -59.06596755301209 69.71496076987398 27.208891770619445
      vertex -59.06596755301209 69.71496076987398 0
    endloop
  endfacet
  facet normal -0.7901550123756972 0.6129070536529676 0
    outer loop
      vertex -58.85410196624969 70.02671151375483 0
      vertex -58.623079456654736 70.32454393849214 26.93594158891765
      vertex -58.623079456654736 70.32454393849214 0
    endloop
  endfacet
  facet normal -0.8270805742745617 0.5620833778521307 8.00866247383012e-17
    outer loop
      vertex -59.06596755301209 69.71496076987398 0
      vertex -58.940947447689645 69.89892226843506 27.123928194778358
      vertex -58.85410196624969 70.02671151375483 0
    endloop
  endfacet
  facet normal -0.9602936856769433 0.27899110603922866 0
    outer loop
      vertex -59.81149896677179 67.99213932298913 0
      vertex -59.70633909777092 68.35410196624969 27.644087823040504
      vertex -59.70633909777092 68.35410196624969 0
    endloop
  endfacet
  facet normal -0.9408807689542299 0.3387379202452793 0
    outer loop
      vertex -59.70633909777092 68.35410196624969 0
      vertex -59.57865891532951 68.70874731610807 27.557316460656143
      vertex -59.57865891532951 68.70874731610807 0
    endloop
  endfacet
  facet normal -0.9177546256839763 0.3971478906347921 0
    outer loop
      vertex -59.57865891532951 68.70874731610807 0
      vertex -59.42896231479612 69.05467574939044 27.455582755987052
      vertex -59.42896231479612 69.05467574939044 0
    endloop
  endfacet
  facet normal -0.7071067811865476 0.7071067811865476 0
    outer loop
      vertex -58.37381176452847 70.60728263557213 0
      vertex -58.10728263557213 70.87381176452847 26.63090019927231
      vertex -58.10728263557213 70.87381176452847 0
    endloop
  endfacet
  facet normal -0.7501110696304565 0.6613118653236554 0
    outer loop
      vertex -58.623079456654736 70.32454393849214 0
      vertex -58.37381176452847 70.60728263557213 26.788525086737025
      vertex -58.37381176452847 70.60728263557213 0
    endloop
  endfacet
  facet normal -0.6613118653236553 0.7501110696304565 0
    outer loop
      vertex -58.10728263557213 70.87381176452847 0
      vertex -57.82454393849214 71.12307945665474 26.46368899994237
      vertex -57.82454393849214 71.12307945665474 0
    endloop
  endfacet
  facet normal -0.6129070536529768 0.7901550123756901 0
    outer loop
      vertex -57.82454393849214 71.12307945665474 0
      vertex -57.52671151375484 71.35410196624969 26.287551394959422
      vertex -57.52671151375484 71.35410196624969 0
    endloop
  endfacet
  facet normal -0.5620833778521218 0.8270805742745677 0
    outer loop
      vertex -57.52671151375484 71.35410196624969 0
      vertex -57.21496076987398 71.56596755301209 26.103182518980724
      vertex -57.21496076987398 71.56596755301209 0
    endloop
  endfacet
  facet normal -1 0 0
    outer loop
      vertex -60 66.5 0
      vertex -60 53.75 19.80603790886457
      vertex -60 64.25 19.80603790886457
    endloop
  endfacet
  facet normal 0 1 0
    outer loop
      vertex -54 72.5 0
      vertex -46.83572207215797 72.5 20.46902422873785
      vertex -40.49370079531457 72.5 17.724586552292337
    endloop
  endfacet
  facet normal 0 1 0
    outer loop
      vertex -54 72.5 0
      vertex -33.991869381244214 72.5 15.383783207533114
      vertex -27.355887588134035 72.5 13.455852275850589
    endloop
  endfacet
  facet normal 0 1 0
    outer loop
      vertex -54 72.5 0
      vertex -27.355887588134035 72.5 13.455852275850589
      vertex -20.61194460442973 72.5 11.948402419844257
    endloop
  endfacet
  facet normal 0 1 0
    outer loop
      vertex -54 72.5 0
      vertex -40.49370079531457 72.5 17.724586552292337
      vertex -33.991869381244214 72.5 15.383783207533114
    endloop
  endfacet
  facet normal 0 0 -1
    outer loop
      vertex 60 -66.5 0
      vertex -42.87459372839864 53.75 0
      vertex -42.87459372839864 64.25 0
    endloop
  endfacet
  facet normal 0 0 -1
    outer loop
      vertex -54 72.5 0
      vertex 58.623079456654736 70.32454393849214 0
      vertex -45.12540627160137 64.25 0
    endloop
  endfacet
  facet normal 0 0 -1
    outer loop
      vertex 58.623079456654736 70.32454393849214 0
      vertex -42.87459372839864 64.25 0
      vertex -45.12540627160137 64.25 0
    endloop
  endfacet
  facet normal 0 1 0
    outer loop
      vertex -54 72.5 0
      vertex -13.786655692073447 72.5 10.867382855407428
      vertex 54 72.5 0
    endloop
  endfacet
  facet normal 0 1 0
    outer loop
      vertex -54 72.5 0
      vertex -20.61194460442973 72.5 11.948402419844257
      vertex -13.786655692073447 72.5 10.867382855407428
    endloop
  endfacet
  facet normal -1 0 0
    outer loop
      vertex -60 -66.5 0
      vertex -60 53.75 22.803072945277677
      vertex -60 53.75 19.80603790886457
    endloop
  endfacet
  facet normal -1 0 0
    outer loop
      vertex -60 -66.5 0
      vertex -60 66.5 27.804555427071122
      vertex -60 53.75 22.803072945277677
    endloop
  endfacet
  facet normal 0 0 1
    outer loop
      vertex -60 -66.5 27.804555427071122
      vertex -59.94246000673866 67.31657772187768 27.804555427071122
      vertex -60 66.5 27.804555427071122
    endloop
  endfacet
  facet normal -1 0 0
    outer loop
      vertex -60 66.5 0
      vertex -60 64.25 19.80603790886457
      vertex -60 64.25 22.803072945277677
    endloop
  endfacet
  facet normal -1 0 0
    outer loop
      vertex -60 66.5 0
      vertex -60 64.25 22.803072945277677
      vertex -60 66.5 27.804555427071122
    endloop
  endfacet
  facet normal -0.397147890634808 0.9177546256839693 0
    outer loop
      vertex -56.554675749390434 71.92896231479611 0
      vertex -56.554675749390434 71.92896231479611 25.712691046412985
      vertex -56.20874731610807 72.07865891532951 25.508109541267594
    endloop
  endfacet
  facet normal -0.453990499739532 0.8910065241883754 0
    outer loop
      vertex -56.89052204461029 71.75784008026318 0
      vertex -56.89052204461029 71.75784008026318 25.91130999172963
      vertex -56.554675749390434 71.92896231479611 25.712691046412985
    endloop
  endfacet
  facet normal -0.5090414157503723 0.8607420270039431 0
    outer loop
      vertex -57.21496076987398 71.56596755301209 0
      vertex -57.21496076987398 71.56596755301209 26.103182518980724
      vertex -56.89052204461029 71.75784008026318 25.91130999172963
    endloop
  endfacet
  facet normal -0.15643446504022288 0.987688340595139 0
    outer loop
      vertex -55.12428788751435 72.39372350437213 0
      vertex -55.12428788751435 72.39372350437213 24.866762023037655
      vertex -54.751999401385824 72.45268820788687 24.64659122609624
    endloop
  endfacet
  facet normal -0.094108313318522 0.9955619646030793 0
    outer loop
      vertex -54.751999401385824 72.45268820788687 0
      vertex -54.751999401385824 72.45268820788687 24.64659122609624
      vertex -54.37674311717588 72.48816037056963 24.424665278262186
    endloop
  endfacet
  facet normal 0 1 0
    outer loop
      vertex -54 72.5 0
      vertex -54 72.5 24.201860019863275
      vertex -52.99290415118869 72.5 23.606265195175013
    endloop
  endfacet
  facet normal -0.03141075907812506 0.9995065603657316 0
    outer loop
      vertex -54.37674311717588 72.48816037056963 0
      vertex -54.37674311717588 72.48816037056963 24.424665278262186
      vertex -54 72.5 24.201860019863275
    endloop
  endfacet
  facet normal -0.21814324139656216 0.9759167619387431 0
    outer loop
      vertex -55.49213932298913 72.31149896677178 0
      vertex -55.49213932298913 72.31149896677178 25.08430875553737
      vertex -55.12428788751435 72.39372350437213 24.866762023037655
    endloop
  endfacet
  facet normal -0.3387379202452853 0.9408807689542276 0
    outer loop
      vertex -56.20874731610807 72.07865891532951 0
      vertex -56.20874731610807 72.07865891532951 25.508109541267594
      vertex -55.85410196624969 72.20633909777092 25.298372866029858
    endloop
  endfacet
  facet normal -0.27899110603921135 0.9602936856769484 0
    outer loop
      vertex -55.85410196624969 72.20633909777092 0
      vertex -55.85410196624969 72.20633909777092 25.298372866029858
      vertex -55.49213932298913 72.31149896677178 25.08430875553737
    endloop
  endfacet
  facet normal 0 1 0
    outer loop
      vertex -54 72.5 0
      vertex -52.99290415118869 72.5 23.606265195175013
      vertex -46.83572207215797 72.5 20.46902422873785
    endloop
  endfacet
  facet normal -0.9995065603657317 0.03141075907812506 0
    outer loop
      vertex -59.98816037056963 66.87674311717588 0
      vertex -60 66.5 27.804555427071122
      vertex -59.98816037056963 66.87674311717588 27.804555427071122
    endloop
  endfacet
  facet normal -0.9955619646030793 0.09410831331852024 0
    outer loop
      vertex -59.952688207886865 67.25199940138583 0
      vertex -59.98816037056963 66.87674311717588 27.804555427071122
      vertex -59.952688207886865 67.25199940138583 27.804555427071122
    endloop
  endfacet
  facet normal -0.9876883405951391 0.1564344650402229 0
    outer loop
      vertex -59.952688207886865 67.25199940138583 0
      vertex -59.952688207886865 67.25199940138583 27.804555427071122
      vertex -59.89372350437213 67.62428788751436 27.771434134264908
    endloop
  endfacet
  facet normal -0.9759167619387461 0.21814324139654823 0
    outer loop
      vertex -59.89372350437213 67.62428788751436 0
      vertex -59.89372350437213 67.62428788751436 27.771434134264908
      vertex -59.81149896677179 67.99213932298913 27.715554396214877
    endloop
  endfacet
  facet normal -0.860742027003943 0.5090414157503723 0
    outer loop
      vertex -59.25784008026318 69.3905220446103 0
      vertex -59.25784008026318 69.3905220446103 27.339288205487854
      vertex -59.06596755301209 69.71496076987398 27.208891770619445
    endloop
  endfacet
  facet normal -0.7901550123756972 0.6129070536529677 0
    outer loop
      vertex -58.85410196624969 70.02671151375483 0
      vertex -58.85410196624969 70.02671151375483 27.072567920228273
      vertex -58.623079456654736 70.32454393849214 26.93594158891765
    endloop
  endfacet
  facet normal -0.8270805742745564 0.5620833778521388 0
    outer loop
      vertex -59.06596755301209 69.71496076987398 0
      vertex -59.06596755301209 69.71496076987398 27.208891770619445
      vertex -58.940947447689645 69.89892226843506 27.123928194778358
    endloop
  endfacet
  facet normal -0.8270805742745697 0.5620833778521191 0
    outer loop
      vertex -58.85410196624969 70.02671151375483 0
      vertex -58.940947447689645 69.89892226843506 27.123928194778358
      vertex -58.85410196624969 70.02671151375483 27.072567920228273
    endloop
  endfacet
  facet normal -0.7071067811865476 0.7071067811865476 0
    outer loop
      vertex -58.37381176452847 70.60728263557213 0
      vertex -58.37381176452847 70.60728263557213 26.788525086737025
      vertex -58.10728263557213 70.87381176452847 26.63090019927231
    endloop
  endfacet
  facet normal -0.7501110696304565 0.6613118653236554 0
    outer loop
      vertex -58.623079456654736 70.32454393849214 0
      vertex -58.623079456654736 70.32454393849214 26.93594158891765
      vertex -58.37381176452847 70.60728263557213 26.788525086737025
    endloop
  endfacet
  facet normal -0.6129070536529768 0.7901550123756901 0
    outer loop
      vertex -57.82454393849214 71.12307945665474 0
      vertex -57.82454393849214 71.12307945665474 26.46368899994237
      vertex -57.52671151375484 71.35410196624969 26.287551394959422
    endloop
  endfacet
  facet normal -0.6613118653236554 0.7501110696304565 0
    outer loop
      vertex -58.10728263557213 70.87381176452847 0
      vertex -58.10728263557213 70.87381176452847 26.63090019927231
      vertex -57.82454393849214 71.12307945665474 26.46368899994237
    endloop
  endfacet
  facet normal -0.5620833778521219 0.8270805742745677 0
    outer loop
      vertex -57.52671151375484 71.35410196624969 0
      vertex -57.52671151375484 71.35410196624969 26.287551394959422
      vertex -57.21496076987398 71.56596755301209 26.103182518980724
    endloop
  endfacet
  facet normal -0.9602936856769432 0.27899110603922866 0
    outer loop
      vertex -59.81149896677179 67.99213932298913 0
      vertex -59.81149896677179 67.99213932298913 27.715554396214877
      vertex -59.70633909777092 68.35410196624969 27.644087823040504
    endloop
  endfacet
  facet normal -0.9408807689542299 0.3387379202452793 0
    outer loop
      vertex -59.70633909777092 68.35410196624969 0
      vertex -59.70633909777092 68.35410196624969 27.644087823040504
      vertex -59.57865891532951 68.70874731610807 27.557316460656143
    endloop
  endfacet
  facet normal -0.9177546256839763 0.39714789063479206 0
    outer loop
      vertex -59.57865891532951 68.70874731610807 0
      vertex -59.57865891532951 68.70874731610807 27.557316460656143
      vertex -59.42896231479612 69.05467574939044 27.455582755987052
    endloop
  endfacet
  facet normal -0.8910065241883639 0.4539904997395545 0
    outer loop
      vertex -59.42896231479612 69.05467574939044 0
      vertex -59.42896231479612 69.05467574939044 27.455582755987052
      vertex -59.25784008026318 69.3905220446103 27.339288205487854
    endloop
  endfacet
  facet normal -1 0 0
    outer loop
      vertex -60 66.5 27.804555427071122
      vertex -60 64.25 22.803072945277677
      vertex -60 53.75 22.803072945277677
    endloop
  endfacet
  facet normal 0 0 1
    outer loop
      vertex -60 66.5 27.804555427071122
      vertex -59.94246000673866 67.31657772187768 27.804555427071122
      vertex -59.98816037056963 66.87674311717588 27.804555427071122
    endloop
  endfacet
  facet normal 0 0 1
    outer loop
      vertex -59.98816037056963 66.87674311717588 27.804555427071122
      vertex -59.94246000673866 67.31657772187768 27.804555427071122
      vertex -59.952688207886865 67.25199940138583 27.804555427071122
    endloop
  endfacet
  facet normal -0.9876883405951329 0.1564344650402608 4.371695466290666e-13
    outer loop
      vertex -59.952688207886865 67.25199940138583 27.804555427071122
      vertex -59.94246000673866 67.31657772187768 27.804555427071122
      vertex -59.89372350437213 67.62428788751436 27.771434134264908
    endloop
  endfacet
  facet normal 0 0 -1
    outer loop
      vertex -42.87459372839864 -53.75 0
      vertex 42.87459372839864 -53.75 0
      vertex 42.87459372839864 -64.25 0
    endloop
  endfacet
  facet normal 0 -1 0
    outer loop
      vertex -54 -72.5 0
      vertex 54 -72.5 0
      vertex 13.786655692073447 -72.5 10.867382855407428
    endloop
  endfacet
  facet normal 0 0 -1
    outer loop
      vertex -54 -72.5 0
      vertex 58.623079456654736 -70.32454393849214 0
      vertex 54 -72.5 0
    endloop
  endfacet
  facet normal 0 0 -1
    outer loop
      vertex -58.623079456654736 -70.32454393849214 0
      vertex 60 -66.5 0
      vertex 58.623079456654736 -70.32454393849214 0
    endloop
  endfacet
  facet normal 0 0 -1
    outer loop
      vertex 60 -66.5 0
      vertex -42.87459372839864 -64.25 0
      vertex 42.87459372839864 -64.25 0
    endloop
  endfacet
  facet normal 0 -1 0
    outer loop
      vertex 54 -72.5 0
      vertex 20.61194460442973 -72.5 11.948402419844257
      vertex 13.786655692073447 -72.5 10.867382855407428
    endloop
  endfacet
  facet normal 0 0 -1
    outer loop
      vertex 60 -66.5 0
      vertex 45.12540627160137 -53.75 0
      vertex -42.87459372839864 53.75 0
    endloop
  endfacet
  facet normal 0 0 -1
    outer loop
      vertex -42.87459372839864 53.75 0
      vertex 45.12540627160137 -53.75 0
      vertex 42.87459372839864 -53.75 0
    endloop
  endfacet
  facet normal 0 0 -1
    outer loop
      vertex 60 -66.5 0
      vertex 42.87459372839864 -64.25 0
      vertex 45.12540627160137 -64.25 0
    endloop
  endfacet
  facet normal 0 0 -1
    outer loop
      vertex 60 -66.5 0
      vertex 45.12540627160137 -64.25 0
      vertex 45.12540627160137 -53.75 0
    endloop
  endfacet
  facet normal 0 0 -1
    outer loop
      vertex 54 -72.5 0
      vertex 55.12428788751435 -72.39372350437213 0
      vertex 54.376743117175884 -72.48816037056963 0
    endloop
  endfacet
  facet normal 0 0 -1
    outer loop
      vertex 54.376743117175884 -72.48816037056963 0
      vertex 55.12428788751435 -72.39372350437213 0
      vertex 54.751999401385824 -72.45268820788687 0
    endloop
  endfacet
  facet normal 0 0 -1
    outer loop
      vertex 54 -72.5 0
      vertex 56.554675749390434 -71.92896231479612 0
      vertex 55.12428788751435 -72.39372350437213 0
    endloop
  endfacet
  facet normal 0 0 -1
    outer loop
      vertex 55.12428788751435 -72.39372350437213 0
      vertex 55.85410196624969 -72.20633909777092 0
      vertex 55.492139322989125 -72.3114989667718 0
    endloop
  endfacet
  facet normal 0 0 -1
    outer loop
      vertex 55.12428788751435 -72.39372350437213 0
      vertex 56.554675749390434 -71.92896231479612 0
      vertex 55.85410196624969 -72.20633909777092 0
    endloop
  endfacet
  facet normal 0 0 -1
    outer loop
      vertex 55.85410196624969 -72.20633909777092 0
      vertex 56.554675749390434 -71.92896231479612 0
      vertex 56.208747316108074 -72.07865891532951 0
    endloop
  endfacet
  facet normal 0 0 -1
    outer loop
      vertex 54 -72.5 0
      vertex 58.623079456654736 -70.32454393849214 0
      vertex 56.554675749390434 -71.92896231479612 0
    endloop
  endfacet
  facet normal 0 0 -1
    outer loop
      vertex 56.554675749390434 -71.92896231479612 0
      vertex 57.52671151375484 -71.35410196624969 0
      vertex 56.89052204461029 -71.75784008026318 0
    endloop
  endfacet
  facet normal 0 0 -1
    outer loop
      vertex 56.89052204461029 -71.75784008026318 0
      vertex 57.52671151375484 -71.35410196624969 0
      vertex 57.214960769873976 -71.56596755301209 0
    endloop
  endfacet
  facet normal 0 0 -1
    outer loop
      vertex 56.554675749390434 -71.92896231479612 0
      vertex 58.623079456654736 -70.32454393849214 0
      vertex 57.52671151375484 -71.35410196624969 0
    endloop
  endfacet
  facet normal 0 0 -1
    outer loop
      vertex 57.52671151375484 -71.35410196624969 0
      vertex 58.10728263557213 -70.87381176452847 0
      vertex 57.82454393849214 -71.12307945665474 0
    endloop
  endfacet
  facet normal 0 0 -1
    outer loop
      vertex 57.52671151375484 -71.35410196624969 0
      vertex 58.623079456654736 -70.32454393849214 0
      vertex 58.10728263557213 -70.87381176452847 0
    endloop
  endfacet
  facet normal 0 0 -1
    outer loop
      vertex 58.10728263557213 -70.87381176452847 0
      vertex 58.623079456654736 -70.32454393849214 0
      vertex 58.37381176452847 -70.60728263557213 0
    endloop
  endfacet
  facet normal 0 0 -1
    outer loop
      vertex 58.623079456654736 -70.32454393849214 0
      vertex 59.065967553012094 -69.71496076987398 0
      vertex 58.85410196624969 -70.02671151375483 0
    endloop
  endfacet
  facet normal 0 0 -1
    outer loop
      vertex 58.623079456654736 -70.32454393849214 0
      vertex 59.578658915329505 -68.70874731610807 0
      vertex 59.065967553012094 -69.71496076987398 0
    endloop
  endfacet
  facet normal 0 0 -1
    outer loop
      vertex 59.065967553012094 -69.71496076987398 0
      vertex 59.42896231479612 -69.05467574939044 0
      vertex 59.25784008026318 -69.3905220446103 0
    endloop
  endfacet
  facet normal 0 0 -1
    outer loop
      vertex 59.065967553012094 -69.71496076987398 0
      vertex 59.578658915329505 -68.70874731610807 0
      vertex 59.42896231479612 -69.05467574939044 0
    endloop
  endfacet
  facet normal 0 0 -1
    outer loop
      vertex 58.623079456654736 -70.32454393849214 0
      vertex 60 -66.5 0
      vertex 59.578658915329505 -68.70874731610807 0
    endloop
  endfacet
  facet normal 0 0 -1
    outer loop
      vertex 59.578658915329505 -68.70874731610807 0
      vertex 59.89372350437213 -67.62428788751436 0
      vertex 59.70633909777092 -68.35410196624969 0
    endloop
  endfacet
  facet normal 0 0 -1
    outer loop
      vertex 59.70633909777092 -68.35410196624969 0
      vertex 59.89372350437213 -67.62428788751436 0
      vertex 59.81149896677179 -67.99213932298913 0
    endloop
  endfacet
  facet normal 0 0 -1
    outer loop
      vertex 59.578658915329505 -68.70874731610807 0
      vertex 60 -66.5 0
      vertex 59.89372350437213 -67.62428788751436 0
    endloop
  endfacet
  facet normal 0 0 -1
    outer loop
      vertex 59.89372350437213 -67.62428788751436 0
      vertex 60 -66.5 0
      vertex 59.952688207886865 -67.25199940138583 0
    endloop
  endfacet
  facet normal 0 0 -1
    outer loop
      vertex 59.952688207886865 -67.25199940138583 0
      vertex 60 -66.5 0
      vertex 59.98816037056963 -66.87674311717588 0
    endloop
  endfacet
  facet normal 0 -1 0
    outer loop
      vertex 54 -72.5 0
      vertex 27.35588758813399 -72.5 13.455852275850575
      vertex 20.61194460442973 -72.5 11.948402419844257
    endloop
  endfacet
  facet normal 0 -1 0
    outer loop
      vertex 54 -72.5 0
      vertex 33.991869381244214 -72.5 15.383783207533114
      vertex 27.35588758813399 -72.5 13.455852275850575
    endloop
  endfacet
  facet normal 0 -1 0
    outer loop
      vertex 54 -72.5 0
      vertex 40.49370079531462 -72.5 17.724586552292365
      vertex 33.991869381244214 -72.5 15.383783207533114
    endloop
  endfacet
  facet normal 0.03141075907812447 -0.9995065603657317 0
    outer loop
      vertex 54 -72.5 0
      vertex 54.376743117175884 -72.48816037056963 0
      vertex 54 -72.5 24.201860019863272
    endloop
  endfacet
  facet normal 0.09410831331852375 -0.9955619646030791 0
    outer loop
      vertex 54.376743117175884 -72.48816037056963 0
      vertex 54.751999401385824 -72.45268820788687 0
      vertex 54.376743117175884 -72.48816037056963 24.42466527826219
    endloop
  endfacet
  facet normal 0.15643446504022288 -0.987688340595139 0
    outer loop
      vertex 54.751999401385824 -72.45268820788687 0
      vertex 55.12428788751435 -72.39372350437213 0
      vertex 54.751999401385824 -72.45268820788687 24.646591226096238
    endloop
  endfacet
  facet normal 0.21814324139653027 -0.9759167619387502 0
    outer loop
      vertex 55.12428788751435 -72.39372350437213 0
      vertex 55.492139322989125 -72.3114989667718 0
      vertex 55.12428788751435 -72.39372350437213 24.86676202303765
    endloop
  endfacet
  facet normal 0.278991106039241 -0.9602936856769396 0
    outer loop
      vertex 55.492139322989125 -72.3114989667718 0
      vertex 55.85410196624969 -72.20633909777092 0
      vertex 55.492139322989125 -72.3114989667718 25.084308755537364
    endloop
  endfacet
  facet normal 0.3387379202452794 -0.9408807689542299 0
    outer loop
      vertex 55.85410196624969 -72.20633909777092 0
      vertex 56.208747316108074 -72.07865891532951 0
      vertex 55.85410196624969 -72.20633909777092 25.298372866029855
    endloop
  endfacet
  facet normal 0.3971478906347832 -0.9177546256839801 0
    outer loop
      vertex 56.208747316108074 -72.07865891532951 0
      vertex 56.554675749390434 -71.92896231479612 0
      vertex 56.208747316108074 -72.07865891532951 25.508109541267594
    endloop
  endfacet
  facet normal 0.4539904997395619 -0.8910065241883602 0
    outer loop
      vertex 56.554675749390434 -71.92896231479612 0
      vertex 56.89052204461029 -71.75784008026318 0
      vertex 56.554675749390434 -71.92896231479612 25.712691046412985
    endloop
  endfacet
  facet normal 0.5090414157503806 -0.8607420270039382 0
    outer loop
      vertex 56.89052204461029 -71.75784008026318 0
      vertex 57.214960769873976 -71.56596755301209 0
      vertex 56.89052204461029 -71.75784008026318 25.911309991729627
    endloop
  endfacet
  facet normal 0.5620833778521133 -0.8270805742745737 0
    outer loop
      vertex 57.214960769873976 -71.56596755301209 0
      vertex 57.52671151375484 -71.35410196624969 0
      vertex 57.214960769873976 -71.56596755301209 26.103182518980717
    endloop
  endfacet
  facet normal 0.6129070536529768 -0.7901550123756902 0
    outer loop
      vertex 57.52671151375484 -71.35410196624969 0
      vertex 57.82454393849214 -71.12307945665474 0
      vertex 57.52671151375484 -71.35410196624969 26.28755139495942
    endloop
  endfacet
  facet normal 0.6613118653236554 -0.7501110696304565 0
    outer loop
      vertex 57.82454393849214 -71.12307945665474 0
      vertex 58.10728263557213 -70.87381176452847 0
      vertex 57.82454393849214 -71.12307945665474 26.463688999942367
    endloop
  endfacet
  facet normal 0.7071067811865476 -0.7071067811865476 0
    outer loop
      vertex 58.10728263557213 -70.87381176452847 0
      vertex 58.37381176452847 -70.60728263557213 0
      vertex 58.10728263557213 -70.87381176452847 26.630900199272308
    endloop
  endfacet
  facet normal 0.7501110696304565 -0.6613118653236554 0
    outer loop
      vertex 58.37381176452847 -70.60728263557213 0
      vertex 58.623079456654736 -70.32454393849214 0
      vertex 58.37381176452847 -70.60728263557213 26.78852508673702
    endloop
  endfacet
  facet normal 0.7901550123756971 -0.6129070536529676 0
    outer loop
      vertex 58.623079456654736 -70.32454393849214 0
      vertex 58.85410196624969 -70.02671151375483 0
      vertex 58.623079456654736 -70.32454393849214 26.935941588917647
    endloop
  endfacet
  facet normal 0.8270805742745531 -0.5620833778521436 5.73501677151389e-17
    outer loop
      vertex 58.85410196624969 -70.02671151375483 0
      vertex 59.065967553012094 -69.71496076987398 0
      vertex 58.94094744768958 -69.89892226843516 27.123928194778316
    endloop
  endfacet
  facet normal 0.8607420270039512 -0.5090414157503583 0
    outer loop
      vertex 59.065967553012094 -69.71496076987398 0
      vertex 59.25784008026318 -69.3905220446103 0
      vertex 59.065967553012094 -69.71496076987398 27.208891770619452
    endloop
  endfacet
  facet normal 0.8910065241883639 -0.4539904997395545 0
    outer loop
      vertex 59.25784008026318 -69.3905220446103 0
      vertex 59.42896231479612 -69.05467574939044 0
      vertex 59.25784008026318 -69.3905220446103 27.339288205487854
    endloop
  endfacet
  facet normal 0.9177546256839831 -0.39714789063477623 0
    outer loop
      vertex 59.42896231479612 -69.05467574939044 0
      vertex 59.578658915329505 -68.70874731610807 0
      vertex 59.42896231479612 -69.05467574939044 27.455582755987052
    endloop
  endfacet
  facet normal 0.9408807689542239 -0.33873792024529603 0
    outer loop
      vertex 59.578658915329505 -68.70874731610807 0
      vertex 59.70633909777092 -68.35410196624969 0
      vertex 59.578658915329505 -68.70874731610807 27.55731646065614
    endloop
  endfacet
  facet normal 0.9602936856769433 -0.2789911060392287 0
    outer loop
      vertex 59.70633909777092 -68.35410196624969 0
      vertex 59.81149896677179 -67.99213932298913 0
      vertex 59.70633909777092 -68.35410196624969 27.644087823040508
    endloop
  endfacet
  facet normal 0.9759167619387461 -0.21814324139654823 0
    outer loop
      vertex 59.81149896677179 -67.99213932298913 0
      vertex 59.89372350437213 -67.62428788751436 0
      vertex 59.81149896677179 -67.99213932298913 27.715554396214877
    endloop
  endfacet
  facet normal 0.9876883405951389 -0.15643446504022288 0
    outer loop
      vertex 59.89372350437213 -67.62428788751436 0
      vertex 59.952688207886865 -67.25199940138583 0
      vertex 59.89372350437213 -67.62428788751436 27.771434134264908
    endloop
  endfacet
  facet normal 0.9955619646030793 -0.09410831331852024 0
    outer loop
      vertex 59.952688207886865 -67.25199940138583 0
      vertex 59.98816037056963 -66.87674311717588 0
      vertex 59.98816037056963 -66.87674311717588 27.804555427071122
    endloop
  endfacet
  facet normal 0.9995065603657317 -0.03141075907812506 0
    outer loop
      vertex 59.98816037056963 -66.87674311717588 0
      vertex 60 -66.5 0
      vertex 60 -66.5 27.804555427071122
    endloop
  endfacet
  facet normal 0 -1 0
    outer loop
      vertex 54 -72.5 0
      vertex 46.83572207215797 -72.5 20.46902422873785
      vertex 40.49370079531462 -72.5 17.724586552292365
    endloop
  endfacet
  facet normal 1 0 0
    outer loop
      vertex 60 -66.5 0
      vertex 60 -53.75 19.80603790886457
      vertex 60 -64.25 19.80603790886457
    endloop
  endfacet
  facet normal 1 0 0
    outer loop
      vertex 60 -66.5 0
      vertex 60 66.5 0
      vertex 60 -53.75 19.80603790886457
    endloop
  endfacet
  facet normal 0 -1 0
    outer loop
      vertex 54 -72.5 0
      vertex 52.99290415118869 -72.5 23.606265195175013
      vertex 46.83572207215797 -72.5 20.46902422873785
    endloop
  endfacet
  facet normal 1 0 0
    outer loop
      vertex 60 -66.5 0
      vertex 60 -64.25 19.80603790886457
      vertex 60 -64.25 22.803072945277677
    endloop
  endfacet
  facet normal 0 -1 0
    outer loop
      vertex 54 -72.5 0
      vertex 54 -72.5 24.201860019863272
      vertex 52.99290415118869 -72.5 23.606265195175013
    endloop
  endfacet
  facet normal 0.03141075907812447 -0.9995065603657316 0
    outer loop
      vertex 54.376743117175884 -72.48816037056963 0
      vertex 54.376743117175884 -72.48816037056963 24.42466527826219
      vertex 54 -72.5 24.201860019863272
    endloop
  endfacet
  facet normal 0.09410831331852376 -0.995561964603079 0
    outer loop
      vertex 54.751999401385824 -72.45268820788687 0
      vertex 54.751999401385824 -72.45268820788687 24.646591226096238
      vertex 54.376743117175884 -72.48816037056963 24.42466527826219
    endloop
  endfacet
  facet normal 0.15643446504022288 -0.987688340595139 0
    outer loop
      vertex 55.12428788751435 -72.39372350437213 0
      vertex 55.12428788751435 -72.39372350437213 24.86676202303765
      vertex 54.751999401385824 -72.45268820788687 24.646591226096238
    endloop
  endfacet
  facet normal 0.21814324139653024 -0.9759167619387501 0
    outer loop
      vertex 55.492139322989125 -72.3114989667718 0
      vertex 55.492139322989125 -72.3114989667718 25.084308755537364
      vertex 55.12428788751435 -72.39372350437213 24.86676202303765
    endloop
  endfacet
  facet normal 0.278991106039241 -0.9602936856769396 0
    outer loop
      vertex 55.85410196624969 -72.20633909777092 0
      vertex 55.85410196624969 -72.20633909777092 25.298372866029855
      vertex 55.492139322989125 -72.3114989667718 25.084308755537364
    endloop
  endfacet
  facet normal 0.3387379202452794 -0.9408807689542299 0
    outer loop
      vertex 56.208747316108074 -72.07865891532951 0
      vertex 56.208747316108074 -72.07865891532951 25.508109541267594
      vertex 55.85410196624969 -72.20633909777092 25.298372866029855
    endloop
  endfacet
  facet normal 0.3971478906347832 -0.9177546256839801 0
    outer loop
      vertex 56.554675749390434 -71.92896231479612 0
      vertex 56.554675749390434 -71.92896231479612 25.712691046412985
      vertex 56.208747316108074 -72.07865891532951 25.508109541267594
    endloop
  endfacet
  facet normal 0.4539904997395619 -0.8910065241883601 0
    outer loop
      vertex 56.89052204461029 -71.75784008026318 0
      vertex 56.89052204461029 -71.75784008026318 25.911309991729627
      vertex 56.554675749390434 -71.92896231479612 25.712691046412985
    endloop
  endfacet
  facet normal 0.5090414157503806 -0.8607420270039382 0
    outer loop
      vertex 57.214960769873976 -71.56596755301209 0
      vertex 57.214960769873976 -71.56596755301209 26.103182518980717
      vertex 56.89052204461029 -71.75784008026318 25.911309991729627
    endloop
  endfacet
  facet normal 1 0 0
    outer loop
      vertex 60 -66.5 0
      vertex 60 -64.25 22.803072945277677
      vertex 60 -66.5 27.804555427071122
    endloop
  endfacet
  facet normal 0.5620833778521132 -0.8270805742745736 0
    outer loop
      vertex 57.52671151375484 -71.35410196624969 0
      vertex 57.52671151375484 -71.35410196624969 26.28755139495942
      vertex 57.214960769873976 -71.56596755301209 26.103182518980717
    endloop
  endfacet
  facet normal 0.6129070536529768 -0.7901550123756901 0
    outer loop
      vertex 57.82454393849214 -71.12307945665474 0
      vertex 57.82454393849214 -71.12307945665474 26.463688999942367
      vertex 57.52671151375484 -71.35410196624969 26.28755139495942
    endloop
  endfacet
  facet normal 0.6613118653236554 -0.7501110696304565 0
    outer loop
      vertex 58.10728263557213 -70.87381176452847 0
      vertex 58.10728263557213 -70.87381176452847 26.630900199272308
      vertex 57.82454393849214 -71.12307945665474 26.463688999942367
    endloop
  endfacet
  facet normal 0.7071067811865476 -0.7071067811865476 0
    outer loop
      vertex 58.37381176452847 -70.60728263557213 0
      vertex 58.37381176452847 -70.60728263557213 26.78852508673702
      vertex 58.10728263557213 -70.87381176452847 26.630900199272308
    endloop
  endfacet
  facet normal 0.7501110696304565 -0.6613118653236554 0
    outer loop
      vertex 58.623079456654736 -70.32454393849214 0
      vertex 58.623079456654736 -70.32454393849214 26.935941588917647
      vertex 58.37381176452847 -70.60728263557213 26.78852508673702
    endloop
  endfacet
  facet normal 0.7901550123756972 -0.6129070536529676 0
    outer loop
      vertex 58.85410196624969 -70.02671151375483 0
      vertex 58.85410196624969 -70.02671151375483 27.07256792022827
      vertex 58.623079456654736 -70.32454393849214 26.935941588917647
    endloop
  endfacet
  facet normal 0.8270805742745586 -0.5620833778521352 0
    outer loop
      vertex 58.85410196624969 -70.02671151375483 0
      vertex 58.94094744768958 -69.89892226843516 27.123928194778316
      vertex 58.85410196624969 -70.02671151375483 27.07256792022827
    endloop
  endfacet
  facet normal 0.8270805742745491 -0.5620833778521495 0
    outer loop
      vertex 59.065967553012094 -69.71496076987398 0
      vertex 59.065967553012094 -69.71496076987398 27.208891770619452
      vertex 58.94094744768958 -69.89892226843516 27.123928194778316
    endloop
  endfacet
  facet normal 0.8607420270039513 -0.5090414157503583 0
    outer loop
      vertex 59.25784008026318 -69.3905220446103 0
      vertex 59.25784008026318 -69.3905220446103 27.339288205487854
      vertex 59.065967553012094 -69.71496076987398 27.208891770619452
    endloop
  endfacet
  facet normal 0.8910065241883639 -0.4539904997395545 0
    outer loop
      vertex 59.42896231479612 -69.05467574939044 0
      vertex 59.42896231479612 -69.05467574939044 27.455582755987052
      vertex 59.25784008026318 -69.3905220446103 27.339288205487854
    endloop
  endfacet
  facet normal 0.9177546256839829 -0.3971478906347762 0
    outer loop
      vertex 59.578658915329505 -68.70874731610807 0
      vertex 59.578658915329505 -68.70874731610807 27.55731646065614
      vertex 59.42896231479612 -69.05467574939044 27.455582755987052
    endloop
  endfacet
  facet normal 0.9408807689542238 -0.338737920245296 0
    outer loop
      vertex 59.70633909777092 -68.35410196624969 0
      vertex 59.70633909777092 -68.35410196624969 27.644087823040508
      vertex 59.578658915329505 -68.70874731610807 27.55731646065614
    endloop
  endfacet
  facet normal 0.9602936856769432 -0.27899110603922866 0
    outer loop
      vertex 59.81149896677179 -67.99213932298913 0
      vertex 59.81149896677179 -67.99213932298913 27.715554396214877
      vertex 59.70633909777092 -68.35410196624969 27.644087823040508
    endloop
  endfacet
  facet normal 0.9759167619387461 -0.21814324139654823 0
    outer loop
      vertex 59.89372350437213 -67.62428788751436 0
      vertex 59.89372350437213 -67.62428788751436 27.771434134264908
      vertex 59.81149896677179 -67.99213932298913 27.715554396214877
    endloop
  endfacet
  facet normal 0.9876883405951391 -0.1564344650402229 0
    outer loop
      vertex 59.952688207886865 -67.25199940138583 0
      vertex 59.952688207886865 -67.25199940138583 27.804555427071122
      vertex 59.89372350437213 -67.62428788751436 27.771434134264908
    endloop
  endfacet
  facet normal 0.9955619646030793 -0.09410831331852024 0
    outer loop
      vertex 59.952688207886865 -67.25199940138583 0
      vertex 59.98816037056963 -66.87674311717588 27.804555427071122
      vertex 59.952688207886865 -67.25199940138583 27.804555427071122
    endloop
  endfacet
  facet normal 0.9995065603657317 -0.03141075907812506 0
    outer loop
      vertex 59.98816037056963 -66.87674311717588 0
      vertex 60 -66.5 27.804555427071122
      vertex 59.98816037056963 -66.87674311717588 27.804555427071122
    endloop
  endfacet
  facet normal 0.9876883405951329 -0.1564344650402608 4.371695466290666e-13
    outer loop
      vertex 59.952688207886865 -67.25199940138583 27.804555427071122
      vertex 59.94246000673866 -67.31657772187768 27.804555427071122
      vertex 59.89372350437213 -67.62428788751436 27.771434134264908
    endloop
  endfacet
  facet normal 0 0 1
    outer loop
      vertex 59.952688207886865 -67.25199940138583 27.804555427071122
      vertex 59.98816037056963 -66.87674311717588 27.804555427071122
      vertex 59.94246000673866 -67.31657772187768 27.804555427071122
    endloop
  endfacet
  facet normal 0 0 1
    outer loop
      vertex 59.98816037056963 -66.87674311717588 27.804555427071122
      vertex 60 -66.5 27.804555427071122
      vertex 59.94246000673866 -67.31657772187768 27.804555427071122
    endloop
  endfacet
  facet normal 1 0 0
    outer loop
      vertex 60 -66.5 27.804555427071122
      vertex 60 -64.25 22.803072945277677
      vertex 60 -53.75 22.803072945277677
    endloop
  endfacet
  facet normal 1 0 0
    outer loop
      vertex 60 66.5 0
      vertex 60 -53.75 22.803072945277677
      vertex 60 -53.75 19.80603790886457
    endloop
  endfacet
  facet normal 1 0 0
    outer loop
      vertex 60 -66.5 27.804555427071122
      vertex 60 -53.75 22.803072945277677
      vertex 60 66.5 0
    endloop
  endfacet
  facet normal 0 0 1
    outer loop
      vertex 60 -66.5 27.804555427071122
      vertex 59.952688207886865 67.25199940138583 27.804555427071122
      vertex 59.94246000673866 -67.31657772187768 27.804555427071122
    endloop
  endfacet
  facet normal 0 0 -1
    outer loop
      vertex 60 -66.5 0
      vertex -42.87459372839864 64.25 0
      vertex 42.87459372839864 53.75 0
    endloop
  endfacet
  facet normal 0 0 -1
    outer loop
      vertex -42.87459372839864 64.25 0
      vertex 42.87459372839864 64.25 0
      vertex 42.87459372839864 53.75 0
    endloop
  endfacet
  facet normal 0 0 -1
    outer loop
      vertex 58.623079456654736 70.32454393849214 0
      vertex 42.87459372839864 64.25 0
      vertex -42.87459372839864 64.25 0
    endloop
  endfacet
  facet normal 0 0 -1
    outer loop
      vertex -54 72.5 0
      vertex 54 72.5 0
      vertex 58.623079456654736 70.32454393849214 0
    endloop
  endfacet
  facet normal 0 1 0
    outer loop
      vertex 54 72.5 0
      vertex -6.906957148224514 72.5 10.217059872890133
      vertex 0 72.5 10
    endloop
  endfacet
  facet normal 0 1 0
    outer loop
      vertex 54 72.5 0
      vertex 0 72.5 10
      vertex 6.906957148224514 72.5 10.217059872890133
    endloop
  endfacet
  facet normal 0 1 0
    outer loop
      vertex 54 72.5 0
      vertex -13.786655692073447 72.5 10.867382855407428
      vertex -6.906957148224514 72.5 10.217059872890133
    endloop
  endfacet
  facet normal 0 1 0
    outer loop
      vertex 54 72.5 0
      vertex 6.906957148224514 72.5 10.217059872890133
      vertex 13.786655692073447 72.5 10.867382855407428
    endloop
  endfacet
  facet normal 0 1 0
    outer loop
      vertex 54 72.5 0
      vertex 13.786655692073447 72.5 10.867382855407428
      vertex 20.61194460442973 72.5 11.948402419844257
    endloop
  endfacet
  facet normal 0 0 -1
    outer loop
      vertex 60 -66.5 0
      vertex 42.87459372839864 53.75 0
      vertex 45.12540627160137 53.75 0
    endloop
  endfacet
  facet normal 0 0 -1
    outer loop
      vertex 60 -66.5 0
      vertex 45.12540627160137 53.75 0
      vertex 45.12540627160137 64.25 0
    endloop
  endfacet
  facet normal 0 0 -1
    outer loop
      vertex 60 -66.5 0
      vertex 45.12540627160137 64.25 0
      vertex 58.623079456654736 70.32454393849214 0
    endloop
  endfacet
  facet normal 0 0 -1
    outer loop
      vertex 60 -66.5 0
      vertex 58.623079456654736 70.32454393849214 0
      vertex 60 66.5 0
    endloop
  endfacet
  facet normal 0 0 -1
    outer loop
      vertex 58.623079456654736 70.32454393849214 0
      vertex 45.12540627160137 64.25 0
      vertex 42.87459372839864 64.25 0
    endloop
  endfacet
  facet normal 0 0 -1
    outer loop
      vertex 54 72.5 0
      vertex 54.37674311717588 72.48816037056963 0
      vertex 54.751999401385824 72.45268820788687 0
    endloop
  endfacet
  facet normal 0 0 -1
    outer loop
      vertex 54 72.5 0
      vertex 54.751999401385824 72.45268820788687 0
      vertex 55.49213932298913 72.31149896677178 0
    endloop
  endfacet
  facet normal 0 0 -1
    outer loop
      vertex 54.751999401385824 72.45268820788687 0
      vertex 55.12428788751435 72.39372350437213 0
      vertex 55.49213932298913 72.31149896677178 0
    endloop
  endfacet
  facet normal 0 0 -1
    outer loop
      vertex 54 72.5 0
      vertex 55.49213932298913 72.31149896677178 0
      vertex 56.554675749390434 71.92896231479611 0
    endloop
  endfacet
  facet normal 0 0 -1
    outer loop
      vertex 55.49213932298913 72.31149896677178 0
      vertex 55.85410196624969 72.20633909777092 0
      vertex 56.20874731610807 72.07865891532951 0
    endloop
  endfacet
  facet normal 0 0 -1
    outer loop
      vertex 55.49213932298913 72.31149896677178 0
      vertex 56.20874731610807 72.07865891532951 0
      vertex 56.554675749390434 71.92896231479611 0
    endloop
  endfacet
  facet normal 0 0 -1
    outer loop
      vertex 60 66.5 0
      vertex 59.952688207886865 67.25199940138583 0
      vertex 59.98816037056963 66.87674311717588 0
    endloop
  endfacet
  facet normal 0 0 -1
    outer loop
      vertex 60 66.5 0
      vertex 59.70633909777092 68.35410196624969 0
      vertex 59.952688207886865 67.25199940138583 0
    endloop
  endfacet
  facet normal 0 0 -1
    outer loop
      vertex 59.952688207886865 67.25199940138583 0
      vertex 59.70633909777092 68.35410196624969 0
      vertex 59.89372350437213 67.62428788751434 0
    endloop
  endfacet
  facet normal 0 0 -1
    outer loop
      vertex 54 72.5 0
      vertex 56.554675749390434 71.92896231479611 0
      vertex 58.623079456654736 70.32454393849214 0
    endloop
  endfacet
  facet normal 0 0 -1
    outer loop
      vertex 56.554675749390434 71.92896231479611 0
      vertex 56.89052204461029 71.75784008026318 0
      vertex 57.52671151375484 71.35410196624969 0
    endloop
  endfacet
  facet normal 0 0 -1
    outer loop
      vertex 56.554675749390434 71.92896231479611 0
      vertex 57.52671151375484 71.35410196624969 0
      vertex 58.623079456654736 70.32454393849214 0
    endloop
  endfacet
  facet normal 0 0 -1
    outer loop
      vertex 57.52671151375484 71.35410196624969 0
      vertex 57.82454393849214 71.12307945665474 0
      vertex 58.623079456654736 70.32454393849214 0
    endloop
  endfacet
  facet normal 0 0 -1
    outer loop
      vertex 57.82454393849214 71.12307945665474 0
      vertex 58.10728263557213 70.87381176452847 0
      vertex 58.37381176452847 70.60728263557213 0
    endloop
  endfacet
  facet normal 0 0 -1
    outer loop
      vertex 56.89052204461029 71.75784008026318 0
      vertex 57.21496076987398 71.56596755301209 0
      vertex 57.52671151375484 71.35410196624969 0
    endloop
  endfacet
  facet normal 0 0 -1
    outer loop
      vertex 59.25784008026318 69.3905220446103 0
      vertex 58.623079456654736 70.32454393849214 0
      vertex 59.06596755301209 69.71496076987398 0
    endloop
  endfacet
  facet normal 0 0 -1
    outer loop
      vertex 58.85410196624969 70.02671151375483 0
      vertex 59.06596755301209 69.71496076987398 0
      vertex 58.623079456654736 70.32454393849214 0
    endloop
  endfacet
  facet normal 0 0 -1
    outer loop
      vertex 60 66.5 0
      vertex 58.623079456654736 70.32454393849214 0
      vertex 59.70633909777092 68.35410196624969 0
    endloop
  endfacet
  facet normal 0 0 -1
    outer loop
      vertex 59.70633909777092 68.35410196624969 0
      vertex 59.25784008026318 69.3905220446103 0
      vertex 59.578658915329505 68.70874731610807 0
    endloop
  endfacet
  facet normal 0 0 -1
    outer loop
      vertex 59.42896231479612 69.05467574939044 0
      vertex 59.578658915329505 68.70874731610807 0
      vertex 59.25784008026318 69.3905220446103 0
    endloop
  endfacet
  facet normal 0 0 -1
    outer loop
      vertex 59.89372350437213 67.62428788751434 0
      vertex 59.70633909777092 68.35410196624969 0
      vertex 59.81149896677179 67.99213932298913 0
    endloop
  endfacet
  facet normal 0 0 -1
    outer loop
      vertex 59.70633909777092 68.35410196624969 0
      vertex 58.623079456654736 70.32454393849214 0
      vertex 59.25784008026318 69.3905220446103 0
    endloop
  endfacet
  facet normal 0 0 -1
    outer loop
      vertex 57.82454393849214 71.12307945665474 0
      vertex 58.37381176452847 70.60728263557213 0
      vertex 58.623079456654736 70.32454393849214 0
    endloop
  endfacet
  facet normal 0 1 0
    outer loop
      vertex 54 72.5 0
      vertex 20.61194460442973 72.5 11.948402419844257
      vertex 27.35588758813399 72.5 13.455852275850575
    endloop
  endfacet
  facet normal 0 1 0
    outer loop
      vertex 54 72.5 0
      vertex 27.35588758813399 72.5 13.455852275850575
      vertex 33.991869381244214 72.5 15.383783207533114
    endloop
  endfacet
  facet normal 0 1 0
    outer loop
      vertex 54 72.5 0
      vertex 33.991869381244214 72.5 15.383783207533114
      vertex 40.49370079531462 72.5 17.724586552292365
    endloop
  endfacet
  facet normal 0.031410759078125065 0.9995065603657317 0
    outer loop
      vertex 54 72.5 0
      vertex 54 72.5 24.201860019863272
      vertex 54.37674311717588 72.48816037056963 0
    endloop
  endfacet
  facet normal 0.09410831331852201 0.9955619646030793 0
    outer loop
      vertex 54.37674311717588 72.48816037056963 0
      vertex 54.751999401385824 72.45268820788687 24.646591226096238
      vertex 54.751999401385824 72.45268820788687 0
    endloop
  endfacet
  facet normal 0.15643446504022288 0.987688340595139 0
    outer loop
      vertex 54.751999401385824 72.45268820788687 0
      vertex 54.751999401385824 72.45268820788687 24.646591226096238
      vertex 55.12428788751435 72.39372350437213 0
    endloop
  endfacet
  facet normal 0.21814324139656213 0.9759167619387431 0
    outer loop
      vertex 55.12428788751435 72.39372350437213 0
      vertex 55.49213932298913 72.31149896677178 25.084308755537368
      vertex 55.49213932298913 72.31149896677178 0
    endloop
  endfacet
  facet normal 0.2789911060392113 0.9602936856769483 0
    outer loop
      vertex 55.49213932298913 72.31149896677178 0
      vertex 55.49213932298913 72.31149896677178 25.084308755537368
      vertex 55.85410196624969 72.20633909777092 0
    endloop
  endfacet
  facet normal 0.3387379202452853 0.9408807689542276 0
    outer loop
      vertex 55.85410196624969 72.20633909777092 0
      vertex 56.20874731610807 72.07865891532951 25.50810954126759
      vertex 56.20874731610807 72.07865891532951 0
    endloop
  endfacet
  facet normal 0.453990499739532 0.8910065241883754 0
    outer loop
      vertex 56.554675749390434 71.92896231479611 0
      vertex 56.554675749390434 71.92896231479611 25.712691046412985
      vertex 56.89052204461029 71.75784008026318 0
    endloop
  endfacet
  facet normal 0.397147890634808 0.9177546256839693 0
    outer loop
      vertex 56.20874731610807 72.07865891532951 0
      vertex 56.554675749390434 71.92896231479611 25.712691046412985
      vertex 56.554675749390434 71.92896231479611 0
    endloop
  endfacet
  facet normal 0.9995065603657317 0.03141075907812506 0
    outer loop
      vertex 60 66.5 0
      vertex 59.98816037056963 66.87674311717588 0
      vertex 59.98816037056963 66.87674311717588 27.804555427071122
    endloop
  endfacet
  facet normal 0.9955619646030793 0.09410831331852024 0
    outer loop
      vertex 59.98816037056963 66.87674311717588 0
      vertex 59.952688207886865 67.25199940138583 0
      vertex 59.98816037056963 66.87674311717588 27.804555427071122
    endloop
  endfacet
  facet normal 0.9876883405951381 0.1564344650402287 7.647096983658665e-17
    outer loop
      vertex 59.952688207886865 67.25199940138583 0
      vertex 59.89372350437213 67.62428788751434 0
      vertex 59.94246000673866 67.31657772187768 27.804555427071122
    endloop
  endfacet
  facet normal 0.9759167619387479 0.21814324139654015 0
    outer loop
      vertex 59.89372350437213 67.62428788751434 0
      vertex 59.81149896677179 67.99213932298913 0
      vertex 59.89372350437213 67.62428788751434 27.771434134264908
    endloop
  endfacet
  facet normal 0.5090414157503723 0.860742027003943 0
    outer loop
      vertex 56.89052204461029 71.75784008026318 0
      vertex 57.21496076987398 71.56596755301209 26.10318251898072
      vertex 57.21496076987398 71.56596755301209 0
    endloop
  endfacet
  facet normal 0.6129070536529768 0.7901550123756901 0
    outer loop
      vertex 57.52671151375484 71.35410196624969 0
      vertex 57.82454393849214 71.12307945665474 26.463688999942367
      vertex 57.82454393849214 71.12307945665474 0
    endloop
  endfacet
  facet normal 0.6613118653236554 0.7501110696304565 0
    outer loop
      vertex 57.82454393849214 71.12307945665474 0
      vertex 58.10728263557213 70.87381176452847 26.630900199272308
      vertex 58.10728263557213 70.87381176452847 0
    endloop
  endfacet
  facet normal 0.5620833778521218 0.8270805742745676 0
    outer loop
      vertex 57.52671151375484 71.35410196624969 0
      vertex 57.21496076987398 71.56596755301209 0
      vertex 57.21496076987398 71.56596755301209 26.10318251898072
    endloop
  endfacet
  facet normal 0.7901550123756971 0.6129070536529676 0
    outer loop
      vertex 58.85410196624969 70.02671151375483 0
      vertex 58.623079456654736 70.32454393849214 0
      vertex 58.623079456654736 70.32454393849214 26.935941588917647
    endloop
  endfacet
  facet normal 0.8270805742745617 0.5620833778521307 0
    outer loop
      vertex 58.85410196624969 70.02671151375483 0
      vertex 59.06596755301209 69.71496076987398 27.208891770619445
      vertex 59.06596755301209 69.71496076987398 0
    endloop
  endfacet
  facet normal 0.860742027003943 0.5090414157503723 0
    outer loop
      vertex 59.25784008026318 69.3905220446103 0
      vertex 59.06596755301209 69.71496076987398 0
      vertex 59.25784008026318 69.3905220446103 27.339288205487854
    endloop
  endfacet
  facet normal 0.9177546256839829 0.3971478906347762 0
    outer loop
      vertex 59.42896231479612 69.05467574939044 0
      vertex 59.578658915329505 68.70874731610807 27.55731646065614
      vertex 59.578658915329505 68.70874731610807 0
    endloop
  endfacet
  facet normal 0.9408807689542238 0.338737920245296 0
    outer loop
      vertex 59.70633909777092 68.35410196624969 0
      vertex 59.578658915329505 68.70874731610807 0
      vertex 59.70633909777092 68.35410196624969 27.644087823040508
    endloop
  endfacet
  facet normal 0.9602936856769432 0.27899110603922866 0
    outer loop
      vertex 59.70633909777092 68.35410196624969 0
      vertex 59.81149896677179 67.99213932298913 27.715554396214877
      vertex 59.81149896677179 67.99213932298913 0
    endloop
  endfacet
  facet normal 0.8910065241883639 0.4539904997395545 0
    outer loop
      vertex 59.42896231479612 69.05467574939044 0
      vertex 59.25784008026318 69.3905220446103 0
      vertex 59.42896231479612 69.05467574939044 27.455582755987052
    endloop
  endfacet
  facet normal 0.7071067811865476 0.7071067811865476 0
    outer loop
      vertex 58.10728263557213 70.87381176452847 0
      vertex 58.10728263557213 70.87381176452847 26.630900199272308
      vertex 58.37381176452847 70.60728263557213 0
    endloop
  endfacet
  facet normal 0.7501110696304565 0.6613118653236554 0
    outer loop
      vertex 58.37381176452847 70.60728263557213 0
      vertex 58.37381176452847 70.60728263557213 26.78852508673702
      vertex 58.623079456654736 70.32454393849214 0
    endloop
  endfacet
  facet normal 0 1 0
    outer loop
      vertex 54 72.5 0
      vertex 40.49370079531462 72.5 17.724586552292365
      vertex 46.83572207215797 72.5 20.46902422873785
    endloop
  endfacet
  facet normal 1 0 0
    outer loop
      vertex 60 66.5 0
      vertex 60 64.25 19.80603790886457
      vertex 60 53.75 19.80603790886457
    endloop
  endfacet
  facet normal 1 0 0
    outer loop
      vertex 60 -66.5 27.804555427071122
      vertex 60 66.5 0
      vertex 60 53.75 19.80603790886457
    endloop
  endfacet
  facet normal 1 0 0
    outer loop
      vertex 60 -66.5 27.804555427071122
      vertex 60 53.75 19.80603790886457
      vertex 60 53.75 22.803072945277677
    endloop
  endfacet
  facet normal 1 0 0
    outer loop
      vertex 60 -66.5 27.804555427071122
      vertex 60 53.75 22.803072945277677
      vertex 60 64.25 22.803072945277677
    endloop
  endfacet
  facet normal 1 0 0
    outer loop
      vertex 60 -66.5 27.804555427071122
      vertex 60 64.25 22.803072945277677
      vertex 60 66.5 27.804555427071122
    endloop
  endfacet
  facet normal 0 0 1
    outer loop
      vertex 60 -66.5 27.804555427071122
      vertex 60 66.5 27.804555427071122
      vertex 59.952688207886865 67.25199940138583 27.804555427071122
    endloop
  endfacet
  facet normal 0 0 1
    outer loop
      vertex 59.952688207886865 67.25199940138583 27.804555427071122
      vertex 59.94246000673866 67.31657772187768 27.804555427071122
      vertex 59.94246000673866 -67.31657772187768 27.804555427071122
    endloop
  endfacet
  facet normal 0 1 0
    outer loop
      vertex 54 72.5 0
      vertex 46.83572207215797 72.5 20.46902422873785
      vertex 52.99290415118869 72.5 23.606265195175013
    endloop
  endfacet
  facet normal 1 0 0
    outer loop
      vertex 60 66.5 0
      vertex 60 64.25 22.803072945277677
      vertex 60 64.25 19.80603790886457
    endloop
  endfacet
  facet normal 0 1 0
    outer loop
      vertex 54 72.5 0
      vertex 52.99290415118869 72.5 23.606265195175013
      vertex 54 72.5 24.201860019863272
    endloop
  endfacet
  facet normal 0.03141075907812506 0.9995065603657316 0
    outer loop
      vertex 54.37674311717588 72.48816037056963 0
      vertex 54 72.5 24.201860019863272
      vertex 54.37674311717588 72.48816037056963 24.424665278262186
    endloop
  endfacet
  facet normal 0.09410831331852197 0.9955619646030791 0
    outer loop
      vertex 54.37674311717588 72.48816037056963 0
      vertex 54.37674311717588 72.48816037056963 24.424665278262186
      vertex 54.751999401385824 72.45268820788687 24.646591226096238
    endloop
  endfacet
  facet normal 0.15643446504022288 0.987688340595139 0
    outer loop
      vertex 55.12428788751435 72.39372350437213 0
      vertex 54.751999401385824 72.45268820788687 24.646591226096238
      vertex 55.12428788751435 72.39372350437213 24.86676202303765
    endloop
  endfacet
  facet normal 0.21814324139656216 0.9759167619387431 0
    outer loop
      vertex 55.12428788751435 72.39372350437213 0
      vertex 55.12428788751435 72.39372350437213 24.86676202303765
      vertex 55.49213932298913 72.31149896677178 25.084308755537368
    endloop
  endfacet
  facet normal 0.2789911060392113 0.9602936856769484 0
    outer loop
      vertex 55.85410196624969 72.20633909777092 0
      vertex 55.49213932298913 72.31149896677178 25.084308755537368
      vertex 55.85410196624969 72.20633909777092 25.298372866029855
    endloop
  endfacet
  facet normal 0.33873792024528526 0.9408807689542276 0
    outer loop
      vertex 55.85410196624969 72.20633909777092 0
      vertex 55.85410196624969 72.20633909777092 25.298372866029855
      vertex 56.20874731610807 72.07865891532951 25.50810954126759
    endloop
  endfacet
  facet normal 1 0 0
    outer loop
      vertex 60 66.5 0
      vertex 60 66.5 27.804555427071122
      vertex 60 64.25 22.803072945277677
    endloop
  endfacet
  facet normal 0.397147890634808 0.9177546256839693 0
    outer loop
      vertex 56.20874731610807 72.07865891532951 0
      vertex 56.20874731610807 72.07865891532951 25.50810954126759
      vertex 56.554675749390434 71.92896231479611 25.712691046412985
    endloop
  endfacet
  facet normal 0.4539904997395319 0.8910065241883754 0
    outer loop
      vertex 56.89052204461029 71.75784008026318 0
      vertex 56.554675749390434 71.92896231479611 25.712691046412985
      vertex 56.89052204461029 71.75784008026318 25.911309991729627
    endloop
  endfacet
  facet normal 0.5090414157503723 0.860742027003943 0
    outer loop
      vertex 56.89052204461029 71.75784008026318 0
      vertex 56.89052204461029 71.75784008026318 25.911309991729627
      vertex 57.21496076987398 71.56596755301209 26.10318251898072
    endloop
  endfacet
  facet normal 0.9995065603657317 0.03141075907812506 0
    outer loop
      vertex 60 66.5 0
      vertex 59.98816037056963 66.87674311717588 27.804555427071122
      vertex 60 66.5 27.804555427071122
    endloop
  endfacet
  facet normal 0.9955619646030793 0.09410831331852024 0
    outer loop
      vertex 59.952688207886865 67.25199940138583 0
      vertex 59.952688207886865 67.25199940138583 27.804555427071122
      vertex 59.98816037056963 66.87674311717588 27.804555427071122
    endloop
  endfacet
  facet normal 0.987688340595133 0.15643446504026084 0
    outer loop
      vertex 59.952688207886865 67.25199940138583 0
      vertex 59.94246000673866 67.31657772187768 27.804555427071122
      vertex 59.952688207886865 67.25199940138583 27.804555427071122
    endloop
  endfacet
  facet normal 0.9876883405951391 0.15643446504022196 0
    outer loop
      vertex 59.89372350437213 67.62428788751434 0
      vertex 59.89372350437213 67.62428788751434 27.771434134264908
      vertex 59.94246000673866 67.31657772187768 27.804555427071122
    endloop
  endfacet
  facet normal 0.9759167619387479 0.21814324139654018 0
    outer loop
      vertex 59.81149896677179 67.99213932298913 0
      vertex 59.81149896677179 67.99213932298913 27.715554396214877
      vertex 59.89372350437213 67.62428788751434 27.771434134264908
    endloop
  endfacet
  facet normal 0.6129070536529768 0.7901550123756902 0
    outer loop
      vertex 57.52671151375484 71.35410196624969 0
      vertex 57.52671151375484 71.35410196624969 26.28755139495942
      vertex 57.82454393849214 71.12307945665474 26.463688999942367
    endloop
  endfacet
  facet normal 0.6613118653236554 0.7501110696304565 0
    outer loop
      vertex 57.82454393849214 71.12307945665474 0
      vertex 57.82454393849214 71.12307945665474 26.463688999942367
      vertex 58.10728263557213 70.87381176452847 26.630900199272308
    endloop
  endfacet
  facet normal 0.5620833778521219 0.8270805742745677 0
    outer loop
      vertex 57.52671151375484 71.35410196624969 0
      vertex 57.21496076987398 71.56596755301209 26.10318251898072
      vertex 57.52671151375484 71.35410196624969 26.28755139495942
    endloop
  endfacet
  facet normal 0.7901550123756972 0.6129070536529676 0
    outer loop
      vertex 58.85410196624969 70.02671151375483 0
      vertex 58.623079456654736 70.32454393849214 26.935941588917647
      vertex 58.85410196624969 70.02671151375483 27.07256792022827
    endloop
  endfacet
  facet normal 0.8270805742745639 0.5620833778521275 -5.302276905427213e-17
    outer loop
      vertex 58.85410196624969 70.02671151375483 0
      vertex 58.94094744768958 69.89892226843516 27.123928194778316
      vertex 59.06596755301209 69.71496076987398 27.208891770619445
    endloop
  endfacet
  facet normal 0.8270805742745586 0.5620833778521352 0
    outer loop
      vertex 58.85410196624969 70.02671151375483 0
      vertex 58.85410196624969 70.02671151375483 27.07256792022827
      vertex 58.94094744768958 69.89892226843516 27.123928194778316
    endloop
  endfacet
  facet normal 0.860742027003943 0.5090414157503723 0
    outer loop
      vertex 59.06596755301209 69.71496076987398 0
      vertex 59.06596755301209 69.71496076987398 27.208891770619445
      vertex 59.25784008026318 69.3905220446103 27.339288205487854
    endloop
  endfacet
  facet normal 0.7071067811865476 0.7071067811865476 0
    outer loop
      vertex 58.37381176452847 70.60728263557213 0
      vertex 58.10728263557213 70.87381176452847 26.630900199272308
      vertex 58.37381176452847 70.60728263557213 26.78852508673702
    endloop
  endfacet
  facet normal 0.7501110696304565 0.6613118653236554 0
    outer loop
      vertex 58.623079456654736 70.32454393849214 0
      vertex 58.37381176452847 70.60728263557213 26.78852508673702
      vertex 58.623079456654736 70.32454393849214 26.935941588917647
    endloop
  endfacet
  facet normal 0.9177546256839831 0.39714789063477623 0
    outer loop
      vertex 59.42896231479612 69.05467574939044 0
      vertex 59.42896231479612 69.05467574939044 27.455582755987052
      vertex 59.578658915329505 68.70874731610807 27.55731646065614
    endloop
  endfacet
  facet normal 0.9602936856769433 0.2789911060392287 0
    outer loop
      vertex 59.70633909777092 68.35410196624969 0
      vertex 59.70633909777092 68.35410196624969 27.644087823040508
      vertex 59.81149896677179 67.99213932298913 27.715554396214877
    endloop
  endfacet
  facet normal 0.9408807689542239 0.33873792024529603 0
    outer loop
      vertex 59.578658915329505 68.70874731610807 0
      vertex 59.578658915329505 68.70874731610807 27.55731646065614
      vertex 59.70633909777092 68.35410196624969 27.644087823040508
    endloop
  endfacet
  facet normal 0.8910065241883639 0.4539904997395545 0
    outer loop
      vertex 59.25784008026318 69.3905220446103 0
      vertex 59.25784008026318 69.3905220446103 27.339288205487854
      vertex 59.42896231479612 69.05467574939044 27.455582755987052
    endloop
  endfacet
  facet normal 0 0 1
    outer loop
      vertex 60 66.5 27.804555427071122
      vertex 59.98816037056963 66.87674311717588 27.804555427071122
      vertex 59.952688207886865 67.25199940138583 27.804555427071122
    endloop
  endfacet
  facet normal -0.7996109946554075 0 0.6005183238055188
    outer loop
      vertex 45.12540627160137 -64.25 0
      vertex 60 -64.25 19.80603790886457
      vertex 45.12540627160137 -53.75 0
    endloop
  endfacet
  facet normal 0 -1 0
    outer loop
      vertex 45.12540627160137 -53.75 0
      vertex 60 -53.75 19.80603790886457
      vertex 42.87459372839864 -53.75 0
    endloop
  endfacet
  facet normal 0 1 0
    outer loop
      vertex 42.87459372839864 -64.25 0
      vertex 60 -64.25 22.803072945277677
      vertex 45.12540627160137 -64.25 0
    endloop
  endfacet
  facet normal 0.7996109946554075 0 -0.6005183238055186
    outer loop
      vertex 42.87459372839864 -64.25 0
      vertex 42.87459372839864 -53.75 0
      vertex 60 -53.75 22.803072945277677
    endloop
  endfacet
  facet normal -0.7996109946554075 0 0.6005183238055188
    outer loop
      vertex 45.12540627160137 -53.75 0
      vertex 60 -64.25 19.80603790886457
      vertex 60 -53.75 19.80603790886457
    endloop
  endfacet
  facet normal 0 1 0
    outer loop
      vertex 45.12540627160137 -64.25 0
      vertex 60 -64.25 22.803072945277677
      vertex 60 -64.25 19.80603790886457
    endloop
  endfacet
  facet normal 0.7996109946554075 0 -0.6005183238055186
    outer loop
      vertex 42.87459372839864 -64.25 0
      vertex 60 -53.75 22.803072945277677
      vertex 60 -64.25 22.803072945277677
    endloop
  endfacet
  facet normal 0 -1 0
    outer loop
      vertex 60 -53.75 19.80603790886457
      vertex 60 -53.75 22.803072945277677
      vertex 42.87459372839864 -53.75 0
    endloop
  endfacet
  facet normal -0.7996109946554075 0 0.6005183238055188
    outer loop
      vertex 45.12540627160137 53.75 0
      vertex 60 53.75 19.80603790886457
      vertex 45.12540627160137 64.25 0
    endloop
  endfacet
  facet normal 0 -1 0
    outer loop
      vertex 45.12540627160137 64.25 0
      vertex 60 64.25 19.80603790886457
      vertex 42.87459372839864 64.25 0
    endloop
  endfacet
  facet normal 0 1 0
    outer loop
      vertex 42.87459372839864 53.75 0
      vertex 60 53.75 22.803072945277677
      vertex 45.12540627160137 53.75 0
    endloop
  endfacet
  facet normal 0.7996109946554075 0 -0.6005183238055186
    outer loop
      vertex 42.87459372839864 53.75 0
      vertex 42.87459372839864 64.25 0
      vertex 60 64.25 22.803072945277677
    endloop
  endfacet
  facet normal -0.7996109946554075 0 0.6005183238055188
    outer loop
      vertex 45.12540627160137 64.25 0
      vertex 60 53.75 19.80603790886457
      vertex 60 64.25 19.80603790886457
    endloop
  endfacet
  facet normal 0 1 0
    outer loop
      vertex 45.12540627160137 53.75 0
      vertex 60 53.75 22.803072945277677
      vertex 60 53.75 19.80603790886457
    endloop
  endfacet
  facet normal 0.7996109946554075 0 -0.6005183238055186
    outer loop
      vertex 42.87459372839864 53.75 0
      vertex 60 64.25 22.803072945277677
      vertex 60 53.75 22.803072945277677
    endloop
  endfacet
  facet normal 0 -1 0
    outer loop
      vertex 60 64.25 19.80603790886457
      vertex 60 64.25 22.803072945277677
      vertex 42.87459372839864 64.25 0
    endloop
  endfacet
  facet normal 0 1 0
    outer loop
      vertex -42.87459372839864 -64.25 0
      vertex -45.12540627160137 -64.25 0
      vertex -60 -64.25 19.80603790886457
    endloop
  endfacet
  facet normal 0.7996109946554075 0 0.6005183238055188
    outer loop
      vertex -45.12540627160137 -64.25 0
      vertex -45.12540627160137 -53.75 0
      vertex -60 -53.75 19.80603790886457
    endloop
  endfacet
  facet normal -0.7996109946554075 0 -0.6005183238055186
    outer loop
      vertex -42.87459372839864 -64.25 0
      vertex -60 -64.25 22.803072945277677
      vertex -42.87459372839864 -53.75 0
    endloop
  endfacet
  facet normal 0.7996109946554075 0 0.6005183238055188
    outer loop
      vertex -45.12540627160137 -64.25 0
      vertex -60 -53.75 19.80603790886457
      vertex -60 -64.25 19.80603790886457
    endloop
  endfacet
  facet normal 0 -1 0
    outer loop
      vertex -45.12540627160137 -53.75 0
      vertex -42.87459372839864 -53.75 0
      vertex -60 -53.75 22.803072945277677
    endloop
  endfacet
  facet normal 0 1 0
    outer loop
      vertex -60 -64.25 19.80603790886457
      vertex -60 -64.25 22.803072945277677
      vertex -42.87459372839864 -64.25 0
    endloop
  endfacet
  facet normal -0.7996109946554075 0 -0.6005183238055186
    outer loop
      vertex -42.87459372839864 -53.75 0
      vertex -60 -64.25 22.803072945277677
      vertex -60 -53.75 22.803072945277677
    endloop
  endfacet
  facet normal 0 -1 0
    outer loop
      vertex -45.12540627160137 -53.75 0
      vertex -60 -53.75 22.803072945277677
      vertex -60 -53.75 19.80603790886457
    endloop
  endfacet
  facet normal 0 1 0
    outer loop
      vertex -42.87459372839864 53.75 0
      vertex -45.12540627160137 53.75 0
      vertex -60 53.75 19.80603790886457
    endloop
  endfacet
  facet normal 0.7996109946554075 0 0.6005183238055188
    outer loop
      vertex -45.12540627160137 53.75 0
      vertex -45.12540627160137 64.25 0
      vertex -60 64.25 19.80603790886457
    endloop
  endfacet
  facet normal -0.7996109946554075 0 -0.6005183238055186
    outer loop
      vertex -42.87459372839864 64.25 0
      vertex -42.87459372839864 53.75 0
      vertex -60 53.75 22.803072945277677
    endloop
  endfacet
  facet normal 0 -1 0
    outer loop
      vertex -60 64.25 22.803072945277677
      vertex -45.12540627160137 64.25 0
      vertex -42.87459372839864 64.25 0
    endloop
  endfacet
  facet normal 0.7996109946554075 0 0.6005183238055188
    outer loop
      vertex -45.12540627160137 53.75 0
      vertex -60 64.25 19.80603790886457
      vertex -60 53.75 19.80603790886457
    endloop
  endfacet
  facet normal 0 1 0
    outer loop
      vertex -60 53.75 19.80603790886457
      vertex -60 53.75 22.803072945277677
      vertex -42.87459372839864 53.75 0
    endloop
  endfacet
  facet normal -0.7996109946554075 0 -0.6005183238055186
    outer loop
      vertex -60 53.75 22.803072945277677
      vertex -60 64.25 22.803072945277677
      vertex -42.87459372839864 64.25 0
    endloop
  endfacet
  facet normal 0 -1 0
    outer loop
      vertex -60 64.25 22.803072945277677
      vertex -60 64.25 19.80603790886457
      vertex -45.12540627160137 64.25 0
    endloop
  endfacet
  facet normal 0.21814324139654295 0 0.9759167619387473
    outer loop
      vertex -27.355887588134035 -72.5 13.455852275850589
      vertex -20.61194460442973 -72.5 11.948402419844257
      vertex -20.61194460442973 72.5 11.948402419844257
    endloop
  endfacet
  facet normal 0.15643446504023314 0 0.9876883405951373
    outer loop
      vertex -20.61194460442973 -72.5 11.948402419844257
      vertex -13.786655692073447 -72.5 10.867382855407428
      vertex -13.786655692073447 72.5 10.867382855407428
    endloop
  endfacet
  facet normal 0.03141075907812873 0 0.9995065603657315
    outer loop
      vertex 0 72.5 10
      vertex -6.906957148224514 -72.5 10.217059872890133
      vertex 0 -72.5 10
    endloop
  endfacet
  facet normal 0.09410831331851299 0 0.9955619646030802
    outer loop
      vertex -13.786655692073447 -72.5 10.867382855407428
      vertex -6.906957148224514 -72.5 10.217059872890133
      vertex -6.906957148224514 72.5 10.217059872890133
    endloop
  endfacet
  facet normal 0.33873792024528976 0 0.9408807689542261
    outer loop
      vertex -40.49370079531457 -72.5 17.724586552292337
      vertex -33.991869381244214 -72.5 15.383783207533114
      vertex -33.991869381244214 72.5 15.383783207533114
    endloop
  endfacet
  facet normal 0.3971478906347822 0 0.9177546256839805
    outer loop
      vertex -46.83572207215797 -72.5 20.46902422873785
      vertex -40.49370079531457 -72.5 17.724586552292337
      vertex -40.49370079531457 72.5 17.724586552292337
    endloop
  endfacet
  facet normal 0.509041415750373 0 0.8607420270039426
    outer loop
      vertex -54 -72.5 24.201860019863275
      vertex -52.99290415118869 -72.5 23.606265195175013
      vertex -52.99290415118869 72.5 23.606265195175013
    endloop
  endfacet
  facet normal 0.5090414157503682 4.459799210454832e-17 0.8607420270039454
    outer loop
      vertex -54.376743117175884 -72.48816037056963 24.42466527826219
      vertex -54 -72.5 24.201860019863275
      vertex -52.99290415118869 72.5 23.606265195175013
    endloop
  endfacet
  facet normal 0.5090414157503752 -4.5625162074349875e-17 0.8607420270039413
    outer loop
      vertex -54.751999401385824 -72.45268820788687 24.64659122609624
      vertex -54.376743117175884 -72.48816037056963 24.42466527826219
      vertex -52.99290415118869 72.5 23.606265195175013
    endloop
  endfacet
  facet normal 0.453990499739546 0 0.8910065241883682
    outer loop
      vertex -52.99290415118869 -72.5 23.606265195175013
      vertex -46.83572207215797 -72.5 20.46902422873785
      vertex -46.83572207215797 72.5 20.46902422873785
    endloop
  endfacet
  facet normal 0.5090414157503695 1.0741831774386904e-16 0.8607420270039445
    outer loop
      vertex -58.10728263557213 -70.87381176452847 26.63090019927231
      vertex -57.82454393849214 -71.12307945665474 26.46368899994237
      vertex -52.99290415118869 72.5 23.606265195175013
    endloop
  endfacet
  facet normal 0.5090414157503703 7.243824150564706e-17 0.8607420270039442
    outer loop
      vertex -58.10728263557213 -70.87381176452847 26.63090019927231
      vertex -52.99290415118869 72.5 23.606265195175013
      vertex -58.37381176452847 -70.60728263557213 26.788525086737025
    endloop
  endfacet
  facet normal 0.5090414157503724 -3.59703979770062e-17 0.860742027003943
    outer loop
      vertex -58.37381176452847 -70.60728263557213 26.788525086737025
      vertex -52.99290415118869 72.5 23.606265195175013
      vertex -58.623079456654736 -70.32454393849214 26.93594158891765
    endloop
  endfacet
  facet normal 0.5090414157503736 -9.370798104537307e-17 0.8607420270039424
    outer loop
      vertex -58.623079456654736 -70.32454393849214 26.93594158891765
      vertex -52.99290415118869 72.5 23.606265195175013
      vertex -58.85410196624969 -70.02671151375483 27.072567920228273
    endloop
  endfacet
  facet normal 0.5090414157503725 -1.2509317109276631e-17 0.860742027003943
    outer loop
      vertex -55.49213932298913 -72.31149896677178 25.08430875553737
      vertex -55.12428788751435 -72.39372350437213 24.866762023037655
      vertex -52.99290415118869 72.5 23.606265195175013
    endloop
  endfacet
  facet normal 0.5090414157503714 1.451223437313004e-17 0.8607420270039436
    outer loop
      vertex -55.85410196624969 -72.20633909777092 25.298372866029858
      vertex -55.49213932298913 -72.31149896677178 25.08430875553737
      vertex -52.99290415118869 72.5 23.606265195175013
    endloop
  endfacet
  facet normal 0.5090414157503735 -6.61521864172954e-17 0.8607420270039424
    outer loop
      vertex -56.89052204461029 -71.75784008026318 25.91130999172963
      vertex -56.554675749390434 -71.92896231479612 25.712691046412985
      vertex -52.99290415118869 72.5 23.606265195175013
    endloop
  endfacet
  facet normal 0.5090414157503726 -1.8489315399560162e-17 0.8607420270039429
    outer loop
      vertex -55.85410196624969 -72.20633909777092 25.298372866029858
      vertex -52.99290415118869 72.5 23.606265195175013
      vertex -56.20874731610807 -72.07865891532951 25.508109541267594
    endloop
  endfacet
  facet normal 0.5090414157503669 1.5518380423747196e-16 0.8607420270039463
    outer loop
      vertex -56.20874731610807 -72.07865891532951 25.508109541267594
      vertex -52.99290415118869 72.5 23.606265195175013
      vertex -56.554675749390434 -71.92896231479612 25.712691046412985
    endloop
  endfacet
  facet normal 0.5090414157503698 4.418587023093943e-17 0.8607420270039445
    outer loop
      vertex -55.12428788751435 -72.39372350437213 24.866762023037655
      vertex -54.751999401385824 -72.45268820788687 24.64659122609624
      vertex -52.99290415118869 72.5 23.606265195175013
    endloop
  endfacet
  facet normal 0.5090414157503729 -4.380956759859397e-17 0.8607420270039426
    outer loop
      vertex -57.52671151375484 -71.35410196624969 26.287551394959422
      vertex -57.21496076987398 -71.56596755301209 26.103182518980724
      vertex -52.99290415118869 72.5 23.606265195175013
    endloop
  endfacet
  facet normal 0.5090414157503723 -2.41161398221648e-17 0.8607420270039431
    outer loop
      vertex -56.89052204461029 -71.75784008026318 25.91130999172963
      vertex -52.99290415118869 72.5 23.606265195175013
      vertex -57.21496076987398 -71.56596755301209 26.103182518980724
    endloop
  endfacet
  facet normal 0.5090414157503735 -7.402501280538694e-17 0.8607420270039423
    outer loop
      vertex -57.52671151375484 -71.35410196624969 26.287551394959422
      vertex -52.99290415118869 72.5 23.606265195175013
      vertex -57.82454393849214 -71.12307945665474 26.46368899994237
    endloop
  endfacet
  facet normal 0.5090414157503711 0 0.8607420270039438
    outer loop
      vertex -58.85410196624969 -70.02671151375483 27.072567920228273
      vertex -58.85410196624969 70.02671151375483 27.072567920228273
      vertex -58.940947447689645 -69.89892226843506 27.123928194778358
    endloop
  endfacet
  facet normal 0.5620833778521271 -4.396305813678451e-17 0.827080574274564
    outer loop
      vertex -59.06596755301209 -69.71496076987398 27.208891770619445
      vertex -58.940947447689645 -69.89892226843506 27.123928194778358
      vertex -59.94246000673866 67.31657772187768 27.804555427071122
    endloop
  endfacet
  facet normal 0.562083377852131 -8.385153985980119e-18 0.8270805742745615
    outer loop
      vertex -59.25784008026318 -69.3905220446103 27.339288205487854
      vertex -59.06596755301209 -69.71496076987398 27.208891770619445
      vertex -59.94246000673866 67.31657772187768 27.804555427071122
    endloop
  endfacet
  facet normal 0.5620833778521338 1.1892452452526156e-17 0.8270805742745597
    outer loop
      vertex -59.25784008026318 -69.3905220446103 27.339288205487854
      vertex -59.94246000673866 67.31657772187768 27.804555427071122
      vertex -59.42896231479612 -69.05467574939044 27.455582755987052
    endloop
  endfacet
  facet normal 0.5620833778521204 -6.210733966096838e-17 0.8270805742745688
    outer loop
      vertex -59.57865891532951 -68.70874731610807 27.557316460656143
      vertex -59.42896231479612 -69.05467574939044 27.455582755987052
      vertex -59.94246000673866 67.31657772187768 27.804555427071122
    endloop
  endfacet
  facet normal 0.5620833778521307 -2.163946205872293e-17 0.8270805742745618
    outer loop
      vertex -59.57865891532951 -68.70874731610807 27.557316460656143
      vertex -59.94246000673866 67.31657772187768 27.804555427071122
      vertex -59.70633909777092 -68.35410196624969 27.644087823040504
    endloop
  endfacet
  facet normal 0.5620833778521422 7.68891555091904e-18 0.8270805742745538
    outer loop
      vertex -59.70633909777092 -68.35410196624969 27.644087823040504
      vertex -59.94246000673866 67.31657772187768 27.804555427071122
      vertex -59.81149896677179 -67.99213932298913 27.715554396214877
    endloop
  endfacet
  facet normal 0.5620833778521249 -1.677278594810032e-17 0.8270805742745657
    outer loop
      vertex -59.89372350437213 -67.62428788751436 27.771434134264908
      vertex -59.81149896677179 -67.99213932298913 27.715554396214877
      vertex -59.94246000673866 67.31657772187768 27.804555427071122
    endloop
  endfacet
  facet normal 0.5620833778521567 0 0.8270805742745442
    outer loop
      vertex -59.89372350437213 -67.62428788751436 27.771434134264908
      vertex -59.94246000673866 67.31657772187768 27.804555427071122
      vertex -59.94246000673866 -67.31657772187768 27.804555427071122
    endloop
  endfacet
  facet normal 0.27899110603922894 0 0.9602936856769432
    outer loop
      vertex -33.991869381244214 -72.5 15.383783207533114
      vertex -27.355887588134035 -72.5 13.455852275850589
      vertex -27.355887588134035 72.5 13.455852275850589
    endloop
  endfacet
  facet normal 0.21814324139654295 0 0.9759167619387473
    outer loop
      vertex -27.355887588134035 -72.5 13.455852275850589
      vertex -20.61194460442973 72.5 11.948402419844257
      vertex -27.355887588134035 72.5 13.455852275850589
    endloop
  endfacet
  facet normal 0.15643446504023314 0 0.9876883405951373
    outer loop
      vertex -20.61194460442973 -72.5 11.948402419844257
      vertex -13.786655692073447 72.5 10.867382855407428
      vertex -20.61194460442973 72.5 11.948402419844257
    endloop
  endfacet
  facet normal 0.03141075907812873 0 0.9995065603657315
    outer loop
      vertex 0 72.5 10
      vertex -6.906957148224514 72.5 10.217059872890133
      vertex -6.906957148224514 -72.5 10.217059872890133
    endloop
  endfacet
  facet normal 0.09410831331851299 0 0.9955619646030802
    outer loop
      vertex -13.786655692073447 -72.5 10.867382855407428
      vertex -6.906957148224514 72.5 10.217059872890133
      vertex -13.786655692073447 72.5 10.867382855407428
    endloop
  endfacet
  facet normal 0.33873792024528976 0 0.9408807689542261
    outer loop
      vertex -40.49370079531457 -72.5 17.724586552292337
      vertex -33.991869381244214 72.5 15.383783207533114
      vertex -40.49370079531457 72.5 17.724586552292337
    endloop
  endfacet
  facet normal 0.27899110603922894 0 0.9602936856769432
    outer loop
      vertex -33.991869381244214 -72.5 15.383783207533114
      vertex -27.355887588134035 72.5 13.455852275850589
      vertex -33.991869381244214 72.5 15.383783207533114
    endloop
  endfacet
  facet normal 0.3971478906347822 0 0.9177546256839805
    outer loop
      vertex -46.83572207215797 -72.5 20.46902422873785
      vertex -40.49370079531457 72.5 17.724586552292337
      vertex -46.83572207215797 72.5 20.46902422873785
    endloop
  endfacet
  facet normal 0.453990499739546 0 0.8910065241883682
    outer loop
      vertex -52.99290415118869 -72.5 23.606265195175013
      vertex -46.83572207215797 72.5 20.46902422873785
      vertex -52.99290415118869 72.5 23.606265195175013
    endloop
  endfacet
  facet normal 0.5090414157503714 9.338098246644197e-18 0.8607420270039435
    outer loop
      vertex -55.85410196624969 72.20633909777092 25.298372866029858
      vertex -58.85410196624969 -70.02671151375483 27.072567920228273
      vertex -55.49213932298913 72.31149896677178 25.08430875553737
    endloop
  endfacet
  facet normal 0.5090414157503725 -2.7521969720365863e-17 0.8607420270039429
    outer loop
      vertex -55.49213932298913 72.31149896677178 25.08430875553737
      vertex -58.85410196624969 -70.02671151375483 27.072567920228273
      vertex -55.12428788751435 72.39372350437213 24.866762023037655
    endloop
  endfacet
  facet normal 0.5090414157503726 -2.672556776311526e-17 0.8607420270039428
    outer loop
      vertex -55.85410196624969 72.20633909777092 25.298372866029858
      vertex -56.20874731610807 72.07865891532951 25.508109541267594
      vertex -58.85410196624969 -70.02671151375483 27.072567920228273
    endloop
  endfacet
  facet normal 0.509041415750373 -6.124970410710228e-17 0.8607420270039425
    outer loop
      vertex -54 72.5 24.201860019863275
      vertex -58.85410196624969 -70.02671151375483 27.072567920228273
      vertex -52.99290415118869 72.5 23.606265195175013
    endloop
  endfacet
  facet normal 0.5090414157503741 -9.857106224641935e-17 0.8607420270039421
    outer loop
      vertex -54.37674311717588 72.48816037056963 24.424665278262186
      vertex -54.751999401385824 72.45268820788687 24.64659122609624
      vertex -58.85410196624969 -70.02671151375483 27.072567920228273
    endloop
  endfacet
  facet normal 0.5090414157503693 1.068951426682753e-16 0.8607420270039449
    outer loop
      vertex -54 72.5 24.201860019863275
      vertex -54.37674311717588 72.48816037056963 24.424665278262186
      vertex -58.85410196624969 -70.02671151375483 27.072567920228273
    endloop
  endfacet
  facet normal 0.5090414157503697 7.239298253997598e-17 0.8607420270039445
    outer loop
      vertex -55.12428788751435 72.39372350437213 24.866762023037655
      vertex -58.85410196624969 -70.02671151375483 27.072567920228273
      vertex -54.751999401385824 72.45268820788687 24.64659122609624
    endloop
  endfacet
  facet normal 0.5620833778521319 5.9883668012132175e-18 0.8270805742745608
    outer loop
      vertex -59.94246000673866 67.31657772187768 27.804555427071122
      vertex -58.940947447689645 -69.89892226843506 27.123928194778358
      vertex -59.06596755301209 69.71496076987398 27.208891770619445
    endloop
  endfacet
  facet normal 0.5090414157503724 2.5655697724165544e-18 0.8607420270039429
    outer loop
      vertex -58.623079456654736 70.32454393849214 26.93594158891765
      vertex -58.85410196624969 -70.02671151375483 27.072567920228273
      vertex -58.37381176452847 70.60728263557213 26.788525086737025
    endloop
  endfacet
  facet normal 0.5090414157503695 1.8075103857745552e-17 0.8607420270039449
    outer loop
      vertex -58.10728263557213 70.87381176452847 26.63090019927231
      vertex -58.85410196624969 -70.02671151375483 27.072567920228273
      vertex -57.82454393849214 71.12307945665474 26.46368899994237
    endloop
  endfacet
  facet normal 0.5090414157503702 1.2790984805757962e-17 0.8607420270039443
    outer loop
      vertex -58.10728263557213 70.87381176452847 26.63090019927231
      vertex -58.37381176452847 70.60728263557213 26.788525086737025
      vertex -58.85410196624969 -70.02671151375483 27.072567920228273
    endloop
  endfacet
  facet normal 0.5090414157503669 1.1954433546452858e-16 0.8607420270039463
    outer loop
      vertex -56.554675749390434 71.92896231479611 25.712691046412985
      vertex -58.85410196624969 -70.02671151375483 27.072567920228273
      vertex -56.20874731610807 72.07865891532951 25.508109541267594
    endloop
  endfacet
  facet normal 0.5090414157503735 -2.6274384469029486e-17 0.8607420270039423
    outer loop
      vertex -56.89052204461029 71.75784008026318 25.91130999172963
      vertex -58.85410196624969 -70.02671151375483 27.072567920228273
      vertex -56.554675749390434 71.92896231479611 25.712691046412985
    endloop
  endfacet
  facet normal 0.509041415750373 -1.3092315104649005e-17 0.8607420270039428
    outer loop
      vertex -57.21496076987398 71.56596755301209 26.103182518980724
      vertex -57.52671151375484 71.35410196624969 26.287551394959422
      vertex -58.85410196624969 -70.02671151375483 27.072567920228273
    endloop
  endfacet
  facet normal 0.5090414157503723 -5.236405796616376e-18 0.860742027003943
    outer loop
      vertex -56.89052204461029 71.75784008026318 25.91130999172963
      vertex -57.21496076987398 71.56596755301209 26.103182518980724
      vertex -58.85410196624969 -70.02671151375483 27.072567920228273
    endloop
  endfacet
  facet normal 0.5090414157503736 -2.2860997741853552e-17 0.8607420270039422
    outer loop
      vertex -57.52671151375484 71.35410196624969 26.287551394959422
      vertex -57.82454393849214 71.12307945665474 26.46368899994237
      vertex -58.85410196624969 -70.02671151375483 27.072567920228273
    endloop
  endfacet
  facet normal 0.5090414157503735 0 0.8607420270039422
    outer loop
      vertex -58.623079456654736 70.32454393849214 26.93594158891765
      vertex -58.85410196624969 70.02671151375483 27.072567920228273
      vertex -58.85410196624969 -70.02671151375483 27.072567920228273
    endloop
  endfacet
  facet normal 0.5620833778521273 0 0.8270805742745642
    outer loop
      vertex -59.06596755301209 69.71496076987398 27.208891770619445
      vertex -58.940947447689645 -69.89892226843506 27.123928194778358
      vertex -58.940947447689645 69.89892226843506 27.123928194778358
    endloop
  endfacet
  facet normal 0.5090414157503711 0 0.8607420270039438
    outer loop
      vertex -58.85410196624969 70.02671151375483 27.072567920228273
      vertex -58.940947447689645 69.89892226843506 27.123928194778358
      vertex -58.940947447689645 -69.89892226843506 27.123928194778358
    endloop
  endfacet
  facet normal 0.562083377852048 2.5198354048613735e-14 0.8270805742746179
    outer loop
      vertex -59.94246000673866 67.31657772187768 27.804555427071122
      vertex -59.81149896677179 67.99213932298913 27.715554396214877
      vertex -59.89372350437213 67.62428788751436 27.771434134264908
    endloop
  endfacet
  facet normal 0.5620833778521532 -4.61278492654117e-15 0.8270805742745464
    outer loop
      vertex -59.94246000673866 67.31657772187768 27.804555427071122
      vertex -59.70633909777092 68.35410196624969 27.644087823040504
      vertex -59.81149896677179 67.99213932298913 27.715554396214877
    endloop
  endfacet
  facet normal 0.5620833778521367 -2.2042981449836488e-15 0.8270805742745577
    outer loop
      vertex -59.94246000673866 67.31657772187768 27.804555427071122
      vertex -59.25784008026318 69.3905220446103 27.339288205487854
      vertex -59.42896231479612 69.05467574939044 27.455582755987052
    endloop
  endfacet
  facet normal 0.5620833778521298 1.0445526538045339e-15 0.8270805742745623
    outer loop
      vertex -59.94246000673866 67.31657772187768 27.804555427071122
      vertex -59.06596755301209 69.71496076987398 27.208891770619445
      vertex -59.25784008026318 69.3905220446103 27.339288205487854
    endloop
  endfacet
  facet normal 0.5620833778521165 7.654842791428996e-15 0.8270805742745713
    outer loop
      vertex -59.94246000673866 67.31657772187768 27.804555427071122
      vertex -59.57865891532951 68.70874731610807 27.557316460656143
      vertex -59.70633909777092 68.35410196624969 27.644087823040504
    endloop
  endfacet
  facet normal 0.562083377852096 1.5294070216818268e-14 0.8270805742745854
    outer loop
      vertex -59.94246000673866 67.31657772187768 27.804555427071122
      vertex -59.42896231479612 69.05467574939044 27.455582755987052
      vertex -59.57865891532951 68.70874731610807 27.557316460656143
    endloop
  endfacet
  facet normal -0.03141075907812873 0 0.9995065603657315
    outer loop
      vertex 6.906957148224514 72.5 10.217059872890133
      vertex 0 -72.5 10
      vertex 6.906957148224514 -72.5 10.217059872890133
    endloop
  endfacet
  facet normal -0.09410831331851299 0 0.9955619646030802
    outer loop
      vertex 6.906957148224514 -72.5 10.217059872890133
      vertex 13.786655692073447 -72.5 10.867382855407428
      vertex 13.786655692073447 72.5 10.867382855407428
    endloop
  endfacet
  facet normal -0.15643446504023314 0 0.9876883405951373
    outer loop
      vertex 13.786655692073447 -72.5 10.867382855407428
      vertex 20.61194460442973 -72.5 11.948402419844257
      vertex 20.61194460442973 72.5 11.948402419844257
    endloop
  endfacet
  facet normal -0.2181432413965424 0 0.9759167619387474
    outer loop
      vertex 20.61194460442973 -72.5 11.948402419844257
      vertex 27.35588758813399 -72.5 13.455852275850575
      vertex 27.35588758813399 72.5 13.455852275850575
    endloop
  endfacet
  facet normal -0.5620833778521145 -8.617559393888237e-15 0.8270805742745727
    outer loop
      vertex 59.25784008026318 -69.3905220446103 27.339288205487854
      vertex 59.94246000673866 -67.31657772187768 27.804555427071122
      vertex 59.065967553012094 -69.71496076987398 27.208891770619452
    endloop
  endfacet
  facet normal -0.5620833778521367 2.158375266963155e-15 0.8270805742745576
    outer loop
      vertex 59.42896231479612 -69.05467574939044 27.455582755987052
      vertex 59.94246000673866 -67.31657772187768 27.804555427071122
      vertex 59.25784008026318 -69.3905220446103 27.339288205487854
    endloop
  endfacet
  facet normal -0.5620833778521115 -8.62029412220785e-15 0.8270805742745747
    outer loop
      vertex 59.578658915329505 -68.70874731610807 27.55731646065614
      vertex 59.94246000673866 -67.31657772187768 27.804555427071122
      vertex 59.42896231479612 -69.05467574939044 27.455582755987052
    endloop
  endfacet
  facet normal -0.5620833778521583 9.303578161888897e-15 0.827080574274543
    outer loop
      vertex 59.578658915329505 -68.70874731610807 27.55731646065614
      vertex 59.70633909777092 -68.35410196624969 27.644087823040508
      vertex 59.94246000673866 -67.31657772187768 27.804555427071122
    endloop
  endfacet
  facet normal -0.5620833778520954 -1.1653351393367717e-14 0.8270805742745856
    outer loop
      vertex 59.70633909777092 -68.35410196624969 27.644087823040508
      vertex 59.81149896677179 -67.99213932298913 27.715554396214877
      vertex 59.94246000673866 -67.31657772187768 27.804555427071122
    endloop
  endfacet
  facet normal -0.5620833778520476 -2.5198354048613732e-14 0.8270805742746181
    outer loop
      vertex 59.89372350437213 -67.62428788751436 27.771434134264908
      vertex 59.94246000673866 -67.31657772187768 27.804555427071122
      vertex 59.81149896677179 -67.99213932298913 27.715554396214877
    endloop
  endfacet
  facet normal -0.27899110603922905 0 0.9602936856769431
    outer loop
      vertex 27.35588758813399 -72.5 13.455852275850575
      vertex 33.991869381244214 -72.5 15.383783207533114
      vertex 33.991869381244214 72.5 15.383783207533114
    endloop
  endfacet
  facet normal -0.3387379202452907 0 0.9408807689542258
    outer loop
      vertex 33.991869381244214 -72.5 15.383783207533114
      vertex 40.49370079531462 -72.5 17.724586552292365
      vertex 40.49370079531462 72.5 17.724586552292365
    endloop
  endfacet
  facet normal -0.3971478906347818 0 0.9177546256839806
    outer loop
      vertex 40.49370079531462 -72.5 17.724586552292365
      vertex 46.83572207215797 -72.5 20.46902422873785
      vertex 46.83572207215797 72.5 20.46902422873785
    endloop
  endfacet
  facet normal -0.453990499739546 0 0.8910065241883682
    outer loop
      vertex 46.83572207215797 -72.5 20.46902422873785
      vertex 52.99290415118869 -72.5 23.606265195175013
      vertex 52.99290415118869 72.5 23.606265195175013
    endloop
  endfacet
  facet normal -0.5090414157503708 -3.994545920028416e-17 0.8607420270039439
    outer loop
      vertex 54 -72.5 24.201860019863272
      vertex 58.85410196624969 70.02671151375483 27.07256792022827
      vertex 52.99290415118869 -72.5 23.606265195175013
    endloop
  endfacet
  facet normal -0.5090414157503742 1.2114782835737597e-16 0.8607420270039419
    outer loop
      vertex 54.376743117175884 -72.48816037056963 24.42466527826219
      vertex 58.85410196624969 70.02671151375483 27.07256792022827
      vertex 54 -72.5 24.201860019863272
    endloop
  endfacet
  facet normal -0.5090414157503692 -9.31944588511622e-17 0.8607420270039449
    outer loop
      vertex 54.751999401385824 -72.45268820788687 24.646591226096238
      vertex 58.85410196624969 70.02671151375483 27.07256792022827
      vertex 54.376743117175884 -72.48816037056963 24.42466527826219
    endloop
  endfacet
  facet normal -0.5090414157503697 -7.239298253997598e-17 0.8607420270039445
    outer loop
      vertex 54.751999401385824 -72.45268820788687 24.646591226096238
      vertex 55.12428788751435 -72.39372350437213 24.86676202303765
      vertex 58.85410196624969 70.02671151375483 27.07256792022827
    endloop
  endfacet
  facet normal -0.5090414157503736 6.788752531023699e-17 0.8607420270039422
    outer loop
      vertex 55.492139322989125 -72.3114989667718 25.084308755537364
      vertex 58.85410196624969 70.02671151375483 27.07256792022827
      vertex 55.12428788751435 -72.39372350437213 24.86676202303765
    endloop
  endfacet
  facet normal -0.5090414157503703 -4.1087632285233716e-17 0.8607420270039442
    outer loop
      vertex 55.492139322989125 -72.3114989667718 25.084308755537364
      vertex 55.85410196624969 -72.20633909777092 25.298372866029855
      vertex 58.85410196624969 70.02671151375483 27.07256792022827
    endloop
  endfacet
  facet normal -0.5090414157503714 -5.726907377810301e-18 0.8607420270039435
    outer loop
      vertex 56.208747316108074 -72.07865891532951 25.508109541267594
      vertex 58.85410196624969 70.02671151375483 27.07256792022827
      vertex 55.85410196624969 -72.20633909777092 25.298372866029855
    endloop
  endfacet
  facet normal -0.5090414157503746 7.251049856045281e-17 0.8607420270039416
    outer loop
      vertex 56.208747316108074 -72.07865891532951 25.508109541267594
      vertex 56.554675749390434 -71.92896231479612 25.712691046412985
      vertex 58.85410196624969 70.02671151375483 27.07256792022827
    endloop
  endfacet
  facet normal -0.5090414157503668 -1.0105532488088316e-16 0.8607420270039463
    outer loop
      vertex 56.89052204461029 -71.75784008026318 25.911309991729627
      vertex 58.85410196624969 70.02671151375483 27.07256792022827
      vertex 56.554675749390434 -71.92896231479612 25.712691046412985
    endloop
  endfacet
  facet normal -0.5090414157503736 2.8276591301729034e-17 0.8607420270039423
    outer loop
      vertex 57.214960769873976 -71.56596755301209 26.103182518980717
      vertex 58.85410196624969 70.02671151375483 27.07256792022827
      vertex 56.89052204461029 -71.75784008026318 25.911309991729627
    endloop
  endfacet
  facet normal -0.5090414157503715 -3.273078776162179e-18 0.8607420270039434
    outer loop
      vertex 57.214960769873976 -71.56596755301209 26.103182518980717
      vertex 57.52671151375484 -71.35410196624969 26.28755139495942
      vertex 58.85410196624969 70.02671151375483 27.07256792022827
    endloop
  endfacet
  facet normal -0.5090414157503736 2.286099774185355e-17 0.8607420270039423
    outer loop
      vertex 57.82454393849214 -71.12307945665474 26.463688999942367
      vertex 58.85410196624969 70.02671151375483 27.07256792022827
      vertex 57.52671151375484 -71.35410196624969 26.28755139495942
    endloop
  endfacet
  facet normal -0.5090414157503695 -1.8075103857745552e-17 0.8607420270039446
    outer loop
      vertex 57.82454393849214 -71.12307945665474 26.463688999942367
      vertex 58.10728263557213 -70.87381176452847 26.630900199272308
      vertex 58.85410196624969 70.02671151375483 27.07256792022827
    endloop
  endfacet
  facet normal -0.5090414157503702 -1.2790984805757962e-17 0.8607420270039443
    outer loop
      vertex 58.10728263557213 -70.87381176452847 26.630900199272308
      vertex 58.37381176452847 -70.60728263557213 26.78852508673702
      vertex 58.85410196624969 70.02671151375483 27.07256792022827
    endloop
  endfacet
  facet normal -0.5090414157503724 -2.7366077572443244e-18 0.8607420270039429
    outer loop
      vertex 58.37381176452847 -70.60728263557213 26.78852508673702
      vertex 58.623079456654736 -70.32454393849214 26.935941588917647
      vertex 58.85410196624969 70.02671151375483 27.07256792022827
    endloop
  endfacet
  facet normal -0.5090414157503735 0 0.8607420270039422
    outer loop
      vertex 58.623079456654736 -70.32454393849214 26.935941588917647
      vertex 58.85410196624969 -70.02671151375483 27.07256792022827
      vertex 58.85410196624969 70.02671151375483 27.07256792022827
    endloop
  endfacet
  facet normal -0.5090414157503619 0 0.8607420270039493
    outer loop
      vertex 58.85410196624969 -70.02671151375483 27.07256792022827
      vertex 58.94094744768958 -69.89892226843516 27.123928194778316
      vertex 58.94094744768958 69.89892226843516 27.123928194778316
    endloop
  endfacet
  facet normal -0.5620833778521339 0 0.8270805742745597
    outer loop
      vertex 59.065967553012094 -69.71496076987398 27.208891770619452
      vertex 58.94094744768958 69.89892226843516 27.123928194778316
      vertex 58.94094744768958 -69.89892226843516 27.123928194778316
    endloop
  endfacet
  facet normal -0.5620833778521305 4.397706869640989e-18 0.8270805742745619
    outer loop
      vertex 59.065967553012094 -69.71496076987398 27.208891770619452
      vertex 59.94246000673866 -67.31657772187768 27.804555427071122
      vertex 58.94094744768958 69.89892226843516 27.123928194778316
    endloop
  endfacet
  facet normal -0.03141075907812873 0 0.9995065603657315
    outer loop
      vertex 6.906957148224514 72.5 10.217059872890133
      vertex 0 72.5 10
      vertex 0 -72.5 10
    endloop
  endfacet
  facet normal -0.09410831331851299 0 0.9955619646030802
    outer loop
      vertex 13.786655692073447 72.5 10.867382855407428
      vertex 6.906957148224514 72.5 10.217059872890133
      vertex 6.906957148224514 -72.5 10.217059872890133
    endloop
  endfacet
  facet normal -0.15643446504023314 0 0.9876883405951373
    outer loop
      vertex 13.786655692073447 -72.5 10.867382855407428
      vertex 20.61194460442973 72.5 11.948402419844257
      vertex 13.786655692073447 72.5 10.867382855407428
    endloop
  endfacet
  facet normal -0.2181432413965424 0 0.9759167619387474
    outer loop
      vertex 20.61194460442973 -72.5 11.948402419844257
      vertex 27.35588758813399 72.5 13.455852275850575
      vertex 20.61194460442973 72.5 11.948402419844257
    endloop
  endfacet
  facet normal -0.27899110603922905 0 0.9602936856769431
    outer loop
      vertex 27.35588758813399 -72.5 13.455852275850575
      vertex 33.991869381244214 72.5 15.383783207533114
      vertex 27.35588758813399 72.5 13.455852275850575
    endloop
  endfacet
  facet normal -0.3387379202452907 0 0.9408807689542258
    outer loop
      vertex 33.991869381244214 -72.5 15.383783207533114
      vertex 40.49370079531462 72.5 17.724586552292365
      vertex 33.991869381244214 72.5 15.383783207533114
    endloop
  endfacet
  facet normal -0.3971478906347818 0 0.9177546256839806
    outer loop
      vertex 40.49370079531462 -72.5 17.724586552292365
      vertex 46.83572207215797 72.5 20.46902422873785
      vertex 40.49370079531462 72.5 17.724586552292365
    endloop
  endfacet
  facet normal -0.453990499739546 0 0.8910065241883682
    outer loop
      vertex 46.83572207215797 -72.5 20.46902422873785
      vertex 52.99290415118869 72.5 23.606265195175013
      vertex 46.83572207215797 72.5 20.46902422873785
    endloop
  endfacet
  facet normal -0.5090414157503708 0 0.860742027003944
    outer loop
      vertex 54 72.5 24.201860019863272
      vertex 52.99290415118869 72.5 23.606265195175013
      vertex 52.99290415118869 -72.5 23.606265195175013
    endloop
  endfacet
  facet normal -0.5090414157503753 4.3286286454415154e-17 0.8607420270039412
    outer loop
      vertex 54 72.5 24.201860019863272
      vertex 52.99290415118869 -72.5 23.606265195175013
      vertex 54.37674311717588 72.48816037056963 24.424665278262186
    endloop
  endfacet
  facet normal -0.5090414157503681 -5.001219688919051e-17 0.8607420270039455
    outer loop
      vertex 54.751999401385824 72.45268820788687 24.646591226096238
      vertex 54.37674311717588 72.48816037056963 24.424665278262186
      vertex 52.99290415118869 -72.5 23.606265195175013
    endloop
  endfacet
  facet normal -0.5090414157503698 -2.2976652520088504e-17 0.8607420270039445
    outer loop
      vertex 54.751999401385824 72.45268820788687 24.646591226096238
      vertex 52.99290415118869 -72.5 23.606265195175013
      vertex 55.12428788751435 72.39372350437213 24.86676202303765
    endloop
  endfacet
  facet normal -0.5090414157503725 3.395386072517943e-17 0.860742027003943
    outer loop
      vertex 55.49213932298913 72.31149896677178 25.084308755537368
      vertex 55.12428788751435 72.39372350437213 24.86676202303765
      vertex 52.99290415118869 -72.5 23.606265195175013
    endloop
  endfacet
  facet normal -0.5090414157503714 5.4420878899237654e-18 0.8607420270039436
    outer loop
      vertex 55.49213932298913 72.31149896677178 25.084308755537368
      vertex 52.99290415118869 -72.5 23.606265195175013
      vertex 55.85410196624969 72.20633909777092 25.298372866029855
    endloop
  endfacet
  facet normal -0.5090414157503726 3.882756233907634e-17 0.8607420270039429
    outer loop
      vertex 56.20874731610807 72.07865891532951 25.50810954126759
      vertex 55.85410196624969 72.20633909777092 25.298372866029855
      vertex 52.99290415118869 -72.5 23.606265195175013
    endloop
  endfacet
  facet normal -0.5090414157503734 6.055953336096435e-17 0.8607420270039424
    outer loop
      vertex 56.554675749390434 71.92896231479611 25.712691046412985
      vertex 56.20874731610807 72.07865891532951 25.50810954126759
      vertex 52.99290415118869 -72.5 23.606265195175013
    endloop
  endfacet
  facet normal -0.5090414157503668 -1.5759785587649875e-16 0.8607420270039463
    outer loop
      vertex 56.554675749390434 71.92896231479611 25.712691046412985
      vertex 52.99290415118869 -72.5 23.606265195175013
      vertex 56.89052204461029 71.75784008026318 25.911309991729627
    endloop
  endfacet
  facet normal -0.5090414157503723 4.421292300730213e-17 0.8607420270039431
    outer loop
      vertex 57.21496076987398 71.56596755301209 26.10318251898072
      vertex 56.89052204461029 71.75784008026318 25.911309991729627
      vertex 52.99290415118869 -72.5 23.606265195175013
    endloop
  endfacet
  facet normal -0.5090414157503729 6.467126645506729e-17 0.8607420270039426
    outer loop
      vertex 57.21496076987398 71.56596755301209 26.10318251898072
      vertex 52.99290415118869 -72.5 23.606265195175013
      vertex 57.52671151375484 71.35410196624969 26.28755139495942
    endloop
  endfacet
  facet normal -0.5090414157503736 9.579707539520663e-17 0.8607420270039423
    outer loop
      vertex 57.82454393849214 71.12307945665474 26.463688999942367
      vertex 57.52671151375484 71.35410196624969 26.28755139495942
      vertex 52.99290415118869 -72.5 23.606265195175013
    endloop
  endfacet
  facet normal -0.5090414157503735 1.1300080067236165e-16 0.8607420270039424
    outer loop
      vertex 58.623079456654736 70.32454393849214 26.935941588917647
      vertex 52.99290415118869 -72.5 23.606265195175013
      vertex 58.85410196624969 70.02671151375483 27.07256792022827
    endloop
  endfacet
  facet normal -0.5090414157503695 -8.684885264397921e-17 0.8607420270039445
    outer loop
      vertex 58.10728263557213 70.87381176452847 26.630900199272308
      vertex 57.82454393849214 71.12307945665474 26.463688999942367
      vertex 52.99290415118869 -72.5 23.606265195175013
    endloop
  endfacet
  facet normal -0.5090414157503702 -5.0706769053952943e-17 0.8607420270039442
    outer loop
      vertex 58.10728263557213 70.87381176452847 26.630900199272308
      vertex 52.99290415118869 -72.5 23.606265195175013
      vertex 58.37381176452847 70.60728263557213 26.78852508673702
    endloop
  endfacet
  facet normal -0.5090414157503724 5.652491110672402e-17 0.860742027003943
    outer loop
      vertex 58.37381176452847 70.60728263557213 26.78852508673702
      vertex 52.99290415118869 -72.5 23.606265195175013
      vertex 58.623079456654736 70.32454393849214 26.935941588917647
    endloop
  endfacet
  facet normal -0.5620833778521567 0 0.8270805742745442
    outer loop
      vertex 59.89372350437213 67.62428788751434 27.771434134264908
      vertex 59.94246000673866 -67.31657772187768 27.804555427071122
      vertex 59.94246000673866 67.31657772187768 27.804555427071122
    endloop
  endfacet
  facet normal -0.5090414157503619 0 0.8607420270039492
    outer loop
      vertex 58.85410196624969 -70.02671151375483 27.07256792022827
      vertex 58.94094744768958 69.89892226843516 27.123928194778316
      vertex 58.85410196624969 70.02671151375483 27.07256792022827
    endloop
  endfacet
  facet normal -0.5620833778521338 -1.1892452452526156e-17 0.8270805742745597
    outer loop
      vertex 59.25784008026318 69.3905220446103 27.339288205487854
      vertex 59.94246000673866 -67.31657772187768 27.804555427071122
      vertex 59.42896231479612 69.05467574939044 27.455582755987052
    endloop
  endfacet
  facet normal -0.5620833778521249 1.6772785948100322e-17 0.8270805742745656
    outer loop
      vertex 59.81149896677179 67.99213932298913 27.715554396214877
      vertex 59.94246000673866 -67.31657772187768 27.804555427071122
      vertex 59.89372350437213 67.62428788751434 27.771434134264908
    endloop
  endfacet
  facet normal -0.562083377852123 1.942462876021683e-17 0.8270805742745669
    outer loop
      vertex 59.81149896677179 67.99213932298913 27.715554396214877
      vertex 59.70633909777092 68.35410196624969 27.644087823040508
      vertex 59.94246000673866 -67.31657772187768 27.804555427071122
    endloop
  endfacet
  facet normal -0.5620833778521253 3.54493947836593e-17 0.8270805742745654
    outer loop
      vertex 59.42896231479612 69.05467574939044 27.455582755987052
      vertex 59.94246000673866 -67.31657772187768 27.804555427071122
      vertex 59.578658915329505 68.70874731610807 27.55731646065614
    endloop
  endfacet
  facet normal -0.5620833778521409 -2.6133811870917543e-17 0.8270805742745547
    outer loop
      vertex 59.70633909777092 68.35410196624969 27.644087823040508
      vertex 59.578658915329505 68.70874731610807 27.55731646065614
      vertex 59.94246000673866 -67.31657772187768 27.804555427071122
    endloop
  endfacet
  facet normal -0.562083377852131 8.385153985980119e-18 0.8270805742745615
    outer loop
      vertex 59.25784008026318 69.3905220446103 27.339288205487854
      vertex 59.06596755301209 69.71496076987398 27.208891770619445
      vertex 59.94246000673866 -67.31657772187768 27.804555427071122
    endloop
  endfacet
  facet normal -0.5620833778521235 7.913350464617194e-17 0.8270805742745668
    outer loop
      vertex 59.06596755301209 69.71496076987398 27.208891770619445
      vertex 58.94094744768958 69.89892226843516 27.123928194778316
      vertex 59.94246000673866 -67.31657772187768 27.804555427071122
    endloop
  endfacet
endsolid OpenSCAD_Model
